{"type":"FeatureCollection","features":[{"type":"Feature","properties":{"block_id":"7087","blk_no":"700","postal_code":"560700","region_id":"NER","region":"NORTH-EAST REGION","planning_area_id":"AM","planning_area":"ANG MO KIO","subzone_id":"AMSZ01","subzone":"ANG MO KIO TOWN CENTRE","lon":103.8467,"lat":1.3699,"property_match":"MATCHED","property_match_confidence":"HIGH","street":"ANG MO KIO AVE 6","residential":"N","year_completed":2000,"building_age_2026":26,"max_floor_lvl":5,"total_dwelling_units":0,"small_flat_share_pct":null,"rental_share_pct":null,"footprint_area_m2":1936.1,"estimated_residents_2026":0.0,"estimated_elderly_65plus_2026":0.0,"estimated_elderly_share_pct":null,"elderly_exposure_score":null,"elderly_exposure_class":null,"estimate_confidence":"HIGH","display_name":"Block 700"},"geometry":{"type":"Polygon","coordinates":[[[103.846459,1.369775],[103.84698,1.369839],[103.846944,1.370136],[103.846423,1.370071],[103.846427,1.369957],[103.846436,1.369958],[103.846459,1.369775]]]}},{"type":"Feature","properties":{"block_id":"3400","blk_no":"700A","postal_code":"561700","region_id":"NER","region":"NORTH-EAST REGION","planning_area_id":"AM","planning_area":"ANG MO KIO","subzone_id":"AMSZ01","subzone":"ANG MO KIO TOWN CENTRE","lon":103.8462,"lat":1.3699,"property_match":"MATCHED","property_match_confidence":"HIGH","street":"ANG MO KIO AVE 6","residential":"Y","year_completed":2001,"building_age_2026":25,"max_floor_lvl":25,"total_dwelling_units":144,"small_flat_share_pct":0.0,"rental_share_pct":0.0,"footprint_area_m2":843.8,"estimated_residents_2026":405.0,"estimated_elderly_65plus_2026":110.4,"estimated_elderly_share_pct":27.25,"elderly_exposure_score":91.3,"elderly_exposure_class":"VERY HIGH","estimate_confidence":"HIGH","display_name":"Block 700A"},"geometry":{"type":"Polygon","coordinates":[[[103.846144,1.369835],[103.84613,1.369831],[103.846127,1.369849],[103.846089,1.369846],[103.8461,1.369752],[103.846156,1.369759],[103.846155,1.369773],[103.84627,1.369787],[103.846271,1.369773],[103.846328,1.36978],[103.846316,1.369874],[103.846278,1.369868],[103.84628,1.369849],[103.846267,1.369848],[103.846263,1.369869],[103.846239,1.369866],[103.846237,1.36988],[103.846285,1.369886],[103.84628,1.369933],[103.846204,1.369929],[103.846202,1.369939],[103.846227,1.369942],[103.846227,1.369962],[103.846239,1.369963],[103.846242,1.369946],[103.846307,1.369952],[103.846298,1.370024],[103.846242,1.370017],[103.84624,1.370032],[103.846202,1.370028],[103.846192,1.370037],[103.845926,1.370004],[103.845918,1.369993],[103.84588,1.369988],[103.845881,1.369973],[103.845825,1.369966],[103.845834,1.369894],[103.845899,1.369903],[103.845897,1.369921],[103.845912,1.36992],[103.845914,1.369904],[103.845987,1.369913],[103.845985,1.369929],[103.846,1.369934],[103.846009,1.369916],[103.846129,1.36993],[103.846133,1.36995],[103.846146,1.369952],[103.846151,1.369933],[103.846172,1.369936],[103.846174,1.36992],[103.846145,1.369917],[103.84615,1.36987],[103.84618,1.369873],[103.846181,1.369859],[103.846142,1.369854],[103.846144,1.369835]]]}},{"type":"Feature","properties":{"block_id":"3071","blk_no":"700B","postal_code":"562700","region_id":"NER","region":"NORTH-EAST REGION","planning_area_id":"AM","planning_area":"ANG MO KIO","subzone_id":"AMSZ01","subzone":"ANG MO KIO TOWN CENTRE","lon":103.8459,"lat":1.3695,"property_match":"MATCHED","property_match_confidence":"HIGH","street":"ANG MO KIO AVE 6","residential":"Y","year_completed":2000,"building_age_2026":26,"max_floor_lvl":25,"total_dwelling_units":144,"small_flat_share_pct":0.0,"rental_share_pct":0.0,"footprint_area_m2":843.8,"estimated_residents_2026":405.0,"estimated_elderly_65plus_2026":110.4,"estimated_elderly_share_pct":27.25,"elderly_exposure_score":91.3,"elderly_exposure_class":"VERY HIGH","estimate_confidence":"HIGH","display_name":"Block 700B"},"geometry":{"type":"Polygon","coordinates":[[[103.845857,1.369448],[103.845916,1.369456],[103.845933,1.369452],[103.845934,1.369442],[103.84591,1.369439],[103.845909,1.36942],[103.845897,1.369419],[103.845895,1.369436],[103.84583,1.369429],[103.845838,1.369358],[103.845894,1.369365],[103.845896,1.369349],[103.845935,1.369354],[103.845936,1.369345],[103.846211,1.369378],[103.846218,1.369389],[103.846257,1.369394],[103.846255,1.369409],[103.846311,1.369416],[103.846302,1.369488],[103.846237,1.369478],[103.846239,1.369461],[103.846227,1.369459],[103.846222,1.369478],[103.846149,1.369469],[103.846151,1.369453],[103.846136,1.369448],[103.846127,1.369466],[103.846007,1.369451],[103.846003,1.369432],[103.845991,1.36943],[103.845986,1.369449],[103.845964,1.369446],[103.845962,1.369461],[103.845992,1.369465],[103.845986,1.369512],[103.845957,1.369508],[103.845955,1.369523],[103.845994,1.369528],[103.845993,1.369549],[103.846007,1.369551],[103.846009,1.369533],[103.846047,1.369536],[103.846036,1.369629],[103.84598,1.369622],[103.845982,1.369609],[103.845866,1.369595],[103.845865,1.369608],[103.845809,1.369601],[103.84582,1.369508],[103.845858,1.369514],[103.845856,1.369532],[103.845869,1.369534],[103.845874,1.369513],[103.845898,1.369516],[103.8459,1.369501],[103.845851,1.369495],[103.845857,1.369448]]]}},{"type":"Feature","properties":{"block_id":"5150","blk_no":"700C","postal_code":"563700","region_id":"NER","region":"NORTH-EAST REGION","planning_area_id":"AM","planning_area":"ANG MO KIO","subzone_id":"AMSZ01","subzone":"ANG MO KIO TOWN CENTRE","lon":103.8465,"lat":1.3695,"property_match":"MATCHED","property_match_confidence":"HIGH","street":"ANG MO KIO AVE 6","residential":"Y","year_completed":2000,"building_age_2026":26,"max_floor_lvl":25,"total_dwelling_units":120,"small_flat_share_pct":0.0,"rental_share_pct":0.0,"footprint_area_m2":747.7,"estimated_residents_2026":351.8,"estimated_elderly_65plus_2026":98.6,"estimated_elderly_share_pct":28.02,"elderly_exposure_score":87.0,"elderly_exposure_class":"VERY HIGH","estimate_confidence":"HIGH","display_name":"Block 700C"},"geometry":{"type":"Polygon","coordinates":[[[103.846419,1.369473],[103.846431,1.369379],[103.846487,1.369386],[103.846485,1.3694],[103.8466,1.369414],[103.846602,1.3694],[103.846658,1.369407],[103.846647,1.369501],[103.846608,1.369495],[103.846611,1.369476],[103.846595,1.369477],[103.846596,1.369511],[103.846617,1.369513],[103.846611,1.369561],[103.846554,1.369554],[103.846552,1.369568],[103.846574,1.369571],[103.846572,1.369587],[103.846587,1.369591],[103.846595,1.369573],[103.846678,1.369583],[103.846678,1.369605],[103.846691,1.369607],[103.846693,1.369587],[103.846759,1.369593],[103.846747,1.369688],[103.846605,1.369677],[103.846598,1.369665],[103.846558,1.369661],[103.846557,1.36967],[103.846509,1.369665],[103.846501,1.369656],[103.846511,1.369658],[103.846512,1.369647],[103.846456,1.36964],[103.846454,1.369652],[103.846398,1.369645],[103.846409,1.369552],[103.846448,1.369558],[103.846445,1.369577],[103.846459,1.369578],[103.846463,1.369557],[103.846487,1.36956],[103.846489,1.369546],[103.846478,1.369544],[103.846484,1.369497],[103.846495,1.369498],[103.846497,1.369484],[103.846472,1.369481],[103.846473,1.369459],[103.84646,1.369458],[103.846458,1.369476],[103.846419,1.369473]]]}},{"type":"Feature","properties":{"block_id":"5258","blk_no":"700D","postal_code":"564700","region_id":"NER","region":"NORTH-EAST REGION","planning_area_id":"AM","planning_area":"ANG MO KIO","subzone_id":"AMSZ01","subzone":"ANG MO KIO TOWN CENTRE","lon":103.8469,"lat":1.3697,"property_match":"MATCHED","property_match_confidence":"HIGH","street":"ANG MO KIO AVE 6","residential":"N","year_completed":2001,"building_age_2026":25,"max_floor_lvl":1,"total_dwelling_units":0,"small_flat_share_pct":null,"rental_share_pct":null,"footprint_area_m2":265.1,"estimated_residents_2026":0.0,"estimated_elderly_65plus_2026":0.0,"estimated_elderly_share_pct":null,"elderly_exposure_score":null,"elderly_exposure_class":null,"estimate_confidence":"HIGH","display_name":"Block 700D"},"geometry":{"type":"Polygon","coordinates":[[[103.847,1.36973],[103.846959,1.369797],[103.846776,1.369774],[103.846786,1.369692],[103.846764,1.369689],[103.846768,1.369659],[103.846894,1.369681],[103.847,1.36973]]]}},{"type":"Feature","properties":{"block_id":"8958","blk_no":"702","postal_code":"560702","region_id":"NER","region":"NORTH-EAST REGION","planning_area_id":"AM","planning_area":"ANG MO KIO","subzone_id":"AMSZ01","subzone":"ANG MO KIO TOWN CENTRE","lon":103.8476,"lat":1.3698,"property_match":"MATCHED","property_match_confidence":"HIGH","street":"ANG MO KIO AVE 8","residential":"Y","year_completed":1979,"building_age_2026":47,"max_floor_lvl":2,"total_dwelling_units":3,"small_flat_share_pct":100.0,"rental_share_pct":0.0,"footprint_area_m2":925.7,"estimated_residents_2026":6.7,"estimated_elderly_65plus_2026":1.9,"estimated_elderly_share_pct":28.95,"elderly_exposure_score":0.2,"elderly_exposure_class":"VERY LOW","estimate_confidence":"HIGH","display_name":"Block 702"},"geometry":{"type":"Polygon","coordinates":[[[103.84748,1.370047],[103.847549,1.369479],[103.847682,1.369496],[103.847656,1.369713],[103.847633,1.36971],[103.847629,1.369745],[103.847652,1.369748],[103.847642,1.369834],[103.847618,1.369831],[103.847615,1.369856],[103.847638,1.369859],[103.847628,1.369942],[103.847605,1.369939],[103.847602,1.369962],[103.847626,1.369965],[103.847615,1.370051],[103.847592,1.370048],[103.84759,1.37006],[103.84748,1.370047]]]}},{"type":"Feature","properties":{"block_id":"6367","blk_no":"703","postal_code":"560703","region_id":"NER","region":"NORTH-EAST REGION","planning_area_id":"AM","planning_area":"ANG MO KIO","subzone_id":"AMSZ01","subzone":"ANG MO KIO TOWN CENTRE","lon":103.8473,"lat":1.3697,"property_match":"MATCHED","property_match_confidence":"HIGH","street":"ANG MO KIO AVE 8","residential":"N","year_completed":1979,"building_age_2026":47,"max_floor_lvl":2,"total_dwelling_units":0,"small_flat_share_pct":null,"rental_share_pct":null,"footprint_area_m2":763.1,"estimated_residents_2026":0.0,"estimated_elderly_65plus_2026":0.0,"estimated_elderly_share_pct":null,"elderly_exposure_score":null,"elderly_exposure_class":null,"estimate_confidence":"HIGH","display_name":"Block 703"},"geometry":{"type":"Polygon","coordinates":[[[103.847284,1.369521],[103.847412,1.369538],[103.847356,1.370029],[103.847253,1.370015],[103.847254,1.370005],[103.847226,1.370001],[103.847237,1.369917],[103.847263,1.36992],[103.847266,1.369893],[103.847239,1.36989],[103.84725,1.369807],[103.847275,1.369811],[103.847278,1.369787],[103.847252,1.369784],[103.847263,1.369699],[103.847288,1.369702],[103.847291,1.369679],[103.847262,1.369675],[103.847273,1.36959],[103.847299,1.369594],[103.847302,1.369569],[103.847278,1.369566],[103.847284,1.369521]]]}},{"type":"Feature","properties":{"block_id":"7079","blk_no":"704","postal_code":"560704","region_id":"NER","region":"NORTH-EAST REGION","planning_area_id":"AM","planning_area":"ANG MO KIO","subzone_id":"AMSZ01","subzone":"ANG MO KIO TOWN CENTRE","lon":103.8473,"lat":1.3704,"property_match":"MATCHED","property_match_confidence":"HIGH","street":"ANG MO KIO AVE 8","residential":"Y","year_completed":1979,"building_age_2026":47,"max_floor_lvl":4,"total_dwelling_units":19,"small_flat_share_pct":100.0,"rental_share_pct":0.0,"footprint_area_m2":735.7,"estimated_residents_2026":42.5,"estimated_elderly_65plus_2026":12.3,"estimated_elderly_share_pct":28.95,"elderly_exposure_score":5.4,"elderly_exposure_class":"VERY LOW","estimate_confidence":"HIGH","display_name":"Block 704"},"geometry":{"type":"Polygon","coordinates":[[[103.847188,1.370184],[103.84721,1.370186],[103.847212,1.370168],[103.847325,1.370181],[103.847267,1.370642],[103.847132,1.370626],[103.847159,1.370411],[103.847208,1.370417],[103.847213,1.370375],[103.847165,1.370369],[103.847175,1.37029],[103.847202,1.370293],[103.847205,1.37027],[103.847178,1.370266],[103.847188,1.370184]]]}},{"type":"Feature","properties":{"block_id":"492","blk_no":"705","postal_code":"560705","region_id":"NER","region":"NORTH-EAST REGION","planning_area_id":"AM","planning_area":"ANG MO KIO","subzone_id":"AMSZ01","subzone":"ANG MO KIO TOWN CENTRE","lon":103.8475,"lat":1.3704,"property_match":"MATCHED","property_match_confidence":"HIGH","street":"ANG MO KIO AVE 8","residential":"Y","year_completed":1979,"building_age_2026":47,"max_floor_lvl":4,"total_dwelling_units":16,"small_flat_share_pct":100.0,"rental_share_pct":0.0,"footprint_area_m2":745.1,"estimated_residents_2026":35.8,"estimated_elderly_65plus_2026":10.4,"estimated_elderly_share_pct":28.95,"elderly_exposure_score":4.1,"elderly_exposure_class":"VERY LOW","estimate_confidence":"HIGH","display_name":"Block 705"},"geometry":{"type":"Polygon","coordinates":[[[103.847479,1.370198],[103.847591,1.370212],[103.847589,1.370225],[103.847613,1.370228],[103.847603,1.370315],[103.847578,1.370312],[103.847574,1.370336],[103.8476,1.370339],[103.847589,1.370423],[103.847563,1.37042],[103.847557,1.370469],[103.847583,1.370472],[103.847573,1.370558],[103.847546,1.370554],[103.847543,1.370577],[103.84757,1.370581],[103.84756,1.370664],[103.847532,1.370661],[103.84753,1.370674],[103.847422,1.37066],[103.847479,1.370198]]]}},{"type":"Feature","properties":{"block_id":"2740","blk_no":"709","postal_code":"560709","region_id":"NER","region":"NORTH-EAST REGION","planning_area_id":"AM","planning_area":"ANG MO KIO","subzone_id":"AMSZ01","subzone":"ANG MO KIO TOWN CENTRE","lon":103.8474,"lat":1.371,"property_match":"MATCHED","property_match_confidence":"HIGH","street":"ANG MO KIO AVE 8","residential":"Y","year_completed":1979,"building_age_2026":47,"max_floor_lvl":4,"total_dwelling_units":28,"small_flat_share_pct":100.0,"rental_share_pct":0.0,"footprint_area_m2":1468.6,"estimated_residents_2026":62.6,"estimated_elderly_65plus_2026":18.1,"estimated_elderly_share_pct":28.95,"elderly_exposure_score":9.1,"elderly_exposure_class":"VERY LOW","estimate_confidence":"HIGH","display_name":"Block 709"},"geometry":{"type":"Polygon","coordinates":[[[103.847347,1.371166],[103.847401,1.370732],[103.847509,1.370745],[103.847508,1.370759],[103.847535,1.370762],[103.847525,1.370846],[103.847497,1.370842],[103.847491,1.370891],[103.847519,1.370894],[103.847508,1.370981],[103.847481,1.370978],[103.847476,1.371014],[103.847442,1.37101],[103.847439,1.371039],[103.847482,1.371044],[103.847479,1.371068],[103.847526,1.371073],[103.847529,1.37105],[103.847617,1.371061],[103.847614,1.371084],[103.847634,1.371087],[103.847637,1.371063],[103.847723,1.371074],[103.84772,1.371098],[103.84773,1.371099],[103.847771,1.371104],[103.847774,1.37108],[103.847862,1.371091],[103.847859,1.371115],[103.84788,1.371117],[103.847883,1.371094],[103.847968,1.371104],[103.847966,1.371128],[103.847978,1.37113],[103.847965,1.371242],[103.847347,1.371166]]]}},{"type":"Feature","properties":{"block_id":"168","blk_no":"710","postal_code":"560710","region_id":"NER","region":"NORTH-EAST REGION","planning_area_id":"AM","planning_area":"ANG MO KIO","subzone_id":"AMSZ01","subzone":"ANG MO KIO TOWN CENTRE","lon":103.8482,"lat":1.371,"property_match":"MATCHED","property_match_confidence":"HIGH","street":"ANG MO KIO AVE 8","residential":"Y","year_completed":1980,"building_age_2026":46,"max_floor_lvl":25,"total_dwelling_units":96,"small_flat_share_pct":0.0,"rental_share_pct":0.0,"footprint_area_m2":582.6,"estimated_residents_2026":286.3,"estimated_elderly_65plus_2026":81.1,"estimated_elderly_share_pct":28.32,"elderly_exposure_score":76.3,"elderly_exposure_class":"HIGH","estimate_confidence":"HIGH","display_name":"Block 710"},"geometry":{"type":"Polygon","coordinates":[[[103.84806,1.37105],[103.848138,1.37106],[103.848142,1.371021],[103.848064,1.371011],[103.848068,1.370979],[103.848084,1.370981],[103.848092,1.370918],[103.848188,1.37093],[103.848187,1.37094],[103.848212,1.370944],[103.848213,1.370933],[103.848309,1.370945],[103.848301,1.371009],[103.848317,1.37101],[103.848314,1.371042],[103.848243,1.371034],[103.848238,1.371074],[103.848309,1.371082],[103.848306,1.371114],[103.848288,1.371112],[103.848281,1.371175],[103.848184,1.371163],[103.848187,1.371142],[103.848163,1.371139],[103.84816,1.37116],[103.848064,1.371148],[103.848071,1.371084],[103.848056,1.371082],[103.84806,1.37105]]]}},{"type":"Feature","properties":{"block_id":"4344","blk_no":"710A","postal_code":"561710","region_id":"NER","region":"NORTH-EAST REGION","planning_area_id":"AM","planning_area":"ANG MO KIO","subzone_id":"AMSZ01","subzone":"ANG MO KIO TOWN CENTRE","lon":103.8482,"lat":1.3707,"property_match":"MATCHED","property_match_confidence":"HIGH","street":"ANG MO KIO AVE 8","residential":"N","year_completed":1984,"building_age_2026":42,"max_floor_lvl":2,"total_dwelling_units":0,"small_flat_share_pct":null,"rental_share_pct":null,"footprint_area_m2":1781.7,"estimated_residents_2026":0.0,"estimated_elderly_65plus_2026":0.0,"estimated_elderly_share_pct":null,"elderly_exposure_score":null,"elderly_exposure_class":null,"estimate_confidence":"HIGH","display_name":"Block 710A"},"geometry":{"type":"Polygon","coordinates":[[[103.84811,1.370793],[103.848112,1.37082],[103.848134,1.370823],[103.848125,1.370779],[103.848092,1.370736],[103.848043,1.370713],[103.84799,1.370715],[103.847925,1.370761],[103.847905,1.370812],[103.847911,1.370866],[103.847963,1.370927],[103.847959,1.370972],[103.847768,1.370946],[103.847828,1.370455],[103.848034,1.370481],[103.848028,1.370534],[103.848156,1.370551],[103.848147,1.370624],[103.848299,1.370642],[103.848324,1.370654],[103.848212,1.370851],[103.848073,1.370832],[103.848061,1.370812],[103.848069,1.37079],[103.84809,1.370781],[103.84811,1.370793]]]}},{"type":"Feature","properties":{"block_id":"4308","blk_no":"711","postal_code":"560711","region_id":"NER","region":"NORTH-EAST REGION","planning_area_id":"AM","planning_area":"ANG MO KIO","subzone_id":"AMSZ01","subzone":"ANG MO KIO TOWN CENTRE","lon":103.8479,"lat":1.3714,"property_match":"MATCHED","property_match_confidence":"HIGH","street":"ANG MO KIO AVE 8","residential":"N","year_completed":1980,"building_age_2026":46,"max_floor_lvl":1,"total_dwelling_units":0,"small_flat_share_pct":null,"rental_share_pct":null,"footprint_area_m2":1475.0,"estimated_residents_2026":0.0,"estimated_elderly_65plus_2026":0.0,"estimated_elderly_share_pct":null,"elderly_exposure_score":null,"elderly_exposure_class":null,"estimate_confidence":"HIGH","display_name":"Block 711"},"geometry":{"type":"Polygon","coordinates":[[[103.84761,1.371251],[103.84769,1.371261],[103.847718,1.371325],[103.847768,1.37133],[103.847809,1.371276],[103.847892,1.371285],[103.847921,1.371349],[103.847971,1.371353],[103.848011,1.371299],[103.848078,1.37131],[103.848118,1.371256],[103.848198,1.371266],[103.848231,1.37134],[103.848182,1.371405],[103.848115,1.371397],[103.848073,1.371455],[103.848008,1.371443],[103.847977,1.371487],[103.848004,1.371548],[103.847954,1.371615],[103.847871,1.371606],[103.847843,1.371543],[103.847778,1.371535],[103.84775,1.371471],[103.847685,1.371464],[103.847656,1.371401],[103.847591,1.371393],[103.84756,1.371316],[103.84761,1.371251]]]}},{"type":"Feature","properties":{"block_id":"5102","blk_no":"712","postal_code":"560712","region_id":"NER","region":"NORTH-EAST REGION","planning_area_id":"AM","planning_area":"ANG MO KIO","subzone_id":"AMSZ01","subzone":"ANG MO KIO TOWN CENTRE","lon":103.8471,"lat":1.3714,"property_match":"MATCHED","property_match_confidence":"HIGH","street":"ANG MO KIO AVE 6","residential":"N","year_completed":1979,"building_age_2026":47,"max_floor_lvl":4,"total_dwelling_units":0,"small_flat_share_pct":null,"rental_share_pct":null,"footprint_area_m2":1446.3,"estimated_residents_2026":0.0,"estimated_elderly_65plus_2026":0.0,"estimated_elderly_share_pct":null,"elderly_exposure_score":null,"elderly_exposure_class":null,"estimate_confidence":"HIGH","display_name":"Block 712"},"geometry":{"type":"Polygon","coordinates":[[[103.847184,1.371648],[103.846928,1.371617],[103.846982,1.37117],[103.847238,1.371201],[103.8472,1.371518],[103.847233,1.37156],[103.84719,1.371592],[103.847184,1.371648]]]}},{"type":"Feature","properties":{"block_id":"2794","blk_no":"712A","postal_code":"561712","region_id":"NER","region":"NORTH-EAST REGION","planning_area_id":"AM","planning_area":"ANG MO KIO","subzone_id":"AMSZ01","subzone":"ANG MO KIO TOWN CENTRE","lon":103.8468,"lat":1.3707,"property_match":"MATCHED","property_match_confidence":"HIGH","street":"ANG MO KIO AVE 6","residential":"N","year_completed":1988,"building_age_2026":38,"max_floor_lvl":5,"total_dwelling_units":0,"small_flat_share_pct":null,"rental_share_pct":null,"footprint_area_m2":4627.2,"estimated_residents_2026":0.0,"estimated_elderly_65plus_2026":0.0,"estimated_elderly_share_pct":null,"elderly_exposure_score":null,"elderly_exposure_class":null,"estimate_confidence":"HIGH","display_name":"Block 712A"},"geometry":{"type":"Polygon","coordinates":[[[103.846699,1.370734],[103.846663,1.370729],[103.846649,1.370845],[103.846355,1.370809],[103.846416,1.370303],[103.846711,1.37034],[103.846677,1.370615],[103.847259,1.370687],[103.847234,1.370892],[103.847173,1.370884],[103.847177,1.370851],[103.847094,1.370841],[103.847057,1.371145],[103.846656,1.371096],[103.846699,1.370734]]]}},{"type":"Feature","properties":{"block_id":"6832","blk_no":"713","postal_code":"560713","region_id":"NER","region":"NORTH-EAST REGION","planning_area_id":"AM","planning_area":"ANG MO KIO","subzone_id":"AMSZ01","subzone":"ANG MO KIO TOWN CENTRE","lon":103.8465,"lat":1.3715,"property_match":"MATCHED","property_match_confidence":"HIGH","street":"ANG MO KIO AVE 6","residential":"Y","year_completed":1979,"building_age_2026":47,"max_floor_lvl":4,"total_dwelling_units":27,"small_flat_share_pct":100.0,"rental_share_pct":3.7,"footprint_area_m2":1157.8,"estimated_residents_2026":60.4,"estimated_elderly_65plus_2026":17.5,"estimated_elderly_share_pct":28.95,"elderly_exposure_score":8.7,"elderly_exposure_class":"VERY LOW","estimate_confidence":"HIGH","display_name":"Block 713"},"geometry":{"type":"Polygon","coordinates":[[[103.846176,1.371334],[103.846392,1.371359],[103.846389,1.371387],[103.846424,1.371391],[103.846428,1.371364],[103.846512,1.371374],[103.846508,1.371401],[103.84653,1.371404],[103.846534,1.371376],[103.846619,1.371386],[103.846616,1.371413],[103.846665,1.371419],[103.846669,1.371392],[103.846755,1.371403],[103.846751,1.371429],[103.846774,1.371432],[103.846777,1.371405],[103.846863,1.371415],[103.846859,1.371442],[103.846872,1.371444],[103.846858,1.371557],[103.846161,1.37147],[103.846176,1.371334]]]}},{"type":"Feature","properties":{"block_id":"11056461","blk_no":"713A","postal_code":"561713","region_id":"NER","region":"NORTH-EAST REGION","planning_area_id":"AM","planning_area":"ANG MO KIO","subzone_id":"AMSZ01","subzone":"ANG MO KIO TOWN CENTRE","lon":103.8462,"lat":1.3717,"property_match":"MATCHED","property_match_confidence":"HIGH","street":"ANG MO KIO AVE 6","residential":"N","year_completed":2025,"building_age_2026":1,"max_floor_lvl":1,"total_dwelling_units":0,"small_flat_share_pct":null,"rental_share_pct":null,"footprint_area_m2":535.1,"estimated_residents_2026":0.0,"estimated_elderly_65plus_2026":0.0,"estimated_elderly_share_pct":null,"elderly_exposure_score":null,"elderly_exposure_class":null,"estimate_confidence":"HIGH","display_name":"Block 713A"},"geometry":{"type":"Polygon","coordinates":[[[103.846306,1.371645],[103.846133,1.371784],[103.845919,1.371757],[103.845931,1.37166],[103.846056,1.371676],[103.84607,1.371664],[103.846086,1.371685],[103.846133,1.371647],[103.846117,1.371627],[103.846228,1.371545],[103.846306,1.371645]]]}},{"type":"Feature","properties":{"block_id":"2974","blk_no":"714","postal_code":"560714","region_id":"NER","region":"NORTH-EAST REGION","planning_area_id":"AM","planning_area":"ANG MO KIO","subzone_id":"AMSZ01","subzone":"ANG MO KIO TOWN CENTRE","lon":103.8462,"lat":1.3711,"property_match":"MATCHED","property_match_confidence":"HIGH","street":"ANG MO KIO AVE 6","residential":"Y","year_completed":1979,"building_age_2026":47,"max_floor_lvl":20,"total_dwelling_units":76,"small_flat_share_pct":0.0,"rental_share_pct":0.0,"footprint_area_m2":590.9,"estimated_residents_2026":226.7,"estimated_elderly_65plus_2026":64.2,"estimated_elderly_share_pct":28.32,"elderly_exposure_score":58.8,"elderly_exposure_class":"MODERATE","estimate_confidence":"HIGH","display_name":"Block 714"},"geometry":{"type":"Polygon","coordinates":[[[103.846119,1.371134],[103.846093,1.371131],[103.846096,1.371099],[103.846177,1.371108],[103.846181,1.371069],[103.846101,1.37106],[103.846105,1.371028],[103.846131,1.371032],[103.846139,1.370968],[103.846235,1.37098],[103.846233,1.371002],[103.846256,1.371005],[103.846258,1.370983],[103.846355,1.370995],[103.846348,1.371058],[103.846365,1.371061],[103.846361,1.371092],[103.846289,1.371083],[103.846284,1.371123],[103.846356,1.371132],[103.846352,1.371163],[103.846336,1.371161],[103.846328,1.371225],[103.846232,1.371213],[103.846233,1.371199],[103.846209,1.371196],[103.846208,1.37121],[103.846111,1.371198],[103.846119,1.371134]]]}},{"type":"Feature","properties":{"block_id":"9977","blk_no":"715","postal_code":"560715","region_id":"NER","region":"NORTH-EAST REGION","planning_area_id":"AM","planning_area":"ANG MO KIO","subzone_id":"AMSZ01","subzone":"ANG MO KIO TOWN CENTRE","lon":103.8459,"lat":1.3711,"property_match":"MATCHED","property_match_confidence":"HIGH","street":"ANG MO KIO AVE 6","residential":"N","year_completed":1979,"building_age_2026":47,"max_floor_lvl":4,"total_dwelling_units":0,"small_flat_share_pct":null,"rental_share_pct":null,"footprint_area_m2":1664.9,"estimated_residents_2026":0.0,"estimated_elderly_65plus_2026":0.0,"estimated_elderly_share_pct":null,"elderly_exposure_score":null,"elderly_exposure_class":null,"estimate_confidence":"HIGH","display_name":"Block 715"},"geometry":{"type":"Polygon","coordinates":[[[103.845838,1.370707],[103.846084,1.370737],[103.846061,1.37092],[103.846084,1.370923],[103.846091,1.370938],[103.846081,1.370949],[103.846058,1.370946],[103.84608,1.370969],[103.846077,1.370996],[103.846059,1.371009],[103.846032,1.371009],[103.845999,1.371321],[103.845971,1.371317],[103.845954,1.371297],[103.845838,1.371282],[103.845813,1.3713],[103.845775,1.371287],[103.845789,1.371266],[103.845823,1.370982],[103.845795,1.370976],[103.845782,1.370945],[103.845813,1.370918],[103.845838,1.370707]]]}},{"type":"Feature","properties":{"block_id":"7497","blk_no":"716","postal_code":"560716","region_id":"NER","region":"NORTH-EAST REGION","planning_area_id":"AM","planning_area":"ANG MO KIO","subzone_id":"AMSZ01","subzone":"ANG MO KIO TOWN CENTRE","lon":103.8459,"lat":1.3715,"property_match":"MATCHED","property_match_confidence":"HIGH","street":"ANG MO KIO AVE 6","residential":"Y","year_completed":1979,"building_age_2026":47,"max_floor_lvl":20,"total_dwelling_units":76,"small_flat_share_pct":0.0,"rental_share_pct":0.0,"footprint_area_m2":578.3,"estimated_residents_2026":226.7,"estimated_elderly_65plus_2026":64.2,"estimated_elderly_share_pct":28.32,"elderly_exposure_score":58.8,"elderly_exposure_class":"MODERATE","estimate_confidence":"HIGH","display_name":"Block 716"},"geometry":{"type":"Polygon","coordinates":[[[103.845774,1.37135],[103.845869,1.371362],[103.845868,1.371373],[103.845894,1.371376],[103.845895,1.371365],[103.845991,1.371376],[103.845984,1.371441],[103.846,1.371443],[103.845996,1.371475],[103.845922,1.371465],[103.845917,1.371507],[103.84599,1.371517],[103.845986,1.371546],[103.845971,1.371544],[103.845963,1.371607],[103.845866,1.371595],[103.845869,1.371572],[103.845845,1.37157],[103.845842,1.371593],[103.845746,1.37158],[103.845754,1.371516],[103.845737,1.371514],[103.845741,1.371483],[103.845821,1.371493],[103.845826,1.371453],[103.845745,1.371443],[103.845749,1.371412],[103.845766,1.371414],[103.845774,1.37135]]]}},{"type":"Feature","properties":{"block_id":"8554","blk_no":"720","postal_code":"560720","region_id":"NER","region":"NORTH-EAST REGION","planning_area_id":"AM","planning_area":"ANG MO KIO","subzone_id":"AMSZ01","subzone":"ANG MO KIO TOWN CENTRE","lon":103.8473,"lat":1.3719,"property_match":"MATCHED","property_match_confidence":"HIGH","street":"ANG MO KIO AVE 6","residential":"Y","year_completed":1980,"building_age_2026":46,"max_floor_lvl":4,"total_dwelling_units":28,"small_flat_share_pct":100.0,"rental_share_pct":0.0,"footprint_area_m2":1557.3,"estimated_residents_2026":62.6,"estimated_elderly_65plus_2026":18.1,"estimated_elderly_share_pct":28.95,"elderly_exposure_score":9.1,"elderly_exposure_class":"VERY LOW","estimate_confidence":"HIGH","display_name":"Block 720"},"geometry":{"type":"Polygon","coordinates":[[[103.846583,1.371683],[103.847411,1.371785],[103.847376,1.372082],[103.847265,1.372068],[103.847267,1.372055],[103.847243,1.372053],[103.847253,1.371968],[103.847262,1.371969],[103.847264,1.371957],[103.847283,1.371959],[103.847286,1.371928],[103.847319,1.371932],[103.847322,1.37191],[103.847278,1.371905],[103.847281,1.371877],[103.847258,1.371874],[103.847255,1.371902],[103.84717,1.371891],[103.847174,1.371861],[103.847126,1.371855],[103.847122,1.371885],[103.847034,1.371874],[103.847037,1.371847],[103.847017,1.371845],[103.847013,1.371872],[103.846928,1.371861],[103.846931,1.371834],[103.84691,1.371831],[103.846907,1.371858],[103.84682,1.371848],[103.846824,1.371823],[103.846776,1.371817],[103.846773,1.371842],[103.846688,1.371831],[103.846691,1.371806],[103.846669,1.371803],[103.846666,1.371829],[103.84658,1.371818],[103.846582,1.371795],[103.84657,1.371793],[103.846583,1.371683]]]}},{"type":"Feature","properties":{"block_id":"2877","blk_no":"721","postal_code":"560721","region_id":"NER","region":"NORTH-EAST REGION","planning_area_id":"AM","planning_area":"ANG MO KIO","subzone_id":"AMSZ01","subzone":"ANG MO KIO TOWN CENTRE","lon":103.8479,"lat":1.3724,"property_match":"MATCHED","property_match_confidence":"HIGH","street":"ANG MO KIO AVE 8","residential":"Y","year_completed":1980,"building_age_2026":46,"max_floor_lvl":2,"total_dwelling_units":3,"small_flat_share_pct":100.0,"rental_share_pct":0.0,"footprint_area_m2":1097.0,"estimated_residents_2026":6.7,"estimated_elderly_65plus_2026":1.9,"estimated_elderly_share_pct":28.95,"elderly_exposure_score":0.2,"elderly_exposure_class":"VERY LOW","estimate_confidence":"HIGH","display_name":"Block 721"},"geometry":{"type":"Polygon","coordinates":[[[103.847857,1.372122],[103.847881,1.372125],[103.847884,1.372101],[103.84786,1.372098],[103.84787,1.372013],[103.847894,1.372016],[103.847896,1.372004],[103.848006,1.372017],[103.847924,1.372693],[103.84779,1.372676],[103.847816,1.37246],[103.84784,1.372463],[103.847844,1.372424],[103.847821,1.372421],[103.847831,1.372339],[103.847854,1.372342],[103.847857,1.372315],[103.847834,1.372312],[103.847844,1.372229],[103.847868,1.372232],[103.847871,1.372208],[103.847847,1.372205],[103.847857,1.372122]]]}},{"type":"Feature","properties":{"block_id":"2547","blk_no":"722","postal_code":"560722","region_id":"NER","region":"NORTH-EAST REGION","planning_area_id":"AM","planning_area":"ANG MO KIO","subzone_id":"AMSZ01","subzone":"ANG MO KIO TOWN CENTRE","lon":103.8475,"lat":1.3723,"property_match":"MATCHED","property_match_confidence":"HIGH","street":"ANG MO KIO AVE 8","residential":"Y","year_completed":1980,"building_age_2026":46,"max_floor_lvl":2,"total_dwelling_units":3,"small_flat_share_pct":100.0,"rental_share_pct":0.0,"footprint_area_m2":908.2,"estimated_residents_2026":6.7,"estimated_elderly_65plus_2026":1.9,"estimated_elderly_share_pct":28.95,"elderly_exposure_score":0.2,"elderly_exposure_class":"VERY LOW","estimate_confidence":"HIGH","display_name":"Block 722"},"geometry":{"type":"Polygon","coordinates":[[[103.8475,1.371954],[103.847631,1.37197],[103.847605,1.372188],[103.847581,1.372185],[103.847577,1.372222],[103.8476,1.372225],[103.84759,1.372311],[103.847566,1.372308],[103.847564,1.37233],[103.847587,1.372333],[103.847577,1.372417],[103.847553,1.372415],[103.84755,1.372438],[103.847574,1.372441],[103.847563,1.372526],[103.84754,1.372523],[103.847538,1.372536],[103.84743,1.372523],[103.8475,1.371954]]]}},{"type":"Feature","properties":{"block_id":"5754","blk_no":"723","postal_code":"560723","region_id":"NER","region":"NORTH-EAST REGION","planning_area_id":"AM","planning_area":"ANG MO KIO","subzone_id":"AMSZ01","subzone":"ANG MO KIO TOWN CENTRE","lon":103.8472,"lat":1.3723,"property_match":"MATCHED","property_match_confidence":"HIGH","street":"ANG MO KIO AVE 8","residential":"N","year_completed":1981,"building_age_2026":45,"max_floor_lvl":2,"total_dwelling_units":0,"small_flat_share_pct":null,"rental_share_pct":null,"footprint_area_m2":1416.1,"estimated_residents_2026":0.0,"estimated_elderly_65plus_2026":0.0,"estimated_elderly_share_pct":null,"elderly_exposure_score":null,"elderly_exposure_class":null,"estimate_confidence":"HIGH","display_name":"Block 723"},"geometry":{"type":"Polygon","coordinates":[[[103.847073,1.372108],[103.847367,1.372144],[103.847342,1.37236],[103.847374,1.372364],[103.847132,1.372556],[103.84702,1.372543],[103.84704,1.372378],[103.847007,1.372374],[103.847013,1.372324],[103.847046,1.372328],[103.847073,1.372108]]]}},{"type":"Feature","properties":{"block_id":"11050869","blk_no":"724","postal_code":"560724","region_id":"NER","region":"NORTH-EAST REGION","planning_area_id":"AM","planning_area":"ANG MO KIO","subzone_id":"AMSZ01","subzone":"ANG MO KIO TOWN CENTRE","lon":103.8465,"lat":1.3721,"property_match":"MATCHED","property_match_confidence":"HIGH","street":"ANG MO KIO AVE 6","residential":"N","year_completed":2008,"building_age_2026":18,"max_floor_lvl":1,"total_dwelling_units":0,"small_flat_share_pct":null,"rental_share_pct":null,"footprint_area_m2":3620.0,"estimated_residents_2026":0.0,"estimated_elderly_65plus_2026":0.0,"estimated_elderly_share_pct":null,"elderly_exposure_score":null,"elderly_exposure_class":null,"estimate_confidence":"HIGH","display_name":"Block 724"},"geometry":{"type":"Polygon","coordinates":[[[103.846423,1.372534],[103.846428,1.372475],[103.846271,1.372279],[103.846332,1.371778],[103.846279,1.371711],[103.846364,1.371643],[103.846519,1.371844],[103.84651,1.371851],[103.846565,1.371858],[103.846559,1.371912],[103.846569,1.371924],[103.846576,1.371918],[103.846656,1.372022],[103.846759,1.372034],[103.846749,1.372121],[103.846734,1.37212],[103.846766,1.372162],[103.846753,1.372269],[103.846769,1.372271],[103.846765,1.3723],[103.846749,1.372297],[103.846716,1.372571],[103.846423,1.372534]]]}},{"type":"Feature","properties":{"block_id":"4134","blk_no":"725","postal_code":"560725","region_id":"NER","region":"NORTH-EAST REGION","planning_area_id":"AM","planning_area":"ANG MO KIO","subzone_id":"AMSZ01","subzone":"ANG MO KIO TOWN CENTRE","lon":103.8469,"lat":1.3728,"property_match":"MATCHED","property_match_confidence":"HIGH","street":"ANG MO KIO AVE 6","residential":"Y","year_completed":1979,"building_age_2026":47,"max_floor_lvl":19,"total_dwelling_units":72,"small_flat_share_pct":0.0,"rental_share_pct":0.0,"footprint_area_m2":580.3,"estimated_residents_2026":214.8,"estimated_elderly_65plus_2026":60.8,"estimated_elderly_share_pct":28.32,"elderly_exposure_score":55.1,"elderly_exposure_class":"MODERATE","estimate_confidence":"HIGH","display_name":"Block 725"},"geometry":{"type":"Polygon","coordinates":[[[103.846797,1.372829],[103.84678,1.372827],[103.846784,1.372796],[103.846859,1.372805],[103.846863,1.372765],[103.846789,1.372756],[103.846792,1.372724],[103.84681,1.372726],[103.846817,1.372663],[103.846913,1.372674],[103.846911,1.372692],[103.846935,1.372695],[103.846937,1.372677],[103.847033,1.372689],[103.847026,1.372754],[103.847041,1.372756],[103.847037,1.372788],[103.846966,1.372779],[103.846962,1.372818],[103.847033,1.372827],[103.847029,1.372859],[103.847013,1.372857],[103.847006,1.372919],[103.84691,1.372908],[103.846912,1.372888],[103.846888,1.372885],[103.846885,1.372905],[103.84679,1.372893],[103.846797,1.372829]]]}},{"type":"Feature","properties":{"block_id":"6939","blk_no":"726","postal_code":"560726","region_id":"NER","region":"NORTH-EAST REGION","planning_area_id":"AM","planning_area":"ANG MO KIO","subzone_id":"AMSZ01","subzone":"ANG MO KIO TOWN CENTRE","lon":103.8463,"lat":1.3727,"property_match":"MATCHED","property_match_confidence":"HIGH","street":"ANG MO KIO AVE 6","residential":"N","year_completed":1979,"building_age_2026":47,"max_floor_lvl":2,"total_dwelling_units":0,"small_flat_share_pct":null,"rental_share_pct":null,"footprint_area_m2":981.5,"estimated_residents_2026":0.0,"estimated_elderly_65plus_2026":0.0,"estimated_elderly_share_pct":null,"elderly_exposure_score":null,"elderly_exposure_class":null,"estimate_confidence":"HIGH","display_name":"Block 726"},"geometry":{"type":"Polygon","coordinates":[[[103.846251,1.372526],[103.846362,1.372539],[103.84636,1.372552],[103.846384,1.372555],[103.846373,1.37264],[103.846346,1.372636],[103.846341,1.372679],[103.846308,1.372675],[103.846306,1.372697],[103.846351,1.372703],[103.846348,1.372729],[103.84637,1.372732],[103.846374,1.372705],[103.846456,1.372716],[103.846453,1.372742],[103.846475,1.372745],[103.846479,1.372718],[103.846564,1.372729],[103.84656,1.372756],[103.846583,1.372758],[103.846586,1.372732],[103.846672,1.372742],[103.846669,1.372766],[103.846682,1.372768],[103.846668,1.372879],[103.846215,1.372824],[103.846251,1.372526]]]}},{"type":"Feature","properties":{"block_id":"6138","blk_no":"727","postal_code":"560727","region_id":"NER","region":"NORTH-EAST REGION","planning_area_id":"AM","planning_area":"ANG MO KIO","subzone_id":"AMSZ01","subzone":"ANG MO KIO TOWN CENTRE","lon":103.8461,"lat":1.3726,"property_match":"MATCHED","property_match_confidence":"HIGH","street":"ANG MO KIO AVE 6","residential":"Y","year_completed":1979,"building_age_2026":47,"max_floor_lvl":2,"total_dwelling_units":6,"small_flat_share_pct":100.0,"rental_share_pct":0.0,"footprint_area_m2":1636.2,"estimated_residents_2026":13.4,"estimated_elderly_65plus_2026":3.9,"estimated_elderly_share_pct":28.95,"elderly_exposure_score":0.7,"elderly_exposure_class":"VERY LOW","estimate_confidence":"HIGH","display_name":"Block 727"},"geometry":{"type":"Polygon","coordinates":[[[103.846042,1.372456],[103.846018,1.372453],[103.846028,1.372367],[103.846052,1.37237],[103.846055,1.372349],[103.846031,1.372346],[103.846041,1.372261],[103.846065,1.372264],[103.846068,1.372242],[103.846044,1.372239],[103.846054,1.372156],[103.846078,1.372159],[103.84608,1.372145],[103.84619,1.372159],[103.846069,1.373161],[103.845934,1.373144],[103.845961,1.372924],[103.845985,1.372927],[103.845988,1.372902],[103.845964,1.372899],[103.845989,1.372695],[103.846013,1.372698],[103.846016,1.372672],[103.845992,1.372669],[103.846002,1.372584],[103.846026,1.372587],[103.846029,1.372565],[103.846005,1.372562],[103.846015,1.372476],[103.846039,1.372479],[103.846042,1.372456]]]}},{"type":"Feature","properties":{"block_id":"7211","blk_no":"728","postal_code":"560728","region_id":"NER","region":"NORTH-EAST REGION","planning_area_id":"AM","planning_area":"ANG MO KIO","subzone_id":"AMSZ01","subzone":"ANG MO KIO TOWN CENTRE","lon":103.8457,"lat":1.3726,"property_match":"MATCHED","property_match_confidence":"HIGH","street":"ANG MO KIO AVE 6","residential":"Y","year_completed":1980,"building_age_2026":46,"max_floor_lvl":4,"total_dwelling_units":39,"small_flat_share_pct":100.0,"rental_share_pct":2.56,"footprint_area_m2":1677.7,"estimated_residents_2026":87.2,"estimated_elderly_65plus_2026":25.2,"estimated_elderly_share_pct":28.95,"elderly_exposure_score":14.2,"elderly_exposure_class":"VERY LOW","estimate_confidence":"HIGH","display_name":"Block 728"},"geometry":{"type":"Polygon","coordinates":[[[103.845708,1.372802],[103.845705,1.372827],[103.845728,1.37283],[103.845718,1.372914],[103.845695,1.372912],[103.845689,1.372961],[103.845712,1.372964],[103.845701,1.373049],[103.845678,1.373046],[103.845676,1.373069],[103.845699,1.373072],[103.845688,1.373156],[103.845665,1.373153],[103.845664,1.373165],[103.845554,1.373152],[103.845683,1.372097],[103.845816,1.372113],[103.845789,1.372332],[103.845766,1.372329],[103.845761,1.372367],[103.845784,1.37237],[103.845774,1.372454],[103.845751,1.372452],[103.845748,1.372475],[103.845771,1.372478],[103.845761,1.372561],[103.845738,1.372558],[103.845735,1.372584],[103.845758,1.372587],[103.845748,1.37267],[103.845725,1.372667],[103.845718,1.372718],[103.845741,1.372721],[103.845731,1.372805],[103.845708,1.372802]]]}},{"type":"Feature","properties":{"block_id":"5470","blk_no":"729","postal_code":"560729","region_id":"NER","region":"NORTH-EAST REGION","planning_area_id":"AM","planning_area":"ANG MO KIO","subzone_id":"AMSZ01","subzone":"ANG MO KIO TOWN CENTRE","lon":103.8459,"lat":1.3739,"property_match":"MATCHED","property_match_confidence":"HIGH","street":"ANG MO KIO AVE 6","residential":"Y","year_completed":1979,"building_age_2026":47,"max_floor_lvl":19,"total_dwelling_units":72,"small_flat_share_pct":0.0,"rental_share_pct":0.0,"footprint_area_m2":590.3,"estimated_residents_2026":214.8,"estimated_elderly_65plus_2026":60.8,"estimated_elderly_share_pct":28.32,"elderly_exposure_score":55.1,"elderly_exposure_class":"MODERATE","estimate_confidence":"HIGH","display_name":"Block 729"},"geometry":{"type":"Polygon","coordinates":[[[103.845884,1.373879],[103.845889,1.37384],[103.845813,1.37383],[103.845817,1.373799],[103.845834,1.373801],[103.845842,1.373738],[103.846058,1.373764],[103.84605,1.373827],[103.846067,1.373829],[103.846063,1.373861],[103.845989,1.373851],[103.845984,1.373891],[103.846058,1.3739],[103.846054,1.373932],[103.846037,1.37393],[103.846029,1.373995],[103.845814,1.373968],[103.845822,1.373904],[103.845805,1.373902],[103.845809,1.37387],[103.845884,1.373879]]]}},{"type":"Feature","properties":{"block_id":"2735","blk_no":"730","postal_code":"560730","region_id":"NER","region":"NORTH-EAST REGION","planning_area_id":"AM","planning_area":"ANG MO KIO","subzone_id":"AMSZ01","subzone":"ANG MO KIO TOWN CENTRE","lon":103.8459,"lat":1.3736,"property_match":"MATCHED","property_match_confidence":"HIGH","street":"ANG MO KIO AVE 6","residential":"N","year_completed":1979,"building_age_2026":47,"max_floor_lvl":2,"total_dwelling_units":0,"small_flat_share_pct":null,"rental_share_pct":null,"footprint_area_m2":2694.1,"estimated_residents_2026":0.0,"estimated_elderly_65plus_2026":0.0,"estimated_elderly_share_pct":null,"elderly_exposure_score":null,"elderly_exposure_class":null,"estimate_confidence":"HIGH","display_name":"Block 730"},"geometry":{"type":"Polygon","coordinates":[[[103.845672,1.373568],[103.845589,1.373556],[103.845577,1.373641],[103.845495,1.373629],[103.845546,1.373263],[103.846085,1.373335],[103.846048,1.373612],[103.845834,1.373585],[103.845825,1.373653],[103.845793,1.373649],[103.845801,1.373582],[103.845726,1.373572],[103.845688,1.373891],[103.845445,1.37386],[103.845526,1.373649],[103.845658,1.373668],[103.845672,1.373568]]]}},{"type":"Feature","properties":{"block_id":"7185","blk_no":"501","postal_code":"560501","region_id":"NER","region":"NORTH-EAST REGION","planning_area_id":"AM","planning_area":"ANG MO KIO","subzone_id":"AMSZ02","subzone":"CHENG SAN","lon":103.8489,"lat":1.376,"property_match":"MATCHED","property_match_confidence":"HIGH","street":"ANG MO KIO AVE 5","residential":"Y","year_completed":1980,"building_age_2026":46,"max_floor_lvl":12,"total_dwelling_units":110,"small_flat_share_pct":0.0,"rental_share_pct":0.0,"footprint_area_m2":1468.3,"estimated_residents_2026":340.0,"estimated_elderly_65plus_2026":70.1,"estimated_elderly_share_pct":20.63,"elderly_exposure_score":65.4,"elderly_exposure_class":"HIGH","estimate_confidence":"HIGH","display_name":"Block 501"},"geometry":{"type":"Polygon","coordinates":[[[103.848909,1.375909],[103.848911,1.375938],[103.849038,1.375931],[103.849036,1.375903],[103.849117,1.375898],[103.849118,1.375927],[103.849246,1.375921],[103.849244,1.375893],[103.849325,1.375889],[103.849327,1.375916],[103.849389,1.375913],[103.849397,1.376008],[103.849341,1.376019],[103.849135,1.376022],[103.849134,1.37603],[103.848928,1.376033],[103.848887,1.376043],[103.848888,1.376068],[103.848841,1.37607],[103.84884,1.376046],[103.8488,1.376048],[103.8488,1.376039],[103.848385,1.37607],[103.848385,1.376061],[103.84833,1.376065],[103.848325,1.375969],[103.848392,1.375966],[103.848391,1.375938],[103.848469,1.375934],[103.848471,1.375962],[103.848597,1.375954],[103.848595,1.375926],[103.848677,1.375922],[103.848678,1.37595],[103.848804,1.375943],[103.848803,1.375915],[103.848909,1.375909]]]}},{"type":"Feature","properties":{"block_id":"9410","blk_no":"502","postal_code":"560502","region_id":"NER","region":"NORTH-EAST REGION","planning_area_id":"AM","planning_area":"ANG MO KIO","subzone_id":"AMSZ02","subzone":"CHENG SAN","lon":103.8499,"lat":1.3757,"property_match":"MATCHED","property_match_confidence":"HIGH","street":"ANG MO KIO AVE 5","residential":"Y","year_completed":1980,"building_age_2026":46,"max_floor_lvl":11,"total_dwelling_units":157,"small_flat_share_pct":85.35,"rental_share_pct":0.0,"footprint_area_m2":1607.0,"estimated_residents_2026":344.3,"estimated_elderly_65plus_2026":102.4,"estimated_elderly_share_pct":29.74,"elderly_exposure_score":88.5,"elderly_exposure_class":"VERY HIGH","estimate_confidence":"HIGH","display_name":"Block 502"},"geometry":{"type":"Polygon","coordinates":[[[103.850131,1.375571],[103.849812,1.375991],[103.849519,1.376008],[103.849516,1.375939],[103.849529,1.375938],[103.849527,1.3759],[103.849541,1.375899],[103.849539,1.375872],[103.849624,1.375867],[103.849625,1.375895],[103.849648,1.375894],[103.849647,1.375866],[103.849731,1.375862],[103.849733,1.375889],[103.849763,1.375879],[103.84977,1.375869],[103.849748,1.375852],[103.849799,1.375784],[103.849821,1.375801],[103.849835,1.375782],[103.849813,1.375766],[103.849864,1.375698],[103.849886,1.375714],[103.849916,1.375674],[103.849894,1.375658],[103.849945,1.37559],[103.849967,1.375606],[103.849981,1.375588],[103.849959,1.375571],[103.85001,1.375503],[103.850031,1.375518],[103.850052,1.375485],[103.850073,1.3755],[103.850098,1.375488],[103.850097,1.375462],[103.850137,1.375463],[103.850135,1.375436],[103.850219,1.375431],[103.850222,1.375456],[103.850245,1.375455],[103.850243,1.37543],[103.850328,1.375425],[103.850329,1.375453],[103.850343,1.375452],[103.850345,1.375491],[103.850359,1.37549],[103.850363,1.375558],[103.850131,1.375571]]]}},{"type":"Feature","properties":{"block_id":"8057","blk_no":"503","postal_code":"560503","region_id":"NER","region":"NORTH-EAST REGION","planning_area_id":"AM","planning_area":"ANG MO KIO","subzone_id":"AMSZ02","subzone":"CHENG SAN","lon":103.849,"lat":1.3755,"property_match":"MATCHED","property_match_confidence":"HIGH","street":"ANG MO KIO AVE 5","residential":"Y","year_completed":1980,"building_age_2026":46,"max_floor_lvl":12,"total_dwelling_units":196,"small_flat_share_pct":87.76,"rental_share_pct":0.51,"footprint_area_m2":1741.0,"estimated_residents_2026":426.0,"estimated_elderly_65plus_2026":127.8,"estimated_elderly_share_pct":30.0,"elderly_exposure_score":94.7,"elderly_exposure_class":"VERY HIGH","estimate_confidence":"HIGH","display_name":"Block 503"},"geometry":{"type":"Polygon","coordinates":[[[103.848397,1.37533],[103.848977,1.375404],[103.848979,1.375383],[103.849031,1.37539],[103.849029,1.375406],[103.849501,1.375469],[103.849493,1.375538],[103.849478,1.375536],[103.849474,1.375573],[103.84946,1.375572],[103.849456,1.375599],[103.849372,1.375588],[103.849375,1.375565],[103.849353,1.375563],[103.84935,1.375585],[103.849268,1.375575],[103.849271,1.37555],[103.84922,1.375543],[103.849217,1.375568],[103.849133,1.375558],[103.849136,1.375533],[103.849113,1.375531],[103.84911,1.375556],[103.849026,1.375545],[103.849029,1.37552],[103.848957,1.375511],[103.848954,1.375536],[103.848868,1.375525],[103.848871,1.3755],[103.84885,1.375498],[103.848847,1.375522],[103.848761,1.375511],[103.848764,1.375487],[103.848742,1.375484],[103.848739,1.375507],[103.848653,1.375497],[103.848656,1.375473],[103.848606,1.375467],[103.848604,1.37549],[103.848519,1.37548],[103.848522,1.375457],[103.848499,1.375454],[103.848496,1.375477],[103.848413,1.375467],[103.848416,1.375439],[103.848399,1.375436],[103.848404,1.3754],[103.848389,1.375398],[103.848397,1.37533]]]}},{"type":"Feature","properties":{"block_id":"4642","blk_no":"504","postal_code":"560504","region_id":"NER","region":"NORTH-EAST REGION","planning_area_id":"AM","planning_area":"ANG MO KIO","subzone_id":"AMSZ02","subzone":"CHENG SAN","lon":103.8489,"lat":1.3748,"property_match":"MATCHED","property_match_confidence":"HIGH","street":"ANG MO KIO AVE 8","residential":"Y","year_completed":1979,"building_age_2026":47,"max_floor_lvl":11,"total_dwelling_units":155,"small_flat_share_pct":83.87,"rental_share_pct":0.65,"footprint_area_m2":1577.8,"estimated_residents_2026":342.2,"estimated_elderly_65plus_2026":101.0,"estimated_elderly_share_pct":29.53,"elderly_exposure_score":88.1,"elderly_exposure_class":"VERY HIGH","estimate_confidence":"HIGH","display_name":"Block 504"},"geometry":{"type":"Polygon","coordinates":[[[103.848472,1.374762],[103.848485,1.374763],[103.848489,1.374725],[103.848503,1.374727],[103.848506,1.374697],[103.848591,1.374707],[103.848589,1.374727],[103.848637,1.374733],[103.848639,1.374714],[103.848725,1.374725],[103.848723,1.374744],[103.848744,1.374747],[103.848747,1.374727],[103.848831,1.374737],[103.848828,1.374758],[103.848852,1.374761],[103.848855,1.37474],[103.84894,1.374751],[103.848938,1.374771],[103.848986,1.374777],[103.848988,1.374756],[103.849074,1.374767],[103.849071,1.374789],[103.849096,1.374792],[103.849098,1.374769],[103.849183,1.37478],[103.84918,1.374802],[103.849202,1.374805],[103.849205,1.374784],[103.849288,1.374794],[103.849286,1.374815],[103.849336,1.374821],[103.849339,1.374801],[103.849423,1.374811],[103.84942,1.374837],[103.849433,1.374839],[103.849428,1.374879],[103.84944,1.374881],[103.849432,1.374951],[103.848974,1.374893],[103.848971,1.374913],[103.848926,1.374908],[103.848928,1.374887],[103.848464,1.37483],[103.848472,1.374762]]]}},{"type":"Feature","properties":{"block_id":"207","blk_no":"505","postal_code":"560505","region_id":"NER","region":"NORTH-EAST REGION","planning_area_id":"AM","planning_area":"ANG MO KIO","subzone_id":"AMSZ02","subzone":"CHENG SAN","lon":103.8502,"lat":1.3749,"property_match":"MATCHED","property_match_confidence":"HIGH","street":"ANG MO KIO AVE 8","residential":"Y","year_completed":1979,"building_age_2026":47,"max_floor_lvl":12,"total_dwelling_units":141,"small_flat_share_pct":82.98,"rental_share_pct":2.84,"footprint_area_m2":1395.9,"estimated_residents_2026":311.4,"estimated_elderly_65plus_2026":92.0,"estimated_elderly_share_pct":29.53,"elderly_exposure_score":83.7,"elderly_exposure_class":"VERY HIGH","estimate_confidence":"HIGH","display_name":"Block 505"},"geometry":{"type":"Polygon","coordinates":[[[103.850399,1.374782],[103.850645,1.374771],[103.850654,1.374903],[103.850412,1.374915],[103.850414,1.374936],[103.850368,1.374939],[103.850366,1.374914],[103.849775,1.374947],[103.84977,1.374881],[103.849809,1.374879],[103.849806,1.37484],[103.849821,1.374839],[103.849819,1.37481],[103.849905,1.374804],[103.849907,1.374828],[103.84993,1.374827],[103.849928,1.374804],[103.850013,1.374799],[103.850014,1.374822],[103.850062,1.374819],[103.850061,1.374797],[103.850148,1.374792],[103.85015,1.374814],[103.85017,1.374813],[103.850169,1.374792],[103.850254,1.374786],[103.850256,1.37481],[103.850278,1.374809],[103.850276,1.374786],[103.85036,1.374781],[103.850361,1.374804],[103.8504,1.374802],[103.850399,1.374782]]]}},{"type":"Feature","properties":{"block_id":"4328","blk_no":"506","postal_code":"560506","region_id":"NER","region":"NORTH-EAST REGION","planning_area_id":"AM","planning_area":"ANG MO KIO","subzone_id":"AMSZ02","subzone":"CHENG SAN","lon":103.849,"lat":1.3744,"property_match":"MATCHED","property_match_confidence":"HIGH","street":"ANG MO KIO AVE 8","residential":"Y","year_completed":1979,"building_age_2026":47,"max_floor_lvl":12,"total_dwelling_units":151,"small_flat_share_pct":83.44,"rental_share_pct":0.66,"footprint_area_m2":1342.5,"estimated_residents_2026":333.0,"estimated_elderly_65plus_2026":98.5,"estimated_elderly_share_pct":29.58,"elderly_exposure_score":87.0,"elderly_exposure_class":"VERY HIGH","estimate_confidence":"HIGH","display_name":"Block 506"},"geometry":{"type":"Polygon","coordinates":[[[103.849361,1.374391],[103.849355,1.374457],[103.849341,1.374455],[103.849336,1.374497],[103.849322,1.374495],[103.849319,1.374522],[103.849234,1.374511],[103.849237,1.374489],[103.849214,1.374486],[103.849211,1.374507],[103.849127,1.374496],[103.849129,1.374476],[103.849077,1.374469],[103.849075,1.374491],[103.848991,1.37448],[103.848994,1.374458],[103.848971,1.374455],[103.848968,1.374478],[103.848881,1.374468],[103.848884,1.374445],[103.848864,1.374443],[103.848861,1.374464],[103.848775,1.374453],[103.848778,1.374432],[103.848731,1.374426],[103.848728,1.374447],[103.848643,1.374437],[103.848645,1.374417],[103.848623,1.374414],[103.848621,1.374434],[103.848541,1.374424],[103.848546,1.374384],[103.848533,1.374381],[103.848537,1.374341],[103.848523,1.374338],[103.84853,1.374283],[103.848748,1.374312],[103.848751,1.374291],[103.848794,1.374297],[103.848792,1.374314],[103.849361,1.374391]]]}},{"type":"Feature","properties":{"block_id":"9495","blk_no":"507","postal_code":"560507","region_id":"NER","region":"NORTH-EAST REGION","planning_area_id":"AM","planning_area":"ANG MO KIO","subzone_id":"AMSZ02","subzone":"CHENG SAN","lon":103.8502,"lat":1.3744,"property_match":"MATCHED","property_match_confidence":"HIGH","street":"ANG MO KIO AVE 8","residential":"Y","year_completed":1979,"building_age_2026":47,"max_floor_lvl":12,"total_dwelling_units":151,"small_flat_share_pct":83.44,"rental_share_pct":0.66,"footprint_area_m2":1315.7,"estimated_residents_2026":333.0,"estimated_elderly_65plus_2026":98.5,"estimated_elderly_share_pct":29.58,"elderly_exposure_score":87.0,"elderly_exposure_class":"VERY HIGH","estimate_confidence":"HIGH","display_name":"Block 507"},"geometry":{"type":"Polygon","coordinates":[[[103.849744,1.37452],[103.849742,1.374497],[103.849729,1.374496],[103.849727,1.374456],[103.849714,1.374457],[103.849711,1.374396],[103.849925,1.374385],[103.849924,1.374365],[103.849959,1.374363],[103.849984,1.374362],[103.849985,1.374382],[103.850602,1.374349],[103.850605,1.37441],[103.850592,1.37441],[103.850594,1.374451],[103.850581,1.374453],[103.850582,1.374476],[103.85049,1.374481],[103.850489,1.374458],[103.850469,1.374459],[103.850467,1.374482],[103.850375,1.374487],[103.850374,1.374464],[103.85036,1.374464],[103.850322,1.374466],[103.850324,1.374489],[103.850232,1.374494],[103.850231,1.374471],[103.850221,1.374471],[103.850208,1.374472],[103.850209,1.374496],[103.850117,1.3745],[103.850116,1.374477],[103.850093,1.374478],[103.850094,1.374502],[103.850002,1.374506],[103.850001,1.374483],[103.849963,1.374485],[103.849949,1.374486],[103.84995,1.374509],[103.849859,1.374514],[103.849857,1.374491],[103.849848,1.374491],[103.849834,1.374492],[103.849835,1.374515],[103.849744,1.37452]]]}},{"type":"Feature","properties":{"block_id":"8764","blk_no":"508","postal_code":"560508","region_id":"NER","region":"NORTH-EAST REGION","planning_area_id":"AM","planning_area":"ANG MO KIO","subzone_id":"AMSZ02","subzone":"CHENG SAN","lon":103.849,"lat":1.3738,"property_match":"MATCHED","property_match_confidence":"HIGH","street":"ANG MO KIO AVE 8","residential":"Y","year_completed":1979,"building_age_2026":47,"max_floor_lvl":9,"total_dwelling_units":160,"small_flat_share_pct":100.0,"rental_share_pct":63.12,"footprint_area_m2":1147.6,"estimated_residents_2026":313.5,"estimated_elderly_65plus_2026":114.3,"estimated_elderly_share_pct":36.46,"elderly_exposure_score":92.1,"elderly_exposure_class":"VERY HIGH","estimate_confidence":"HIGH","display_name":"Block 508"},"geometry":{"type":"Polygon","coordinates":[[[103.848602,1.373697],[103.848623,1.3737],[103.848625,1.373681],[103.848691,1.373689],[103.848689,1.373711],[103.848703,1.373712],[103.848706,1.373691],[103.848772,1.3737],[103.848769,1.37372],[103.848784,1.373722],[103.848786,1.373701],[103.848853,1.37371],[103.84885,1.373731],[103.848864,1.373732],[103.848867,1.373711],[103.848933,1.37372],[103.84893,1.373741],[103.848944,1.373742],[103.848947,1.373721],[103.849013,1.373729],[103.84901,1.373751],[103.84905,1.373756],[103.849053,1.373734],[103.849119,1.373743],[103.849116,1.373764],[103.849131,1.373766],[103.849133,1.373745],[103.849172,1.373749],[103.849199,1.373753],[103.849197,1.373773],[103.849211,1.373775],[103.849213,1.373754],[103.849279,1.373762],[103.849277,1.373783],[103.849291,1.373785],[103.849293,1.373764],[103.849359,1.373772],[103.849357,1.373793],[103.849372,1.373796],[103.849375,1.373774],[103.849441,1.373782],[103.849439,1.373801],[103.849466,1.373805],[103.849455,1.373895],[103.849047,1.373845],[103.849044,1.373872],[103.848989,1.373865],[103.848992,1.373838],[103.84859,1.373787],[103.848602,1.373697]]]}},{"type":"Feature","properties":{"block_id":"7861","blk_no":"509","postal_code":"560509","region_id":"NER","region":"NORTH-EAST REGION","planning_area_id":"AM","planning_area":"ANG MO KIO","subzone_id":"AMSZ02","subzone":"CHENG SAN","lon":103.8501,"lat":1.374,"property_match":"MATCHED","property_match_confidence":"HIGH","street":"ANG MO KIO AVE 8","residential":"Y","year_completed":1979,"building_age_2026":47,"max_floor_lvl":12,"total_dwelling_units":150,"small_flat_share_pct":82.67,"rental_share_pct":0.67,"footprint_area_m2":1312.8,"estimated_residents_2026":331.9,"estimated_elderly_65plus_2026":97.8,"estimated_elderly_share_pct":29.47,"elderly_exposure_score":86.7,"elderly_exposure_class":"VERY HIGH","estimate_confidence":"HIGH","display_name":"Block 509"},"geometry":{"type":"Polygon","coordinates":[[[103.849704,1.374019],[103.849702,1.373979],[103.849718,1.373976],[103.849716,1.373956],[103.849805,1.373951],[103.849807,1.373972],[103.849831,1.37397],[103.849828,1.373951],[103.849921,1.373946],[103.849922,1.373966],[103.849975,1.373963],[103.849975,1.373943],[103.850067,1.373938],[103.850067,1.37396],[103.85009,1.373959],[103.85009,1.373937],[103.850181,1.373931],[103.850181,1.373953],[103.850206,1.373952],[103.850204,1.37393],[103.850295,1.373926],[103.850296,1.373948],[103.85035,1.373946],[103.850348,1.373924],[103.850439,1.373919],[103.850439,1.373941],[103.850464,1.37394],[103.850463,1.373918],[103.850553,1.373913],[103.850553,1.373938],[103.850568,1.373938],[103.850569,1.373977],[103.850584,1.373977],[103.850587,1.374038],[103.850372,1.374049],[103.850372,1.374068],[103.850313,1.374071],[103.850313,1.374051],[103.849693,1.374081],[103.849689,1.374022],[103.849704,1.374019]]]}},{"type":"Feature","properties":{"block_id":"4194","blk_no":"510","postal_code":"560510","region_id":"NER","region":"NORTH-EAST REGION","planning_area_id":"AM","planning_area":"ANG MO KIO","subzone_id":"AMSZ02","subzone":"CHENG SAN","lon":103.8491,"lat":1.3734,"property_match":"MATCHED","property_match_confidence":"HIGH","street":"ANG MO KIO AVE 8","residential":"Y","year_completed":1979,"building_age_2026":47,"max_floor_lvl":9,"total_dwelling_units":160,"small_flat_share_pct":100.0,"rental_share_pct":63.75,"footprint_area_m2":1138.2,"estimated_residents_2026":313.5,"estimated_elderly_65plus_2026":114.3,"estimated_elderly_share_pct":36.46,"elderly_exposure_score":92.1,"elderly_exposure_class":"VERY HIGH","estimate_confidence":"HIGH","display_name":"Block 510"},"geometry":{"type":"Polygon","coordinates":[[[103.848651,1.373296],[103.849053,1.373346],[103.849056,1.373318],[103.849111,1.373325],[103.849108,1.373355],[103.849509,1.373402],[103.849498,1.373494],[103.849477,1.373491],[103.849475,1.373509],[103.849409,1.373501],[103.849411,1.37348],[103.849395,1.373478],[103.849393,1.373499],[103.849327,1.373491],[103.849329,1.37347],[103.849315,1.373468],[103.849313,1.373489],[103.849247,1.373481],[103.849249,1.373459],[103.849235,1.373458],[103.849233,1.373479],[103.849167,1.373471],[103.849169,1.37345],[103.849155,1.373448],[103.849152,1.373469],[103.849086,1.373461],[103.849089,1.37344],[103.849049,1.373435],[103.849046,1.373456],[103.84898,1.373448],[103.848983,1.373427],[103.848969,1.373425],[103.848966,1.373446],[103.8489,1.373438],[103.848903,1.373417],[103.848888,1.373415],[103.848886,1.373436],[103.84882,1.373428],[103.848822,1.373407],[103.848808,1.373405],[103.848805,1.373427],[103.848739,1.373418],[103.848742,1.373397],[103.848728,1.373395],[103.848725,1.373416],[103.848659,1.373408],[103.848661,1.37339],[103.84864,1.373387],[103.848651,1.373296]]]}},{"type":"Feature","properties":{"block_id":"5872","blk_no":"511","postal_code":"560511","region_id":"NER","region":"NORTH-EAST REGION","planning_area_id":"AM","planning_area":"ANG MO KIO","subzone_id":"AMSZ02","subzone":"CHENG SAN","lon":103.8501,"lat":1.3736,"property_match":"MATCHED","property_match_confidence":"HIGH","street":"ANG MO KIO AVE 8","residential":"Y","year_completed":1979,"building_age_2026":47,"max_floor_lvl":12,"total_dwelling_units":110,"small_flat_share_pct":0.0,"rental_share_pct":0.0,"footprint_area_m2":1235.5,"estimated_residents_2026":299.6,"estimated_elderly_65plus_2026":73.0,"estimated_elderly_share_pct":24.36,"elderly_exposure_score":68.4,"elderly_exposure_class":"HIGH","estimate_confidence":"HIGH","display_name":"Block 511"},"geometry":{"type":"Polygon","coordinates":[[[103.850117,1.373507],[103.850131,1.373475],[103.850173,1.373474],[103.850182,1.373505],[103.850556,1.373489],[103.850559,1.373564],[103.850537,1.373567],[103.850537,1.373598],[103.850526,1.373599],[103.850525,1.373621],[103.850437,1.373625],[103.850437,1.373608],[103.850362,1.373611],[103.850362,1.373629],[103.850276,1.373634],[103.850276,1.373615],[103.850199,1.373618],[103.850197,1.373639],[103.850113,1.373643],[103.850114,1.373623],[103.850036,1.373625],[103.850035,1.373647],[103.849949,1.373651],[103.849948,1.373632],[103.849872,1.373635],[103.849872,1.373656],[103.849793,1.373661],[103.849793,1.373638],[103.849774,1.373639],[103.849772,1.373609],[103.849753,1.37361],[103.849749,1.37353],[103.850117,1.373507]]]}},{"type":"Feature","properties":{"block_id":"7257","blk_no":"512","postal_code":"560512","region_id":"NER","region":"NORTH-EAST REGION","planning_area_id":"AM","planning_area":"ANG MO KIO","subzone_id":"AMSZ02","subzone":"CHENG SAN","lon":103.8492,"lat":1.3726,"property_match":"MATCHED","property_match_confidence":"HIGH","street":"ANG MO KIO AVE 8","residential":"Y","year_completed":1979,"building_age_2026":47,"max_floor_lvl":12,"total_dwelling_units":150,"small_flat_share_pct":82.67,"rental_share_pct":0.0,"footprint_area_m2":1354.9,"estimated_residents_2026":331.9,"estimated_elderly_65plus_2026":97.8,"estimated_elderly_share_pct":29.47,"elderly_exposure_score":86.7,"elderly_exposure_class":"VERY HIGH","estimate_confidence":"HIGH","display_name":"Block 512"},"geometry":{"type":"Polygon","coordinates":[[[103.848749,1.372499],[103.848968,1.372529],[103.848971,1.372508],[103.849014,1.372514],[103.849012,1.372527],[103.849582,1.372604],[103.849572,1.372678],[103.849562,1.372677],[103.849557,1.372715],[103.849545,1.372713],[103.849542,1.372735],[103.849459,1.372724],[103.849462,1.372702],[103.849439,1.372699],[103.849436,1.372724],[103.849353,1.372712],[103.849356,1.372689],[103.849308,1.372683],[103.849305,1.372706],[103.849221,1.372694],[103.849223,1.372674],[103.849199,1.37267],[103.849196,1.372693],[103.849109,1.372681],[103.849112,1.372659],[103.84909,1.372656],[103.849087,1.372681],[103.849,1.372669],[103.849003,1.372647],[103.848959,1.372641],[103.848956,1.372664],[103.848867,1.372652],[103.84887,1.37263],[103.848847,1.372627],[103.848844,1.37265],[103.848758,1.372638],[103.848761,1.372615],[103.848747,1.372613],[103.848752,1.372576],[103.848739,1.372574],[103.848749,1.372499]]]}},{"type":"Feature","properties":{"block_id":"6202","blk_no":"513","postal_code":"560513","region_id":"NER","region":"NORTH-EAST REGION","planning_area_id":"AM","planning_area":"ANG MO KIO","subzone_id":"AMSZ02","subzone":"CHENG SAN","lon":103.8504,"lat":1.373,"property_match":"MATCHED","property_match_confidence":"HIGH","street":"ANG MO KIO AVE 8","residential":"Y","year_completed":1979,"building_age_2026":47,"max_floor_lvl":11,"total_dwelling_units":157,"small_flat_share_pct":85.35,"rental_share_pct":0.0,"footprint_area_m2":1647.5,"estimated_residents_2026":344.3,"estimated_elderly_65plus_2026":102.4,"estimated_elderly_share_pct":29.74,"elderly_exposure_score":88.5,"elderly_exposure_class":"VERY HIGH","estimate_confidence":"HIGH","display_name":"Block 513"},"geometry":{"type":"Polygon","coordinates":[[[103.849847,1.372637],[103.850267,1.372688],[103.850535,1.373034],[103.850549,1.373324],[103.850489,1.373326],[103.850487,1.373315],[103.850447,1.373316],[103.850446,1.373302],[103.850418,1.373302],[103.850415,1.373246],[103.850438,1.373245],[103.850435,1.373195],[103.850411,1.373196],[103.850406,1.37311],[103.850429,1.373109],[103.850429,1.373088],[103.850409,1.373052],[103.850389,1.373066],[103.850333,1.372993],[103.850351,1.37298],[103.850342,1.372968],[103.850323,1.372979],[103.850272,1.372911],[103.850288,1.372899],[103.850276,1.372882],[103.850258,1.372895],[103.850204,1.372826],[103.850222,1.372812],[103.850216,1.372805],[103.850188,1.372794],[103.850185,1.372818],[103.8501,1.372808],[103.850103,1.372783],[103.850084,1.37278],[103.85008,1.372804],[103.849993,1.372794],[103.849996,1.37277],[103.849948,1.372764],[103.849945,1.372788],[103.84986,1.372779],[103.849852,1.372707],[103.849841,1.372704],[103.849847,1.372637]]]}},{"type":"Feature","properties":{"block_id":"11056606","blk_no":"520","postal_code":"560520","region_id":"NER","region":"NORTH-EAST REGION","planning_area_id":"AM","planning_area":"ANG MO KIO","subzone_id":"AMSZ02","subzone":"CHENG SAN","lon":103.8511,"lat":1.3734,"property_match":"MATCHED","property_match_confidence":"HIGH","street":"ANG MO KIO AVE 5","residential":"Y","year_completed":1979,"building_age_2026":47,"max_floor_lvl":25,"total_dwelling_units":96,"small_flat_share_pct":0.0,"rental_share_pct":0.0,"footprint_area_m2":568.4,"estimated_residents_2026":302.7,"estimated_elderly_65plus_2026":60.8,"estimated_elderly_share_pct":20.08,"elderly_exposure_score":55.0,"elderly_exposure_class":"MODERATE","estimate_confidence":"HIGH","display_name":"Block 520"},"geometry":{"type":"Polygon","coordinates":[[[103.851045,1.373541],[103.851031,1.373477],[103.851016,1.37348],[103.851011,1.373449],[103.851083,1.373435],[103.851075,1.373395],[103.851003,1.373409],[103.850997,1.373378],[103.851013,1.373375],[103.851002,1.373312],[103.851094,1.373294],[103.851108,1.373353],[103.851132,1.373347],[103.851124,1.373289],[103.851216,1.373271],[103.851229,1.373334],[103.851245,1.373331],[103.851251,1.373362],[103.851178,1.373376],[103.851186,1.373416],[103.851258,1.373403],[103.851264,1.373433],[103.851248,1.373436],[103.851259,1.3735],[103.851165,1.373518],[103.851159,1.373489],[103.851135,1.373494],[103.851137,1.373523],[103.851045,1.373541]]]}},{"type":"Feature","properties":{"block_id":"11056607","blk_no":"521","postal_code":"560521","region_id":"NER","region":"NORTH-EAST REGION","planning_area_id":"AM","planning_area":"ANG MO KIO","subzone_id":"AMSZ02","subzone":"CHENG SAN","lon":103.8516,"lat":1.3736,"property_match":"MATCHED","property_match_confidence":"HIGH","street":"ANG MO KIO AVE 5","residential":"Y","year_completed":1980,"building_age_2026":46,"max_floor_lvl":25,"total_dwelling_units":96,"small_flat_share_pct":0.0,"rental_share_pct":0.0,"footprint_area_m2":566.6,"estimated_residents_2026":302.7,"estimated_elderly_65plus_2026":60.8,"estimated_elderly_share_pct":20.08,"elderly_exposure_score":55.0,"elderly_exposure_class":"MODERATE","estimate_confidence":"HIGH","display_name":"Block 521"},"geometry":{"type":"Polygon","coordinates":[[[103.851469,1.373704],[103.851456,1.373641],[103.85144,1.373644],[103.851434,1.373613],[103.851506,1.373599],[103.851499,1.373559],[103.851427,1.373573],[103.85142,1.373539],[103.851436,1.373536],[103.851426,1.373476],[103.851518,1.373458],[103.851532,1.373517],[103.851556,1.373512],[103.851548,1.373452],[103.85164,1.373435],[103.851653,1.373498],[103.851668,1.373495],[103.851674,1.373525],[103.851602,1.373539],[103.85161,1.37358],[103.851682,1.373566],[103.851688,1.373596],[103.851672,1.373599],[103.851683,1.373663],[103.851591,1.37368],[103.851583,1.373652],[103.851558,1.373657],[103.851561,1.373686],[103.851469,1.373704]]]}},{"type":"Feature","properties":{"block_id":"11056608","blk_no":"522","postal_code":"560522","region_id":"NER","region":"NORTH-EAST REGION","planning_area_id":"AM","planning_area":"ANG MO KIO","subzone_id":"AMSZ02","subzone":"CHENG SAN","lon":103.8519,"lat":1.3731,"property_match":"MATCHED","property_match_confidence":"HIGH","street":"ANG MO KIO AVE 5","residential":"Y","year_completed":1979,"building_age_2026":47,"max_floor_lvl":12,"total_dwelling_units":88,"small_flat_share_pct":0.0,"rental_share_pct":0.0,"footprint_area_m2":1042.3,"estimated_residents_2026":239.7,"estimated_elderly_65plus_2026":58.4,"estimated_elderly_share_pct":24.36,"elderly_exposure_score":51.7,"elderly_exposure_class":"MODERATE","estimate_confidence":"HIGH","display_name":"Block 522"},"geometry":{"type":"Polygon","coordinates":[[[103.851663,1.373217],[103.851657,1.373184],[103.851631,1.373191],[103.851617,1.373116],[103.85169,1.373103],[103.851684,1.373072],[103.851706,1.373068],[103.851712,1.373099],[103.851823,1.373079],[103.851819,1.373058],[103.851828,1.373043],[103.851873,1.373035],[103.851887,1.373044],[103.851891,1.373065],[103.852005,1.373042],[103.851999,1.373011],[103.852021,1.373007],[103.852027,1.373038],[103.85216,1.373011],[103.852154,1.372981],[103.852177,1.372977],[103.852183,1.373007],[103.852255,1.372993],[103.852269,1.373068],[103.852243,1.373072],[103.85225,1.373111],[103.852237,1.373111],[103.852242,1.373137],[103.852159,1.373153],[103.852154,1.373127],[103.852078,1.373141],[103.852083,1.373168],[103.852014,1.373183],[103.852,1.373184],[103.851995,1.373158],[103.851919,1.373173],[103.851924,1.373199],[103.851855,1.373214],[103.851841,1.373215],[103.851836,1.373188],[103.85176,1.373202],[103.851765,1.373229],[103.851696,1.373244],[103.851682,1.373245],[103.851677,1.373219],[103.851663,1.373217]]]}},{"type":"Feature","properties":{"block_id":"11056610","blk_no":"523","postal_code":"560523","region_id":"NER","region":"NORTH-EAST REGION","planning_area_id":"AM","planning_area":"ANG MO KIO","subzone_id":"AMSZ02","subzone":"CHENG SAN","lon":103.8528,"lat":1.3729,"property_match":"MATCHED","property_match_confidence":"HIGH","street":"ANG MO KIO AVE 5","residential":"Y","year_completed":1979,"building_age_2026":47,"max_floor_lvl":13,"total_dwelling_units":192,"small_flat_share_pct":87.5,"rental_share_pct":0.52,"footprint_area_m2":1578.3,"estimated_residents_2026":416.8,"estimated_elderly_65plus_2026":125.2,"estimated_elderly_share_pct":30.05,"elderly_exposure_score":94.3,"elderly_exposure_class":"VERY HIGH","estimate_confidence":"HIGH","display_name":"Block 523"},"geometry":{"type":"Polygon","coordinates":[[[103.8525,1.373082],[103.852417,1.373098],[103.852412,1.373072],[103.852398,1.373074],[103.852391,1.373036],[103.852378,1.373039],[103.852365,1.372971],[103.852488,1.372948],[103.852483,1.37292],[103.852505,1.372915],[103.852511,1.372943],[103.852829,1.372882],[103.852825,1.372859],[103.852875,1.37285],[103.852879,1.372873],[103.8532,1.37281],[103.853195,1.372782],[103.853218,1.372778],[103.853223,1.372806],[103.853346,1.372782],[103.853357,1.37285],[103.853345,1.372852],[103.853352,1.372891],[103.853339,1.372893],[103.853344,1.37292],[103.853261,1.372936],[103.853256,1.372909],[103.853207,1.372918],[103.853212,1.372945],[103.853129,1.372962],[103.853124,1.372934],[103.853101,1.372939],[103.853106,1.372966],[103.853023,1.372982],[103.853018,1.372955],[103.853002,1.372957],[103.852993,1.372959],[103.852998,1.372986],[103.852915,1.373003],[103.852909,1.372976],[103.85284,1.372991],[103.852844,1.373016],[103.852761,1.373032],[103.852756,1.373005],[103.852733,1.37301],[103.852739,1.373037],[103.852655,1.373053],[103.852648,1.373026],[103.852627,1.37303],[103.852633,1.373057],[103.852549,1.373073],[103.852543,1.373046],[103.852495,1.373055],[103.8525,1.373082]]]}},{"type":"Feature","properties":{"block_id":"11056609","blk_no":"524","postal_code":"560524","region_id":"NER","region":"NORTH-EAST REGION","planning_area_id":"AM","planning_area":"ANG MO KIO","subzone_id":"AMSZ02","subzone":"CHENG SAN","lon":103.8531,"lat":1.3734,"property_match":"MATCHED","property_match_confidence":"HIGH","street":"ANG MO KIO AVE 5","residential":"Y","year_completed":1979,"building_age_2026":47,"max_floor_lvl":12,"total_dwelling_units":195,"small_flat_share_pct":87.18,"rental_share_pct":0.51,"footprint_area_m2":1755.5,"estimated_residents_2026":425.0,"estimated_elderly_65plus_2026":127.1,"estimated_elderly_share_pct":29.91,"elderly_exposure_score":94.6,"elderly_exposure_class":"VERY HIGH","estimate_confidence":"HIGH","display_name":"Block 524"},"geometry":{"type":"Polygon","coordinates":[[[103.852493,1.373431],[103.852506,1.373423],[103.852503,1.373388],[103.852516,1.373383],[103.852513,1.373356],[103.852598,1.373348],[103.8526,1.373375],[103.852623,1.373373],[103.852621,1.373346],[103.852705,1.373338],[103.852708,1.373366],[103.852757,1.37336],[103.852755,1.373333],[103.852839,1.373325],[103.852842,1.373353],[103.852865,1.37335],[103.852862,1.373323],[103.852947,1.373315],[103.852949,1.373343],[103.85302,1.373336],[103.853018,1.373308],[103.853102,1.3733],[103.853105,1.373328],[103.85313,1.373326],[103.853127,1.373298],[103.853212,1.37329],[103.853215,1.373317],[103.853227,1.373316],[103.853237,1.373315],[103.853235,1.373288],[103.853319,1.37328],[103.853322,1.373307],[103.853371,1.373303],[103.853369,1.373275],[103.853453,1.373267],[103.853456,1.373295],[103.853479,1.373293],[103.853476,1.373265],[103.853561,1.373257],[103.853563,1.373285],[103.853577,1.373287],[103.853581,1.373324],[103.853593,1.373321],[103.8536,1.373389],[103.853369,1.373411],[103.853372,1.373439],[103.853349,1.373441],[103.853346,1.373413],[103.85302,1.373444],[103.853022,1.373467],[103.852972,1.373472],[103.85297,1.373452],[103.852753,1.373469],[103.852756,1.373497],[103.852733,1.373499],[103.852731,1.373471],[103.852499,1.373492],[103.852493,1.373431]]]}},{"type":"Feature","properties":{"block_id":"4044","blk_no":"525","postal_code":"560525","region_id":"NER","region":"NORTH-EAST REGION","planning_area_id":"AM","planning_area":"ANG MO KIO","subzone_id":"AMSZ02","subzone":"CHENG SAN","lon":103.8539,"lat":1.3727,"property_match":"MATCHED","property_match_confidence":"HIGH","street":"ANG MO KIO AVE 10","residential":"N","year_completed":1979,"building_age_2026":47,"max_floor_lvl":2,"total_dwelling_units":0,"small_flat_share_pct":null,"rental_share_pct":null,"footprint_area_m2":819.1,"estimated_residents_2026":0.0,"estimated_elderly_65plus_2026":0.0,"estimated_elderly_share_pct":null,"elderly_exposure_score":null,"elderly_exposure_class":null,"estimate_confidence":"HIGH","display_name":"Block 525"},"geometry":{"type":"Polygon","coordinates":[[[103.853792,1.372608],[103.854132,1.372511],[103.854162,1.372622],[103.854151,1.372625],[103.854156,1.372645],[103.854142,1.372653],[103.854073,1.37267],[103.854066,1.372646],[103.854042,1.372653],[103.854049,1.372677],[103.853984,1.372699],[103.853967,1.372701],[103.853961,1.372677],[103.853937,1.372684],[103.853944,1.372707],[103.8539,1.372723],[103.853904,1.372738],[103.853935,1.372729],[103.853951,1.372773],[103.853973,1.372767],[103.853997,1.372849],[103.853972,1.372856],[103.853975,1.372866],[103.85387,1.372895],[103.853792,1.372608]]]}},{"type":"Feature","properties":{"block_id":"11050883","blk_no":"526","postal_code":"560526","region_id":"NER","region":"NORTH-EAST REGION","planning_area_id":"AM","planning_area":"ANG MO KIO","subzone_id":"AMSZ02","subzone":"CHENG SAN","lon":103.8541,"lat":1.3731,"property_match":"MATCHED","property_match_confidence":"HIGH","street":"ANG MO KIO AVE 10","residential":"N","year_completed":1979,"building_age_2026":47,"max_floor_lvl":2,"total_dwelling_units":0,"small_flat_share_pct":null,"rental_share_pct":null,"footprint_area_m2":569.3,"estimated_residents_2026":0.0,"estimated_elderly_65plus_2026":0.0,"estimated_elderly_share_pct":null,"elderly_exposure_score":null,"elderly_exposure_class":null,"estimate_confidence":"HIGH","display_name":"Block 526"},"geometry":{"type":"Polygon","coordinates":[[[103.853924,1.37304],[103.854218,1.372958],[103.854226,1.372984],[103.854234,1.372982],[103.854265,1.373095],[103.853949,1.373181],[103.85392,1.373073],[103.853933,1.373073],[103.853924,1.37304]]]}},{"type":"Feature","properties":{"block_id":"11050882","blk_no":"527","postal_code":"560527","region_id":"NER","region":"NORTH-EAST REGION","planning_area_id":"AM","planning_area":"ANG MO KIO","subzone_id":"AMSZ02","subzone":"CHENG SAN","lon":103.8545,"lat":1.3728,"property_match":"MATCHED","property_match_confidence":"HIGH","street":"ANG MO KIO AVE 10","residential":"N","year_completed":2004,"building_age_2026":22,"max_floor_lvl":1,"total_dwelling_units":0,"small_flat_share_pct":null,"rental_share_pct":null,"footprint_area_m2":3943.3,"estimated_residents_2026":0.0,"estimated_elderly_65plus_2026":0.0,"estimated_elderly_share_pct":null,"elderly_exposure_score":null,"elderly_exposure_class":null,"estimate_confidence":"HIGH","display_name":"Block 527"},"geometry":{"type":"Polygon","coordinates":[[[103.854333,1.373132],[103.854318,1.37308],[103.854265,1.373095],[103.854225,1.372961],[103.85424,1.372952],[103.854207,1.372829],[103.854247,1.372819],[103.854162,1.372496],[103.854587,1.372374],[103.854728,1.372888],[103.85472,1.372894],[103.854741,1.372895],[103.854744,1.372882],[103.854771,1.372896],[103.854789,1.372922],[103.85479,1.372962],[103.854769,1.372994],[103.854746,1.373006],[103.854712,1.373006],[103.854715,1.372993],[103.854693,1.372981],[103.854703,1.37299],[103.854648,1.373047],[103.85454,1.373113],[103.854404,1.373145],[103.854349,1.373144],[103.854333,1.373132]]]}},{"type":"Feature","properties":{"block_id":"6658","blk_no":"528","postal_code":"560528","region_id":"NER","region":"NORTH-EAST REGION","planning_area_id":"AM","planning_area":"ANG MO KIO","subzone_id":"AMSZ02","subzone":"CHENG SAN","lon":103.8549,"lat":1.3726,"property_match":"MATCHED","property_match_confidence":"HIGH","street":"ANG MO KIO AVE 10","residential":"N","year_completed":1980,"building_age_2026":46,"max_floor_lvl":3,"total_dwelling_units":0,"small_flat_share_pct":null,"rental_share_pct":null,"footprint_area_m2":1214.9,"estimated_residents_2026":0.0,"estimated_elderly_65plus_2026":0.0,"estimated_elderly_share_pct":null,"elderly_exposure_score":null,"elderly_exposure_class":null,"estimate_confidence":"HIGH","display_name":"Block 528"},"geometry":{"type":"Polygon","coordinates":[[[103.85482,1.372812],[103.85473,1.372479],[103.854783,1.372465],[103.854792,1.3725],[103.854819,1.372492],[103.854776,1.372336],[103.854902,1.372301],[103.855036,1.372794],[103.854796,1.372859],[103.854787,1.372821],[103.85482,1.372812]]]}},{"type":"Feature","properties":{"block_id":"5188","blk_no":"529","postal_code":"560529","region_id":"NER","region":"NORTH-EAST REGION","planning_area_id":"AM","planning_area":"ANG MO KIO","subzone_id":"AMSZ02","subzone":"CHENG SAN","lon":103.8558,"lat":1.3726,"property_match":"MATCHED","property_match_confidence":"HIGH","street":"ANG MO KIO AVE 10","residential":"Y","year_completed":1979,"building_age_2026":47,"max_floor_lvl":2,"total_dwelling_units":2,"small_flat_share_pct":50.0,"rental_share_pct":0.0,"footprint_area_m2":2441.5,"estimated_residents_2026":5.2,"estimated_elderly_65plus_2026":1.3,"estimated_elderly_share_pct":24.48,"elderly_exposure_score":0.0,"elderly_exposure_class":"VERY LOW","estimate_confidence":"HIGH","display_name":"Block 529"},"geometry":{"type":"Polygon","coordinates":[[[103.854955,1.372284],[103.85534,1.372178],[103.855956,1.372605],[103.855664,1.373031],[103.855571,1.372966],[103.855578,1.372955],[103.855559,1.372942],[103.855561,1.372927],[103.855591,1.372882],[103.855605,1.372875],[103.855624,1.372888],[103.855636,1.37287],[103.855617,1.372857],[103.855622,1.37284],[103.855665,1.372785],[103.855685,1.372799],[103.855698,1.372779],[103.855679,1.372766],[103.855685,1.372751],[103.855727,1.372696],[103.855746,1.37271],[103.855773,1.372676],[103.8558,1.372695],[103.855808,1.372682],[103.855773,1.372652],[103.855785,1.372633],[103.855767,1.372621],[103.855753,1.37264],[103.855738,1.372635],[103.855693,1.372603],[103.855683,1.372589],[103.855696,1.372571],[103.855679,1.372559],[103.855667,1.372576],[103.855652,1.372573],[103.855604,1.37254],[103.855595,1.372528],[103.855609,1.372507],[103.855591,1.372494],[103.855576,1.372515],[103.855513,1.372478],[103.855506,1.372465],[103.85552,1.372445],[103.855511,1.372439],[103.855497,1.372459],[103.855317,1.372334],[103.855331,1.372312],[103.855314,1.3723],[103.855283,1.372308],[103.85529,1.372334],[103.855278,1.372343],[103.855207,1.372356],[103.8552,1.372334],[103.85518,1.372339],[103.855186,1.372361],[103.855172,1.372368],[103.855106,1.372384],[103.855099,1.372361],[103.855078,1.372367],[103.855084,1.37239],[103.855003,1.372411],[103.854997,1.372389],[103.854984,1.372393],[103.854955,1.372284]]]}},{"type":"Feature","properties":{"block_id":"4983","blk_no":"530","postal_code":"560530","region_id":"NER","region":"NORTH-EAST REGION","planning_area_id":"AM","planning_area":"ANG MO KIO","subzone_id":"AMSZ02","subzone":"CHENG SAN","lon":103.8553,"lat":1.3728,"property_match":"MATCHED","property_match_confidence":"HIGH","street":"ANG MO KIO AVE 10","residential":"Y","year_completed":1979,"building_age_2026":47,"max_floor_lvl":2,"total_dwelling_units":3,"small_flat_share_pct":100.0,"rental_share_pct":0.0,"footprint_area_m2":692.8,"estimated_residents_2026":6.3,"estimated_elderly_65plus_2026":2.0,"estimated_elderly_share_pct":31.11,"elderly_exposure_score":0.2,"elderly_exposure_class":"VERY LOW","estimate_confidence":"HIGH","display_name":"Block 530"},"geometry":{"type":"Polygon","coordinates":[[[103.85506,1.372668],[103.855072,1.372664],[103.855066,1.372642],[103.855133,1.372619],[103.855148,1.372622],[103.855154,1.372644],[103.855224,1.372625],[103.855277,1.372656],[103.855293,1.372632],[103.855473,1.372757],[103.855454,1.372785],[103.855473,1.372798],[103.855412,1.372888],[103.855204,1.372745],[103.85509,1.372776],[103.85506,1.372668]]]}},{"type":"Feature","properties":{"block_id":"4513","blk_no":"531","postal_code":"560531","region_id":"NER","region":"NORTH-EAST REGION","planning_area_id":"AM","planning_area":"ANG MO KIO","subzone_id":"AMSZ02","subzone":"CHENG SAN","lon":103.8542,"lat":1.3734,"property_match":"MATCHED","property_match_confidence":"HIGH","street":"ANG MO KIO AVE 10","residential":"Y","year_completed":1979,"building_age_2026":47,"max_floor_lvl":2,"total_dwelling_units":2,"small_flat_share_pct":50.0,"rental_share_pct":0.0,"footprint_area_m2":1421.7,"estimated_residents_2026":5.2,"estimated_elderly_65plus_2026":1.3,"estimated_elderly_share_pct":24.48,"elderly_exposure_score":0.0,"elderly_exposure_class":"VERY LOW","estimate_confidence":"HIGH","display_name":"Block 531"},"geometry":{"type":"Polygon","coordinates":[[[103.854591,1.373238],[103.854817,1.373394],[103.854754,1.373486],[103.854741,1.373478],[103.854727,1.373498],[103.85471,1.373493],[103.854665,1.373461],[103.854656,1.373449],[103.854669,1.37343],[103.854652,1.373418],[103.854639,1.373437],[103.854579,1.373403],[103.854584,1.373396],[103.854569,1.373386],[103.854582,1.373367],[103.854564,1.373354],[103.854538,1.373357],[103.85454,1.37338],[103.854524,1.373384],[103.854456,1.373388],[103.854454,1.373364],[103.854429,1.373366],[103.854432,1.373391],[103.854347,1.373399],[103.854345,1.373379],[103.854324,1.373381],[103.854326,1.373401],[103.854255,1.373412],[103.854241,1.373409],[103.854238,1.373384],[103.854202,1.373388],[103.854205,1.373415],[103.853986,1.373436],[103.853983,1.373405],[103.853958,1.373407],[103.853948,1.373301],[103.854591,1.373238]]]}},{"type":"Feature","properties":{"block_id":"6057","blk_no":"532","postal_code":"560532","region_id":"NER","region":"NORTH-EAST REGION","planning_area_id":"AM","planning_area":"ANG MO KIO","subzone_id":"AMSZ02","subzone":"CHENG SAN","lon":103.8544,"lat":1.3738,"property_match":"MATCHED","property_match_confidence":"HIGH","street":"ANG MO KIO AVE 10","residential":"Y","year_completed":1979,"building_age_2026":47,"max_floor_lvl":2,"total_dwelling_units":3,"small_flat_share_pct":100.0,"rental_share_pct":0.0,"footprint_area_m2":2674.0,"estimated_residents_2026":6.3,"estimated_elderly_65plus_2026":2.0,"estimated_elderly_share_pct":31.11,"elderly_exposure_score":0.2,"elderly_exposure_class":"VERY LOW","estimate_confidence":"HIGH","display_name":"Block 532"},"geometry":{"type":"Polygon","coordinates":[[[103.854096,1.373604],[103.854098,1.373622],[103.854123,1.373619],[103.854127,1.373634],[103.85413,1.373705],[103.854107,1.373707],[103.854109,1.373729],[103.854132,1.373727],[103.854137,1.373772],[103.854145,1.373771],[103.854138,1.37371],[103.85421,1.373698],[103.854225,1.373701],[103.854227,1.373727],[103.854248,1.373724],[103.854245,1.3737],[103.854263,1.373692],[103.854318,1.373686],[103.854332,1.373691],[103.854335,1.373713],[103.854357,1.373711],[103.854355,1.37369],[103.854369,1.373681],[103.854424,1.373675],[103.854439,1.37368],[103.854442,1.373703],[103.854505,1.373697],[103.854561,1.373737],[103.854574,1.373717],[103.854589,1.373721],[103.85464,1.373763],[103.854627,1.373782],[103.854647,1.373795],[103.854659,1.373777],[103.854675,1.373779],[103.854719,1.373809],[103.85473,1.373823],[103.854716,1.373844],[103.854769,1.37388],[103.854787,1.373853],[103.85495,1.373964],[103.854975,1.373928],[103.854917,1.373889],[103.854924,1.373879],[103.854904,1.373866],[103.854941,1.373805],[103.854952,1.373795],[103.854972,1.373809],[103.854985,1.37379],[103.854966,1.373776],[103.855,1.373715],[103.855015,1.373705],[103.855033,1.373718],[103.855045,1.373701],[103.855025,1.373687],[103.855046,1.373647],[103.855032,1.373638],[103.855015,1.373663],[103.85498,1.373643],[103.854967,1.373662],[103.854896,1.373615],[103.854909,1.373595],[103.854898,1.373588],[103.854961,1.373494],[103.855205,1.37366],[103.854904,1.374107],[103.854474,1.37381],[103.854009,1.373859],[103.853984,1.373616],[103.854096,1.373604]]]}},{"type":"Feature","properties":{"block_id":"11056987","blk_no":"533","postal_code":"560533","region_id":"NER","region":"NORTH-EAST REGION","planning_area_id":"AM","planning_area":"ANG MO KIO","subzone_id":"AMSZ02","subzone":"CHENG SAN","lon":103.853,"lat":1.3742,"property_match":"MATCHED","property_match_confidence":"HIGH","street":"ANG MO KIO AVE 5","residential":"Y","year_completed":1979,"building_age_2026":47,"max_floor_lvl":12,"total_dwelling_units":151,"small_flat_share_pct":83.44,"rental_share_pct":0.0,"footprint_area_m2":1498.2,"estimated_residents_2026":333.0,"estimated_elderly_65plus_2026":98.5,"estimated_elderly_share_pct":29.58,"elderly_exposure_score":87.0,"elderly_exposure_class":"VERY HIGH","estimate_confidence":"HIGH","display_name":"Block 533"},"geometry":{"type":"Polygon","coordinates":[[[103.853197,1.374042],[103.853201,1.374089],[103.853447,1.374069],[103.853464,1.374159],[103.853451,1.37416],[103.853452,1.374177],[103.853439,1.374178],[103.853441,1.374203],[103.85322,1.374224],[103.853218,1.374199],[103.853181,1.374202],[103.853183,1.374226],[103.852847,1.374258],[103.852845,1.374235],[103.852809,1.374237],[103.852811,1.374262],[103.85259,1.374282],[103.852587,1.374258],[103.852574,1.374259],[103.85257,1.374218],[103.852556,1.374219],[103.85255,1.374147],[103.852773,1.374126],[103.852771,1.374111],[103.85283,1.374106],[103.852832,1.374123],[103.853177,1.37409],[103.853173,1.374044],[103.853197,1.374042]]]}},{"type":"Feature","properties":{"block_id":"11056988","blk_no":"534","postal_code":"560534","region_id":"NER","region":"NORTH-EAST REGION","planning_area_id":"AM","planning_area":"ANG MO KIO","subzone_id":"AMSZ02","subzone":"CHENG SAN","lon":103.8538,"lat":1.3741,"property_match":"MATCHED","property_match_confidence":"HIGH","street":"ANG MO KIO AVE 10","residential":"Y","year_completed":1979,"building_age_2026":47,"max_floor_lvl":12,"total_dwelling_units":218,"small_flat_share_pct":88.99,"rental_share_pct":1.38,"footprint_area_m2":2029.6,"estimated_residents_2026":472.1,"estimated_elderly_65plus_2026":142.1,"estimated_elderly_share_pct":30.1,"elderly_exposure_score":96.6,"elderly_exposure_class":"VERY HIGH","estimate_confidence":"HIGH","display_name":"Block 534"},"geometry":{"type":"Polygon","coordinates":[[[103.853699,1.374002],[103.853706,1.374049],[103.853731,1.374046],[103.85373,1.374038],[103.854018,1.37402],[103.854015,1.373992],[103.85406,1.373988],[103.854063,1.374016],[103.854088,1.374013],[103.854087,1.374003],[103.854429,1.373977],[103.854628,1.37411],[103.854623,1.374117],[103.854647,1.374133],[103.854675,1.374096],[103.854695,1.37411],[103.854671,1.374145],[103.854773,1.374216],[103.854734,1.374272],[103.854724,1.374265],[103.854704,1.374294],[103.854692,1.374288],[103.854676,1.374312],[103.854606,1.374263],[103.854619,1.374243],[103.854578,1.374215],[103.854565,1.374235],[103.854488,1.374182],[103.854504,1.374159],[103.854492,1.37415],[103.854476,1.374173],[103.854406,1.374124],[103.854422,1.374101],[103.854409,1.374097],[103.854444,1.374048],[103.854414,1.37403],[103.854384,1.374032],[103.854389,1.374092],[103.854374,1.37409],[103.854377,1.374117],[103.854185,1.374135],[103.854182,1.374107],[103.854159,1.37411],[103.854162,1.374137],[103.854078,1.374145],[103.854075,1.374118],[103.854025,1.374122],[103.854028,1.374154],[103.853724,1.374182],[103.853722,1.374159],[103.853682,1.374162],[103.853684,1.374186],[103.85359,1.374195],[103.853587,1.374168],[103.853574,1.374169],[103.85357,1.374131],[103.853557,1.374132],[103.85355,1.374051],[103.853626,1.374044],[103.853627,1.374056],[103.85368,1.374051],[103.853675,1.374005],[103.853699,1.374002]]]}},{"type":"Feature","properties":{"block_id":"11056986","blk_no":"535","postal_code":"560535","region_id":"NER","region":"NORTH-EAST REGION","planning_area_id":"AM","planning_area":"ANG MO KIO","subzone_id":"AMSZ02","subzone":"CHENG SAN","lon":103.8531,"lat":1.3746,"property_match":"MATCHED","property_match_confidence":"HIGH","street":"ANG MO KIO AVE 5","residential":"Y","year_completed":1979,"building_age_2026":47,"max_floor_lvl":12,"total_dwelling_units":150,"small_flat_share_pct":82.67,"rental_share_pct":0.0,"footprint_area_m2":1490.0,"estimated_residents_2026":331.9,"estimated_elderly_65plus_2026":97.8,"estimated_elderly_share_pct":29.47,"elderly_exposure_score":86.7,"elderly_exposure_class":"VERY HIGH","estimate_confidence":"HIGH","display_name":"Block 535"},"geometry":{"type":"Polygon","coordinates":[[[103.852882,1.374698],[103.852857,1.374701],[103.852854,1.37466],[103.852608,1.37468],[103.852599,1.37467],[103.852594,1.374615],[103.852607,1.374613],[103.852604,1.374571],[103.852617,1.37457],[103.852616,1.374547],[103.852836,1.374525],[103.852838,1.37455],[103.852874,1.374546],[103.852873,1.374522],[103.853207,1.37449],[103.85321,1.374515],[103.853247,1.374511],[103.853244,1.374487],[103.853465,1.374465],[103.853467,1.374489],[103.853481,1.374488],[103.853485,1.374529],[103.853499,1.374529],[103.853505,1.374599],[103.853282,1.374621],[103.853284,1.374637],[103.853238,1.374641],[103.853237,1.374625],[103.852878,1.374658],[103.852882,1.374698]]]}},{"type":"Feature","properties":{"block_id":"12285","blk_no":"536","postal_code":"560536","region_id":"NER","region":"NORTH-EAST REGION","planning_area_id":"AM","planning_area":"ANG MO KIO","subzone_id":"AMSZ02","subzone":"CHENG SAN","lon":103.854,"lat":1.3745,"property_match":"MATCHED","property_match_confidence":"HIGH","street":"ANG MO KIO AVE 10","residential":"Y","year_completed":1979,"building_age_2026":47,"max_floor_lvl":12,"total_dwelling_units":151,"small_flat_share_pct":83.44,"rental_share_pct":0.0,"footprint_area_m2":1316.0,"estimated_residents_2026":333.0,"estimated_elderly_65plus_2026":98.5,"estimated_elderly_share_pct":29.58,"elderly_exposure_score":87.0,"elderly_exposure_class":"VERY HIGH","estimate_confidence":"HIGH","display_name":"Block 536"},"geometry":{"type":"Polygon","coordinates":[[[103.854267,1.374525],[103.853998,1.374553],[103.853997,1.374543],[103.853952,1.374547],[103.853955,1.374576],[103.853911,1.37458],[103.853909,1.374557],[103.853689,1.374578],[103.853684,1.374511],[103.853695,1.37451],[103.853692,1.374471],[103.853706,1.37447],[103.853703,1.374441],[103.853787,1.374433],[103.85379,1.374457],[103.853813,1.374455],[103.853811,1.374431],[103.853894,1.374424],[103.853896,1.374447],[103.853946,1.374443],[103.853944,1.374419],[103.854028,1.374411],[103.85403,1.374435],[103.854053,1.374433],[103.854051,1.374409],[103.854135,1.374401],[103.854137,1.374425],[103.85416,1.374423],[103.854158,1.374399],[103.854242,1.374392],[103.854244,1.374416],[103.854284,1.374413],[103.854287,1.374452],[103.854317,1.374462],[103.854359,1.374423],[103.854428,1.374472],[103.854412,1.374495],[103.854431,1.374509],[103.854446,1.374486],[103.854517,1.374535],[103.8545,1.374559],[103.854511,1.374566],[103.854488,1.374598],[103.854498,1.374605],[103.854461,1.37466],[103.854267,1.374525]]]}},{"type":"Feature","properties":{"block_id":"11056985","blk_no":"537","postal_code":"560537","region_id":"NER","region":"NORTH-EAST REGION","planning_area_id":"AM","planning_area":"ANG MO KIO","subzone_id":"AMSZ02","subzone":"CHENG SAN","lon":103.8531,"lat":1.3752,"property_match":"MATCHED","property_match_confidence":"HIGH","street":"ANG MO KIO AVE 5","residential":"Y","year_completed":1979,"building_age_2026":47,"max_floor_lvl":12,"total_dwelling_units":110,"small_flat_share_pct":0.0,"rental_share_pct":0.0,"footprint_area_m2":1173.9,"estimated_residents_2026":299.6,"estimated_elderly_65plus_2026":73.0,"estimated_elderly_share_pct":24.36,"elderly_exposure_score":68.4,"elderly_exposure_class":"HIGH","estimate_confidence":"HIGH","display_name":"Block 537"},"geometry":{"type":"Polygon","coordinates":[[[103.852744,1.375138],[103.852748,1.375184],[103.852886,1.375172],[103.852881,1.375124],[103.852905,1.375121],[103.85291,1.375169],[103.853036,1.375158],[103.853032,1.375112],[103.853077,1.375108],[103.853081,1.375153],[103.853207,1.375142],[103.853203,1.375094],[103.853227,1.375092],[103.853231,1.375139],[103.853369,1.375127],[103.853364,1.37508],[103.853388,1.375078],[103.853393,1.375124],[103.853462,1.375118],[103.853471,1.375215],[103.853432,1.375218],[103.853434,1.375241],[103.85335,1.375249],[103.853347,1.375225],[103.853271,1.375232],[103.853273,1.375256],[103.853188,1.375264],[103.853187,1.375241],[103.85311,1.375249],[103.853112,1.375271],[103.853027,1.375279],[103.853026,1.375256],[103.852949,1.375264],[103.852951,1.375286],[103.852866,1.375294],[103.852864,1.375271],[103.852788,1.375279],[103.85279,1.375301],[103.852706,1.375309],[103.852703,1.375286],[103.852664,1.37529],[103.852655,1.375193],[103.852723,1.375187],[103.852718,1.375141],[103.852744,1.375138]]]}},{"type":"Feature","properties":{"block_id":"12240","blk_no":"538","postal_code":"560538","region_id":"NER","region":"NORTH-EAST REGION","planning_area_id":"AM","planning_area":"ANG MO KIO","subzone_id":"AMSZ02","subzone":"CHENG SAN","lon":103.8537,"lat":1.3754,"property_match":"MATCHED","property_match_confidence":"HIGH","street":"ANG MO KIO AVE 5","residential":"Y","year_completed":1979,"building_age_2026":47,"max_floor_lvl":10,"total_dwelling_units":215,"small_flat_share_pct":91.16,"rental_share_pct":3.26,"footprint_area_m2":2400.0,"estimated_residents_2026":462.2,"estimated_elderly_65plus_2026":140.1,"estimated_elderly_share_pct":30.32,"elderly_exposure_score":96.3,"elderly_exposure_class":"VERY HIGH","estimate_confidence":"HIGH","display_name":"Block 538"},"geometry":{"type":"Polygon","coordinates":[[[103.852828,1.375717],[103.852699,1.375729],[103.852691,1.375648],[103.85271,1.375646],[103.852706,1.375613],[103.85272,1.375612],[103.852717,1.375585],[103.852802,1.375577],[103.852804,1.375601],[103.852854,1.375596],[103.852852,1.375572],[103.852936,1.375564],[103.852938,1.375588],[103.852961,1.375586],[103.852959,1.375562],[103.853043,1.375554],[103.853046,1.375582],[103.853069,1.37558],[103.853066,1.375552],[103.853151,1.375544],[103.853153,1.375568],[103.853203,1.375563],[103.853201,1.37554],[103.853285,1.375532],[103.853287,1.375556],[103.85331,1.375554],[103.853308,1.375529],[103.853392,1.375521],[103.853394,1.375547],[103.853418,1.375545],[103.853415,1.37552],[103.8535,1.375512],[103.853502,1.375536],[103.853516,1.375534],[103.853545,1.375511],[103.853525,1.375497],[103.853574,1.375427],[103.853593,1.375441],[103.853607,1.375422],[103.853587,1.375408],[103.853635,1.375338],[103.853658,1.375354],[103.853671,1.375335],[103.853648,1.375319],[103.853696,1.375249],[103.853716,1.375263],[103.853729,1.375243],[103.853709,1.37523],[103.853758,1.37516],[103.853779,1.375174],[103.8538,1.375141],[103.853814,1.375151],[103.853847,1.375148],[103.853843,1.375115],[103.853883,1.375115],[103.853881,1.375087],[103.853966,1.375079],[103.853968,1.375107],[103.853981,1.375106],[103.853985,1.375146],[103.853998,1.375143],[103.854004,1.375211],[103.853882,1.375218],[103.853592,1.375638],[103.853568,1.375636],[103.853571,1.375669],[103.853548,1.375671],[103.853545,1.375638],[103.85321,1.375669],[103.853212,1.375697],[103.853167,1.375701],[103.853165,1.375674],[103.853033,1.375686],[103.853034,1.375698],[103.852852,1.375714],[103.852855,1.375749],[103.852831,1.375752],[103.852828,1.375717]]]}},{"type":"Feature","properties":{"block_id":"8498","blk_no":"539","postal_code":"560539","region_id":"NER","region":"NORTH-EAST REGION","planning_area_id":"AM","planning_area":"ANG MO KIO","subzone_id":"AMSZ02","subzone":"CHENG SAN","lon":103.8543,"lat":1.3754,"property_match":"MATCHED","property_match_confidence":"HIGH","street":"ANG MO KIO AVE 10","residential":"Y","year_completed":1979,"building_age_2026":47,"max_floor_lvl":25,"total_dwelling_units":96,"small_flat_share_pct":0.0,"rental_share_pct":0.0,"footprint_area_m2":582.9,"estimated_residents_2026":302.7,"estimated_elderly_65plus_2026":60.8,"estimated_elderly_share_pct":20.08,"elderly_exposure_score":55.0,"elderly_exposure_class":"MODERATE","estimate_confidence":"HIGH","display_name":"Block 539"},"geometry":{"type":"Polygon","coordinates":[[[103.854139,1.375438],[103.854136,1.375407],[103.854209,1.3754],[103.854205,1.37536],[103.854131,1.375367],[103.854127,1.375335],[103.854145,1.375334],[103.854139,1.37527],[103.854236,1.375261],[103.854237,1.375276],[103.854263,1.375273],[103.854261,1.375259],[103.854358,1.375249],[103.854364,1.375311],[103.85438,1.37531],[103.854384,1.375343],[103.854311,1.375349],[103.854315,1.37539],[103.854387,1.375384],[103.854389,1.375415],[103.854373,1.375415],[103.854378,1.375479],[103.854281,1.375489],[103.854279,1.375462],[103.854256,1.375464],[103.854259,1.375492],[103.854161,1.375501],[103.854154,1.375437],[103.854139,1.375438]]]}},{"type":"Feature","properties":{"block_id":"7084","blk_no":"540","postal_code":"560540","region_id":"NER","region":"NORTH-EAST REGION","planning_area_id":"AM","planning_area":"ANG MO KIO","subzone_id":"AMSZ02","subzone":"CHENG SAN","lon":103.8552,"lat":1.3751,"property_match":"MATCHED","property_match_confidence":"HIGH","street":"ANG MO KIO AVE 10","residential":"Y","year_completed":1980,"building_age_2026":46,"max_floor_lvl":12,"total_dwelling_units":192,"small_flat_share_pct":79.69,"rental_share_pct":0.0,"footprint_area_m2":1821.5,"estimated_residents_2026":428.9,"estimated_elderly_65plus_2026":125.3,"estimated_elderly_share_pct":29.21,"elderly_exposure_score":94.3,"elderly_exposure_class":"VERY HIGH","estimate_confidence":"HIGH","display_name":"Block 540"},"geometry":{"type":"Polygon","coordinates":[[[103.855181,1.375275],[103.855126,1.375279],[103.855125,1.375258],[103.855116,1.375258],[103.855109,1.37512],[103.855097,1.375098],[103.854953,1.374996],[103.85499,1.374942],[103.855001,1.374949],[103.855025,1.374917],[103.855035,1.374924],[103.855051,1.374902],[103.85512,1.374951],[103.855107,1.37497],[103.855125,1.374982],[103.855138,1.374962],[103.855197,1.375005],[103.855188,1.375017],[103.855202,1.37505],[103.855213,1.375049],[103.855221,1.375151],[103.855244,1.37515],[103.855251,1.375233],[103.855228,1.375236],[103.855231,1.375267],[103.855263,1.375264],[103.855262,1.375244],[103.855346,1.375235],[103.855348,1.375256],[103.855372,1.375253],[103.855371,1.375234],[103.855456,1.375226],[103.855457,1.375246],[103.855481,1.375245],[103.855478,1.375223],[103.855563,1.375216],[103.855565,1.375237],[103.855587,1.375234],[103.855585,1.375214],[103.85567,1.375206],[103.855671,1.375228],[103.855721,1.375223],[103.855718,1.375202],[103.855804,1.375193],[103.855806,1.375215],[103.855828,1.375213],[103.855827,1.375191],[103.855915,1.375183],[103.855917,1.37521],[103.855929,1.375209],[103.855932,1.375249],[103.855947,1.375248],[103.855952,1.375316],[103.85519,1.375384],[103.855181,1.375275]]]}},{"type":"Feature","properties":{"block_id":"7576","blk_no":"541","postal_code":"560541","region_id":"NER","region":"NORTH-EAST REGION","planning_area_id":"AM","planning_area":"ANG MO KIO","subzone_id":"AMSZ02","subzone":"CHENG SAN","lon":103.8556,"lat":1.374,"property_match":"MATCHED","property_match_confidence":"HIGH","street":"ANG MO KIO AVE 10","residential":"Y","year_completed":1979,"building_age_2026":47,"max_floor_lvl":8,"total_dwelling_units":191,"small_flat_share_pct":86.39,"rental_share_pct":0.0,"footprint_area_m2":2650.5,"estimated_residents_2026":418.1,"estimated_elderly_65plus_2026":124.5,"estimated_elderly_share_pct":29.77,"elderly_exposure_score":94.1,"elderly_exposure_class":"VERY HIGH","estimate_confidence":"HIGH","display_name":"Block 541"},"geometry":{"type":"Polygon","coordinates":[[[103.855412,1.374347],[103.855364,1.374413],[103.855342,1.374397],[103.855331,1.374415],[103.855351,1.37443],[103.855303,1.3745],[103.855283,1.374489],[103.855276,1.374499],[103.85531,1.374505],[103.855325,1.374588],[103.855303,1.374592],[103.855314,1.374656],[103.855302,1.374659],[103.855305,1.374687],[103.855321,1.374698],[103.855278,1.374758],[103.855251,1.374739],[103.855242,1.374751],[103.855211,1.374729],[103.855203,1.374739],[103.855148,1.3747],[103.8552,1.374627],[103.855171,1.374456],[103.855648,1.373776],[103.855628,1.373761],[103.855652,1.373725],[103.855674,1.373741],[103.855999,1.373263],[103.856059,1.373306],[103.856051,1.373317],[103.856082,1.37334],[103.856075,1.373351],[103.856095,1.373365],[103.856047,1.373433],[103.85603,1.37342],[103.856001,1.373461],[103.85602,1.373475],[103.855971,1.373544],[103.855951,1.373529],[103.855921,1.373571],[103.855942,1.373586],[103.855893,1.373656],[103.855873,1.373642],[103.85586,1.37366],[103.855881,1.373675],[103.855831,1.373745],[103.855811,1.373731],[103.855798,1.37375],[103.855818,1.373765],[103.855768,1.373836],[103.855747,1.373821],[103.855719,1.373861],[103.85574,1.373876],[103.855692,1.373945],[103.855672,1.373931],[103.855657,1.373952],[103.855678,1.373967],[103.855629,1.374037],[103.855608,1.374022],[103.855595,1.37404],[103.855617,1.374056],[103.855568,1.374125],[103.855546,1.374109],[103.855532,1.374129],[103.855555,1.374145],[103.855507,1.374214],[103.855484,1.374198],[103.855455,1.374239],[103.855477,1.374255],[103.855427,1.374325],[103.855406,1.37431],[103.855391,1.374332],[103.855412,1.374347]]]}},{"type":"Feature","properties":{"block_id":"4037","blk_no":"542","postal_code":"560542","region_id":"NER","region":"NORTH-EAST REGION","planning_area_id":"AM","planning_area":"ANG MO KIO","subzone_id":"AMSZ02","subzone":"CHENG SAN","lon":103.8559,"lat":1.3747,"property_match":"MATCHED","property_match_confidence":"HIGH","street":"ANG MO KIO AVE 10","residential":"Y","year_completed":1979,"building_age_2026":47,"max_floor_lvl":12,"total_dwelling_units":131,"small_flat_share_pct":82.44,"rental_share_pct":0.76,"footprint_area_m2":1142.2,"estimated_residents_2026":289.0,"estimated_elderly_65plus_2026":85.5,"estimated_elderly_share_pct":29.59,"elderly_exposure_score":79.3,"elderly_exposure_class":"HIGH","estimate_confidence":"HIGH","display_name":"Block 542"},"geometry":{"type":"Polygon","coordinates":[[[103.856059,1.374925],[103.856021,1.374899],[103.856009,1.374919],[103.855936,1.374868],[103.855949,1.374848],[103.855931,1.374834],[103.855918,1.374855],[103.855847,1.374804],[103.855861,1.374785],[103.855842,1.374771],[103.855828,1.37479],[103.855758,1.374741],[103.85577,1.374722],[103.855733,1.374694],[103.855718,1.374714],[103.855647,1.374663],[103.85566,1.374643],[103.855642,1.37463],[103.855628,1.374649],[103.855558,1.3746],[103.855585,1.374541],[103.855575,1.374532],[103.855614,1.374478],[103.855793,1.374604],[103.855808,1.374583],[103.855846,1.37461],[103.855831,1.37463],[103.856213,1.374901],[103.856175,1.374955],[103.856164,1.374947],[103.856142,1.37498],[103.856131,1.374971],[103.856115,1.374993],[103.856046,1.374945],[103.856059,1.374925]]]}},{"type":"Feature","properties":{"block_id":"8648","blk_no":"543","postal_code":"560543","region_id":"NER","region":"NORTH-EAST REGION","planning_area_id":"AM","planning_area":"ANG MO KIO","subzone_id":"AMSZ02","subzone":"CHENG SAN","lon":103.8562,"lat":1.3743,"property_match":"MATCHED","property_match_confidence":"HIGH","street":"ANG MO KIO AVE 10","residential":"Y","year_completed":1979,"building_age_2026":47,"max_floor_lvl":12,"total_dwelling_units":110,"small_flat_share_pct":0.0,"rental_share_pct":0.91,"footprint_area_m2":1277.2,"estimated_residents_2026":299.3,"estimated_elderly_65plus_2026":73.0,"estimated_elderly_share_pct":24.38,"elderly_exposure_score":68.4,"elderly_exposure_class":"HIGH","estimate_confidence":"HIGH","display_name":"Block 543"},"geometry":{"type":"Polygon","coordinates":[[[103.856218,1.374391],[103.856201,1.374395],[103.856162,1.374368],[103.856173,1.374336],[103.855869,1.374119],[103.855911,1.374059],[103.855933,1.374074],[103.855956,1.374043],[103.855968,1.374051],[103.855984,1.374028],[103.856055,1.374079],[103.85604,1.374101],[103.8561,1.374144],[103.856116,1.374122],[103.856184,1.374171],[103.85617,1.374191],[103.856232,1.374236],[103.856247,1.374214],[103.856315,1.374263],[103.8563,1.374284],[103.856363,1.374329],[103.856379,1.374306],[103.856449,1.374354],[103.856432,1.374375],[103.856494,1.37442],[103.856509,1.374396],[103.85658,1.374445],[103.856564,1.374467],[103.856575,1.374474],[103.856553,1.374505],[103.856576,1.374522],[103.856533,1.374584],[103.856229,1.374372],[103.856218,1.374391]]]}},{"type":"Feature","properties":{"block_id":"3025","blk_no":"544","postal_code":"560544","region_id":"NER","region":"NORTH-EAST REGION","planning_area_id":"AM","planning_area":"ANG MO KIO","subzone_id":"AMSZ02","subzone":"CHENG SAN","lon":103.8565,"lat":1.3739,"property_match":"MATCHED","property_match_confidence":"HIGH","street":"ANG MO KIO AVE 10","residential":"Y","year_completed":1979,"building_age_2026":47,"max_floor_lvl":12,"total_dwelling_units":110,"small_flat_share_pct":0.0,"rental_share_pct":0.0,"footprint_area_m2":1280.8,"estimated_residents_2026":299.6,"estimated_elderly_65plus_2026":73.0,"estimated_elderly_share_pct":24.36,"elderly_exposure_score":68.4,"elderly_exposure_class":"HIGH","estimate_confidence":"HIGH","display_name":"Block 544"},"geometry":{"type":"Polygon","coordinates":[[[103.856549,1.373896],[103.856537,1.37393],[103.85684,1.374146],[103.856798,1.374206],[103.856776,1.37419],[103.856756,1.37422],[103.856744,1.374212],[103.856728,1.374234],[103.856659,1.374187],[103.856674,1.374166],[103.856611,1.374121],[103.856595,1.374144],[103.856524,1.374093],[103.85654,1.374072],[103.856478,1.374028],[103.856464,1.374049],[103.856394,1.373999],[103.856408,1.373979],[103.856345,1.373934],[103.856329,1.373956],[103.856259,1.373906],[103.856274,1.373885],[103.856211,1.373839],[103.856195,1.373861],[103.856127,1.373813],[103.856156,1.373756],[103.856133,1.37374],[103.856179,1.373675],[103.856482,1.373891],[103.85651,1.373868],[103.856549,1.373896]]]}},{"type":"Feature","properties":{"block_id":"4481","blk_no":"545","postal_code":"560545","region_id":"NER","region":"NORTH-EAST REGION","planning_area_id":"AM","planning_area":"ANG MO KIO","subzone_id":"AMSZ02","subzone":"CHENG SAN","lon":103.8563,"lat":1.3732,"property_match":"MATCHED","property_match_confidence":"HIGH","street":"ANG MO KIO AVE 10","residential":"Y","year_completed":1980,"building_age_2026":46,"max_floor_lvl":25,"total_dwelling_units":96,"small_flat_share_pct":0.0,"rental_share_pct":0.0,"footprint_area_m2":586.1,"estimated_residents_2026":302.7,"estimated_elderly_65plus_2026":60.8,"estimated_elderly_share_pct":20.08,"elderly_exposure_score":55.0,"elderly_exposure_class":"MODERATE","estimate_confidence":"HIGH","display_name":"Block 545"},"geometry":{"type":"Polygon","coordinates":[[[103.856254,1.373263],[103.856234,1.373247],[103.856221,1.373267],[103.856138,1.37321],[103.856175,1.373158],[103.856159,1.373146],[103.856176,1.373122],[103.856239,1.373165],[103.856261,1.373129],[103.8562,1.373089],[103.856216,1.373061],[103.856235,1.373074],[103.85627,1.373022],[103.856451,1.373151],[103.856414,1.373201],[103.856426,1.373209],[103.856408,1.373235],[103.856347,1.373193],[103.856325,1.373226],[103.856387,1.373268],[103.856371,1.373295],[103.856354,1.373286],[103.856321,1.373339],[103.856239,1.373281],[103.856254,1.373263]]]}},{"type":"Feature","properties":{"block_id":"3749","blk_no":"546","postal_code":"560546","region_id":"NER","region":"NORTH-EAST REGION","planning_area_id":"AM","planning_area":"ANG MO KIO","subzone_id":"AMSZ02","subzone":"CHENG SAN","lon":103.8571,"lat":1.3737,"property_match":"MATCHED","property_match_confidence":"HIGH","street":"ANG MO KIO AVE 10","residential":"Y","year_completed":1980,"building_age_2026":46,"max_floor_lvl":12,"total_dwelling_units":110,"small_flat_share_pct":0.0,"rental_share_pct":0.91,"footprint_area_m2":1283.8,"estimated_residents_2026":299.3,"estimated_elderly_65plus_2026":73.0,"estimated_elderly_share_pct":24.38,"elderly_exposure_score":68.4,"elderly_exposure_class":"HIGH","estimate_confidence":"HIGH","display_name":"Block 546"},"geometry":{"type":"Polygon","coordinates":[[[103.857043,1.373557],[103.857083,1.373575],[103.857081,1.373609],[103.857416,1.373767],[103.857384,1.373837],[103.857359,1.373825],[103.857343,1.373859],[103.857331,1.373853],[103.85732,1.373878],[103.857239,1.37384],[103.85725,1.373816],[103.857183,1.373785],[103.857172,1.373807],[103.857097,1.373772],[103.857107,1.373751],[103.857036,1.373717],[103.857026,1.373739],[103.856951,1.373704],[103.856962,1.373681],[103.856891,1.373647],[103.856881,1.37367],[103.856805,1.373635],[103.856816,1.373612],[103.856748,1.37358],[103.856737,1.373603],[103.856658,1.373566],[103.856669,1.373542],[103.856656,1.373536],[103.856672,1.373503],[103.856647,1.373491],[103.85668,1.373421],[103.85702,1.373581],[103.857043,1.373557]]]}},{"type":"Feature","properties":{"block_id":"1684","blk_no":"547","postal_code":"560547","region_id":"NER","region":"NORTH-EAST REGION","planning_area_id":"AM","planning_area":"ANG MO KIO","subzone_id":"AMSZ02","subzone":"CHENG SAN","lon":103.8582,"lat":1.3742,"property_match":"MATCHED","property_match_confidence":"HIGH","street":"ANG MO KIO AVE 10","residential":"Y","year_completed":1980,"building_age_2026":46,"max_floor_lvl":12,"total_dwelling_units":110,"small_flat_share_pct":0.0,"rental_share_pct":0.0,"footprint_area_m2":1204.2,"estimated_residents_2026":299.6,"estimated_elderly_65plus_2026":73.0,"estimated_elderly_share_pct":24.36,"elderly_exposure_score":68.4,"elderly_exposure_class":"HIGH","estimate_confidence":"HIGH","display_name":"Block 547"},"geometry":{"type":"Polygon","coordinates":[[[103.858548,1.37438],[103.858532,1.374416],[103.85852,1.374409],[103.858508,1.374434],[103.858431,1.374397],[103.858443,1.374373],[103.858373,1.374342],[103.858363,1.374364],[103.858285,1.374329],[103.858295,1.374304],[103.858228,1.374273],[103.858216,1.374295],[103.858139,1.37426],[103.858149,1.374237],[103.85808,1.374203],[103.858069,1.374228],[103.857991,1.37419],[103.858003,1.374166],[103.857933,1.374134],[103.857923,1.374157],[103.857845,1.374121],[103.857856,1.374098],[103.857844,1.374092],[103.85786,1.374058],[103.857836,1.374046],[103.857867,1.373979],[103.857934,1.37401],[103.857954,1.373966],[103.857975,1.373976],[103.857947,1.374036],[103.85807,1.374094],[103.858091,1.37405],[103.858112,1.37406],[103.858092,1.374104],[103.858196,1.374153],[103.858213,1.374118],[103.858229,1.374112],[103.85827,1.374131],[103.858276,1.374147],[103.858259,1.374183],[103.858363,1.374231],[103.858384,1.374188],[103.858405,1.374198],[103.858385,1.374242],[103.858508,1.374299],[103.858535,1.374239],[103.858557,1.374249],[103.858537,1.374293],[103.858605,1.374325],[103.858573,1.374393],[103.858548,1.37438]]]}},{"type":"Feature","properties":{"block_id":"3862","blk_no":"548","postal_code":"560548","region_id":"NER","region":"NORTH-EAST REGION","planning_area_id":"AM","planning_area":"ANG MO KIO","subzone_id":"AMSZ02","subzone":"CHENG SAN","lon":103.8571,"lat":1.3729,"property_match":"MATCHED","property_match_confidence":"HIGH","street":"ANG MO KIO AVE 10","residential":"Y","year_completed":1980,"building_age_2026":46,"max_floor_lvl":4,"total_dwelling_units":8,"small_flat_share_pct":50.0,"rental_share_pct":0.0,"footprint_area_m2":470.6,"estimated_residents_2026":19.3,"estimated_elderly_65plus_2026":5.3,"estimated_elderly_share_pct":27.29,"elderly_exposure_score":1.4,"elderly_exposure_class":"VERY LOW","estimate_confidence":"HIGH","display_name":"Block 548"},"geometry":{"type":"Polygon","coordinates":[[[103.857053,1.372744],[103.857119,1.372776],[103.857103,1.372806],[103.857167,1.372848],[103.85713,1.372922],[103.857102,1.37291],[103.857081,1.372958],[103.85711,1.372972],[103.857073,1.373048],[103.857046,1.373035],[103.857039,1.373047],[103.857002,1.373028],[103.856988,1.373059],[103.856922,1.37303],[103.857053,1.372744]]]}},{"type":"Feature","properties":{"block_id":"4746","blk_no":"549","postal_code":"560549","region_id":"NER","region":"NORTH-EAST REGION","planning_area_id":"AM","planning_area":"ANG MO KIO","subzone_id":"AMSZ02","subzone":"CHENG SAN","lon":103.8574,"lat":1.3732,"property_match":"MATCHED","property_match_confidence":"HIGH","street":"ANG MO KIO AVE 10","residential":"Y","year_completed":1980,"building_age_2026":46,"max_floor_lvl":16,"total_dwelling_units":118,"small_flat_share_pct":72.88,"rental_share_pct":0.85,"footprint_area_m2":817.6,"estimated_residents_2026":267.9,"estimated_elderly_65plus_2026":77.1,"estimated_elderly_share_pct":28.79,"elderly_exposure_score":72.8,"elderly_exposure_class":"HIGH","estimate_confidence":"HIGH","display_name":"Block 549"},"geometry":{"type":"Polygon","coordinates":[[[103.857197,1.373014],[103.85722,1.373025],[103.857231,1.373],[103.85731,1.373037],[103.857301,1.373057],[103.857344,1.373077],[103.857353,1.373056],[103.857431,1.373092],[103.85742,1.373114],[103.857441,1.373124],[103.85745,1.373104],[103.857528,1.37314],[103.857518,1.373161],[103.857564,1.373183],[103.857575,1.373161],[103.857652,1.373197],[103.857641,1.373222],[103.857653,1.373228],[103.857637,1.373262],[103.857652,1.373269],[103.857625,1.373326],[103.857517,1.373284],[103.857507,1.373305],[103.857463,1.373285],[103.857472,1.373265],[103.857152,1.373111],[103.857197,1.373014]]]}},{"type":"Feature","properties":{"block_id":"6576","blk_no":"550","postal_code":"560550","region_id":"NER","region":"NORTH-EAST REGION","planning_area_id":"AM","planning_area":"ANG MO KIO","subzone_id":"AMSZ02","subzone":"CHENG SAN","lon":103.8582,"lat":1.3736,"property_match":"MATCHED","property_match_confidence":"HIGH","street":"ANG MO KIO AVE 10","residential":"Y","year_completed":1980,"building_age_2026":46,"max_floor_lvl":16,"total_dwelling_units":144,"small_flat_share_pct":75.0,"rental_share_pct":0.0,"footprint_area_m2":990.8,"estimated_residents_2026":326.6,"estimated_elderly_65plus_2026":94.0,"estimated_elderly_share_pct":28.78,"elderly_exposure_score":84.9,"elderly_exposure_class":"VERY HIGH","estimate_confidence":"HIGH","display_name":"Block 550"},"geometry":{"type":"Polygon","coordinates":[[[103.857978,1.37342],[103.858055,1.373456],[103.858045,1.373478],[103.85809,1.373499],[103.8581,1.373477],[103.858177,1.373514],[103.858167,1.373534],[103.858188,1.373545],[103.858197,1.373523],[103.858274,1.37356],[103.858265,1.373581],[103.85831,1.373602],[103.85832,1.373581],[103.858397,1.373617],[103.858387,1.373638],[103.858407,1.373648],[103.858417,1.373626],[103.858495,1.373663],[103.858484,1.373688],[103.858497,1.373694],[103.85848,1.373729],[103.858491,1.373735],[103.858461,1.373796],[103.858261,1.373702],[103.858252,1.373723],[103.85821,1.373704],[103.85822,1.373683],[103.858031,1.373594],[103.858014,1.373631],[103.857993,1.373621],[103.85801,1.373585],[103.857896,1.373531],[103.857924,1.373469],[103.857938,1.373475],[103.857954,1.373439],[103.857966,1.373445],[103.857978,1.37342]]]}},{"type":"Feature","properties":{"block_id":"3705","blk_no":"551","postal_code":"560551","region_id":"NER","region":"NORTH-EAST REGION","planning_area_id":"AM","planning_area":"ANG MO KIO","subzone_id":"AMSZ02","subzone":"CHENG SAN","lon":103.8587,"lat":1.3739,"property_match":"MATCHED","property_match_confidence":"HIGH","street":"ANG MO KIO AVE 10","residential":"Y","year_completed":1980,"building_age_2026":46,"max_floor_lvl":25,"total_dwelling_units":96,"small_flat_share_pct":0.0,"rental_share_pct":0.0,"footprint_area_m2":594.0,"estimated_residents_2026":302.7,"estimated_elderly_65plus_2026":60.8,"estimated_elderly_share_pct":20.08,"elderly_exposure_score":55.0,"elderly_exposure_class":"MODERATE","estimate_confidence":"HIGH","display_name":"Block 551"},"geometry":{"type":"Polygon","coordinates":[[[103.858716,1.374081],[103.858629,1.37404],[103.858639,1.374018],[103.858617,1.374008],[103.858607,1.37403],[103.858518,1.373988],[103.858545,1.373929],[103.858527,1.37392],[103.85854,1.373891],[103.858609,1.373923],[103.858625,1.373889],[103.858557,1.373857],[103.85857,1.373827],[103.858588,1.373835],[103.858615,1.373778],[103.858815,1.373872],[103.858788,1.373931],[103.858803,1.373938],[103.85879,1.373966],[103.858724,1.373935],[103.858707,1.373971],[103.858773,1.374002],[103.85876,1.37403],[103.858746,1.374023],[103.858716,1.374081]]]}},{"type":"Feature","properties":{"block_id":"149","blk_no":"552","postal_code":"560552","region_id":"NER","region":"NORTH-EAST REGION","planning_area_id":"AM","planning_area":"ANG MO KIO","subzone_id":"AMSZ02","subzone":"CHENG SAN","lon":103.8568,"lat":1.3723,"property_match":"MATCHED","property_match_confidence":"HIGH","street":"ANG MO KIO AVE 10","residential":"Y","year_completed":1979,"building_age_2026":47,"max_floor_lvl":25,"total_dwelling_units":96,"small_flat_share_pct":0.0,"rental_share_pct":0.0,"footprint_area_m2":584.3,"estimated_residents_2026":302.7,"estimated_elderly_65plus_2026":60.8,"estimated_elderly_share_pct":20.08,"elderly_exposure_score":55.0,"elderly_exposure_class":"MODERATE","estimate_confidence":"HIGH","display_name":"Block 552"},"geometry":{"type":"Polygon","coordinates":[[[103.856779,1.372113],[103.856864,1.372153],[103.856853,1.372177],[103.856879,1.37219],[103.856892,1.372166],[103.85698,1.372204],[103.856952,1.372261],[103.856968,1.372268],[103.856954,1.372297],[103.856888,1.372266],[103.85687,1.372304],[103.856937,1.372335],[103.856923,1.372365],[103.856907,1.372358],[103.856883,1.372414],[103.856796,1.372376],[103.856805,1.372355],[103.856779,1.372341],[103.856765,1.372364],[103.856683,1.372324],[103.85671,1.372267],[103.856687,1.372257],[103.856701,1.372226],[103.856767,1.372256],[103.856784,1.372219],[103.856718,1.372188],[103.856731,1.372159],[103.856753,1.372169],[103.856779,1.372113]]]}},{"type":"Feature","properties":{"block_id":"4987","blk_no":"553","postal_code":"560553","region_id":"NER","region":"NORTH-EAST REGION","planning_area_id":"AM","planning_area":"ANG MO KIO","subzone_id":"AMSZ02","subzone":"CHENG SAN","lon":103.8572,"lat":1.3726,"property_match":"MATCHED","property_match_confidence":"HIGH","street":"ANG MO KIO AVE 10","residential":"Y","year_completed":1979,"building_age_2026":47,"max_floor_lvl":25,"total_dwelling_units":96,"small_flat_share_pct":0.0,"rental_share_pct":0.0,"footprint_area_m2":568.6,"estimated_residents_2026":302.7,"estimated_elderly_65plus_2026":60.8,"estimated_elderly_share_pct":20.08,"elderly_exposure_score":55.0,"elderly_exposure_class":"MODERATE","estimate_confidence":"HIGH","display_name":"Block 553"},"geometry":{"type":"Polygon","coordinates":[[[103.857185,1.372451],[103.857266,1.372489],[103.857256,1.372514],[103.857285,1.372527],[103.857295,1.372503],[103.857381,1.372545],[103.857355,1.372602],[103.857371,1.372609],[103.857359,1.372638],[103.857293,1.372609],[103.857276,1.372648],[103.85734,1.372677],[103.857327,1.372703],[103.857311,1.372695],[103.857285,1.37275],[103.857202,1.372712],[103.857211,1.372693],[103.857178,1.37268],[103.857166,1.372699],[103.857087,1.372661],[103.857115,1.372605],[103.857098,1.372596],[103.857112,1.372567],[103.857177,1.372596],[103.857193,1.37256],[103.857128,1.37253],[103.857142,1.372502],[103.857159,1.372509],[103.857185,1.372451]]]}},{"type":"Feature","properties":{"block_id":"2939","blk_no":"554","postal_code":"560554","region_id":"NER","region":"NORTH-EAST REGION","planning_area_id":"AM","planning_area":"ANG MO KIO","subzone_id":"AMSZ02","subzone":"CHENG SAN","lon":103.8578,"lat":1.3728,"property_match":"MATCHED","property_match_confidence":"HIGH","street":"ANG MO KIO AVE 10","residential":"Y","year_completed":1980,"building_age_2026":46,"max_floor_lvl":4,"total_dwelling_units":20,"small_flat_share_pct":80.0,"rental_share_pct":0.0,"footprint_area_m2":994.7,"estimated_residents_2026":44.4,"estimated_elderly_65plus_2026":13.1,"estimated_elderly_share_pct":29.45,"elderly_exposure_score":5.8,"elderly_exposure_class":"VERY LOW","estimate_confidence":"HIGH","display_name":"Block 554"},"geometry":{"type":"Polygon","coordinates":[[[103.857863,1.372547],[103.857868,1.372535],[103.857901,1.37255],[103.857916,1.372518],[103.85798,1.372548],[103.857712,1.373139],[103.857647,1.373107],[103.857652,1.373096],[103.857594,1.373055],[103.85763,1.372978],[103.857655,1.37299],[103.857676,1.372945],[103.857651,1.372934],[103.857687,1.372856],[103.857711,1.372867],[103.857721,1.372845],[103.857699,1.372834],[103.857734,1.372756],[103.857759,1.372768],[103.857779,1.372723],[103.857752,1.37271],[103.857788,1.372632],[103.857815,1.372645],[103.857825,1.372623],[103.8578,1.372611],[103.857835,1.372535],[103.857863,1.372547]]]}},{"type":"Feature","properties":{"block_id":"8122","blk_no":"555","postal_code":"560555","region_id":"NER","region":"NORTH-EAST REGION","planning_area_id":"AM","planning_area":"ANG MO KIO","subzone_id":"AMSZ02","subzone":"CHENG SAN","lon":103.857,"lat":1.3712,"property_match":"MATCHED","property_match_confidence":"HIGH","street":"ANG MO KIO AVE 10","residential":"Y","year_completed":1979,"building_age_2026":47,"max_floor_lvl":2,"total_dwelling_units":3,"small_flat_share_pct":100.0,"rental_share_pct":0.0,"footprint_area_m2":2260.8,"estimated_residents_2026":6.3,"estimated_elderly_65plus_2026":2.0,"estimated_elderly_share_pct":31.11,"elderly_exposure_score":0.2,"elderly_exposure_class":"VERY LOW","estimate_confidence":"HIGH","display_name":"Block 555"},"geometry":{"type":"Polygon","coordinates":[[[103.857023,1.37075],[103.857028,1.370494],[103.857158,1.370494],[103.857159,1.370734],[103.85713,1.370735],[103.857129,1.370783],[103.857155,1.370787],[103.857143,1.37087],[103.857119,1.370868],[103.857116,1.370892],[103.85714,1.370895],[103.857128,1.370979],[103.857105,1.370976],[103.857102,1.370999],[103.857125,1.371002],[103.857115,1.371088],[103.857091,1.371084],[103.857088,1.371107],[103.857111,1.37111],[103.8571,1.371194],[103.857077,1.371192],[103.85707,1.371243],[103.857094,1.371247],[103.857082,1.37133],[103.857059,1.371328],[103.857055,1.371352],[103.857079,1.371354],[103.857068,1.371438],[103.857044,1.371435],[103.857041,1.37146],[103.857064,1.371463],[103.857054,1.371548],[103.85703,1.371545],[103.857028,1.371567],[103.857051,1.371571],[103.857039,1.371655],[103.857014,1.371653],[103.857003,1.371713],[103.857028,1.37172],[103.857005,1.371803],[103.856983,1.371797],[103.856976,1.371821],[103.856999,1.371827],[103.856978,1.371907],[103.856955,1.371901],[103.856951,1.371913],[103.856843,1.371884],[103.856903,1.37166],[103.857023,1.37075]]]}},{"type":"Feature","properties":{"block_id":"8425","blk_no":"556","postal_code":"560556","region_id":"NER","region":"NORTH-EAST REGION","planning_area_id":"AM","planning_area":"ANG MO KIO","subzone_id":"AMSZ02","subzone":"CHENG SAN","lon":103.8576,"lat":1.372,"property_match":"MATCHED","property_match_confidence":"HIGH","street":"ANG MO KIO AVE 10","residential":"Y","year_completed":1979,"building_age_2026":47,"max_floor_lvl":13,"total_dwelling_units":189,"small_flat_share_pct":85.71,"rental_share_pct":1.06,"footprint_area_m2":1551.0,"estimated_residents_2026":413.7,"estimated_elderly_65plus_2026":123.2,"estimated_elderly_share_pct":29.79,"elderly_exposure_score":93.9,"elderly_exposure_class":"VERY HIGH","estimate_confidence":"HIGH","display_name":"Block 556"},"geometry":{"type":"Polygon","coordinates":[[[103.857146,1.371896],[103.857158,1.371899],[103.857168,1.371861],[103.857182,1.371864],[103.857188,1.371839],[103.857269,1.371861],[103.857262,1.371886],[103.857311,1.371899],[103.857317,1.371875],[103.857399,1.371897],[103.857393,1.37192],[103.857414,1.371926],[103.85742,1.371904],[103.857502,1.371926],[103.857496,1.371948],[103.857518,1.371954],[103.857524,1.371931],[103.857607,1.371953],[103.8576,1.371976],[103.857673,1.371996],[103.857679,1.371973],[103.85776,1.371995],[103.857753,1.372019],[103.857776,1.372025],[103.857782,1.372002],[103.857864,1.372024],[103.857858,1.372047],[103.857879,1.372053],[103.857886,1.372028],[103.85797,1.372051],[103.857964,1.372075],[103.85801,1.372087],[103.858016,1.372064],[103.858098,1.372086],[103.858091,1.372111],[103.858104,1.372114],[103.858093,1.372153],[103.858108,1.372157],[103.858091,1.372223],[103.857634,1.372099],[103.857628,1.372121],[103.85758,1.372108],[103.857586,1.372086],[103.857128,1.371962],[103.857146,1.371896]]]}},{"type":"Feature","properties":{"block_id":"3736","blk_no":"557","postal_code":"560557","region_id":"NER","region":"NORTH-EAST REGION","planning_area_id":"AM","planning_area":"ANG MO KIO","subzone_id":"AMSZ02","subzone":"CHENG SAN","lon":103.8577,"lat":1.3716,"property_match":"MATCHED","property_match_confidence":"HIGH","street":"ANG MO KIO AVE 10","residential":"Y","year_completed":1979,"building_age_2026":47,"max_floor_lvl":13,"total_dwelling_units":187,"small_flat_share_pct":84.49,"rental_share_pct":0.53,"footprint_area_m2":1575.6,"estimated_residents_2026":411.7,"estimated_elderly_65plus_2026":121.9,"estimated_elderly_share_pct":29.61,"elderly_exposure_score":93.7,"elderly_exposure_class":"VERY HIGH","estimate_confidence":"HIGH","display_name":"Block 557"},"geometry":{"type":"Polygon","coordinates":[[[103.857266,1.371547],[103.857253,1.371544],[103.857263,1.371506],[103.85725,1.371503],[103.857269,1.371435],[103.857723,1.371557],[103.857729,1.371536],[103.857779,1.37155],[103.857773,1.371571],[103.858235,1.371695],[103.858217,1.371762],[103.8582,1.371758],[103.85819,1.371797],[103.858177,1.371794],[103.85817,1.371818],[103.858088,1.371796],[103.858095,1.371772],[103.858046,1.371759],[103.85804,1.371782],[103.857959,1.371761],[103.857966,1.371738],[103.857943,1.371731],[103.857937,1.371756],[103.857855,1.371733],[103.857861,1.371709],[103.857838,1.371703],[103.857832,1.371727],[103.857751,1.371705],[103.857757,1.371681],[103.857686,1.371662],[103.857679,1.371685],[103.857597,1.371663],[103.857603,1.37164],[103.857581,1.371634],[103.857575,1.371657],[103.857493,1.371635],[103.8575,1.371612],[103.857477,1.371606],[103.857471,1.371628],[103.85739,1.371606],[103.857396,1.371584],[103.857346,1.37157],[103.85734,1.371593],[103.85726,1.371572],[103.857266,1.371547]]]}},{"type":"Feature","properties":{"block_id":"4313","blk_no":"558","postal_code":"560558","region_id":"NER","region":"NORTH-EAST REGION","planning_area_id":"AM","planning_area":"ANG MO KIO","subzone_id":"AMSZ02","subzone":"CHENG SAN","lon":103.8592,"lat":1.3713,"property_match":"MATCHED","property_match_confidence":"HIGH","street":"ANG MO KIO AVE 10","residential":"Y","year_completed":1979,"building_age_2026":47,"max_floor_lvl":13,"total_dwelling_units":190,"small_flat_share_pct":86.32,"rental_share_pct":1.05,"footprint_area_m2":1570.8,"estimated_residents_2026":414.4,"estimated_elderly_65plus_2026":123.9,"estimated_elderly_share_pct":29.9,"elderly_exposure_score":93.9,"elderly_exposure_class":"VERY HIGH","estimate_confidence":"HIGH","display_name":"Block 558"},"geometry":{"type":"Polygon","coordinates":[[[103.859665,1.371164],[103.859665,1.371192],[103.859678,1.371196],[103.859678,1.371231],[103.859691,1.371231],[103.859691,1.371299],[103.859566,1.371299],[103.859566,1.371327],[103.859543,1.371327],[103.859543,1.371299],[103.859219,1.371298],[103.859219,1.371321],[103.859168,1.371321],[103.859168,1.371298],[103.858841,1.371298],[103.858842,1.371328],[103.858819,1.371328],[103.858818,1.371298],[103.858695,1.371298],[103.858695,1.37123],[103.858707,1.37123],[103.858707,1.371195],[103.85872,1.371191],[103.858721,1.371163],[103.858805,1.371163],[103.858805,1.371191],[103.858855,1.371191],[103.858855,1.371163],[103.85894,1.371163],[103.85894,1.371181],[103.858963,1.371181],[103.858963,1.371164],[103.859048,1.371163],[103.859048,1.371181],[103.859071,1.371181],[103.859071,1.371164],[103.859156,1.371164],[103.859156,1.371191],[103.859229,1.371191],[103.859229,1.371163],[103.859314,1.371164],[103.859314,1.371186],[103.859337,1.371186],[103.859337,1.371164],[103.859422,1.371164],[103.859422,1.371186],[103.859445,1.371186],[103.859445,1.371164],[103.85953,1.371164],[103.85953,1.371192],[103.85958,1.371192],[103.85958,1.371164],[103.859665,1.371164]]]}},{"type":"Feature","properties":{"block_id":"5663","blk_no":"559","postal_code":"560559","region_id":"NER","region":"NORTH-EAST REGION","planning_area_id":"AM","planning_area":"ANG MO KIO","subzone_id":"AMSZ02","subzone":"CHENG SAN","lon":103.8579,"lat":1.371,"property_match":"MATCHED","property_match_confidence":"HIGH","street":"ANG MO KIO AVE 10","residential":"Y","year_completed":1979,"building_age_2026":47,"max_floor_lvl":13,"total_dwelling_units":188,"small_flat_share_pct":85.11,"rental_share_pct":0.53,"footprint_area_m2":1570.8,"estimated_residents_2026":412.7,"estimated_elderly_65plus_2026":122.6,"estimated_elderly_share_pct":29.7,"elderly_exposure_score":93.8,"elderly_exposure_class":"VERY HIGH","estimate_confidence":"HIGH","display_name":"Block 559"},"geometry":{"type":"Polygon","coordinates":[[[103.858086,1.370949],[103.858108,1.370949],[103.858109,1.370926],[103.858194,1.370926],[103.858194,1.370949],[103.858243,1.370949],[103.858243,1.370925],[103.858327,1.370925],[103.858327,1.370951],[103.85834,1.370951],[103.85834,1.370992],[103.858356,1.370992],[103.858356,1.371061],[103.857882,1.371061],[103.857882,1.371084],[103.857833,1.371084],[103.857833,1.371061],[103.857358,1.371061],[103.857358,1.370992],[103.857371,1.370992],[103.857371,1.370951],[103.857385,1.370951],[103.857385,1.370927],[103.857469,1.370927],[103.857469,1.37095],[103.857519,1.37095],[103.857519,1.370926],[103.857605,1.370926],[103.857605,1.370949],[103.857626,1.370949],[103.857626,1.370926],[103.857713,1.370926],[103.857713,1.37095],[103.857735,1.37095],[103.857735,1.370926],[103.85782,1.370927],[103.85782,1.370949],[103.857893,1.370949],[103.857893,1.370926],[103.857978,1.370926],[103.857978,1.370949],[103.858,1.370949],[103.858001,1.370926],[103.858086,1.370927],[103.858086,1.370949]]]}},{"type":"Feature","properties":{"block_id":"5337","blk_no":"560","postal_code":"560560","region_id":"NER","region":"NORTH-EAST REGION","planning_area_id":"AM","planning_area":"ANG MO KIO","subzone_id":"AMSZ02","subzone":"CHENG SAN","lon":103.8592,"lat":1.3708,"property_match":"MATCHED","property_match_confidence":"HIGH","street":"ANG MO KIO AVE 10","residential":"Y","year_completed":1979,"building_age_2026":47,"max_floor_lvl":13,"total_dwelling_units":190,"small_flat_share_pct":86.32,"rental_share_pct":0.53,"footprint_area_m2":1519.1,"estimated_residents_2026":414.8,"estimated_elderly_65plus_2026":123.9,"estimated_elderly_share_pct":29.88,"elderly_exposure_score":93.9,"elderly_exposure_class":"VERY HIGH","estimate_confidence":"HIGH","display_name":"Block 560"},"geometry":{"type":"Polygon","coordinates":[[[103.859052,1.37086],[103.859052,1.370887],[103.858966,1.370887],[103.858966,1.370861],[103.858942,1.370861],[103.858942,1.370888],[103.858857,1.370887],[103.858857,1.370861],[103.858815,1.370861],[103.858815,1.370887],[103.858726,1.370887],[103.858726,1.37086],[103.858712,1.37086],[103.858712,1.370821],[103.858694,1.370821],[103.858694,1.370755],[103.859166,1.370756],[103.859166,1.370731],[103.859217,1.370731],[103.859217,1.370753],[103.859688,1.370757],[103.859688,1.370827],[103.859677,1.370828],[103.859678,1.370863],[103.859666,1.370863],[103.859666,1.370888],[103.859582,1.370888],[103.859581,1.370863],[103.859531,1.370863],[103.859531,1.370888],[103.859447,1.370888],[103.859446,1.370862],[103.859422,1.370862],[103.859423,1.370887],[103.859338,1.370885],[103.859338,1.370858],[103.859316,1.37086],[103.859316,1.370886],[103.859231,1.370886],[103.859231,1.37086],[103.859158,1.37086],[103.859158,1.370886],[103.859075,1.370886],[103.859075,1.370861],[103.859052,1.37086]]]}},{"type":"Feature","properties":{"block_id":"6690","blk_no":"561","postal_code":"560561","region_id":"NER","region":"NORTH-EAST REGION","planning_area_id":"AM","planning_area":"ANG MO KIO","subzone_id":"AMSZ02","subzone":"CHENG SAN","lon":103.8579,"lat":1.3705,"property_match":"MATCHED","property_match_confidence":"HIGH","street":"ANG MO KIO AVE 10","residential":"Y","year_completed":1979,"building_age_2026":47,"max_floor_lvl":13,"total_dwelling_units":190,"small_flat_share_pct":86.32,"rental_share_pct":1.05,"footprint_area_m2":1583.1,"estimated_residents_2026":414.1,"estimated_elderly_65plus_2026":123.9,"estimated_elderly_share_pct":29.92,"elderly_exposure_score":93.9,"elderly_exposure_class":"VERY HIGH","estimate_confidence":"HIGH","display_name":"Block 561"},"geometry":{"type":"Polygon","coordinates":[[[103.857385,1.370623],[103.85737,1.370623],[103.85737,1.370585],[103.857357,1.370585],[103.857357,1.370513],[103.857829,1.370516],[103.857829,1.370492],[103.857879,1.370492],[103.857879,1.370514],[103.858357,1.370516],[103.858357,1.370584],[103.85834,1.370585],[103.85834,1.370625],[103.858328,1.370625],[103.858328,1.37065],[103.858243,1.37065],[103.858243,1.370627],[103.858193,1.370627],[103.858193,1.370651],[103.858109,1.370651],[103.858109,1.370628],[103.858086,1.370628],[103.858086,1.370651],[103.858001,1.370651],[103.858001,1.370627],[103.857978,1.370627],[103.857978,1.37065],[103.857893,1.37065],[103.857893,1.370626],[103.857819,1.370626],[103.857819,1.37065],[103.857735,1.37065],[103.857735,1.370626],[103.85771,1.370626],[103.85771,1.37065],[103.857627,1.37065],[103.857627,1.370626],[103.857604,1.370626],[103.857604,1.37065],[103.857518,1.37065],[103.857518,1.370627],[103.857469,1.370627],[103.857469,1.370651],[103.857385,1.370651],[103.857385,1.370623]]]}},{"type":"Feature","properties":{"block_id":"18","blk_no":"562","postal_code":"560562","region_id":"NER","region":"NORTH-EAST REGION","planning_area_id":"AM","planning_area":"ANG MO KIO","subzone_id":"AMSZ02","subzone":"CHENG SAN","lon":103.859,"lat":1.3702,"property_match":"MATCHED","property_match_confidence":"HIGH","street":"ANG MO KIO AVE 3","residential":"Y","year_completed":1979,"building_age_2026":47,"max_floor_lvl":13,"total_dwelling_units":96,"small_flat_share_pct":0.0,"rental_share_pct":1.04,"footprint_area_m2":1009.8,"estimated_residents_2026":261.1,"estimated_elderly_65plus_2026":63.7,"estimated_elderly_share_pct":24.38,"elderly_exposure_score":58.3,"elderly_exposure_class":"MODERATE","estimate_confidence":"HIGH","display_name":"Block 562"},"geometry":{"type":"Polygon","coordinates":[[[103.858734,1.37013],[103.858734,1.370106],[103.858819,1.370106],[103.858819,1.370131],[103.858895,1.370131],[103.858895,1.370107],[103.858979,1.370108],[103.858979,1.370131],[103.859057,1.370131],[103.859057,1.370107],[103.859142,1.370107],[103.859142,1.370131],[103.859218,1.370131],[103.859218,1.370107],[103.859303,1.370108],[103.859303,1.370132],[103.859342,1.370133],[103.859342,1.37023],[103.859276,1.370229],[103.859276,1.370247],[103.859122,1.370247],[103.859121,1.370273],[103.859077,1.370273],[103.859077,1.370247],[103.858759,1.370246],[103.85876,1.37023],[103.858693,1.37023],[103.858694,1.37013],[103.858734,1.37013]]]}},{"type":"Feature","properties":{"block_id":"5577","blk_no":"563","postal_code":"560563","region_id":"NER","region":"NORTH-EAST REGION","planning_area_id":"AM","planning_area":"ANG MO KIO","subzone_id":"AMSZ02","subzone":"CHENG SAN","lon":103.858,"lat":1.3699,"property_match":"MATCHED","property_match_confidence":"HIGH","street":"ANG MO KIO AVE 3","residential":"Y","year_completed":1979,"building_age_2026":47,"max_floor_lvl":13,"total_dwelling_units":96,"small_flat_share_pct":0.0,"rental_share_pct":2.08,"footprint_area_m2":998.8,"estimated_residents_2026":260.8,"estimated_elderly_65plus_2026":63.7,"estimated_elderly_share_pct":24.41,"elderly_exposure_score":58.3,"elderly_exposure_class":"MODERATE","estimate_confidence":"HIGH","display_name":"Block 563"},"geometry":{"type":"Polygon","coordinates":[[[103.857718,1.369822],[103.857718,1.369799],[103.857803,1.369799],[103.857803,1.369821],[103.857879,1.369822],[103.857879,1.369798],[103.857963,1.369799],[103.857963,1.369821],[103.858039,1.369822],[103.858039,1.369798],[103.858126,1.369799],[103.858125,1.369821],[103.858201,1.369821],[103.858201,1.369798],[103.858285,1.369799],[103.858285,1.369821],[103.858326,1.369821],[103.858325,1.369919],[103.858258,1.369919],[103.858258,1.369937],[103.858106,1.369937],[103.858106,1.369964],[103.858061,1.369964],[103.858061,1.369937],[103.857746,1.369936],[103.857746,1.36992],[103.857679,1.36992],[103.857678,1.369822],[103.857718,1.369822]]]}},{"type":"Feature","properties":{"block_id":"3422","blk_no":"564","postal_code":"560564","region_id":"NER","region":"NORTH-EAST REGION","planning_area_id":"AM","planning_area":"ANG MO KIO","subzone_id":"AMSZ02","subzone":"CHENG SAN","lon":103.8595,"lat":1.37,"property_match":"MATCHED","property_match_confidence":"HIGH","street":"ANG MO KIO AVE 3","residential":"Y","year_completed":1979,"building_age_2026":47,"max_floor_lvl":13,"total_dwelling_units":214,"small_flat_share_pct":87.85,"rental_share_pct":1.4,"footprint_area_m2":1798.9,"estimated_residents_2026":464.6,"estimated_elderly_65plus_2026":139.5,"estimated_elderly_share_pct":30.03,"elderly_exposure_score":96.2,"elderly_exposure_class":"VERY HIGH","estimate_confidence":"HIGH","display_name":"Block 564"},"geometry":{"type":"Polygon","coordinates":[[[103.859354,1.369866],[103.859338,1.369849],[103.859319,1.369867],[103.859259,1.369806],[103.859277,1.369788],[103.85925,1.369776],[103.859238,1.369776],[103.859238,1.369799],[103.859154,1.369799],[103.859154,1.369776],[103.859133,1.369776],[103.859132,1.369799],[103.859047,1.369798],[103.859047,1.369776],[103.859027,1.369776],[103.859027,1.369798],[103.858941,1.369798],[103.858941,1.369776],[103.858891,1.369776],[103.858891,1.369798],[103.858802,1.369798],[103.858802,1.369771],[103.858789,1.369771],[103.85879,1.369731],[103.858776,1.369732],[103.858776,1.369663],[103.859306,1.369663],[103.859614,1.369973],[103.859613,1.370261],[103.859545,1.370261],[103.859545,1.370247],[103.859507,1.370248],[103.859506,1.370234],[103.859479,1.370234],[103.859479,1.370142],[103.859502,1.370142],[103.859502,1.37012],[103.859479,1.37012],[103.85948,1.37004],[103.859502,1.37004],[103.859502,1.370018],[103.85949,1.370002],[103.859471,1.370021],[103.85941,1.369959],[103.859429,1.369941],[103.859414,1.369925],[103.859395,1.369944],[103.859336,1.369884],[103.859354,1.369866]]]}},{"type":"Feature","properties":{"block_id":"687","blk_no":"565","postal_code":"560565","region_id":"NER","region":"NORTH-EAST REGION","planning_area_id":"AM","planning_area":"ANG MO KIO","subzone_id":"AMSZ02","subzone":"CHENG SAN","lon":103.8585,"lat":1.3696,"property_match":"MATCHED","property_match_confidence":"HIGH","street":"ANG MO KIO AVE 3","residential":"Y","year_completed":1979,"building_age_2026":47,"max_floor_lvl":13,"total_dwelling_units":211,"small_flat_share_pct":86.26,"rental_share_pct":2.37,"footprint_area_m2":1795.8,"estimated_residents_2026":461.6,"estimated_elderly_65plus_2026":137.5,"estimated_elderly_share_pct":29.79,"elderly_exposure_score":96.0,"elderly_exposure_class":"VERY HIGH","estimate_confidence":"HIGH","display_name":"Block 565"},"geometry":{"type":"Polygon","coordinates":[[[103.858243,1.3695],[103.858261,1.369483],[103.858243,1.369466],[103.858219,1.369466],[103.858219,1.36949],[103.858136,1.36949],[103.858136,1.369464],[103.85811,1.369464],[103.85811,1.369491],[103.858027,1.36949],[103.858027,1.369463],[103.858003,1.369463],[103.858003,1.369491],[103.857918,1.36949],[103.857918,1.369464],[103.85787,1.369464],[103.85787,1.369489],[103.857784,1.369489],[103.857784,1.369463],[103.857772,1.369463],[103.857772,1.369425],[103.857759,1.369425],[103.85776,1.369354],[103.858292,1.369356],[103.858593,1.369662],[103.858594,1.36995],[103.858528,1.36995],[103.858529,1.369937],[103.858489,1.369937],[103.85849,1.369924],[103.858462,1.369925],[103.858462,1.369839],[103.858486,1.369838],[103.858486,1.369816],[103.858462,1.369816],[103.858462,1.369731],[103.858485,1.36973],[103.858481,1.369705],[103.858471,1.369695],[103.858454,1.369712],[103.858395,1.369654],[103.858413,1.369636],[103.858395,1.369618],[103.858378,1.369636],[103.858319,1.369576],[103.858336,1.369559],[103.85832,1.369543],[103.858303,1.36956],[103.858243,1.3695]]]}},{"type":"Feature","properties":{"block_id":"4438","blk_no":"570","postal_code":"560570","region_id":"NER","region":"NORTH-EAST REGION","planning_area_id":"AM","planning_area":"ANG MO KIO","subzone_id":"AMSZ02","subzone":"CHENG SAN","lon":103.8556,"lat":1.3699,"property_match":"MATCHED","property_match_confidence":"HIGH","street":"ANG MO KIO AVE 3","residential":"Y","year_completed":1978,"building_age_2026":48,"max_floor_lvl":11,"total_dwelling_units":219,"small_flat_share_pct":90.41,"rental_share_pct":0.0,"footprint_area_m2":2200.5,"estimated_residents_2026":471.8,"estimated_elderly_65plus_2026":142.8,"estimated_elderly_share_pct":30.25,"elderly_exposure_score":96.7,"elderly_exposure_class":"VERY HIGH","estimate_confidence":"HIGH","display_name":"Block 570"},"geometry":{"type":"Polygon","coordinates":[[[103.856155,1.369647],[103.856536,1.369867],[103.856612,1.370145],[103.856545,1.370164],[103.856541,1.370151],[103.856499,1.370162],[103.856495,1.370149],[103.856473,1.370155],[103.85645,1.370071],[103.856473,1.370064],[103.856467,1.370043],[103.856444,1.370049],[103.856422,1.369966],[103.856444,1.36996],[103.856441,1.369949],[103.856418,1.36993],[103.856406,1.369949],[103.856336,1.369907],[103.856346,1.369888],[103.856324,1.369876],[103.856313,1.369894],[103.856241,1.369853],[103.856251,1.369835],[103.856231,1.369823],[103.856221,1.369841],[103.856149,1.369801],[103.856158,1.369781],[103.856148,1.369773],[103.85613,1.369771],[103.856137,1.369796],[103.856042,1.369822],[103.856036,1.3698],[103.856014,1.369806],[103.85602,1.369829],[103.855938,1.369851],[103.855932,1.36983],[103.855908,1.369836],[103.855914,1.369858],[103.855834,1.369881],[103.855827,1.369858],[103.855804,1.369864],[103.85581,1.369887],[103.855729,1.369909],[103.855723,1.369886],[103.855677,1.369899],[103.855683,1.369922],[103.855603,1.369944],[103.855597,1.369922],[103.855575,1.369928],[103.855581,1.36995],[103.855498,1.369973],[103.855492,1.369952],[103.855479,1.369955],[103.855467,1.369911],[103.855453,1.369915],[103.855434,1.369846],[103.856155,1.369647]]]}},{"type":"Feature","properties":{"block_id":"2360","blk_no":"571","postal_code":"560571","region_id":"NER","region":"NORTH-EAST REGION","planning_area_id":"AM","planning_area":"ANG MO KIO","subzone_id":"AMSZ02","subzone":"CHENG SAN","lon":103.8544,"lat":1.3702,"property_match":"MATCHED","property_match_confidence":"HIGH","street":"ANG MO KIO AVE 3","residential":"Y","year_completed":1978,"building_age_2026":48,"max_floor_lvl":11,"total_dwelling_units":218,"small_flat_share_pct":89.91,"rental_share_pct":0.0,"footprint_area_m2":2148.0,"estimated_residents_2026":470.8,"estimated_elderly_65plus_2026":142.1,"estimated_elderly_share_pct":30.18,"elderly_exposure_score":96.6,"elderly_exposure_class":"VERY HIGH","estimate_confidence":"HIGH","display_name":"Block 571"},"geometry":{"type":"Polygon","coordinates":[[[103.855013,1.369962],[103.855393,1.37018],[103.855468,1.370457],[103.855403,1.370475],[103.8554,1.370462],[103.85536,1.370473],[103.855356,1.370459],[103.855331,1.370466],[103.855309,1.370384],[103.855336,1.370376],[103.85533,1.370354],[103.855303,1.370362],[103.85528,1.370279],[103.855306,1.370272],[103.85529,1.370244],[103.85528,1.370239],[103.855268,1.370263],[103.855193,1.37022],[103.855206,1.370197],[103.855187,1.370186],[103.855174,1.370209],[103.8551,1.370167],[103.855113,1.370143],[103.855093,1.370132],[103.855081,1.370155],[103.855006,1.370113],[103.85502,1.370089],[103.855011,1.370084],[103.854977,1.370084],[103.854984,1.370111],[103.854901,1.370133],[103.854894,1.370108],[103.854872,1.370114],[103.854879,1.370139],[103.854797,1.370162],[103.85479,1.370137],[103.854768,1.370142],[103.854775,1.370168],[103.854693,1.370191],[103.854686,1.370164],[103.854665,1.370171],[103.854672,1.370197],[103.854589,1.370219],[103.854582,1.370194],[103.854534,1.370206],[103.854541,1.370233],[103.854459,1.370255],[103.854453,1.37023],[103.854431,1.370235],[103.854438,1.370262],[103.854355,1.370284],[103.854349,1.370261],[103.854336,1.370265],[103.854324,1.370222],[103.854312,1.370226],[103.854294,1.370161],[103.855013,1.369962]]]}},{"type":"Feature","properties":{"block_id":"3019","blk_no":"572","postal_code":"560572","region_id":"NER","region":"NORTH-EAST REGION","planning_area_id":"AM","planning_area":"ANG MO KIO","subzone_id":"AMSZ02","subzone":"CHENG SAN","lon":103.856,"lat":1.3702,"property_match":"MATCHED","property_match_confidence":"HIGH","street":"ANG MO KIO AVE 3","residential":"Y","year_completed":1978,"building_age_2026":48,"max_floor_lvl":13,"total_dwelling_units":120,"small_flat_share_pct":0.0,"rental_share_pct":0.0,"footprint_area_m2":1299.8,"estimated_residents_2026":326.8,"estimated_elderly_65plus_2026":79.6,"estimated_elderly_share_pct":24.36,"elderly_exposure_score":75.1,"elderly_exposure_class":"HIGH","estimate_confidence":"HIGH","display_name":"Block 572"},"geometry":{"type":"Polygon","coordinates":[[[103.855606,1.370304],[103.855599,1.37028],[103.855677,1.370259],[103.855683,1.370282],[103.855757,1.370262],[103.855751,1.370238],[103.855834,1.370215],[103.85584,1.37024],[103.855912,1.37022],[103.855906,1.370197],[103.855992,1.370173],[103.855998,1.370197],[103.85607,1.370177],[103.856064,1.370154],[103.856146,1.370131],[103.856152,1.370154],[103.856226,1.370134],[103.85622,1.37011],[103.856303,1.370087],[103.856309,1.370112],[103.856349,1.370101],[103.856374,1.370193],[103.856309,1.370211],[103.856315,1.370232],[103.85602,1.370313],[103.856027,1.370339],[103.855962,1.370356],[103.855955,1.370331],[103.85566,1.370412],[103.855655,1.370392],[103.85559,1.37041],[103.855564,1.370316],[103.855606,1.370304]]]}},{"type":"Feature","properties":{"block_id":"8103","blk_no":"573","postal_code":"560573","region_id":"NER","region":"NORTH-EAST REGION","planning_area_id":"AM","planning_area":"ANG MO KIO","subzone_id":"AMSZ02","subzone":"CHENG SAN","lon":103.8548,"lat":1.3706,"property_match":"MATCHED","property_match_confidence":"HIGH","street":"ANG MO KIO AVE 3","residential":"Y","year_completed":1978,"building_age_2026":48,"max_floor_lvl":13,"total_dwelling_units":120,"small_flat_share_pct":0.0,"rental_share_pct":0.0,"footprint_area_m2":1121.9,"estimated_residents_2026":326.8,"estimated_elderly_65plus_2026":79.6,"estimated_elderly_share_pct":24.36,"elderly_exposure_score":75.1,"elderly_exposure_class":"HIGH","estimate_confidence":"HIGH","display_name":"Block 573"},"geometry":{"type":"Polygon","coordinates":[[[103.854446,1.37072],[103.854421,1.370626],[103.854459,1.370615],[103.854454,1.370593],[103.854535,1.37057],[103.854543,1.370595],[103.854615,1.370575],[103.854608,1.370551],[103.854697,1.370525],[103.854704,1.37055],[103.854772,1.370532],[103.854766,1.370507],[103.854847,1.370484],[103.854854,1.37051],[103.854928,1.370489],[103.854921,1.370464],[103.855003,1.370441],[103.855011,1.370466],[103.855084,1.370446],[103.855077,1.370421],[103.855159,1.370398],[103.855167,1.370423],[103.855206,1.370412],[103.855229,1.370504],[103.85487,1.370602],[103.854882,1.370647],[103.854818,1.370665],[103.854805,1.370618],[103.854446,1.37072]]]}},{"type":"Feature","properties":{"block_id":"8774","blk_no":"574","postal_code":"560574","region_id":"NER","region":"NORTH-EAST REGION","planning_area_id":"AM","planning_area":"ANG MO KIO","subzone_id":"AMSZ02","subzone":"CHENG SAN","lon":103.8564,"lat":1.3709,"property_match":"MATCHED","property_match_confidence":"HIGH","street":"ANG MO KIO AVE 10","residential":"N","year_completed":1978,"building_age_2026":48,"max_floor_lvl":2,"total_dwelling_units":0,"small_flat_share_pct":null,"rental_share_pct":null,"footprint_area_m2":1321.6,"estimated_residents_2026":0.0,"estimated_elderly_65plus_2026":0.0,"estimated_elderly_share_pct":null,"elderly_exposure_score":null,"elderly_exposure_class":null,"estimate_confidence":"HIGH","display_name":"Block 574"},"geometry":{"type":"Polygon","coordinates":[[[103.856456,1.370482],[103.856528,1.370723],[103.85637,1.371309],[103.856265,1.371281],[103.856269,1.371267],[103.856243,1.37126],[103.856265,1.371176],[103.856287,1.371182],[103.856293,1.371161],[103.856271,1.371155],[103.856294,1.37107],[103.856315,1.371076],[103.856328,1.371029],[103.856306,1.371023],[103.856328,1.37094],[103.85635,1.370946],[103.856356,1.370923],[103.856334,1.370917],[103.856356,1.370834],[103.856377,1.370839],[103.856383,1.370817],[103.856362,1.370811],[103.856382,1.370737],[103.856403,1.370743],[103.856408,1.370723],[103.856402,1.370711],[103.856382,1.370717],[103.856359,1.370631],[103.856379,1.370626],[103.856374,1.370606],[103.856353,1.370612],[103.85633,1.370529],[103.856355,1.370522],[103.856352,1.370511],[103.856456,1.370482]]]}},{"type":"Feature","properties":{"block_id":"4677","blk_no":"575","postal_code":"560575","region_id":"NER","region":"NORTH-EAST REGION","planning_area_id":"AM","planning_area":"ANG MO KIO","subzone_id":"AMSZ02","subzone":"CHENG SAN","lon":103.8559,"lat":1.3714,"property_match":"MATCHED","property_match_confidence":"HIGH","street":"ANG MO KIO AVE 10","residential":"Y","year_completed":1978,"building_age_2026":48,"max_floor_lvl":14,"total_dwelling_units":153,"small_flat_share_pct":81.05,"rental_share_pct":0.65,"footprint_area_m2":1142.2,"estimated_residents_2026":339.7,"estimated_elderly_65plus_2026":99.8,"estimated_elderly_share_pct":29.39,"elderly_exposure_score":87.4,"elderly_exposure_class":"VERY HIGH","estimate_confidence":"HIGH","display_name":"Block 575"},"geometry":{"type":"Polygon","coordinates":[[[103.855595,1.37134],[103.85558,1.371336],[103.855598,1.371235],[103.855805,1.371286],[103.855808,1.371272],[103.855863,1.371287],[103.85586,1.3713],[103.856346,1.371436],[103.856331,1.371492],[103.856318,1.371489],[103.856307,1.371529],[103.856293,1.371525],[103.856288,1.371546],[103.856219,1.371529],[103.856202,1.371521],[103.856206,1.371504],[103.856156,1.37149],[103.856151,1.371508],[103.856082,1.371492],[103.856062,1.371483],[103.856067,1.371466],[103.856045,1.37146],[103.85604,1.371479],[103.855971,1.371463],[103.855952,1.371456],[103.855957,1.371437],[103.855935,1.371431],[103.855929,1.37145],[103.85586,1.371433],[103.855841,1.371426],[103.855846,1.371406],[103.855796,1.371393],[103.855791,1.371413],[103.855717,1.371397],[103.8557,1.371389],[103.855706,1.371368],[103.855683,1.371362],[103.855677,1.371383],[103.855606,1.371366],[103.855589,1.37136],[103.855595,1.37134]]]}},{"type":"Feature","properties":{"block_id":"589","blk_no":"576","postal_code":"560576","region_id":"NER","region":"NORTH-EAST REGION","planning_area_id":"AM","planning_area":"ANG MO KIO","subzone_id":"AMSZ02","subzone":"CHENG SAN","lon":103.8549,"lat":1.3714,"property_match":"MATCHED","property_match_confidence":"HIGH","street":"ANG MO KIO AVE 10","residential":"Y","year_completed":1978,"building_age_2026":48,"max_floor_lvl":14,"total_dwelling_units":153,"small_flat_share_pct":81.05,"rental_share_pct":1.31,"footprint_area_m2":1134.8,"estimated_residents_2026":339.7,"estimated_elderly_65plus_2026":99.8,"estimated_elderly_share_pct":29.39,"elderly_exposure_score":87.4,"elderly_exposure_class":"VERY HIGH","estimate_confidence":"HIGH","display_name":"Block 576"},"geometry":{"type":"Polygon","coordinates":[[[103.85446,1.371448],[103.854666,1.371388],[103.854662,1.371375],[103.854716,1.371361],[103.85472,1.371376],[103.855208,1.371245],[103.855224,1.371304],[103.855212,1.371307],[103.855222,1.371346],[103.855207,1.37135],[103.855213,1.37137],[103.855146,1.371389],[103.855128,1.371391],[103.855123,1.371373],[103.85507,1.371388],[103.855075,1.371405],[103.855004,1.371429],[103.854987,1.371429],[103.854982,1.371411],[103.854959,1.371417],[103.854964,1.371438],[103.854878,1.371462],[103.854873,1.371442],[103.85485,1.371449],[103.854855,1.371466],[103.854788,1.371491],[103.854766,1.371492],[103.854761,1.371471],[103.85471,1.371485],[103.854715,1.371504],[103.854696,1.371515],[103.854627,1.371529],[103.854623,1.371512],[103.8546,1.371519],[103.854605,1.371538],[103.854539,1.371558],[103.85452,1.371558],[103.854515,1.37154],[103.8545,1.371544],[103.85446,1.371448]]]}},{"type":"Feature","properties":{"block_id":"7182","blk_no":"577","postal_code":"560577","region_id":"NER","region":"NORTH-EAST REGION","planning_area_id":"AM","planning_area":"ANG MO KIO","subzone_id":"AMSZ02","subzone":"CHENG SAN","lon":103.8559,"lat":1.3718,"property_match":"MATCHED","property_match_confidence":"HIGH","street":"ANG MO KIO AVE 10","residential":"Y","year_completed":1979,"building_age_2026":47,"max_floor_lvl":14,"total_dwelling_units":154,"small_flat_share_pct":81.82,"rental_share_pct":0.0,"footprint_area_m2":1149.3,"estimated_residents_2026":340.7,"estimated_elderly_65plus_2026":100.5,"estimated_elderly_share_pct":29.5,"elderly_exposure_score":87.8,"elderly_exposure_class":"VERY HIGH","estimate_confidence":"HIGH","display_name":"Block 577"},"geometry":{"type":"Polygon","coordinates":[[[103.855481,1.371684],[103.855491,1.371686],[103.855501,1.371647],[103.855516,1.371651],[103.855521,1.37163],[103.855538,1.371631],[103.855609,1.371654],[103.855604,1.371674],[103.855655,1.371688],[103.855661,1.371668],[103.85573,1.371683],[103.855749,1.371691],[103.855743,1.371712],[103.855767,1.371719],[103.855773,1.371698],[103.855842,1.371712],[103.855861,1.371722],[103.855856,1.371742],[103.855877,1.371748],[103.855883,1.371726],[103.8559,1.371728],[103.855971,1.371751],[103.855966,1.37177],[103.856016,1.371784],[103.856022,1.371763],[103.856092,1.371779],[103.856108,1.371788],[103.856103,1.371808],[103.856124,1.371814],[103.856129,1.371792],[103.856201,1.371808],[103.856217,1.371817],[103.856211,1.371838],[103.856225,1.371841],[103.856215,1.371879],[103.856228,1.371882],[103.856213,1.37194],[103.856006,1.371889],[103.856002,1.371906],[103.855946,1.371891],[103.85595,1.371877],[103.855468,1.371743],[103.855481,1.371684]]]}},{"type":"Feature","properties":{"block_id":"2607","blk_no":"578","postal_code":"560578","region_id":"NER","region":"NORTH-EAST REGION","planning_area_id":"AM","planning_area":"ANG MO KIO","subzone_id":"AMSZ02","subzone":"CHENG SAN","lon":103.855,"lat":1.3718,"property_match":"MATCHED","property_match_confidence":"HIGH","street":"ANG MO KIO AVE 10","residential":"Y","year_completed":1979,"building_age_2026":47,"max_floor_lvl":14,"total_dwelling_units":153,"small_flat_share_pct":81.05,"rental_share_pct":0.0,"footprint_area_m2":1143.5,"estimated_residents_2026":339.7,"estimated_elderly_65plus_2026":99.8,"estimated_elderly_share_pct":29.39,"elderly_exposure_score":87.4,"elderly_exposure_class":"VERY HIGH","estimate_confidence":"HIGH","display_name":"Block 578"},"geometry":{"type":"Polygon","coordinates":[[[103.855043,1.371699],[103.855049,1.371721],[103.855101,1.371707],[103.855094,1.371685],[103.855111,1.371677],[103.855184,1.37166],[103.85519,1.371682],[103.855211,1.371676],[103.855205,1.371655],[103.855292,1.371631],[103.855319,1.371691],[103.855333,1.371687],[103.855349,1.371743],[103.855142,1.371802],[103.855146,1.371817],[103.855088,1.371833],[103.855085,1.371819],[103.8546,1.371951],[103.854585,1.371895],[103.854601,1.371891],[103.85459,1.371849],[103.854604,1.371845],[103.854597,1.371822],[103.854683,1.371799],[103.854689,1.371821],[103.854741,1.371806],[103.854735,1.371785],[103.854804,1.371763],[103.854823,1.371761],[103.854829,1.371782],[103.85485,1.371777],[103.854844,1.371754],[103.854913,1.371732],[103.854933,1.37173],[103.854939,1.371753],[103.854962,1.371747],[103.854956,1.371724],[103.855043,1.371699]]]}},{"type":"Feature","properties":{"block_id":"4863","blk_no":"584","postal_code":"560584","region_id":"NER","region":"NORTH-EAST REGION","planning_area_id":"AM","planning_area":"ANG MO KIO","subzone_id":"AMSZ02","subzone":"CHENG SAN","lon":103.8535,"lat":1.3707,"property_match":"MATCHED","property_match_confidence":"HIGH","street":"ANG MO KIO AVE 3","residential":"Y","year_completed":1978,"building_age_2026":48,"max_floor_lvl":12,"total_dwelling_units":152,"small_flat_share_pct":84.21,"rental_share_pct":0.0,"footprint_area_m2":1288.8,"estimated_residents_2026":334.0,"estimated_elderly_65plus_2026":99.2,"estimated_elderly_share_pct":29.69,"elderly_exposure_score":87.2,"elderly_exposure_class":"VERY HIGH","estimate_confidence":"HIGH","display_name":"Block 584"},"geometry":{"type":"Polygon","coordinates":[[[103.853561,1.370647],[103.853652,1.370647],[103.853653,1.370669],[103.853704,1.370669],[103.853704,1.370646],[103.853799,1.370646],[103.853799,1.370668],[103.853819,1.370668],[103.853819,1.370645],[103.853915,1.370645],[103.853915,1.370664],[103.853928,1.370665],[103.853929,1.370706],[103.853941,1.370706],[103.853942,1.370767],[103.853728,1.370769],[103.853727,1.370789],[103.853667,1.370789],[103.853667,1.370771],[103.853049,1.370774],[103.853048,1.370713],[103.853063,1.370713],[103.853063,1.370673],[103.853078,1.370673],[103.853078,1.37065],[103.853165,1.37065],[103.853165,1.370672],[103.85319,1.370672],[103.85319,1.370649],[103.853279,1.370648],[103.853279,1.370672],[103.853331,1.370672],[103.853331,1.370649],[103.853423,1.370648],[103.853423,1.370671],[103.85345,1.370671],[103.853449,1.370648],[103.853539,1.370648],[103.853539,1.37067],[103.853561,1.370669],[103.853561,1.370647]]]}},{"type":"Feature","properties":{"block_id":"1027","blk_no":"585","postal_code":"560585","region_id":"NER","region":"NORTH-EAST REGION","planning_area_id":"AM","planning_area":"ANG MO KIO","subzone_id":"AMSZ02","subzone":"CHENG SAN","lon":103.8524,"lat":1.3706,"property_match":"MATCHED","property_match_confidence":"HIGH","street":"ANG MO KIO AVE 3","residential":"Y","year_completed":1978,"building_age_2026":48,"max_floor_lvl":12,"total_dwelling_units":150,"small_flat_share_pct":82.67,"rental_share_pct":0.0,"footprint_area_m2":1341.9,"estimated_residents_2026":331.9,"estimated_elderly_65plus_2026":97.8,"estimated_elderly_share_pct":29.47,"elderly_exposure_score":86.7,"elderly_exposure_class":"VERY HIGH","estimate_confidence":"HIGH","display_name":"Block 585"},"geometry":{"type":"Polygon","coordinates":[[[103.85245,1.370549],[103.852539,1.370573],[103.852533,1.370595],[103.852584,1.370608],[103.852589,1.370586],[103.852678,1.370609],[103.852672,1.370632],[103.852695,1.370638],[103.852701,1.370615],[103.85279,1.370639],[103.852785,1.370656],[103.852798,1.37066],[103.852785,1.370711],[103.852798,1.370715],[103.852783,1.370767],[103.852575,1.370716],[103.85257,1.370732],[103.852513,1.370717],[103.852517,1.370701],[103.85192,1.370539],[103.85194,1.370463],[103.851953,1.370466],[103.851959,1.370442],[103.851972,1.370446],[103.851978,1.370425],[103.852066,1.370448],[103.85206,1.370471],[103.852083,1.370477],[103.852089,1.370454],[103.852177,1.370477],[103.852172,1.3705],[103.852222,1.370513],[103.852228,1.370491],[103.852317,1.370514],[103.852311,1.370537],[103.852333,1.370542],[103.852339,1.37052],[103.852428,1.370544],[103.852422,1.370566],[103.852445,1.370572],[103.85245,1.370549]]]}},{"type":"Feature","properties":{"block_id":"141","blk_no":"586","postal_code":"560586","region_id":"NER","region":"NORTH-EAST REGION","planning_area_id":"AM","planning_area":"ANG MO KIO","subzone_id":"AMSZ02","subzone":"CHENG SAN","lon":103.8535,"lat":1.3703,"property_match":"MATCHED","property_match_confidence":"HIGH","street":"ANG MO KIO AVE 3","residential":"Y","year_completed":1978,"building_age_2026":48,"max_floor_lvl":12,"total_dwelling_units":154,"small_flat_share_pct":85.71,"rental_share_pct":0.0,"footprint_area_m2":1332.1,"estimated_residents_2026":336.1,"estimated_elderly_65plus_2026":100.5,"estimated_elderly_share_pct":29.9,"elderly_exposure_score":87.8,"elderly_exposure_class":"VERY HIGH","estimate_confidence":"HIGH","display_name":"Block 586"},"geometry":{"type":"Polygon","coordinates":[[[103.853013,1.370246],[103.853228,1.370245],[103.853229,1.370225],[103.853288,1.370225],[103.853289,1.370245],[103.853907,1.370241],[103.853907,1.370302],[103.853894,1.370302],[103.853894,1.370345],[103.853881,1.370345],[103.853881,1.370366],[103.85379,1.370367],[103.85379,1.370345],[103.853766,1.370345],[103.853766,1.370367],[103.853675,1.370368],[103.853675,1.370347],[103.853624,1.370347],[103.853624,1.370369],[103.853531,1.37037],[103.853531,1.370347],[103.853508,1.370348],[103.853508,1.370371],[103.853417,1.370372],[103.853417,1.370349],[103.853393,1.370349],[103.853393,1.370372],[103.853302,1.370373],[103.853302,1.370349],[103.853248,1.37035],[103.853248,1.370374],[103.853159,1.370375],[103.853159,1.370351],[103.853135,1.370351],[103.853135,1.370375],[103.853042,1.370376],[103.853042,1.37035],[103.853027,1.37035],[103.853027,1.370309],[103.853013,1.370308],[103.853013,1.370246]]]}},{"type":"Feature","properties":{"block_id":"2391","blk_no":"587","postal_code":"560587","region_id":"NER","region":"NORTH-EAST REGION","planning_area_id":"AM","planning_area":"ANG MO KIO","subzone_id":"AMSZ02","subzone":"CHENG SAN","lon":103.8524,"lat":1.3702,"property_match":"MATCHED","property_match_confidence":"HIGH","street":"ANG MO KIO AVE 3","residential":"Y","year_completed":1978,"building_age_2026":48,"max_floor_lvl":12,"total_dwelling_units":154,"small_flat_share_pct":85.71,"rental_share_pct":0.0,"footprint_area_m2":1338.3,"estimated_residents_2026":336.1,"estimated_elderly_65plus_2026":100.5,"estimated_elderly_share_pct":29.9,"elderly_exposure_score":87.8,"elderly_exposure_class":"VERY HIGH","estimate_confidence":"HIGH","display_name":"Block 587"},"geometry":{"type":"Polygon","coordinates":[[[103.852481,1.370272],[103.852487,1.37025],[103.852464,1.370244],[103.852459,1.370267],[103.85237,1.370243],[103.852375,1.370224],[103.852352,1.370218],[103.852347,1.370237],[103.852259,1.370214],[103.852264,1.370191],[103.852214,1.370178],[103.852208,1.3702],[103.85212,1.370177],[103.852125,1.370155],[103.852103,1.370149],[103.852097,1.370171],[103.852008,1.370148],[103.852014,1.370127],[103.852001,1.370121],[103.852011,1.370082],[103.851998,1.370079],[103.852013,1.37002],[103.852223,1.370071],[103.852227,1.370055],[103.852285,1.370071],[103.852281,1.370085],[103.852878,1.370247],[103.852862,1.370306],[103.85285,1.370303],[103.852839,1.370345],[103.852826,1.370341],[103.85282,1.370362],[103.852732,1.370339],[103.852737,1.370316],[103.852715,1.37031],[103.852709,1.370332],[103.85262,1.370309],[103.852626,1.370287],[103.852576,1.370274],[103.85257,1.370296],[103.852481,1.370272]]]}},{"type":"Feature","properties":{"block_id":"6838","blk_no":"588","postal_code":"560588","region_id":"NER","region":"NORTH-EAST REGION","planning_area_id":"AM","planning_area":"ANG MO KIO","subzone_id":"AMSZ02","subzone":"CHENG SAN","lon":103.8536,"lat":1.3721,"property_match":"MATCHED","property_match_confidence":"HIGH","street":"ANG MO KIO ST 52","residential":"N","year_completed":2011,"building_age_2026":15,"max_floor_lvl":3,"total_dwelling_units":0,"small_flat_share_pct":null,"rental_share_pct":null,"footprint_area_m2":5850.1,"estimated_residents_2026":0.0,"estimated_elderly_65plus_2026":0.0,"estimated_elderly_share_pct":null,"elderly_exposure_score":null,"elderly_exposure_class":null,"estimate_confidence":"HIGH","display_name":"Block 588"},"geometry":{"type":"Polygon","coordinates":[[[103.852655,1.37234],[103.852622,1.372218],[103.852714,1.372193],[103.852722,1.372223],[103.852747,1.372216],[103.852739,1.372186],[103.853078,1.372092],[103.853086,1.372122],[103.853111,1.372115],[103.853103,1.372085],[103.853283,1.372036],[103.853278,1.372018],[103.853422,1.371979],[103.853426,1.371996],[103.853598,1.371949],[103.853606,1.371978],[103.853631,1.371971],[103.853623,1.371942],[103.853973,1.371844],[103.853981,1.371874],[103.854007,1.371867],[103.853998,1.371837],[103.854042,1.371833],[103.85404,1.371825],[103.854124,1.371802],[103.85422,1.372109],[103.854209,1.372112],[103.854216,1.372137],[103.853735,1.37227],[103.852954,1.372456],[103.852904,1.372271],[103.852655,1.37234]]]}},{"type":"Feature","properties":{"block_id":"981","blk_no":"588A","postal_code":"561588","region_id":"NER","region":"NORTH-EAST REGION","planning_area_id":"AM","planning_area":"ANG MO KIO","subzone_id":"AMSZ02","subzone":"CHENG SAN","lon":103.8526,"lat":1.3721,"property_match":"MATCHED","property_match_confidence":"HIGH","street":"ANG MO KIO ST 52","residential":"Y","year_completed":2011,"building_age_2026":15,"max_floor_lvl":30,"total_dwelling_units":145,"small_flat_share_pct":0.0,"rental_share_pct":0.0,"footprint_area_m2":703.4,"estimated_residents_2026":444.3,"estimated_elderly_65plus_2026":92.7,"estimated_elderly_share_pct":20.87,"elderly_exposure_score":84.2,"elderly_exposure_class":"VERY HIGH","estimate_confidence":"HIGH","display_name":"Block 588A"},"geometry":{"type":"Polygon","coordinates":[[[103.852719,1.372113],[103.85275,1.372118],[103.852756,1.372142],[103.852786,1.372134],[103.852791,1.372149],[103.852852,1.372125],[103.852867,1.372198],[103.852799,1.372216],[103.852802,1.372228],[103.852752,1.372242],[103.852745,1.372216],[103.852724,1.372222],[103.852731,1.372248],[103.85268,1.372262],[103.852677,1.37225],[103.852611,1.372269],[103.852608,1.372257],[103.852563,1.37227],[103.852545,1.372203],[103.852615,1.372186],[103.852619,1.3722],[103.852629,1.372197],[103.852626,1.372187],[103.85265,1.372188],[103.852646,1.372173],[103.85266,1.372169],[103.85265,1.372131],[103.852694,1.372119],[103.852677,1.372109],[103.852637,1.372128],[103.85264,1.372136],[103.852604,1.372146],[103.8526,1.372134],[103.852582,1.372139],[103.852578,1.372124],[103.852558,1.372129],[103.852544,1.372078],[103.852624,1.372065],[103.852638,1.372041],[103.852656,1.372052],[103.852662,1.37204],[103.852607,1.372009],[103.852627,1.371973],[103.852645,1.371984],[103.852659,1.371959],[103.852704,1.371985],[103.852708,1.371979],[103.852753,1.372004],[103.852739,1.372029],[103.852758,1.37204],[103.852767,1.372025],[103.852863,1.37208],[103.852844,1.372114],[103.852822,1.372108],[103.852815,1.372122],[103.852791,1.372108],[103.852781,1.372126],[103.852728,1.372096],[103.852719,1.372113]]]}},{"type":"Feature","properties":{"block_id":"4552","blk_no":"588B","postal_code":"562588","region_id":"NER","region":"NORTH-EAST REGION","planning_area_id":"AM","planning_area":"ANG MO KIO","subzone_id":"AMSZ02","subzone":"CHENG SAN","lon":103.853,"lat":1.372,"property_match":"MATCHED","property_match_confidence":"HIGH","street":"ANG MO KIO ST 52","residential":"Y","year_completed":2011,"building_age_2026":15,"max_floor_lvl":30,"total_dwelling_units":145,"small_flat_share_pct":0.0,"rental_share_pct":0.0,"footprint_area_m2":664.0,"estimated_residents_2026":444.3,"estimated_elderly_65plus_2026":92.7,"estimated_elderly_share_pct":20.87,"elderly_exposure_score":84.2,"elderly_exposure_class":"VERY HIGH","estimate_confidence":"HIGH","display_name":"Block 588B"},"geometry":{"type":"Polygon","coordinates":[[[103.853002,1.371941],[103.85302,1.371951],[103.853026,1.371939],[103.852971,1.371908],[103.852991,1.371872],[103.853009,1.371883],[103.853023,1.371858],[103.853117,1.371903],[103.853103,1.371928],[103.853122,1.371939],[103.853131,1.371924],[103.853227,1.371979],[103.853202,1.372015],[103.853187,1.372007],[103.85318,1.372021],[103.853156,1.372007],[103.853145,1.372026],[103.853092,1.371995],[103.853083,1.372015],[103.853113,1.372018],[103.85312,1.372041],[103.85315,1.372033],[103.853155,1.372049],[103.853216,1.372024],[103.853232,1.372097],[103.853116,1.372141],[103.853109,1.372115],[103.853087,1.372121],[103.853094,1.372147],[103.852976,1.372168],[103.852953,1.372093],[103.85298,1.372085],[103.852983,1.372099],[103.852993,1.372096],[103.852991,1.372086],[103.853015,1.372087],[103.85301,1.372072],[103.853025,1.372068],[103.853014,1.372031],[103.853057,1.372017],[103.853041,1.372008],[103.853002,1.372027],[103.853004,1.372035],[103.852968,1.372045],[103.852965,1.372033],[103.852947,1.372038],[103.852943,1.372023],[103.852923,1.372029],[103.852909,1.371977],[103.852989,1.371964],[103.853002,1.371941]]]}},{"type":"Feature","properties":{"block_id":"6641","blk_no":"588C","postal_code":"563588","region_id":"NER","region":"NORTH-EAST REGION","planning_area_id":"AM","planning_area":"ANG MO KIO","subzone_id":"AMSZ02","subzone":"CHENG SAN","lon":103.8535,"lat":1.3719,"property_match":"MATCHED","property_match_confidence":"HIGH","street":"ANG MO KIO ST 52","residential":"Y","year_completed":2011,"building_age_2026":15,"max_floor_lvl":30,"total_dwelling_units":145,"small_flat_share_pct":0.0,"rental_share_pct":0.0,"footprint_area_m2":665.2,"estimated_residents_2026":444.3,"estimated_elderly_65plus_2026":92.7,"estimated_elderly_share_pct":20.87,"elderly_exposure_score":84.2,"elderly_exposure_class":"VERY HIGH","estimate_confidence":"HIGH","display_name":"Block 588C"},"geometry":{"type":"Polygon","coordinates":[[[103.853523,1.371797],[103.85354,1.371807],[103.853546,1.371795],[103.853491,1.371764],[103.853511,1.371728],[103.853529,1.371739],[103.853543,1.371714],[103.853637,1.371759],[103.853623,1.371784],[103.853642,1.371795],[103.853651,1.37178],[103.853747,1.371835],[103.853722,1.371871],[103.853708,1.371863],[103.8537,1.371876],[103.853676,1.371863],[103.853666,1.371881],[103.853612,1.371851],[103.853604,1.371871],[103.853634,1.371874],[103.85364,1.371897],[103.85367,1.371889],[103.853675,1.371904],[103.853736,1.37188],[103.853752,1.371952],[103.853683,1.371972],[103.853686,1.371983],[103.853636,1.371997],[103.853629,1.371971],[103.853607,1.371977],[103.853614,1.372003],[103.853495,1.372024],[103.853472,1.371949],[103.853499,1.371942],[103.853503,1.371955],[103.853513,1.371952],[103.85351,1.371943],[103.853534,1.371944],[103.85353,1.371928],[103.853544,1.371924],[103.853534,1.371887],[103.853577,1.371873],[103.853561,1.371864],[103.853521,1.371883],[103.853524,1.371892],[103.853488,1.371901],[103.853485,1.371889],[103.853466,1.371894],[103.853462,1.371879],[103.853443,1.371885],[103.853429,1.371833],[103.853509,1.37182],[103.853523,1.371797]]]}},{"type":"Feature","properties":{"block_id":"6346","blk_no":"588D","postal_code":"564588","region_id":"NER","region":"NORTH-EAST REGION","planning_area_id":"AM","planning_area":"ANG MO KIO","subzone_id":"AMSZ02","subzone":"CHENG SAN","lon":103.8539,"lat":1.3718,"property_match":"MATCHED","property_match_confidence":"HIGH","street":"ANG MO KIO ST 52","residential":"Y","year_completed":2011,"building_age_2026":15,"max_floor_lvl":30,"total_dwelling_units":143,"small_flat_share_pct":0.0,"rental_share_pct":0.0,"footprint_area_m2":612.7,"estimated_residents_2026":413.9,"estimated_elderly_65plus_2026":93.1,"estimated_elderly_share_pct":22.5,"elderly_exposure_score":84.4,"elderly_exposure_class":"VERY HIGH","estimate_confidence":"HIGH","display_name":"Block 588D"},"geometry":{"type":"Polygon","coordinates":[[[103.853897,1.371693],[103.853913,1.371702],[103.853922,1.371686],[103.853898,1.371672],[103.853906,1.371659],[103.853888,1.371648],[103.85391,1.371609],[103.854007,1.371665],[103.853998,1.37168],[103.854017,1.371691],[103.854026,1.371676],[103.854122,1.371731],[103.8541,1.37177],[103.854082,1.371759],[103.854075,1.371772],[103.854051,1.371759],[103.854041,1.371777],[103.853988,1.371747],[103.853978,1.371764],[103.854009,1.37177],[103.854018,1.3718],[103.854049,1.371791],[103.854055,1.371812],[103.854081,1.371804],[103.854085,1.371819],[103.854105,1.371814],[103.854116,1.371857],[103.85401,1.371886],[103.854004,1.371868],[103.853982,1.371874],[103.853989,1.371899],[103.853871,1.371919],[103.853847,1.371845],[103.853874,1.371837],[103.853878,1.371851],[103.853888,1.371848],[103.853885,1.371838],[103.853909,1.371839],[103.853905,1.371824],[103.85392,1.371819],[103.85391,1.371783],[103.853952,1.371769],[103.853936,1.371759],[103.853897,1.371779],[103.853899,1.371787],[103.853863,1.371797],[103.85386,1.371784],[103.853842,1.371789],[103.853838,1.371775],[103.853818,1.37178],[103.853804,1.37173],[103.853884,1.371716],[103.853897,1.371693]]]}},{"type":"Feature","properties":{"block_id":"394","blk_no":"589","postal_code":"560589","region_id":"NER","region":"NORTH-EAST REGION","planning_area_id":"AM","planning_area":"ANG MO KIO","subzone_id":"AMSZ02","subzone":"CHENG SAN","lon":103.8526,"lat":1.3724,"property_match":"MATCHED","property_match_confidence":"HIGH","street":"ANG MO KIO ST 52","residential":"N","year_completed":2011,"building_age_2026":15,"max_floor_lvl":1,"total_dwelling_units":0,"small_flat_share_pct":null,"rental_share_pct":null,"footprint_area_m2":219.1,"estimated_residents_2026":0.0,"estimated_elderly_65plus_2026":0.0,"estimated_elderly_share_pct":null,"elderly_exposure_score":null,"elderly_exposure_class":null,"estimate_confidence":"HIGH","display_name":"Block 589"},"geometry":{"type":"Polygon","coordinates":[[[103.852643,1.37243],[103.852545,1.372457],[103.85252,1.372449],[103.852513,1.372429],[103.852532,1.372278],[103.852608,1.372257],[103.852612,1.37227],[103.852599,1.372274],[103.852643,1.37243]]]}},{"type":"Feature","properties":{"block_id":"10373","blk_no":"590","postal_code":"560590","region_id":"NER","region":"NORTH-EAST REGION","planning_area_id":"AM","planning_area":"ANG MO KIO","subzone_id":"AMSZ02","subzone":"CHENG SAN","lon":103.8531,"lat":1.3715,"property_match":"MATCHED","property_match_confidence":"HIGH","street":"ANG MO KIO ST 51","residential":"N","year_completed":2017,"building_age_2026":9,"max_floor_lvl":6,"total_dwelling_units":0,"small_flat_share_pct":null,"rental_share_pct":null,"footprint_area_m2":3068.2,"estimated_residents_2026":0.0,"estimated_elderly_65plus_2026":0.0,"estimated_elderly_share_pct":null,"elderly_exposure_score":null,"elderly_exposure_class":null,"estimate_confidence":"HIGH","display_name":"Block 590"},"geometry":{"type":"Polygon","coordinates":[[[103.853509,1.371503],[103.85274,1.371715],[103.852658,1.371414],[103.853391,1.371212],[103.853388,1.371198],[103.85342,1.371189],[103.853509,1.371503]]]}},{"type":"Feature","properties":{"block_id":"10381","blk_no":"590A","postal_code":"561590","region_id":"NER","region":"NORTH-EAST REGION","planning_area_id":"AM","planning_area":"ANG MO KIO","subzone_id":"AMSZ02","subzone":"CHENG SAN","lon":103.8538,"lat":1.3713,"property_match":"MATCHED","property_match_confidence":"HIGH","street":"ANG MO KIO ST 51","residential":"Y","year_completed":2017,"building_age_2026":9,"max_floor_lvl":31,"total_dwelling_units":240,"small_flat_share_pct":62.5,"rental_share_pct":0.0,"footprint_area_m2":792.9,"estimated_residents_2026":546.9,"estimated_elderly_65plus_2026":163.0,"estimated_elderly_share_pct":29.81,"elderly_exposure_score":98.0,"elderly_exposure_class":"VERY HIGH","estimate_confidence":"HIGH","display_name":"Block 590A"},"geometry":{"type":"Polygon","coordinates":[[[103.853873,1.371323],[103.85387,1.371312],[103.853784,1.371335],[103.853778,1.371282],[103.85376,1.371287],[103.853757,1.371274],[103.853747,1.371277],[103.853764,1.371341],[103.853725,1.371352],[103.853716,1.371318],[103.853704,1.371321],[103.853708,1.371337],[103.853689,1.371343],[103.85371,1.371388],[103.853684,1.371395],[103.853679,1.371378],[103.853653,1.371385],[103.853657,1.3714],[103.853626,1.371409],[103.853629,1.371421],[103.853575,1.371436],[103.853559,1.371378],[103.853586,1.371371],[103.85358,1.371349],[103.853599,1.371344],[103.853604,1.371328],[103.853642,1.371318],[103.853638,1.371305],[103.853633,1.371294],[103.853591,1.371306],[103.853585,1.37128],[103.853578,1.371272],[103.853561,1.371277],[103.853555,1.371255],[103.853528,1.371263],[103.853512,1.371205],[103.853567,1.37119],[103.85357,1.371202],[103.8536,1.371193],[103.853604,1.371209],[103.85363,1.371201],[103.853625,1.371184],[103.853652,1.371177],[103.853657,1.371226],[103.853677,1.371221],[103.853682,1.371267],[103.853751,1.371252],[103.853831,1.371227],[103.853827,1.371212],[103.853794,1.371221],[103.853788,1.371199],[103.853761,1.371207],[103.853757,1.371192],[103.853744,1.371195],[103.85373,1.371154],[103.853814,1.371127],[103.853817,1.371138],[103.853875,1.371121],[103.853872,1.371111],[103.853958,1.371092],[103.853967,1.371134],[103.853953,1.371137],[103.853957,1.371152],[103.853931,1.37116],[103.853937,1.371182],[103.853904,1.371191],[103.853909,1.371224],[103.853893,1.371231],[103.853898,1.37125],[103.853925,1.371243],[103.853929,1.371258],[103.853943,1.371255],[103.853957,1.371295],[103.853873,1.371323]]]}},{"type":"Feature","properties":{"block_id":"10382","blk_no":"590B","postal_code":"562590","region_id":"NER","region":"NORTH-EAST REGION","planning_area_id":"AM","planning_area":"ANG MO KIO","subzone_id":"AMSZ02","subzone":"CHENG SAN","lon":103.8529,"lat":1.3712,"property_match":"MATCHED","property_match_confidence":"HIGH","street":"ANG MO KIO ST 51","residential":"Y","year_completed":2017,"building_age_2026":9,"max_floor_lvl":32,"total_dwelling_units":224,"small_flat_share_pct":61.16,"rental_share_pct":0.0,"footprint_area_m2":804.6,"estimated_residents_2026":512.8,"estimated_elderly_65plus_2026":152.0,"estimated_elderly_share_pct":29.64,"elderly_exposure_score":97.5,"elderly_exposure_class":"VERY HIGH","estimate_confidence":"HIGH","display_name":"Block 590B"},"geometry":{"type":"Polygon","coordinates":[[[103.852997,1.371289],[103.852993,1.371277],[103.852963,1.371285],[103.852948,1.371268],[103.852932,1.371272],[103.852936,1.371288],[103.852909,1.371296],[103.852903,1.371247],[103.852886,1.371252],[103.852882,1.371239],[103.852851,1.371248],[103.85286,1.371279],[103.852846,1.371283],[103.85285,1.371299],[103.852832,1.371304],[103.852854,1.371354],[103.852767,1.371371],[103.85277,1.371383],[103.852716,1.371398],[103.8527,1.37134],[103.852726,1.371333],[103.852707,1.371264],[103.852727,1.371258],[103.852725,1.371237],[103.852717,1.371228],[103.852699,1.371233],[103.852693,1.37121],[103.852666,1.371218],[103.85265,1.37116],[103.852705,1.371145],[103.852708,1.371157],[103.852792,1.371128],[103.852798,1.371181],[103.852816,1.371176],[103.852823,1.371228],[103.852875,1.371217],[103.852954,1.371192],[103.85295,1.371178],[103.852918,1.371187],[103.852912,1.371164],[103.852885,1.371172],[103.852881,1.371157],[103.852868,1.371161],[103.852854,1.37112],[103.852937,1.371092],[103.85294,1.371104],[103.852999,1.371088],[103.852996,1.371076],[103.853082,1.371058],[103.85309,1.371099],[103.853077,1.371103],[103.853081,1.371118],[103.853054,1.371125],[103.85306,1.371148],[103.853027,1.371157],[103.853033,1.371189],[103.853017,1.371197],[103.853022,1.371216],[103.853049,1.371209],[103.853053,1.371223],[103.853066,1.37122],[103.853082,1.371266],[103.852997,1.371289]]]}},{"type":"Feature","properties":{"block_id":"10372","blk_no":"591","postal_code":"560591","region_id":"NER","region":"NORTH-EAST REGION","planning_area_id":"AM","planning_area":"ANG MO KIO","subzone_id":"AMSZ02","subzone":"CHENG SAN","lon":103.8525,"lat":1.3711,"property_match":"MATCHED","property_match_confidence":"HIGH","street":"ANG MO KIO ST 51","residential":"N","year_completed":2017,"building_age_2026":9,"max_floor_lvl":1,"total_dwelling_units":0,"small_flat_share_pct":null,"rental_share_pct":null,"footprint_area_m2":200.6,"estimated_residents_2026":0.0,"estimated_elderly_65plus_2026":0.0,"estimated_elderly_share_pct":null,"elderly_exposure_score":null,"elderly_exposure_class":null,"estimate_confidence":"HIGH","display_name":"Block 591"},"geometry":{"type":"Polygon","coordinates":[[[103.85248,1.370993],[103.852557,1.371013],[103.852562,1.370994],[103.852591,1.371001],[103.852576,1.371143],[103.852435,1.371105],[103.85248,1.370993]]]}},{"type":"Feature","properties":{"block_id":"10390","blk_no":"591A","postal_code":"561591","region_id":"NER","region":"NORTH-EAST REGION","planning_area_id":"AM","planning_area":"ANG MO KIO","subzone_id":"AMSZ02","subzone":"CHENG SAN","lon":103.8522,"lat":1.371,"property_match":"MATCHED","property_match_confidence":"HIGH","street":"ANG MO KIO ST 51","residential":"Y","year_completed":2017,"building_age_2026":9,"max_floor_lvl":32,"total_dwelling_units":248,"small_flat_share_pct":25.0,"rental_share_pct":0.0,"footprint_area_m2":973.2,"estimated_residents_2026":636.2,"estimated_elderly_65plus_2026":163.7,"estimated_elderly_share_pct":25.73,"elderly_exposure_score":98.1,"elderly_exposure_class":"VERY HIGH","estimate_confidence":"HIGH","display_name":"Block 591A"},"geometry":{"type":"Polygon","coordinates":[[[103.851891,1.371063],[103.851807,1.371036],[103.85182,1.370994],[103.851835,1.370998],[103.851839,1.370983],[103.851865,1.37099],[103.851871,1.370968],[103.851904,1.370977],[103.851915,1.370955],[103.851915,1.370945],[103.851894,1.37094],[103.851905,1.370899],[103.85192,1.370903],[103.851922,1.370893],[103.851892,1.370885],[103.851898,1.370862],[103.851872,1.370855],[103.851875,1.370841],[103.851862,1.370837],[103.85187,1.370795],[103.851956,1.370812],[103.851952,1.370824],[103.851982,1.370838],[103.852009,1.370845],[103.852012,1.370834],[103.852067,1.370848],[103.852052,1.370906],[103.852025,1.370899],[103.852017,1.370948],[103.852032,1.370957],[103.852164,1.370988],[103.852168,1.370973],[103.852135,1.370964],[103.852141,1.370942],[103.852114,1.370935],[103.852118,1.370919],[103.852104,1.370916],[103.852112,1.370874],[103.852199,1.370891],[103.852196,1.370904],[103.852254,1.370919],[103.852257,1.370908],[103.852342,1.370934],[103.852328,1.370975],[103.852314,1.370972],[103.852311,1.370986],[103.852284,1.370979],[103.852278,1.371002],[103.852245,1.370993],[103.852243,1.371003],[103.852289,1.371019],[103.852264,1.371058],[103.85229,1.371065],[103.852286,1.37108],[103.852299,1.371083],[103.852292,1.371125],[103.852205,1.371108],[103.852208,1.371094],[103.85215,1.371079],[103.852146,1.371092],[103.852063,1.371064],[103.852077,1.371023],[103.852091,1.371027],[103.852095,1.371012],[103.85212,1.371019],[103.852125,1.371],[103.85203,1.370979],[103.852023,1.371008],[103.851998,1.371002],[103.851993,1.371022],[103.852019,1.371029],[103.852005,1.371086],[103.85195,1.371072],[103.851953,1.371061],[103.851925,1.371054],[103.851894,1.371051],[103.851891,1.371063]]]}},{"type":"Feature","properties":{"block_id":"822","blk_no":"596","postal_code":"560596","region_id":"NER","region":"NORTH-EAST REGION","planning_area_id":"AM","planning_area":"ANG MO KIO","subzone_id":"AMSZ02","subzone":"CHENG SAN","lon":103.8513,"lat":1.3725,"property_match":"MATCHED","property_match_confidence":"HIGH","street":"ANG MO KIO ST 52","residential":"N","year_completed":2000,"building_age_2026":26,"max_floor_lvl":5,"total_dwelling_units":0,"small_flat_share_pct":null,"rental_share_pct":null,"footprint_area_m2":2624.3,"estimated_residents_2026":0.0,"estimated_elderly_65plus_2026":0.0,"estimated_elderly_share_pct":null,"elderly_exposure_score":null,"elderly_exposure_class":null,"estimate_confidence":"HIGH","display_name":"Block 596"},"geometry":{"type":"Polygon","coordinates":[[[103.851181,1.372257],[103.851181,1.372022],[103.851478,1.372022],[103.851478,1.372686],[103.851181,1.372686],[103.851181,1.372257],[103.851134,1.372257],[103.851134,1.372303],[103.850991,1.372303],[103.850991,1.372188],[103.851134,1.372188],[103.851134,1.372257],[103.851181,1.372257]]]}},{"type":"Feature","properties":{"block_id":"3385","blk_no":"596A","postal_code":"561596","region_id":"NER","region":"NORTH-EAST REGION","planning_area_id":"AM","planning_area":"ANG MO KIO","subzone_id":"AMSZ02","subzone":"CHENG SAN","lon":103.851,"lat":1.3725,"property_match":"MATCHED","property_match_confidence":"HIGH","street":"ANG MO KIO ST 52","residential":"Y","year_completed":2000,"building_age_2026":26,"max_floor_lvl":28,"total_dwelling_units":135,"small_flat_share_pct":0.0,"rental_share_pct":0.0,"footprint_area_m2":696.3,"estimated_residents_2026":390.9,"estimated_elderly_65plus_2026":87.9,"estimated_elderly_share_pct":22.5,"elderly_exposure_score":81.3,"elderly_exposure_class":"VERY HIGH","estimate_confidence":"HIGH","display_name":"Block 596A"},"geometry":{"type":"Polygon","coordinates":[[[103.850906,1.37266],[103.850877,1.37266],[103.850877,1.372617],[103.850907,1.37261],[103.850907,1.372595],[103.850889,1.372595],[103.850889,1.372572],[103.85094,1.372572],[103.850944,1.372551],[103.850925,1.372551],[103.850925,1.372504],[103.850965,1.372504],[103.850965,1.372476],[103.850792,1.372476],[103.850792,1.372449],[103.850813,1.372449],[103.850813,1.372434],[103.850783,1.372428],[103.850783,1.372396],[103.850796,1.372396],[103.850796,1.372357],[103.850853,1.372357],[103.850853,1.37239],[103.85097,1.372384],[103.850976,1.372402],[103.850991,1.372402],[103.850991,1.372384],[103.851045,1.372392],[103.851045,1.372357],[103.851102,1.372357],[103.851102,1.372396],[103.851115,1.372396],[103.851115,1.372428],[103.851086,1.372434],[103.851086,1.372449],[103.851106,1.372449],[103.851106,1.372476],[103.851015,1.372476],[103.851015,1.37249],[103.851044,1.37249],[103.851044,1.372559],[103.851015,1.372559],[103.851015,1.372572],[103.851071,1.372572],[103.851071,1.372595],[103.851053,1.372595],[103.851053,1.37261],[103.851083,1.372617],[103.851083,1.37266],[103.851054,1.37266],[103.851054,1.372672],[103.851003,1.372672],[103.851003,1.372633],[103.850957,1.372633],[103.850957,1.372672],[103.850906,1.372672],[103.850906,1.37266]]]}},{"type":"Feature","properties":{"block_id":"4618","blk_no":"596B","postal_code":"562596","region_id":"NER","region":"NORTH-EAST REGION","planning_area_id":"AM","planning_area":"ANG MO KIO","subzone_id":"AMSZ02","subzone":"CHENG SAN","lon":103.8506,"lat":1.3721,"property_match":"MATCHED","property_match_confidence":"HIGH","street":"ANG MO KIO ST 52","residential":"Y","year_completed":2000,"building_age_2026":26,"max_floor_lvl":28,"total_dwelling_units":135,"small_flat_share_pct":0.0,"rental_share_pct":0.0,"footprint_area_m2":696.3,"estimated_residents_2026":390.9,"estimated_elderly_65plus_2026":87.9,"estimated_elderly_share_pct":22.5,"elderly_exposure_score":81.3,"elderly_exposure_class":"VERY HIGH","estimate_confidence":"HIGH","display_name":"Block 596B"},"geometry":{"type":"Polygon","coordinates":[[[103.850502,1.372281],[103.850474,1.372281],[103.850474,1.372238],[103.850503,1.372231],[103.850503,1.372216],[103.850485,1.372216],[103.850485,1.372193],[103.850537,1.372193],[103.850541,1.372172],[103.850522,1.372172],[103.850522,1.372125],[103.850562,1.372125],[103.850562,1.372097],[103.850389,1.372097],[103.850389,1.37207],[103.850409,1.37207],[103.850409,1.372055],[103.85038,1.372049],[103.85038,1.372017],[103.850393,1.372017],[103.850393,1.371978],[103.85045,1.371978],[103.85045,1.372011],[103.850567,1.372005],[103.850573,1.372023],[103.850588,1.372023],[103.850588,1.372005],[103.850642,1.372013],[103.850642,1.371978],[103.850699,1.371978],[103.850699,1.372017],[103.850712,1.372017],[103.850712,1.372049],[103.850682,1.372055],[103.850682,1.37207],[103.850703,1.37207],[103.850703,1.372097],[103.850611,1.372097],[103.850611,1.372111],[103.850641,1.372111],[103.850641,1.37218],[103.850611,1.37218],[103.850611,1.372193],[103.850668,1.372193],[103.850668,1.372216],[103.85065,1.372216],[103.85065,1.372231],[103.85068,1.372238],[103.85068,1.372281],[103.850651,1.372281],[103.850651,1.372293],[103.8506,1.372293],[103.8506,1.372254],[103.850554,1.372254],[103.850554,1.372293],[103.850502,1.372293],[103.850502,1.372281]]]}},{"type":"Feature","properties":{"block_id":"7556","blk_no":"596C","postal_code":"563596","region_id":"NER","region":"NORTH-EAST REGION","planning_area_id":"AM","planning_area":"ANG MO KIO","subzone_id":"AMSZ02","subzone":"CHENG SAN","lon":103.8502,"lat":1.372,"property_match":"MATCHED","property_match_confidence":"HIGH","street":"ANG MO KIO ST 52","residential":"Y","year_completed":2000,"building_age_2026":26,"max_floor_lvl":28,"total_dwelling_units":135,"small_flat_share_pct":0.0,"rental_share_pct":0.0,"footprint_area_m2":696.3,"estimated_residents_2026":390.9,"estimated_elderly_65plus_2026":87.9,"estimated_elderly_share_pct":22.5,"elderly_exposure_score":81.3,"elderly_exposure_class":"VERY HIGH","estimate_confidence":"HIGH","display_name":"Block 596C"},"geometry":{"type":"Polygon","coordinates":[[[103.8501,1.372165],[103.850071,1.372165],[103.850071,1.372122],[103.850101,1.372116],[103.850101,1.3721],[103.850083,1.3721],[103.850083,1.372078],[103.850134,1.372078],[103.850138,1.372056],[103.850119,1.372056],[103.850119,1.372009],[103.850159,1.372009],[103.850159,1.371982],[103.849986,1.371982],[103.849986,1.371955],[103.850007,1.371955],[103.850007,1.371939],[103.849977,1.371933],[103.849977,1.371901],[103.84999,1.371901],[103.84999,1.371862],[103.850047,1.371862],[103.850047,1.371896],[103.850164,1.37189],[103.85017,1.371908],[103.850185,1.371908],[103.850185,1.37189],[103.850239,1.371897],[103.850239,1.371862],[103.850296,1.371862],[103.850296,1.371901],[103.85031,1.371901],[103.85031,1.371933],[103.85028,1.371939],[103.85028,1.371955],[103.8503,1.371955],[103.8503,1.371982],[103.850209,1.371982],[103.850209,1.371995],[103.850239,1.371995],[103.850239,1.372064],[103.850209,1.372064],[103.850209,1.372078],[103.850265,1.372078],[103.850265,1.3721],[103.850247,1.3721],[103.850247,1.372116],[103.850277,1.372122],[103.850277,1.372165],[103.850248,1.372165],[103.850248,1.372177],[103.850197,1.372177],[103.850197,1.372138],[103.850151,1.372138],[103.850151,1.372177],[103.8501,1.372177],[103.8501,1.372165]]]}},{"type":"Feature","properties":{"block_id":"7296","blk_no":"596D","postal_code":"564596","region_id":"NER","region":"NORTH-EAST REGION","planning_area_id":"AM","planning_area":"ANG MO KIO","subzone_id":"AMSZ02","subzone":"CHENG SAN","lon":103.8509,"lat":1.372,"property_match":"MATCHED","property_match_confidence":"HIGH","street":"ANG MO KIO ST 52","residential":"Y","year_completed":2001,"building_age_2026":25,"max_floor_lvl":28,"total_dwelling_units":162,"small_flat_share_pct":0.0,"rental_share_pct":0.0,"footprint_area_m2":805.9,"estimated_residents_2026":464.4,"estimated_elderly_65plus_2026":105.8,"estimated_elderly_share_pct":22.79,"elderly_exposure_score":89.9,"elderly_exposure_class":"VERY HIGH","estimate_confidence":"HIGH","display_name":"Block 596D"},"geometry":{"type":"Polygon","coordinates":[[[103.850844,1.37189],[103.850844,1.371875],[103.850814,1.371869],[103.850814,1.371837],[103.850828,1.371837],[103.850828,1.371798],[103.850884,1.371798],[103.850884,1.371833],[103.850938,1.371825],[103.850938,1.371843],[103.850954,1.371843],[103.85096,1.371825],[103.851076,1.371825],[103.851082,1.371843],[103.851097,1.371843],[103.851097,1.371825],[103.851176,1.371832],[103.851176,1.371798],[103.851233,1.371798],[103.851233,1.371837],[103.851247,1.371837],[103.851247,1.371869],[103.851217,1.371875],[103.851217,1.37189],[103.851237,1.37189],[103.851237,1.371917],[103.850965,1.371917],[103.850965,1.371945],[103.851004,1.371945],[103.851004,1.371992],[103.850984,1.371992],[103.850984,1.372008],[103.851041,1.372013],[103.851041,1.372036],[103.851023,1.372036],[103.851023,1.372051],[103.851053,1.372058],[103.851053,1.372101],[103.851024,1.372101],[103.851024,1.372113],[103.850973,1.372113],[103.850973,1.372074],[103.850927,1.372074],[103.850927,1.372113],[103.850876,1.372113],[103.850876,1.372101],[103.850847,1.372101],[103.850847,1.372058],[103.850877,1.372051],[103.850877,1.372036],[103.850859,1.372036],[103.850859,1.372013],[103.850915,1.372013],[103.850915,1.372],[103.850885,1.372],[103.850885,1.371931],[103.850915,1.371931],[103.850915,1.371917],[103.850824,1.371917],[103.850824,1.37189],[103.850844,1.37189]]]}},{"type":"Feature","properties":{"block_id":"11056996","blk_no":"401","postal_code":"560401","region_id":"NER","region":"NORTH-EAST REGION","planning_area_id":"AM","planning_area":"ANG MO KIO","subzone_id":"AMSZ03","subzone":"CHONG BOON","lon":103.8554,"lat":1.361,"property_match":"MATCHED","property_match_confidence":"HIGH","street":"ANG MO KIO AVE 10","residential":"Y","year_completed":1978,"building_age_2026":48,"max_floor_lvl":25,"total_dwelling_units":96,"small_flat_share_pct":0.0,"rental_share_pct":0.0,"footprint_area_m2":564.2,"estimated_residents_2026":289.6,"estimated_elderly_65plus_2026":73.2,"estimated_elderly_share_pct":25.28,"elderly_exposure_score":68.8,"elderly_exposure_class":"HIGH","estimate_confidence":"HIGH","display_name":"Block 401"},"geometry":{"type":"Polygon","coordinates":[[[103.855324,1.361162],[103.855302,1.361102],[103.855286,1.361108],[103.855276,1.361079],[103.855345,1.361053],[103.85533,1.361015],[103.855261,1.36104],[103.855251,1.361011],[103.855266,1.361006],[103.855244,1.360946],[103.855335,1.360913],[103.855353,1.360961],[103.855377,1.360952],[103.855359,1.360904],[103.85545,1.360869],[103.855472,1.36093],[103.855487,1.360924],[103.855498,1.360953],[103.855429,1.360979],[103.855443,1.361018],[103.855512,1.360992],[103.855522,1.361021],[103.855508,1.361027],[103.855529,1.361087],[103.855441,1.361119],[103.855428,1.361093],[103.855405,1.361102],[103.855413,1.361129],[103.855324,1.361162]]]}},{"type":"Feature","properties":{"block_id":"11056997","blk_no":"402","postal_code":"560402","region_id":"NER","region":"NORTH-EAST REGION","planning_area_id":"AM","planning_area":"ANG MO KIO","subzone_id":"AMSZ03","subzone":"CHONG BOON","lon":103.8553,"lat":1.3615,"property_match":"MATCHED","property_match_confidence":"HIGH","street":"ANG MO KIO AVE 10","residential":"Y","year_completed":1978,"building_age_2026":48,"max_floor_lvl":25,"total_dwelling_units":96,"small_flat_share_pct":0.0,"rental_share_pct":0.0,"footprint_area_m2":588.4,"estimated_residents_2026":289.6,"estimated_elderly_65plus_2026":73.2,"estimated_elderly_share_pct":25.28,"elderly_exposure_score":68.8,"elderly_exposure_class":"HIGH","estimate_confidence":"HIGH","display_name":"Block 402"},"geometry":{"type":"Polygon","coordinates":[[[103.855423,1.361486],[103.855444,1.361547],[103.855239,1.361623],[103.855217,1.361563],[103.855201,1.361568],[103.855191,1.361539],[103.85526,1.361514],[103.855246,1.361475],[103.855177,1.3615],[103.855166,1.361471],[103.855181,1.361466],[103.855159,1.361405],[103.855248,1.361373],[103.855255,1.361386],[103.855264,1.361382],[103.855275,1.361362],[103.855365,1.361329],[103.855387,1.36139],[103.855402,1.361384],[103.855413,1.361413],[103.855344,1.361438],[103.855358,1.361478],[103.855427,1.361452],[103.855438,1.361481],[103.855423,1.361486]]]}},{"type":"Feature","properties":{"block_id":"11056998","blk_no":"403","postal_code":"560403","region_id":"NER","region":"NORTH-EAST REGION","planning_area_id":"AM","planning_area":"ANG MO KIO","subzone_id":"AMSZ03","subzone":"CHONG BOON","lon":103.8547,"lat":1.3613,"property_match":"MATCHED","property_match_confidence":"HIGH","street":"ANG MO KIO AVE 10","residential":"Y","year_completed":1978,"building_age_2026":48,"max_floor_lvl":12,"total_dwelling_units":131,"small_flat_share_pct":82.44,"rental_share_pct":0.0,"footprint_area_m2":1198.5,"estimated_residents_2026":293.7,"estimated_elderly_65plus_2026":92.6,"estimated_elderly_share_pct":31.53,"elderly_exposure_score":84.1,"elderly_exposure_class":"VERY HIGH","estimate_confidence":"HIGH","display_name":"Block 403"},"geometry":{"type":"Polygon","coordinates":[[[103.854537,1.361185],[103.854555,1.361234],[103.854802,1.361142],[103.854791,1.361111],[103.854839,1.361094],[103.854849,1.361122],[103.854966,1.361078],[103.854991,1.361143],[103.854979,1.361149],[103.854995,1.361195],[103.854983,1.361199],[103.854989,1.361216],[103.85491,1.361245],[103.854901,1.361223],[103.854854,1.361241],[103.854862,1.361263],[103.854783,1.361293],[103.854774,1.361268],[103.854752,1.361276],[103.854761,1.361301],[103.854681,1.36133],[103.854673,1.361307],[103.854652,1.361315],[103.85466,1.361338],[103.85458,1.361367],[103.854572,1.361344],[103.854525,1.361362],[103.854533,1.361384],[103.854454,1.361414],[103.854445,1.361391],[103.854424,1.361398],[103.854432,1.361422],[103.854353,1.361451],[103.854343,1.361427],[103.85433,1.36143],[103.854316,1.36139],[103.854305,1.361396],[103.854281,1.361331],[103.854488,1.361255],[103.854481,1.361235],[103.854499,1.361229],[103.85449,1.361202],[103.854537,1.361185]]]}},{"type":"Feature","properties":{"block_id":"11056993","blk_no":"404","postal_code":"560404","region_id":"NER","region":"NORTH-EAST REGION","planning_area_id":"AM","planning_area":"ANG MO KIO","subzone_id":"AMSZ03","subzone":"CHONG BOON","lon":103.8547,"lat":1.3617,"property_match":"MATCHED","property_match_confidence":"HIGH","street":"ANG MO KIO AVE 10","residential":"Y","year_completed":1978,"building_age_2026":48,"max_floor_lvl":12,"total_dwelling_units":130,"small_flat_share_pct":81.54,"rental_share_pct":0.0,"footprint_area_m2":1210.0,"estimated_residents_2026":292.5,"estimated_elderly_65plus_2026":92.0,"estimated_elderly_share_pct":31.45,"elderly_exposure_score":83.7,"elderly_exposure_class":"VERY HIGH","estimate_confidence":"HIGH","display_name":"Block 404"},"geometry":{"type":"Polygon","coordinates":[[[103.854568,1.3618],[103.854578,1.36183],[103.854532,1.361847],[103.854521,1.361819],[103.854405,1.361863],[103.85438,1.361798],[103.854393,1.361795],[103.854377,1.361752],[103.85439,1.361749],[103.854382,1.361725],[103.854461,1.361695],[103.85447,1.361718],[103.854516,1.3617],[103.854508,1.361678],[103.854588,1.361648],[103.854596,1.36167],[103.854618,1.361662],[103.854609,1.36164],[103.854689,1.361611],[103.854697,1.361633],[103.854719,1.361625],[103.85471,1.361603],[103.85479,1.361573],[103.854799,1.361595],[103.854845,1.361578],[103.854837,1.361556],[103.854917,1.361526],[103.854924,1.361549],[103.854946,1.361541],[103.854938,1.361518],[103.855017,1.361489],[103.855026,1.361511],[103.855039,1.361506],[103.855054,1.361547],[103.855069,1.36155],[103.855089,1.361609],[103.854882,1.361686],[103.854889,1.361705],[103.854872,1.361712],[103.854881,1.361737],[103.854835,1.361755],[103.854818,1.361709],[103.854568,1.3618]]]}},{"type":"Feature","properties":{"block_id":"11056995","blk_no":"405","postal_code":"560405","region_id":"NER","region":"NORTH-EAST REGION","planning_area_id":"AM","planning_area":"ANG MO KIO","subzone_id":"AMSZ03","subzone":"CHONG BOON","lon":103.8538,"lat":1.3616,"property_match":"MATCHED","property_match_confidence":"HIGH","street":"ANG MO KIO AVE 10","residential":"Y","year_completed":1978,"building_age_2026":48,"max_floor_lvl":12,"total_dwelling_units":150,"small_flat_share_pct":82.67,"rental_share_pct":0.0,"footprint_area_m2":1368.7,"estimated_residents_2026":337.0,"estimated_elderly_65plus_2026":105.9,"estimated_elderly_share_pct":31.44,"elderly_exposure_score":89.9,"elderly_exposure_class":"VERY HIGH","estimate_confidence":"HIGH","display_name":"Block 405"},"geometry":{"type":"Polygon","coordinates":[[[103.853668,1.361562],[103.85394,1.361461],[103.853929,1.361431],[103.853976,1.361413],[103.853987,1.361444],[103.85418,1.361372],[103.854202,1.361434],[103.85419,1.361437],[103.854205,1.361476],[103.854193,1.361483],[103.854202,1.361507],[103.854122,1.361537],[103.854113,1.361512],[103.854091,1.36152],[103.8541,1.361545],[103.854021,1.361575],[103.854011,1.361549],[103.854002,1.361553],[103.853965,1.361567],[103.853974,1.361592],[103.853894,1.361622],[103.853885,1.361595],[103.853863,1.361603],[103.853872,1.361629],[103.853793,1.361659],[103.853784,1.361633],[103.853762,1.361641],[103.853772,1.361667],[103.853692,1.361697],[103.853682,1.361671],[103.853635,1.361688],[103.853645,1.361714],[103.853566,1.361743],[103.853556,1.361717],[103.853534,1.361725],[103.853544,1.361751],[103.853464,1.361781],[103.853455,1.361757],[103.853442,1.36176],[103.853427,1.36172],[103.853413,1.361721],[103.853393,1.361661],[103.8536,1.361585],[103.853593,1.361565],[103.85361,1.361558],[103.853601,1.361532],[103.853651,1.361515],[103.853668,1.361562]]]}},{"type":"Feature","properties":{"block_id":"11056992","blk_no":"406","postal_code":"560406","region_id":"NER","region":"NORTH-EAST REGION","planning_area_id":"AM","planning_area":"ANG MO KIO","subzone_id":"AMSZ03","subzone":"CHONG BOON","lon":103.8539,"lat":1.362,"property_match":"MATCHED","property_match_confidence":"HIGH","street":"ANG MO KIO AVE 10","residential":"Y","year_completed":1978,"building_age_2026":48,"max_floor_lvl":12,"total_dwelling_units":220,"small_flat_share_pct":100.0,"rental_share_pct":63.18,"footprint_area_m2":1191.8,"estimated_residents_2026":446.3,"estimated_elderly_65plus_2026":132.0,"estimated_elderly_share_pct":29.58,"elderly_exposure_score":95.4,"elderly_exposure_class":"VERY HIGH","estimate_confidence":"HIGH","display_name":"Block 406"},"geometry":{"type":"Polygon","coordinates":[[[103.853956,1.362036],[103.853964,1.362057],[103.853906,1.362078],[103.853915,1.362103],[103.853867,1.362121],[103.853849,1.362072],[103.85384,1.362073],[103.853696,1.362126],[103.853698,1.362133],[103.853687,1.36213],[103.853653,1.362142],[103.853655,1.362149],[103.853644,1.362145],[103.853517,1.362193],[103.853513,1.362181],[103.853487,1.36219],[103.85346,1.36212],[103.85348,1.36211],[103.853474,1.362091],[103.853536,1.362068],[103.853545,1.362088],[103.853557,1.362083],[103.85355,1.362063],[103.853612,1.36204],[103.853619,1.362058],[103.853633,1.362055],[103.853625,1.362035],[103.853687,1.362012],[103.853695,1.362032],[103.853709,1.362027],[103.853701,1.362007],[103.853764,1.361984],[103.853771,1.362003],[103.853784,1.361998],[103.853777,1.361978],[103.85384,1.361955],[103.853847,1.361975],[103.853886,1.361961],[103.853878,1.361941],[103.853941,1.361918],[103.853948,1.361938],[103.853962,1.361933],[103.853954,1.361913],[103.854017,1.36189],[103.854024,1.36191],[103.854038,1.361905],[103.85403,1.361885],[103.854093,1.361862],[103.854099,1.36188],[103.854113,1.361875],[103.854106,1.361857],[103.854169,1.361834],[103.854175,1.36185],[103.854188,1.361845],[103.854182,1.361829],[103.854244,1.361806],[103.854252,1.361825],[103.854271,1.361815],[103.854303,1.361902],[103.853956,1.362036]]]}},{"type":"Feature","properties":{"block_id":"11056990","blk_no":"407","postal_code":"560407","region_id":"NER","region":"NORTH-EAST REGION","planning_area_id":"AM","planning_area":"ANG MO KIO","subzone_id":"AMSZ03","subzone":"CHONG BOON","lon":103.8555,"lat":1.3621,"property_match":"MATCHED","property_match_confidence":"HIGH","street":"ANG MO KIO AVE 10","residential":"Y","year_completed":1979,"building_age_2026":47,"max_floor_lvl":2,"total_dwelling_units":3,"small_flat_share_pct":100.0,"rental_share_pct":0.0,"footprint_area_m2":1957.0,"estimated_residents_2026":6.4,"estimated_elderly_65plus_2026":2.1,"estimated_elderly_share_pct":32.31,"elderly_exposure_score":0.4,"elderly_exposure_class":"VERY LOW","estimate_confidence":"HIGH","display_name":"Block 407"},"geometry":{"type":"Polygon","coordinates":[[[103.85539,1.362377],[103.855343,1.36225],[103.855559,1.362162],[103.85555,1.362135],[103.85546,1.362166],[103.855451,1.362141],[103.855462,1.362137],[103.855458,1.362127],[103.855432,1.362136],[103.85535,1.36191],[103.855302,1.361938],[103.855312,1.361964],[103.854915,1.362111],[103.854907,1.362089],[103.854894,1.362094],[103.854852,1.361974],[103.855272,1.361819],[103.855275,1.361826],[103.855304,1.361815],[103.855327,1.361879],[103.855344,1.361873],[103.855333,1.361843],[103.855351,1.361836],[103.855351,1.361822],[103.855455,1.361784],[103.855638,1.362285],[103.85539,1.362377]]]}},{"type":"Feature","properties":{"block_id":"11056991","blk_no":"408","postal_code":"560408","region_id":"NER","region":"NORTH-EAST REGION","planning_area_id":"AM","planning_area":"ANG MO KIO","subzone_id":"AMSZ03","subzone":"CHONG BOON","lon":103.8543,"lat":1.3623,"property_match":"MATCHED","property_match_confidence":"HIGH","street":"ANG MO KIO AVE 10","residential":"Y","year_completed":1979,"building_age_2026":47,"max_floor_lvl":2,"total_dwelling_units":3,"small_flat_share_pct":100.0,"rental_share_pct":0.0,"footprint_area_m2":2556.0,"estimated_residents_2026":6.4,"estimated_elderly_65plus_2026":2.1,"estimated_elderly_share_pct":32.31,"elderly_exposure_score":0.4,"elderly_exposure_class":"VERY LOW","estimate_confidence":"HIGH","display_name":"Block 408"},"geometry":{"type":"Polygon","coordinates":[[[103.854977,1.362437],[103.854437,1.362636],[103.854389,1.362509],[103.854418,1.362491],[103.854407,1.362462],[103.854346,1.362484],[103.854221,1.362142],[103.854821,1.361919],[103.854863,1.362033],[103.854851,1.362037],[103.854861,1.362063],[103.854465,1.36221],[103.854455,1.362185],[103.854412,1.362191],[103.8544,1.362161],[103.85439,1.362164],[103.854484,1.36242],[103.854458,1.362429],[103.854474,1.36247],[103.854891,1.362316],[103.854924,1.362371],[103.85495,1.362361],[103.854977,1.362437]]]}},{"type":"Feature","properties":{"block_id":"11056989","blk_no":"409","postal_code":"560409","region_id":"NER","region":"NORTH-EAST REGION","planning_area_id":"AM","planning_area":"ANG MO KIO","subzone_id":"AMSZ03","subzone":"CHONG BOON","lon":103.8553,"lat":1.3626,"property_match":"MATCHED","property_match_confidence":"HIGH","street":"ANG MO KIO AVE 10","residential":"N","year_completed":1979,"building_age_2026":47,"max_floor_lvl":1,"total_dwelling_units":0,"small_flat_share_pct":null,"rental_share_pct":null,"footprint_area_m2":3728.0,"estimated_residents_2026":0.0,"estimated_elderly_65plus_2026":0.0,"estimated_elderly_share_pct":null,"elderly_exposure_score":null,"elderly_exposure_class":null,"estimate_confidence":"HIGH","display_name":"Block 409"},"geometry":{"type":"Polygon","coordinates":[[[103.855639,1.3629],[103.855185,1.363062],[103.855114,1.362868],[103.855155,1.362851],[103.855148,1.362828],[103.855121,1.362839],[103.855112,1.362816],[103.855138,1.362805],[103.854978,1.362355],[103.855292,1.362239],[103.855399,1.362531],[103.855491,1.362497],[103.85556,1.362684],[103.855575,1.362678],[103.855586,1.362707],[103.85557,1.362713],[103.855639,1.3629]],[[103.855362,1.362772],[103.855362,1.362765],[103.855358,1.362768],[103.855362,1.362772]]]}},{"type":"Feature","properties":{"block_id":"4671","blk_no":"410","postal_code":"560410","region_id":"NER","region":"NORTH-EAST REGION","planning_area_id":"AM","planning_area":"ANG MO KIO","subzone_id":"AMSZ03","subzone":"CHONG BOON","lon":103.8543,"lat":1.3628,"property_match":"MATCHED","property_match_confidence":"HIGH","street":"ANG MO KIO AVE 10","residential":"N","year_completed":1979,"building_age_2026":47,"max_floor_lvl":2,"total_dwelling_units":0,"small_flat_share_pct":null,"rental_share_pct":null,"footprint_area_m2":2064.3,"estimated_residents_2026":0.0,"estimated_elderly_65plus_2026":0.0,"estimated_elderly_share_pct":null,"elderly_exposure_score":null,"elderly_exposure_class":null,"estimate_confidence":"HIGH","display_name":"Block 410"},"geometry":{"type":"Polygon","coordinates":[[[103.854154,1.362821],[103.854939,1.362531],[103.855136,1.363067],[103.855001,1.363113],[103.854992,1.363088],[103.855001,1.363085],[103.854996,1.363071],[103.855018,1.363063],[103.855011,1.363042],[103.854988,1.363051],[103.854982,1.363037],[103.854974,1.36304],[103.854955,1.362988],[103.854962,1.362986],[103.854957,1.362971],[103.854981,1.362962],[103.854973,1.36294],[103.85495,1.362949],[103.854945,1.362935],[103.854936,1.362938],[103.854917,1.362884],[103.854924,1.362881],[103.854918,1.362865],[103.854943,1.362856],[103.854935,1.362835],[103.85491,1.362844],[103.854905,1.36283],[103.854897,1.362833],[103.854878,1.36278],[103.854886,1.362777],[103.85488,1.362763],[103.854905,1.362754],[103.854891,1.362716],[103.854927,1.362702],[103.85492,1.362683],[103.854893,1.362701],[103.854872,1.362702],[103.854864,1.362679],[103.854846,1.362686],[103.854854,1.362709],[103.854817,1.362729],[103.854801,1.362701],[103.854692,1.362742],[103.8547,1.362764],[103.854684,1.36277],[103.854687,1.362777],[103.854636,1.362796],[103.854633,1.362788],[103.854618,1.362794],[103.85461,1.362773],[103.85459,1.362781],[103.854597,1.362802],[103.854582,1.362808],[103.854584,1.362816],[103.854534,1.362834],[103.854532,1.362827],[103.854515,1.362834],[103.854507,1.362812],[103.854488,1.362819],[103.854495,1.36284],[103.854479,1.362846],[103.854482,1.362854],[103.854432,1.362872],[103.854429,1.362864],[103.854414,1.36287],[103.854407,1.362849],[103.854388,1.362856],[103.854396,1.362878],[103.854379,1.362884],[103.854382,1.362892],[103.854331,1.362911],[103.854329,1.362904],[103.854315,1.362909],[103.854307,1.362887],[103.854286,1.362895],[103.854294,1.362917],[103.854279,1.362923],[103.854282,1.362931],[103.854232,1.36295],[103.854229,1.362942],[103.854215,1.362947],[103.854207,1.362923],[103.854192,1.362928],[103.854154,1.362821]]]}},{"type":"Feature","properties":{"block_id":"58","blk_no":"411","postal_code":"560411","region_id":"NER","region":"NORTH-EAST REGION","planning_area_id":"AM","planning_area":"ANG MO KIO","subzone_id":"AMSZ03","subzone":"CHONG BOON","lon":103.8553,"lat":1.3634,"property_match":"MATCHED","property_match_confidence":"HIGH","street":"ANG MO KIO AVE 10","residential":"Y","year_completed":1978,"building_age_2026":48,"max_floor_lvl":12,"total_dwelling_units":88,"small_flat_share_pct":0.0,"rental_share_pct":0.0,"footprint_area_m2":1060.3,"estimated_residents_2026":239.9,"estimated_elderly_65plus_2026":69.2,"estimated_elderly_share_pct":28.83,"elderly_exposure_score":64.6,"elderly_exposure_class":"HIGH","estimate_confidence":"HIGH","display_name":"Block 411"},"geometry":{"type":"Polygon","coordinates":[[[103.855005,1.363395],[103.855024,1.363383],[103.855034,1.363412],[103.855046,1.363415],[103.855157,1.363374],[103.855147,1.363348],[103.855166,1.363341],[103.85516,1.363323],[103.855206,1.363303],[103.855223,1.36335],[103.855311,1.363317],[103.855318,1.363307],[103.855309,1.363283],[103.855328,1.363271],[103.855337,1.363299],[103.855349,1.363303],[103.855462,1.363261],[103.855469,1.36325],[103.855461,1.363227],[103.85548,1.363215],[103.855508,1.363264],[103.855566,1.363243],[103.855599,1.363333],[103.855561,1.363347],[103.855569,1.363369],[103.85549,1.363398],[103.855482,1.363377],[103.855409,1.363404],[103.855417,1.363425],[103.855338,1.363455],[103.85533,1.363433],[103.855257,1.36346],[103.855265,1.363481],[103.855186,1.363511],[103.855178,1.363489],[103.855105,1.363516],[103.855114,1.363538],[103.855034,1.363567],[103.855027,1.363545],[103.854988,1.36356],[103.854954,1.363468],[103.855013,1.363446],[103.855004,1.363422],[103.855014,1.363419],[103.855005,1.363395]]]}},{"type":"Feature","properties":{"block_id":"11","blk_no":"412","postal_code":"560412","region_id":"NER","region":"NORTH-EAST REGION","planning_area_id":"AM","planning_area":"ANG MO KIO","subzone_id":"AMSZ03","subzone":"CHONG BOON","lon":103.8553,"lat":1.3639,"property_match":"MATCHED","property_match_confidence":"HIGH","street":"ANG MO KIO AVE 10","residential":"Y","year_completed":1978,"building_age_2026":48,"max_floor_lvl":12,"total_dwelling_units":88,"small_flat_share_pct":0.0,"rental_share_pct":0.0,"footprint_area_m2":1061.2,"estimated_residents_2026":239.9,"estimated_elderly_65plus_2026":69.2,"estimated_elderly_share_pct":28.83,"elderly_exposure_score":64.6,"elderly_exposure_class":"HIGH","estimate_confidence":"HIGH","display_name":"Block 412"},"geometry":{"type":"Polygon","coordinates":[[[103.855099,1.364024],[103.85508,1.364036],[103.855053,1.363987],[103.854994,1.364009],[103.854961,1.363917],[103.854999,1.363903],[103.854991,1.363882],[103.855071,1.363852],[103.855078,1.363874],[103.855151,1.363847],[103.855143,1.363826],[103.855222,1.363796],[103.85523,1.363818],[103.855303,1.363791],[103.855295,1.363769],[103.855374,1.36374],[103.855382,1.363761],[103.855455,1.363735],[103.855447,1.363713],[103.855526,1.363684],[103.855534,1.363705],[103.855572,1.363691],[103.855605,1.363782],[103.855547,1.363804],[103.855555,1.363855],[103.855535,1.363867],[103.855527,1.363839],[103.855514,1.363835],[103.855426,1.363868],[103.855443,1.363916],[103.855397,1.363933],[103.855389,1.363911],[103.85537,1.363918],[103.855361,1.363892],[103.85525,1.363933],[103.855243,1.363944],[103.855251,1.363968],[103.855232,1.363979],[103.855223,1.363951],[103.855211,1.363948],[103.855098,1.36399],[103.855091,1.364],[103.855099,1.364024]]]}},{"type":"Feature","properties":{"block_id":"51","blk_no":"413","postal_code":"560413","region_id":"NER","region":"NORTH-EAST REGION","planning_area_id":"AM","planning_area":"ANG MO KIO","subzone_id":"AMSZ03","subzone":"CHONG BOON","lon":103.8537,"lat":1.3635,"property_match":"MATCHED","property_match_confidence":"HIGH","street":"ANG MO KIO AVE 10","residential":"Y","year_completed":1978,"building_age_2026":48,"max_floor_lvl":12,"total_dwelling_units":88,"small_flat_share_pct":0.0,"rental_share_pct":0.0,"footprint_area_m2":1139.1,"estimated_residents_2026":239.9,"estimated_elderly_65plus_2026":69.2,"estimated_elderly_share_pct":28.83,"elderly_exposure_score":64.6,"elderly_exposure_class":"HIGH","estimate_confidence":"HIGH","display_name":"Block 413"},"geometry":{"type":"Polygon","coordinates":[[[103.853966,1.36346],[103.853974,1.363511],[103.853955,1.363523],[103.853946,1.363495],[103.853934,1.363491],[103.85382,1.363533],[103.853813,1.363544],[103.853822,1.363567],[103.853803,1.363579],[103.853794,1.363551],[103.853782,1.363548],[103.853669,1.363589],[103.853662,1.3636],[103.85367,1.363623],[103.853651,1.363635],[103.853642,1.363607],[103.85363,1.363604],[103.853541,1.363637],[103.85354,1.363664],[103.853495,1.363662],[103.853496,1.363634],[103.853413,1.363595],[103.8534,1.363598],[103.853389,1.36362],[103.853367,1.363615],[103.853383,1.363562],[103.853326,1.363535],[103.853367,1.363447],[103.853403,1.363464],[103.853413,1.363443],[103.85349,1.363479],[103.85348,1.3635],[103.853516,1.363516],[103.853513,1.363523],[103.853534,1.363524],[103.853532,1.363517],[103.85357,1.363503],[103.853562,1.363481],[103.853642,1.363452],[103.85365,1.363474],[103.853723,1.363447],[103.853715,1.363425],[103.853794,1.363396],[103.853802,1.363418],[103.853875,1.363391],[103.853867,1.363369],[103.853946,1.36334],[103.853954,1.363361],[103.853991,1.363348],[103.854025,1.363438],[103.853966,1.36346]]]}},{"type":"Feature","properties":{"block_id":"9","blk_no":"414","postal_code":"560414","region_id":"NER","region":"NORTH-EAST REGION","planning_area_id":"AM","planning_area":"ANG MO KIO","subzone_id":"AMSZ03","subzone":"CHONG BOON","lon":103.8538,"lat":1.3639,"property_match":"MATCHED","property_match_confidence":"HIGH","street":"ANG MO KIO AVE 10","residential":"Y","year_completed":1978,"building_age_2026":48,"max_floor_lvl":12,"total_dwelling_units":132,"small_flat_share_pct":0.0,"rental_share_pct":0.0,"footprint_area_m2":1666.9,"estimated_residents_2026":359.9,"estimated_elderly_65plus_2026":103.7,"estimated_elderly_share_pct":28.83,"elderly_exposure_score":89.0,"elderly_exposure_class":"VERY HIGH","estimate_confidence":"HIGH","display_name":"Block 414"},"geometry":{"type":"Polygon","coordinates":[[[103.853445,1.363956],[103.853516,1.363982],[103.853575,1.363961],[103.853582,1.36395],[103.853573,1.363927],[103.853592,1.363915],[103.853601,1.363943],[103.853613,1.363946],[103.853726,1.363905],[103.853733,1.363894],[103.853725,1.36387],[103.853744,1.363858],[103.853753,1.363886],[103.853765,1.363891],[103.853878,1.363849],[103.853885,1.363837],[103.853877,1.363815],[103.853896,1.363803],[103.853904,1.36383],[103.853917,1.363834],[103.85403,1.363793],[103.854037,1.363781],[103.854028,1.363758],[103.854048,1.363746],[103.854075,1.363796],[103.854133,1.363774],[103.854166,1.363865],[103.854128,1.363879],[103.854136,1.3639],[103.854057,1.36393],[103.854049,1.363908],[103.853977,1.363935],[103.853984,1.363957],[103.853905,1.363986],[103.853897,1.363964],[103.853825,1.363991],[103.853833,1.364013],[103.853753,1.364042],[103.853745,1.364021],[103.853673,1.364047],[103.853681,1.364069],[103.853602,1.364098],[103.853593,1.364076],[103.853536,1.364097],[103.853536,1.364118],[103.85347,1.364115],[103.85347,1.364095],[103.853417,1.36407],[103.853407,1.364091],[103.85333,1.364056],[103.85334,1.364035],[103.85327,1.364002],[103.85326,1.364023],[103.853184,1.363987],[103.853193,1.363966],[103.853156,1.363949],[103.853197,1.363861],[103.853254,1.363887],[103.853284,1.363846],[103.853306,1.363851],[103.853292,1.363876],[103.853298,1.363888],[103.853408,1.363939],[103.85342,1.363936],[103.853431,1.363914],[103.853452,1.363919],[103.853439,1.363945],[103.853445,1.363956]]]}},{"type":"Feature","properties":{"block_id":"12","blk_no":"415","postal_code":"560415","region_id":"NER","region":"NORTH-EAST REGION","planning_area_id":"AM","planning_area":"ANG MO KIO","subzone_id":"AMSZ03","subzone":"CHONG BOON","lon":103.8538,"lat":1.3644,"property_match":"MATCHED","property_match_confidence":"HIGH","street":"ANG MO KIO AVE 10","residential":"Y","year_completed":1978,"building_age_2026":48,"max_floor_lvl":12,"total_dwelling_units":176,"small_flat_share_pct":0.0,"rental_share_pct":0.0,"footprint_area_m2":1988.2,"estimated_residents_2026":479.8,"estimated_elderly_65plus_2026":138.3,"estimated_elderly_share_pct":28.83,"elderly_exposure_score":96.1,"elderly_exposure_class":"VERY HIGH","estimate_confidence":"HIGH","display_name":"Block 415"},"geometry":{"type":"Polygon","coordinates":[[[103.854245,1.364287],[103.854253,1.364338],[103.854234,1.36435],[103.854207,1.364301],[103.854093,1.364343],[103.854101,1.364394],[103.854082,1.364406],[103.854055,1.364358],[103.853942,1.364399],[103.853949,1.36445],[103.85393,1.364462],[103.853903,1.364414],[103.85378,1.364459],[103.853797,1.364506],[103.853778,1.364518],[103.853761,1.364466],[103.853628,1.364516],[103.853645,1.364563],[103.853626,1.364575],[103.853609,1.364523],[103.853542,1.364548],[103.853548,1.364564],[103.853527,1.364572],[103.853526,1.3646],[103.85346,1.364596],[103.853461,1.364568],[103.853441,1.364559],[103.853449,1.364543],[103.853385,1.364514],[103.853364,1.36456],[103.853342,1.364555],[103.853366,1.364505],[103.853238,1.364445],[103.853218,1.364492],[103.853195,1.364486],[103.85322,1.364437],[103.853092,1.364377],[103.853071,1.364423],[103.853049,1.364418],[103.853069,1.364367],[103.853007,1.364338],[103.853048,1.364249],[103.853084,1.364267],[103.853094,1.364246],[103.853171,1.364281],[103.853161,1.364302],[103.853231,1.364335],[103.853241,1.364314],[103.853317,1.36435],[103.853308,1.364371],[103.853378,1.364403],[103.853388,1.364382],[103.853464,1.364418],[103.853455,1.364439],[103.853506,1.364456],[103.853545,1.364442],[103.853537,1.364421],[103.853617,1.364391],[103.853625,1.364412],[103.853697,1.364386],[103.853689,1.364365],[103.853769,1.364335],[103.853777,1.364356],[103.853849,1.364329],[103.853841,1.364308],[103.853921,1.364279],[103.853928,1.3643],[103.854001,1.364273],[103.853993,1.364252],[103.854072,1.364222],[103.85408,1.364244],[103.854153,1.364217],[103.854145,1.364195],[103.854224,1.364166],[103.854232,1.364188],[103.85427,1.364174],[103.854303,1.364265],[103.854245,1.364287]]]}},{"type":"Feature","properties":{"block_id":"27","blk_no":"416","postal_code":"560416","region_id":"NER","region":"NORTH-EAST REGION","planning_area_id":"AM","planning_area":"ANG MO KIO","subzone_id":"AMSZ03","subzone":"CHONG BOON","lon":103.855,"lat":1.3646,"property_match":"MATCHED","property_match_confidence":"HIGH","street":"ANG MO KIO AVE 10","residential":"Y","year_completed":1978,"building_age_2026":48,"max_floor_lvl":14,"total_dwelling_units":188,"small_flat_share_pct":85.11,"rental_share_pct":1.06,"footprint_area_m2":1784.6,"estimated_residents_2026":419.3,"estimated_elderly_65plus_2026":132.4,"estimated_elderly_share_pct":31.57,"elderly_exposure_score":95.4,"elderly_exposure_class":"VERY HIGH","estimate_confidence":"HIGH","display_name":"Block 416"},"geometry":{"type":"Polygon","coordinates":[[[103.854722,1.364572],[103.854749,1.364615],[103.85502,1.364515],[103.855005,1.36447],[103.855049,1.364454],[103.855058,1.364475],[103.855082,1.364466],[103.85509,1.364488],[103.855241,1.364433],[103.855386,1.364378],[103.85538,1.364333],[103.855402,1.36432],[103.855411,1.364349],[103.85542,1.364345],[103.855427,1.364363],[103.855533,1.36432],[103.855543,1.364344],[103.855593,1.364325],[103.85561,1.364373],[103.855545,1.36439],[103.85556,1.364432],[103.855548,1.364437],[103.855566,1.364478],[103.855551,1.364487],[103.855538,1.364486],[103.855532,1.364468],[103.8555,1.36448],[103.855507,1.364497],[103.855481,1.36451],[103.855468,1.364466],[103.855421,1.364483],[103.85544,1.364525],[103.855425,1.364534],[103.855412,1.364532],[103.855405,1.364515],[103.855374,1.364527],[103.855381,1.364544],[103.855355,1.364557],[103.855342,1.364513],[103.85532,1.364521],[103.855338,1.364563],[103.855311,1.36457],[103.855304,1.364553],[103.855273,1.364564],[103.855279,1.364582],[103.855253,1.364595],[103.85524,1.36455],[103.855219,1.364558],[103.855237,1.3646],[103.85521,1.364608],[103.855203,1.36459],[103.855172,1.364602],[103.855178,1.364619],[103.855169,1.364629],[103.855152,1.364632],[103.855139,1.364588],[103.85507,1.364612],[103.855089,1.364655],[103.855074,1.364664],[103.855061,1.364662],[103.855054,1.364646],[103.855024,1.364657],[103.85503,1.364675],[103.855004,1.364687],[103.854991,1.364643],[103.854969,1.364651],[103.854988,1.364693],[103.854973,1.364701],[103.85496,1.3647],[103.854953,1.364683],[103.854922,1.364694],[103.854928,1.364712],[103.854902,1.364724],[103.854889,1.364681],[103.854868,1.364688],[103.854886,1.36473],[103.854859,1.364738],[103.854852,1.36472],[103.854821,1.364732],[103.854827,1.364749],[103.854801,1.364762],[103.854788,1.364718],[103.854742,1.364735],[103.85476,1.364777],[103.854732,1.364785],[103.854726,1.364767],[103.854695,1.364779],[103.854701,1.364796],[103.854675,1.364808],[103.854662,1.364765],[103.854648,1.36477],[103.854634,1.364728],[103.854621,1.364733],[103.854597,1.364667],[103.854707,1.364631],[103.8547,1.364585],[103.854722,1.364572]]]}},{"type":"Feature","properties":{"block_id":"14","blk_no":"417","postal_code":"560417","region_id":"NER","region":"NORTH-EAST REGION","planning_area_id":"AM","planning_area":"ANG MO KIO","subzone_id":"AMSZ03","subzone":"CHONG BOON","lon":103.8552,"lat":1.365,"property_match":"MATCHED","property_match_confidence":"HIGH","street":"ANG MO KIO AVE 10","residential":"Y","year_completed":1978,"building_age_2026":48,"max_floor_lvl":14,"total_dwelling_units":208,"small_flat_share_pct":87.5,"rental_share_pct":0.0,"footprint_area_m2":1753.2,"estimated_residents_2026":459.7,"estimated_elderly_65plus_2026":146.1,"estimated_elderly_share_pct":31.78,"elderly_exposure_score":97.1,"elderly_exposure_class":"VERY HIGH","estimate_confidence":"HIGH","display_name":"Block 417"},"geometry":{"type":"Polygon","coordinates":[[[103.855581,1.364887],[103.855587,1.364933],[103.855566,1.364946],[103.855541,1.364902],[103.855245,1.365012],[103.855253,1.365034],[103.855229,1.365042],[103.855237,1.365065],[103.855191,1.365082],[103.855175,1.365038],[103.854901,1.365139],[103.854907,1.365185],[103.854885,1.365198],[103.854861,1.365154],[103.854752,1.365194],[103.854729,1.365132],[103.854741,1.365127],[103.854726,1.365086],[103.854738,1.365081],[103.85472,1.365039],[103.854735,1.36503],[103.854748,1.365032],[103.854755,1.365049],[103.854786,1.365037],[103.85478,1.36502],[103.854806,1.365007],[103.854818,1.365052],[103.854865,1.365034],[103.854847,1.364992],[103.854862,1.364984],[103.854875,1.364985],[103.854881,1.365002],[103.854912,1.364991],[103.854906,1.364973],[103.854932,1.36496],[103.854945,1.365004],[103.854966,1.364996],[103.854948,1.364955],[103.854963,1.364946],[103.854976,1.364947],[103.854983,1.364965],[103.855014,1.364953],[103.855007,1.364936],[103.855033,1.364923],[103.855046,1.364967],[103.855068,1.364959],[103.85505,1.364917],[103.855064,1.364909],[103.855078,1.36491],[103.855084,1.364927],[103.855115,1.364916],[103.855109,1.364898],[103.855135,1.364886],[103.855147,1.364929],[103.855216,1.364903],[103.855198,1.364862],[103.855213,1.364854],[103.855226,1.364855],[103.855233,1.364872],[103.855264,1.364861],[103.855258,1.364844],[103.855284,1.364831],[103.855296,1.364874],[103.855317,1.364866],[103.855299,1.364825],[103.855315,1.364816],[103.855328,1.364817],[103.855334,1.364835],[103.855365,1.364823],[103.855359,1.364806],[103.855385,1.364793],[103.855397,1.364836],[103.855419,1.364828],[103.8554,1.364787],[103.855429,1.36478],[103.855435,1.364798],[103.855466,1.364786],[103.85546,1.364769],[103.855486,1.364756],[103.855498,1.364799],[103.855545,1.364781],[103.855527,1.36474],[103.855555,1.364733],[103.855562,1.364751],[103.855593,1.364739],[103.855586,1.364722],[103.855612,1.364709],[103.855626,1.364753],[103.855638,1.364748],[103.855653,1.36479],[103.855666,1.364785],[103.855689,1.364847],[103.855581,1.364887]]]}},{"type":"Feature","properties":{"block_id":"26","blk_no":"418","postal_code":"560418","region_id":"NER","region":"NORTH-EAST REGION","planning_area_id":"AM","planning_area":"ANG MO KIO","subzone_id":"AMSZ03","subzone":"CHONG BOON","lon":103.854,"lat":1.365,"property_match":"MATCHED","property_match_confidence":"HIGH","street":"ANG MO KIO AVE 10","residential":"Y","year_completed":1978,"building_age_2026":48,"max_floor_lvl":14,"total_dwelling_units":201,"small_flat_share_pct":83.58,"rental_share_pct":0.0,"footprint_area_m2":1747.6,"estimated_residents_2026":450.9,"estimated_elderly_65plus_2026":141.8,"estimated_elderly_share_pct":31.44,"elderly_exposure_score":96.5,"elderly_exposure_class":"VERY HIGH","estimate_confidence":"HIGH","display_name":"Block 418"},"geometry":{"type":"Polygon","coordinates":[[[103.853696,1.365123],[103.853714,1.365165],[103.853686,1.365172],[103.85368,1.365154],[103.853649,1.365166],[103.853655,1.365183],[103.853629,1.365196],[103.853616,1.365153],[103.853603,1.365157],[103.853588,1.365116],[103.853576,1.36512],[103.853553,1.365058],[103.853661,1.365018],[103.853655,1.364972],[103.853677,1.364959],[103.8537,1.365003],[103.853974,1.364902],[103.853958,1.364858],[103.854005,1.364841],[103.854013,1.364863],[103.854037,1.364854],[103.854044,1.364875],[103.854341,1.364766],[103.854335,1.36472],[103.854357,1.364708],[103.85438,1.364752],[103.85449,1.364711],[103.854512,1.364773],[103.8545,1.364779],[103.854515,1.36482],[103.854502,1.364824],[103.854521,1.364866],[103.854506,1.364874],[103.854493,1.364873],[103.854486,1.364856],[103.854455,1.364867],[103.854462,1.364885],[103.854436,1.364898],[103.854423,1.364854],[103.854376,1.364871],[103.854394,1.364913],[103.854379,1.364921],[103.854366,1.36492],[103.85436,1.364903],[103.854329,1.364914],[103.854335,1.364932],[103.854309,1.364944],[103.854296,1.364901],[103.854274,1.364908],[103.854293,1.36495],[103.854278,1.364959],[103.854265,1.364957],[103.854258,1.36494],[103.854227,1.364951],[103.854234,1.364969],[103.854208,1.364982],[103.854195,1.364938],[103.854174,1.364946],[103.854192,1.364988],[103.854177,1.364996],[103.854164,1.364995],[103.854157,1.364978],[103.854128,1.364988],[103.854135,1.365007],[103.854106,1.365019],[103.854093,1.364976],[103.854025,1.365001],[103.854043,1.365043],[103.854028,1.365051],[103.854015,1.36505],[103.854008,1.365033],[103.853977,1.365044],[103.853984,1.365062],[103.853958,1.365075],[103.853944,1.365031],[103.853924,1.365039],[103.853942,1.36508],[103.853927,1.365089],[103.853914,1.365088],[103.853908,1.36507],[103.853877,1.365082],[103.853883,1.365099],[103.853857,1.365112],[103.853844,1.365068],[103.853823,1.365076],[103.853841,1.365118],[103.853826,1.365126],[103.853813,1.365125],[103.853806,1.365108],[103.853775,1.365119],[103.853782,1.365136],[103.853756,1.365149],[103.853743,1.365106],[103.853696,1.365123]]]}},{"type":"Feature","properties":{"block_id":"24","blk_no":"419","postal_code":"560419","region_id":"NER","region":"NORTH-EAST REGION","planning_area_id":"AM","planning_area":"ANG MO KIO","subzone_id":"AMSZ03","subzone":"CHONG BOON","lon":103.8542,"lat":1.3653,"property_match":"MATCHED","property_match_confidence":"HIGH","street":"ANG MO KIO AVE 10","residential":"Y","year_completed":1978,"building_age_2026":48,"max_floor_lvl":12,"total_dwelling_units":169,"small_flat_share_pct":82.84,"rental_share_pct":0.59,"footprint_area_m2":1748.6,"estimated_residents_2026":380.2,"estimated_elderly_65plus_2026":119.3,"estimated_elderly_share_pct":31.37,"elderly_exposure_score":93.1,"elderly_exposure_class":"VERY HIGH","estimate_confidence":"HIGH","display_name":"Block 419"},"geometry":{"type":"Polygon","coordinates":[[[103.854541,1.365321],[103.85452,1.365333],[103.854496,1.365289],[103.854199,1.365399],[103.854207,1.365421],[103.854183,1.36543],[103.854191,1.365453],[103.854145,1.365469],[103.854129,1.365426],[103.853856,1.365526],[103.853861,1.365572],[103.853839,1.365585],[103.853816,1.365541],[103.853707,1.365581],[103.853684,1.365519],[103.853696,1.365514],[103.85368,1.365473],[103.853694,1.365468],[103.853676,1.365427],[103.853691,1.365418],[103.853704,1.365419],[103.85371,1.365436],[103.853741,1.365425],[103.853735,1.365408],[103.853761,1.365395],[103.853773,1.365438],[103.853821,1.365421],[103.853802,1.36538],[103.853817,1.365371],[103.85383,1.365372],[103.853836,1.365389],[103.853868,1.365378],[103.853861,1.365361],[103.853887,1.365348],[103.8539,1.365392],[103.853922,1.365384],[103.853903,1.365342],[103.853918,1.365334],[103.853931,1.365335],[103.853937,1.365352],[103.853969,1.36534],[103.853962,1.365323],[103.853988,1.365311],[103.854001,1.365354],[103.854023,1.365346],[103.854004,1.365305],[103.854019,1.365296],[103.854032,1.365297],[103.854039,1.365315],[103.85407,1.365303],[103.854064,1.365286],[103.85409,1.365273],[103.854102,1.365317],[103.854171,1.365291],[103.854153,1.365249],[103.854168,1.365241],[103.854181,1.365242],[103.854187,1.36526],[103.854219,1.365248],[103.854212,1.365231],[103.854238,1.365218],[103.854251,1.365261],[103.854272,1.365253],[103.854254,1.365212],[103.854269,1.365204],[103.854282,1.365205],[103.854288,1.365222],[103.854319,1.365211],[103.854313,1.365193],[103.854339,1.36518],[103.854352,1.365224],[103.854373,1.365216],[103.854355,1.365175],[103.854383,1.365167],[103.854389,1.365185],[103.854421,1.365173],[103.854414,1.365156],[103.85444,1.365143],[103.854453,1.365186],[103.8545,1.365169],[103.854481,1.365128],[103.854509,1.365121],[103.854516,1.365138],[103.854547,1.365126],[103.85454,1.365109],[103.854566,1.365096],[103.854579,1.36514],[103.854592,1.365135],[103.854607,1.365177],[103.85462,1.365172],[103.854643,1.365235],[103.854536,1.365274],[103.854541,1.365321]]]}},{"type":"Feature","properties":{"block_id":"25","blk_no":"420","postal_code":"560420","region_id":"NER","region":"NORTH-EAST REGION","planning_area_id":"AM","planning_area":"ANG MO KIO","subzone_id":"AMSZ03","subzone":"CHONG BOON","lon":103.8531,"lat":1.365,"property_match":"MATCHED","property_match_confidence":"HIGH","street":"ANG MO KIO AVE 10","residential":"Y","year_completed":1979,"building_age_2026":47,"max_floor_lvl":12,"total_dwelling_units":264,"small_flat_share_pct":100.0,"rental_share_pct":100.0,"footprint_area_m2":1045.5,"estimated_residents_2026":535.5,"estimated_elderly_65plus_2026":158.4,"estimated_elderly_share_pct":29.58,"elderly_exposure_score":97.8,"elderly_exposure_class":"VERY HIGH","estimate_confidence":"HIGH","display_name":"Block 420"},"geometry":{"type":"Polygon","coordinates":[[[103.853109,1.364945],[103.853126,1.364897],[103.85316,1.364913],[103.853145,1.364935],[103.853165,1.364944],[103.853155,1.364967],[103.853165,1.364971],[103.853174,1.364953],[103.853239,1.364983],[103.853232,1.364999],[103.853254,1.36501],[103.853262,1.364994],[103.853327,1.365024],[103.85332,1.36504],[103.853343,1.365051],[103.85335,1.365035],[103.853416,1.365065],[103.853408,1.365081],[103.853421,1.365087],[103.853403,1.365125],[103.853421,1.365134],[103.853396,1.365189],[103.853365,1.365175],[103.853357,1.365191],[103.853292,1.365161],[103.8533,1.365145],[103.853277,1.365134],[103.853269,1.36515],[103.853204,1.36512],[103.853212,1.365104],[103.853189,1.365093],[103.853181,1.365109],[103.853116,1.365079],[103.853124,1.365061],[103.853094,1.365047],[103.853091,1.365054],[103.853057,1.365029],[103.853049,1.365048],[103.852984,1.365018],[103.852991,1.365002],[103.852968,1.364991],[103.852961,1.365007],[103.852896,1.364977],[103.852903,1.36496],[103.85288,1.36495],[103.852873,1.364966],[103.852808,1.364935],[103.852815,1.36492],[103.852784,1.364905],[103.852809,1.36485],[103.852827,1.364858],[103.852845,1.36482],[103.852858,1.364826],[103.852865,1.36481],[103.852931,1.36484],[103.852923,1.364856],[103.852946,1.364867],[103.852954,1.364851],[103.853019,1.364881],[103.853011,1.364897],[103.853034,1.364907],[103.853041,1.364891],[103.853107,1.364922],[103.853099,1.36494],[103.853109,1.364945]]]}},{"type":"Feature","properties":{"block_id":"13","blk_no":"421","postal_code":"560421","region_id":"NER","region":"NORTH-EAST REGION","planning_area_id":"AM","planning_area":"ANG MO KIO","subzone_id":"AMSZ03","subzone":"CHONG BOON","lon":103.8529,"lat":1.3654,"property_match":"MATCHED","property_match_confidence":"HIGH","street":"ANG MO KIO AVE 10","residential":"Y","year_completed":1978,"building_age_2026":48,"max_floor_lvl":13,"total_dwelling_units":134,"small_flat_share_pct":82.84,"rental_share_pct":0.0,"footprint_area_m2":1329.6,"estimated_residents_2026":300.2,"estimated_elderly_65plus_2026":94.7,"estimated_elderly_share_pct":31.55,"elderly_exposure_score":85.2,"elderly_exposure_class":"VERY HIGH","estimate_confidence":"HIGH","display_name":"Block 421"},"geometry":{"type":"Polygon","coordinates":[[[103.852639,1.365224],[103.852646,1.365238],[103.852667,1.365195],[103.852676,1.365204],[103.852694,1.365158],[103.852711,1.365162],[103.85272,1.365171],[103.852711,1.365189],[103.852742,1.365203],[103.852749,1.365186],[103.852777,1.365196],[103.852755,1.365235],[103.852766,1.36524],[103.852752,1.365271],[103.852775,1.365282],[103.852789,1.365251],[103.8528,1.365256],[103.852817,1.365215],[103.852833,1.365219],[103.852842,1.365229],[103.852834,1.365246],[103.852864,1.36526],[103.852872,1.365243],[103.852899,1.365252],[103.852878,1.365292],[103.852898,1.365302],[103.852915,1.36526],[103.85294,1.365275],[103.852932,1.365291],[103.85296,1.365304],[103.852968,1.365288],[103.852997,1.365298],[103.852976,1.365337],[103.852997,1.365347],[103.853013,1.365306],[103.853038,1.36532],[103.85303,1.365337],[103.85306,1.365351],[103.853068,1.365334],[103.853095,1.365344],[103.853072,1.365386],[103.853082,1.36539],[103.853109,1.365399],[103.853135,1.365362],[103.85316,1.365377],[103.853152,1.365394],[103.853182,1.365408],[103.85319,1.365391],[103.853218,1.3654],[103.853208,1.365421],[103.853223,1.365429],[103.853233,1.365408],[103.853258,1.365422],[103.85325,1.365439],[103.85328,1.365453],[103.853288,1.365437],[103.853301,1.365437],[103.853315,1.365446],[103.853306,1.365466],[103.853328,1.365476],[103.85327,1.365601],[103.853071,1.365505],[103.853061,1.365526],[103.853038,1.365515],[103.853029,1.365536],[103.852989,1.365518],[103.853007,1.365479],[103.85275,1.36536],[103.852724,1.365393],[103.852699,1.365386],[103.852713,1.365361],[103.852704,1.365357],[103.852711,1.365342],[103.852606,1.365293],[103.852617,1.36527],[103.852585,1.365255],[103.852606,1.365209],[103.852639,1.365224]]]}},{"type":"Feature","properties":{"block_id":"4009","blk_no":"422","postal_code":"560422","region_id":"NER","region":"NORTH-EAST REGION","planning_area_id":"AM","planning_area":"ANG MO KIO","subzone_id":"AMSZ03","subzone":"CHONG BOON","lon":103.8515,"lat":1.3679,"property_match":"MATCHED","property_match_confidence":"HIGH","street":"ANG MO KIO AVE 3","residential":"Y","year_completed":1978,"building_age_2026":48,"max_floor_lvl":13,"total_dwelling_units":197,"small_flat_share_pct":86.8,"rental_share_pct":0.0,"footprint_area_m2":1902.4,"estimated_residents_2026":437.4,"estimated_elderly_65plus_2026":138.4,"estimated_elderly_share_pct":31.64,"elderly_exposure_score":96.1,"elderly_exposure_class":"VERY HIGH","estimate_confidence":"HIGH","display_name":"Block 422"},"geometry":{"type":"Polygon","coordinates":[[[103.851101,1.367718],[103.851106,1.367699],[103.85113,1.367705],[103.851125,1.367726],[103.851137,1.367732],[103.851157,1.367735],[103.851162,1.367714],[103.851186,1.36772],[103.851181,1.367741],[103.851205,1.367748],[103.851211,1.367726],[103.851234,1.367733],[103.851229,1.367754],[103.851248,1.367761],[103.851261,1.367762],[103.851267,1.367741],[103.851291,1.367747],[103.851285,1.367769],[103.851298,1.367772],[103.851292,1.367795],[103.851328,1.367807],[103.851341,1.367761],[103.851365,1.367767],[103.851359,1.367788],[103.851372,1.367793],[103.851392,1.367797],[103.851397,1.367775],[103.851421,1.367782],[103.85141,1.367828],[103.851432,1.367834],[103.851445,1.367788],[103.851469,1.367794],[103.851464,1.367815],[103.851476,1.367821],[103.851496,1.367824],[103.851501,1.367803],[103.851525,1.367809],[103.851514,1.367855],[103.851529,1.367857],[103.851519,1.367895],[103.851564,1.367907],[103.851599,1.367829],[103.851623,1.367835],[103.851617,1.367855],[103.851637,1.367862],[103.85165,1.367863],[103.851655,1.367844],[103.851679,1.36785],[103.851668,1.367895],[103.85169,1.367901],[103.851703,1.367856],[103.851727,1.367863],[103.851722,1.367883],[103.851734,1.367888],[103.851754,1.367891],[103.851759,1.367871],[103.851783,1.367877],[103.851772,1.367922],[103.851795,1.367928],[103.851807,1.367884],[103.851831,1.36789],[103.851826,1.36791],[103.851845,1.367917],[103.851858,1.367919],[103.851863,1.367898],[103.851887,1.367905],[103.851876,1.36795],[103.851925,1.367963],[103.851938,1.367918],[103.851962,1.367924],[103.851956,1.367944],[103.851976,1.367951],[103.851989,1.367953],[103.851994,1.367933],[103.852018,1.367939],[103.852007,1.367984],[103.852029,1.36799],[103.852042,1.367945],[103.852066,1.367952],[103.852061,1.367972],[103.85208,1.367979],[103.852093,1.36798],[103.852098,1.36796],[103.852122,1.367966],[103.852113,1.368058],[103.852152,1.368066],[103.85214,1.368109],[103.852116,1.368102],[103.852109,1.368127],[103.851887,1.368066],[103.851874,1.368099],[103.851855,1.368094],[103.851861,1.368058],[103.851548,1.367975],[103.85153,1.368046],[103.851481,1.368033],[103.8515,1.367962],[103.85129,1.367907],[103.851278,1.367941],[103.851259,1.367936],[103.851264,1.3679],[103.85104,1.367845],[103.851087,1.367714],[103.851101,1.367718]]]}},{"type":"Feature","properties":{"block_id":"3839","blk_no":"423","postal_code":"560423","region_id":"NER","region":"NORTH-EAST REGION","planning_area_id":"AM","planning_area":"ANG MO KIO","subzone_id":"AMSZ03","subzone":"CHONG BOON","lon":103.8516,"lat":1.3687,"property_match":"MATCHED","property_match_confidence":"HIGH","street":"ANG MO KIO AVE 3","residential":"Y","year_completed":1978,"building_age_2026":48,"max_floor_lvl":11,"total_dwelling_units":100,"small_flat_share_pct":0.0,"rental_share_pct":0.0,"footprint_area_m2":1423.6,"estimated_residents_2026":278.4,"estimated_elderly_65plus_2026":78.1,"estimated_elderly_share_pct":28.06,"elderly_exposure_score":73.7,"elderly_exposure_class":"HIGH","estimate_confidence":"HIGH","display_name":"Block 423"},"geometry":{"type":"Polygon","coordinates":[[[103.851239,1.368576],[103.851254,1.368521],[103.851282,1.368529],[103.851268,1.368585],[103.851603,1.368674],[103.851611,1.368647],[103.851665,1.368662],[103.851659,1.368688],[103.851997,1.368777],[103.852012,1.368721],[103.852041,1.368729],[103.852026,1.368783],[103.852104,1.368803],[103.852091,1.368854],[103.852117,1.368861],[103.852109,1.368897],[103.852086,1.368894],[103.852081,1.368913],[103.85205,1.368902],[103.852032,1.368922],[103.852013,1.368917],[103.852022,1.368877],[103.852008,1.368873],[103.852003,1.368892],[103.851939,1.368875],[103.851944,1.368856],[103.85193,1.368852],[103.851918,1.368892],[103.851899,1.368887],[103.851902,1.368872],[103.851879,1.368866],[103.851876,1.368881],[103.851856,1.368876],[103.851866,1.368835],[103.851852,1.368832],[103.851847,1.36885],[103.851782,1.368833],[103.851787,1.368815],[103.851773,1.368811],[103.851762,1.368851],[103.851742,1.368845],[103.851737,1.368819],[103.851704,1.368813],[103.851707,1.368803],[103.851693,1.368799],[103.85169,1.368809],[103.851658,1.368799],[103.851641,1.368819],[103.851622,1.368813],[103.851631,1.368773],[103.851589,1.368762],[103.851577,1.368802],[103.851558,1.368797],[103.851552,1.368771],[103.85152,1.368764],[103.851522,1.368754],[103.851508,1.36875],[103.851506,1.36876],[103.851474,1.36875],[103.851457,1.36877],[103.851437,1.368765],[103.851446,1.368724],[103.851433,1.368721],[103.851428,1.368739],[103.851392,1.36873],[103.851363,1.368722],[103.851368,1.368704],[103.851354,1.3687],[103.851343,1.36874],[103.851323,1.368734],[103.851327,1.36872],[103.851304,1.368714],[103.8513,1.368728],[103.851281,1.368723],[103.85129,1.368683],[103.851276,1.368679],[103.851271,1.368698],[103.851207,1.368681],[103.851212,1.368662],[103.851198,1.368658],[103.851186,1.368699],[103.851166,1.368694],[103.85116,1.368668],[103.851127,1.368661],[103.851132,1.368642],[103.851111,1.368638],[103.851122,1.368598],[103.851148,1.368605],[103.851161,1.368555],[103.851239,1.368576]]]}},{"type":"Feature","properties":{"block_id":"8472","blk_no":"424","postal_code":"560424","region_id":"NER","region":"NORTH-EAST REGION","planning_area_id":"AM","planning_area":"ANG MO KIO","subzone_id":"AMSZ03","subzone":"CHONG BOON","lon":103.8508,"lat":1.3686,"property_match":"MATCHED","property_match_confidence":"HIGH","street":"ANG MO KIO AVE 3","residential":"Y","year_completed":1978,"building_age_2026":48,"max_floor_lvl":12,"total_dwelling_units":175,"small_flat_share_pct":86.86,"rental_share_pct":0.0,"footprint_area_m2":1742.2,"estimated_residents_2026":387.7,"estimated_elderly_65plus_2026":123.0,"estimated_elderly_share_pct":31.72,"elderly_exposure_score":93.8,"elderly_exposure_class":"VERY HIGH","estimate_confidence":"HIGH","display_name":"Block 424"},"geometry":{"type":"Polygon","coordinates":[[[103.850793,1.368975],[103.850787,1.368961],[103.85075,1.368967],[103.850745,1.368947],[103.85078,1.368934],[103.850734,1.368767],[103.850757,1.368761],[103.850729,1.368656],[103.850752,1.36865],[103.850723,1.368546],[103.850746,1.368539],[103.85071,1.368408],[103.850852,1.368158],[103.85091,1.368191],[103.850902,1.368202],[103.850972,1.368259],[103.85096,1.36828],[103.850943,1.36827],[103.850931,1.368287],[103.850926,1.368299],[103.850944,1.368309],[103.850931,1.368331],[103.850891,1.368309],[103.85088,1.368329],[103.850919,1.368353],[103.850907,1.368374],[103.850889,1.368364],[103.850878,1.368381],[103.850873,1.368392],[103.850894,1.368404],[103.850884,1.368422],[103.850837,1.368404],[103.85083,1.368414],[103.850832,1.368445],[103.850883,1.368439],[103.850888,1.368458],[103.850864,1.368464],[103.850865,1.368476],[103.850872,1.368495],[103.850893,1.36849],[103.8509,1.368514],[103.850854,1.368527],[103.850859,1.368539],[103.850834,1.368545],[103.850837,1.368556],[103.850883,1.368544],[103.85089,1.368568],[103.850869,1.368574],[103.85087,1.368587],[103.850877,1.368606],[103.850898,1.368601],[103.850905,1.368625],[103.850859,1.368638],[103.850864,1.36865],[103.85084,1.368656],[103.850843,1.368667],[103.850889,1.368655],[103.850895,1.368679],[103.850874,1.368685],[103.850876,1.368698],[103.850883,1.368717],[103.850904,1.368712],[103.85091,1.368736],[103.850865,1.368749],[103.85087,1.368761],[103.850845,1.368767],[103.850848,1.368778],[103.850894,1.368766],[103.8509,1.36879],[103.850879,1.368796],[103.850883,1.368816],[103.850888,1.368827],[103.850912,1.36882],[103.850917,1.368839],[103.85087,1.36886],[103.850872,1.368873],[103.850903,1.368893],[103.850923,1.368845],[103.850943,1.368851],[103.850937,1.368875],[103.850947,1.368879],[103.850967,1.368883],[103.850973,1.368862],[103.850997,1.368868],[103.850986,1.368914],[103.851008,1.36892],[103.851021,1.368874],[103.851045,1.368881],[103.85104,1.368902],[103.851052,1.368907],[103.851072,1.36891],[103.851077,1.368889],[103.851101,1.368896],[103.851092,1.368988],[103.851105,1.36899],[103.851088,1.369053],[103.850793,1.368975]]]}},{"type":"Feature","properties":{"block_id":"5619","blk_no":"424A","postal_code":"561424","region_id":"NER","region":"NORTH-EAST REGION","planning_area_id":"AM","planning_area":"ANG MO KIO","subzone_id":"AMSZ03","subzone":"CHONG BOON","lon":103.8511,"lat":1.3682,"property_match":"MATCHED","property_match_confidence":"HIGH","street":"ANG MO KIO ST 42","residential":"N","year_completed":2006,"building_age_2026":20,"max_floor_lvl":1,"total_dwelling_units":0,"small_flat_share_pct":null,"rental_share_pct":null,"footprint_area_m2":221.7,"estimated_residents_2026":0.0,"estimated_elderly_65plus_2026":0.0,"estimated_elderly_share_pct":null,"elderly_exposure_score":null,"elderly_exposure_class":null,"estimate_confidence":"HIGH","display_name":"Block 424A"},"geometry":{"type":"Polygon","coordinates":[[[103.851032,1.368132],[103.851184,1.368057],[103.85122,1.36817],[103.851169,1.368187],[103.851101,1.368229],[103.851032,1.368132]]]}},{"type":"Feature","properties":{"block_id":"4707","blk_no":"425","postal_code":"560425","region_id":"NER","region":"NORTH-EAST REGION","planning_area_id":"AM","planning_area":"ANG MO KIO","subzone_id":"AMSZ03","subzone":"CHONG BOON","lon":103.8516,"lat":1.3691,"property_match":"MATCHED","property_match_confidence":"HIGH","street":"ANG MO KIO AVE 3","residential":"Y","year_completed":1978,"building_age_2026":48,"max_floor_lvl":12,"total_dwelling_units":153,"small_flat_share_pct":84.97,"rental_share_pct":0.0,"footprint_area_m2":1413.6,"estimated_residents_2026":340.7,"estimated_elderly_65plus_2026":107.8,"estimated_elderly_share_pct":31.64,"elderly_exposure_score":90.6,"elderly_exposure_class":"VERY HIGH","estimate_confidence":"HIGH","display_name":"Block 425"},"geometry":{"type":"Polygon","coordinates":[[[103.851259,1.368938],[103.851283,1.368944],[103.851278,1.368964],[103.85129,1.368969],[103.85131,1.368972],[103.851315,1.368952],[103.851339,1.368959],[103.851328,1.369004],[103.851351,1.36901],[103.851364,1.368965],[103.851388,1.368971],[103.851382,1.368991],[103.851401,1.368998],[103.851414,1.369],[103.85142,1.36898],[103.851443,1.368986],[103.851433,1.369031],[103.851481,1.369044],[103.851494,1.368999],[103.851518,1.369006],[103.851513,1.369026],[103.851532,1.369032],[103.851545,1.369034],[103.85155,1.369014],[103.851574,1.36902],[103.851563,1.369065],[103.851586,1.369071],[103.851598,1.369027],[103.851622,1.369033],[103.851617,1.369053],[103.851629,1.369058],[103.851649,1.369062],[103.851654,1.369042],[103.851678,1.369048],[103.851667,1.369093],[103.85169,1.369099],[103.851702,1.369054],[103.851726,1.369061],[103.851721,1.369081],[103.85174,1.369087],[103.851753,1.369089],[103.851759,1.369069],[103.851782,1.369075],[103.851772,1.369121],[103.85182,1.369133],[103.851833,1.369088],[103.851857,1.369095],[103.851851,1.369115],[103.851871,1.369122],[103.851884,1.369123],[103.851889,1.369103],[103.851913,1.36911],[103.851902,1.369155],[103.851925,1.369161],[103.851937,1.369116],[103.851961,1.369122],[103.851956,1.369142],[103.851975,1.369149],[103.851988,1.369151],[103.851993,1.369131],[103.852017,1.369137],[103.852006,1.369182],[103.852019,1.369184],[103.852008,1.369229],[103.852021,1.36923],[103.852004,1.369294],[103.85179,1.369239],[103.851785,1.369261],[103.85174,1.369249],[103.851746,1.369226],[103.851443,1.369147],[103.851433,1.369177],[103.851414,1.369175],[103.851416,1.369139],[103.851193,1.36908],[103.85121,1.369016],[103.851222,1.369021],[103.851234,1.368977],[103.851247,1.368982],[103.851259,1.368938]]]}},{"type":"Feature","properties":{"block_id":"6233","blk_no":"426","postal_code":"560426","region_id":"NER","region":"NORTH-EAST REGION","planning_area_id":"AM","planning_area":"ANG MO KIO","subzone_id":"AMSZ03","subzone":"CHONG BOON","lon":103.8533,"lat":1.3695,"property_match":"MATCHED","property_match_confidence":"HIGH","street":"ANG MO KIO AVE 3","residential":"Y","year_completed":1978,"building_age_2026":48,"max_floor_lvl":12,"total_dwelling_units":132,"small_flat_share_pct":0.0,"rental_share_pct":0.0,"footprint_area_m2":1519.2,"estimated_residents_2026":359.9,"estimated_elderly_65plus_2026":103.7,"estimated_elderly_share_pct":28.83,"elderly_exposure_score":89.0,"elderly_exposure_class":"VERY HIGH","estimate_confidence":"HIGH","display_name":"Block 426"},"geometry":{"type":"Polygon","coordinates":[[[103.852867,1.369393],[103.852869,1.369368],[103.852955,1.369376],[103.852953,1.3694],[103.853028,1.369406],[103.85303,1.369383],[103.853115,1.369391],[103.853113,1.369412],[103.853189,1.369419],[103.85319,1.369397],[103.853275,1.369404],[103.853273,1.369427],[103.85335,1.369433],[103.853352,1.369408],[103.853439,1.369415],[103.853437,1.369439],[103.853511,1.369445],[103.853513,1.369423],[103.853596,1.36943],[103.853594,1.369452],[103.85367,1.369459],[103.853672,1.369436],[103.853757,1.369443],[103.853755,1.369468],[103.853796,1.369472],[103.853788,1.369568],[103.853721,1.369562],[103.85372,1.36958],[103.853416,1.369554],[103.853414,1.369582],[103.853347,1.369576],[103.853349,1.369548],[103.852886,1.369509],[103.852887,1.369491],[103.852819,1.369484],[103.852826,1.36939],[103.852867,1.369393]]]}},{"type":"Feature","properties":{"block_id":"532","blk_no":"427","postal_code":"560427","region_id":"NER","region":"NORTH-EAST REGION","planning_area_id":"AM","planning_area":"ANG MO KIO","subzone_id":"AMSZ03","subzone":"CHONG BOON","lon":103.8546,"lat":1.3693,"property_match":"MATCHED","property_match_confidence":"HIGH","street":"ANG MO KIO AVE 3","residential":"Y","year_completed":1978,"building_age_2026":48,"max_floor_lvl":12,"total_dwelling_units":132,"small_flat_share_pct":0.0,"rental_share_pct":0.0,"footprint_area_m2":1513.8,"estimated_residents_2026":359.9,"estimated_elderly_65plus_2026":103.7,"estimated_elderly_share_pct":28.83,"elderly_exposure_score":89.0,"elderly_exposure_class":"VERY HIGH","estimate_confidence":"HIGH","display_name":"Block 427"},"geometry":{"type":"Polygon","coordinates":[[[103.854111,1.369421],[103.854103,1.369399],[103.854182,1.36937],[103.85419,1.369391],[103.854261,1.369365],[103.854254,1.369345],[103.854336,1.369315],[103.854343,1.369335],[103.854414,1.369309],[103.854405,1.369286],[103.854487,1.369256],[103.854495,1.369278],[103.854568,1.369251],[103.85456,1.369229],[103.854641,1.369199],[103.854649,1.369221],[103.854721,1.369194],[103.854713,1.369173],[103.854793,1.369143],[103.854801,1.369165],[103.854873,1.369138],[103.854865,1.369117],[103.854944,1.369088],[103.854952,1.369109],[103.854989,1.369095],[103.855023,1.369186],[103.85496,1.369209],[103.854966,1.369226],[103.85468,1.369332],[103.85469,1.369358],[103.854628,1.369381],[103.854618,1.369355],[103.85418,1.369518],[103.854174,1.369501],[103.854108,1.369525],[103.854074,1.369434],[103.854111,1.369421]]]}},{"type":"Feature","properties":{"block_id":"3846","blk_no":"428","postal_code":"560428","region_id":"NER","region":"NORTH-EAST REGION","planning_area_id":"AM","planning_area":"ANG MO KIO","subzone_id":"AMSZ03","subzone":"CHONG BOON","lon":103.8544,"lat":1.369,"property_match":"MATCHED","property_match_confidence":"HIGH","street":"ANG MO KIO AVE 3","residential":"Y","year_completed":1978,"building_age_2026":48,"max_floor_lvl":12,"total_dwelling_units":132,"small_flat_share_pct":0.0,"rental_share_pct":0.0,"footprint_area_m2":1506.1,"estimated_residents_2026":359.9,"estimated_elderly_65plus_2026":103.7,"estimated_elderly_share_pct":28.83,"elderly_exposure_score":89.0,"elderly_exposure_class":"VERY HIGH","estimate_confidence":"HIGH","display_name":"Block 428"},"geometry":{"type":"Polygon","coordinates":[[[103.854278,1.368891],[103.854338,1.368869],[103.854348,1.368895],[103.854786,1.368733],[103.854792,1.36875],[103.854856,1.368726],[103.854889,1.368816],[103.854853,1.36883],[103.854861,1.368851],[103.854781,1.36888],[103.854774,1.368859],[103.854702,1.368886],[103.85471,1.368906],[103.854628,1.368936],[103.85462,1.368917],[103.85455,1.368943],[103.854557,1.368963],[103.854475,1.368994],[103.854467,1.368973],[103.854392,1.369001],[103.8544,1.369022],[103.854317,1.369052],[103.854309,1.36903],[103.85424,1.369056],[103.854248,1.369078],[103.854166,1.369108],[103.854158,1.369086],[103.85409,1.369112],[103.854098,1.369133],[103.854016,1.369163],[103.854008,1.369142],[103.853971,1.369156],[103.853938,1.369066],[103.854001,1.369042],[103.853995,1.369028],[103.854287,1.368917],[103.854278,1.368891]]]}},{"type":"Feature","properties":{"block_id":"5786","blk_no":"429","postal_code":"560429","region_id":"NER","region":"NORTH-EAST REGION","planning_area_id":"AM","planning_area":"ANG MO KIO","subzone_id":"AMSZ03","subzone":"CHONG BOON","lon":103.8534,"lat":1.3691,"property_match":"MATCHED","property_match_confidence":"HIGH","street":"ANG MO KIO AVE 3","residential":"Y","year_completed":1978,"building_age_2026":48,"max_floor_lvl":12,"total_dwelling_units":110,"small_flat_share_pct":0.0,"rental_share_pct":0.0,"footprint_area_m2":1236.0,"estimated_residents_2026":299.9,"estimated_elderly_65plus_2026":86.5,"estimated_elderly_share_pct":28.83,"elderly_exposure_score":80.2,"elderly_exposure_class":"VERY HIGH","estimate_confidence":"HIGH","display_name":"Block 429"},"geometry":{"type":"Polygon","coordinates":[[[103.85309,1.369013],[103.853091,1.368997],[103.853405,1.369024],[103.853407,1.368997],[103.853452,1.369],[103.85345,1.369029],[103.853765,1.369055],[103.853764,1.369073],[103.85383,1.369078],[103.853822,1.369174],[103.853783,1.36917],[103.853781,1.369194],[103.853693,1.369186],[103.853695,1.369162],[103.85362,1.369156],[103.853618,1.36918],[103.853533,1.369173],[103.853535,1.369149],[103.85346,1.369143],[103.853458,1.369166],[103.853373,1.369158],[103.853376,1.369132],[103.853301,1.369124],[103.853297,1.369152],[103.853213,1.369145],[103.853215,1.369122],[103.85314,1.369115],[103.853138,1.369139],[103.853053,1.369132],[103.853055,1.369109],[103.853014,1.369106],[103.853022,1.369008],[103.85309,1.369013]]]}},{"type":"Feature","properties":{"block_id":"5232","blk_no":"430","postal_code":"560430","region_id":"NER","region":"NORTH-EAST REGION","planning_area_id":"AM","planning_area":"ANG MO KIO","subzone_id":"AMSZ03","subzone":"CHONG BOON","lon":103.8528,"lat":1.369,"property_match":"MATCHED","property_match_confidence":"HIGH","street":"ANG MO KIO AVE 3","residential":"Y","year_completed":1978,"building_age_2026":48,"max_floor_lvl":25,"total_dwelling_units":96,"small_flat_share_pct":0.0,"rental_share_pct":0.0,"footprint_area_m2":588.8,"estimated_residents_2026":289.6,"estimated_elderly_65plus_2026":73.2,"estimated_elderly_share_pct":25.28,"elderly_exposure_score":68.8,"elderly_exposure_class":"HIGH","estimate_confidence":"HIGH","display_name":"Block 430"},"geometry":{"type":"Polygon","coordinates":[[[103.852892,1.368949],[103.852888,1.368982],[103.852818,1.368976],[103.852814,1.369016],[103.852886,1.369022],[103.852883,1.369055],[103.852867,1.369053],[103.852862,1.369116],[103.852765,1.369108],[103.852766,1.36909],[103.852742,1.369088],[103.85274,1.369104],[103.852629,1.369095],[103.852637,1.368999],[103.852713,1.369005],[103.852716,1.368966],[103.852642,1.368959],[103.852645,1.368927],[103.852661,1.368929],[103.852666,1.368866],[103.852763,1.368875],[103.852761,1.368895],[103.852785,1.368897],[103.852787,1.368876],[103.852882,1.368885],[103.852877,1.368948],[103.852892,1.368949]]]}},{"type":"Feature","properties":{"block_id":"7725","blk_no":"431","postal_code":"560431","region_id":"NER","region":"NORTH-EAST REGION","planning_area_id":"AM","planning_area":"ANG MO KIO","subzone_id":"AMSZ03","subzone":"CHONG BOON","lon":103.853,"lat":1.3682,"property_match":"MATCHED","property_match_confidence":"HIGH","street":"ANG MO KIO AVE 10","residential":"Y","year_completed":1978,"building_age_2026":48,"max_floor_lvl":25,"total_dwelling_units":96,"small_flat_share_pct":0.0,"rental_share_pct":0.0,"footprint_area_m2":578.7,"estimated_residents_2026":289.6,"estimated_elderly_65plus_2026":73.2,"estimated_elderly_share_pct":25.28,"elderly_exposure_score":68.8,"elderly_exposure_class":"HIGH","estimate_confidence":"HIGH","display_name":"Block 431"},"geometry":{"type":"Polygon","coordinates":[[[103.85285,1.368258],[103.852853,1.368226],[103.852925,1.368233],[103.852929,1.368194],[103.852856,1.368187],[103.852859,1.368156],[103.852876,1.368158],[103.852882,1.368095],[103.852978,1.368104],[103.852976,1.368123],[103.853002,1.368125],[103.853004,1.368106],[103.853099,1.368115],[103.853093,1.368176],[103.853108,1.368178],[103.853105,1.368208],[103.853036,1.368202],[103.853033,1.368243],[103.853101,1.368249],[103.853098,1.368279],[103.853083,1.368277],[103.853077,1.368346],[103.852983,1.368337],[103.852985,1.368314],[103.852958,1.368312],[103.852956,1.368335],[103.85286,1.368326],[103.852866,1.368259],[103.85285,1.368258]]]}},{"type":"Feature","properties":{"block_id":"493","blk_no":"432","postal_code":"560432","region_id":"NER","region":"NORTH-EAST REGION","planning_area_id":"AM","planning_area":"ANG MO KIO","subzone_id":"AMSZ03","subzone":"CHONG BOON","lon":103.8536,"lat":1.3683,"property_match":"MATCHED","property_match_confidence":"HIGH","street":"ANG MO KIO AVE 10","residential":"Y","year_completed":1978,"building_age_2026":48,"max_floor_lvl":12,"total_dwelling_units":110,"small_flat_share_pct":80.0,"rental_share_pct":0.0,"footprint_area_m2":1026.9,"estimated_residents_2026":248.0,"estimated_elderly_65plus_2026":78.0,"estimated_elderly_share_pct":31.47,"elderly_exposure_score":73.5,"elderly_exposure_class":"HIGH","estimate_confidence":"HIGH","display_name":"Block 432"},"geometry":{"type":"Polygon","coordinates":[[[103.853304,1.368295],[103.853307,1.368254],[103.853322,1.368255],[103.853323,1.368231],[103.853408,1.368237],[103.853406,1.368262],[103.853454,1.368266],[103.853456,1.368242],[103.853541,1.368249],[103.853539,1.368273],[103.853562,1.368274],[103.853564,1.368251],[103.853647,1.368258],[103.853645,1.368284],[103.853657,1.368284],[103.853685,1.368277],[103.853677,1.368255],[103.853757,1.368226],[103.853764,1.368246],[103.853785,1.368239],[103.853778,1.368219],[103.853858,1.36819],[103.853865,1.36821],[103.853878,1.368205],[103.853893,1.368248],[103.853905,1.368244],[103.853929,1.368309],[103.853679,1.368401],[103.853439,1.368383],[103.853438,1.3684],[103.853394,1.368397],[103.853395,1.368378],[103.853286,1.36837],[103.853291,1.368294],[103.853304,1.368295]]]}},{"type":"Feature","properties":{"block_id":"8561","blk_no":"433","postal_code":"560433","region_id":"NER","region":"NORTH-EAST REGION","planning_area_id":"AM","planning_area":"ANG MO KIO","subzone_id":"AMSZ03","subzone":"CHONG BOON","lon":103.8544,"lat":1.368,"property_match":"MATCHED","property_match_confidence":"HIGH","street":"ANG MO KIO AVE 10","residential":"Y","year_completed":1978,"building_age_2026":48,"max_floor_lvl":12,"total_dwelling_units":130,"small_flat_share_pct":81.54,"rental_share_pct":0.77,"footprint_area_m2":1126.6,"estimated_residents_2026":292.5,"estimated_elderly_65plus_2026":92.0,"estimated_elderly_share_pct":31.45,"elderly_exposure_score":83.7,"elderly_exposure_class":"VERY HIGH","estimate_confidence":"HIGH","display_name":"Block 433"},"geometry":{"type":"Polygon","coordinates":[[[103.85403,1.36826],[103.854011,1.368203],[103.854022,1.368199],[103.854006,1.368155],[103.85402,1.36815],[103.854011,1.368128],[103.85409,1.368099],[103.854098,1.368123],[103.854146,1.368105],[103.854137,1.368081],[103.854419,1.367978],[103.854428,1.368002],[103.854474,1.367985],[103.854465,1.367962],[103.854545,1.367933],[103.854555,1.367959],[103.854577,1.367951],[103.854567,1.367925],[103.854646,1.367896],[103.854656,1.367924],[103.854669,1.367919],[103.854684,1.367959],[103.854696,1.367954],[103.854716,1.36801],[103.854509,1.368086],[103.854517,1.368108],[103.854474,1.368124],[103.854466,1.368101],[103.85403,1.36826]]]}},{"type":"Feature","properties":{"block_id":"6793","blk_no":"434","postal_code":"560434","region_id":"NER","region":"NORTH-EAST REGION","planning_area_id":"AM","planning_area":"ANG MO KIO","subzone_id":"AMSZ03","subzone":"CHONG BOON","lon":103.8535,"lat":1.3679,"property_match":"MATCHED","property_match_confidence":"HIGH","street":"ANG MO KIO AVE 10","residential":"Y","year_completed":1978,"building_age_2026":48,"max_floor_lvl":12,"total_dwelling_units":107,"small_flat_share_pct":76.64,"rental_share_pct":0.0,"footprint_area_m2":1014.5,"estimated_residents_2026":244.2,"estimated_elderly_65plus_2026":76.2,"estimated_elderly_share_pct":31.2,"elderly_exposure_score":72.2,"elderly_exposure_class":"HIGH","estimate_confidence":"HIGH","display_name":"Block 434"},"geometry":{"type":"Polygon","coordinates":[[[103.853368,1.367804],[103.853413,1.367808],[103.853411,1.367829],[103.853625,1.367846],[103.853746,1.367803],[103.853769,1.367869],[103.853757,1.367873],[103.853773,1.367916],[103.853759,1.367921],[103.853767,1.367943],[103.853689,1.367971],[103.853682,1.367951],[103.853641,1.367963],[103.853596,1.367959],[103.853594,1.367983],[103.853511,1.367976],[103.853513,1.367953],[103.85349,1.367951],[103.853488,1.367973],[103.853404,1.367966],[103.853406,1.367943],[103.853357,1.367939],[103.853355,1.367962],[103.853269,1.367955],[103.853271,1.367932],[103.853248,1.36793],[103.853246,1.367953],[103.853159,1.367946],[103.853161,1.367922],[103.853147,1.36792],[103.85315,1.367873],[103.853139,1.367873],[103.853145,1.367808],[103.853366,1.367826],[103.853368,1.367804]]]}},{"type":"Feature","properties":{"block_id":"7655","blk_no":"435","postal_code":"560435","region_id":"NER","region":"NORTH-EAST REGION","planning_area_id":"AM","planning_area":"ANG MO KIO","subzone_id":"AMSZ03","subzone":"CHONG BOON","lon":103.8541,"lat":1.3677,"property_match":"MATCHED","property_match_confidence":"HIGH","street":"ANG MO KIO AVE 10","residential":"Y","year_completed":1978,"building_age_2026":48,"max_floor_lvl":12,"total_dwelling_units":131,"small_flat_share_pct":82.44,"rental_share_pct":0.0,"footprint_area_m2":1146.7,"estimated_residents_2026":293.7,"estimated_elderly_65plus_2026":92.6,"estimated_elderly_share_pct":31.53,"elderly_exposure_score":84.1,"elderly_exposure_class":"VERY HIGH","estimate_confidence":"HIGH","display_name":"Block 435"},"geometry":{"type":"Polygon","coordinates":[[[103.854539,1.367518],[103.854561,1.367577],[103.85455,1.367581],[103.854564,1.367621],[103.854552,1.367625],[103.854562,1.367651],[103.854481,1.367681],[103.854471,1.367654],[103.854424,1.36767],[103.854434,1.367697],[103.85415,1.367801],[103.854141,1.367776],[103.854094,1.367792],[103.854104,1.367819],[103.853922,1.367886],[103.853913,1.367859],[103.853899,1.367864],[103.853884,1.367822],[103.853874,1.367826],[103.853853,1.367768],[103.854059,1.367693],[103.854051,1.367671],[103.854094,1.367655],[103.854102,1.367678],[103.854539,1.367518]]]}},{"type":"Feature","properties":{"block_id":"8387","blk_no":"436","postal_code":"560436","region_id":"NER","region":"NORTH-EAST REGION","planning_area_id":"AM","planning_area":"ANG MO KIO","subzone_id":"AMSZ03","subzone":"CHONG BOON","lon":103.8541,"lat":1.3673,"property_match":"MATCHED","property_match_confidence":"HIGH","street":"ANG MO KIO AVE 10","residential":"Y","year_completed":1978,"building_age_2026":48,"max_floor_lvl":12,"total_dwelling_units":110,"small_flat_share_pct":0.0,"rental_share_pct":0.0,"footprint_area_m2":1086.8,"estimated_residents_2026":299.9,"estimated_elderly_65plus_2026":86.5,"estimated_elderly_share_pct":28.83,"elderly_exposure_score":80.2,"elderly_exposure_class":"VERY HIGH","estimate_confidence":"HIGH","display_name":"Block 436"},"geometry":{"type":"Polygon","coordinates":[[[103.853678,1.367531],[103.853645,1.367445],[103.85368,1.367432],[103.853672,1.367409],[103.853752,1.367379],[103.85376,1.367402],[103.853832,1.367375],[103.853823,1.367353],[103.853903,1.367323],[103.853911,1.367345],[103.853984,1.367318],[103.853975,1.367296],[103.854056,1.367266],[103.854064,1.367289],[103.854136,1.367263],[103.854127,1.367239],[103.854207,1.367209],[103.854216,1.367232],[103.854288,1.367205],[103.85428,1.367183],[103.854362,1.367153],[103.854371,1.367176],[103.854408,1.367162],[103.85444,1.367249],[103.854081,1.367382],[103.854098,1.367429],[103.854055,1.367445],[103.854037,1.367398],[103.853678,1.367531]]]}},{"type":"Feature","properties":{"block_id":"2869","blk_no":"437","postal_code":"560437","region_id":"NER","region":"NORTH-EAST REGION","planning_area_id":"AM","planning_area":"ANG MO KIO","subzone_id":"AMSZ03","subzone":"CHONG BOON","lon":103.8532,"lat":1.3672,"property_match":"MATCHED","property_match_confidence":"HIGH","street":"ANG MO KIO AVE 10","residential":"Y","year_completed":1978,"building_age_2026":48,"max_floor_lvl":25,"total_dwelling_units":96,"small_flat_share_pct":0.0,"rental_share_pct":0.0,"footprint_area_m2":585.6,"estimated_residents_2026":289.6,"estimated_elderly_65plus_2026":73.2,"estimated_elderly_share_pct":25.28,"elderly_exposure_score":68.8,"elderly_exposure_class":"HIGH","estimate_confidence":"HIGH","display_name":"Block 437"},"geometry":{"type":"Polygon","coordinates":[[[103.853123,1.367244],[103.853126,1.367211],[103.853196,1.367217],[103.8532,1.367178],[103.853128,1.367171],[103.853146,1.367076],[103.853368,1.367095],[103.853362,1.36716],[103.853372,1.36716],[103.85337,1.367191],[103.8533,1.367185],[103.853296,1.367225],[103.853366,1.367231],[103.853364,1.367262],[103.853353,1.367261],[103.853348,1.367325],[103.853128,1.367306],[103.853133,1.367244],[103.853123,1.367244]]]}},{"type":"Feature","properties":{"block_id":"3849","blk_no":"438","postal_code":"560438","region_id":"NER","region":"NORTH-EAST REGION","planning_area_id":"AM","planning_area":"ANG MO KIO","subzone_id":"AMSZ03","subzone":"CHONG BOON","lon":103.8539,"lat":1.367,"property_match":"MATCHED","property_match_confidence":"HIGH","street":"ANG MO KIO AVE 10","residential":"Y","year_completed":1978,"building_age_2026":48,"max_floor_lvl":12,"total_dwelling_units":110,"small_flat_share_pct":0.0,"rental_share_pct":0.0,"footprint_area_m2":1087.7,"estimated_residents_2026":299.9,"estimated_elderly_65plus_2026":86.5,"estimated_elderly_share_pct":28.83,"elderly_exposure_score":80.2,"elderly_exposure_class":"VERY HIGH","estimate_confidence":"HIGH","display_name":"Block 438"},"geometry":{"type":"Polygon","coordinates":[[[103.85385,1.366885],[103.853892,1.366869],[103.853909,1.366915],[103.85427,1.36678],[103.854301,1.366866],[103.854264,1.36688],[103.854274,1.366907],[103.854193,1.366937],[103.854184,1.366911],[103.854113,1.366937],[103.854122,1.366963],[103.854044,1.366992],[103.854034,1.366966],[103.85396,1.366993],[103.85397,1.367019],[103.853891,1.367048],[103.853882,1.367022],[103.853808,1.367049],[103.853817,1.367075],[103.853738,1.367105],[103.853729,1.367079],[103.853655,1.367107],[103.853665,1.367132],[103.853585,1.367161],[103.853576,1.367135],[103.853538,1.36715],[103.853506,1.367064],[103.853867,1.36693],[103.85385,1.366885]]]}},{"type":"Feature","properties":{"block_id":"8277","blk_no":"439","postal_code":"560439","region_id":"NER","region":"NORTH-EAST REGION","planning_area_id":"AM","planning_area":"ANG MO KIO","subzone_id":"AMSZ03","subzone":"CHONG BOON","lon":103.8535,"lat":1.3663,"property_match":"MATCHED","property_match_confidence":"HIGH","street":"ANG MO KIO AVE 10","residential":"Y","year_completed":1978,"building_age_2026":48,"max_floor_lvl":25,"total_dwelling_units":96,"small_flat_share_pct":0.0,"rental_share_pct":0.0,"footprint_area_m2":586.9,"estimated_residents_2026":289.6,"estimated_elderly_65plus_2026":73.2,"estimated_elderly_share_pct":25.28,"elderly_exposure_score":68.8,"elderly_exposure_class":"HIGH","estimate_confidence":"HIGH","display_name":"Block 439"},"geometry":{"type":"Polygon","coordinates":[[[103.853367,1.366334],[103.85337,1.366302],[103.853445,1.366309],[103.853449,1.366267],[103.853373,1.366261],[103.853376,1.366232],[103.85339,1.366233],[103.853395,1.366168],[103.853618,1.366187],[103.85362,1.366282],[103.853549,1.366275],[103.853545,1.366317],[103.853617,1.366324],[103.853599,1.366416],[103.853376,1.366397],[103.853382,1.366335],[103.853367,1.366334]]]}},{"type":"Feature","properties":{"block_id":"104","blk_no":"440","postal_code":"560440","region_id":"NER","region":"NORTH-EAST REGION","planning_area_id":"AM","planning_area":"ANG MO KIO","subzone_id":"AMSZ03","subzone":"CHONG BOON","lon":103.8543,"lat":1.3664,"property_match":"MATCHED","property_match_confidence":"HIGH","street":"ANG MO KIO AVE 10","residential":"Y","year_completed":1978,"building_age_2026":48,"max_floor_lvl":12,"total_dwelling_units":153,"small_flat_share_pct":84.97,"rental_share_pct":0.0,"footprint_area_m2":1357.8,"estimated_residents_2026":340.7,"estimated_elderly_65plus_2026":107.8,"estimated_elderly_share_pct":31.64,"elderly_exposure_score":90.6,"elderly_exposure_class":"VERY HIGH","estimate_confidence":"HIGH","display_name":"Block 440"},"geometry":{"type":"Polygon","coordinates":[[[103.853937,1.366635],[103.853916,1.366575],[103.853926,1.366571],[103.853911,1.36653],[103.853925,1.366525],[103.853915,1.366498],[103.854084,1.366436],[103.854094,1.366463],[103.854108,1.366458],[103.854152,1.36644],[103.854142,1.366414],[103.854422,1.366311],[103.854431,1.366337],[103.85448,1.366319],[103.85447,1.366293],[103.854653,1.366226],[103.854663,1.366252],[103.854677,1.366247],[103.854692,1.366289],[103.854703,1.366285],[103.854725,1.366345],[103.85452,1.366421],[103.854528,1.366441],[103.854486,1.366456],[103.854478,1.366436],[103.853937,1.366635]]]}},{"type":"Feature","properties":{"block_id":"203","blk_no":"441","postal_code":"560441","region_id":"NER","region":"NORTH-EAST REGION","planning_area_id":"AM","planning_area":"ANG MO KIO","subzone_id":"AMSZ03","subzone":"CHONG BOON","lon":103.8541,"lat":1.3661,"property_match":"MATCHED","property_match_confidence":"HIGH","street":"ANG MO KIO AVE 10","residential":"Y","year_completed":1978,"building_age_2026":48,"max_floor_lvl":12,"total_dwelling_units":152,"small_flat_share_pct":84.21,"rental_share_pct":0.0,"footprint_area_m2":1341.6,"estimated_residents_2026":339.5,"estimated_elderly_65plus_2026":107.2,"estimated_elderly_share_pct":31.57,"elderly_exposure_score":90.4,"elderly_exposure_class":"VERY HIGH","estimate_confidence":"HIGH","display_name":"Block 441"},"geometry":{"type":"Polygon","coordinates":[[[103.85454,1.365843],[103.854562,1.365902],[103.85455,1.365906],[103.854565,1.365947],[103.854551,1.365952],[103.854561,1.36598],[103.85438,1.366047],[103.85437,1.366021],[103.854333,1.366034],[103.854325,1.366037],[103.854335,1.366063],[103.85405,1.366169],[103.854041,1.366144],[103.854005,1.366157],[103.853996,1.366161],[103.854005,1.366185],[103.853823,1.366253],[103.853814,1.366228],[103.853802,1.366233],[103.853786,1.366189],[103.853775,1.366193],[103.853754,1.366136],[103.85396,1.366059],[103.853952,1.366037],[103.853995,1.366021],[103.854003,1.366044],[103.85454,1.365843]]]}},{"type":"Feature","properties":{"block_id":"4548","blk_no":"442","postal_code":"560442","region_id":"NER","region":"NORTH-EAST REGION","planning_area_id":"AM","planning_area":"ANG MO KIO","subzone_id":"AMSZ03","subzone":"CHONG BOON","lon":103.8553,"lat":1.3656,"property_match":"MATCHED","property_match_confidence":"HIGH","street":"ANG MO KIO AVE 10","residential":"Y","year_completed":1978,"building_age_2026":48,"max_floor_lvl":12,"total_dwelling_units":215,"small_flat_share_pct":87.44,"rental_share_pct":0.47,"footprint_area_m2":1976.3,"estimated_residents_2026":476.7,"estimated_elderly_65plus_2026":150.9,"estimated_elderly_share_pct":31.65,"elderly_exposure_score":97.4,"elderly_exposure_class":"VERY HIGH","estimate_confidence":"HIGH","display_name":"Block 442"},"geometry":{"type":"Polygon","coordinates":[[[103.855175,1.36558],[103.855222,1.365562],[103.85523,1.365584],[103.855778,1.36538],[103.855801,1.365442],[103.855789,1.365446],[103.855804,1.365517],[103.855622,1.365585],[103.855612,1.365558],[103.855567,1.365575],[103.855577,1.3656],[103.855294,1.365706],[103.855285,1.365681],[103.855213,1.365707],[103.855222,1.365733],[103.854942,1.365838],[103.854932,1.365812],[103.854897,1.365825],[103.854886,1.365829],[103.854896,1.365854],[103.854712,1.365924],[103.854702,1.365898],[103.854691,1.365902],[103.854675,1.36586],[103.854664,1.365864],[103.854641,1.365804],[103.855183,1.365601],[103.855175,1.36558]]]}},{"type":"Feature","properties":{"block_id":"2555","blk_no":"443","postal_code":"560443","region_id":"NER","region":"NORTH-EAST REGION","planning_area_id":"AM","planning_area":"ANG MO KIO","subzone_id":"AMSZ03","subzone":"CHONG BOON","lon":103.8553,"lat":1.366,"property_match":"MATCHED","property_match_confidence":"HIGH","street":"ANG MO KIO AVE 10","residential":"Y","year_completed":1978,"building_age_2026":48,"max_floor_lvl":12,"total_dwelling_units":196,"small_flat_share_pct":86.22,"rental_share_pct":0.51,"footprint_area_m2":1982.4,"estimated_residents_2026":436.7,"estimated_elderly_65plus_2026":137.7,"estimated_elderly_share_pct":31.54,"elderly_exposure_score":96.0,"elderly_exposure_class":"VERY HIGH","estimate_confidence":"HIGH","display_name":"Block 443"},"geometry":{"type":"Polygon","coordinates":[[[103.854823,1.366308],[103.854776,1.366179],[103.854996,1.366097],[103.855004,1.366119],[103.855028,1.366116],[103.855039,1.366112],[103.855028,1.366084],[103.855312,1.365978],[103.855323,1.366007],[103.855389,1.365982],[103.855379,1.365955],[103.855661,1.36585],[103.855672,1.365878],[103.855711,1.365864],[103.855728,1.365858],[103.855717,1.365828],[103.855888,1.365764],[103.855899,1.365795],[103.855913,1.365789],[103.855928,1.365828],[103.855941,1.365823],[103.855962,1.365881],[103.855418,1.366085],[103.855426,1.366105],[103.855379,1.366123],[103.855372,1.366102],[103.854823,1.366308]]]}},{"type":"Feature","properties":{"block_id":"4448","blk_no":"444","postal_code":"560444","region_id":"NER","region":"NORTH-EAST REGION","planning_area_id":"AM","planning_area":"ANG MO KIO","subzone_id":"AMSZ03","subzone":"CHONG BOON","lon":103.8556,"lat":1.3666,"property_match":"MATCHED","property_match_confidence":"HIGH","street":"ANG MO KIO AVE 10","residential":"Y","year_completed":1978,"building_age_2026":48,"max_floor_lvl":12,"total_dwelling_units":215,"small_flat_share_pct":87.44,"rental_share_pct":0.47,"footprint_area_m2":1923.6,"estimated_residents_2026":476.7,"estimated_elderly_65plus_2026":150.9,"estimated_elderly_share_pct":31.65,"elderly_exposure_score":97.4,"elderly_exposure_class":"VERY HIGH","estimate_confidence":"HIGH","display_name":"Block 444"},"geometry":{"type":"Polygon","coordinates":[[[103.855527,1.366526],[103.855574,1.366509],[103.855582,1.366531],[103.856127,1.36633],[103.856148,1.366389],[103.856135,1.366393],[103.856151,1.366437],[103.856139,1.366441],[103.856147,1.366463],[103.855966,1.36653],[103.855959,1.366509],[103.855912,1.366525],[103.85592,1.366547],[103.855637,1.366652],[103.855629,1.36663],[103.85562,1.366634],[103.855561,1.366656],[103.855569,1.366678],[103.855286,1.366782],[103.855279,1.366761],[103.855241,1.366774],[103.85523,1.366778],[103.855238,1.366801],[103.855059,1.366867],[103.855051,1.366845],[103.855037,1.36685],[103.855021,1.366806],[103.855012,1.36681],[103.854989,1.36675],[103.855535,1.366549],[103.855527,1.366526]]]}},{"type":"Feature","properties":{"block_id":"4127","blk_no":"445","postal_code":"560445","region_id":"NER","region":"NORTH-EAST REGION","planning_area_id":"AM","planning_area":"ANG MO KIO","subzone_id":"AMSZ03","subzone":"CHONG BOON","lon":103.8557,"lat":1.367,"property_match":"MATCHED","property_match_confidence":"HIGH","street":"ANG MO KIO AVE 10","residential":"Y","year_completed":1978,"building_age_2026":48,"max_floor_lvl":12,"total_dwelling_units":219,"small_flat_share_pct":89.5,"rental_share_pct":0.0,"footprint_area_m2":1875.9,"estimated_residents_2026":481.8,"estimated_elderly_65plus_2026":153.4,"estimated_elderly_share_pct":31.84,"elderly_exposure_score":97.5,"elderly_exposure_class":"VERY HIGH","estimate_confidence":"HIGH","display_name":"Block 445"},"geometry":{"type":"Polygon","coordinates":[[[103.855805,1.366872],[103.855815,1.366898],[103.855836,1.36689],[103.855827,1.366863],[103.855907,1.366833],[103.855917,1.36686],[103.855937,1.366853],[103.855928,1.366828],[103.856009,1.366798],[103.856018,1.366823],[103.856029,1.366819],[103.856066,1.366804],[103.856057,1.366779],[103.856135,1.36675],[103.856144,1.366775],[103.856166,1.366767],[103.856157,1.366743],[103.856237,1.366713],[103.856246,1.366738],[103.85626,1.366733],[103.856275,1.366775],[103.856288,1.36677],[103.856309,1.366828],[103.855764,1.36703],[103.855772,1.367053],[103.855729,1.367069],[103.85572,1.367046],[103.855172,1.367249],[103.85515,1.367189],[103.855157,1.367186],[103.855143,1.367146],[103.855153,1.367142],[103.855144,1.367118],[103.855227,1.367088],[103.855235,1.367112],[103.855258,1.367104],[103.855249,1.367079],[103.855328,1.367049],[103.855337,1.367074],[103.855386,1.367057],[103.855377,1.367033],[103.85544,1.367009],[103.855449,1.367033],[103.855465,1.367027],[103.855455,1.367002],[103.855556,1.366965],[103.855565,1.36699],[103.855585,1.366983],[103.855576,1.366958],[103.855658,1.366927],[103.855667,1.366953],[103.855736,1.366928],[103.855726,1.366901],[103.855805,1.366872]]]}},{"type":"Feature","properties":{"block_id":"5088","blk_no":"446","postal_code":"560446","region_id":"NER","region":"NORTH-EAST REGION","planning_area_id":"AM","planning_area":"ANG MO KIO","subzone_id":"AMSZ03","subzone":"CHONG BOON","lon":103.8553,"lat":1.3678,"property_match":"MATCHED","property_match_confidence":"HIGH","street":"ANG MO KIO AVE 10","residential":"Y","year_completed":1979,"building_age_2026":47,"max_floor_lvl":4,"total_dwelling_units":23,"small_flat_share_pct":100.0,"rental_share_pct":0.0,"footprint_area_m2":1027.0,"estimated_residents_2026":49.1,"estimated_elderly_65plus_2026":15.9,"estimated_elderly_share_pct":32.31,"elderly_exposure_score":7.7,"elderly_exposure_class":"VERY LOW","estimate_confidence":"HIGH","display_name":"Block 446"},"geometry":{"type":"Polygon","coordinates":[[[103.855628,1.367588],[103.855666,1.36769],[103.855653,1.367695],[103.855664,1.367725],[103.855586,1.367755],[103.855574,1.367723],[103.855527,1.367739],[103.855539,1.367772],[103.855491,1.367782],[103.855494,1.367789],[103.85546,1.367801],[103.855449,1.36777],[103.855427,1.367778],[103.855438,1.36781],[103.855401,1.367824],[103.855399,1.367816],[103.855358,1.367839],[103.855346,1.367808],[103.855313,1.367824],[103.855323,1.367852],[103.855097,1.367936],[103.855049,1.367804],[103.855628,1.367588]]]}},{"type":"Feature","properties":{"block_id":"6726","blk_no":"447","postal_code":"560447","region_id":"NER","region":"NORTH-EAST REGION","planning_area_id":"AM","planning_area":"ANG MO KIO","subzone_id":"AMSZ03","subzone":"CHONG BOON","lon":103.8559,"lat":1.3675,"property_match":"MATCHED","property_match_confidence":"HIGH","street":"ANG MO KIO AVE 10","residential":"Y","year_completed":1979,"building_age_2026":47,"max_floor_lvl":4,"total_dwelling_units":20,"small_flat_share_pct":100.0,"rental_share_pct":0.0,"footprint_area_m2":980.1,"estimated_residents_2026":42.7,"estimated_elderly_65plus_2026":13.8,"estimated_elderly_share_pct":32.31,"elderly_exposure_score":6.4,"elderly_exposure_class":"VERY LOW","estimate_confidence":"HIGH","display_name":"Block 447"},"geometry":{"type":"Polygon","coordinates":[[[103.856225,1.367311],[103.856262,1.367412],[103.856247,1.367418],[103.856259,1.367451],[103.856181,1.36748],[103.856169,1.367449],[103.856122,1.367467],[103.856133,1.367498],[103.856086,1.367507],[103.856089,1.367515],[103.856054,1.367528],[103.856042,1.367496],[103.856019,1.367504],[103.85603,1.367536],[103.855994,1.36755],[103.855992,1.367543],[103.855953,1.367565],[103.855941,1.367534],[103.855918,1.367543],[103.855929,1.367574],[103.85585,1.367604],[103.855838,1.367572],[103.855791,1.367589],[103.855803,1.367621],[103.855758,1.36763],[103.85576,1.367637],[103.855725,1.36765],[103.855714,1.367619],[103.855701,1.367623],[103.855664,1.36752],[103.856225,1.367311]]]}},{"type":"Feature","properties":{"block_id":"6400","blk_no":"448","postal_code":"560448","region_id":"NER","region":"NORTH-EAST REGION","planning_area_id":"AM","planning_area":"ANG MO KIO","subzone_id":"AMSZ03","subzone":"CHONG BOON","lon":103.8564,"lat":1.3675,"property_match":"MATCHED","property_match_confidence":"HIGH","street":"ANG MO KIO AVE 10","residential":"Y","year_completed":1979,"building_age_2026":47,"max_floor_lvl":4,"total_dwelling_units":19,"small_flat_share_pct":100.0,"rental_share_pct":0.0,"footprint_area_m2":865.4,"estimated_residents_2026":40.6,"estimated_elderly_65plus_2026":13.1,"estimated_elderly_share_pct":32.31,"elderly_exposure_score":5.9,"elderly_exposure_class":"VERY LOW","estimate_confidence":"HIGH","display_name":"Block 448"},"geometry":{"type":"Polygon","coordinates":[[[103.856521,1.36777],[103.856414,1.36778],[103.856413,1.36777],[103.856379,1.367773],[103.856372,1.367689],[103.856406,1.367686],[103.856405,1.367675],[103.856401,1.367635],[103.856366,1.367638],[103.856369,1.367591],[103.856362,1.367592],[103.856358,1.367554],[103.856392,1.367551],[103.856391,1.367539],[103.856382,1.367514],[103.856353,1.367522],[103.856273,1.367295],[103.856401,1.367247],[103.856499,1.36753],[103.856521,1.36777]]]}},{"type":"Feature","properties":{"block_id":"2980","blk_no":"449","postal_code":"560449","region_id":"NER","region":"NORTH-EAST REGION","planning_area_id":"AM","planning_area":"ANG MO KIO","subzone_id":"AMSZ03","subzone":"CHONG BOON","lon":103.8559,"lat":1.3681,"property_match":"MATCHED","property_match_confidence":"HIGH","street":"ANG MO KIO AVE 10","residential":"Y","year_completed":1979,"building_age_2026":47,"max_floor_lvl":4,"total_dwelling_units":27,"small_flat_share_pct":81.48,"rental_share_pct":0.0,"footprint_area_m2":1468.9,"estimated_residents_2026":60.9,"estimated_elderly_65plus_2026":19.1,"estimated_elderly_share_pct":31.34,"elderly_exposure_score":9.8,"elderly_exposure_class":"VERY LOW","estimate_confidence":"HIGH","display_name":"Block 449"},"geometry":{"type":"Polygon","coordinates":[[[103.856258,1.367684],[103.85627,1.367718],[103.856281,1.367714],[103.856318,1.367815],[103.855989,1.367938],[103.856022,1.368295],[103.855952,1.36838],[103.855813,1.368431],[103.855776,1.368327],[103.855812,1.368317],[103.8558,1.368285],[103.855873,1.36826],[103.855897,1.368278],[103.855913,1.368259],[103.855875,1.368249],[103.855872,1.368226],[103.85588,1.368225],[103.855869,1.36818],[103.855903,1.368177],[103.855901,1.368154],[103.855866,1.368157],[103.855862,1.368117],[103.85587,1.368117],[103.855858,1.368074],[103.855894,1.36807],[103.855891,1.368045],[103.855857,1.368048],[103.855859,1.368],[103.855852,1.368001],[103.855848,1.36796],[103.855883,1.367957],[103.855882,1.367945],[103.855943,1.367939],[103.855941,1.367924],[103.855915,1.367904],[103.855921,1.367886],[103.855957,1.367906],[103.855973,1.367899],[103.85595,1.367837],[103.855963,1.367832],[103.855951,1.367798],[103.855987,1.367784],[103.85599,1.367793],[103.855993,1.367783],[103.856031,1.367769],[103.856043,1.367803],[103.856065,1.367795],[103.856052,1.36776],[103.856089,1.367746],[103.856099,1.367752],[103.856096,1.367743],[103.856131,1.36773],[103.856144,1.367766],[103.85619,1.367748],[103.856178,1.367714],[103.856215,1.3677],[103.856218,1.367709],[103.856222,1.367698],[103.856258,1.367684]]]}},{"type":"Feature","properties":{"block_id":"3594","blk_no":"450","postal_code":"560450","region_id":"NER","region":"NORTH-EAST REGION","planning_area_id":"AM","planning_area":"ANG MO KIO","subzone_id":"AMSZ03","subzone":"CHONG BOON","lon":103.8555,"lat":1.3685,"property_match":"MATCHED","property_match_confidence":"HIGH","street":"ANG MO KIO AVE 10","residential":"Y","year_completed":1979,"building_age_2026":47,"max_floor_lvl":4,"total_dwelling_units":15,"small_flat_share_pct":100.0,"rental_share_pct":0.0,"footprint_area_m2":600.1,"estimated_residents_2026":32.0,"estimated_elderly_65plus_2026":10.4,"estimated_elderly_share_pct":32.31,"elderly_exposure_score":4.1,"elderly_exposure_class":"VERY LOW","estimate_confidence":"HIGH","display_name":"Block 450"},"geometry":{"type":"Polygon","coordinates":[[[103.855494,1.368429],[103.85553,1.368419],[103.855518,1.368387],[103.855554,1.368373],[103.855557,1.36838],[103.855598,1.368357],[103.855611,1.368391],[103.855624,1.368386],[103.855661,1.368486],[103.855329,1.36861],[103.85528,1.368476],[103.855483,1.3684],[103.855494,1.368429]]]}},{"type":"Feature","properties":{"block_id":"7790","blk_no":"451","postal_code":"560451","region_id":"NER","region":"NORTH-EAST REGION","planning_area_id":"AM","planning_area":"ANG MO KIO","subzone_id":"AMSZ03","subzone":"CHONG BOON","lon":103.8556,"lat":1.3689,"property_match":"MATCHED","property_match_confidence":"HIGH","street":"ANG MO KIO AVE 10","residential":"Y","year_completed":1979,"building_age_2026":47,"max_floor_lvl":4,"total_dwelling_units":16,"small_flat_share_pct":100.0,"rental_share_pct":0.0,"footprint_area_m2":992.3,"estimated_residents_2026":34.2,"estimated_elderly_65plus_2026":11.0,"estimated_elderly_share_pct":32.31,"elderly_exposure_score":4.6,"elderly_exposure_class":"VERY LOW","estimate_confidence":"HIGH","display_name":"Block 451"},"geometry":{"type":"Polygon","coordinates":[[[103.855653,1.368937],[103.855671,1.368984],[103.855702,1.368973],[103.855729,1.369053],[103.855699,1.369064],[103.855708,1.369088],[103.855733,1.369079],[103.855748,1.369119],[103.85562,1.369166],[103.855454,1.368705],[103.855708,1.368611],[103.855744,1.368711],[103.855731,1.368716],[103.855743,1.368749],[103.855707,1.368763],[103.855705,1.368756],[103.855664,1.368779],[103.855653,1.368747],[103.855605,1.368764],[103.855617,1.368797],[103.855572,1.368813],[103.855578,1.368828],[103.855609,1.368816],[103.855624,1.368856],[103.855656,1.368844],[103.855665,1.368889],[103.855673,1.368886],[103.855687,1.368925],[103.855653,1.368937]]]}},{"type":"Feature","properties":{"block_id":"7487","blk_no":"452","postal_code":"560452","region_id":"NER","region":"NORTH-EAST REGION","planning_area_id":"AM","planning_area":"ANG MO KIO","subzone_id":"AMSZ03","subzone":"CHONG BOON","lon":103.8565,"lat":1.3688,"property_match":"MATCHED","property_match_confidence":"HIGH","street":"ANG MO KIO AVE 10","residential":"Y","year_completed":1979,"building_age_2026":47,"max_floor_lvl":4,"total_dwelling_units":31,"small_flat_share_pct":96.77,"rental_share_pct":0.0,"footprint_area_m2":1742.8,"estimated_residents_2026":67.1,"estimated_elderly_65plus_2026":21.5,"estimated_elderly_share_pct":32.0,"elderly_exposure_score":11.6,"elderly_exposure_class":"VERY LOW","estimate_confidence":"HIGH","display_name":"Block 452"},"geometry":{"type":"Polygon","coordinates":[[[103.855803,1.36897],[103.855839,1.368956],[103.855842,1.368964],[103.855883,1.36894],[103.855895,1.368973],[103.855933,1.368959],[103.855942,1.368956],[103.85593,1.368922],[103.855966,1.368908],[103.855975,1.368914],[103.855972,1.368906],[103.856066,1.368871],[103.856069,1.368878],[103.856074,1.368868],[103.856169,1.368833],[103.856171,1.36884],[103.856212,1.368817],[103.856224,1.368851],[103.856262,1.368831],[103.856304,1.368831],[103.856301,1.368797],[103.85634,1.3688],[103.856386,1.368789],[103.856389,1.368823],[103.856434,1.368819],[103.856436,1.368844],[103.85645,1.368843],[103.856437,1.368695],[103.85647,1.368692],[103.856466,1.368643],[103.856433,1.368646],[103.856425,1.368561],[103.856458,1.368558],[103.856457,1.368543],[103.856567,1.368533],[103.856601,1.368913],[103.856272,1.368947],[103.855839,1.369112],[103.855801,1.369009],[103.855815,1.369004],[103.855803,1.36897]]]}},{"type":"Feature","properties":{"block_id":"7884","blk_no":"453","postal_code":"560453","region_id":"NER","region":"NORTH-EAST REGION","planning_area_id":"AM","planning_area":"ANG MO KIO","subzone_id":"AMSZ03","subzone":"CHONG BOON","lon":103.856,"lat":1.3686,"property_match":"MATCHED","property_match_confidence":"HIGH","street":"ANG MO KIO AVE 10","residential":"Y","year_completed":1979,"building_age_2026":47,"max_floor_lvl":4,"total_dwelling_units":8,"small_flat_share_pct":100.0,"rental_share_pct":0.0,"footprint_area_m2":357.4,"estimated_residents_2026":17.1,"estimated_elderly_65plus_2026":5.5,"estimated_elderly_share_pct":32.31,"elderly_exposure_score":1.5,"elderly_exposure_class":"VERY LOW","estimate_confidence":"HIGH","display_name":"Block 453"},"geometry":{"type":"Polygon","coordinates":[[[103.856062,1.368481],[103.856099,1.368581],[103.856087,1.368586],[103.856099,1.368618],[103.856062,1.368632],[103.85606,1.368625],[103.856019,1.368648],[103.856007,1.368616],[103.855986,1.368624],[103.855998,1.368655],[103.855918,1.368685],[103.855906,1.368651],[103.855895,1.368655],[103.855856,1.368557],[103.856062,1.368481]]]}},{"type":"Feature","properties":{"block_id":"12350","blk_no":"453A","postal_code":"561453","region_id":"NER","region":"NORTH-EAST REGION","planning_area_id":"AM","planning_area":"ANG MO KIO","subzone_id":"AMSZ03","subzone":"CHONG BOON","lon":103.8564,"lat":1.3682,"property_match":"MATCHED","property_match_confidence":"HIGH","street":"ANG MO KIO AVE 10","residential":"N","year_completed":2016,"building_age_2026":10,"max_floor_lvl":1,"total_dwelling_units":0,"small_flat_share_pct":null,"rental_share_pct":null,"footprint_area_m2":3322.1,"estimated_residents_2026":0.0,"estimated_elderly_65plus_2026":0.0,"estimated_elderly_share_pct":null,"elderly_exposure_score":null,"elderly_exposure_class":null,"estimate_confidence":"HIGH","display_name":"Block 453A"},"geometry":{"type":"Polygon","coordinates":[[[103.856621,1.368473],[103.856299,1.368503],[103.856303,1.368539],[103.856128,1.368594],[103.856078,1.368456],[103.856154,1.368428],[103.856113,1.367978],[103.856125,1.367964],[103.856571,1.367923],[103.856621,1.368473]]]}},{"type":"Feature","properties":{"block_id":"10408","blk_no":"454","postal_code":"560454","region_id":"NER","region":"NORTH-EAST REGION","planning_area_id":"AM","planning_area":"ANG MO KIO","subzone_id":"AMSZ03","subzone":"CHONG BOON","lon":103.8579,"lat":1.368,"property_match":"MATCHED","property_match_confidence":"HIGH","street":"ANG MO KIO ST 44","residential":"N","year_completed":2017,"building_age_2026":9,"max_floor_lvl":1,"total_dwelling_units":0,"small_flat_share_pct":null,"rental_share_pct":null,"footprint_area_m2":240.7,"estimated_residents_2026":0.0,"estimated_elderly_65plus_2026":0.0,"estimated_elderly_share_pct":null,"elderly_exposure_score":null,"elderly_exposure_class":null,"estimate_confidence":"HIGH","display_name":"Block 454"},"geometry":{"type":"Polygon","coordinates":[[[103.858005,1.368039],[103.858006,1.368052],[103.857938,1.368077],[103.857876,1.368027],[103.857857,1.36803],[103.857795,1.368078],[103.857772,1.368063],[103.857808,1.367989],[103.857825,1.367901],[103.858005,1.368039]]]}},{"type":"Feature","properties":{"block_id":"10392","blk_no":"455","postal_code":"560455","region_id":"NER","region":"NORTH-EAST REGION","planning_area_id":"AM","planning_area":"ANG MO KIO","subzone_id":"AMSZ03","subzone":"CHONG BOON","lon":103.8573,"lat":1.3687,"property_match":"MATCHED","property_match_confidence":"HIGH","street":"ANG MO KIO ST 44","residential":"N","year_completed":2016,"building_age_2026":10,"max_floor_lvl":7,"total_dwelling_units":0,"small_flat_share_pct":null,"rental_share_pct":null,"footprint_area_m2":2233.1,"estimated_residents_2026":0.0,"estimated_elderly_65plus_2026":0.0,"estimated_elderly_share_pct":null,"elderly_exposure_score":null,"elderly_exposure_class":null,"estimate_confidence":"HIGH","display_name":"Block 455"},"geometry":{"type":"Polygon","coordinates":[[[103.85706,1.368795],[103.85702,1.368761],[103.85702,1.368458],[103.857527,1.368458],[103.857536,1.368447],[103.857613,1.368512],[103.857579,1.368552],[103.857579,1.368781],[103.857071,1.368781],[103.85706,1.368795]]]}},{"type":"Feature","properties":{"block_id":"10409","blk_no":"455A","postal_code":"561455","region_id":"NER","region":"NORTH-EAST REGION","planning_area_id":"AM","planning_area":"ANG MO KIO","subzone_id":"AMSZ03","subzone":"CHONG BOON","lon":103.8575,"lat":1.3682,"property_match":"MATCHED","property_match_confidence":"HIGH","street":"ANG MO KIO ST 44","residential":"Y","year_completed":2017,"building_age_2026":9,"max_floor_lvl":34,"total_dwelling_units":194,"small_flat_share_pct":34.02,"rental_share_pct":0.0,"footprint_area_m2":756.6,"estimated_residents_2026":508.0,"estimated_elderly_65plus_2026":144.7,"estimated_elderly_share_pct":28.49,"elderly_exposure_score":96.9,"elderly_exposure_class":"VERY HIGH","estimate_confidence":"HIGH","display_name":"Block 455A"},"geometry":{"type":"Polygon","coordinates":[[[103.857606,1.368262],[103.857606,1.368216],[103.857595,1.368216],[103.857595,1.368235],[103.857569,1.368235],[103.857569,1.368189],[103.857536,1.368189],[103.857525,1.368241],[103.857552,1.368241],[103.857552,1.368298],[103.857495,1.368298],[103.857495,1.368286],[103.857379,1.368298],[103.857379,1.36824],[103.857405,1.36824],[103.857407,1.368167],[103.857425,1.368167],[103.857425,1.368134],[103.857386,1.368134],[103.857386,1.368114],[103.857359,1.368114],[103.857359,1.368095],[103.857346,1.368095],[103.857346,1.368055],[103.857432,1.36805],[103.857432,1.368061],[103.857491,1.368061],[103.857491,1.368049],[103.857577,1.368054],[103.857577,1.368095],[103.857562,1.368095],[103.857562,1.368111],[103.857536,1.368111],[103.857536,1.368131],[103.85755,1.368131],[103.85755,1.368173],[103.857599,1.368173],[103.857605,1.3681],[103.857629,1.3681],[103.857629,1.368071],[103.857645,1.368071],[103.857645,1.368045],[103.85769,1.368045],[103.85769,1.368317],[103.857645,1.368317],[103.857645,1.368292],[103.857629,1.368292],[103.857629,1.368262],[103.857606,1.368262]]]}},{"type":"Feature","properties":{"block_id":"10402","blk_no":"455B","postal_code":"562455","region_id":"NER","region":"NORTH-EAST REGION","planning_area_id":"AM","planning_area":"ANG MO KIO","subzone_id":"AMSZ03","subzone":"CHONG BOON","lon":103.8585,"lat":1.3683,"property_match":"MATCHED","property_match_confidence":"HIGH","street":"ANG MO KIO ST 44","residential":"Y","year_completed":2017,"building_age_2026":9,"max_floor_lvl":34,"total_dwelling_units":194,"small_flat_share_pct":0.0,"rental_share_pct":0.0,"footprint_area_m2":846.7,"estimated_residents_2026":566.1,"estimated_elderly_65plus_2026":149.5,"estimated_elderly_share_pct":26.41,"elderly_exposure_score":97.3,"elderly_exposure_class":"VERY HIGH","estimate_confidence":"HIGH","display_name":"Block 455B"},"geometry":{"type":"Polygon","coordinates":[[[103.85838,1.368285],[103.858359,1.368285],[103.858359,1.368262],[103.858333,1.368262],[103.858333,1.368246],[103.858317,1.368246],[103.858317,1.368208],[103.858549,1.368206],[103.858549,1.368247],[103.858535,1.368247],[103.858535,1.368263],[103.858509,1.368263],[103.8585,1.368306],[103.85851,1.368315],[103.858557,1.368315],[103.858566,1.368305],[103.858566,1.368266],[103.858593,1.368266],[103.858593,1.368286],[103.858604,1.368286],[103.858604,1.368238],[103.858625,1.368238],[103.858625,1.368211],[103.858642,1.368211],[103.858642,1.368185],[103.858686,1.368185],[103.858687,1.368456],[103.858641,1.368456],[103.858641,1.368431],[103.858626,1.368431],[103.858626,1.368401],[103.858603,1.368401],[103.858596,1.368331],[103.858522,1.36833],[103.858522,1.36837],[103.858513,1.36837],[103.858513,1.368393],[103.858541,1.368393],[103.858541,1.368408],[103.858568,1.368408],[103.858568,1.368453],[103.8583,1.368454],[103.8583,1.368408],[103.858325,1.368408],[103.858325,1.368392],[103.858352,1.368392],[103.858352,1.368369],[103.858397,1.368369],[103.858397,1.368334],[103.85838,1.368334],[103.85838,1.368285]]]}},{"type":"Feature","properties":{"block_id":"10393","blk_no":"455C","postal_code":"563455","region_id":"NER","region":"NORTH-EAST REGION","planning_area_id":"AM","planning_area":"ANG MO KIO","subzone_id":"AMSZ03","subzone":"CHONG BOON","lon":103.858,"lat":1.3686,"property_match":"MATCHED","property_match_confidence":"HIGH","street":"ANG MO KIO ST 44","residential":"Y","year_completed":2017,"building_age_2026":9,"max_floor_lvl":33,"total_dwelling_units":188,"small_flat_share_pct":34.04,"rental_share_pct":0.0,"footprint_area_m2":712.2,"estimated_residents_2026":474.8,"estimated_elderly_65plus_2026":141.6,"estimated_elderly_share_pct":29.83,"elderly_exposure_score":96.5,"elderly_exposure_class":"VERY HIGH","estimate_confidence":"HIGH","display_name":"Block 455C"},"geometry":{"type":"Polygon","coordinates":[[[103.857799,1.368692],[103.857799,1.368634],[103.857825,1.368634],[103.857827,1.368561],[103.857845,1.368561],[103.857845,1.368528],[103.857806,1.368528],[103.857806,1.368508],[103.857779,1.368508],[103.857779,1.368489],[103.857766,1.368489],[103.857766,1.368449],[103.857852,1.368443],[103.857852,1.368455],[103.857911,1.368455],[103.857911,1.368443],[103.857997,1.368448],[103.857997,1.368489],[103.857982,1.368489],[103.857982,1.368504],[103.857956,1.368504],[103.857956,1.368525],[103.85797,1.368525],[103.85797,1.368567],[103.858019,1.368567],[103.858026,1.368498],[103.85805,1.368498],[103.85805,1.368472],[103.858064,1.368472],[103.858064,1.368457],[103.858104,1.368458],[103.858104,1.368691],[103.858064,1.368691],[103.858064,1.368678],[103.858048,1.368678],[103.858048,1.36865],[103.858026,1.36865],[103.858026,1.36861],[103.858016,1.36861],[103.858016,1.368629],[103.857989,1.368629],[103.857989,1.368583],[103.857956,1.368583],[103.857945,1.368634],[103.857972,1.368634],[103.857972,1.368692],[103.857916,1.368692],[103.857916,1.36868],[103.857799,1.368692]]]}},{"type":"Feature","properties":{"block_id":"10144","blk_no":"456","postal_code":"560456","region_id":"NER","region":"NORTH-EAST REGION","planning_area_id":"AM","planning_area":"ANG MO KIO","subzone_id":"AMSZ03","subzone":"CHONG BOON","lon":103.8586,"lat":1.3672,"property_match":"MATCHED","property_match_confidence":"HIGH","street":"ANG MO KIO AVE 10","residential":"Y","year_completed":1979,"building_age_2026":47,"max_floor_lvl":12,"total_dwelling_units":197,"small_flat_share_pct":88.32,"rental_share_pct":0.0,"footprint_area_m2":1945.1,"estimated_residents_2026":434.8,"estimated_elderly_65plus_2026":138.2,"estimated_elderly_share_pct":31.78,"elderly_exposure_score":96.0,"elderly_exposure_class":"VERY HIGH","estimate_confidence":"HIGH","display_name":"Block 456"},"geometry":{"type":"Polygon","coordinates":[[[103.858544,1.367434],[103.858506,1.367402],[103.858474,1.36744],[103.858513,1.367472],[103.858494,1.367492],[103.858477,1.367478],[103.858457,1.367502],[103.858474,1.367516],[103.858458,1.367539],[103.85842,1.367506],[103.858405,1.367523],[103.858444,1.367555],[103.858425,1.367575],[103.858408,1.367561],[103.858388,1.367585],[103.858405,1.367599],[103.858389,1.367622],[103.858349,1.367588],[103.85834,1.367598],[103.85831,1.367573],[103.858302,1.367583],[103.858249,1.367539],[103.858391,1.367368],[103.858373,1.367352],[103.858417,1.367286],[103.858441,1.367306],[103.858622,1.367089],[103.858588,1.36706],[103.858604,1.367041],[103.858637,1.36707],[103.858884,1.366771],[103.859071,1.366769],[103.859071,1.366837],[103.859057,1.366837],[103.859058,1.366876],[103.859045,1.366876],[103.859045,1.36693],[103.859017,1.366928],[103.859018,1.366904],[103.858986,1.366904],[103.858986,1.36693],[103.858969,1.366932],[103.858959,1.36688],[103.858932,1.366887],[103.858925,1.366897],[103.858958,1.366937],[103.858945,1.366949],[103.858925,1.366933],[103.858905,1.366957],[103.858924,1.366972],[103.858908,1.366995],[103.85887,1.366963],[103.858855,1.366981],[103.858894,1.367011],[103.858875,1.367031],[103.858856,1.367016],[103.858836,1.36704],[103.858855,1.367055],[103.858839,1.367078],[103.858801,1.367046],[103.858787,1.367063],[103.858825,1.367095],[103.858806,1.367114],[103.858787,1.367099],[103.858767,1.367123],[103.858785,1.367139],[103.85877,1.367162],[103.858732,1.367129],[103.858699,1.367168],[103.858737,1.3672],[103.858717,1.36722],[103.858699,1.367205],[103.858679,1.367229],[103.858697,1.367244],[103.858681,1.367266],[103.858644,1.367236],[103.85863,1.367253],[103.858669,1.367284],[103.858649,1.367304],[103.858631,1.367288],[103.858611,1.367313],[103.858629,1.367328],[103.858613,1.367351],[103.858575,1.367319],[103.858562,1.367336],[103.8586,1.367367],[103.85858,1.367387],[103.858562,1.367372],[103.858542,1.367396],[103.85856,1.367411],[103.858544,1.367434]]]}},{"type":"Feature","properties":{"block_id":"10095","blk_no":"457","postal_code":"560457","region_id":"NER","region":"NORTH-EAST REGION","planning_area_id":"AM","planning_area":"ANG MO KIO","subzone_id":"AMSZ03","subzone":"CHONG BOON","lon":103.8586,"lat":1.3658,"property_match":"MATCHED","property_match_confidence":"HIGH","street":"ANG MO KIO AVE 10","residential":"Y","year_completed":1979,"building_age_2026":47,"max_floor_lvl":13,"total_dwelling_units":230,"small_flat_share_pct":85.22,"rental_share_pct":0.43,"footprint_area_m2":2138.1,"estimated_residents_2026":514.4,"estimated_elderly_65plus_2026":161.8,"estimated_elderly_share_pct":31.46,"elderly_exposure_score":98.0,"elderly_exposure_class":"VERY HIGH","estimate_confidence":"HIGH","display_name":"Block 457"},"geometry":{"type":"Polygon","coordinates":[[[103.858533,1.366116],[103.858494,1.366081],[103.858485,1.366091],[103.858455,1.366066],[103.858446,1.366077],[103.858394,1.366033],[103.858519,1.36589],[103.85849,1.365866],[103.858548,1.365811],[103.858565,1.365826],[103.858709,1.365653],[103.858677,1.365627],[103.858693,1.365609],[103.858723,1.365635],[103.858738,1.365619],[103.859233,1.365618],[103.859232,1.365573],[103.859257,1.365573],[103.859257,1.365617],[103.85949,1.365617],[103.859489,1.365685],[103.859477,1.365685],[103.859476,1.365724],[103.859463,1.365724],[103.859464,1.365778],[103.859436,1.365776],[103.859436,1.365752],[103.859405,1.365751],[103.859405,1.365776],[103.859377,1.365778],[103.859378,1.365728],[103.859355,1.365727],[103.859356,1.365778],[103.859328,1.365775],[103.859328,1.365751],[103.859296,1.365751],[103.859297,1.365775],[103.859269,1.365777],[103.859269,1.365727],[103.85922,1.365728],[103.859221,1.365777],[103.859194,1.365776],[103.859194,1.365752],[103.859162,1.365752],[103.859162,1.365776],[103.859135,1.365778],[103.859135,1.365729],[103.859112,1.365728],[103.859113,1.365779],[103.859086,1.365777],[103.859086,1.365752],[103.859054,1.365752],[103.859054,1.365777],[103.859027,1.365779],[103.859027,1.365729],[103.859005,1.365729],[103.859006,1.365779],[103.858978,1.365777],[103.858978,1.365753],[103.858946,1.365753],[103.858946,1.365777],[103.858919,1.36578],[103.858919,1.36573],[103.858897,1.36573],[103.858898,1.365779],[103.85887,1.365778],[103.85887,1.365753],[103.858839,1.365754],[103.858839,1.36578],[103.858822,1.365782],[103.858811,1.365729],[103.858783,1.365736],[103.858775,1.365745],[103.858808,1.365788],[103.858796,1.365799],[103.858776,1.365782],[103.858756,1.365807],[103.858774,1.365822],[103.858758,1.365845],[103.858721,1.365812],[103.858706,1.36583],[103.858745,1.365861],[103.858725,1.365881],[103.858707,1.365866],[103.858687,1.36589],[103.858705,1.365905],[103.858689,1.365928],[103.858652,1.365896],[103.85862,1.365934],[103.858658,1.365965],[103.858639,1.365986],[103.858621,1.36597],[103.858601,1.365995],[103.858619,1.36601],[103.858603,1.366032],[103.858565,1.366],[103.858551,1.366018],[103.85859,1.366049],[103.85857,1.366069],[103.858552,1.366054],[103.858532,1.366078],[103.858551,1.366093],[103.858533,1.366116]]]}},{"type":"Feature","properties":{"block_id":"10093","blk_no":"458","postal_code":"560458","region_id":"NER","region":"NORTH-EAST REGION","planning_area_id":"AM","planning_area":"ANG MO KIO","subzone_id":"AMSZ03","subzone":"CHONG BOON","lon":103.8596,"lat":1.3666,"property_match":"MATCHED","property_match_confidence":"HIGH","street":"ANG MO KIO AVE 10","residential":"Y","year_completed":1979,"building_age_2026":47,"max_floor_lvl":25,"total_dwelling_units":96,"small_flat_share_pct":0.0,"rental_share_pct":0.0,"footprint_area_m2":581.9,"estimated_residents_2026":289.6,"estimated_elderly_65plus_2026":73.2,"estimated_elderly_share_pct":25.28,"elderly_exposure_score":68.8,"elderly_exposure_class":"HIGH","estimate_confidence":"HIGH","display_name":"Block 458"},"geometry":{"type":"Polygon","coordinates":[[[103.859615,1.366659],[103.859615,1.366685],[103.859518,1.366685],[103.859517,1.366621],[103.859501,1.366621],[103.859501,1.36659],[103.859574,1.366589],[103.859574,1.366549],[103.859501,1.366548],[103.859501,1.366517],[103.859517,1.366517],[103.859516,1.366453],[103.859614,1.366453],[103.859614,1.366467],[103.859639,1.366467],[103.859639,1.366453],[103.859736,1.366453],[103.859737,1.366516],[103.859753,1.366517],[103.859753,1.366548],[103.85968,1.366548],[103.859679,1.366589],[103.859753,1.36659],[103.859754,1.36662],[103.859737,1.366621],[103.859737,1.366684],[103.85964,1.366685],[103.859639,1.366659],[103.859615,1.366659]]]}},{"type":"Feature","properties":{"block_id":"10143","blk_no":"459","postal_code":"560459","region_id":"NER","region":"NORTH-EAST REGION","planning_area_id":"AM","planning_area":"ANG MO KIO","subzone_id":"AMSZ03","subzone":"CHONG BOON","lon":103.8594,"lat":1.367,"property_match":"MATCHED","property_match_confidence":"HIGH","street":"ANG MO KIO AVE 10","residential":"Y","year_completed":1979,"building_age_2026":47,"max_floor_lvl":25,"total_dwelling_units":96,"small_flat_share_pct":0.0,"rental_share_pct":0.0,"footprint_area_m2":566.4,"estimated_residents_2026":289.6,"estimated_elderly_65plus_2026":73.2,"estimated_elderly_share_pct":25.28,"elderly_exposure_score":68.8,"elderly_exposure_class":"HIGH","estimate_confidence":"HIGH","display_name":"Block 459"},"geometry":{"type":"Polygon","coordinates":[[[103.859251,1.366967],[103.859268,1.366967],[103.859268,1.366902],[103.859364,1.366902],[103.859364,1.366962],[103.859389,1.366962],[103.859389,1.366902],[103.859486,1.366902],[103.859486,1.366966],[103.859503,1.366966],[103.859503,1.366997],[103.859429,1.366998],[103.859429,1.367038],[103.859503,1.367038],[103.859503,1.367069],[103.859487,1.36707],[103.859487,1.367134],[103.85939,1.367134],[103.859389,1.367109],[103.859365,1.367109],[103.859365,1.367134],[103.859268,1.367135],[103.859268,1.36707],[103.859251,1.36707],[103.859251,1.367039],[103.859325,1.367039],[103.859325,1.366998],[103.859251,1.366998],[103.859251,1.366967]]]}},{"type":"Feature","properties":{"block_id":"10094","blk_no":"460","postal_code":"560460","region_id":"NER","region":"NORTH-EAST REGION","planning_area_id":"AM","planning_area":"ANG MO KIO","subzone_id":"AMSZ03","subzone":"CHONG BOON","lon":103.8591,"lat":1.3663,"property_match":"MATCHED","property_match_confidence":"HIGH","street":"ANG MO KIO AVE 10","residential":"Y","year_completed":1979,"building_age_2026":47,"max_floor_lvl":25,"total_dwelling_units":96,"small_flat_share_pct":0.0,"rental_share_pct":0.0,"footprint_area_m2":593.0,"estimated_residents_2026":289.6,"estimated_elderly_65plus_2026":73.2,"estimated_elderly_share_pct":25.28,"elderly_exposure_score":68.8,"elderly_exposure_class":"HIGH","estimate_confidence":"HIGH","display_name":"Block 460"},"geometry":{"type":"Polygon","coordinates":[[[103.859232,1.366455],[103.859014,1.366455],[103.859013,1.366392],[103.858997,1.366391],[103.858998,1.36636],[103.859062,1.366359],[103.859062,1.366318],[103.858997,1.366319],[103.858997,1.366288],[103.859013,1.366287],[103.859013,1.366223],[103.85911,1.366223],[103.85911,1.366236],[103.859135,1.366236],[103.859135,1.366223],[103.859232,1.366223],[103.859232,1.366286],[103.859249,1.366287],[103.859249,1.366318],[103.859175,1.366318],[103.859176,1.36636],[103.859249,1.366359],[103.859249,1.36639],[103.859233,1.36639],[103.859232,1.366455]]]}},{"type":"Feature","properties":{"block_id":"4212","blk_no":"461","postal_code":"560461","region_id":"NER","region":"NORTH-EAST REGION","planning_area_id":"AM","planning_area":"ANG MO KIO","subzone_id":"AMSZ03","subzone":"CHONG BOON","lon":103.8576,"lat":1.3674,"property_match":"MATCHED","property_match_confidence":"HIGH","street":"ANG MO KIO AVE 10","residential":"Y","year_completed":1979,"building_age_2026":47,"max_floor_lvl":12,"total_dwelling_units":131,"small_flat_share_pct":82.44,"rental_share_pct":0.0,"footprint_area_m2":1216.6,"estimated_residents_2026":293.7,"estimated_elderly_65plus_2026":92.6,"estimated_elderly_share_pct":31.53,"elderly_exposure_score":84.1,"elderly_exposure_class":"VERY HIGH","estimate_confidence":"HIGH","display_name":"Block 461"},"geometry":{"type":"Polygon","coordinates":[[[103.857653,1.367304],[103.857675,1.367322],[103.857683,1.367312],[103.857717,1.36734],[103.857723,1.367332],[103.85777,1.36737],[103.857615,1.367559],[103.857632,1.367573],[103.857604,1.367608],[103.857588,1.367594],[103.85705,1.367594],[103.85705,1.36753],[103.857061,1.36753],[103.857061,1.367488],[103.857075,1.367488],[103.857075,1.367461],[103.85727,1.367461],[103.85727,1.367487],[103.857308,1.367487],[103.857318,1.367487],[103.857318,1.367461],[103.857523,1.367462],[103.857653,1.367304]]]}},{"type":"Feature","properties":{"block_id":"9719","blk_no":"462","postal_code":"560462","region_id":"NER","region":"NORTH-EAST REGION","planning_area_id":"AM","planning_area":"ANG MO KIO","subzone_id":"AMSZ03","subzone":"CHONG BOON","lon":103.858,"lat":1.367,"property_match":"MATCHED","property_match_confidence":"HIGH","street":"ANG MO KIO AVE 10","residential":"Y","year_completed":1979,"building_age_2026":47,"max_floor_lvl":12,"total_dwelling_units":129,"small_flat_share_pct":80.62,"rental_share_pct":0.0,"footprint_area_m2":1142.8,"estimated_residents_2026":291.2,"estimated_elderly_65plus_2026":91.4,"estimated_elderly_share_pct":31.38,"elderly_exposure_score":83.2,"elderly_exposure_class":"VERY HIGH","estimate_confidence":"HIGH","display_name":"Block 462"},"geometry":{"type":"Polygon","coordinates":[[[103.858142,1.36675],[103.858157,1.366732],[103.858137,1.366715],[103.858192,1.366649],[103.858212,1.366665],[103.858222,1.366654],[103.858256,1.366682],[103.858263,1.366674],[103.858312,1.366715],[103.858171,1.366885],[103.858186,1.366897],[103.858156,1.366934],[103.858141,1.366921],[103.857844,1.367281],[103.857794,1.367239],[103.857803,1.367228],[103.85777,1.3672],[103.857779,1.367188],[103.857759,1.367172],[103.857812,1.367108],[103.857832,1.367125],[103.857839,1.367118],[103.857865,1.367086],[103.857845,1.367069],[103.857899,1.367004],[103.857918,1.36702],[103.857934,1.367001],[103.857914,1.366985],[103.857968,1.366921],[103.857987,1.366937],[103.858002,1.366919],[103.857983,1.366903],[103.858037,1.366837],[103.858057,1.366854],[103.858087,1.366816],[103.858067,1.3668],[103.858122,1.366734],[103.858142,1.36675]]]}},{"type":"Feature","properties":{"block_id":"9718","blk_no":"463","postal_code":"560463","region_id":"NER","region":"NORTH-EAST REGION","planning_area_id":"AM","planning_area":"ANG MO KIO","subzone_id":"AMSZ03","subzone":"CHONG BOON","lon":103.8576,"lat":1.3668,"property_match":"MATCHED","property_match_confidence":"HIGH","street":"ANG MO KIO AVE 10","residential":"Y","year_completed":1979,"building_age_2026":47,"max_floor_lvl":13,"total_dwelling_units":256,"small_flat_share_pct":87.5,"rental_share_pct":0.0,"footprint_area_m2":2079.8,"estimated_residents_2026":568.2,"estimated_elderly_65plus_2026":179.6,"estimated_elderly_share_pct":31.61,"elderly_exposure_score":98.8,"elderly_exposure_class":"VERY HIGH","estimate_confidence":"HIGH","display_name":"Block 463"},"geometry":{"type":"Polygon","coordinates":[[[103.85721,1.367185],[103.857125,1.367186],[103.857125,1.367161],[103.857075,1.367161],[103.857075,1.367186],[103.856989,1.367186],[103.856989,1.367161],[103.856977,1.367161],[103.856976,1.367119],[103.856961,1.367119],[103.856961,1.367055],[103.857328,1.367056],[103.857758,1.366537],[103.857741,1.366522],[103.85777,1.366487],[103.857787,1.366502],[103.857929,1.36633],[103.857973,1.366367],[103.857966,1.366375],[103.858004,1.366407],[103.857995,1.366418],[103.858014,1.366434],[103.85796,1.3665],[103.857941,1.366484],[103.857925,1.366504],[103.857944,1.366519],[103.857891,1.366583],[103.857873,1.366568],[103.857841,1.366606],[103.857859,1.366621],[103.857804,1.366689],[103.857785,1.366673],[103.857772,1.36669],[103.85779,1.366705],[103.857735,1.366771],[103.857717,1.366756],[103.857703,1.366773],[103.857721,1.366789],[103.857668,1.366852],[103.85765,1.366837],[103.857642,1.366847],[103.857616,1.366878],[103.857634,1.366893],[103.85758,1.366959],[103.857562,1.366944],[103.857546,1.366963],[103.857564,1.366978],[103.85751,1.367044],[103.857492,1.367028],[103.857476,1.367048],[103.857494,1.367063],[103.857441,1.367127],[103.857423,1.367112],[103.857393,1.367158],[103.857359,1.367137],[103.857359,1.367163],[103.857318,1.36716],[103.857318,1.367186],[103.857233,1.367186],[103.857233,1.367161],[103.85721,1.367161],[103.85721,1.367185]]]}},{"type":"Feature","properties":{"block_id":"6025","blk_no":"464","postal_code":"560464","region_id":"NER","region":"NORTH-EAST REGION","planning_area_id":"AM","planning_area":"ANG MO KIO","subzone_id":"AMSZ03","subzone":"CHONG BOON","lon":103.8569,"lat":1.3667,"property_match":"MATCHED","property_match_confidence":"HIGH","street":"ANG MO KIO AVE 10","residential":"Y","year_completed":1979,"building_age_2026":47,"max_floor_lvl":4,"total_dwelling_units":24,"small_flat_share_pct":66.67,"rental_share_pct":0.0,"footprint_area_m2":600.8,"estimated_residents_2026":56.0,"estimated_elderly_65plus_2026":17.3,"estimated_elderly_share_pct":30.96,"elderly_exposure_score":8.6,"elderly_exposure_class":"VERY LOW","estimate_confidence":"HIGH","display_name":"Block 464"},"geometry":{"type":"Polygon","coordinates":[[[103.856954,1.366927],[103.85689,1.366929],[103.856886,1.366793],[103.856802,1.366563],[103.85686,1.366541],[103.856865,1.366553],[103.856907,1.366538],[103.856911,1.36655],[103.856935,1.366541],[103.857001,1.366724],[103.856982,1.366731],[103.856995,1.366768],[103.856996,1.366813],[103.857017,1.366812],[103.85702,1.3669],[103.856997,1.366901],[103.856997,1.366913],[103.856953,1.366914],[103.856954,1.366927]]]}},{"type":"Feature","properties":{"block_id":"3267","blk_no":"465","postal_code":"560465","region_id":"NER","region":"NORTH-EAST REGION","planning_area_id":"AM","planning_area":"ANG MO KIO","subzone_id":"AMSZ03","subzone":"CHONG BOON","lon":103.8572,"lat":1.3662,"property_match":"MATCHED","property_match_confidence":"HIGH","street":"ANG MO KIO AVE 10","residential":"Y","year_completed":1979,"building_age_2026":47,"max_floor_lvl":14,"total_dwelling_units":206,"small_flat_share_pct":86.41,"rental_share_pct":0.97,"footprint_area_m2":1597.3,"estimated_residents_2026":457.2,"estimated_elderly_65plus_2026":144.8,"estimated_elderly_share_pct":31.68,"elderly_exposure_score":97.0,"elderly_exposure_class":"VERY HIGH","estimate_confidence":"HIGH","display_name":"Block 465"},"geometry":{"type":"Polygon","coordinates":[[[103.856754,1.366436],[103.856733,1.366377],[103.856745,1.366372],[103.85673,1.36633],[103.856742,1.366325],[103.856733,1.366301],[103.856814,1.366271],[103.856823,1.366295],[103.856867,1.366279],[103.856857,1.366253],[103.857142,1.366147],[103.857152,1.366173],[103.857161,1.366169],[103.85722,1.366147],[103.857211,1.366121],[103.857492,1.366016],[103.857502,1.366042],[103.857549,1.366025],[103.85754,1.365999],[103.85762,1.36597],[103.85763,1.365996],[103.857642,1.365991],[103.857658,1.366033],[103.85767,1.366028],[103.857692,1.366087],[103.85725,1.366251],[103.857257,1.366272],[103.8572,1.366293],[103.857193,1.366273],[103.856754,1.366436]]]}},{"type":"Feature","properties":{"block_id":"3813","blk_no":"466","postal_code":"560466","region_id":"NER","region":"NORTH-EAST REGION","planning_area_id":"AM","planning_area":"ANG MO KIO","subzone_id":"AMSZ03","subzone":"CHONG BOON","lon":103.8571,"lat":1.3658,"property_match":"MATCHED","property_match_confidence":"HIGH","street":"ANG MO KIO AVE 10","residential":"Y","year_completed":1979,"building_age_2026":47,"max_floor_lvl":14,"total_dwelling_units":204,"small_flat_share_pct":85.29,"rental_share_pct":0.0,"footprint_area_m2":1563.3,"estimated_residents_2026":454.7,"estimated_elderly_65plus_2026":143.6,"estimated_elderly_share_pct":31.58,"elderly_exposure_score":96.8,"elderly_exposure_class":"VERY HIGH","estimate_confidence":"HIGH","display_name":"Block 466"},"geometry":{"type":"Polygon","coordinates":[[[103.857005,1.365749],[103.857055,1.365731],[103.857062,1.365752],[103.857509,1.365587],[103.85753,1.365644],[103.857516,1.365649],[103.857531,1.365692],[103.857518,1.365697],[103.857527,1.365722],[103.857445,1.365753],[103.857436,1.365728],[103.857389,1.365746],[103.857397,1.36577],[103.857114,1.365875],[103.857105,1.365851],[103.857051,1.365877],[103.857048,1.36587],[103.857036,1.365875],[103.857045,1.365899],[103.856765,1.366003],[103.856756,1.365979],[103.856717,1.365992],[103.856706,1.365996],[103.856715,1.366022],[103.856638,1.36605],[103.856603,1.365985],[103.85659,1.36599],[103.85657,1.365935],[103.857013,1.365771],[103.857005,1.365749]]]}},{"type":"Feature","properties":{"block_id":"5152","blk_no":"467","postal_code":"560467","region_id":"NER","region":"NORTH-EAST REGION","planning_area_id":"AM","planning_area":"ANG MO KIO","subzone_id":"AMSZ03","subzone":"CHONG BOON","lon":103.8568,"lat":1.3654,"property_match":"MATCHED","property_match_confidence":"HIGH","street":"ANG MO KIO AVE 10","residential":"Y","year_completed":1979,"building_age_2026":47,"max_floor_lvl":14,"total_dwelling_units":130,"small_flat_share_pct":0.0,"rental_share_pct":0.0,"footprint_area_m2":1079.9,"estimated_residents_2026":354.4,"estimated_elderly_65plus_2026":102.2,"estimated_elderly_share_pct":28.83,"elderly_exposure_score":88.5,"elderly_exposure_class":"VERY HIGH","estimate_confidence":"HIGH","display_name":"Block 467"},"geometry":{"type":"Polygon","coordinates":[[[103.85674,1.365308],[103.856801,1.365286],[103.856817,1.365332],[103.857169,1.365203],[103.857199,1.365287],[103.857161,1.3653],[103.85717,1.365327],[103.857092,1.365355],[103.857083,1.36533],[103.857011,1.365357],[103.85702,1.365382],[103.85694,1.365412],[103.85693,1.365386],[103.856859,1.365412],[103.856868,1.365439],[103.856788,1.365468],[103.856779,1.365442],[103.856707,1.365469],[103.856717,1.365496],[103.856637,1.365525],[103.856628,1.365499],[103.856556,1.365525],[103.856565,1.365551],[103.856485,1.36558],[103.856475,1.365553],[103.856437,1.365567],[103.856405,1.365484],[103.856757,1.365355],[103.85674,1.365308]]]}},{"type":"Feature","properties":{"block_id":"5823","blk_no":"468","postal_code":"560468","region_id":"NER","region":"NORTH-EAST REGION","planning_area_id":"AM","planning_area":"ANG MO KIO","subzone_id":"AMSZ03","subzone":"CHONG BOON","lon":103.8563,"lat":1.3649,"property_match":"MATCHED","property_match_confidence":"HIGH","street":"ANG MO KIO AVE 10","residential":"Y","year_completed":1979,"building_age_2026":47,"max_floor_lvl":4,"total_dwelling_units":56,"small_flat_share_pct":85.71,"rental_share_pct":0.0,"footprint_area_m2":1370.8,"estimated_residents_2026":124.4,"estimated_elderly_65plus_2026":39.4,"estimated_elderly_share_pct":31.7,"elderly_exposure_score":27.4,"elderly_exposure_class":"LOW","estimate_confidence":"HIGH","display_name":"Block 468"},"geometry":{"type":"Polygon","coordinates":[[[103.856148,1.364465],[103.856212,1.364465],[103.856212,1.36448],[103.856257,1.364479],[103.856257,1.364493],[103.856283,1.364492],[103.856287,1.364701],[103.856397,1.365006],[103.856376,1.365014],[103.856393,1.365058],[103.856413,1.365051],[103.856442,1.365131],[103.856421,1.365139],[103.85643,1.365162],[103.85645,1.365154],[103.856479,1.365236],[103.856415,1.36527],[103.85642,1.365284],[103.856361,1.365306],[103.85615,1.364722],[103.856148,1.364465]]]}},{"type":"Feature","properties":{"block_id":"5774","blk_no":"469","postal_code":"560469","region_id":"NER","region":"NORTH-EAST REGION","planning_area_id":"AM","planning_area":"ANG MO KIO","subzone_id":"AMSZ03","subzone":"CHONG BOON","lon":103.8568,"lat":1.3645,"property_match":"MATCHED","property_match_confidence":"HIGH","street":"ANG MO KIO AVE 10","residential":"Y","year_completed":1979,"building_age_2026":47,"max_floor_lvl":12,"total_dwelling_units":220,"small_flat_share_pct":100.0,"rental_share_pct":100.0,"footprint_area_m2":1182.0,"estimated_residents_2026":446.3,"estimated_elderly_65plus_2026":132.0,"estimated_elderly_share_pct":29.58,"elderly_exposure_score":95.4,"elderly_exposure_class":"VERY HIGH","estimate_confidence":"HIGH","display_name":"Block 469"},"geometry":{"type":"Polygon","coordinates":[[[103.857259,1.364462],[103.85726,1.364484],[103.857281,1.364483],[103.857282,1.364573],[103.856877,1.364575],[103.856877,1.364601],[103.85682,1.364602],[103.85682,1.364575],[103.856416,1.364577],[103.856415,1.364486],[103.856437,1.364486],[103.856437,1.364465],[103.856828,1.364464],[103.856828,1.364486],[103.856868,1.364486],[103.856868,1.364464],[103.857259,1.364462]]]}},{"type":"Feature","properties":{"block_id":"2815","blk_no":"470","postal_code":"560470","region_id":"NER","region":"NORTH-EAST REGION","planning_area_id":"AM","planning_area":"ANG MO KIO","subzone_id":"AMSZ03","subzone":"CHONG BOON","lon":103.8563,"lat":1.3641,"property_match":"MATCHED","property_match_confidence":"HIGH","street":"ANG MO KIO AVE 10","residential":"Y","year_completed":1979,"building_age_2026":47,"max_floor_lvl":13,"total_dwelling_units":168,"small_flat_share_pct":0.0,"rental_share_pct":0.0,"footprint_area_m2":1518.7,"estimated_residents_2026":458.0,"estimated_elderly_65plus_2026":132.0,"estimated_elderly_share_pct":28.83,"elderly_exposure_score":95.4,"elderly_exposure_class":"VERY HIGH","estimate_confidence":"HIGH","display_name":"Block 470"},"geometry":{"type":"Polygon","coordinates":[[[103.85643,1.364027],[103.857277,1.364028],[103.857277,1.36412],[103.857235,1.36412],[103.857235,1.364147],[103.857147,1.364147],[103.857147,1.36412],[103.857072,1.364119],[103.857072,1.364146],[103.856986,1.364146],[103.856986,1.364118],[103.85691,1.364118],[103.85691,1.364145],[103.856824,1.364145],[103.856824,1.364118],[103.856749,1.364118],[103.856749,1.364145],[103.856662,1.364145],[103.856662,1.364118],[103.856585,1.364118],[103.856585,1.364145],[103.8565,1.364145],[103.8565,1.364119],[103.856446,1.36412],[103.856408,1.364135],[103.856418,1.36416],[103.85634,1.36419],[103.85633,1.364164],[103.856258,1.364191],[103.856268,1.364217],[103.856187,1.364248],[103.856177,1.364222],[103.85614,1.364236],[103.856108,1.364151],[103.85643,1.364027]]]}},{"type":"Feature","properties":{"block_id":"7822","blk_no":"471","postal_code":"560471","region_id":"NER","region":"NORTH-EAST REGION","planning_area_id":"AM","planning_area":"ANG MO KIO","subzone_id":"AMSZ03","subzone":"CHONG BOON","lon":103.8567,"lat":1.3635,"property_match":"MATCHED","property_match_confidence":"HIGH","street":"ANG MO KIO AVE 10","residential":"Y","year_completed":1978,"building_age_2026":48,"max_floor_lvl":12,"total_dwelling_units":219,"small_flat_share_pct":89.5,"rental_share_pct":0.0,"footprint_area_m2":1910.1,"estimated_residents_2026":481.8,"estimated_elderly_65plus_2026":153.4,"estimated_elderly_share_pct":31.84,"elderly_exposure_score":97.5,"elderly_exposure_class":"VERY HIGH","estimate_confidence":"HIGH","display_name":"Block 471"},"geometry":{"type":"Polygon","coordinates":[[[103.85683,1.363386],[103.856831,1.363412],[103.856854,1.363411],[103.856853,1.363384],[103.856938,1.363385],[103.856938,1.363411],[103.856963,1.363412],[103.856963,1.363385],[103.857048,1.363385],[103.857048,1.363411],[103.857099,1.363411],[103.857098,1.363385],[103.857182,1.363384],[103.857183,1.363412],[103.857206,1.363411],[103.857207,1.363385],[103.857288,1.363386],[103.857289,1.363412],[103.857303,1.363412],[103.857302,1.36346],[103.857315,1.36346],[103.857315,1.363521],[103.856736,1.36352],[103.856736,1.363541],[103.856684,1.363541],[103.856684,1.363519],[103.856359,1.36352],[103.856117,1.363605],[103.856095,1.363547],[103.856107,1.363541],[103.856092,1.3635],[103.856104,1.363494],[103.856097,1.363472],[103.856176,1.363442],[103.856185,1.363466],[103.856206,1.363459],[103.856197,1.363435],[103.856277,1.363404],[103.856285,1.363429],[103.856327,1.363414],[103.856371,1.363413],[103.85637,1.363386],[103.856456,1.363386],[103.856455,1.363414],[103.856479,1.363414],[103.856478,1.363385],[103.856564,1.363386],[103.856565,1.363413],[103.856587,1.363414],[103.856587,1.363386],[103.856672,1.363387],[103.856672,1.363413],[103.856746,1.363413],[103.856746,1.363386],[103.85683,1.363386]]]}},{"type":"Feature","properties":{"block_id":"142","blk_no":"472","postal_code":"560472","region_id":"NER","region":"NORTH-EAST REGION","planning_area_id":"AM","planning_area":"ANG MO KIO","subzone_id":"AMSZ03","subzone":"CHONG BOON","lon":103.8581,"lat":1.3631,"property_match":"MATCHED","property_match_confidence":"HIGH","street":"ANG MO KIO AVE 10","residential":"Y","year_completed":1978,"building_age_2026":48,"max_floor_lvl":13,"total_dwelling_units":144,"small_flat_share_pct":0.0,"rental_share_pct":0.0,"footprint_area_m2":1293.2,"estimated_residents_2026":392.6,"estimated_elderly_65plus_2026":113.2,"estimated_elderly_share_pct":28.83,"elderly_exposure_score":91.9,"elderly_exposure_class":"VERY HIGH","estimate_confidence":"HIGH","display_name":"Block 472"},"geometry":{"type":"Polygon","coordinates":[[[103.857677,1.363363],[103.857646,1.363277],[103.857681,1.363263],[103.857672,1.363238],[103.857752,1.363209],[103.857762,1.363234],[103.857833,1.363208],[103.857822,1.363183],[103.857904,1.363153],[103.857913,1.363179],[103.857984,1.363151],[103.857976,1.363127],[103.858055,1.363096],[103.858065,1.363122],[103.858139,1.363095],[103.858129,1.36307],[103.858209,1.36304],[103.858218,1.363066],[103.85829,1.363038],[103.858281,1.363012],[103.858361,1.362983],[103.858371,1.363009],[103.858443,1.362982],[103.858434,1.362956],[103.858511,1.362927],[103.858522,1.362951],[103.858561,1.362937],[103.858593,1.363021],[103.858241,1.363153],[103.858257,1.363197],[103.858196,1.363218],[103.858178,1.363176],[103.857677,1.363363]]]}},{"type":"Feature","properties":{"block_id":"6014","blk_no":"473","postal_code":"560473","region_id":"NER","region":"NORTH-EAST REGION","planning_area_id":"AM","planning_area":"ANG MO KIO","subzone_id":"AMSZ03","subzone":"CHONG BOON","lon":103.8568,"lat":1.363,"property_match":"MATCHED","property_match_confidence":"HIGH","street":"ANG MO KIO AVE 10","residential":"Y","year_completed":1978,"building_age_2026":48,"max_floor_lvl":13,"total_dwelling_units":167,"small_flat_share_pct":85.03,"rental_share_pct":0.0,"footprint_area_m2":1318.9,"estimated_residents_2026":371.8,"estimated_elderly_65plus_2026":117.7,"estimated_elderly_share_pct":31.64,"elderly_exposure_score":92.8,"elderly_exposure_class":"VERY HIGH","estimate_confidence":"HIGH","display_name":"Block 473"},"geometry":{"type":"Polygon","coordinates":[[[103.856416,1.363101],[103.856414,1.363058],[103.856402,1.363059],[103.856402,1.362999],[103.856616,1.362993],[103.856617,1.362979],[103.856676,1.362978],[103.856677,1.362997],[103.857293,1.362993],[103.857294,1.363054],[103.85728,1.363054],[103.857279,1.363097],[103.857267,1.363097],[103.857268,1.363117],[103.857176,1.36312],[103.857175,1.363099],[103.857152,1.363099],[103.857152,1.36312],[103.857061,1.363121],[103.857061,1.363098],[103.857009,1.363099],[103.85701,1.363119],[103.856918,1.363121],[103.856918,1.3631],[103.856894,1.363101],[103.856893,1.36312],[103.856802,1.36312],[103.856801,1.363099],[103.856778,1.3631],[103.856777,1.363121],[103.856684,1.363122],[103.856685,1.3631],[103.856635,1.3631],[103.856635,1.363121],[103.856542,1.363122],[103.856542,1.363099],[103.856519,1.3631],[103.85652,1.363121],[103.856429,1.363122],[103.856429,1.363101],[103.856416,1.363101]]]}},{"type":"Feature","properties":{"block_id":"8726","blk_no":"474","postal_code":"560474","region_id":"NER","region":"NORTH-EAST REGION","planning_area_id":"AM","planning_area":"ANG MO KIO","subzone_id":"AMSZ03","subzone":"CHONG BOON","lon":103.858,"lat":1.3628,"property_match":"MATCHED","property_match_confidence":"HIGH","street":"ANG MO KIO AVE 10","residential":"Y","year_completed":1979,"building_age_2026":47,"max_floor_lvl":13,"total_dwelling_units":163,"small_flat_share_pct":82.21,"rental_share_pct":0.0,"footprint_area_m2":1300.8,"estimated_residents_2026":366.8,"estimated_elderly_65plus_2026":115.2,"estimated_elderly_share_pct":31.4,"elderly_exposure_score":92.3,"elderly_exposure_class":"VERY HIGH","estimate_confidence":"HIGH","display_name":"Block 474"},"geometry":{"type":"Polygon","coordinates":[[[103.857647,1.362964],[103.857639,1.362943],[103.857626,1.362949],[103.85761,1.362907],[103.857598,1.362912],[103.857579,1.362857],[103.857779,1.362782],[103.857773,1.362765],[103.857829,1.362745],[103.857835,1.362762],[103.858415,1.362547],[103.858436,1.362602],[103.858424,1.362606],[103.858438,1.362645],[103.858426,1.362649],[103.858436,1.362673],[103.85835,1.362706],[103.85834,1.362682],[103.858319,1.36269],[103.858327,1.362712],[103.85824,1.362745],[103.858232,1.362721],[103.858183,1.36274],[103.858192,1.362763],[103.858104,1.362796],[103.858096,1.362774],[103.858077,1.36278],[103.858085,1.362804],[103.857998,1.362835],[103.857989,1.362812],[103.857967,1.36282],[103.857975,1.362844],[103.857891,1.362874],[103.857883,1.362853],[103.857833,1.362871],[103.857842,1.362894],[103.857757,1.362925],[103.857748,1.362902],[103.857725,1.36291],[103.857733,1.362934],[103.857647,1.362964]]]}},{"type":"Feature","properties":{"block_id":"8697","blk_no":"475","postal_code":"560475","region_id":"NER","region":"NORTH-EAST REGION","planning_area_id":"AM","planning_area":"ANG MO KIO","subzone_id":"AMSZ03","subzone":"CHONG BOON","lon":103.8565,"lat":1.3626,"property_match":"MATCHED","property_match_confidence":"HIGH","street":"ANG MO KIO AVE 10","residential":"Y","year_completed":1978,"building_age_2026":48,"max_floor_lvl":13,"total_dwelling_units":166,"small_flat_share_pct":84.34,"rental_share_pct":1.81,"footprint_area_m2":1306.5,"estimated_residents_2026":370.6,"estimated_elderly_65plus_2026":117.0,"estimated_elderly_share_pct":31.58,"elderly_exposure_score":92.6,"elderly_exposure_class":"VERY HIGH","estimate_confidence":"HIGH","display_name":"Block 475"},"geometry":{"type":"Polygon","coordinates":[[[103.856087,1.362706],[103.856087,1.362666],[103.856072,1.362666],[103.856073,1.362606],[103.856288,1.362605],[103.856288,1.362585],[103.856347,1.362585],[103.856347,1.362603],[103.856964,1.362603],[103.856965,1.362662],[103.856952,1.362663],[103.856952,1.362702],[103.856938,1.362704],[103.856938,1.362726],[103.856846,1.362728],[103.856845,1.362704],[103.856822,1.362704],[103.856823,1.36273],[103.856732,1.362729],[103.856732,1.362704],[103.856681,1.362705],[103.85668,1.362729],[103.856588,1.362729],[103.856588,1.362705],[103.856565,1.362706],[103.856566,1.36273],[103.856474,1.362731],[103.856473,1.362705],[103.856449,1.362706],[103.85645,1.36273],[103.856359,1.362731],[103.856358,1.362705],[103.856306,1.362707],[103.856305,1.362731],[103.856214,1.362731],[103.856214,1.362707],[103.85619,1.362706],[103.85619,1.362732],[103.8561,1.362732],[103.8561,1.362707],[103.856087,1.362706]]]}},{"type":"Feature","properties":{"block_id":"4175","blk_no":"476","postal_code":"560476","region_id":"NER","region":"NORTH-EAST REGION","planning_area_id":"AM","planning_area":"ANG MO KIO","subzone_id":"AMSZ03","subzone":"CHONG BOON","lon":103.8579,"lat":1.3624,"property_match":"MATCHED","property_match_confidence":"HIGH","street":"ANG MO KIO AVE 10","residential":"Y","year_completed":1979,"building_age_2026":47,"max_floor_lvl":13,"total_dwelling_units":166,"small_flat_share_pct":84.34,"rental_share_pct":0.0,"footprint_area_m2":1296.1,"estimated_residents_2026":370.6,"estimated_elderly_65plus_2026":117.0,"estimated_elderly_share_pct":31.58,"elderly_exposure_score":92.6,"elderly_exposure_class":"VERY HIGH","estimate_confidence":"HIGH","display_name":"Block 476"},"geometry":{"type":"Polygon","coordinates":[[[103.85751,1.362596],[103.857503,1.362573],[103.85749,1.362578],[103.857476,1.36254],[103.857466,1.362543],[103.857446,1.362487],[103.857645,1.362412],[103.857639,1.362395],[103.857694,1.362376],[103.857701,1.362393],[103.858282,1.362177],[103.858303,1.362234],[103.858289,1.362238],[103.858303,1.362275],[103.858291,1.36228],[103.858299,1.362304],[103.858214,1.362337],[103.858204,1.362311],[103.858181,1.36232],[103.85819,1.362343],[103.858106,1.362375],[103.858096,1.362353],[103.858048,1.36237],[103.858056,1.362393],[103.857969,1.362426],[103.85796,1.362404],[103.857939,1.362411],[103.857946,1.362434],[103.857861,1.362467],[103.857853,1.362443],[103.857831,1.362452],[103.857838,1.362474],[103.857755,1.362505],[103.857745,1.362483],[103.857696,1.362503],[103.857704,1.362525],[103.857619,1.362557],[103.85761,1.362534],[103.857588,1.362542],[103.857597,1.362565],[103.85751,1.362596]]]}},{"type":"Feature","properties":{"block_id":"9659","blk_no":"101","postal_code":"560101","region_id":"NER","region":"NORTH-EAST REGION","planning_area_id":"AM","planning_area":"ANG MO KIO","subzone_id":"AMSZ06","subzone":"KEBUN BAHRU","lon":103.8394,"lat":1.3702,"property_match":"MATCHED","property_match_confidence":"HIGH","street":"ANG MO KIO AVE 3","residential":"Y","year_completed":1977,"building_age_2026":49,"max_floor_lvl":12,"total_dwelling_units":88,"small_flat_share_pct":0.0,"rental_share_pct":0.0,"footprint_area_m2":1243.8,"estimated_residents_2026":288.6,"estimated_elderly_65plus_2026":74.6,"estimated_elderly_share_pct":25.85,"elderly_exposure_score":70.2,"elderly_exposure_class":"HIGH","estimate_confidence":"HIGH","display_name":"Block 101"},"geometry":{"type":"Polygon","coordinates":[[[103.839793,1.370196],[103.839841,1.370202],[103.839835,1.370253],[103.839912,1.37027],[103.839901,1.370365],[103.839827,1.370358],[103.839825,1.370368],[103.839748,1.370359],[103.839749,1.370348],[103.839607,1.370332],[103.839606,1.370344],[103.839529,1.370335],[103.83953,1.370324],[103.839387,1.370308],[103.839386,1.37032],[103.839309,1.370311],[103.83931,1.370299],[103.839168,1.370283],[103.839167,1.370295],[103.839089,1.370286],[103.839091,1.370275],[103.839018,1.370267],[103.839028,1.370172],[103.839129,1.370174],[103.839135,1.370123],[103.839182,1.370129],[103.839177,1.370179],[103.839194,1.370181],[103.839193,1.37019],[103.839348,1.370199],[103.839354,1.370147],[103.839378,1.37015],[103.839371,1.370202],[103.839414,1.370206],[103.839413,1.370214],[103.839567,1.370223],[103.839573,1.370171],[103.839621,1.370178],[103.839616,1.370228],[103.839633,1.37023],[103.839633,1.370239],[103.839745,1.370251],[103.839746,1.370243],[103.839787,1.370248],[103.839793,1.370196]]]}},{"type":"Feature","properties":{"block_id":"9654","blk_no":"102","postal_code":"560102","region_id":"NER","region":"NORTH-EAST REGION","planning_area_id":"AM","planning_area":"ANG MO KIO","subzone_id":"AMSZ06","subzone":"KEBUN BAHRU","lon":103.8395,"lat":1.3707,"property_match":"MATCHED","property_match_confidence":"HIGH","street":"ANG MO KIO AVE 3","residential":"Y","year_completed":1977,"building_age_2026":49,"max_floor_lvl":12,"total_dwelling_units":88,"small_flat_share_pct":0.0,"rental_share_pct":0.0,"footprint_area_m2":1276.0,"estimated_residents_2026":254.9,"estimated_elderly_65plus_2026":70.9,"estimated_elderly_share_pct":27.81,"elderly_exposure_score":66.1,"elderly_exposure_class":"HIGH","estimate_confidence":"HIGH","display_name":"Block 102"},"geometry":{"type":"Polygon","coordinates":[[[103.839729,1.370734],[103.839724,1.370779],[103.83969,1.370775],[103.839699,1.37074],[103.839635,1.370792],[103.839614,1.370766],[103.839666,1.370725],[103.839434,1.3707],[103.839431,1.37073],[103.839367,1.370723],[103.839378,1.370693],[103.839367,1.370692],[103.839361,1.370742],[103.83933,1.370738],[103.839335,1.370688],[103.839147,1.370668],[103.839189,1.370722],[103.839164,1.370742],[103.839111,1.370675],[103.839107,1.370711],[103.839073,1.370707],[103.839083,1.370662],[103.839003,1.370654],[103.839008,1.370602],[103.83898,1.370599],[103.838985,1.370558],[103.839008,1.37056],[103.83901,1.370541],[103.839318,1.370575],[103.839398,1.370584],[103.839396,1.370603],[103.839437,1.370607],[103.839439,1.370588],[103.839826,1.370631],[103.839824,1.37065],[103.839847,1.370653],[103.839843,1.370693],[103.839815,1.370691],[103.83981,1.370743],[103.839729,1.370734]]]}},{"type":"Feature","properties":{"block_id":"9653","blk_no":"103","postal_code":"560103","region_id":"NER","region":"NORTH-EAST REGION","planning_area_id":"AM","planning_area":"ANG MO KIO","subzone_id":"AMSZ06","subzone":"KEBUN BAHRU","lon":103.8393,"lat":1.371,"property_match":"MATCHED","property_match_confidence":"HIGH","street":"ANG MO KIO AVE 3","residential":"Y","year_completed":1977,"building_age_2026":49,"max_floor_lvl":12,"total_dwelling_units":131,"small_flat_share_pct":74.05,"rental_share_pct":0.0,"footprint_area_m2":1318.3,"estimated_residents_2026":300.2,"estimated_elderly_65plus_2026":90.2,"estimated_elderly_share_pct":30.06,"elderly_exposure_score":82.7,"elderly_exposure_class":"VERY HIGH","estimate_confidence":"HIGH","display_name":"Block 103"},"geometry":{"type":"Polygon","coordinates":[[[103.839032,1.371057],[103.838932,1.371042],[103.83894,1.370978],[103.838953,1.370979],[103.838958,1.370937],[103.838971,1.370938],[103.838975,1.370886],[103.839002,1.370894],[103.839,1.370914],[103.839032,1.370918],[103.839034,1.370897],[103.839063,1.370896],[103.839056,1.370944],[103.839071,1.370942],[103.839075,1.370908],[103.839095,1.370911],[103.839096,1.370949],[103.839106,1.37095],[103.839109,1.370901],[103.839136,1.370909],[103.839134,1.370929],[103.839166,1.370933],[103.839168,1.370912],[103.839197,1.370911],[103.839188,1.370958],[103.839214,1.370961],[103.839216,1.370913],[103.839244,1.37092],[103.839241,1.370941],[103.839273,1.370945],[103.839276,1.370924],[103.839304,1.370923],[103.839296,1.37097],[103.839321,1.370973],[103.839323,1.370925],[103.839351,1.370932],[103.839348,1.370953],[103.83938,1.370957],[103.839382,1.370936],[103.839411,1.370935],[103.839407,1.370983],[103.839419,1.370985],[103.839423,1.370946],[103.839443,1.370948],[103.839439,1.370987],[103.839451,1.370989],[103.839457,1.37094],[103.839484,1.370947],[103.839482,1.370968],[103.839514,1.370972],[103.839516,1.37095],[103.839544,1.370949],[103.839537,1.370974],[103.839566,1.370977],[103.839565,1.370951],[103.839581,1.370952],[103.839592,1.370958],[103.83959,1.37098],[103.839622,1.370983],[103.839624,1.370963],[103.839652,1.370961],[103.839647,1.37101],[103.839659,1.371011],[103.839655,1.371055],[103.839667,1.371057],[103.839659,1.371123],[103.839481,1.371107],[103.839479,1.371132],[103.839399,1.371123],[103.839402,1.371098],[103.83908,1.371063],[103.839077,1.371093],[103.839029,1.371087],[103.839032,1.371057]]]}},{"type":"Feature","properties":{"block_id":"9716","blk_no":"104A","postal_code":"560104","region_id":"NER","region":"NORTH-EAST REGION","planning_area_id":"AM","planning_area":"ANG MO KIO","subzone_id":"AMSZ06","subzone":"KEBUN BAHRU","lon":103.8392,"lat":1.3716,"property_match":"MATCHED","property_match_confidence":"HIGH","street":"ANG MO KIO ST 11","residential":"Y","year_completed":1994,"building_age_2026":32,"max_floor_lvl":12,"total_dwelling_units":60,"small_flat_share_pct":0.0,"rental_share_pct":0.0,"footprint_area_m2":1683.9,"estimated_residents_2026":201.9,"estimated_elderly_65plus_2026":51.4,"estimated_elderly_share_pct":25.47,"elderly_exposure_score":43.3,"elderly_exposure_class":"MODERATE","estimate_confidence":"HIGH","display_name":"Block 104A"},"geometry":{"type":"Polygon","coordinates":[[[103.838636,1.371844],[103.839136,1.371602],[103.839164,1.37135],[103.838994,1.371331],[103.838992,1.371259],[103.839001,1.371265],[103.839006,1.371223],[103.839104,1.371234],[103.839103,1.371245],[103.839162,1.371251],[103.839163,1.37124],[103.839281,1.371253],[103.839275,1.37131],[103.839267,1.371309],[103.839271,1.371344],[103.839234,1.37134],[103.839231,1.371363],[103.839351,1.371368],[103.839346,1.371408],[103.839362,1.371409],[103.839359,1.371444],[103.839342,1.371442],[103.839338,1.371482],[103.839307,1.371478],[103.839309,1.371465],[103.839221,1.371455],[103.839218,1.371478],[103.839246,1.371481],[103.839244,1.371499],[103.839258,1.371501],[103.839238,1.371682],[103.839111,1.371743],[103.839103,1.371727],[103.839083,1.371737],[103.83909,1.371753],[103.838738,1.371923],[103.838731,1.371906],[103.83871,1.371916],[103.838718,1.371933],[103.838661,1.371962],[103.838617,1.371871],[103.838643,1.371859],[103.838636,1.371844]]]}},{"type":"Feature","properties":{"block_id":"9714","blk_no":"104B","postal_code":"561104","region_id":"NER","region":"NORTH-EAST REGION","planning_area_id":"AM","planning_area":"ANG MO KIO","subzone_id":"AMSZ06","subzone":"KEBUN BAHRU","lon":103.8386,"lat":1.3715,"property_match":"MATCHED","property_match_confidence":"HIGH","street":"ANG MO KIO ST 11","residential":"Y","year_completed":1994,"building_age_2026":32,"max_floor_lvl":12,"total_dwelling_units":88,"small_flat_share_pct":0.0,"rental_share_pct":0.0,"footprint_area_m2":1345.4,"estimated_residents_2026":296.1,"estimated_elderly_65plus_2026":75.4,"estimated_elderly_share_pct":25.47,"elderly_exposure_score":71.1,"elderly_exposure_class":"HIGH","estimate_confidence":"HIGH","display_name":"Block 104B"},"geometry":{"type":"Polygon","coordinates":[[[103.838823,1.371383],[103.838843,1.371348],[103.83886,1.371351],[103.838859,1.371361],[103.838918,1.371367],[103.838907,1.371474],[103.838864,1.371466],[103.838861,1.371496],[103.838904,1.371498],[103.838893,1.3716],[103.838883,1.371608],[103.838646,1.371582],[103.838653,1.371545],[103.838619,1.371541],[103.838617,1.371579],[103.838297,1.371543],[103.838303,1.371505],[103.838265,1.371501],[103.838263,1.37154],[103.838099,1.371521],[103.838082,1.371671],[103.837989,1.37166],[103.838,1.371556],[103.838037,1.371562],[103.838042,1.371523],[103.838004,1.371521],[103.838015,1.371417],[103.838793,1.371503],[103.838803,1.371409],[103.83882,1.371411],[103.838823,1.371383]]]}},{"type":"Feature","properties":{"block_id":"9715","blk_no":"104C","postal_code":"562104","region_id":"NER","region":"NORTH-EAST REGION","planning_area_id":"AM","planning_area":"ANG MO KIO","subzone_id":"AMSZ06","subzone":"KEBUN BAHRU","lon":103.8383,"lat":1.3719,"property_match":"MATCHED","property_match_confidence":"HIGH","street":"ANG MO KIO ST 11","residential":"N","year_completed":1994,"building_age_2026":32,"max_floor_lvl":5,"total_dwelling_units":0,"small_flat_share_pct":null,"rental_share_pct":null,"footprint_area_m2":1623.3,"estimated_residents_2026":0.0,"estimated_elderly_65plus_2026":0.0,"estimated_elderly_share_pct":null,"elderly_exposure_score":null,"elderly_exposure_class":null,"estimate_confidence":"HIGH","display_name":"Block 104C"},"geometry":{"type":"Polygon","coordinates":[[[103.838061,1.371875],[103.838514,1.371728],[103.838599,1.371991],[103.838146,1.372139],[103.838061,1.371875]]]}},{"type":"Feature","properties":{"block_id":"9706","blk_no":"105","postal_code":"560105","region_id":"NER","region":"NORTH-EAST REGION","planning_area_id":"AM","planning_area":"ANG MO KIO","subzone_id":"AMSZ06","subzone":"KEBUN BAHRU","lon":103.8376,"lat":1.3723,"property_match":"MATCHED","property_match_confidence":"HIGH","street":"ANG MO KIO AVE 4","residential":"Y","year_completed":1977,"building_age_2026":49,"max_floor_lvl":10,"total_dwelling_units":90,"small_flat_share_pct":0.0,"rental_share_pct":0.0,"footprint_area_m2":1366.3,"estimated_residents_2026":246.7,"estimated_elderly_65plus_2026":71.0,"estimated_elderly_share_pct":28.76,"elderly_exposure_score":66.2,"elderly_exposure_class":"HIGH","estimate_confidence":"HIGH","display_name":"Block 105"},"geometry":{"type":"Polygon","coordinates":[[[103.837198,1.372394],[103.837235,1.372381],[103.837229,1.372359],[103.837309,1.372331],[103.837318,1.372356],[103.837329,1.372352],[103.837318,1.372318],[103.837342,1.37231],[103.837353,1.372344],[103.837391,1.372331],[103.837382,1.372306],[103.837462,1.372279],[103.83747,1.372302],[103.837542,1.372277],[103.837535,1.372254],[103.837616,1.372226],[103.837623,1.372248],[103.837659,1.372235],[103.83765,1.372206],[103.837674,1.372198],[103.837684,1.372227],[103.837695,1.372223],[103.837688,1.372202],[103.837768,1.372173],[103.837777,1.372195],[103.837848,1.372171],[103.837841,1.372149],[103.837921,1.372122],[103.837929,1.372143],[103.837967,1.37213],[103.838003,1.37224],[103.837941,1.372261],[103.837953,1.372299],[103.837924,1.372309],[103.837911,1.372272],[103.837806,1.372307],[103.837815,1.372334],[103.83777,1.372351],[103.837762,1.372323],[103.837653,1.37236],[103.837662,1.372386],[103.837617,1.372403],[103.837608,1.372376],[103.837481,1.372419],[103.837494,1.372457],[103.837464,1.372467],[103.837451,1.372429],[103.837324,1.372473],[103.837334,1.3725],[103.837311,1.372508],[103.837302,1.37248],[103.837236,1.372503],[103.837198,1.372394]]]}},{"type":"Feature","properties":{"block_id":"9707","blk_no":"106","postal_code":"560106","region_id":"NER","region":"NORTH-EAST REGION","planning_area_id":"AM","planning_area":"ANG MO KIO","subzone_id":"AMSZ06","subzone":"KEBUN BAHRU","lon":103.8374,"lat":1.3719,"property_match":"MATCHED","property_match_confidence":"HIGH","street":"ANG MO KIO AVE 4","residential":"Y","year_completed":1977,"building_age_2026":49,"max_floor_lvl":11,"total_dwelling_units":138,"small_flat_share_pct":84.06,"rental_share_pct":0.72,"footprint_area_m2":1484.5,"estimated_residents_2026":308.3,"estimated_elderly_65plus_2026":93.3,"estimated_elderly_share_pct":30.25,"elderly_exposure_score":84.4,"elderly_exposure_class":"VERY HIGH","estimate_confidence":"HIGH","display_name":"Block 106"},"geometry":{"type":"Polygon","coordinates":[[[103.837871,1.371847],[103.837889,1.371893],[103.837861,1.371898],[103.837854,1.371878],[103.837823,1.371888],[103.83783,1.371908],[103.837805,1.371922],[103.83779,1.371873],[103.837769,1.37188],[103.837787,1.371928],[103.837759,1.371933],[103.837752,1.371913],[103.837722,1.371924],[103.837728,1.371943],[103.837703,1.371956],[103.8377,1.371947],[103.83768,1.371953],[103.837666,1.371917],[103.83764,1.371926],[103.837659,1.371971],[103.837631,1.371976],[103.837624,1.371956],[103.837594,1.371967],[103.8376,1.371987],[103.837575,1.372],[103.83756,1.371953],[103.837539,1.37196],[103.837557,1.372007],[103.837529,1.372012],[103.837522,1.371992],[103.837492,1.372002],[103.837499,1.372021],[103.837473,1.372035],[103.837459,1.371987],[103.837438,1.371994],[103.837455,1.372041],[103.837427,1.372046],[103.83742,1.372026],[103.83739,1.372036],[103.837397,1.372057],[103.837371,1.37207],[103.837358,1.372022],[103.837332,1.372031],[103.837345,1.372068],[103.837325,1.372075],[103.837328,1.372085],[103.8373,1.37209],[103.837293,1.37207],[103.837263,1.37208],[103.837269,1.3721],[103.837244,1.372114],[103.837231,1.372066],[103.83721,1.372073],[103.837226,1.37212],[103.837198,1.372125],[103.837191,1.372104],[103.83716,1.372115],[103.837167,1.372135],[103.837142,1.372148],[103.837127,1.372102],[103.837115,1.372106],[103.837101,1.372064],[103.837088,1.372068],[103.837066,1.372005],[103.837286,1.371925],[103.837275,1.371896],[103.837298,1.371888],[103.837313,1.371919],[103.837615,1.371813],[103.837607,1.371784],[103.83763,1.371775],[103.83764,1.371805],[103.837862,1.371733],[103.837883,1.371796],[103.83787,1.371801],[103.837885,1.371843],[103.837871,1.371847]]]}},{"type":"Feature","properties":{"block_id":"9713","blk_no":"107","postal_code":"560107","region_id":"NER","region":"NORTH-EAST REGION","planning_area_id":"AM","planning_area":"ANG MO KIO","subzone_id":"AMSZ06","subzone":"KEBUN BAHRU","lon":103.8374,"lat":1.3714,"property_match":"MATCHED","property_match_confidence":"HIGH","street":"ANG MO KIO AVE 4","residential":"Y","year_completed":1977,"building_age_2026":49,"max_floor_lvl":11,"total_dwelling_units":131,"small_flat_share_pct":84.73,"rental_share_pct":0.0,"footprint_area_m2":1579.4,"estimated_residents_2026":292.2,"estimated_elderly_65plus_2026":88.4,"estimated_elderly_share_pct":30.26,"elderly_exposure_score":81.7,"elderly_exposure_class":"VERY HIGH","estimate_confidence":"HIGH","display_name":"Block 107"},"geometry":{"type":"Polygon","coordinates":[[[103.837198,1.371241],[103.837221,1.371248],[103.837217,1.371292],[103.837541,1.371327],[103.837544,1.371297],[103.83756,1.371293],[103.837569,1.371294],[103.837565,1.37133],[103.837796,1.371359],[103.837793,1.371381],[103.837847,1.371387],[103.837842,1.37144],[103.837788,1.371434],[103.837781,1.371494],[103.837751,1.37149],[103.837753,1.371516],[103.837727,1.371508],[103.837729,1.371488],[103.837697,1.371484],[103.837695,1.371505],[103.837681,1.371508],[103.837665,1.371506],[103.837673,1.371482],[103.837644,1.371478],[103.837645,1.371504],[103.837629,1.371502],[103.83762,1.371496],[103.837622,1.371476],[103.837589,1.371472],[103.837587,1.371493],[103.837558,1.371494],[103.837565,1.37147],[103.837511,1.371464],[103.837512,1.371489],[103.837485,1.371482],[103.837487,1.371461],[103.837455,1.371458],[103.837453,1.371478],[103.837424,1.37148],[103.837431,1.371455],[103.837403,1.371452],[103.837405,1.371477],[103.837389,1.371476],[103.837377,1.37147],[103.837379,1.371449],[103.837348,1.371446],[103.837346,1.371466],[103.837333,1.37147],[103.837317,1.371468],[103.837324,1.371443],[103.837296,1.37144],[103.837298,1.371465],[103.837282,1.371464],[103.83727,1.371458],[103.837272,1.371438],[103.83724,1.371434],[103.837238,1.371455],[103.837226,1.371458],[103.837209,1.371456],[103.837217,1.371432],[103.837162,1.371426],[103.837164,1.371451],[103.837136,1.371443],[103.837138,1.371423],[103.837107,1.37142],[103.837104,1.37144],[103.837076,1.371441],[103.837083,1.371417],[103.837056,1.371414],[103.837058,1.371439],[103.83703,1.371432],[103.837033,1.371411],[103.836999,1.371408],[103.836997,1.371428],[103.836969,1.37143],[103.836976,1.371405],[103.836946,1.371402],[103.836962,1.371267],[103.837192,1.371293],[103.837198,1.371241]]]}},{"type":"Feature","properties":{"block_id":"3216","blk_no":"108","postal_code":"560108","region_id":"NER","region":"NORTH-EAST REGION","planning_area_id":"AM","planning_area":"ANG MO KIO","subzone_id":"AMSZ06","subzone":"KEBUN BAHRU","lon":103.8382,"lat":1.371,"property_match":"MATCHED","property_match_confidence":"HIGH","street":"ANG MO KIO AVE 4","residential":"Y","year_completed":1978,"building_age_2026":48,"max_floor_lvl":12,"total_dwelling_units":121,"small_flat_share_pct":72.73,"rental_share_pct":0.83,"footprint_area_m2":1173.3,"estimated_residents_2026":278.9,"estimated_elderly_65plus_2026":83.6,"estimated_elderly_share_pct":29.99,"elderly_exposure_score":78.2,"elderly_exposure_class":"HIGH","estimate_confidence":"HIGH","display_name":"Block 108"},"geometry":{"type":"Polygon","coordinates":[[[103.837858,1.370932],[103.837866,1.370858],[103.838081,1.370881],[103.838079,1.370896],[103.838106,1.370898],[103.838105,1.370909],[103.838116,1.370911],[103.838119,1.370884],[103.8382,1.370893],[103.838197,1.370918],[103.838224,1.370921],[103.838227,1.370895],[103.838311,1.370904],[103.838308,1.370931],[103.838332,1.370933],[103.838335,1.370909],[103.838419,1.370918],[103.838416,1.370943],[103.838465,1.370948],[103.838468,1.370922],[103.83855,1.370931],[103.838547,1.370956],[103.838562,1.370958],[103.838557,1.371007],[103.838568,1.371008],[103.838561,1.37107],[103.838118,1.371022],[103.838115,1.371052],[103.83806,1.371046],[103.838063,1.371015],[103.837836,1.37099],[103.837843,1.37093],[103.837858,1.370932]]]}},{"type":"Feature","properties":{"block_id":"844","blk_no":"109","postal_code":"560109","region_id":"NER","region":"NORTH-EAST REGION","planning_area_id":"AM","planning_area":"ANG MO KIO","subzone_id":"AMSZ06","subzone":"KEBUN BAHRU","lon":103.8376,"lat":1.3701,"property_match":"MATCHED","property_match_confidence":"HIGH","street":"ANG MO KIO AVE 4","residential":"Y","year_completed":1978,"building_age_2026":48,"max_floor_lvl":12,"total_dwelling_units":154,"small_flat_share_pct":78.57,"rental_share_pct":0.65,"footprint_area_m2":1340.0,"estimated_residents_2026":347.9,"estimated_elderly_65plus_2026":105.1,"estimated_elderly_share_pct":30.2,"elderly_exposure_score":89.7,"elderly_exposure_class":"VERY HIGH","estimate_confidence":"HIGH","display_name":"Block 109"},"geometry":{"type":"Polygon","coordinates":[[[103.838105,1.370158],[103.838089,1.37016],[103.838085,1.370203],[103.838072,1.370201],[103.838069,1.37023],[103.837985,1.370221],[103.837988,1.370193],[103.837965,1.370191],[103.837962,1.370218],[103.837876,1.370209],[103.837879,1.370181],[103.837831,1.370176],[103.837828,1.370203],[103.837744,1.370194],[103.837747,1.370167],[103.837724,1.370164],[103.837721,1.370192],[103.837635,1.370182],[103.837638,1.370155],[103.837616,1.370152],[103.837613,1.37018],[103.837529,1.37017],[103.837532,1.370144],[103.837485,1.370136],[103.837447,1.370108],[103.837432,1.370129],[103.837365,1.37008],[103.837381,1.370058],[103.837358,1.370042],[103.837341,1.370065],[103.837276,1.370017],[103.837293,1.369993],[103.837283,1.369986],[103.837308,1.369952],[103.837298,1.369944],[103.837336,1.369892],[103.837527,1.370032],[103.83783,1.370067],[103.837833,1.37004],[103.837886,1.370046],[103.837883,1.370073],[103.83811,1.370098],[103.838105,1.370158]]]}},{"type":"Feature","properties":{"block_id":"7236","blk_no":"110","postal_code":"560110","region_id":"NER","region":"NORTH-EAST REGION","planning_area_id":"AM","planning_area":"ANG MO KIO","subzone_id":"AMSZ06","subzone":"KEBUN BAHRU","lon":103.8373,"lat":1.3704,"property_match":"MATCHED","property_match_confidence":"HIGH","street":"ANG MO KIO AVE 4","residential":"Y","year_completed":1977,"building_age_2026":49,"max_floor_lvl":12,"total_dwelling_units":152,"small_flat_share_pct":76.97,"rental_share_pct":0.0,"footprint_area_m2":1346.0,"estimated_residents_2026":346.1,"estimated_elderly_65plus_2026":104.2,"estimated_elderly_share_pct":30.1,"elderly_exposure_score":89.3,"elderly_exposure_class":"VERY HIGH","estimate_confidence":"HIGH","display_name":"Block 110"},"geometry":{"type":"Polygon","coordinates":[[[103.837236,1.370403],[103.837273,1.370413],[103.837276,1.370387],[103.837362,1.370396],[103.837359,1.370422],[103.837381,1.370425],[103.837384,1.370398],[103.837467,1.370407],[103.837464,1.370435],[103.837489,1.370438],[103.837492,1.370411],[103.837575,1.37042],[103.837572,1.370447],[103.83762,1.370453],[103.837623,1.370425],[103.837709,1.370434],[103.837706,1.370462],[103.837729,1.370464],[103.837732,1.370438],[103.837816,1.370447],[103.837819,1.37052],[103.837832,1.370521],[103.837825,1.370584],[103.837623,1.370562],[103.83762,1.370588],[103.837563,1.370582],[103.837565,1.370557],[103.837214,1.370517],[103.836997,1.370359],[103.837033,1.370309],[103.837042,1.370315],[103.837068,1.37028],[103.837079,1.370288],[103.837094,1.370266],[103.837161,1.370314],[103.837145,1.370336],[103.837165,1.37035],[103.837181,1.370327],[103.837253,1.370379],[103.837236,1.370403]]]}},{"type":"Feature","properties":{"block_id":"4128","blk_no":"111","postal_code":"560111","region_id":"NER","region":"NORTH-EAST REGION","planning_area_id":"AM","planning_area":"ANG MO KIO","subzone_id":"AMSZ06","subzone":"KEBUN BAHRU","lon":103.8373,"lat":1.3709,"property_match":"MATCHED","property_match_confidence":"HIGH","street":"ANG MO KIO AVE 4","residential":"Y","year_completed":1977,"building_age_2026":49,"max_floor_lvl":12,"total_dwelling_units":88,"small_flat_share_pct":0.0,"rental_share_pct":0.0,"footprint_area_m2":1032.6,"estimated_residents_2026":288.6,"estimated_elderly_65plus_2026":74.6,"estimated_elderly_share_pct":25.85,"elderly_exposure_score":70.2,"elderly_exposure_class":"HIGH","estimate_confidence":"HIGH","display_name":"Block 111"},"geometry":{"type":"Polygon","coordinates":[[[103.836937,1.370769],[103.836939,1.370759],[103.837013,1.370767],[103.837012,1.370776],[103.837139,1.37079],[103.83714,1.370781],[103.837237,1.370792],[103.837237,1.3708],[103.837675,1.370841],[103.837674,1.370849],[103.837742,1.370856],[103.837732,1.370947],[103.836852,1.37085],[103.836862,1.370761],[103.836937,1.370769]]]}},{"type":"Feature","properties":{"block_id":"1671","blk_no":"112","postal_code":"560112","region_id":"NER","region":"NORTH-EAST REGION","planning_area_id":"AM","planning_area":"ANG MO KIO","subzone_id":"AMSZ06","subzone":"KEBUN BAHRU","lon":103.8358,"lat":1.3713,"property_match":"MATCHED","property_match_confidence":"HIGH","street":"ANG MO KIO AVE 4","residential":"Y","year_completed":1977,"building_age_2026":49,"max_floor_lvl":12,"total_dwelling_units":153,"small_flat_share_pct":84.97,"rental_share_pct":0.0,"footprint_area_m2":1461.5,"estimated_residents_2026":340.2,"estimated_elderly_65plus_2026":103.1,"estimated_elderly_share_pct":30.31,"elderly_exposure_score":88.8,"elderly_exposure_class":"VERY HIGH","estimate_confidence":"HIGH","display_name":"Block 112"},"geometry":{"type":"Polygon","coordinates":[[[103.835713,1.371366],[103.83572,1.371313],[103.835697,1.371312],[103.835694,1.371364],[103.835666,1.371361],[103.835668,1.371336],[103.835637,1.371332],[103.835634,1.371358],[103.835606,1.371355],[103.835613,1.371302],[103.835564,1.371297],[103.83556,1.37135],[103.835532,1.371347],[103.835535,1.371322],[103.835503,1.371318],[103.8355,1.371343],[103.835472,1.37134],[103.835479,1.371287],[103.835456,1.371285],[103.835453,1.371338],[103.835425,1.371335],[103.835428,1.37131],[103.835396,1.371306],[103.835393,1.371332],[103.835364,1.371328],[103.835371,1.37128],[103.835358,1.371278],[103.835363,1.371234],[103.835349,1.371233],[103.835357,1.371167],[103.835588,1.371188],[103.835593,1.371142],[103.835617,1.371144],[103.835612,1.371191],[103.835937,1.371226],[103.83594,1.371195],[103.835964,1.371198],[103.835961,1.371228],[103.836191,1.371257],[103.836184,1.371323],[103.836173,1.371319],[103.836166,1.371366],[103.836154,1.371361],[103.83615,1.371414],[103.836122,1.371411],[103.836123,1.371386],[103.836091,1.371383],[103.836088,1.371408],[103.83606,1.371405],[103.836068,1.371353],[103.836057,1.371351],[103.836045,1.37135],[103.836041,1.371403],[103.836013,1.3714],[103.836016,1.371374],[103.835984,1.371371],[103.835982,1.371396],[103.835953,1.371393],[103.835961,1.37134],[103.835912,1.371335],[103.835909,1.371388],[103.83588,1.371385],[103.835883,1.371359],[103.835851,1.371356],[103.835848,1.371381],[103.83582,1.371378],[103.835827,1.371326],[103.835806,1.371323],[103.835801,1.371376],[103.835773,1.371373],[103.835776,1.371348],[103.835744,1.371344],[103.835741,1.371369],[103.835713,1.371366]]]}},{"type":"Feature","properties":{"block_id":"1672","blk_no":"113","postal_code":"560113","region_id":"NER","region":"NORTH-EAST REGION","planning_area_id":"AM","planning_area":"ANG MO KIO","subzone_id":"AMSZ06","subzone":"KEBUN BAHRU","lon":103.836,"lat":1.3718,"property_match":"MATCHED","property_match_confidence":"HIGH","street":"ANG MO KIO AVE 4","residential":"Y","year_completed":1977,"building_age_2026":49,"max_floor_lvl":12,"total_dwelling_units":88,"small_flat_share_pct":0.0,"rental_share_pct":0.0,"footprint_area_m2":1060.8,"estimated_residents_2026":241.2,"estimated_elderly_65plus_2026":69.4,"estimated_elderly_share_pct":28.76,"elderly_exposure_score":64.7,"elderly_exposure_class":"HIGH","estimate_confidence":"HIGH","display_name":"Block 113"},"geometry":{"type":"Polygon","coordinates":[[[103.83623,1.371759],[103.836243,1.371796],[103.836213,1.371806],[103.8362,1.371768],[103.836073,1.371812],[103.836082,1.37184],[103.83606,1.371848],[103.83605,1.371819],[103.83592,1.371864],[103.835929,1.371892],[103.835906,1.3719],[103.835897,1.371872],[103.83577,1.371916],[103.835783,1.371953],[103.835753,1.371963],[103.83574,1.371926],[103.835677,1.371947],[103.83564,1.371838],[103.835679,1.371828],[103.835671,1.371803],[103.835751,1.371776],[103.83576,1.3718],[103.835832,1.371774],[103.835824,1.371751],[103.835905,1.371723],[103.835913,1.371748],[103.835986,1.371725],[103.835978,1.3717],[103.836058,1.371671],[103.836066,1.371695],[103.836138,1.371668],[103.83613,1.371646],[103.836211,1.371619],[103.836219,1.371643],[103.836257,1.371627],[103.836293,1.371737],[103.83623,1.371759]]]}},{"type":"Feature","properties":{"block_id":"10652","blk_no":"114","postal_code":"560114","region_id":"NER","region":"NORTH-EAST REGION","planning_area_id":"AM","planning_area":"ANG MO KIO","subzone_id":"AMSZ06","subzone":"KEBUN BAHRU","lon":103.8362,"lat":1.3726,"property_match":"MATCHED","property_match_confidence":"HIGH","street":"ANG MO KIO AVE 4","residential":"Y","year_completed":1977,"building_age_2026":49,"max_floor_lvl":12,"total_dwelling_units":119,"small_flat_share_pct":82.35,"rental_share_pct":0.0,"footprint_area_m2":1366.6,"estimated_residents_2026":266.7,"estimated_elderly_65plus_2026":80.6,"estimated_elderly_share_pct":30.24,"elderly_exposure_score":75.9,"elderly_exposure_class":"HIGH","estimate_confidence":"HIGH","display_name":"Block 114"},"geometry":{"type":"Polygon","coordinates":[[[103.835797,1.37267],[103.835949,1.372614],[103.835939,1.372585],[103.835961,1.372578],[103.835971,1.372607],[103.836383,1.372466],[103.836373,1.372437],[103.836395,1.372429],[103.836405,1.372458],[103.836612,1.372401],[103.836645,1.372501],[103.836604,1.372514],[103.836575,1.372431],[103.836533,1.372445],[103.836548,1.37253],[103.836535,1.372535],[103.836552,1.372581],[103.836525,1.37259],[103.836517,1.372566],[103.836486,1.372577],[103.836494,1.3726],[103.836468,1.37261],[103.836453,1.37256],[103.836415,1.372572],[103.836406,1.372576],[103.836424,1.372625],[103.836397,1.372634],[103.83639,1.37261],[103.836359,1.37262],[103.836367,1.372644],[103.83634,1.372654],[103.836326,1.372603],[103.836304,1.372611],[103.836322,1.372659],[103.836295,1.372669],[103.836287,1.372645],[103.836256,1.372655],[103.836265,1.372679],[103.836238,1.372688],[103.836221,1.372637],[103.8362,1.372645],[103.83622,1.372694],[103.836193,1.372704],[103.836185,1.37268],[103.836154,1.37269],[103.836162,1.372714],[103.836136,1.372723],[103.836121,1.372673],[103.836111,1.372676],[103.836099,1.37268],[103.836118,1.372729],[103.836091,1.372739],[103.836083,1.372715],[103.836053,1.372725],[103.836061,1.372749],[103.836033,1.372758],[103.836019,1.372708],[103.835983,1.37272],[103.835971,1.372724],[103.83599,1.372773],[103.835964,1.372783],[103.835955,1.372759],[103.835925,1.372769],[103.835933,1.372793],[103.835906,1.372802],[103.835891,1.372751],[103.83588,1.372759],[103.835864,1.372714],[103.835855,1.372717],[103.835861,1.37274],[103.835825,1.372752],[103.835797,1.37267]]]}},{"type":"Feature","properties":{"block_id":"11052243","blk_no":"115","postal_code":"560115","region_id":"NER","region":"NORTH-EAST REGION","planning_area_id":"AM","planning_area":"ANG MO KIO","subzone_id":"AMSZ06","subzone":"KEBUN BAHRU","lon":103.8364,"lat":1.373,"property_match":"MATCHED","property_match_confidence":"HIGH","street":"ANG MO KIO AVE 4","residential":"Y","year_completed":1977,"building_age_2026":49,"max_floor_lvl":11,"total_dwelling_units":196,"small_flat_share_pct":100.0,"rental_share_pct":100.0,"footprint_area_m2":884.4,"estimated_residents_2026":362.7,"estimated_elderly_65plus_2026":114.9,"estimated_elderly_share_pct":31.68,"elderly_exposure_score":92.2,"elderly_exposure_class":"VERY HIGH","estimate_confidence":"HIGH","display_name":"Block 115"},"geometry":{"type":"Polygon","coordinates":[[[103.836358,1.373022],[103.836335,1.37303],[103.836342,1.373049],[103.836273,1.373073],[103.836267,1.373053],[103.836244,1.373063],[103.83625,1.373081],[103.836181,1.373105],[103.836174,1.373085],[103.836144,1.373099],[103.836124,1.373041],[103.836143,1.373035],[103.836129,1.372995],[103.836144,1.372993],[103.836137,1.372973],[103.836205,1.372949],[103.836212,1.372969],[103.836236,1.372961],[103.836229,1.372941],[103.836297,1.372918],[103.836304,1.372937],[103.836323,1.372931],[103.836321,1.37291],[103.836389,1.372886],[103.836396,1.372906],[103.836404,1.372903],[103.836401,1.372895],[103.836427,1.372886],[103.836416,1.372845],[103.836438,1.372837],[103.836455,1.372887],[103.836465,1.372884],[103.836459,1.372863],[103.836527,1.372839],[103.836535,1.372861],[103.836558,1.372853],[103.83655,1.372832],[103.836619,1.372808],[103.836627,1.372829],[103.836638,1.37282],[103.836651,1.372861],[103.836671,1.372854],[103.83669,1.372912],[103.836656,1.372919],[103.836663,1.37294],[103.836595,1.372963],[103.836588,1.372944],[103.836565,1.372952],[103.836572,1.372971],[103.836503,1.372994],[103.836496,1.372975],[103.836468,1.372994],[103.836427,1.372999],[103.836434,1.373018],[103.836365,1.373042],[103.836358,1.373022]]]}},{"type":"Feature","properties":{"block_id":"1069","blk_no":"116","postal_code":"560116","region_id":"NER","region":"NORTH-EAST REGION","planning_area_id":"AM","planning_area":"ANG MO KIO","subzone_id":"AMSZ06","subzone":"KEBUN BAHRU","lon":103.8365,"lat":1.3733,"property_match":"MATCHED","property_match_confidence":"HIGH","street":"ANG MO KIO AVE 4","residential":"Y","year_completed":1977,"building_age_2026":49,"max_floor_lvl":11,"total_dwelling_units":160,"small_flat_share_pct":100.0,"rental_share_pct":68.12,"footprint_area_m2":944.7,"estimated_residents_2026":296.1,"estimated_elderly_65plus_2026":93.8,"estimated_elderly_share_pct":31.68,"elderly_exposure_score":84.8,"elderly_exposure_class":"VERY HIGH","estimate_confidence":"HIGH","display_name":"Block 116"},"geometry":{"type":"Polygon","coordinates":[[[103.836147,1.373508],[103.836117,1.373422],[103.83614,1.373417],[103.836133,1.373397],[103.836579,1.373245],[103.836586,1.373265],[103.836624,1.373252],[103.836618,1.373232],[103.836758,1.373184],[103.836765,1.373204],[103.836786,1.373194],[103.836798,1.373233],[103.836773,1.373242],[103.836789,1.37329],[103.83666,1.373334],[103.83667,1.373363],[103.836616,1.373381],[103.836607,1.373352],[103.836404,1.373421],[103.836406,1.373428],[103.836147,1.373508]]]}},{"type":"Feature","properties":{"block_id":"1067","blk_no":"117","postal_code":"560117","region_id":"NER","region":"NORTH-EAST REGION","planning_area_id":"AM","planning_area":"ANG MO KIO","subzone_id":"AMSZ06","subzone":"KEBUN BAHRU","lon":103.8356,"lat":1.3737,"property_match":"MATCHED","property_match_confidence":"HIGH","street":"ANG MO KIO AVE 4","residential":"Y","year_completed":1977,"building_age_2026":49,"max_floor_lvl":12,"total_dwelling_units":153,"small_flat_share_pct":77.78,"rental_share_pct":0.0,"footprint_area_m2":1486.3,"estimated_residents_2026":347.0,"estimated_elderly_65plus_2026":104.6,"estimated_elderly_share_pct":30.15,"elderly_exposure_score":89.4,"elderly_exposure_class":"VERY HIGH","estimate_confidence":"HIGH","display_name":"Block 117"},"geometry":{"type":"Polygon","coordinates":[[[103.835751,1.37353],[103.835733,1.373482],[103.83576,1.373472],[103.83577,1.373497],[103.8358,1.373485],[103.83579,1.373462],[103.835817,1.373453],[103.835832,1.373502],[103.835853,1.373495],[103.835835,1.373446],[103.835862,1.373437],[103.835872,1.373462],[103.835902,1.37345],[103.835893,1.373427],[103.83592,1.373418],[103.835933,1.373465],[103.835946,1.37346],[103.83596,1.373503],[103.835972,1.373498],[103.835994,1.373561],[103.835778,1.373639],[103.835798,1.373667],[103.835778,1.37368],[103.83576,1.373649],[103.835549,1.373852],[103.835567,1.373871],[103.835527,1.373911],[103.835509,1.373892],[103.83534,1.37405],[103.835294,1.374001],[103.835306,1.373996],[103.835274,1.37396],[103.835283,1.373953],[103.835248,1.373916],[103.835268,1.373897],[103.835286,1.373915],[103.835309,1.373893],[103.835292,1.373874],[103.835312,1.373855],[103.835347,1.373893],[103.835363,1.373878],[103.835326,1.373841],[103.835346,1.373822],[103.835366,1.37384],[103.835388,1.373816],[103.835369,1.373799],[103.83539,1.37378],[103.835425,1.373819],[103.83546,1.373782],[103.835423,1.373748],[103.835442,1.373729],[103.83546,1.373745],[103.835484,1.373724],[103.835467,1.373706],[103.835487,1.373686],[103.835523,1.373725],[103.835539,1.373709],[103.835501,1.373673],[103.835522,1.373653],[103.835538,1.37367],[103.835562,1.373649],[103.835545,1.37363],[103.835565,1.373611],[103.8356,1.37365],[103.835616,1.373635],[103.835579,1.373598],[103.835599,1.373578],[103.835618,1.373596],[103.835641,1.373574],[103.835623,1.373555],[103.835643,1.373536],[103.835678,1.373575],[103.835708,1.373542],[103.835751,1.37353]]]}},{"type":"Feature","properties":{"block_id":"1068","blk_no":"118","postal_code":"560118","region_id":"NER","region":"NORTH-EAST REGION","planning_area_id":"AM","planning_area":"ANG MO KIO","subzone_id":"AMSZ06","subzone":"KEBUN BAHRU","lon":103.8354,"lat":1.3733,"property_match":"MATCHED","property_match_confidence":"HIGH","street":"ANG MO KIO AVE 4","residential":"Y","year_completed":1977,"building_age_2026":49,"max_floor_lvl":12,"total_dwelling_units":151,"small_flat_share_pct":76.16,"rental_share_pct":0.0,"footprint_area_m2":1493.7,"estimated_residents_2026":345.2,"estimated_elderly_65plus_2026":103.7,"estimated_elderly_share_pct":30.04,"elderly_exposure_score":89.0,"elderly_exposure_class":"VERY HIGH","estimate_confidence":"HIGH","display_name":"Block 118"},"geometry":{"type":"Polygon","coordinates":[[[103.83527,1.37353],[103.835308,1.373567],[103.835287,1.373587],[103.83527,1.373569],[103.835246,1.373591],[103.835264,1.37361],[103.835243,1.373629],[103.835208,1.37359],[103.835201,1.373602],[103.835168,1.373567],[103.835161,1.373579],[103.835115,1.373531],[103.83526,1.373387],[103.835242,1.373368],[103.835283,1.373329],[103.8353,1.373348],[103.835534,1.373122],[103.835513,1.3731],[103.835531,1.373084],[103.835551,1.373106],[103.83581,1.373017],[103.835832,1.37308],[103.835819,1.373084],[103.835834,1.373125],[103.835821,1.373131],[103.835838,1.373177],[103.835811,1.373186],[103.835803,1.373162],[103.835773,1.373172],[103.835781,1.373196],[103.835754,1.373206],[103.835739,1.373154],[103.835717,1.373161],[103.835736,1.373212],[103.835709,1.373221],[103.835701,1.373197],[103.835671,1.373207],[103.835679,1.373232],[103.835652,1.373241],[103.835637,1.373193],[103.835618,1.3732],[103.835612,1.373211],[103.83562,1.373235],[103.835638,1.373248],[103.835618,1.373268],[103.835601,1.37325],[103.835578,1.373272],[103.835595,1.373291],[103.835574,1.37331],[103.83554,1.37327],[103.835523,1.373286],[103.83556,1.373324],[103.83554,1.373344],[103.835522,1.373326],[103.8355,1.373347],[103.835517,1.373366],[103.835496,1.373386],[103.835462,1.373347],[103.835446,1.373363],[103.835483,1.373399],[103.835462,1.373418],[103.835444,1.3734],[103.835421,1.373422],[103.835439,1.373441],[103.835418,1.37346],[103.835384,1.37342],[103.835357,1.373446],[103.835347,1.373455],[103.835385,1.373492],[103.835365,1.373512],[103.835348,1.373493],[103.835324,1.373516],[103.835342,1.373535],[103.835321,1.373554],[103.835288,1.373516],[103.83527,1.37353]]]}},{"type":"Feature","properties":{"block_id":"8269","blk_no":"119","postal_code":"560119","region_id":"NER","region":"NORTH-EAST REGION","planning_area_id":"AM","planning_area":"ANG MO KIO","subzone_id":"AMSZ06","subzone":"KEBUN BAHRU","lon":103.8451,"lat":1.3698,"property_match":"MATCHED","property_match_confidence":"HIGH","street":"ANG MO KIO AVE 3","residential":"Y","year_completed":1977,"building_age_2026":49,"max_floor_lvl":11,"total_dwelling_units":196,"small_flat_share_pct":87.76,"rental_share_pct":0.51,"footprint_area_m2":2019.4,"estimated_residents_2026":434.2,"estimated_elderly_65plus_2026":131.6,"estimated_elderly_share_pct":30.3,"elderly_exposure_score":95.3,"elderly_exposure_class":"VERY HIGH","estimate_confidence":"HIGH","display_name":"Block 119"},"geometry":{"type":"Polygon","coordinates":[[[103.844234,1.36966],[103.844221,1.369665],[103.844215,1.369618],[103.844202,1.369623],[103.844195,1.369557],[103.844426,1.369525],[103.84442,1.369482],[103.844443,1.36948],[103.844448,1.369523],[103.844831,1.369476],[103.845173,1.369747],[103.845205,1.370036],[103.845139,1.370044],[103.845141,1.37003],[103.845094,1.370036],[103.845096,1.370022],[103.845068,1.370025],[103.845058,1.36994],[103.845085,1.369937],[103.845083,1.369913],[103.845055,1.369917],[103.845045,1.369832],[103.845072,1.369829],[103.845063,1.369802],[103.845052,1.369792],[103.845035,1.369814],[103.844968,1.369762],[103.844984,1.369741],[103.844974,1.369734],[103.844966,1.369727],[103.84495,1.369747],[103.844883,1.369695],[103.844899,1.369674],[103.844881,1.36966],[103.844866,1.36968],[103.844799,1.369627],[103.844815,1.369606],[103.844805,1.369598],[103.844775,1.369594],[103.844778,1.369622],[103.844698,1.369631],[103.844695,1.369604],[103.844666,1.369608],[103.844669,1.369635],[103.844585,1.369645],[103.844582,1.369618],[103.844559,1.369621],[103.844562,1.369648],[103.844478,1.369658],[103.844475,1.369631],[103.844425,1.369637],[103.844429,1.369664],[103.844344,1.369675],[103.844341,1.369647],[103.844318,1.36965],[103.844321,1.369677],[103.844237,1.369688],[103.844234,1.36966]]]}},{"type":"Feature","properties":{"block_id":"11056067","blk_no":"120","postal_code":"560120","region_id":"NER","region":"NORTH-EAST REGION","planning_area_id":"AM","planning_area":"ANG MO KIO","subzone_id":"AMSZ06","subzone":"KEBUN BAHRU","lon":103.8446,"lat":1.3701,"property_match":"MATCHED","property_match_confidence":"HIGH","street":"ANG MO KIO AVE 3","residential":"Y","year_completed":1978,"building_age_2026":48,"max_floor_lvl":11,"total_dwelling_units":118,"small_flat_share_pct":72.88,"rental_share_pct":0.0,"footprint_area_m2":1180.6,"estimated_residents_2026":271.9,"estimated_elderly_65plus_2026":81.5,"estimated_elderly_share_pct":29.99,"elderly_exposure_score":76.6,"elderly_exposure_class":"HIGH","estimate_confidence":"HIGH","display_name":"Block 120"},"geometry":{"type":"Polygon","coordinates":[[[103.844838,1.369945],[103.844923,1.369934],[103.844926,1.369962],[103.844938,1.369957],[103.844944,1.370004],[103.844956,1.369999],[103.844964,1.370065],[103.844764,1.370093],[103.844767,1.370118],[103.844711,1.370125],[103.844708,1.3701],[103.844383,1.370139],[103.844392,1.370178],[103.844368,1.370181],[103.844363,1.370142],[103.844239,1.370153],[103.844231,1.370087],[103.844245,1.370089],[103.844239,1.370042],[103.844253,1.370043],[103.844249,1.370016],[103.844334,1.370006],[103.844337,1.370032],[103.844376,1.370027],[103.844386,1.370026],[103.844383,1.37],[103.844468,1.36999],[103.844471,1.370017],[103.844494,1.370014],[103.84449,1.369987],[103.844575,1.369977],[103.844578,1.370004],[103.844601,1.370001],[103.844597,1.369974],[103.844682,1.369964],[103.844685,1.369991],[103.844697,1.36999],[103.844734,1.369985],[103.844731,1.369958],[103.844815,1.369947],[103.844818,1.369973],[103.844841,1.36997],[103.844838,1.369945]]]}},{"type":"Feature","properties":{"block_id":"12297","blk_no":"121","postal_code":"560121","region_id":"NER","region":"NORTH-EAST REGION","planning_area_id":"AM","planning_area":"ANG MO KIO","subzone_id":"AMSZ06","subzone":"KEBUN BAHRU","lon":103.8439,"lat":1.3699,"property_match":"MATCHED","property_match_confidence":"HIGH","street":"ANG MO KIO AVE 3","residential":"Y","year_completed":1978,"building_age_2026":48,"max_floor_lvl":11,"total_dwelling_units":217,"small_flat_share_pct":89.4,"rental_share_pct":0.0,"footprint_area_m2":2133.6,"estimated_residents_2026":477.6,"estimated_elderly_65plus_2026":145.1,"estimated_elderly_share_pct":30.37,"elderly_exposure_score":97.0,"elderly_exposure_class":"VERY HIGH","estimate_confidence":"HIGH","display_name":"Block 121"},"geometry":{"type":"Polygon","coordinates":[[[103.84321,1.369673],[103.8437,1.369614],[103.844044,1.369886],[103.844074,1.370172],[103.844008,1.370181],[103.84401,1.370168],[103.843967,1.370173],[103.843965,1.37016],[103.843938,1.370163],[103.843928,1.370078],[103.843955,1.370075],[103.843952,1.370051],[103.843925,1.370054],[103.843915,1.36997],[103.843942,1.369967],[103.843937,1.369955],[103.843996,1.369947],[103.843993,1.369918],[103.843966,1.369894],[103.843929,1.369941],[103.843922,1.369931],[103.843905,1.369952],[103.843838,1.3699],[103.843855,1.369878],[103.843837,1.369864],[103.84382,1.369885],[103.843753,1.369832],[103.84377,1.369811],[103.843752,1.369796],[103.843735,1.369818],[103.843668,1.369765],[103.843686,1.369743],[103.843673,1.369739],[103.84371,1.369691],[103.843687,1.369672],[103.84365,1.369675],[103.843658,1.369734],[103.843645,1.369732],[103.843648,1.369759],[103.843564,1.36977],[103.843561,1.369744],[103.843536,1.369747],[103.843539,1.369773],[103.843455,1.369783],[103.843452,1.369758],[103.843429,1.36976],[103.843432,1.369786],[103.843348,1.369795],[103.843345,1.36977],[103.843321,1.369773],[103.843324,1.369798],[103.843241,1.369809],[103.843237,1.369782],[103.843188,1.369787],[103.843191,1.369815],[103.843107,1.369825],[103.843104,1.369799],[103.843081,1.369802],[103.843084,1.369828],[103.843,1.369838],[103.842997,1.369812],[103.842984,1.369816],[103.842978,1.36977],[103.842966,1.369773],[103.842958,1.369708],[103.843188,1.369676],[103.843184,1.369645],[103.843207,1.369642],[103.84321,1.369673]]]}},{"type":"Feature","properties":{"block_id":"11056068","blk_no":"122","postal_code":"560122","region_id":"NER","region":"NORTH-EAST REGION","planning_area_id":"AM","planning_area":"ANG MO KIO","subzone_id":"AMSZ06","subzone":"KEBUN BAHRU","lon":103.8434,"lat":1.3702,"property_match":"MATCHED","property_match_confidence":"HIGH","street":"ANG MO KIO AVE 3","residential":"Y","year_completed":1978,"building_age_2026":48,"max_floor_lvl":11,"total_dwelling_units":131,"small_flat_share_pct":77.86,"rental_share_pct":0.76,"footprint_area_m2":1395.0,"estimated_residents_2026":297.1,"estimated_elderly_65plus_2026":89.6,"estimated_elderly_share_pct":30.14,"elderly_exposure_score":82.4,"elderly_exposure_class":"VERY HIGH","estimate_confidence":"HIGH","display_name":"Block 122"},"geometry":{"type":"Polygon","coordinates":[[[103.843261,1.370315],[103.843238,1.370318],[103.843233,1.370279],[103.843002,1.370304],[103.842994,1.370237],[103.843007,1.370237],[103.843002,1.370195],[103.843015,1.370192],[103.843012,1.370166],[103.843216,1.370142],[103.843219,1.370166],[103.843256,1.370163],[103.843253,1.370137],[103.843337,1.370127],[103.84334,1.370153],[103.843363,1.37015],[103.84336,1.370124],[103.843444,1.370114],[103.843447,1.370142],[103.84347,1.370139],[103.843466,1.370111],[103.843551,1.370101],[103.843554,1.370129],[103.843565,1.370128],[103.843561,1.3701],[103.843805,1.37007],[103.843834,1.370203],[103.843634,1.370227],[103.843637,1.370256],[103.843581,1.370263],[103.843578,1.370238],[103.843256,1.370276],[103.843261,1.370315]]]}},{"type":"Feature","properties":{"block_id":"11056069","blk_no":"123","postal_code":"560123","region_id":"NER","region":"NORTH-EAST REGION","planning_area_id":"AM","planning_area":"ANG MO KIO","subzone_id":"AMSZ06","subzone":"KEBUN BAHRU","lon":103.8448,"lat":1.3705,"property_match":"MATCHED","property_match_confidence":"HIGH","street":"ANG MO KIO AVE 6","residential":"Y","year_completed":1978,"building_age_2026":48,"max_floor_lvl":12,"total_dwelling_units":192,"small_flat_share_pct":100.0,"rental_share_pct":100.0,"footprint_area_m2":1029.1,"estimated_residents_2026":355.3,"estimated_elderly_65plus_2026":112.6,"estimated_elderly_share_pct":31.68,"elderly_exposure_score":91.8,"elderly_exposure_class":"VERY HIGH","estimate_confidence":"HIGH","display_name":"Block 123"},"geometry":{"type":"Polygon","coordinates":[[[103.845117,1.370495],[103.845119,1.370513],[103.845047,1.370522],[103.845045,1.370501],[103.84502,1.370504],[103.845022,1.370525],[103.844951,1.370533],[103.844949,1.370513],[103.844924,1.370516],[103.844926,1.370536],[103.844855,1.370545],[103.844852,1.370523],[103.844841,1.370525],[103.844844,1.370556],[103.844816,1.37056],[103.844794,1.370557],[103.844791,1.37053],[103.844779,1.370532],[103.844782,1.370554],[103.84471,1.370562],[103.844707,1.37054],[103.844683,1.370543],[103.844686,1.370565],[103.844614,1.370574],[103.844611,1.370552],[103.844586,1.370555],[103.844589,1.370577],[103.844517,1.370586],[103.844515,1.370567],[103.844502,1.37057],[103.844497,1.370527],[103.844476,1.37053],[103.844469,1.37047],[103.844504,1.37047],[103.844501,1.370448],[103.844573,1.37044],[103.844575,1.37046],[103.844601,1.370457],[103.844598,1.370436],[103.844669,1.370428],[103.844671,1.370448],[103.844696,1.370445],[103.844694,1.370425],[103.844765,1.370416],[103.844767,1.370436],[103.844828,1.370421],[103.84484,1.370428],[103.844838,1.370407],[103.844909,1.370399],[103.844912,1.370419],[103.844937,1.370416],[103.844934,1.370396],[103.845006,1.370387],[103.845008,1.370407],[103.845033,1.370404],[103.845031,1.370384],[103.845102,1.370375],[103.845105,1.370397],[103.845138,1.370389],[103.845145,1.370449],[103.845126,1.370452],[103.84513,1.370494],[103.845117,1.370495]]]}},{"type":"Feature","properties":{"block_id":"11056070","blk_no":"124","postal_code":"560124","region_id":"NER","region":"NORTH-EAST REGION","planning_area_id":"AM","planning_area":"ANG MO KIO","subzone_id":"AMSZ06","subzone":"KEBUN BAHRU","lon":103.8448,"lat":1.3709,"property_match":"MATCHED","property_match_confidence":"HIGH","street":"ANG MO KIO AVE 6","residential":"Y","year_completed":1978,"building_age_2026":48,"max_floor_lvl":12,"total_dwelling_units":153,"small_flat_share_pct":84.97,"rental_share_pct":0.0,"footprint_area_m2":1324.8,"estimated_residents_2026":340.2,"estimated_elderly_65plus_2026":103.1,"estimated_elderly_share_pct":30.31,"elderly_exposure_score":88.8,"elderly_exposure_class":"VERY HIGH","estimate_confidence":"HIGH","display_name":"Block 124"},"geometry":{"type":"Polygon","coordinates":[[[103.84519,1.370904],[103.84497,1.370926],[103.844973,1.370954],[103.844928,1.370959],[103.844926,1.370936],[103.844612,1.370974],[103.844617,1.371016],[103.844594,1.371019],[103.844589,1.370977],[103.844358,1.371005],[103.84435,1.370946],[103.844366,1.370937],[103.844361,1.370893],[103.844371,1.370892],[103.844368,1.370868],[103.844452,1.370858],[103.844455,1.370882],[103.844479,1.370879],[103.844476,1.370855],[103.844559,1.370845],[103.844562,1.37087],[103.844612,1.370864],[103.844609,1.370839],[103.844693,1.370828],[103.844697,1.370856],[103.844719,1.370853],[103.844716,1.370826],[103.8448,1.370816],[103.844803,1.370843],[103.844827,1.37084],[103.844823,1.370813],[103.844907,1.370802],[103.84491,1.370827],[103.84496,1.37082],[103.844957,1.370797],[103.845041,1.370786],[103.845044,1.370813],[103.845067,1.37081],[103.845064,1.370784],[103.845148,1.370773],[103.845151,1.370801],[103.845165,1.370799],[103.845171,1.370843],[103.845182,1.370838],[103.84519,1.370904]]]}},{"type":"Feature","properties":{"block_id":"11056073","blk_no":"125","postal_code":"560125","region_id":"NER","region":"NORTH-EAST REGION","planning_area_id":"AM","planning_area":"ANG MO KIO","subzone_id":"AMSZ06","subzone":"KEBUN BAHRU","lon":103.8448,"lat":1.3715,"property_match":"MATCHED","property_match_confidence":"HIGH","street":"ANG MO KIO AVE 6","residential":"Y","year_completed":1978,"building_age_2026":48,"max_floor_lvl":11,"total_dwelling_units":160,"small_flat_share_pct":100.0,"rental_share_pct":100.0,"footprint_area_m2":912.0,"estimated_residents_2026":296.1,"estimated_elderly_65plus_2026":93.8,"estimated_elderly_share_pct":31.68,"elderly_exposure_score":84.8,"elderly_exposure_class":"VERY HIGH","estimate_confidence":"HIGH","display_name":"Block 125"},"geometry":{"type":"Polygon","coordinates":[[[103.84452,1.371489],[103.844517,1.371468],[103.844584,1.37146],[103.844586,1.371481],[103.8446,1.371479],[103.844598,1.371458],[103.844664,1.37145],[103.844666,1.371471],[103.84468,1.37147],[103.844678,1.371448],[103.844744,1.37144],[103.844747,1.371461],[103.84476,1.37146],[103.844758,1.371439],[103.844825,1.371431],[103.844827,1.371452],[103.844841,1.37145],[103.844838,1.371429],[103.844905,1.371421],[103.844907,1.371442],[103.844948,1.371437],[103.844945,1.371416],[103.845012,1.371408],[103.845014,1.371429],[103.845028,1.371428],[103.845026,1.371406],[103.845092,1.371398],[103.845094,1.371419],[103.845115,1.371414],[103.845121,1.371451],[103.845093,1.371458],[103.845099,1.371508],[103.844966,1.371524],[103.844969,1.371551],[103.844913,1.371558],[103.84491,1.371531],[103.844428,1.37159],[103.844417,1.371502],[103.844439,1.371497],[103.844437,1.371478],[103.844503,1.37147],[103.844506,1.371491],[103.84452,1.371489]]]}},{"type":"Feature","properties":{"block_id":"11056074","blk_no":"126","postal_code":"560126","region_id":"NER","region":"NORTH-EAST REGION","planning_area_id":"AM","planning_area":"ANG MO KIO","subzone_id":"AMSZ06","subzone":"KEBUN BAHRU","lon":103.8436,"lat":1.3717,"property_match":"MATCHED","property_match_confidence":"HIGH","street":"ANG MO KIO AVE 3","residential":"Y","year_completed":1978,"building_age_2026":48,"max_floor_lvl":11,"total_dwelling_units":156,"small_flat_share_pct":84.62,"rental_share_pct":0.0,"footprint_area_m2":1554.2,"estimated_residents_2026":349.1,"estimated_elderly_65plus_2026":105.4,"estimated_elderly_share_pct":30.2,"elderly_exposure_score":89.8,"elderly_exposure_class":"VERY HIGH","estimate_confidence":"HIGH","display_name":"Block 126"},"geometry":{"type":"Polygon","coordinates":[[[103.844136,1.371653],[103.844016,1.371664],[103.844017,1.3717],[103.843994,1.371703],[103.84399,1.371672],[103.843674,1.371709],[103.843677,1.371732],[103.843632,1.371737],[103.843629,1.371714],[103.843315,1.371753],[103.843319,1.371785],[103.843296,1.371788],[103.843293,1.371756],[103.843168,1.371771],[103.84316,1.371705],[103.843174,1.371706],[103.843168,1.371659],[103.843182,1.371661],[103.843178,1.371634],[103.843263,1.371623],[103.843266,1.371647],[103.843315,1.371641],[103.843312,1.371617],[103.843397,1.371607],[103.8434,1.371631],[103.843422,1.371628],[103.843419,1.371604],[103.843504,1.371594],[103.843507,1.371618],[103.843529,1.371615],[103.843527,1.371591],[103.843611,1.371581],[103.843614,1.371605],[103.843663,1.371599],[103.84366,1.371575],[103.843744,1.371565],[103.843747,1.371589],[103.843772,1.371586],[103.843769,1.371562],[103.843853,1.371551],[103.843857,1.371577],[103.84388,1.371574],[103.843877,1.371549],[103.84396,1.371538],[103.843964,1.371566],[103.843975,1.371564],[103.844013,1.371556],[103.84401,1.371532],[103.844094,1.371522],[103.844098,1.37155],[103.844111,1.371544],[103.844116,1.371592],[103.844129,1.371586],[103.844136,1.371653]]]}},{"type":"Feature","properties":{"block_id":"11056072","blk_no":"127","postal_code":"560127","region_id":"NER","region":"NORTH-EAST REGION","planning_area_id":"AM","planning_area":"ANG MO KIO","subzone_id":"AMSZ06","subzone":"KEBUN BAHRU","lon":103.8436,"lat":1.3712,"property_match":"MATCHED","property_match_confidence":"HIGH","street":"ANG MO KIO AVE 3","residential":"Y","year_completed":1978,"building_age_2026":48,"max_floor_lvl":11,"total_dwelling_units":159,"small_flat_share_pct":86.79,"rental_share_pct":0.0,"footprint_area_m2":1531.7,"estimated_residents_2026":351.8,"estimated_elderly_65plus_2026":106.8,"estimated_elderly_share_pct":30.35,"elderly_exposure_score":90.2,"elderly_exposure_class":"VERY HIGH","estimate_confidence":"HIGH","display_name":"Block 127"},"geometry":{"type":"Polygon","coordinates":[[[103.843117,1.371344],[103.843109,1.371278],[103.843123,1.37128],[103.843117,1.371232],[103.843131,1.371234],[103.843128,1.371207],[103.843212,1.371196],[103.843215,1.37122],[103.843264,1.371214],[103.843262,1.37119],[103.843346,1.37118],[103.843348,1.371197],[103.843371,1.371195],[103.843369,1.371177],[103.843453,1.371167],[103.843455,1.37119],[103.843478,1.371187],[103.843476,1.371164],[103.84356,1.371154],[103.843562,1.371178],[103.843612,1.371172],[103.84361,1.371148],[103.843693,1.371138],[103.843696,1.371161],[103.843721,1.371158],[103.843718,1.371135],[103.843802,1.371124],[103.843805,1.371148],[103.843828,1.371146],[103.843826,1.371122],[103.843909,1.371111],[103.843912,1.371135],[103.843962,1.371129],[103.843959,1.371105],[103.844043,1.371095],[103.844046,1.371119],[103.844059,1.371117],[103.844065,1.371161],[103.844078,1.37116],[103.844085,1.371226],[103.843964,1.371236],[103.843965,1.371272],[103.843943,1.371275],[103.843936,1.37124],[103.843777,1.371267],[103.843776,1.371259],[103.843622,1.371277],[103.843626,1.371305],[103.843581,1.371311],[103.843578,1.371282],[103.843319,1.371323],[103.843318,1.371315],[103.843267,1.371321],[103.843268,1.371358],[103.843245,1.37136],[103.843241,1.371329],[103.843117,1.371344]]]}},{"type":"Feature","properties":{"block_id":"11056071","blk_no":"128","postal_code":"560128","region_id":"NER","region":"NORTH-EAST REGION","planning_area_id":"AM","planning_area":"ANG MO KIO","subzone_id":"AMSZ06","subzone":"KEBUN BAHRU","lon":103.8435,"lat":1.3708,"property_match":"MATCHED","property_match_confidence":"HIGH","street":"ANG MO KIO AVE 3","residential":"Y","year_completed":1978,"building_age_2026":48,"max_floor_lvl":11,"total_dwelling_units":142,"small_flat_share_pct":85.92,"rental_share_pct":0.0,"footprint_area_m2":1565.6,"estimated_residents_2026":315.6,"estimated_elderly_65plus_2026":95.6,"estimated_elderly_share_pct":30.29,"elderly_exposure_score":85.6,"elderly_exposure_class":"VERY HIGH","estimate_confidence":"HIGH","display_name":"Block 128"},"geometry":{"type":"Polygon","coordinates":[[[103.844023,1.370708],[103.844031,1.370778],[103.844019,1.370775],[103.844024,1.37082],[103.84401,1.370821],[103.844014,1.370849],[103.84393,1.370859],[103.843927,1.370835],[103.843877,1.370841],[103.84388,1.370865],[103.843796,1.370875],[103.843793,1.370851],[103.84377,1.370854],[103.843773,1.370878],[103.843689,1.370888],[103.843686,1.370864],[103.843663,1.370867],[103.843666,1.370891],[103.843582,1.370901],[103.843579,1.370878],[103.843568,1.370879],[103.843571,1.3709],[103.843542,1.370903],[103.84354,1.370882],[103.843529,1.370884],[103.843532,1.370907],[103.843448,1.370918],[103.843445,1.370892],[103.84342,1.370895],[103.843423,1.370921],[103.843339,1.370931],[103.843336,1.370907],[103.843313,1.37091],[103.843316,1.370934],[103.843232,1.370944],[103.843229,1.37092],[103.843179,1.370926],[103.843182,1.37095],[103.843098,1.37096],[103.843095,1.370932],[103.843081,1.370934],[103.843076,1.37089],[103.843062,1.370889],[103.843056,1.370826],[103.84318,1.370815],[103.843175,1.370773],[103.843198,1.37077],[103.843203,1.370812],[103.843519,1.370774],[103.843516,1.37075],[103.843561,1.370745],[103.843564,1.37077],[103.843714,1.370752],[103.843878,1.37073],[103.843873,1.370687],[103.843896,1.370683],[103.843901,1.370727],[103.844023,1.370708]]]}},{"type":"Feature","properties":{"block_id":"6732","blk_no":"129","postal_code":"560129","region_id":"NER","region":"NORTH-EAST REGION","planning_area_id":"AM","planning_area":"ANG MO KIO","subzone_id":"AMSZ06","subzone":"KEBUN BAHRU","lon":103.8425,"lat":1.3701,"property_match":"MATCHED","property_match_confidence":"HIGH","street":"ANG MO KIO AVE 3","residential":"Y","year_completed":1978,"building_age_2026":48,"max_floor_lvl":12,"total_dwelling_units":235,"small_flat_share_pct":87.66,"rental_share_pct":0.0,"footprint_area_m2":2271.5,"estimated_residents_2026":522.1,"estimated_elderly_65plus_2026":157.9,"estimated_elderly_share_pct":30.24,"elderly_exposure_score":97.8,"elderly_exposure_class":"VERY HIGH","estimate_confidence":"HIGH","display_name":"Block 129"},"geometry":{"type":"Polygon","coordinates":[[[103.841675,1.369999],[103.841678,1.37002],[103.841655,1.370023],[103.841645,1.369976],[103.841623,1.369978],[103.841625,1.370027],[103.841602,1.370029],[103.841599,1.370008],[103.84157,1.370012],[103.841572,1.370033],[103.841549,1.370036],[103.841539,1.369988],[103.841526,1.36999],[103.841521,1.369946],[103.841509,1.36995],[103.841501,1.369884],[103.842241,1.369794],[103.842583,1.370063],[103.842617,1.37035],[103.842552,1.370358],[103.842553,1.370345],[103.84251,1.37035],[103.842508,1.370337],[103.84246,1.370338],[103.842457,1.370315],[103.842478,1.370312],[103.842474,1.370281],[103.842453,1.370284],[103.842451,1.370261],[103.842498,1.370252],[103.842495,1.370227],[103.842447,1.370231],[103.842444,1.370207],[103.842465,1.370204],[103.842461,1.370175],[103.842437,1.370178],[103.842436,1.370162],[103.842485,1.370144],[103.842474,1.370114],[103.842464,1.370106],[103.84243,1.370138],[103.84241,1.37013],[103.842425,1.370111],[103.842402,1.370092],[103.842389,1.370109],[103.842371,1.370094],[103.842397,1.370054],[103.84238,1.37004],[103.842346,1.370075],[103.842328,1.370061],[103.842341,1.370044],[103.842318,1.370026],[103.842305,1.370042],[103.842286,1.370027],[103.842312,1.369986],[103.842294,1.369972],[103.842261,1.370008],[103.842243,1.369994],[103.842255,1.369977],[103.842232,1.369958],[103.842217,1.369977],[103.842205,1.369968],[103.842229,1.369921],[103.842219,1.369914],[103.842185,1.36991],[103.84218,1.369962],[103.842164,1.369964],[103.842161,1.36994],[103.842132,1.369944],[103.842134,1.369965],[103.842111,1.369967],[103.842101,1.36992],[103.842079,1.369923],[103.842081,1.369971],[103.842058,1.369974],[103.842055,1.369953],[103.842026,1.369956],[103.842029,1.369977],[103.842005,1.36998],[103.841996,1.369933],[103.841974,1.369935],[103.841976,1.369984],[103.841952,1.369987],[103.84195,1.369966],[103.841921,1.369969],[103.841923,1.36999],[103.8419,1.369993],[103.84189,1.369946],[103.841868,1.369948],[103.84187,1.369997],[103.841847,1.369999],[103.841844,1.369979],[103.841815,1.369982],[103.841818,1.370003],[103.841794,1.370006],[103.841784,1.369959],[103.841729,1.369965],[103.841731,1.370014],[103.841707,1.370017],[103.841705,1.369996],[103.841675,1.369999]]]}},{"type":"Feature","properties":{"block_id":"6454","blk_no":"130","postal_code":"560130","region_id":"NER","region":"NORTH-EAST REGION","planning_area_id":"AM","planning_area":"ANG MO KIO","subzone_id":"AMSZ06","subzone":"KEBUN BAHRU","lon":103.842,"lat":1.3704,"property_match":"MATCHED","property_match_confidence":"HIGH","street":"ANG MO KIO AVE 3","residential":"Y","year_completed":1978,"building_age_2026":48,"max_floor_lvl":13,"total_dwelling_units":190,"small_flat_share_pct":86.32,"rental_share_pct":0.0,"footprint_area_m2":1649.3,"estimated_residents_2026":421.4,"estimated_elderly_65plus_2026":127.8,"estimated_elderly_share_pct":30.32,"elderly_exposure_score":94.7,"elderly_exposure_class":"VERY HIGH","estimate_confidence":"HIGH","display_name":"Block 130"},"geometry":{"type":"Polygon","coordinates":[[[103.841984,1.370271],[103.841992,1.370318],[103.842016,1.370315],[103.842013,1.370268],[103.842036,1.370265],[103.842038,1.370285],[103.842069,1.370282],[103.842066,1.370261],[103.842089,1.370258],[103.842098,1.370305],[103.842122,1.370303],[103.842119,1.370255],[103.842143,1.370252],[103.842145,1.370272],[103.842177,1.370269],[103.842174,1.370248],[103.842197,1.370245],[103.842206,1.370293],[103.842254,1.370287],[103.842252,1.370239],[103.842276,1.370236],[103.842278,1.370256],[103.842308,1.370253],[103.842305,1.370232],[103.842328,1.370229],[103.842338,1.370273],[103.842351,1.370272],[103.842357,1.370316],[103.84237,1.370314],[103.842378,1.37038],[103.841909,1.370437],[103.841911,1.37046],[103.841861,1.370466],[103.841858,1.370443],[103.841388,1.3705],[103.84138,1.370434],[103.841393,1.370432],[103.841388,1.370388],[103.8414,1.370387],[103.841399,1.370342],[103.841422,1.370339],[103.841425,1.37036],[103.841454,1.370356],[103.841452,1.370336],[103.841475,1.370333],[103.841485,1.370381],[103.841535,1.370374],[103.841533,1.370326],[103.841557,1.370323],[103.841559,1.370343],[103.841589,1.37034],[103.841586,1.370319],[103.841609,1.370316],[103.841619,1.370363],[103.841642,1.370361],[103.841641,1.370313],[103.841664,1.37031],[103.841666,1.37033],[103.841696,1.370327],[103.841693,1.370306],[103.841717,1.370303],[103.841727,1.37035],[103.84175,1.370348],[103.841749,1.3703],[103.841772,1.370297],[103.841774,1.370317],[103.841804,1.370314],[103.841801,1.370293],[103.841825,1.37029],[103.841835,1.370337],[103.841909,1.370328],[103.841907,1.37028],[103.84193,1.370278],[103.841932,1.370298],[103.841963,1.370294],[103.841961,1.370274],[103.841984,1.370271]]]}},{"type":"Feature","properties":{"block_id":"8737","blk_no":"130A","postal_code":"561130","region_id":"NER","region":"NORTH-EAST REGION","planning_area_id":"AM","planning_area":"ANG MO KIO","subzone_id":"AMSZ06","subzone":"KEBUN BAHRU","lon":103.8419,"lat":1.3707,"property_match":"MATCHED","property_match_confidence":"HIGH","street":"ANG MO KIO ST 12","residential":"N","year_completed":2000,"building_age_2026":26,"max_floor_lvl":2,"total_dwelling_units":0,"small_flat_share_pct":null,"rental_share_pct":null,"footprint_area_m2":2963.7,"estimated_residents_2026":0.0,"estimated_elderly_65plus_2026":0.0,"estimated_elderly_share_pct":null,"elderly_exposure_score":null,"elderly_exposure_class":null,"estimate_confidence":"HIGH","display_name":"Block 130A"},"geometry":{"type":"Polygon","coordinates":[[[103.841544,1.370808],[103.84153,1.370689],[103.841518,1.37069],[103.841493,1.37055],[103.841507,1.370549],[103.841512,1.37059],[103.842243,1.370501],[103.842244,1.370516],[103.842223,1.370519],[103.842231,1.370593],[103.842287,1.370586],[103.842289,1.370601],[103.842301,1.3706],[103.842309,1.37066],[103.842296,1.37066],[103.842298,1.370672],[103.842308,1.370671],[103.842314,1.370716],[103.842247,1.370724],[103.842258,1.370824],[103.841558,1.370908],[103.841554,1.370878],[103.841541,1.37088],[103.841531,1.37081],[103.841544,1.370808]]]}},{"type":"Feature","properties":{"block_id":"5248","blk_no":"130B","postal_code":"562130","region_id":"NER","region":"NORTH-EAST REGION","planning_area_id":"AM","planning_area":"ANG MO KIO","subzone_id":"AMSZ06","subzone":"KEBUN BAHRU","lon":103.8414,"lat":1.3708,"property_match":"MATCHED","property_match_confidence":"HIGH","street":"ANG MO KIO ST 12","residential":"N","year_completed":2002,"building_age_2026":24,"max_floor_lvl":1,"total_dwelling_units":0,"small_flat_share_pct":null,"rental_share_pct":null,"footprint_area_m2":265.2,"estimated_residents_2026":0.0,"estimated_elderly_65plus_2026":0.0,"estimated_elderly_share_pct":null,"elderly_exposure_score":null,"elderly_exposure_class":null,"estimate_confidence":"HIGH","display_name":"Block 130B"},"geometry":{"type":"Polygon","coordinates":[[[103.841443,1.370705],[103.841456,1.370813],[103.841259,1.370838],[103.841246,1.370729],[103.841443,1.370705]]]}},{"type":"Feature","properties":{"block_id":"106","blk_no":"131","postal_code":"560131","region_id":"NER","region":"NORTH-EAST REGION","planning_area_id":"AM","planning_area":"ANG MO KIO","subzone_id":"AMSZ06","subzone":"KEBUN BAHRU","lon":103.8417,"lat":1.371,"property_match":"MATCHED","property_match_confidence":"HIGH","street":"ANG MO KIO AVE 3","residential":"Y","year_completed":1978,"building_age_2026":48,"max_floor_lvl":12,"total_dwelling_units":132,"small_flat_share_pct":0.0,"rental_share_pct":0.0,"footprint_area_m2":1408.9,"estimated_residents_2026":361.8,"estimated_elderly_65plus_2026":104.1,"estimated_elderly_share_pct":28.76,"elderly_exposure_score":89.2,"elderly_exposure_class":"VERY HIGH","estimate_confidence":"HIGH","display_name":"Block 131"},"geometry":{"type":"Polygon","coordinates":[[[103.841531,1.371143],[103.841522,1.371096],[103.841446,1.371106],[103.841447,1.371154],[103.841424,1.371156],[103.841422,1.371135],[103.84139,1.371139],[103.841392,1.37116],[103.84137,1.371163],[103.841361,1.37112],[103.841322,1.371125],[103.84131,1.371028],[103.841681,1.370982],[103.841675,1.370938],[103.84174,1.37093],[103.841746,1.370974],[103.842279,1.37091],[103.84229,1.371007],[103.842251,1.371012],[103.842251,1.371056],[103.842229,1.371059],[103.842227,1.371038],[103.842195,1.371042],[103.842197,1.371063],[103.842175,1.371066],[103.842167,1.371019],[103.84209,1.371028],[103.842092,1.371075],[103.84207,1.371078],[103.842068,1.371057],[103.842036,1.371061],[103.842038,1.371082],[103.842016,1.371084],[103.842014,1.371063],[103.842005,1.371064],[103.842007,1.371037],[103.84193,1.371047],[103.841939,1.371072],[103.841927,1.371074],[103.84193,1.371095],[103.841907,1.371098],[103.841905,1.371077],[103.841873,1.37108],[103.841875,1.371102],[103.841853,1.371104],[103.841845,1.371057],[103.841768,1.371067],[103.841768,1.371115],[103.841745,1.371117],[103.841743,1.371096],[103.841711,1.3711],[103.841714,1.371121],[103.841692,1.371124],[103.841684,1.371081],[103.841607,1.37109],[103.841608,1.371134],[103.841585,1.371137],[103.841583,1.371116],[103.841551,1.37112],[103.841553,1.371141],[103.841531,1.371143]]]}},{"type":"Feature","properties":{"block_id":"187","blk_no":"132","postal_code":"560132","region_id":"NER","region":"NORTH-EAST REGION","planning_area_id":"AM","planning_area":"ANG MO KIO","subzone_id":"AMSZ06","subzone":"KEBUN BAHRU","lon":103.8419,"lat":1.3714,"property_match":"MATCHED","property_match_confidence":"HIGH","street":"ANG MO KIO AVE 3","residential":"Y","year_completed":1978,"building_age_2026":48,"max_floor_lvl":11,"total_dwelling_units":100,"small_flat_share_pct":0.0,"rental_share_pct":0.0,"footprint_area_m2":1450.0,"estimated_residents_2026":326.5,"estimated_elderly_65plus_2026":84.6,"estimated_elderly_share_pct":25.91,"elderly_exposure_score":78.6,"elderly_exposure_class":"HIGH","estimate_confidence":"HIGH","display_name":"Block 132"},"geometry":{"type":"Polygon","coordinates":[[[103.841982,1.371367],[103.842014,1.371363],[103.842011,1.371341],[103.842033,1.371338],[103.842037,1.371373],[103.84218,1.371355],[103.842176,1.371321],[103.842198,1.371318],[103.842201,1.371341],[103.842233,1.371337],[103.84223,1.371315],[103.842253,1.371312],[103.842257,1.371346],[103.842329,1.371337],[103.842341,1.371432],[103.841239,1.371566],[103.841227,1.371471],[103.8413,1.371462],[103.841296,1.371428],[103.841318,1.371425],[103.841321,1.371448],[103.841353,1.371444],[103.84135,1.371422],[103.841373,1.371419],[103.841377,1.371453],[103.84152,1.371436],[103.841516,1.371401],[103.841538,1.371399],[103.841541,1.371421],[103.841572,1.371417],[103.84157,1.371395],[103.841592,1.371392],[103.841596,1.371427],[103.841739,1.371409],[103.841735,1.371375],[103.841757,1.371372],[103.84176,1.371394],[103.841792,1.37139],[103.841789,1.371368],[103.841811,1.371365],[103.841815,1.3714],[103.841961,1.371382],[103.841957,1.371348],[103.841979,1.371345],[103.841982,1.371367]]]}},{"type":"Feature","properties":{"block_id":"8017","blk_no":"132A","postal_code":"561132","region_id":"NER","region":"NORTH-EAST REGION","planning_area_id":"AM","planning_area":"ANG MO KIO","subzone_id":"AMSZ06","subzone":"KEBUN BAHRU","lon":103.842,"lat":1.3717,"property_match":"MATCHED","property_match_confidence":"HIGH","street":"ANG MO KIO ST 12","residential":"N","year_completed":2002,"building_age_2026":24,"max_floor_lvl":2,"total_dwelling_units":0,"small_flat_share_pct":null,"rental_share_pct":null,"footprint_area_m2":3136.9,"estimated_residents_2026":0.0,"estimated_elderly_65plus_2026":0.0,"estimated_elderly_share_pct":null,"elderly_exposure_score":null,"elderly_exposure_class":null,"estimate_confidence":"HIGH","display_name":"Block 132A"},"geometry":{"type":"Polygon","coordinates":[[[103.841573,1.371815],[103.841588,1.371813],[103.841574,1.371696],[103.841559,1.371698],[103.841548,1.371613],[103.841531,1.371615],[103.841526,1.37157],[103.841561,1.371566],[103.841563,1.371579],[103.841541,1.371582],[103.841543,1.371599],[103.842386,1.371495],[103.842388,1.371509],[103.842332,1.371517],[103.842363,1.371778],[103.842376,1.371777],[103.842381,1.37182],[103.8416,1.371915],[103.841596,1.371883],[103.84158,1.371884],[103.841573,1.371815]]]}},{"type":"Feature","properties":{"block_id":"7329","blk_no":"133","postal_code":"560133","region_id":"NER","region":"NORTH-EAST REGION","planning_area_id":"AM","planning_area":"ANG MO KIO","subzone_id":"AMSZ06","subzone":"KEBUN BAHRU","lon":103.8426,"lat":1.3711,"property_match":"MATCHED","property_match_confidence":"HIGH","street":"ANG MO KIO AVE 3","residential":"Y","year_completed":1978,"building_age_2026":48,"max_floor_lvl":4,"total_dwelling_units":22,"small_flat_share_pct":77.27,"rental_share_pct":0.0,"footprint_area_m2":1058.2,"estimated_residents_2026":50.5,"estimated_elderly_65plus_2026":15.1,"estimated_elderly_share_pct":29.93,"elderly_exposure_score":7.2,"elderly_exposure_class":"VERY LOW","estimate_confidence":"HIGH","display_name":"Block 133"},"geometry":{"type":"Polygon","coordinates":[[[103.842577,1.37113],[103.842555,1.371132],[103.842553,1.371109],[103.8426,1.371099],[103.842599,1.371088],[103.842592,1.371062],[103.842569,1.371064],[103.842567,1.371047],[103.842545,1.37105],[103.842543,1.371027],[103.842564,1.371024],[103.842561,1.370994],[103.842539,1.370997],[103.842536,1.370973],[103.842558,1.370971],[103.842554,1.370941],[103.842533,1.370944],[103.84253,1.370921],[103.842552,1.370918],[103.842548,1.370888],[103.842527,1.370891],[103.842524,1.370867],[103.842545,1.370865],[103.842543,1.370847],[103.842613,1.370838],[103.842612,1.370824],[103.842677,1.370817],[103.842753,1.371441],[103.842728,1.371444],[103.842732,1.371476],[103.842681,1.371482],[103.842685,1.371434],[103.842641,1.37144],[103.842639,1.371426],[103.842591,1.371428],[103.842588,1.371405],[103.842609,1.371402],[103.842606,1.371372],[103.842584,1.371375],[103.842582,1.371351],[103.842629,1.371341],[103.842623,1.371291],[103.842574,1.371293],[103.842572,1.37127],[103.842593,1.371268],[103.84259,1.371238],[103.842568,1.37124],[103.842565,1.371217],[103.842613,1.371207],[103.84261,1.371184],[103.842562,1.371185],[103.842559,1.371162],[103.84258,1.37116],[103.842577,1.37113]]]}},{"type":"Feature","properties":{"block_id":"3303","blk_no":"134","postal_code":"560134","region_id":"NER","region":"NORTH-EAST REGION","planning_area_id":"AM","planning_area":"ANG MO KIO","subzone_id":"AMSZ06","subzone":"KEBUN BAHRU","lon":103.8422,"lat":1.3721,"property_match":"MATCHED","property_match_confidence":"HIGH","street":"ANG MO KIO AVE 3","residential":"Y","year_completed":1978,"building_age_2026":48,"max_floor_lvl":13,"total_dwelling_units":168,"small_flat_share_pct":0.0,"rental_share_pct":0.0,"footprint_area_m2":1859.5,"estimated_residents_2026":460.4,"estimated_elderly_65plus_2026":132.4,"estimated_elderly_share_pct":28.76,"elderly_exposure_score":95.4,"elderly_exposure_class":"VERY HIGH","estimate_confidence":"HIGH","display_name":"Block 134"},"geometry":{"type":"Polygon","coordinates":[[[103.842297,1.372096],[103.842298,1.37214],[103.842275,1.372143],[103.842272,1.372119],[103.842243,1.372123],[103.842246,1.372147],[103.842221,1.37215],[103.842212,1.372106],[103.842135,1.372116],[103.842137,1.372159],[103.842113,1.372162],[103.842111,1.372141],[103.842081,1.372145],[103.842084,1.372165],[103.842061,1.372168],[103.842052,1.372125],[103.841974,1.372133],[103.841975,1.372178],[103.841952,1.372181],[103.84195,1.37216],[103.84192,1.372164],[103.841923,1.372185],[103.841899,1.372188],[103.84189,1.372144],[103.841814,1.372154],[103.841815,1.372199],[103.841792,1.372201],[103.841789,1.372181],[103.84176,1.372184],[103.841762,1.372205],[103.841739,1.372208],[103.84173,1.372164],[103.841691,1.372169],[103.84168,1.372073],[103.841746,1.372064],[103.841744,1.372047],[103.842207,1.37199],[103.842204,1.371962],[103.842269,1.371955],[103.842273,1.371982],[103.842742,1.371924],[103.842744,1.371942],[103.842807,1.371935],[103.842818,1.372031],[103.842779,1.372036],[103.84278,1.372081],[103.842757,1.372084],[103.842754,1.37206],[103.842725,1.372064],[103.842728,1.372088],[103.842704,1.372091],[103.842695,1.372047],[103.842618,1.372056],[103.84262,1.372101],[103.842596,1.372104],[103.842594,1.37208],[103.842564,1.372084],[103.842567,1.372107],[103.842543,1.37211],[103.842534,1.372067],[103.842458,1.372076],[103.842459,1.372121],[103.842436,1.372123],[103.842433,1.3721],[103.842404,1.372103],[103.842407,1.372127],[103.842383,1.37213],[103.842374,1.372086],[103.842297,1.372096]]]}},{"type":"Feature","properties":{"block_id":"7787","blk_no":"150","postal_code":"560150","region_id":"NER","region":"NORTH-EAST REGION","planning_area_id":"AM","planning_area":"ANG MO KIO","subzone_id":"AMSZ06","subzone":"KEBUN BAHRU","lon":103.842,"lat":1.3768,"property_match":"MATCHED","property_match_confidence":"HIGH","street":"ANG MO KIO AVE 5","residential":"Y","year_completed":1980,"building_age_2026":46,"max_floor_lvl":12,"total_dwelling_units":128,"small_flat_share_pct":79.69,"rental_share_pct":0.0,"footprint_area_m2":1194.4,"estimated_residents_2026":290.8,"estimated_elderly_65plus_2026":87.4,"estimated_elderly_share_pct":30.06,"elderly_exposure_score":81.1,"elderly_exposure_class":"VERY HIGH","estimate_confidence":"HIGH","display_name":"Block 150"},"geometry":{"type":"Polygon","coordinates":[[[103.842367,1.376802],[103.842364,1.376838],[103.842376,1.376844],[103.842369,1.376906],[103.842178,1.376885],[103.842172,1.376923],[103.842145,1.376921],[103.842139,1.376931],[103.842073,1.376912],[103.842076,1.376873],[103.841643,1.376825],[103.841651,1.376757],[103.841663,1.37676],[103.841667,1.376723],[103.841681,1.376721],[103.841684,1.376694],[103.841768,1.376703],[103.841766,1.376727],[103.841816,1.376733],[103.841818,1.376709],[103.841902,1.376718],[103.8419,1.376742],[103.841922,1.376745],[103.841925,1.376721],[103.842009,1.37673],[103.842007,1.376754],[103.842029,1.376757],[103.842032,1.376733],[103.842117,1.376742],[103.842114,1.376766],[103.842164,1.376772],[103.842166,1.376748],[103.842251,1.376757],[103.842248,1.376781],[103.84227,1.376783],[103.842273,1.37676],[103.842358,1.376769],[103.842355,1.376796],[103.842367,1.376802]]]}},{"type":"Feature","properties":{"block_id":"3858","blk_no":"151","postal_code":"560151","region_id":"NER","region":"NORTH-EAST REGION","planning_area_id":"AM","planning_area":"ANG MO KIO","subzone_id":"AMSZ06","subzone":"KEBUN BAHRU","lon":103.8412,"lat":1.3767,"property_match":"MATCHED","property_match_confidence":"HIGH","street":"ANG MO KIO AVE 5","residential":"Y","year_completed":1980,"building_age_2026":46,"max_floor_lvl":12,"total_dwelling_units":122,"small_flat_share_pct":81.15,"rental_share_pct":0.0,"footprint_area_m2":1220.9,"estimated_residents_2026":274.9,"estimated_elderly_65plus_2026":82.9,"estimated_elderly_share_pct":30.17,"elderly_exposure_score":77.7,"elderly_exposure_class":"HIGH","estimate_confidence":"HIGH","display_name":"Block 151"},"geometry":{"type":"Polygon","coordinates":[[[103.841074,1.376759],[103.841074,1.37678],[103.841029,1.376779],[103.84103,1.376759],[103.840809,1.37676],[103.840813,1.376614],[103.841044,1.37662],[103.841044,1.376642],[103.841086,1.376649],[103.841089,1.376625],[103.841173,1.376637],[103.84117,1.376657],[103.841191,1.37666],[103.841194,1.376636],[103.84128,1.376649],[103.841277,1.37667],[103.8413,1.376673],[103.841304,1.376649],[103.841389,1.376661],[103.841386,1.376682],[103.841435,1.37669],[103.841439,1.376663],[103.841521,1.376675],[103.841518,1.3767],[103.841534,1.376703],[103.841529,1.376741],[103.841544,1.376743],[103.841533,1.376817],[103.841074,1.376759]]]}},{"type":"Feature","properties":{"block_id":"3441","blk_no":"152","postal_code":"560152","region_id":"NER","region":"NORTH-EAST REGION","planning_area_id":"AM","planning_area":"ANG MO KIO","subzone_id":"AMSZ06","subzone":"KEBUN BAHRU","lon":103.8402,"lat":1.3767,"property_match":"MATCHED","property_match_confidence":"HIGH","street":"ANG MO KIO AVE 5","residential":"Y","year_completed":1980,"building_age_2026":46,"max_floor_lvl":12,"total_dwelling_units":130,"small_flat_share_pct":81.54,"rental_share_pct":0.77,"footprint_area_m2":1185.3,"estimated_residents_2026":292.5,"estimated_elderly_65plus_2026":88.3,"estimated_elderly_share_pct":30.18,"elderly_exposure_score":81.5,"elderly_exposure_class":"VERY HIGH","estimate_confidence":"HIGH","display_name":"Block 152"},"geometry":{"type":"Polygon","coordinates":[[[103.839793,1.376682],[103.839803,1.376682],[103.839803,1.37664],[103.839816,1.37664],[103.839816,1.376612],[103.839903,1.376613],[103.839902,1.376635],[103.839953,1.376635],[103.839954,1.376613],[103.840038,1.376614],[103.840037,1.376636],[103.84006,1.376636],[103.84006,1.376614],[103.840144,1.376614],[103.840144,1.376637],[103.840165,1.376637],[103.840165,1.376614],[103.840253,1.376615],[103.840253,1.376637],[103.8403,1.376638],[103.8403,1.376615],[103.840389,1.376616],[103.840389,1.376638],[103.840409,1.376638],[103.840409,1.376616],[103.840495,1.376616],[103.840495,1.376639],[103.840508,1.376639],[103.840508,1.37668],[103.840525,1.37668],[103.840524,1.376755],[103.840302,1.376753],[103.840302,1.376775],[103.840256,1.376774],[103.840256,1.376753],[103.839793,1.37675],[103.839793,1.376682]]]}},{"type":"Feature","properties":{"block_id":"1736","blk_no":"153","postal_code":"560153","region_id":"NER","region":"NORTH-EAST REGION","planning_area_id":"AM","planning_area":"ANG MO KIO","subzone_id":"AMSZ06","subzone":"KEBUN BAHRU","lon":103.8421,"lat":1.3764,"property_match":"MATCHED","property_match_confidence":"HIGH","street":"ANG MO KIO AVE 5","residential":"Y","year_completed":1980,"building_age_2026":46,"max_floor_lvl":12,"total_dwelling_units":128,"small_flat_share_pct":79.69,"rental_share_pct":0.0,"footprint_area_m2":1195.5,"estimated_residents_2026":290.8,"estimated_elderly_65plus_2026":87.4,"estimated_elderly_share_pct":30.06,"elderly_exposure_score":81.1,"elderly_exposure_class":"VERY HIGH","estimate_confidence":"HIGH","display_name":"Block 153"},"geometry":{"type":"Polygon","coordinates":[[[103.842431,1.37634],[103.842424,1.376405],[103.842412,1.376404],[103.842408,1.376439],[103.842394,1.376441],[103.842391,1.37647],[103.842306,1.376461],[103.842309,1.376437],[103.84226,1.376432],[103.842257,1.376455],[103.842173,1.376446],[103.842175,1.376423],[103.842152,1.376421],[103.84215,1.376444],[103.842066,1.376434],[103.842068,1.376412],[103.842045,1.376411],[103.842043,1.376432],[103.841958,1.376422],[103.841961,1.376399],[103.841912,1.376392],[103.841909,1.376417],[103.841824,1.376407],[103.841827,1.376383],[103.841804,1.376381],[103.841802,1.376405],[103.841717,1.376395],[103.841711,1.376328],[103.841698,1.37632],[103.841706,1.376258],[103.841898,1.37628],[103.841903,1.37624],[103.84193,1.376243],[103.841931,1.376234],[103.842002,1.376251],[103.841999,1.37629],[103.842431,1.37634]]]}},{"type":"Feature","properties":{"block_id":"12272","blk_no":"154","postal_code":"560154","region_id":"NER","region":"NORTH-EAST REGION","planning_area_id":"AM","planning_area":"ANG MO KIO","subzone_id":"AMSZ06","subzone":"KEBUN BAHRU","lon":103.8412,"lat":1.3763,"property_match":"MATCHED","property_match_confidence":"HIGH","street":"ANG MO KIO AVE 5","residential":"Y","year_completed":1980,"building_age_2026":46,"max_floor_lvl":12,"total_dwelling_units":128,"small_flat_share_pct":79.69,"rental_share_pct":0.78,"footprint_area_m2":1128.7,"estimated_residents_2026":290.8,"estimated_elderly_65plus_2026":87.4,"estimated_elderly_share_pct":30.06,"elderly_exposure_score":81.1,"elderly_exposure_class":"VERY HIGH","estimate_confidence":"HIGH","display_name":"Block 154"},"geometry":{"type":"Polygon","coordinates":[[[103.841128,1.376302],[103.841078,1.376297],[103.841075,1.376324],[103.840991,1.376315],[103.840994,1.376287],[103.840971,1.376285],[103.840968,1.376312],[103.840884,1.376302],[103.840887,1.376275],[103.840874,1.376271],[103.840878,1.376233],[103.840864,1.376231],[103.840873,1.376167],[103.841093,1.376192],[103.841095,1.376169],[103.84114,1.376174],[103.841137,1.376197],[103.841597,1.376249],[103.841591,1.376314],[103.841578,1.376312],[103.841573,1.376351],[103.841559,1.376351],[103.841556,1.376379],[103.841472,1.376369],[103.841475,1.376342],[103.841465,1.376341],[103.841425,1.376336],[103.841422,1.376363],[103.841339,1.376354],[103.841342,1.376327],[103.841319,1.376324],[103.841316,1.376351],[103.841232,1.376342],[103.841235,1.376315],[103.841212,1.376312],[103.841209,1.376339],[103.841125,1.37633],[103.841128,1.376302]]]}},{"type":"Feature","properties":{"block_id":"2161","blk_no":"155","postal_code":"560155","region_id":"NER","region":"NORTH-EAST REGION","planning_area_id":"AM","planning_area":"ANG MO KIO","subzone_id":"AMSZ06","subzone":"KEBUN BAHRU","lon":103.8401,"lat":1.3759,"property_match":"MATCHED","property_match_confidence":"HIGH","street":"ANG MO KIO AVE 4","residential":"Y","year_completed":1980,"building_age_2026":46,"max_floor_lvl":11,"total_dwelling_units":155,"small_flat_share_pct":83.87,"rental_share_pct":0.0,"footprint_area_m2":1491.5,"estimated_residents_2026":348.2,"estimated_elderly_65plus_2026":105.0,"estimated_elderly_share_pct":30.15,"elderly_exposure_score":89.6,"elderly_exposure_class":"VERY HIGH","estimate_confidence":"HIGH","display_name":"Block 155"},"geometry":{"type":"Polygon","coordinates":[[[103.839816,1.375881],[103.839823,1.375907],[103.839846,1.3759],[103.839838,1.375874],[103.839919,1.37585],[103.839926,1.375874],[103.839949,1.375867],[103.839941,1.375843],[103.840021,1.375818],[103.840028,1.375843],[103.840078,1.375828],[103.84007,1.375803],[103.840151,1.375778],[103.840158,1.375803],[103.840183,1.375795],[103.840176,1.37577],[103.840256,1.375745],[103.840263,1.37577],[103.840286,1.375763],[103.840279,1.375738],[103.840359,1.375713],[103.840367,1.375738],[103.840404,1.375727],[103.840415,1.375724],[103.840407,1.375699],[103.840487,1.375674],[103.840495,1.375701],[103.840509,1.375697],[103.840521,1.375734],[103.840535,1.375735],[103.840551,1.375792],[103.840105,1.37593],[103.840112,1.375951],[103.840069,1.375964],[103.840063,1.375942],[103.83962,1.37608],[103.839602,1.376023],[103.839613,1.376015],[103.839602,1.375979],[103.839615,1.375975],[103.839606,1.375946],[103.839687,1.375921],[103.839695,1.375947],[103.839743,1.375932],[103.839735,1.375906],[103.839816,1.375881]]]}},{"type":"Feature","properties":{"block_id":"3394","blk_no":"156","postal_code":"560156","region_id":"NER","region":"NORTH-EAST REGION","planning_area_id":"AM","planning_area":"ANG MO KIO","subzone_id":"AMSZ06","subzone":"KEBUN BAHRU","lon":103.84,"lat":1.3755,"property_match":"MATCHED","property_match_confidence":"HIGH","street":"ANG MO KIO AVE 4","residential":"Y","year_completed":1980,"building_age_2026":46,"max_floor_lvl":11,"total_dwelling_units":155,"small_flat_share_pct":83.87,"rental_share_pct":0.0,"footprint_area_m2":1491.2,"estimated_residents_2026":348.2,"estimated_elderly_65plus_2026":105.0,"estimated_elderly_share_pct":30.15,"elderly_exposure_score":89.6,"elderly_exposure_class":"VERY HIGH","estimate_confidence":"HIGH","display_name":"Block 156"},"geometry":{"type":"Polygon","coordinates":[[[103.839529,1.375699],[103.839521,1.375672],[103.839506,1.375674],[103.839495,1.375638],[103.839483,1.375642],[103.839464,1.375581],[103.83991,1.375443],[103.839903,1.375421],[103.839946,1.375408],[103.839953,1.37543],[103.840395,1.375292],[103.840414,1.375353],[103.840402,1.375357],[103.840412,1.375391],[103.8404,1.375396],[103.840409,1.375425],[103.840329,1.37545],[103.840321,1.375425],[103.840273,1.375441],[103.84028,1.375465],[103.8402,1.37549],[103.840192,1.375466],[103.84017,1.375473],[103.840177,1.375497],[103.840096,1.375522],[103.840089,1.375498],[103.840067,1.375505],[103.840074,1.375529],[103.839995,1.375554],[103.839987,1.375529],[103.839948,1.375541],[103.839937,1.375545],[103.839945,1.37557],[103.839865,1.375595],[103.839857,1.37557],[103.839833,1.375577],[103.83984,1.375602],[103.83976,1.375627],[103.839752,1.375602],[103.83973,1.375609],[103.839738,1.375634],[103.839657,1.375659],[103.839649,1.375634],[103.839601,1.375649],[103.839609,1.375674],[103.839529,1.375699]]]}},{"type":"Feature","properties":{"block_id":"6398","blk_no":"157","postal_code":"560157","region_id":"NER","region":"NORTH-EAST REGION","planning_area_id":"AM","planning_area":"ANG MO KIO","subzone_id":"AMSZ06","subzone":"KEBUN BAHRU","lon":103.8398,"lat":1.3752,"property_match":"MATCHED","property_match_confidence":"HIGH","street":"ANG MO KIO AVE 4","residential":"Y","year_completed":1981,"building_age_2026":45,"max_floor_lvl":4,"total_dwelling_units":47,"small_flat_share_pct":100.0,"rental_share_pct":2.13,"footprint_area_m2":2180.2,"estimated_residents_2026":100.0,"estimated_elderly_65plus_2026":30.7,"estimated_elderly_share_pct":30.7,"elderly_exposure_score":18.8,"elderly_exposure_class":"VERY LOW","estimate_confidence":"HIGH","display_name":"Block 157"},"geometry":{"type":"Polygon","coordinates":[[[103.839327,1.375255],[103.839976,1.375053],[103.840016,1.375183],[103.839312,1.375403],[103.838774,1.375059],[103.838832,1.374964],[103.838841,1.374971],[103.838854,1.37495],[103.839327,1.375255]]]}},{"type":"Feature","properties":{"block_id":"6309","blk_no":"158","postal_code":"560158","region_id":"NER","region":"NORTH-EAST REGION","planning_area_id":"AM","planning_area":"ANG MO KIO","subzone_id":"AMSZ06","subzone":"KEBUN BAHRU","lon":103.839,"lat":1.3748,"property_match":"MATCHED","property_match_confidence":"HIGH","street":"ANG MO KIO AVE 4","residential":"Y","year_completed":1981,"building_age_2026":45,"max_floor_lvl":2,"total_dwelling_units":3,"small_flat_share_pct":100.0,"rental_share_pct":0.0,"footprint_area_m2":387.9,"estimated_residents_2026":6.4,"estimated_elderly_65plus_2026":2.0,"estimated_elderly_share_pct":30.7,"elderly_exposure_score":0.3,"elderly_exposure_class":"VERY LOW","estimate_confidence":"HIGH","display_name":"Block 158"},"geometry":{"type":"Polygon","coordinates":[[[103.838879,1.374844],[103.839013,1.374636],[103.839072,1.374674],[103.839058,1.374697],[103.839111,1.374731],[103.838992,1.374917],[103.838879,1.374844]]]}},{"type":"Feature","properties":{"block_id":"6308","blk_no":"159","postal_code":"560159","region_id":"NER","region":"NORTH-EAST REGION","planning_area_id":"AM","planning_area":"ANG MO KIO","subzone_id":"AMSZ06","subzone":"KEBUN BAHRU","lon":103.8398,"lat":1.3748,"property_match":"MATCHED","property_match_confidence":"HIGH","street":"ANG MO KIO AVE 4","residential":"Y","year_completed":1981,"building_age_2026":45,"max_floor_lvl":4,"total_dwelling_units":23,"small_flat_share_pct":100.0,"rental_share_pct":0.0,"footprint_area_m2":1069.5,"estimated_residents_2026":48.9,"estimated_elderly_65plus_2026":15.0,"estimated_elderly_share_pct":30.7,"elderly_exposure_score":7.1,"elderly_exposure_class":"VERY LOW","estimate_confidence":"HIGH","display_name":"Block 159"},"geometry":{"type":"Polygon","coordinates":[[[103.839598,1.374411],[103.839846,1.374572],[103.839966,1.374955],[103.839835,1.374994],[103.839729,1.374654],[103.839541,1.374532],[103.839536,1.374508],[103.839598,1.374411]]]}},{"type":"Feature","properties":{"block_id":"5989","blk_no":"160","postal_code":"560160","region_id":"NER","region":"NORTH-EAST REGION","planning_area_id":"AM","planning_area":"ANG MO KIO","subzone_id":"AMSZ06","subzone":"KEBUN BAHRU","lon":103.8392,"lat":1.3745,"property_match":"MATCHED","property_match_confidence":"HIGH","street":"ANG MO KIO AVE 4","residential":"N","year_completed":2009,"building_age_2026":17,"max_floor_lvl":1,"total_dwelling_units":0,"small_flat_share_pct":null,"rental_share_pct":null,"footprint_area_m2":1847.8,"estimated_residents_2026":0.0,"estimated_elderly_65plus_2026":0.0,"estimated_elderly_share_pct":null,"elderly_exposure_score":null,"elderly_exposure_class":null,"estimate_confidence":"HIGH","display_name":"Block 160"},"geometry":{"type":"Polygon","coordinates":[[[103.839047,1.374266],[103.839466,1.374536],[103.839305,1.37479],[103.838885,1.37452],[103.839047,1.374266]]]}},{"type":"Feature","properties":{"block_id":"6307","blk_no":"161","postal_code":"560161","region_id":"NER","region":"NORTH-EAST REGION","planning_area_id":"AM","planning_area":"ANG MO KIO","subzone_id":"AMSZ06","subzone":"KEBUN BAHRU","lon":103.8395,"lat":1.3742,"property_match":"MATCHED","property_match_confidence":"HIGH","street":"ANG MO KIO AVE 4","residential":"N","year_completed":1981,"building_age_2026":45,"max_floor_lvl":2,"total_dwelling_units":0,"small_flat_share_pct":null,"rental_share_pct":null,"footprint_area_m2":2073.4,"estimated_residents_2026":0.0,"estimated_elderly_65plus_2026":0.0,"estimated_elderly_share_pct":null,"elderly_exposure_score":null,"elderly_exposure_class":null,"estimate_confidence":"HIGH","display_name":"Block 161"},"geometry":{"type":"Polygon","coordinates":[[[103.83927,1.374104],[103.839817,1.374001],[103.839926,1.374128],[103.839872,1.374287],[103.839705,1.374318],[103.839697,1.374305],[103.839679,1.374333],[103.839656,1.374318],[103.839679,1.374284],[103.839636,1.374233],[103.83925,1.374306],[103.839107,1.374137],[103.839124,1.374082],[103.839233,1.374065],[103.83927,1.374104]]]}},{"type":"Feature","properties":{"block_id":"210","blk_no":"162","postal_code":"560162","region_id":"NER","region":"NORTH-EAST REGION","planning_area_id":"AM","planning_area":"ANG MO KIO","subzone_id":"AMSZ06","subzone":"KEBUN BAHRU","lon":103.8389,"lat":1.3741,"property_match":"MATCHED","property_match_confidence":"HIGH","street":"ANG MO KIO AVE 4","residential":"N","year_completed":2009,"building_age_2026":17,"max_floor_lvl":1,"total_dwelling_units":0,"small_flat_share_pct":null,"rental_share_pct":null,"footprint_area_m2":1162.1,"estimated_residents_2026":0.0,"estimated_elderly_65plus_2026":0.0,"estimated_elderly_share_pct":null,"elderly_exposure_score":null,"elderly_exposure_class":null,"estimate_confidence":"HIGH","display_name":"Block 162"},"geometry":{"type":"Polygon","coordinates":[[[103.838836,1.373889],[103.839072,1.374041],[103.838891,1.374325],[103.838655,1.374173],[103.838836,1.373889]]]}},{"type":"Feature","properties":{"block_id":"6121","blk_no":"163","postal_code":"560163","region_id":"NER","region":"NORTH-EAST REGION","planning_area_id":"AM","planning_area":"ANG MO KIO","subzone_id":"AMSZ06","subzone":"KEBUN BAHRU","lon":103.8386,"lat":1.3738,"property_match":"MATCHED","property_match_confidence":"HIGH","street":"ANG MO KIO AVE 4","residential":"Y","year_completed":1981,"building_age_2026":45,"max_floor_lvl":4,"total_dwelling_units":84,"small_flat_share_pct":100.0,"rental_share_pct":0.0,"footprint_area_m2":4285.6,"estimated_residents_2026":178.7,"estimated_elderly_65plus_2026":54.9,"estimated_elderly_share_pct":30.7,"elderly_exposure_score":47.3,"elderly_exposure_class":"MODERATE","estimate_confidence":"HIGH","display_name":"Block 163"},"geometry":{"type":"Polygon","coordinates":[[[103.838,1.37381],[103.838618,1.374209],[103.838547,1.374321],[103.837979,1.373956],[103.837696,1.374045],[103.837547,1.373564],[103.838069,1.373401],[103.838805,1.373876],[103.838736,1.373987],[103.838051,1.373546],[103.837712,1.373652],[103.837782,1.373878],[103.838,1.37381]]]}},{"type":"Feature","properties":{"block_id":"4599","blk_no":"170","postal_code":"560170","region_id":"NER","region":"NORTH-EAST REGION","planning_area_id":"AM","planning_area":"ANG MO KIO","subzone_id":"AMSZ06","subzone":"KEBUN BAHRU","lon":103.8364,"lat":1.374,"property_match":"MATCHED","property_match_confidence":"HIGH","street":"ANG MO KIO AVE 4","residential":"Y","year_completed":1980,"building_age_2026":46,"max_floor_lvl":10,"total_dwelling_units":179,"small_flat_share_pct":99.44,"rental_share_pct":2.23,"footprint_area_m2":1560.3,"estimated_residents_2026":367.1,"estimated_elderly_65plus_2026":113.5,"estimated_elderly_share_pct":30.92,"elderly_exposure_score":91.9,"elderly_exposure_class":"VERY HIGH","estimate_confidence":"HIGH","display_name":"Block 170"},"geometry":{"type":"Polygon","coordinates":[[[103.836888,1.373794],[103.837037,1.373866],[103.837147,1.37419],[103.837068,1.374218],[103.837053,1.374217],[103.83705,1.374207],[103.837032,1.374213],[103.837005,1.374132],[103.837023,1.374126],[103.837016,1.374105],[103.836997,1.374112],[103.836969,1.374031],[103.836988,1.374024],[103.836972,1.373979],[103.836954,1.373985],[103.836933,1.373922],[103.836952,1.373891],[103.836925,1.373878],[103.836914,1.373908],[103.836861,1.373927],[103.836856,1.373912],[103.836842,1.373917],[103.836847,1.373931],[103.836782,1.373953],[103.836775,1.373931],[103.836763,1.373935],[103.83677,1.373957],[103.836656,1.373995],[103.836649,1.373974],[103.836638,1.373978],[103.836645,1.374],[103.836572,1.374025],[103.836565,1.374005],[103.836546,1.374011],[103.836553,1.374031],[103.836474,1.374059],[103.836467,1.374038],[103.836421,1.374053],[103.836428,1.374074],[103.836346,1.374102],[103.836339,1.37408],[103.836317,1.374088],[103.836324,1.374109],[103.836243,1.374137],[103.836236,1.374116],[103.83622,1.374115],[103.836193,1.374034],[103.836673,1.373868],[103.836659,1.373827],[103.836687,1.373818],[103.836701,1.373859],[103.836888,1.373794]]]}},{"type":"Feature","properties":{"block_id":"6456","blk_no":"171","postal_code":"560171","region_id":"NER","region":"NORTH-EAST REGION","planning_area_id":"AM","planning_area":"ANG MO KIO","subzone_id":"AMSZ06","subzone":"KEBUN BAHRU","lon":103.8357,"lat":1.3747,"property_match":"MATCHED","property_match_confidence":"HIGH","street":"ANG MO KIO AVE 4","residential":"Y","year_completed":1981,"building_age_2026":45,"max_floor_lvl":16,"total_dwelling_units":96,"small_flat_share_pct":0.0,"rental_share_pct":0.0,"footprint_area_m2":1226.4,"estimated_residents_2026":314.3,"estimated_elderly_65plus_2026":81.3,"estimated_elderly_share_pct":25.87,"elderly_exposure_score":76.4,"elderly_exposure_class":"HIGH","estimate_confidence":"HIGH","display_name":"Block 171"},"geometry":{"type":"Polygon","coordinates":[[[103.835375,1.375022],[103.835416,1.374986],[103.83541,1.37498],[103.835532,1.374885],[103.835501,1.374849],[103.835573,1.374787],[103.835549,1.374757],[103.835582,1.374729],[103.8356,1.374749],[103.83567,1.374687],[103.835645,1.374658],[103.835686,1.374623],[103.83568,1.374615],[103.835802,1.374523],[103.83577,1.374487],[103.835928,1.374351],[103.835999,1.374433],[103.835985,1.374445],[103.835974,1.374434],[103.835937,1.374467],[103.835959,1.374492],[103.835908,1.374537],[103.835885,1.374509],[103.835848,1.374543],[103.835858,1.374554],[103.835845,1.374566],[103.835877,1.374604],[103.83586,1.374618],[103.835851,1.374607],[103.835814,1.374641],[103.835835,1.374667],[103.835783,1.374711],[103.835761,1.374686],[103.835721,1.374719],[103.835732,1.374733],[103.83572,1.374744],[103.835752,1.374779],[103.835737,1.374793],[103.835727,1.37478],[103.835688,1.374812],[103.83571,1.374839],[103.835639,1.374901],[103.835617,1.374875],[103.835579,1.374909],[103.835589,1.374923],[103.835577,1.374933],[103.835608,1.374971],[103.835594,1.374983],[103.835583,1.37497],[103.835544,1.375003],[103.835566,1.375031],[103.835514,1.375076],[103.835491,1.37505],[103.835453,1.375083],[103.835464,1.375096],[103.835448,1.375108],[103.835375,1.375022]]]}},{"type":"Feature","properties":{"block_id":"4299","blk_no":"172","postal_code":"560172","region_id":"NER","region":"NORTH-EAST REGION","planning_area_id":"AM","planning_area":"ANG MO KIO","subzone_id":"AMSZ06","subzone":"KEBUN BAHRU","lon":103.8366,"lat":1.3746,"property_match":"MATCHED","property_match_confidence":"HIGH","street":"ANG MO KIO AVE 4","residential":"Y","year_completed":1980,"building_age_2026":46,"max_floor_lvl":10,"total_dwelling_units":178,"small_flat_share_pct":98.88,"rental_share_pct":1.69,"footprint_area_m2":1511.4,"estimated_residents_2026":366.1,"estimated_elderly_65plus_2026":113.1,"estimated_elderly_share_pct":30.9,"elderly_exposure_score":91.8,"elderly_exposure_class":"VERY HIGH","estimate_confidence":"HIGH","display_name":"Block 172"},"geometry":{"type":"Polygon","coordinates":[[[103.836679,1.374468],[103.836686,1.374491],[103.8367,1.374486],[103.836693,1.374464],[103.836755,1.374443],[103.836764,1.374467],[103.836779,1.374461],[103.836771,1.374438],[103.836845,1.374412],[103.836852,1.374432],[103.836874,1.374424],[103.836867,1.374404],[103.836949,1.374376],[103.836957,1.374397],[103.837003,1.374381],[103.836996,1.374361],[103.837075,1.374334],[103.837082,1.374354],[103.837105,1.374346],[103.837098,1.374326],[103.837174,1.374299],[103.837181,1.374319],[103.837192,1.374316],[103.837223,1.374402],[103.836682,1.374589],[103.836699,1.374635],[103.836675,1.374647],[103.836645,1.374611],[103.836274,1.374933],[103.836211,1.37486],[103.836222,1.37485],[103.83621,1.374835],[103.836277,1.374777],[103.836292,1.374794],[103.836308,1.37478],[103.836294,1.374763],[103.83636,1.374706],[103.836374,1.374723],[103.836411,1.374691],[103.836398,1.374675],[103.836462,1.374619],[103.836476,1.374635],[103.836494,1.37462],[103.83648,1.374604],[103.836537,1.374554],[103.836552,1.374572],[103.836561,1.374564],[103.836547,1.374548],[103.836576,1.374522],[103.83659,1.374537],[103.836618,1.374513],[103.836653,1.374503],[103.836645,1.37448],[103.836679,1.374468]]]}},{"type":"Feature","properties":{"block_id":"2786","blk_no":"173","postal_code":"560173","region_id":"NER","region":"NORTH-EAST REGION","planning_area_id":"AM","planning_area":"ANG MO KIO","subzone_id":"AMSZ06","subzone":"KEBUN BAHRU","lon":103.8364,"lat":1.3754,"property_match":"MATCHED","property_match_confidence":"HIGH","street":"ANG MO KIO AVE 4","residential":"Y","year_completed":1981,"building_age_2026":45,"max_floor_lvl":13,"total_dwelling_units":168,"small_flat_share_pct":14.29,"rental_share_pct":0.0,"footprint_area_m2":1814.7,"estimated_residents_2026":445.7,"estimated_elderly_65plus_2026":129.2,"estimated_elderly_share_pct":28.99,"elderly_exposure_score":95.0,"elderly_exposure_class":"VERY HIGH","estimate_confidence":"HIGH","display_name":"Block 173"},"geometry":{"type":"Polygon","coordinates":[[[103.835838,1.375344],[103.835816,1.375318],[103.835945,1.375207],[103.836006,1.375189],[103.836174,1.375202],[103.836172,1.375237],[103.836362,1.37525],[103.836365,1.375216],[103.83638,1.375199],[103.836423,1.375201],[103.836435,1.375219],[103.836432,1.375258],[103.836548,1.375265],[103.836772,1.37519],[103.836796,1.375262],[103.83677,1.375271],[103.836783,1.375306],[103.83677,1.37531],[103.836778,1.375333],[103.836766,1.37534],[103.836699,1.37536],[103.836691,1.375338],[103.836616,1.375361],[103.836619,1.375379],[103.836536,1.375393],[103.836511,1.375393],[103.836508,1.375375],[103.83643,1.37537],[103.836428,1.375393],[103.836356,1.375391],[103.836343,1.375387],[103.836344,1.375364],[103.836266,1.375358],[103.836264,1.375382],[103.836194,1.375379],[103.836179,1.375375],[103.836182,1.375351],[103.836142,1.375347],[103.836143,1.375313],[103.836104,1.375311],[103.836103,1.375334],[103.836034,1.375333],[103.836018,1.375304],[103.835997,1.375313],[103.836004,1.375344],[103.835961,1.375379],[103.835948,1.375386],[103.835934,1.375368],[103.835907,1.375391],[103.835931,1.37542],[103.835899,1.375445],[103.835916,1.375465],[103.835849,1.37552],[103.835833,1.375501],[103.835823,1.375511],[103.835799,1.375481],[103.835778,1.375498],[103.83573,1.375439],[103.835838,1.375344]]]}},{"type":"Feature","properties":{"block_id":"5723","blk_no":"174","postal_code":"560174","region_id":"NER","region":"NORTH-EAST REGION","planning_area_id":"AM","planning_area":"ANG MO KIO","subzone_id":"AMSZ06","subzone":"KEBUN BAHRU","lon":103.8372,"lat":1.3753,"property_match":"MATCHED","property_match_confidence":"HIGH","street":"ANG MO KIO AVE 4","residential":"Y","year_completed":1980,"building_age_2026":46,"max_floor_lvl":11,"total_dwelling_units":198,"small_flat_share_pct":98.99,"rental_share_pct":1.01,"footprint_area_m2":1566.1,"estimated_residents_2026":406.8,"estimated_elderly_65plus_2026":125.7,"estimated_elderly_share_pct":30.91,"elderly_exposure_score":94.4,"elderly_exposure_class":"VERY HIGH","estimate_confidence":"HIGH","display_name":"Block 174"},"geometry":{"type":"Polygon","coordinates":[[[103.837703,1.375118],[103.83769,1.375123],[103.837696,1.375141],[103.837631,1.375163],[103.837625,1.375144],[103.837614,1.375148],[103.837621,1.375167],[103.837548,1.375191],[103.837541,1.375172],[103.837521,1.375179],[103.837527,1.375198],[103.837447,1.375224],[103.837441,1.375204],[103.837394,1.37522],[103.837401,1.37524],[103.83732,1.375267],[103.837313,1.375247],[103.837292,1.375254],[103.837299,1.375274],[103.837217,1.375302],[103.837211,1.375282],[103.837196,1.375277],[103.83717,1.375199],[103.837742,1.375008],[103.837755,1.374986],[103.838034,1.375161],[103.838068,1.375312],[103.837945,1.375512],[103.837867,1.375463],[103.83787,1.375445],[103.837854,1.375435],[103.837899,1.375363],[103.837916,1.375374],[103.837943,1.375332],[103.837929,1.375323],[103.837963,1.375268],[103.837995,1.375262],[103.837988,1.375237],[103.837955,1.375248],[103.8379,1.375213],[103.837911,1.375195],[103.837892,1.375183],[103.837882,1.3752],[103.837817,1.375159],[103.837828,1.375143],[103.837816,1.375135],[103.837805,1.375153],[103.837772,1.375132],[103.837781,1.375117],[103.837757,1.375105],[103.837738,1.375107],[103.837744,1.375126],[103.83771,1.375137],[103.837703,1.375118]]]}},{"type":"Feature","properties":{"block_id":"5397","blk_no":"175","postal_code":"560175","region_id":"NER","region":"NORTH-EAST REGION","planning_area_id":"AM","planning_area":"ANG MO KIO","subzone_id":"AMSZ06","subzone":"KEBUN BAHRU","lon":103.8371,"lat":1.3757,"property_match":"MATCHED","property_match_confidence":"HIGH","street":"ANG MO KIO AVE 4","residential":"Y","year_completed":1980,"building_age_2026":46,"max_floor_lvl":11,"total_dwelling_units":140,"small_flat_share_pct":0.0,"rental_share_pct":0.0,"footprint_area_m2":1816.0,"estimated_residents_2026":383.7,"estimated_elderly_65plus_2026":110.4,"estimated_elderly_share_pct":28.76,"elderly_exposure_score":91.3,"elderly_exposure_class":"VERY HIGH","estimate_confidence":"HIGH","display_name":"Block 175"},"geometry":{"type":"Polygon","coordinates":[[[103.837108,1.375794],[103.836605,1.375964],[103.83658,1.37589],[103.836606,1.375882],[103.836597,1.375857],[103.83661,1.375853],[103.836598,1.375818],[103.83668,1.375791],[103.836687,1.375814],[103.836758,1.37579],[103.836751,1.375767],[103.836833,1.375739],[103.83684,1.375762],[103.836912,1.375738],[103.836904,1.375714],[103.836985,1.375687],[103.836993,1.375711],[103.837065,1.375686],[103.837057,1.375663],[103.837139,1.375635],[103.837148,1.375659],[103.837222,1.375634],[103.837214,1.375609],[103.837295,1.375582],[103.837303,1.375604],[103.837372,1.375581],[103.837365,1.375559],[103.837448,1.375531],[103.837456,1.375555],[103.837527,1.375531],[103.837519,1.375507],[103.8376,1.375479],[103.837608,1.375503],[103.837622,1.375499],[103.837634,1.375536],[103.837659,1.375527],[103.837683,1.375598],[103.837175,1.37577],[103.837188,1.37581],[103.837179,1.375824],[103.837137,1.37584],[103.837121,1.375832],[103.837108,1.375794]]]}},{"type":"Feature","properties":{"block_id":"7003","blk_no":"176","postal_code":"560176","region_id":"NER","region":"NORTH-EAST REGION","planning_area_id":"AM","planning_area":"ANG MO KIO","subzone_id":"AMSZ06","subzone":"KEBUN BAHRU","lon":103.8362,"lat":1.3759,"property_match":"MATCHED","property_match_confidence":"HIGH","street":"ANG MO KIO AVE 4","residential":"Y","year_completed":1980,"building_age_2026":46,"max_floor_lvl":11,"total_dwelling_units":60,"small_flat_share_pct":0.0,"rental_share_pct":0.0,"footprint_area_m2":955.4,"estimated_residents_2026":201.9,"estimated_elderly_65plus_2026":51.4,"estimated_elderly_share_pct":25.47,"elderly_exposure_score":43.3,"elderly_exposure_class":"MODERATE","estimate_confidence":"HIGH","display_name":"Block 176"},"geometry":{"type":"Polygon","coordinates":[[[103.836409,1.376082],[103.836418,1.376093],[103.836349,1.376152],[103.836086,1.375841],[103.836053,1.375811],[103.836033,1.375828],[103.836004,1.375794],[103.836025,1.375775],[103.83589,1.375614],[103.835958,1.375555],[103.835967,1.375566],[103.835984,1.375551],[103.836039,1.375616],[103.836023,1.37563],[103.836038,1.375648],[103.836054,1.375634],[103.836109,1.375699],[103.836093,1.375712],[103.836126,1.375751],[103.836142,1.375737],[103.836197,1.375802],[103.836181,1.375815],[103.836196,1.375833],[103.836212,1.375819],[103.836267,1.375884],[103.836251,1.375897],[103.836266,1.375915],[103.836282,1.375902],[103.836337,1.375966],[103.836321,1.375979],[103.836354,1.376018],[103.83637,1.376004],[103.836425,1.376069],[103.836409,1.376082]]]}},{"type":"Feature","properties":{"block_id":"3031","blk_no":"177","postal_code":"560177","region_id":"NER","region":"NORTH-EAST REGION","planning_area_id":"AM","planning_area":"ANG MO KIO","subzone_id":"AMSZ06","subzone":"KEBUN BAHRU","lon":103.8382,"lat":1.3758,"property_match":"MATCHED","property_match_confidence":"HIGH","street":"ANG MO KIO AVE 4","residential":"Y","year_completed":1980,"building_age_2026":46,"max_floor_lvl":12,"total_dwelling_units":154,"small_flat_share_pct":0.0,"rental_share_pct":0.0,"footprint_area_m2":1651.4,"estimated_residents_2026":422.1,"estimated_elderly_65plus_2026":121.4,"estimated_elderly_share_pct":28.76,"elderly_exposure_score":93.6,"elderly_exposure_class":"VERY HIGH","estimate_confidence":"HIGH","display_name":"Block 177"},"geometry":{"type":"Polygon","coordinates":[[[103.837647,1.376075],[103.83764,1.376051],[103.837626,1.376056],[103.837614,1.376018],[103.83759,1.376026],[103.837566,1.375953],[103.837652,1.375924],[103.837658,1.37594],[103.838079,1.375799],[103.838057,1.375734],[103.838123,1.375712],[103.838144,1.375776],[103.838571,1.375633],[103.838566,1.37562],[103.83865,1.375592],[103.838674,1.375665],[103.838648,1.375674],[103.838657,1.375702],[103.838643,1.375707],[103.838651,1.375733],[103.83857,1.375761],[103.838562,1.375738],[103.838488,1.375762],[103.838496,1.375784],[103.838413,1.375812],[103.838406,1.375793],[103.838335,1.375817],[103.838342,1.375838],[103.83826,1.375865],[103.838255,1.375853],[103.838182,1.375877],[103.838187,1.375891],[103.838107,1.375917],[103.8381,1.375897],[103.838028,1.375921],[103.838035,1.375944],[103.837954,1.375971],[103.837949,1.375957],[103.837876,1.375981],[103.837881,1.375997],[103.837801,1.376023],[103.837794,1.376002],[103.837722,1.376026],[103.837729,1.376048],[103.837647,1.376075]]]}},{"type":"Feature","properties":{"block_id":"132","blk_no":"178","postal_code":"560178","region_id":"NER","region":"NORTH-EAST REGION","planning_area_id":"AM","planning_area":"ANG MO KIO","subzone_id":"AMSZ06","subzone":"KEBUN BAHRU","lon":103.8369,"lat":1.3763,"property_match":"MATCHED","property_match_confidence":"HIGH","street":"ANG MO KIO AVE 4","residential":"Y","year_completed":1980,"building_age_2026":46,"max_floor_lvl":13,"total_dwelling_units":187,"small_flat_share_pct":84.49,"rental_share_pct":0.0,"footprint_area_m2":1596.8,"estimated_residents_2026":418.8,"estimated_elderly_65plus_2026":126.4,"estimated_elderly_share_pct":30.19,"elderly_exposure_score":94.6,"elderly_exposure_class":"VERY HIGH","estimate_confidence":"HIGH","display_name":"Block 178"},"geometry":{"type":"Polygon","coordinates":[[[103.836987,1.376152],[103.837461,1.375992],[103.837486,1.376101],[103.837473,1.376105],[103.837482,1.376132],[103.837403,1.376159],[103.837396,1.376138],[103.837348,1.376154],[103.837354,1.376174],[103.837273,1.376201],[103.837266,1.376181],[103.837247,1.376187],[103.837253,1.376208],[103.837171,1.376236],[103.837164,1.376215],[103.837141,1.376223],[103.837148,1.376244],[103.837067,1.376271],[103.837059,1.376248],[103.837047,1.376244],[103.837012,1.376275],[103.837027,1.376292],[103.83696,1.37635],[103.836944,1.376331],[103.836928,1.376345],[103.836942,1.376361],[103.836878,1.376416],[103.836865,1.3764],[103.836847,1.376415],[103.836862,1.376432],[103.836795,1.37649],[103.83678,1.376474],[103.836745,1.376505],[103.836758,1.376521],[103.836693,1.376577],[103.836678,1.376558],[103.836668,1.376567],[103.836644,1.376538],[103.836636,1.376545],[103.83659,1.376492],[103.836946,1.376183],[103.836934,1.376168],[103.836972,1.376135],[103.836987,1.376152]]]}},{"type":"Feature","properties":{"block_id":"4734","blk_no":"179","postal_code":"560179","region_id":"NER","region":"NORTH-EAST REGION","planning_area_id":"AM","planning_area":"ANG MO KIO","subzone_id":"AMSZ06","subzone":"KEBUN BAHRU","lon":103.8362,"lat":1.3769,"property_match":"MATCHED","property_match_confidence":"HIGH","street":"ANG MO KIO AVE 5","residential":"Y","year_completed":1980,"building_age_2026":46,"max_floor_lvl":13,"total_dwelling_units":120,"small_flat_share_pct":0.0,"rental_share_pct":0.0,"footprint_area_m2":1184.2,"estimated_residents_2026":328.9,"estimated_elderly_65plus_2026":94.6,"estimated_elderly_share_pct":28.76,"elderly_exposure_score":85.1,"elderly_exposure_class":"VERY HIGH","estimate_confidence":"HIGH","display_name":"Block 179"},"geometry":{"type":"Polygon","coordinates":[[[103.835987,1.377202],[103.83597,1.377182],[103.83596,1.377191],[103.835935,1.377162],[103.835915,1.37718],[103.835865,1.377121],[103.835922,1.377071],[103.835946,1.377076],[103.836159,1.376892],[103.83612,1.376846],[103.836123,1.376828],[103.836174,1.376799],[103.836213,1.376842],[103.83642,1.376662],[103.836421,1.376641],[103.836482,1.376589],[103.836531,1.376647],[103.836513,1.376662],[103.836538,1.376692],[103.836529,1.3767],[103.836545,1.376718],[103.836479,1.376775],[103.836464,1.376756],[103.836405,1.376808],[103.83642,1.376826],[103.836355,1.376882],[103.83634,1.376866],[103.836285,1.376914],[103.836299,1.376931],[103.836234,1.376988],[103.836217,1.376969],[103.836159,1.377019],[103.836175,1.377037],[103.836111,1.377093],[103.836095,1.377075],[103.836036,1.377126],[103.836051,1.377144],[103.835987,1.377202]]]}},{"type":"Feature","properties":{"block_id":"6891","blk_no":"180","postal_code":"560180","region_id":"NER","region":"NORTH-EAST REGION","planning_area_id":"AM","planning_area":"ANG MO KIO","subzone_id":"AMSZ06","subzone":"KEBUN BAHRU","lon":103.8379,"lat":1.3766,"property_match":"MATCHED","property_match_confidence":"HIGH","street":"ANG MO KIO AVE 5","residential":"Y","year_completed":1980,"building_age_2026":46,"max_floor_lvl":9,"total_dwelling_units":235,"small_flat_share_pct":91.06,"rental_share_pct":0.0,"footprint_area_m2":2824.4,"estimated_residents_2026":516.0,"estimated_elderly_65plus_2026":156.7,"estimated_elderly_share_pct":30.37,"elderly_exposure_score":97.7,"elderly_exposure_class":"VERY HIGH","estimate_confidence":"HIGH","display_name":"Block 180"},"geometry":{"type":"Polygon","coordinates":[[[103.83922,1.376749],[103.838073,1.376742],[103.838073,1.376765],[103.838023,1.376766],[103.838024,1.376738],[103.837742,1.376495],[103.837522,1.376568],[103.8375,1.376503],[103.837512,1.376499],[103.837501,1.376466],[103.837512,1.376458],[103.837504,1.376432],[103.837584,1.376405],[103.837592,1.376427],[103.837614,1.37642],[103.837606,1.376397],[103.837686,1.37637],[103.837694,1.376393],[103.837706,1.376389],[103.837723,1.37644],[103.837731,1.376441],[103.837744,1.376405],[103.837772,1.376411],[103.837771,1.37645],[103.837814,1.37641],[103.837823,1.376419],[103.837839,1.376401],[103.837903,1.376457],[103.837887,1.376475],[103.837904,1.37649],[103.83792,1.376472],[103.837983,1.376529],[103.837967,1.376547],[103.837985,1.376562],[103.838001,1.376544],[103.838064,1.3766],[103.838049,1.376618],[103.838071,1.376632],[103.838084,1.376632],[103.838084,1.376608],[103.838169,1.376609],[103.838169,1.376632],[103.838192,1.376633],[103.838192,1.376609],[103.838276,1.376609],[103.838276,1.376633],[103.838299,1.376634],[103.8383,1.376609],[103.838384,1.37661],[103.838384,1.376634],[103.838405,1.376634],[103.83841,1.37661],[103.838494,1.376611],[103.838494,1.376633],[103.838544,1.376634],[103.838544,1.376611],[103.838629,1.376611],[103.838629,1.376636],[103.838652,1.376635],[103.838652,1.376611],[103.838737,1.376612],[103.838737,1.376636],[103.83876,1.376636],[103.83876,1.376612],[103.838845,1.376613],[103.838845,1.376636],[103.838868,1.376637],[103.838868,1.376613],[103.838953,1.376613],[103.838953,1.376637],[103.839002,1.376637],[103.839003,1.376614],[103.839087,1.376614],[103.839087,1.376638],[103.83911,1.376638],[103.83911,1.376614],[103.839195,1.376615],[103.839195,1.376642],[103.839209,1.376646],[103.839208,1.376683],[103.839222,1.376687],[103.83922,1.376749]]]}},{"type":"Feature","properties":{"block_id":"6154","blk_no":"181","postal_code":"560181","region_id":"NER","region":"NORTH-EAST REGION","planning_area_id":"AM","planning_area":"ANG MO KIO","subzone_id":"AMSZ06","subzone":"KEBUN BAHRU","lon":103.8372,"lat":1.3768,"property_match":"MATCHED","property_match_confidence":"HIGH","street":"ANG MO KIO AVE 5","residential":"Y","year_completed":1980,"building_age_2026":46,"max_floor_lvl":9,"total_dwelling_units":88,"small_flat_share_pct":82.95,"rental_share_pct":0.0,"footprint_area_m2":1219.5,"estimated_residents_2026":196.4,"estimated_elderly_65plus_2026":59.5,"estimated_elderly_share_pct":30.3,"elderly_exposure_score":53.3,"elderly_exposure_class":"MODERATE","estimate_confidence":"HIGH","display_name":"Block 181"},"geometry":{"type":"Polygon","coordinates":[[[103.837329,1.376653],[103.837368,1.376578],[103.837394,1.376592],[103.8374,1.376579],[103.837432,1.376597],[103.837438,1.376584],[103.837499,1.376616],[103.837417,1.376775],[103.83707,1.376899],[103.837076,1.376916],[103.837035,1.376929],[103.837028,1.376906],[103.836818,1.376984],[103.836772,1.376854],[103.83699,1.37678],[103.836997,1.376801],[103.837034,1.376788],[103.837027,1.376767],[103.837107,1.37674],[103.837114,1.376761],[103.837134,1.376754],[103.837127,1.376733],[103.837207,1.376706],[103.837214,1.376727],[103.837235,1.37672],[103.837228,1.376699],[103.837311,1.376671],[103.837317,1.37669],[103.837331,1.376687],[103.837349,1.376665],[103.837329,1.376653]]]}},{"type":"Feature","properties":{"block_id":"7441","blk_no":"182","postal_code":"560182","region_id":"NER","region":"NORTH-EAST REGION","planning_area_id":"AM","planning_area":"ANG MO KIO","subzone_id":"AMSZ06","subzone":"KEBUN BAHRU","lon":103.8366,"lat":1.3772,"property_match":"MATCHED","property_match_confidence":"HIGH","street":"ANG MO KIO AVE 5","residential":"Y","year_completed":1980,"building_age_2026":46,"max_floor_lvl":13,"total_dwelling_units":141,"small_flat_share_pct":80.85,"rental_share_pct":0.0,"footprint_area_m2":1185.2,"estimated_residents_2026":318.4,"estimated_elderly_65plus_2026":96.0,"estimated_elderly_share_pct":30.14,"elderly_exposure_score":85.7,"elderly_exposure_class":"VERY HIGH","estimate_confidence":"HIGH","display_name":"Block 182"},"geometry":{"type":"Polygon","coordinates":[[[103.836569,1.377196],[103.836586,1.377169],[103.836567,1.377164],[103.836596,1.377083],[103.836615,1.377089],[103.836623,1.377068],[103.836601,1.37706],[103.83663,1.37698],[103.836652,1.376988],[103.836658,1.376976],[103.836695,1.376989],[103.8367,1.376976],[103.836763,1.376999],[103.836676,1.377246],[103.836696,1.377267],[103.836664,1.377297],[103.836646,1.377278],[103.836456,1.377442],[103.836193,1.377487],[103.836182,1.377423],[103.836194,1.377422],[103.836195,1.377355],[103.83628,1.377337],[103.836284,1.377358],[103.836307,1.377354],[103.836303,1.377334],[103.836385,1.377317],[103.83639,1.377337],[103.836401,1.377336],[103.836423,1.377323],[103.836407,1.377306],[103.836472,1.37725],[103.836487,1.377268],[103.836504,1.377253],[103.836488,1.377237],[103.836554,1.37718],[103.836569,1.377196]]]}},{"type":"Feature","properties":{"block_id":"6018","blk_no":"201","postal_code":"560201","region_id":"NER","region":"NORTH-EAST REGION","planning_area_id":"AM","planning_area":"ANG MO KIO","subzone_id":"AMSZ05","subzone":"SHANGRI-LA","lon":103.8446,"lat":1.3688,"property_match":"MATCHED","property_match_confidence":"HIGH","street":"ANG MO KIO AVE 3","residential":"Y","year_completed":1976,"building_age_2026":50,"max_floor_lvl":10,"total_dwelling_units":142,"small_flat_share_pct":85.92,"rental_share_pct":0.0,"footprint_area_m2":1436.6,"estimated_residents_2026":313.1,"estimated_elderly_65plus_2026":93.5,"estimated_elderly_share_pct":29.86,"elderly_exposure_score":84.7,"elderly_exposure_class":"VERY HIGH","estimate_confidence":"HIGH","display_name":"Block 201"},"geometry":{"type":"Polygon","coordinates":[[[103.845028,1.368847],[103.844779,1.368884],[103.844778,1.368877],[103.844364,1.368927],[103.844365,1.368935],[103.844324,1.36894],[103.844324,1.368933],[103.844114,1.368959],[103.844101,1.368849],[103.844114,1.368847],[103.844112,1.368825],[103.8442,1.368814],[103.844203,1.368841],[103.844223,1.368839],[103.84422,1.368812],[103.844305,1.368801],[103.844308,1.368828],[103.844356,1.368822],[103.844353,1.368796],[103.844438,1.368785],[103.844441,1.368811],[103.844464,1.368808],[103.844461,1.368782],[103.844546,1.368771],[103.844549,1.368798],[103.84457,1.368796],[103.844567,1.368769],[103.844652,1.368759],[103.844655,1.368785],[103.844678,1.368782],[103.844675,1.368756],[103.84476,1.368746],[103.844763,1.368773],[103.844811,1.368767],[103.844807,1.36874],[103.844893,1.36873],[103.844896,1.368755],[103.844918,1.368752],[103.844915,1.368727],[103.844999,1.368717],[103.845002,1.368739],[103.845015,1.368737],[103.845028,1.368847]]]}},{"type":"Feature","properties":{"block_id":"7038","blk_no":"202","postal_code":"560202","region_id":"NER","region":"NORTH-EAST REGION","planning_area_id":"AM","planning_area":"ANG MO KIO","subzone_id":"AMSZ05","subzone":"SHANGRI-LA","lon":103.8445,"lat":1.3685,"property_match":"MATCHED","property_match_confidence":"HIGH","street":"ANG MO KIO AVE 3","residential":"Y","year_completed":1976,"building_age_2026":50,"max_floor_lvl":10,"total_dwelling_units":129,"small_flat_share_pct":86.05,"rental_share_pct":0.78,"footprint_area_m2":1457.2,"estimated_residents_2026":284.5,"estimated_elderly_65plus_2026":85.0,"estimated_elderly_share_pct":29.87,"elderly_exposure_score":78.9,"elderly_exposure_class":"HIGH","estimate_confidence":"HIGH","display_name":"Block 202"},"geometry":{"type":"Polygon","coordinates":[[[103.844757,1.368354],[103.844758,1.368362],[103.844967,1.368337],[103.844981,1.368447],[103.844967,1.368449],[103.844969,1.36847],[103.844886,1.36848],[103.844884,1.368457],[103.844861,1.36846],[103.844864,1.368482],[103.844778,1.368493],[103.844776,1.36847],[103.844727,1.368476],[103.844729,1.368499],[103.844645,1.368509],[103.844642,1.368486],[103.844621,1.368489],[103.844623,1.368512],[103.844538,1.368523],[103.844536,1.368499],[103.844513,1.368501],[103.844516,1.368525],[103.844432,1.368536],[103.844429,1.368511],[103.844407,1.368514],[103.84441,1.368539],[103.844325,1.368549],[103.844322,1.368525],[103.844283,1.36853],[103.844286,1.368554],[103.844069,1.368581],[103.844052,1.368448],[103.844302,1.368411],[103.844303,1.368418],[103.844717,1.368367],[103.844716,1.36836],[103.844757,1.368354]]]}},{"type":"Feature","properties":{"block_id":"3716","blk_no":"203","postal_code":"560203","region_id":"NER","region":"NORTH-EAST REGION","planning_area_id":"AM","planning_area":"ANG MO KIO","subzone_id":"AMSZ05","subzone":"SHANGRI-LA","lon":103.8442,"lat":1.3676,"property_match":"MATCHED","property_match_confidence":"HIGH","street":"ANG MO KIO AVE 3","residential":"Y","year_completed":1976,"building_age_2026":50,"max_floor_lvl":11,"total_dwelling_units":160,"small_flat_share_pct":100.0,"rental_share_pct":100.0,"footprint_area_m2":900.7,"estimated_residents_2026":332.1,"estimated_elderly_65plus_2026":96.0,"estimated_elderly_share_pct":28.9,"elderly_exposure_score":85.8,"elderly_exposure_class":"VERY HIGH","estimate_confidence":"HIGH","display_name":"Block 203"},"geometry":{"type":"Polygon","coordinates":[[[103.844328,1.36759],[103.844315,1.367576],[103.844304,1.367585],[103.844317,1.3676],[103.844268,1.367644],[103.844255,1.36763],[103.844244,1.36764],[103.844257,1.367654],[103.844207,1.367699],[103.84419,1.36768],[103.844149,1.367716],[103.844166,1.367735],[103.844117,1.36778],[103.844104,1.367765],[103.844093,1.367775],[103.844106,1.367789],[103.844056,1.367834],[103.844043,1.36782],[103.844033,1.367829],[103.844045,1.367844],[103.843996,1.367888],[103.843983,1.367874],[103.843969,1.36789],[103.843943,1.367863],[103.843961,1.367841],[103.843928,1.367804],[103.844141,1.367603],[103.844145,1.367609],[103.844442,1.367342],[103.844501,1.367407],[103.844486,1.367422],[103.844498,1.367437],[103.844449,1.367482],[103.844436,1.367467],[103.844425,1.367477],[103.844438,1.367491],[103.844388,1.367536],[103.844375,1.367522],[103.844365,1.367531],[103.844378,1.367546],[103.844328,1.36759]]]}},{"type":"Feature","properties":{"block_id":"5323","blk_no":"204","postal_code":"560204","region_id":"NER","region":"NORTH-EAST REGION","planning_area_id":"AM","planning_area":"ANG MO KIO","subzone_id":"AMSZ05","subzone":"SHANGRI-LA","lon":103.8439,"lat":1.3674,"property_match":"MATCHED","property_match_confidence":"HIGH","street":"ANG MO KIO AVE 3","residential":"Y","year_completed":1976,"building_age_2026":50,"max_floor_lvl":11,"total_dwelling_units":100,"small_flat_share_pct":0.0,"rental_share_pct":0.0,"footprint_area_m2":1288.7,"estimated_residents_2026":283.1,"estimated_elderly_65plus_2026":56.6,"estimated_elderly_share_pct":20.0,"elderly_exposure_score":49.2,"elderly_exposure_class":"MODERATE","estimate_confidence":"HIGH","display_name":"Block 204"},"geometry":{"type":"Polygon","coordinates":[[[103.844185,1.36705],[103.844261,1.367136],[103.844232,1.367163],[103.844245,1.367178],[103.844181,1.367237],[103.844164,1.367218],[103.844107,1.367269],[103.844124,1.367287],[103.844058,1.367346],[103.844042,1.367328],[103.843986,1.367379],[103.844001,1.367395],[103.84394,1.36745],[103.843924,1.367433],[103.843865,1.367485],[103.843882,1.367504],[103.843819,1.36756],[103.843803,1.367541],[103.843745,1.367593],[103.843762,1.367612],[103.843699,1.367669],[103.843685,1.367653],[103.843655,1.36768],[103.843579,1.367594],[103.843629,1.367549],[103.843602,1.367519],[103.843625,1.367499],[103.843652,1.367528],[103.843892,1.367303],[103.843897,1.367308],[103.84399,1.367224],[103.843964,1.367194],[103.843988,1.367173],[103.844014,1.367203],[103.844134,1.367086],[103.844185,1.36705]]]}},{"type":"Feature","properties":{"block_id":"8846","blk_no":"205","postal_code":"560205","region_id":"NER","region":"NORTH-EAST REGION","planning_area_id":"AM","planning_area":"ANG MO KIO","subzone_id":"AMSZ05","subzone":"SHANGRI-LA","lon":103.8436,"lat":1.3669,"property_match":"MATCHED","property_match_confidence":"HIGH","street":"ANG MO KIO AVE 1","residential":"Y","year_completed":1976,"building_age_2026":50,"max_floor_lvl":11,"total_dwelling_units":100,"small_flat_share_pct":0.0,"rental_share_pct":0.0,"footprint_area_m2":1435.6,"estimated_residents_2026":283.1,"estimated_elderly_65plus_2026":56.6,"estimated_elderly_share_pct":20.0,"elderly_exposure_score":49.2,"elderly_exposure_class":"MODERATE","estimate_confidence":"HIGH","display_name":"Block 205"},"geometry":{"type":"Polygon","coordinates":[[[103.843513,1.366929],[103.843486,1.366898],[103.843506,1.366881],[103.843517,1.366894],[103.843542,1.366872],[103.84353,1.366859],[103.843549,1.366842],[103.843576,1.366873],[103.843634,1.366821],[103.843607,1.36679],[103.843626,1.366773],[103.843638,1.366786],[103.843662,1.366764],[103.84365,1.366751],[103.84367,1.366734],[103.843697,1.366764],[103.843755,1.366713],[103.843728,1.366682],[103.843747,1.366664],[103.843759,1.366678],[103.843783,1.366656],[103.843771,1.366643],[103.843791,1.366625],[103.843818,1.366656],[103.843848,1.366629],[103.843912,1.366702],[103.843862,1.366746],[103.843901,1.36679],[103.843878,1.36681],[103.84385,1.366778],[103.843766,1.366853],[103.843787,1.366886],[103.843775,1.366933],[103.843755,1.366941],[103.843734,1.366936],[103.843721,1.366918],[103.843722,1.366897],[103.843639,1.36697],[103.843661,1.36697],[103.843679,1.366985],[103.843682,1.367007],[103.84367,1.367026],[103.843629,1.367033],[103.843596,1.367006],[103.84351,1.367083],[103.843539,1.367115],[103.843516,1.367135],[103.843487,1.367104],[103.843389,1.367192],[103.843407,1.367224],[103.843393,1.367233],[103.843369,1.367214],[103.843319,1.367259],[103.843243,1.367172],[103.843272,1.367146],[103.843245,1.367115],[103.843264,1.367097],[103.843276,1.367111],[103.8433,1.367089],[103.843288,1.367076],[103.843308,1.367059],[103.843335,1.367089],[103.843393,1.367038],[103.843365,1.367007],[103.843385,1.366989],[103.843396,1.367003],[103.843421,1.366981],[103.843409,1.366968],[103.843428,1.36695],[103.843456,1.366981],[103.843513,1.366929]]]}},{"type":"Feature","properties":{"block_id":"7197","blk_no":"206","postal_code":"560206","region_id":"NER","region":"NORTH-EAST REGION","planning_area_id":"AM","planning_area":"ANG MO KIO","subzone_id":"AMSZ05","subzone":"SHANGRI-LA","lon":103.8434,"lat":1.3666,"property_match":"MATCHED","property_match_confidence":"HIGH","street":"ANG MO KIO AVE 1","residential":"Y","year_completed":1976,"building_age_2026":50,"max_floor_lvl":11,"total_dwelling_units":160,"small_flat_share_pct":100.0,"rental_share_pct":100.0,"footprint_area_m2":916.9,"estimated_residents_2026":332.1,"estimated_elderly_65plus_2026":96.0,"estimated_elderly_share_pct":28.9,"elderly_exposure_score":85.8,"elderly_exposure_class":"VERY HIGH","estimate_confidence":"HIGH","display_name":"Block 206"},"geometry":{"type":"Polygon","coordinates":[[[103.843368,1.366548],[103.843381,1.366571],[103.84343,1.366527],[103.843409,1.366512],[103.843418,1.366502],[103.843459,1.366467],[103.843471,1.36648],[103.843481,1.366471],[103.84347,1.366458],[103.843478,1.366448],[103.843519,1.366413],[103.843531,1.366426],[103.843542,1.366417],[103.84353,1.366403],[103.84358,1.366359],[103.843594,1.366375],[103.84361,1.366361],[103.843635,1.366389],[103.843615,1.366407],[103.84365,1.366445],[103.843132,1.366906],[103.843072,1.366837],[103.843089,1.366822],[103.843077,1.366809],[103.843127,1.366765],[103.843138,1.366778],[103.843149,1.366768],[103.843138,1.366755],[103.843177,1.366718],[103.843187,1.366711],[103.843199,1.366724],[103.84321,1.366714],[103.843198,1.366701],[103.843237,1.366664],[103.843248,1.366657],[103.843259,1.36667],[103.84327,1.36666],[103.843258,1.366647],[103.843267,1.366637],[103.843308,1.366602],[103.84332,1.366616],[103.84333,1.366606],[103.843319,1.366593],[103.843368,1.366548]]]}},{"type":"Feature","properties":{"block_id":"2957","blk_no":"207","postal_code":"560207","region_id":"NER","region":"NORTH-EAST REGION","planning_area_id":"AM","planning_area":"ANG MO KIO","subzone_id":"AMSZ05","subzone":"SHANGRI-LA","lon":103.8428,"lat":1.3658,"property_match":"MATCHED","property_match_confidence":"HIGH","street":"ANG MO KIO AVE 1","residential":"Y","year_completed":1975,"building_age_2026":51,"max_floor_lvl":11,"total_dwelling_units":100,"small_flat_share_pct":0.0,"rental_share_pct":0.0,"footprint_area_m2":1380.1,"estimated_residents_2026":283.1,"estimated_elderly_65plus_2026":56.6,"estimated_elderly_share_pct":20.0,"elderly_exposure_score":49.2,"elderly_exposure_class":"MODERATE","estimate_confidence":"HIGH","display_name":"Block 207"},"geometry":{"type":"Polygon","coordinates":[[[103.84248,1.365893],[103.842468,1.365853],[103.842478,1.365848],[103.84249,1.365844],[103.842497,1.365864],[103.842529,1.365853],[103.842522,1.365833],[103.842545,1.365827],[103.842561,1.365866],[103.842633,1.36584],[103.842621,1.365801],[103.842643,1.365791],[103.84265,1.365812],[103.842682,1.365801],[103.842675,1.365781],[103.842698,1.365774],[103.842714,1.365813],[103.842786,1.365788],[103.842774,1.365748],[103.842784,1.365743],[103.842797,1.365739],[103.842804,1.365759],[103.842835,1.365748],[103.842828,1.365728],[103.842852,1.365721],[103.842867,1.36576],[103.842939,1.365735],[103.842928,1.365695],[103.84295,1.365686],[103.842957,1.365706],[103.842988,1.365695],[103.842981,1.365675],[103.842994,1.36567],[103.843004,1.365668],[103.84302,1.365707],[103.843092,1.365682],[103.84308,1.365643],[103.843102,1.365633],[103.843109,1.365653],[103.84314,1.365642],[103.843134,1.365622],[103.843147,1.365617],[103.843157,1.365616],[103.843172,1.365654],[103.843209,1.365641],[103.843247,1.36575],[103.843183,1.365772],[103.843203,1.365828],[103.843174,1.365838],[103.843154,1.365782],[103.843031,1.365825],[103.843038,1.365851],[103.843012,1.36586],[103.843002,1.365834],[103.842878,1.365877],[103.842885,1.365904],[103.842859,1.365913],[103.842849,1.365887],[103.842725,1.36593],[103.842745,1.365988],[103.842716,1.365998],[103.842695,1.36594],[103.842572,1.365983],[103.842579,1.36601],[103.842553,1.366019],[103.842537,1.365976],[103.842474,1.365997],[103.842442,1.365906],[103.84248,1.365893]]]}},{"type":"Feature","properties":{"block_id":"8120","blk_no":"207A","postal_code":"561207","region_id":"NER","region":"NORTH-EAST REGION","planning_area_id":"AM","planning_area":"ANG MO KIO","subzone_id":"AMSZ05","subzone":"SHANGRI-LA","lon":103.8422,"lat":1.366,"property_match":"MATCHED","property_match_confidence":"HIGH","street":"ANG MO KIO AVE 6","residential":"N","year_completed":2004,"building_age_2026":22,"max_floor_lvl":1,"total_dwelling_units":0,"small_flat_share_pct":null,"rental_share_pct":null,"footprint_area_m2":201.2,"estimated_residents_2026":0.0,"estimated_elderly_65plus_2026":0.0,"estimated_elderly_share_pct":null,"elderly_exposure_score":null,"elderly_exposure_class":null,"estimate_confidence":"HIGH","display_name":"Block 207A"},"geometry":{"type":"Polygon","coordinates":[[[103.842299,1.365969],[103.842329,1.366055],[103.842158,1.366113],[103.842129,1.366027],[103.842299,1.365969]]]}},{"type":"Feature","properties":{"block_id":"7668","blk_no":"208","postal_code":"560208","region_id":"NER","region":"NORTH-EAST REGION","planning_area_id":"AM","planning_area":"ANG MO KIO","subzone_id":"AMSZ05","subzone":"SHANGRI-LA","lon":103.8427,"lat":1.3655,"property_match":"MATCHED","property_match_confidence":"HIGH","street":"ANG MO KIO AVE 1","residential":"Y","year_completed":1975,"building_age_2026":51,"max_floor_lvl":12,"total_dwelling_units":152,"small_flat_share_pct":84.21,"rental_share_pct":0.0,"footprint_area_m2":1400.1,"estimated_residents_2026":337.0,"estimated_elderly_65plus_2026":99.8,"estimated_elderly_share_pct":29.62,"elderly_exposure_score":87.4,"elderly_exposure_class":"VERY HIGH","estimate_confidence":"HIGH","display_name":"Block 208"},"geometry":{"type":"Polygon","coordinates":[[[103.842438,1.365588],[103.842449,1.365628],[103.842427,1.365638],[103.84242,1.365617],[103.842389,1.365628],[103.842396,1.365649],[103.842372,1.365655],[103.842357,1.365616],[103.842345,1.36562],[103.84231,1.365515],[103.842511,1.365446],[103.842495,1.36539],[103.842523,1.36538],[103.842542,1.365435],[103.842846,1.36533],[103.842827,1.365275],[103.842854,1.365266],[103.842876,1.36532],[103.843077,1.365249],[103.843113,1.365356],[103.843101,1.365359],[103.843113,1.3654],[103.84309,1.365409],[103.843083,1.365389],[103.843052,1.3654],[103.843059,1.36542],[103.843035,1.365426],[103.843021,1.365387],[103.842999,1.365395],[103.84301,1.365435],[103.843001,1.36544],[103.842988,1.365445],[103.842981,1.365424],[103.84295,1.365435],[103.842957,1.365455],[103.842933,1.365462],[103.842919,1.365422],[103.842871,1.365438],[103.842883,1.365479],[103.842873,1.365484],[103.84286,1.365489],[103.842853,1.365468],[103.842822,1.365479],[103.842829,1.365499],[103.842806,1.365506],[103.842791,1.365466],[103.842769,1.365474],[103.842782,1.365514],[103.842772,1.365519],[103.842759,1.365523],[103.842752,1.365503],[103.84272,1.365514],[103.842727,1.365534],[103.842703,1.365541],[103.842689,1.365501],[103.842667,1.365509],[103.842679,1.36555],[103.842669,1.365555],[103.842656,1.365559],[103.842649,1.365539],[103.842618,1.365549],[103.842625,1.36557],[103.842601,1.365577],[103.842587,1.365537],[103.84254,1.365553],[103.842552,1.365593],[103.842542,1.365598],[103.842529,1.365603],[103.842522,1.365582],[103.842491,1.365593],[103.842498,1.365613],[103.842474,1.36562],[103.84246,1.36558],[103.842438,1.365588]]]}},{"type":"Feature","properties":{"block_id":"8957","blk_no":"209","postal_code":"560209","region_id":"NER","region":"NORTH-EAST REGION","planning_area_id":"AM","planning_area":"ANG MO KIO","subzone_id":"AMSZ05","subzone":"SHANGRI-LA","lon":103.8432,"lat":1.369,"property_match":"MATCHED","property_match_confidence":"HIGH","street":"ANG MO KIO AVE 3","residential":"Y","year_completed":1976,"building_age_2026":50,"max_floor_lvl":10,"total_dwelling_units":108,"small_flat_share_pct":0.0,"rental_share_pct":0.0,"footprint_area_m2":1673.8,"estimated_residents_2026":305.8,"estimated_elderly_65plus_2026":61.2,"estimated_elderly_share_pct":20.0,"elderly_exposure_score":55.6,"elderly_exposure_class":"MODERATE","estimate_confidence":"HIGH","display_name":"Block 209"},"geometry":{"type":"Polygon","coordinates":[[[103.84356,1.368854],[103.843563,1.368875],[103.843638,1.368866],[103.843636,1.368845],[103.843719,1.368834],[103.843721,1.368856],[103.843762,1.36885],[103.843776,1.368966],[103.843564,1.368991],[103.843569,1.369031],[103.843583,1.369029],[103.843588,1.369068],[103.843497,1.369079],[103.843492,1.36904],[103.843506,1.369038],[103.843501,1.368999],[103.84308,1.36905],[103.843084,1.369089],[103.843099,1.369087],[103.843104,1.369127],[103.843012,1.369139],[103.843007,1.369099],[103.843021,1.369098],[103.843016,1.369058],[103.842806,1.369083],[103.842792,1.368969],[103.842832,1.368964],[103.84283,1.368943],[103.842913,1.368933],[103.842915,1.368954],[103.842992,1.368945],[103.842989,1.368923],[103.843074,1.368913],[103.843077,1.368934],[103.843151,1.368925],[103.843149,1.368904],[103.843239,1.368893],[103.843242,1.368914],[103.84332,1.368905],[103.843317,1.368883],[103.843399,1.368873],[103.843401,1.368895],[103.843478,1.368885],[103.843475,1.368865],[103.84356,1.368854]]]}},{"type":"Feature","properties":{"block_id":"6288","blk_no":"210","postal_code":"560210","region_id":"NER","region":"NORTH-EAST REGION","planning_area_id":"AM","planning_area":"ANG MO KIO","subzone_id":"AMSZ05","subzone":"SHANGRI-LA","lon":103.8433,"lat":1.3686,"property_match":"MATCHED","property_match_confidence":"HIGH","street":"ANG MO KIO AVE 3","residential":"Y","year_completed":1976,"building_age_2026":50,"max_floor_lvl":10,"total_dwelling_units":108,"small_flat_share_pct":0.0,"rental_share_pct":0.0,"footprint_area_m2":1654.6,"estimated_residents_2026":305.8,"estimated_elderly_65plus_2026":61.2,"estimated_elderly_share_pct":20.0,"elderly_exposure_score":55.6,"elderly_exposure_class":"MODERATE","estimate_confidence":"HIGH","display_name":"Block 210"},"geometry":{"type":"Polygon","coordinates":[[[103.84369,1.36859],[103.843604,1.368601],[103.843601,1.368575],[103.843526,1.368584],[103.843529,1.368609],[103.843445,1.368619],[103.843442,1.368594],[103.843365,1.368603],[103.843368,1.368628],[103.843286,1.368637],[103.843283,1.368612],[103.843205,1.368621],[103.843208,1.368644],[103.84312,1.368655],[103.843117,1.368635],[103.843042,1.368644],[103.843045,1.368666],[103.84296,1.368677],[103.842958,1.368655],[103.842882,1.368664],[103.842884,1.368687],[103.8428,1.368697],[103.842797,1.368676],[103.842757,1.368681],[103.842745,1.368566],[103.842955,1.36854],[103.84295,1.3685],[103.842936,1.368502],[103.842931,1.368463],[103.843022,1.368452],[103.843027,1.368491],[103.843013,1.368493],[103.843018,1.368533],[103.843439,1.368482],[103.843434,1.368441],[103.84342,1.368443],[103.843415,1.368403],[103.843507,1.368392],[103.843511,1.368432],[103.843497,1.368434],[103.843502,1.368474],[103.843713,1.368449],[103.843727,1.368564],[103.843687,1.368568],[103.84369,1.36859]]]}},{"type":"Feature","properties":{"block_id":"5559","blk_no":"211","postal_code":"560211","region_id":"NER","region":"NORTH-EAST REGION","planning_area_id":"AM","planning_area":"ANG MO KIO","subzone_id":"AMSZ05","subzone":"SHANGRI-LA","lon":103.8417,"lat":1.3692,"property_match":"MATCHED","property_match_confidence":"HIGH","street":"ANG MO KIO AVE 3","residential":"Y","year_completed":1976,"building_age_2026":50,"max_floor_lvl":10,"total_dwelling_units":215,"small_flat_share_pct":91.16,"rental_share_pct":0.0,"footprint_area_m2":2284.7,"estimated_residents_2026":464.5,"estimated_elderly_65plus_2026":142.8,"estimated_elderly_share_pct":30.75,"elderly_exposure_score":96.7,"elderly_exposure_class":"VERY HIGH","estimate_confidence":"HIGH","display_name":"Block 211"},"geometry":{"type":"Polygon","coordinates":[[[103.842083,1.369205],[103.84172,1.36925],[103.841725,1.369289],[103.841633,1.3693],[103.841628,1.369261],[103.841263,1.369305],[103.841267,1.369345],[103.841176,1.369356],[103.841171,1.369317],[103.840987,1.369339],[103.840974,1.369229],[103.840987,1.369228],[103.840985,1.369206],[103.841068,1.369196],[103.841071,1.36922],[103.841094,1.369217],[103.841091,1.369192],[103.841173,1.369182],[103.841176,1.369208],[103.84123,1.369201],[103.841227,1.369176],[103.841312,1.369165],[103.841315,1.369191],[103.841338,1.369188],[103.841335,1.369162],[103.841418,1.369152],[103.841421,1.369177],[103.841445,1.369174],[103.841442,1.369149],[103.841528,1.369139],[103.841531,1.369164],[103.841552,1.369162],[103.841549,1.369137],[103.841633,1.369127],[103.841636,1.369151],[103.841685,1.369145],[103.841682,1.36912],[103.841768,1.369109],[103.841771,1.369135],[103.841794,1.369132],[103.841791,1.369107],[103.841876,1.369096],[103.841879,1.369122],[103.841902,1.369119],[103.841899,1.369094],[103.841983,1.369084],[103.841986,1.369109],[103.842008,1.369106],[103.842005,1.369081],[103.842089,1.36907],[103.842092,1.369095],[103.842143,1.369089],[103.84214,1.369064],[103.842224,1.369054],[103.842227,1.36908],[103.842249,1.369077],[103.842246,1.369052],[103.842329,1.369042],[103.842331,1.369064],[103.842345,1.369062],[103.842359,1.369172],[103.842175,1.369194],[103.842179,1.369234],[103.842087,1.369245],[103.842083,1.369205]]]}},{"type":"Feature","properties":{"block_id":"4015","blk_no":"212","postal_code":"560212","region_id":"NER","region":"NORTH-EAST REGION","planning_area_id":"AM","planning_area":"ANG MO KIO","subzone_id":"AMSZ05","subzone":"SHANGRI-LA","lon":103.8416,"lat":1.3688,"property_match":"MATCHED","property_match_confidence":"HIGH","street":"ANG MO KIO AVE 3","residential":"Y","year_completed":1976,"building_age_2026":50,"max_floor_lvl":10,"total_dwelling_units":214,"small_flat_share_pct":90.65,"rental_share_pct":0.47,"footprint_area_m2":2300.3,"estimated_residents_2026":463.8,"estimated_elderly_65plus_2026":142.0,"estimated_elderly_share_pct":30.62,"elderly_exposure_score":96.6,"elderly_exposure_class":"VERY HIGH","estimate_confidence":"HIGH","display_name":"Block 212"},"geometry":{"type":"Polygon","coordinates":[[[103.842297,1.368774],[103.8423,1.368795],[103.842216,1.368805],[103.842213,1.36878],[103.842191,1.368783],[103.842194,1.368808],[103.842111,1.368819],[103.842108,1.368794],[103.842057,1.3688],[103.84206,1.368825],[103.841976,1.368835],[103.841973,1.36881],[103.841951,1.368813],[103.841954,1.368838],[103.84187,1.368848],[103.841867,1.368823],[103.841843,1.368826],[103.841846,1.368851],[103.841762,1.368862],[103.841759,1.368836],[103.841736,1.368839],[103.841739,1.368865],[103.841653,1.368875],[103.841649,1.36885],[103.841601,1.368856],[103.841604,1.36888],[103.841519,1.368891],[103.841516,1.368866],[103.841495,1.368869],[103.841498,1.368894],[103.841413,1.368905],[103.84141,1.368879],[103.841386,1.368882],[103.841389,1.368908],[103.841306,1.368918],[103.841302,1.368892],[103.84128,1.368895],[103.841283,1.36892],[103.841198,1.368931],[103.841195,1.368905],[103.841141,1.368912],[103.841144,1.368937],[103.841062,1.368947],[103.841059,1.368923],[103.841036,1.368926],[103.841038,1.368949],[103.840956,1.368959],[103.840953,1.368937],[103.840939,1.368939],[103.840926,1.368829],[103.84111,1.368806],[103.841105,1.368767],[103.841197,1.368756],[103.841202,1.368796],[103.841565,1.368752],[103.841559,1.368701],[103.841651,1.36869],[103.841657,1.36874],[103.842022,1.368695],[103.842018,1.368657],[103.842109,1.368645],[103.842114,1.368684],[103.842297,1.368662],[103.842311,1.368772],[103.842297,1.368774]]]}},{"type":"Feature","properties":{"block_id":"2485","blk_no":"213","postal_code":"560213","region_id":"NER","region":"NORTH-EAST REGION","planning_area_id":"AM","planning_area":"ANG MO KIO","subzone_id":"AMSZ05","subzone":"SHANGRI-LA","lon":103.8412,"lat":1.3678,"property_match":"MATCHED","property_match_confidence":"HIGH","street":"ANG MO KIO AVE 3","residential":"Y","year_completed":1975,"building_age_2026":51,"max_floor_lvl":10,"total_dwelling_units":142,"small_flat_share_pct":85.92,"rental_share_pct":0.7,"footprint_area_m2":1521.1,"estimated_residents_2026":313.1,"estimated_elderly_65plus_2026":93.5,"estimated_elderly_share_pct":29.86,"elderly_exposure_score":84.7,"elderly_exposure_class":"VERY HIGH","estimate_confidence":"HIGH","display_name":"Block 213"},"geometry":{"type":"Polygon","coordinates":[[[103.840896,1.367842],[103.840918,1.367834],[103.84091,1.36781],[103.840991,1.367782],[103.840999,1.367806],[103.841046,1.36779],[103.841038,1.367766],[103.841119,1.367738],[103.841127,1.367761],[103.841147,1.367754],[103.841139,1.367731],[103.84122,1.367703],[103.841229,1.367727],[103.841251,1.367719],[103.841243,1.367695],[103.841322,1.367667],[103.84133,1.367691],[103.841354,1.367683],[103.841345,1.367659],[103.841426,1.367631],[103.841434,1.367654],[103.841486,1.367637],[103.841478,1.367614],[103.841555,1.367587],[103.841563,1.367611],[103.841585,1.367603],[103.841577,1.36758],[103.841655,1.367553],[103.841662,1.367571],[103.841674,1.367568],[103.841709,1.367672],[103.841535,1.367733],[103.841551,1.367779],[103.841464,1.367809],[103.841448,1.367763],[103.8411,1.367883],[103.841115,1.367928],[103.841028,1.367958],[103.841012,1.367913],[103.840838,1.367973],[103.840803,1.367869],[103.840815,1.367864],[103.840808,1.367844],[103.840887,1.367817],[103.840896,1.367842]]]}},{"type":"Feature","properties":{"block_id":"36","blk_no":"214","postal_code":"560214","region_id":"NER","region":"NORTH-EAST REGION","planning_area_id":"AM","planning_area":"ANG MO KIO","subzone_id":"AMSZ05","subzone":"SHANGRI-LA","lon":103.8411,"lat":1.3674,"property_match":"MATCHED","property_match_confidence":"HIGH","street":"ANG MO KIO AVE 3","residential":"Y","year_completed":1975,"building_age_2026":51,"max_floor_lvl":10,"total_dwelling_units":141,"small_flat_share_pct":85.11,"rental_share_pct":0.0,"footprint_area_m2":1526.1,"estimated_residents_2026":312.4,"estimated_elderly_65plus_2026":92.7,"estimated_elderly_share_pct":29.67,"elderly_exposure_score":84.1,"elderly_exposure_class":"VERY HIGH","estimate_confidence":"HIGH","display_name":"Block 214"},"geometry":{"type":"Polygon","coordinates":[[[103.841568,1.367298],[103.841575,1.367318],[103.841496,1.367345],[103.841487,1.36732],[103.841465,1.367328],[103.841474,1.367353],[103.841395,1.36738],[103.841386,1.367356],[103.841338,1.367372],[103.841346,1.367397],[103.841267,1.367424],[103.841258,1.3674],[103.841238,1.367407],[103.841246,1.367431],[103.841165,1.367459],[103.841157,1.367435],[103.841135,1.367443],[103.841143,1.367466],[103.841061,1.367494],[103.841054,1.367471],[103.841032,1.367479],[103.84104,1.367502],[103.840959,1.367529],[103.840951,1.367507],[103.840897,1.367525],[103.840905,1.367548],[103.840829,1.367574],[103.840821,1.367551],[103.840798,1.367559],[103.840806,1.367582],[103.840728,1.367609],[103.840721,1.36759],[103.840709,1.367594],[103.840673,1.367489],[103.840848,1.367429],[103.840832,1.367383],[103.840919,1.367353],[103.840935,1.367399],[103.841283,1.367279],[103.841268,1.367233],[103.841355,1.367203],[103.841371,1.367249],[103.841545,1.367189],[103.84158,1.367293],[103.841568,1.367298]]]}},{"type":"Feature","properties":{"block_id":"8811","blk_no":"215","postal_code":"560215","region_id":"NER","region":"NORTH-EAST REGION","planning_area_id":"AM","planning_area":"ANG MO KIO","subzone_id":"AMSZ05","subzone":"SHANGRI-LA","lon":103.8417,"lat":1.3665,"property_match":"MATCHED","property_match_confidence":"HIGH","street":"ANG MO KIO AVE 1","residential":"Y","year_completed":1975,"building_age_2026":51,"max_floor_lvl":10,"total_dwelling_units":130,"small_flat_share_pct":86.92,"rental_share_pct":0.0,"footprint_area_m2":1639.6,"estimated_residents_2026":285.2,"estimated_elderly_65plus_2026":85.8,"estimated_elderly_share_pct":30.07,"elderly_exposure_score":79.6,"elderly_exposure_class":"HIGH","estimate_confidence":"HIGH","display_name":"Block 215"},"geometry":{"type":"Polygon","coordinates":[[[103.841849,1.36641],[103.841843,1.366391],[103.841855,1.366385],[103.841865,1.366381],[103.841872,1.366402],[103.841903,1.366391],[103.841897,1.366371],[103.84192,1.366365],[103.841926,1.366383],[103.841951,1.366375],[103.841945,1.366356],[103.841967,1.366346],[103.841975,1.366367],[103.842005,1.366356],[103.841998,1.366335],[103.842022,1.366329],[103.842028,1.366348],[103.842042,1.366343],[103.842085,1.366468],[103.841884,1.366538],[103.841903,1.366603],[103.841874,1.366612],[103.841853,1.366549],[103.841446,1.366695],[103.841467,1.366754],[103.84144,1.366763],[103.841415,1.366702],[103.841213,1.366769],[103.8412,1.36673],[103.841172,1.36674],[103.841155,1.366692],[103.841184,1.366682],[103.841178,1.366664],[103.84119,1.36666],[103.841178,1.36662],[103.841188,1.366615],[103.841201,1.366611],[103.841208,1.366631],[103.841239,1.36662],[103.841232,1.3666],[103.841256,1.366593],[103.84127,1.366632],[103.841292,1.366624],[103.84128,1.366585],[103.84129,1.36658],[103.841303,1.366575],[103.84131,1.366596],[103.841341,1.366585],[103.841334,1.366565],[103.841357,1.366558],[103.841372,1.366597],[103.841419,1.36658],[103.841407,1.366541],[103.841416,1.366536],[103.84143,1.366532],[103.841436,1.366552],[103.841467,1.366541],[103.841461,1.36652],[103.841485,1.366514],[103.841499,1.366553],[103.841521,1.366545],[103.841509,1.366506],[103.841519,1.366501],[103.841532,1.366496],[103.841539,1.366517],[103.84157,1.366506],[103.841563,1.366486],[103.841586,1.366479],[103.841601,1.366517],[103.841625,1.366509],[103.841614,1.36647],[103.841623,1.366465],[103.841636,1.36646],[103.841643,1.366481],[103.841674,1.36647],[103.841667,1.366449],[103.841691,1.366443],[103.841705,1.366482],[103.841727,1.366474],[103.841715,1.366435],[103.841728,1.366428],[103.841738,1.366425],[103.841745,1.366446],[103.841776,1.366435],[103.841769,1.366414],[103.841793,1.366408],[103.841807,1.366446],[103.841843,1.366434],[103.841836,1.366414],[103.841849,1.36641]]]}},{"type":"Feature","properties":{"block_id":"3639","blk_no":"216","postal_code":"560216","region_id":"NER","region":"NORTH-EAST REGION","planning_area_id":"AM","planning_area":"ANG MO KIO","subzone_id":"AMSZ05","subzone":"SHANGRI-LA","lon":103.8415,"lat":1.3662,"property_match":"MATCHED","property_match_confidence":"HIGH","street":"ANG MO KIO AVE 1","residential":"Y","year_completed":1975,"building_age_2026":51,"max_floor_lvl":10,"total_dwelling_units":144,"small_flat_share_pct":87.5,"rental_share_pct":0.0,"footprint_area_m2":1578.4,"estimated_residents_2026":314.6,"estimated_elderly_65plus_2026":95.1,"estimated_elderly_share_pct":30.23,"elderly_exposure_score":85.5,"elderly_exposure_class":"VERY HIGH","estimate_confidence":"HIGH","display_name":"Block 216"},"geometry":{"type":"Polygon","coordinates":[[[103.841048,1.366284],[103.841249,1.366215],[103.841234,1.366158],[103.841261,1.366149],[103.84128,1.366204],[103.841688,1.366064],[103.841669,1.366009],[103.841696,1.366],[103.841719,1.366054],[103.84192,1.365984],[103.841956,1.366089],[103.841944,1.366093],[103.841955,1.366132],[103.841946,1.366137],[103.841933,1.366142],[103.841926,1.366122],[103.841894,1.366132],[103.841901,1.366153],[103.841878,1.366159],[103.841863,1.366121],[103.841842,1.366128],[103.841853,1.366168],[103.84183,1.366177],[103.841824,1.366157],[103.841792,1.366167],[103.8418,1.366189],[103.841787,1.366193],[103.841776,1.366195],[103.841761,1.366156],[103.841714,1.366172],[103.841725,1.366211],[103.841703,1.366221],[103.841696,1.366201],[103.841665,1.366211],[103.841672,1.366232],[103.841659,1.366236],[103.841648,1.366238],[103.841634,1.3662],[103.841612,1.366207],[103.841624,1.366246],[103.841601,1.366256],[103.841594,1.366236],[103.841563,1.366247],[103.84157,1.366267],[103.841557,1.366271],[103.841546,1.366273],[103.841532,1.366235],[103.841508,1.366243],[103.84152,1.366282],[103.841497,1.366292],[103.841491,1.366271],[103.841459,1.366282],[103.841466,1.366303],[103.841453,1.366307],[103.841442,1.366309],[103.841428,1.366271],[103.841406,1.366278],[103.841417,1.366318],[103.841395,1.366328],[103.841388,1.366307],[103.841357,1.366317],[103.841364,1.366338],[103.841351,1.366343],[103.84134,1.366345],[103.841326,1.366306],[103.841279,1.366322],[103.84129,1.366362],[103.841268,1.366371],[103.841261,1.366351],[103.84123,1.366361],[103.841236,1.366383],[103.841224,1.366387],[103.841213,1.366389],[103.841198,1.36635],[103.841176,1.366357],[103.841188,1.366397],[103.841166,1.366407],[103.841159,1.366386],[103.841127,1.366397],[103.841134,1.366418],[103.841122,1.366422],[103.841111,1.366424],[103.841096,1.366385],[103.841084,1.366389],[103.841048,1.366284]]]}},{"type":"Feature","properties":{"block_id":"5382","blk_no":"217","postal_code":"560217","region_id":"NER","region":"NORTH-EAST REGION","planning_area_id":"AM","planning_area":"ANG MO KIO","subzone_id":"AMSZ05","subzone":"SHANGRI-LA","lon":103.8418,"lat":1.3655,"property_match":"MATCHED","property_match_confidence":"HIGH","street":"ANG MO KIO AVE 1","residential":"Y","year_completed":1976,"building_age_2026":50,"max_floor_lvl":11,"total_dwelling_units":240,"small_flat_share_pct":100.0,"rental_share_pct":100.0,"footprint_area_m2":1283.8,"estimated_residents_2026":498.2,"estimated_elderly_65plus_2026":144.0,"estimated_elderly_share_pct":28.9,"elderly_exposure_score":96.8,"elderly_exposure_class":"VERY HIGH","estimate_confidence":"HIGH","display_name":"Block 217"},"geometry":{"type":"Polygon","coordinates":[[[103.841497,1.365561],[103.841504,1.36558],[103.841529,1.365571],[103.841522,1.365552],[103.84159,1.365529],[103.841597,1.365548],[103.841669,1.365523],[103.841663,1.365504],[103.841731,1.36548],[103.841738,1.365499],[103.841763,1.365491],[103.841756,1.365472],[103.841824,1.365448],[103.841831,1.365467],[103.841856,1.365459],[103.84185,1.365439],[103.841918,1.365416],[103.841924,1.365435],[103.841983,1.365415],[103.841996,1.36541],[103.84199,1.365391],[103.842058,1.365368],[103.842065,1.365387],[103.84209,1.365378],[103.842083,1.365359],[103.842152,1.365335],[103.842158,1.365354],[103.842197,1.365338],[103.842224,1.365401],[103.84223,1.365432],[103.842142,1.36546],[103.842148,1.365479],[103.84208,1.365503],[103.842074,1.365484],[103.842048,1.365493],[103.842054,1.365512],[103.841986,1.365536],[103.84198,1.365517],[103.841968,1.36552],[103.841955,1.365525],[103.841962,1.365544],[103.841894,1.365568],[103.841887,1.365547],[103.841851,1.365561],[103.841839,1.36557],[103.841841,1.365582],[103.841866,1.365573],[103.841876,1.365602],[103.841853,1.365616],[103.841787,1.365633],[103.841777,1.365604],[103.841802,1.365595],[103.841798,1.365584],[103.84178,1.365586],[103.841769,1.36559],[103.841775,1.365608],[103.841706,1.365632],[103.8417,1.365613],[103.841674,1.365621],[103.841681,1.36564],[103.841613,1.365664],[103.841606,1.365645],[103.841581,1.365653],[103.841588,1.365673],[103.841519,1.365696],[103.841513,1.365677],[103.841426,1.365709],[103.841395,1.365616],[103.841436,1.365604],[103.841429,1.365584],[103.841497,1.365561]]]}},{"type":"Feature","properties":{"block_id":"2755","blk_no":"218","postal_code":"560218","region_id":"NER","region":"NORTH-EAST REGION","planning_area_id":"AM","planning_area":"ANG MO KIO","subzone_id":"AMSZ05","subzone":"SHANGRI-LA","lon":103.8417,"lat":1.3651,"property_match":"MATCHED","property_match_confidence":"HIGH","street":"ANG MO KIO AVE 1","residential":"Y","year_completed":1976,"building_age_2026":50,"max_floor_lvl":13,"total_dwelling_units":190,"small_flat_share_pct":86.32,"rental_share_pct":0.0,"footprint_area_m2":1523.7,"estimated_residents_2026":418.0,"estimated_elderly_65plus_2026":125.2,"estimated_elderly_share_pct":29.95,"elderly_exposure_score":94.3,"elderly_exposure_class":"VERY HIGH","estimate_confidence":"HIGH","display_name":"Block 218"},"geometry":{"type":"Polygon","coordinates":[[[103.841508,1.365083],[103.841515,1.365102],[103.84154,1.365093],[103.841549,1.365124],[103.841897,1.365004],[103.841887,1.364974],[103.841911,1.364966],[103.841905,1.364947],[103.841943,1.364933],[103.84195,1.364952],[103.841975,1.364943],[103.841985,1.364974],[103.842159,1.364914],[103.842194,1.365019],[103.842183,1.365023],[103.84219,1.365044],[103.84211,1.365071],[103.842102,1.365048],[103.84208,1.365056],[103.842089,1.365079],[103.842008,1.365107],[103.842,1.365082],[103.84195,1.365099],[103.841959,1.365123],[103.841878,1.365151],[103.84187,1.365127],[103.84185,1.365134],[103.841858,1.365158],[103.841778,1.365185],[103.84177,1.365162],[103.841746,1.365171],[103.841754,1.365194],[103.841673,1.365222],[103.841665,1.365197],[103.841643,1.365204],[103.841651,1.365228],[103.84157,1.365256],[103.841562,1.365233],[103.841517,1.365249],[103.841525,1.365272],[103.841444,1.3653],[103.841436,1.365276],[103.841413,1.365284],[103.841422,1.365308],[103.841342,1.365336],[103.841335,1.365314],[103.841323,1.365319],[103.841288,1.365214],[103.841461,1.365155],[103.841451,1.365124],[103.841475,1.365115],[103.841469,1.365097],[103.841508,1.365083]]]}},{"type":"Feature","properties":{"block_id":"7044","blk_no":"219","postal_code":"560219","region_id":"NER","region":"NORTH-EAST REGION","planning_area_id":"AM","planning_area":"ANG MO KIO","subzone_id":"AMSZ05","subzone":"SHANGRI-LA","lon":103.8407,"lat":1.366,"property_match":"MATCHED","property_match_confidence":"HIGH","street":"ANG MO KIO AVE 1","residential":"Y","year_completed":1976,"building_age_2026":50,"max_floor_lvl":13,"total_dwelling_units":143,"small_flat_share_pct":82.52,"rental_share_pct":0.0,"footprint_area_m2":1208.4,"estimated_residents_2026":318.3,"estimated_elderly_65plus_2026":93.7,"estimated_elderly_share_pct":29.43,"elderly_exposure_score":84.7,"elderly_exposure_class":"VERY HIGH","estimate_confidence":"HIGH","display_name":"Block 219"},"geometry":{"type":"Polygon","coordinates":[[[103.840317,1.366089],[103.840304,1.36605],[103.840316,1.366046],[103.840307,1.366022],[103.840388,1.365994],[103.840397,1.366018],[103.840443,1.366002],[103.840434,1.365978],[103.840514,1.36595],[103.840522,1.365975],[103.840545,1.365967],[103.840536,1.365942],[103.840617,1.365914],[103.840626,1.365939],[103.840648,1.365931],[103.84064,1.365906],[103.840719,1.365879],[103.840728,1.365905],[103.840749,1.365897],[103.84074,1.365871],[103.840821,1.365843],[103.84083,1.36587],[103.840876,1.365854],[103.840867,1.365828],[103.840949,1.365799],[103.840957,1.365822],[103.84097,1.365817],[103.840984,1.365859],[103.840997,1.365855],[103.841019,1.365918],[103.840935,1.365951],[103.840943,1.365975],[103.840854,1.366006],[103.840845,1.365981],[103.840501,1.3661],[103.840509,1.366123],[103.840421,1.366155],[103.840412,1.366131],[103.840326,1.366156],[103.840305,1.366093],[103.840317,1.366089]]]}},{"type":"Feature","properties":{"block_id":"5379","blk_no":"220","postal_code":"560220","region_id":"NER","region":"NORTH-EAST REGION","planning_area_id":"AM","planning_area":"ANG MO KIO","subzone_id":"AMSZ05","subzone":"SHANGRI-LA","lon":103.8405,"lat":1.3656,"property_match":"MATCHED","property_match_confidence":"HIGH","street":"ANG MO KIO AVE 1","residential":"Y","year_completed":1976,"building_age_2026":50,"max_floor_lvl":13,"total_dwelling_units":140,"small_flat_share_pct":80.0,"rental_share_pct":0.0,"footprint_area_m2":1232.7,"estimated_residents_2026":316.1,"estimated_elderly_65plus_2026":91.2,"estimated_elderly_share_pct":28.86,"elderly_exposure_score":83.1,"elderly_exposure_class":"VERY HIGH","estimate_confidence":"HIGH","display_name":"Block 220"},"geometry":{"type":"Polygon","coordinates":[[[103.840317,1.365561],[103.840328,1.365591],[103.840672,1.365473],[103.840663,1.365443],[103.840723,1.365411],[103.840726,1.36542],[103.840751,1.365412],[103.840761,1.365442],[103.840847,1.365415],[103.840869,1.365479],[103.840856,1.365483],[103.84087,1.365524],[103.840858,1.365528],[103.840865,1.365552],[103.840785,1.365579],[103.840776,1.365553],[103.840731,1.365568],[103.84074,1.365594],[103.84066,1.365622],[103.840652,1.365596],[103.84063,1.365603],[103.840639,1.36563],[103.840558,1.365657],[103.84055,1.365631],[103.840525,1.365639],[103.840534,1.365666],[103.840452,1.365694],[103.840443,1.365668],[103.840422,1.365676],[103.840431,1.365702],[103.840351,1.365729],[103.840342,1.365702],[103.840295,1.365719],[103.840304,1.365746],[103.840224,1.365774],[103.840214,1.365746],[103.840202,1.365751],[103.840189,1.365712],[103.840176,1.365717],[103.840155,1.365654],[103.840239,1.365621],[103.840228,1.365592],[103.840253,1.365584],[103.84025,1.365573],[103.840289,1.365559],[103.840293,1.365569],[103.840317,1.365561]]]}},{"type":"Feature","properties":{"block_id":"6736","blk_no":"221","postal_code":"560221","region_id":"NER","region":"NORTH-EAST REGION","planning_area_id":"AM","planning_area":"ANG MO KIO","subzone_id":"AMSZ05","subzone":"SHANGRI-LA","lon":103.8395,"lat":1.3664,"property_match":"MATCHED","property_match_confidence":"HIGH","street":"ANG MO KIO AVE 1","residential":"Y","year_completed":1976,"building_age_2026":50,"max_floor_lvl":12,"total_dwelling_units":88,"small_flat_share_pct":0.0,"rental_share_pct":0.0,"footprint_area_m2":1158.3,"estimated_residents_2026":269.2,"estimated_elderly_65plus_2026":48.8,"estimated_elderly_share_pct":18.13,"elderly_exposure_score":39.8,"elderly_exposure_class":"LOW","estimate_confidence":"HIGH","display_name":"Block 221"},"geometry":{"type":"Polygon","coordinates":[[[103.839785,1.366235],[103.839799,1.36623],[103.839792,1.366208],[103.839858,1.366185],[103.839864,1.366203],[103.839885,1.366196],[103.839898,1.36623],[103.839873,1.366243],[103.83989,1.366292],[103.839814,1.366319],[103.839828,1.366362],[103.839801,1.366371],[103.839786,1.366327],[103.839436,1.366448],[103.839446,1.366476],[103.8394,1.366492],[103.83939,1.366465],[103.839214,1.366526],[103.839229,1.366571],[103.839201,1.36658],[103.839187,1.366537],[103.83911,1.366564],[103.839093,1.366514],[103.839066,1.366519],[103.839054,1.366484],[103.839074,1.366477],[103.839068,1.36646],[103.839132,1.366437],[103.839139,1.366458],[103.839152,1.366453],[103.839145,1.366433],[103.839207,1.366411],[103.839215,1.366433],[103.839228,1.366428],[103.83922,1.366407],[103.839284,1.366385],[103.839291,1.366405],[103.839305,1.3664],[103.839298,1.36638],[103.839361,1.366358],[103.839365,1.366386],[103.839427,1.366365],[103.839412,1.36634],[103.839475,1.366318],[103.839482,1.366339],[103.839495,1.366334],[103.839488,1.366314],[103.83955,1.366292],[103.839558,1.366313],[103.83957,1.366308],[103.839563,1.366288],[103.839627,1.366266],[103.839634,1.366286],[103.839647,1.366281],[103.83964,1.366261],[103.839702,1.366239],[103.839709,1.36626],[103.839722,1.366256],[103.839715,1.366235],[103.839778,1.366213],[103.839785,1.366235]]]}},{"type":"Feature","properties":{"block_id":"23","blk_no":"222","postal_code":"560222","region_id":"NER","region":"NORTH-EAST REGION","planning_area_id":"AM","planning_area":"ANG MO KIO","subzone_id":"AMSZ05","subzone":"SHANGRI-LA","lon":103.8393,"lat":1.366,"property_match":"MATCHED","property_match_confidence":"HIGH","street":"ANG MO KIO AVE 1","residential":"Y","year_completed":1976,"building_age_2026":50,"max_floor_lvl":12,"total_dwelling_units":88,"small_flat_share_pct":0.0,"rental_share_pct":0.0,"footprint_area_m2":1164.0,"estimated_residents_2026":269.2,"estimated_elderly_65plus_2026":48.8,"estimated_elderly_share_pct":18.13,"elderly_exposure_score":39.8,"elderly_exposure_class":"LOW","estimate_confidence":"HIGH","display_name":"Block 222"},"geometry":{"type":"Polygon","coordinates":[[[103.839734,1.365835],[103.839751,1.365884],[103.839779,1.365879],[103.83979,1.365914],[103.83977,1.365921],[103.839776,1.365939],[103.839712,1.365961],[103.839705,1.365942],[103.83969,1.365947],[103.839696,1.365967],[103.839634,1.365988],[103.839627,1.365969],[103.839614,1.365973],[103.839621,1.365993],[103.839559,1.366014],[103.839552,1.365994],[103.839538,1.365999],[103.839544,1.366019],[103.839478,1.366042],[103.839474,1.366014],[103.839412,1.366035],[103.839426,1.36606],[103.83937,1.366079],[103.839364,1.366059],[103.83935,1.366064],[103.839356,1.366084],[103.839293,1.366106],[103.839286,1.366087],[103.839272,1.366092],[103.839279,1.366111],[103.839217,1.366132],[103.839211,1.366113],[103.839196,1.366118],[103.839203,1.366137],[103.839138,1.366159],[103.839132,1.366139],[103.83912,1.366143],[103.839127,1.366163],[103.839063,1.366185],[103.839057,1.366166],[103.839043,1.36617],[103.839049,1.36619],[103.838985,1.366212],[103.838979,1.366194],[103.838957,1.366198],[103.838945,1.366162],[103.838971,1.366153],[103.838954,1.366104],[103.839031,1.366077],[103.839016,1.366034],[103.839044,1.366024],[103.839059,1.366069],[103.839408,1.365948],[103.839399,1.365921],[103.839445,1.365905],[103.839454,1.365932],[103.839631,1.365871],[103.839616,1.365827],[103.839643,1.365817],[103.839658,1.365861],[103.839734,1.365835]]]}},{"type":"Feature","properties":{"block_id":"151","blk_no":"223","postal_code":"560223","region_id":"NER","region":"NORTH-EAST REGION","planning_area_id":"AM","planning_area":"ANG MO KIO","subzone_id":"AMSZ05","subzone":"SHANGRI-LA","lon":103.8379,"lat":1.3661,"property_match":"MATCHED","property_match_confidence":"HIGH","street":"ANG MO KIO AVE 1","residential":"Y","year_completed":1976,"building_age_2026":50,"max_floor_lvl":12,"total_dwelling_units":153,"small_flat_share_pct":84.97,"rental_share_pct":0.0,"footprint_area_m2":1371.6,"estimated_residents_2026":337.8,"estimated_elderly_65plus_2026":100.6,"estimated_elderly_share_pct":29.79,"elderly_exposure_score":87.9,"elderly_exposure_class":"VERY HIGH","estimate_confidence":"HIGH","display_name":"Block 223"},"geometry":{"type":"Polygon","coordinates":[[[103.837875,1.366064],[103.838262,1.365926],[103.838527,1.366008],[103.838509,1.366066],[103.838501,1.366064],[103.838488,1.366107],[103.838472,1.366102],[103.838464,1.366129],[103.838384,1.366104],[103.838392,1.366078],[103.83837,1.366071],[103.838362,1.366097],[103.83828,1.366072],[103.838287,1.366047],[103.838271,1.366042],[103.838251,1.366048],[103.83826,1.366071],[103.838182,1.366099],[103.838174,1.366075],[103.838152,1.366082],[103.83816,1.366107],[103.83808,1.366136],[103.838071,1.366111],[103.838049,1.366118],[103.838057,1.366142],[103.837978,1.366171],[103.837969,1.366146],[103.837951,1.366152],[103.837935,1.366172],[103.837956,1.366186],[103.837907,1.366256],[103.837886,1.366242],[103.837873,1.366261],[103.837893,1.366275],[103.837845,1.366345],[103.837824,1.36633],[103.837817,1.366339],[103.837781,1.366313],[103.837773,1.366325],[103.837719,1.366288],[103.837875,1.366064]]]}},{"type":"Feature","properties":{"block_id":"6369","blk_no":"224","postal_code":"560224","region_id":"NER","region":"NORTH-EAST REGION","planning_area_id":"AM","planning_area":"ANG MO KIO","subzone_id":"AMSZ05","subzone":"SHANGRI-LA","lon":103.8382,"lat":1.3665,"property_match":"MATCHED","property_match_confidence":"HIGH","street":"ANG MO KIO AVE 1","residential":"Y","year_completed":1976,"building_age_2026":50,"max_floor_lvl":11,"total_dwelling_units":160,"small_flat_share_pct":100.0,"rental_share_pct":100.0,"footprint_area_m2":908.3,"estimated_residents_2026":332.1,"estimated_elderly_65plus_2026":96.0,"estimated_elderly_share_pct":28.9,"elderly_exposure_score":85.8,"elderly_exposure_class":"VERY HIGH","estimate_confidence":"HIGH","display_name":"Block 224"},"geometry":{"type":"Polygon","coordinates":[[[103.837921,1.366598],[103.837915,1.366581],[103.837978,1.366559],[103.837985,1.366579],[103.837998,1.366574],[103.837991,1.366554],[103.838055,1.366532],[103.838061,1.366553],[103.838074,1.366548],[103.838067,1.366528],[103.838131,1.366506],[103.838138,1.366526],[103.838151,1.366522],[103.838144,1.366502],[103.838208,1.36648],[103.838214,1.3665],[103.838228,1.366495],[103.838221,1.366475],[103.838284,1.366453],[103.838293,1.36648],[103.838345,1.366462],[103.838336,1.366436],[103.838399,1.366414],[103.838406,1.366434],[103.838419,1.366429],[103.838412,1.366409],[103.838475,1.366387],[103.838482,1.366408],[103.838495,1.366403],[103.838489,1.366383],[103.838551,1.366361],[103.838557,1.366379],[103.838578,1.366372],[103.83859,1.366407],[103.838566,1.366419],[103.838582,1.366467],[103.837929,1.366692],[103.8379,1.366606],[103.837921,1.366598]]]}},{"type":"Feature","properties":{"block_id":"8824","blk_no":"225","postal_code":"560225","region_id":"NER","region":"NORTH-EAST REGION","planning_area_id":"AM","planning_area":"ANG MO KIO","subzone_id":"AMSZ05","subzone":"SHANGRI-LA","lon":103.8381,"lat":1.3674,"property_match":"MATCHED","property_match_confidence":"HIGH","street":"ANG MO KIO AVE 1","residential":"Y","year_completed":1977,"building_age_2026":49,"max_floor_lvl":12,"total_dwelling_units":193,"small_flat_share_pct":86.01,"rental_share_pct":0.0,"footprint_area_m2":1691.2,"estimated_residents_2026":426.9,"estimated_elderly_65plus_2026":127.0,"estimated_elderly_share_pct":29.76,"elderly_exposure_score":94.6,"elderly_exposure_class":"VERY HIGH","estimate_confidence":"HIGH","display_name":"Block 225"},"geometry":{"type":"Polygon","coordinates":[[[103.838641,1.367159],[103.838662,1.367222],[103.838651,1.367226],[103.838665,1.367267],[103.838653,1.367271],[103.838661,1.367295],[103.83858,1.367323],[103.838572,1.367299],[103.838551,1.367307],[103.838559,1.367331],[103.838478,1.367359],[103.838469,1.367335],[103.838421,1.367352],[103.83843,1.367375],[103.83835,1.367403],[103.838342,1.367378],[103.83832,1.367386],[103.838328,1.36741],[103.83825,1.367437],[103.838242,1.367413],[103.838191,1.367431],[103.838199,1.367454],[103.838118,1.367482],[103.83811,1.367458],[103.838088,1.367465],[103.838096,1.36749],[103.838017,1.367517],[103.838009,1.367493],[103.837986,1.367501],[103.837994,1.367525],[103.837915,1.367552],[103.837907,1.367527],[103.837858,1.367544],[103.837867,1.367568],[103.837787,1.367596],[103.837778,1.367572],[103.837756,1.367579],[103.837765,1.367604],[103.837684,1.367632],[103.837676,1.367607],[103.837662,1.367612],[103.837648,1.367572],[103.837636,1.367576],[103.837615,1.367513],[103.838641,1.367159]]]}},{"type":"Feature","properties":{"block_id":"8862","blk_no":"226","postal_code":"560226","region_id":"NER","region":"NORTH-EAST REGION","planning_area_id":"AM","planning_area":"ANG MO KIO","subzone_id":"AMSZ05","subzone":"SHANGRI-LA","lon":103.8384,"lat":1.3677,"property_match":"MATCHED","property_match_confidence":"HIGH","street":"ANG MO KIO AVE 1","residential":"Y","year_completed":1977,"building_age_2026":49,"max_floor_lvl":12,"total_dwelling_units":110,"small_flat_share_pct":0.0,"rental_share_pct":0.0,"footprint_area_m2":1113.5,"estimated_residents_2026":311.4,"estimated_elderly_65plus_2026":62.3,"estimated_elderly_share_pct":20.0,"elderly_exposure_score":56.9,"elderly_exposure_class":"MODERATE","estimate_confidence":"HIGH","display_name":"Block 226"},"geometry":{"type":"Polygon","coordinates":[[[103.838422,1.36765],[103.83843,1.367673],[103.838504,1.367648],[103.838496,1.367625],[103.838575,1.367598],[103.838582,1.367621],[103.838655,1.367595],[103.838647,1.367572],[103.838728,1.367544],[103.838737,1.367568],[103.838771,1.367556],[103.838801,1.367645],[103.838737,1.367668],[103.838754,1.367719],[103.838727,1.367728],[103.838709,1.367677],[103.83828,1.367826],[103.838298,1.367877],[103.838268,1.367887],[103.838251,1.367836],[103.838037,1.36791],[103.838007,1.367821],[103.838045,1.367808],[103.838036,1.367783],[103.838117,1.367755],[103.838125,1.367779],[103.838198,1.367754],[103.83819,1.36773],[103.838268,1.367703],[103.838276,1.367727],[103.83835,1.367701],[103.838342,1.367678],[103.838422,1.36765]]]}},{"type":"Feature","properties":{"block_id":"7274","blk_no":"226A","postal_code":"561226","region_id":"NER","region":"NORTH-EAST REGION","planning_area_id":"AM","planning_area":"ANG MO KIO","subzone_id":"AMSZ05","subzone":"SHANGRI-LA","lon":103.8393,"lat":1.3675,"property_match":"MATCHED","property_match_confidence":"HIGH","street":"ANG MO KIO AVE 1","residential":"N","year_completed":1976,"building_age_2026":50,"max_floor_lvl":2,"total_dwelling_units":0,"small_flat_share_pct":null,"rental_share_pct":null,"footprint_area_m2":513.5,"estimated_residents_2026":0.0,"estimated_elderly_65plus_2026":0.0,"estimated_elderly_share_pct":null,"elderly_exposure_score":null,"elderly_exposure_class":null,"estimate_confidence":"HIGH","display_name":"Block 226A"},"geometry":{"type":"Polygon","coordinates":[[[103.839064,1.367523],[103.839468,1.36738],[103.839505,1.36747],[103.839093,1.36761],[103.839064,1.367523]]]}},{"type":"Feature","properties":{"block_id":"2542","blk_no":"226B","postal_code":"562226","region_id":"NER","region":"NORTH-EAST REGION","planning_area_id":"AM","planning_area":"ANG MO KIO","subzone_id":"AMSZ05","subzone":"SHANGRI-LA","lon":103.8396,"lat":1.3673,"property_match":"MATCHED","property_match_confidence":"HIGH","street":"ANG MO KIO AVE 1","residential":"Y","year_completed":1976,"building_age_2026":50,"max_floor_lvl":2,"total_dwelling_units":3,"small_flat_share_pct":100.0,"rental_share_pct":0.0,"footprint_area_m2":294.8,"estimated_residents_2026":6.3,"estimated_elderly_65plus_2026":2.0,"estimated_elderly_share_pct":32.21,"elderly_exposure_score":0.3,"elderly_exposure_class":"VERY LOW","estimate_confidence":"HIGH","display_name":"Block 226B"},"geometry":{"type":"Polygon","coordinates":[[[103.83948,1.367218],[103.839557,1.367192],[103.839637,1.367424],[103.839544,1.367457],[103.839472,1.36725],[103.839489,1.367244],[103.83948,1.367218]]]}},{"type":"Feature","properties":{"block_id":"5265","blk_no":"226C","postal_code":"563226","region_id":"NER","region":"NORTH-EAST REGION","planning_area_id":"AM","planning_area":"ANG MO KIO","subzone_id":"AMSZ05","subzone":"SHANGRI-LA","lon":103.8393,"lat":1.3671,"property_match":"MATCHED","property_match_confidence":"HIGH","street":"ANG MO KIO AVE 1","residential":"N","year_completed":1976,"building_age_2026":50,"max_floor_lvl":2,"total_dwelling_units":0,"small_flat_share_pct":null,"rental_share_pct":null,"footprint_area_m2":790.9,"estimated_residents_2026":0.0,"estimated_elderly_65plus_2026":0.0,"estimated_elderly_share_pct":null,"elderly_exposure_score":null,"elderly_exposure_class":null,"estimate_confidence":"HIGH","display_name":"Block 226C"},"geometry":{"type":"Polygon","coordinates":[[[103.839494,1.367003],[103.839531,1.36711],[103.839522,1.367121],[103.839018,1.367285],[103.838981,1.367177],[103.839494,1.367003]]]}},{"type":"Feature","properties":{"block_id":"11050879","blk_no":"226D","postal_code":"564226","region_id":"NER","region":"NORTH-EAST REGION","planning_area_id":"AM","planning_area":"ANG MO KIO","subzone_id":"AMSZ05","subzone":"SHANGRI-LA","lon":103.8391,"lat":1.3668,"property_match":"MATCHED","property_match_confidence":"HIGH","street":"ANG MO KIO AVE 1","residential":"N","year_completed":2010,"building_age_2026":16,"max_floor_lvl":1,"total_dwelling_units":0,"small_flat_share_pct":null,"rental_share_pct":null,"footprint_area_m2":2410.2,"estimated_residents_2026":0.0,"estimated_elderly_65plus_2026":0.0,"estimated_elderly_share_pct":null,"elderly_exposure_score":null,"elderly_exposure_class":null,"estimate_confidence":"HIGH","display_name":"Block 226D"},"geometry":{"type":"Polygon","coordinates":[[[103.838871,1.366724],[103.839358,1.366556],[103.839364,1.366574],[103.839389,1.366565],[103.839491,1.366865],[103.838979,1.367041],[103.838923,1.366875],[103.838761,1.366932],[103.838733,1.366849],[103.838894,1.366792],[103.838871,1.366724]]]}},{"type":"Feature","properties":{"block_id":"5913","blk_no":"226E","postal_code":"565226","region_id":"NER","region":"NORTH-EAST REGION","planning_area_id":"AM","planning_area":"ANG MO KIO","subzone_id":"AMSZ05","subzone":"SHANGRI-LA","lon":103.8398,"lat":1.3665,"property_match":"MATCHED","property_match_confidence":"HIGH","street":"ANG MO KIO AVE 1","residential":"Y","year_completed":1976,"building_age_2026":50,"max_floor_lvl":2,"total_dwelling_units":2,"small_flat_share_pct":100.0,"rental_share_pct":0.0,"footprint_area_m2":475.7,"estimated_residents_2026":4.2,"estimated_elderly_65plus_2026":1.3,"estimated_elderly_share_pct":32.21,"elderly_exposure_score":0.1,"elderly_exposure_class":"VERY LOW","estimate_confidence":"HIGH","display_name":"Block 226E"},"geometry":{"type":"Polygon","coordinates":[[[103.83993,1.366383],[103.839966,1.36649],[103.839956,1.366501],[103.839876,1.366529],[103.839874,1.366522],[103.839774,1.366564],[103.839772,1.366557],[103.839672,1.366599],[103.839658,1.366596],[103.839622,1.36649],[103.83993,1.366383]]]}},{"type":"Feature","properties":{"block_id":"2959","blk_no":"226F","postal_code":"566226","region_id":"NER","region":"NORTH-EAST REGION","planning_area_id":"AM","planning_area":"ANG MO KIO","subzone_id":"AMSZ05","subzone":"SHANGRI-LA","lon":103.8396,"lat":1.3667,"property_match":"MATCHED","property_match_confidence":"HIGH","street":"ANG MO KIO AVE 1","residential":"Y","year_completed":1976,"building_age_2026":50,"max_floor_lvl":2,"total_dwelling_units":3,"small_flat_share_pct":100.0,"rental_share_pct":33.33,"footprint_area_m2":323.5,"estimated_residents_2026":6.3,"estimated_elderly_65plus_2026":2.0,"estimated_elderly_share_pct":32.21,"elderly_exposure_score":0.3,"elderly_exposure_class":"VERY LOW","estimate_confidence":"HIGH","display_name":"Block 226F"},"geometry":{"type":"Polygon","coordinates":[[[103.839478,1.366539],[103.839573,1.366507],[103.839651,1.366734],[103.839633,1.36674],[103.839641,1.366765],[103.839564,1.366791],[103.839478,1.366539]]]}},{"type":"Feature","properties":{"block_id":"5986","blk_no":"226G","postal_code":"567226","region_id":"NER","region":"NORTH-EAST REGION","planning_area_id":"AM","planning_area":"ANG MO KIO","subzone_id":"AMSZ05","subzone":"SHANGRI-LA","lon":103.8399,"lat":1.3668,"property_match":"MATCHED","property_match_confidence":"HIGH","street":"ANG MO KIO AVE 1","residential":"N","year_completed":1976,"building_age_2026":50,"max_floor_lvl":2,"total_dwelling_units":0,"small_flat_share_pct":null,"rental_share_pct":null,"footprint_area_m2":659.6,"estimated_residents_2026":0.0,"estimated_elderly_65plus_2026":0.0,"estimated_elderly_share_pct":null,"elderly_exposure_score":null,"elderly_exposure_class":null,"estimate_confidence":"HIGH","display_name":"Block 226G"},"geometry":{"type":"Polygon","coordinates":[[[103.839601,1.366862],[103.84009,1.366693],[103.840103,1.366696],[103.840133,1.366784],[103.839621,1.366961],[103.839592,1.366873],[103.839601,1.366862]]]}},{"type":"Feature","properties":{"block_id":"11050880","blk_no":"226H","postal_code":"568226","region_id":"NER","region":"NORTH-EAST REGION","planning_area_id":"AM","planning_area":"ANG MO KIO","subzone_id":"AMSZ05","subzone":"SHANGRI-LA","lon":103.84,"lat":1.3672,"property_match":"MATCHED","property_match_confidence":"HIGH","street":"ANG MO KIO ST 22","residential":"N","year_completed":2004,"building_age_2026":22,"max_floor_lvl":1,"total_dwelling_units":0,"small_flat_share_pct":null,"rental_share_pct":null,"footprint_area_m2":1634.9,"estimated_residents_2026":0.0,"estimated_elderly_65plus_2026":0.0,"estimated_elderly_share_pct":null,"elderly_exposure_score":null,"elderly_exposure_class":null,"estimate_confidence":"HIGH","display_name":"Block 226H"},"geometry":{"type":"Polygon","coordinates":[[[103.839915,1.367063],[103.840128,1.36699],[103.840136,1.367016],[103.840195,1.366996],[103.84028,1.367244],[103.840217,1.367266],[103.840222,1.367283],[103.839865,1.367403],[103.839848,1.367393],[103.839764,1.367144],[103.839826,1.367123],[103.83982,1.367106],[103.839872,1.367089],[103.839878,1.367105],[103.839924,1.367089],[103.839915,1.367063]]]}},{"type":"Feature","properties":{"block_id":"11054864","blk_no":"227","postal_code":"560227","region_id":"NER","region":"NORTH-EAST REGION","planning_area_id":"AM","planning_area":"ANG MO KIO","subzone_id":"AMSZ05","subzone":"SHANGRI-LA","lon":103.8403,"lat":1.3688,"property_match":"MATCHED","property_match_confidence":"HIGH","street":"ANG MO KIO ST 23","residential":"N","year_completed":2020,"building_age_2026":6,"max_floor_lvl":6,"total_dwelling_units":0,"small_flat_share_pct":null,"rental_share_pct":null,"footprint_area_m2":2477.3,"estimated_residents_2026":0.0,"estimated_elderly_65plus_2026":0.0,"estimated_elderly_share_pct":null,"elderly_exposure_score":null,"elderly_exposure_class":null,"estimate_confidence":"HIGH","display_name":"Block 227"},"geometry":{"type":"Polygon","coordinates":[[[103.840078,1.368548],[103.840049,1.368552],[103.840043,1.368496],[103.840151,1.368492],[103.840154,1.368514],[103.840185,1.36851],[103.84018,1.368469],[103.840265,1.368458],[103.84027,1.3685],[103.840296,1.368496],[103.840294,1.368484],[103.840306,1.368483],[103.840304,1.368461],[103.8404,1.368458],[103.840476,1.36908],[103.840424,1.369087],[103.840421,1.369065],[103.840145,1.369099],[103.840078,1.368548]]]}},{"type":"Feature","properties":{"block_id":"11054865","blk_no":"227A","postal_code":"561227","region_id":"NER","region":"NORTH-EAST REGION","planning_area_id":"AM","planning_area":"ANG MO KIO","subzone_id":"AMSZ05","subzone":"SHANGRI-LA","lon":103.8404,"lat":1.3681,"property_match":"MATCHED","property_match_confidence":"HIGH","street":"ANG MO KIO ST 23","residential":"Y","year_completed":2020,"building_age_2026":6,"max_floor_lvl":27,"total_dwelling_units":260,"small_flat_share_pct":60.0,"rental_share_pct":0.0,"footprint_area_m2":1018.6,"estimated_residents_2026":618.3,"estimated_elderly_65plus_2026":152.5,"estimated_elderly_share_pct":24.66,"elderly_exposure_score":97.5,"elderly_exposure_class":"VERY HIGH","estimate_confidence":"HIGH","display_name":"Block 227A"},"geometry":{"type":"Polygon","coordinates":[[[103.84025,1.368326],[103.840239,1.368237],[103.840185,1.368244],[103.840191,1.368257],[103.840215,1.368254],[103.840218,1.368278],[103.840226,1.368277],[103.840226,1.368323],[103.840155,1.368338],[103.840148,1.36832],[103.840087,1.368327],[103.840084,1.368347],[103.840006,1.368347],[103.840006,1.36828],[103.840029,1.368277],[103.840032,1.368263],[103.84007,1.368258],[103.840068,1.368245],[103.840012,1.368239],[103.839995,1.368173],[103.840071,1.368157],[103.840078,1.368173],[103.840103,1.368164],[103.840112,1.368183],[103.840132,1.368181],[103.840131,1.368166],[103.840162,1.368163],[103.840165,1.368146],[103.840237,1.36814],[103.840248,1.368185],[103.84024,1.368186],[103.840243,1.36821],[103.84022,1.368213],[103.840221,1.368224],[103.840279,1.368212],[103.840276,1.368188],[103.840322,1.368182],[103.840318,1.368151],[103.840292,1.368047],[103.840269,1.368058],[103.840263,1.368037],[103.840242,1.368041],[103.840229,1.367969],[103.840331,1.367937],[103.84036,1.368009],[103.840338,1.368018],[103.840341,1.368031],[103.840361,1.368029],[103.840366,1.368049],[103.840315,1.368065],[103.84032,1.368085],[103.840394,1.368077],[103.840418,1.368169],[103.840348,1.368198],[103.840351,1.368223],[103.840429,1.368223],[103.840442,1.368325],[103.840367,1.368345],[103.840361,1.368323],[103.840345,1.368329],[103.84034,1.36832],[103.84034,1.368285],[103.840291,1.368291],[103.840295,1.368321],[103.84025,1.368326]]]}},{"type":"Feature","properties":{"block_id":"11054866","blk_no":"228","postal_code":"560228","region_id":"NER","region":"NORTH-EAST REGION","planning_area_id":"AM","planning_area":"ANG MO KIO","subzone_id":"AMSZ05","subzone":"SHANGRI-LA","lon":103.8401,"lat":1.3677,"property_match":"MATCHED","property_match_confidence":"HIGH","street":"ANG MO KIO ST 23","residential":"N","year_completed":2021,"building_age_2026":5,"max_floor_lvl":1,"total_dwelling_units":0,"small_flat_share_pct":null,"rental_share_pct":null,"footprint_area_m2":202.6,"estimated_residents_2026":0.0,"estimated_elderly_65plus_2026":0.0,"estimated_elderly_share_pct":null,"elderly_exposure_score":null,"elderly_exposure_class":null,"estimate_confidence":"HIGH","display_name":"Block 228"},"geometry":{"type":"Polygon","coordinates":[[[103.840071,1.367723],[103.84015,1.367697],[103.840135,1.367678],[103.840166,1.367674],[103.840196,1.367686],[103.840223,1.367734],[103.840204,1.367816],[103.840096,1.36782],[103.840071,1.367723]]]}},{"type":"Feature","properties":{"block_id":"11054867","blk_no":"228A","postal_code":"561228","region_id":"NER","region":"NORTH-EAST REGION","planning_area_id":"AM","planning_area":"ANG MO KIO","subzone_id":"AMSZ05","subzone":"SHANGRI-LA","lon":103.8395,"lat":1.368,"property_match":"MATCHED","property_match_confidence":"HIGH","street":"ANG MO KIO ST 23","residential":"Y","year_completed":2020,"building_age_2026":6,"max_floor_lvl":27,"total_dwelling_units":200,"small_flat_share_pct":0.0,"rental_share_pct":0.0,"footprint_area_m2":1220.9,"estimated_residents_2026":640.6,"estimated_elderly_65plus_2026":109.5,"estimated_elderly_share_pct":17.1,"elderly_exposure_score":91.0,"elderly_exposure_class":"VERY HIGH","estimate_confidence":"HIGH","display_name":"Block 228A"},"geometry":{"type":"Polygon","coordinates":[[[103.839422,1.368159],[103.839402,1.368093],[103.839424,1.368086],[103.83942,1.368074],[103.839389,1.368089],[103.839367,1.368091],[103.839359,1.368078],[103.839312,1.368094],[103.839308,1.368081],[103.839284,1.36809],[103.839252,1.368024],[103.839324,1.367996],[103.839332,1.368007],[103.839361,1.368],[103.839396,1.367971],[103.839403,1.367991],[103.839497,1.367959],[103.839512,1.36795],[103.839508,1.367938],[103.839603,1.367909],[103.839618,1.367973],[103.839597,1.36798],[103.839601,1.367993],[103.839623,1.367986],[103.839678,1.367965],[103.839674,1.367955],[103.839652,1.367962],[103.839647,1.367955],[103.839631,1.367893],[103.839748,1.367853],[103.839761,1.367855],[103.839779,1.367908],[103.839807,1.367899],[103.839813,1.367917],[103.839828,1.367916],[103.839821,1.36788],[103.83984,1.367879],[103.839836,1.367837],[103.839849,1.367831],[103.839847,1.367805],[103.839872,1.367803],[103.839871,1.367794],[103.839921,1.367795],[103.839927,1.367866],[103.839913,1.367873],[103.839921,1.367969],[103.839936,1.367973],[103.83994,1.36805],[103.839867,1.368047],[103.839865,1.368021],[103.839852,1.368018],[103.839848,1.36797],[103.839834,1.367971],[103.839831,1.367942],[103.839824,1.367937],[103.839769,1.367963],[103.839773,1.367973],[103.839798,1.367964],[103.839817,1.36802],[103.839764,1.368044],[103.839686,1.368069],[103.839663,1.368003],[103.839688,1.367994],[103.839684,1.367983],[103.839579,1.368019],[103.839584,1.368031],[103.839605,1.368023],[103.839619,1.368045],[103.839632,1.368084],[103.839607,1.368099],[103.839538,1.368121],[103.839534,1.368107],[103.83951,1.368116],[103.839514,1.36813],[103.839422,1.368159]]]}},{"type":"Feature","properties":{"block_id":"11054868","blk_no":"228B","postal_code":"562228","region_id":"NER","region":"NORTH-EAST REGION","planning_area_id":"AM","planning_area":"ANG MO KIO","subzone_id":"AMSZ05","subzone":"SHANGRI-LA","lon":103.8391,"lat":1.3684,"property_match":"MATCHED","property_match_confidence":"HIGH","street":"ANG MO KIO ST 23","residential":"Y","year_completed":2020,"building_age_2026":6,"max_floor_lvl":27,"total_dwelling_units":130,"small_flat_share_pct":0.0,"rental_share_pct":0.0,"footprint_area_m2":761.2,"estimated_residents_2026":415.6,"estimated_elderly_65plus_2026":71.2,"estimated_elderly_share_pct":17.14,"elderly_exposure_score":66.6,"elderly_exposure_class":"HIGH","estimate_confidence":"HIGH","display_name":"Block 228B"},"geometry":{"type":"Polygon","coordinates":[[[103.839068,1.368557],[103.839075,1.368553],[103.839063,1.368532],[103.839083,1.36852],[103.839081,1.368506],[103.839114,1.368487],[103.839088,1.368471],[103.839066,1.368483],[103.839054,1.368462],[103.839046,1.368467],[103.839025,1.36842],[103.839087,1.368381],[103.839099,1.368395],[103.839179,1.36835],[103.839188,1.368366],[103.839206,1.368356],[103.839198,1.368337],[103.839246,1.368316],[103.839276,1.368369],[103.839293,1.368364],[103.839283,1.368328],[103.839295,1.36832],[103.839289,1.368295],[103.839356,1.368267],[103.839378,1.368341],[103.839365,1.36835],[103.83939,1.368443],[103.839406,1.368444],[103.839423,1.368519],[103.839351,1.368529],[103.839345,1.368504],[103.839334,1.368507],[103.839337,1.368521],[103.839313,1.368527],[103.839284,1.36839],[103.839219,1.368428],[103.839224,1.368437],[103.839245,1.368425],[103.839285,1.36848],[103.839216,1.368524],[103.839209,1.368513],[103.839155,1.368544],[103.839162,1.368556],[103.839089,1.368594],[103.839068,1.368557]]]}},{"type":"Feature","properties":{"block_id":"11053643","blk_no":"229","postal_code":"560229","region_id":"NER","region":"NORTH-EAST REGION","planning_area_id":"AM","planning_area":"ANG MO KIO","subzone_id":"AMSZ05","subzone":"SHANGRI-LA","lon":103.8382,"lat":1.3691,"property_match":"MATCHED","property_match_confidence":"HIGH","street":"ANG MO KIO AVE 3","residential":"Y","year_completed":1976,"building_age_2026":50,"max_floor_lvl":12,"total_dwelling_units":110,"small_flat_share_pct":0.0,"rental_share_pct":0.0,"footprint_area_m2":1130.4,"estimated_residents_2026":311.4,"estimated_elderly_65plus_2026":62.3,"estimated_elderly_share_pct":20.0,"elderly_exposure_score":56.9,"elderly_exposure_class":"MODERATE","estimate_confidence":"HIGH","display_name":"Block 229"},"geometry":{"type":"Polygon","coordinates":[[[103.838007,1.369267],[103.838029,1.369283],[103.838035,1.369275],[103.838074,1.369221],[103.838052,1.369205],[103.838102,1.369136],[103.838124,1.369152],[103.838148,1.369119],[103.838169,1.369089],[103.838148,1.369073],[103.838198,1.369004],[103.838219,1.369021],[103.838265,1.368958],[103.838243,1.368942],[103.838293,1.368873],[103.838315,1.368889],[103.838353,1.368837],[103.83836,1.368827],[103.838338,1.368811],[103.838388,1.368741],[103.83841,1.368758],[103.83843,1.368723],[103.838508,1.36878],[103.838466,1.368832],[103.838515,1.368868],[103.838497,1.368893],[103.838448,1.368857],[103.83837,1.368964],[103.83841,1.368996],[103.838395,1.369017],[103.838352,1.368989],[103.838275,1.369095],[103.838315,1.369128],[103.8383,1.369148],[103.838257,1.36912],[103.83818,1.369226],[103.838229,1.369262],[103.838211,1.369288],[103.838162,1.369252],[103.838085,1.369358],[103.838124,1.36939],[103.838109,1.369411],[103.838067,1.369382],[103.83803,1.369439],[103.837952,1.369382],[103.837979,1.369352],[103.837957,1.369336],[103.838007,1.369267]]]}},{"type":"Feature","properties":{"block_id":"11053642","blk_no":"230","postal_code":"560230","region_id":"NER","region":"NORTH-EAST REGION","planning_area_id":"AM","planning_area":"ANG MO KIO","subzone_id":"AMSZ05","subzone":"SHANGRI-LA","lon":103.8379,"lat":1.3689,"property_match":"MATCHED","property_match_confidence":"HIGH","street":"ANG MO KIO AVE 3","residential":"Y","year_completed":1977,"building_age_2026":49,"max_floor_lvl":12,"total_dwelling_units":151,"small_flat_share_pct":83.44,"rental_share_pct":0.0,"footprint_area_m2":1317.3,"estimated_residents_2026":336.3,"estimated_elderly_65plus_2026":99.0,"estimated_elderly_share_pct":29.44,"elderly_exposure_score":87.1,"elderly_exposure_class":"VERY HIGH","estimate_confidence":"HIGH","display_name":"Block 230"},"geometry":{"type":"Polygon","coordinates":[[[103.837774,1.369146],[103.837724,1.369215],[103.837701,1.369198],[103.837696,1.369211],[103.837658,1.369183],[103.837653,1.369196],[103.8376,1.369156],[103.837736,1.368968],[103.837707,1.368947],[103.837721,1.368927],[103.83775,1.368949],[103.837943,1.368683],[103.837913,1.368662],[103.837927,1.368642],[103.837956,1.368664],[103.838093,1.368475],[103.838147,1.368515],[103.838136,1.368522],[103.838174,1.368551],[103.838164,1.36856],[103.838186,1.368576],[103.838137,1.368645],[103.838114,1.368628],[103.838101,1.368647],[103.838123,1.368664],[103.838073,1.368733],[103.838051,1.368716],[103.838021,1.368757],[103.838044,1.368773],[103.837994,1.368842],[103.837971,1.368825],[103.837957,1.368844],[103.83798,1.368861],[103.83793,1.36893],[103.837908,1.368913],[103.837894,1.368932],[103.837917,1.368949],[103.837867,1.369018],[103.837844,1.369001],[103.837815,1.369042],[103.837837,1.369058],[103.837787,1.369127],[103.837765,1.369111],[103.837751,1.369129],[103.837774,1.369146]]]}},{"type":"Feature","properties":{"block_id":"11053641","blk_no":"231","postal_code":"560231","region_id":"NER","region":"NORTH-EAST REGION","planning_area_id":"AM","planning_area":"ANG MO KIO","subzone_id":"AMSZ05","subzone":"SHANGRI-LA","lon":103.8375,"lat":1.3686,"property_match":"MATCHED","property_match_confidence":"HIGH","street":"ANG MO KIO AVE 3","residential":"Y","year_completed":1977,"building_age_2026":49,"max_floor_lvl":12,"total_dwelling_units":110,"small_flat_share_pct":0.0,"rental_share_pct":0.0,"footprint_area_m2":1269.5,"estimated_residents_2026":311.4,"estimated_elderly_65plus_2026":62.3,"estimated_elderly_share_pct":20.0,"elderly_exposure_score":56.9,"elderly_exposure_class":"MODERATE","estimate_confidence":"HIGH","display_name":"Block 231"},"geometry":{"type":"Polygon","coordinates":[[[103.837306,1.368753],[103.837326,1.368768],[103.837371,1.368705],[103.837351,1.36869],[103.837401,1.368622],[103.837421,1.368636],[103.837466,1.368574],[103.837446,1.368559],[103.837496,1.36849],[103.837516,1.368504],[103.837538,1.368475],[103.837562,1.368442],[103.837541,1.368427],[103.837591,1.368358],[103.837611,1.368373],[103.837618,1.368363],[103.837657,1.36831],[103.837637,1.368295],[103.837686,1.368227],[103.837707,1.368242],[103.837727,1.368207],[103.837805,1.368264],[103.837763,1.368316],[103.837812,1.368353],[103.837794,1.368378],[103.837762,1.368354],[103.837682,1.368464],[103.837707,1.368481],[103.837692,1.368501],[103.837669,1.368483],[103.837587,1.368595],[103.837612,1.368612],[103.837597,1.368633],[103.837574,1.368614],[103.837494,1.368724],[103.837526,1.368748],[103.837508,1.368773],[103.837476,1.368749],[103.837397,1.368859],[103.837421,1.368875],[103.837406,1.368897],[103.837366,1.36887],[103.837327,1.368924],[103.837249,1.368867],[103.837276,1.368837],[103.837256,1.368822],[103.837306,1.368753]]]}},{"type":"Feature","properties":{"block_id":"11053640","blk_no":"232","postal_code":"560232","region_id":"NER","region":"NORTH-EAST REGION","planning_area_id":"AM","planning_area":"ANG MO KIO","subzone_id":"AMSZ05","subzone":"SHANGRI-LA","lon":103.8372,"lat":1.3683,"property_match":"MATCHED","property_match_confidence":"HIGH","street":"ANG MO KIO AVE 3","residential":"Y","year_completed":1977,"building_age_2026":49,"max_floor_lvl":12,"total_dwelling_units":144,"small_flat_share_pct":84.72,"rental_share_pct":0.0,"footprint_area_m2":1308.2,"estimated_residents_2026":318.8,"estimated_elderly_65plus_2026":94.6,"estimated_elderly_share_pct":29.68,"elderly_exposure_score":85.1,"elderly_exposure_class":"VERY HIGH","estimate_confidence":"HIGH","display_name":"Block 232"},"geometry":{"type":"Polygon","coordinates":[[[103.837072,1.368632],[103.837022,1.368701],[103.837001,1.368686],[103.836996,1.368699],[103.836957,1.368671],[103.836953,1.368683],[103.8369,1.368644],[103.837037,1.368455],[103.837006,1.368434],[103.837021,1.368413],[103.837051,1.368436],[103.837244,1.36817],[103.837213,1.368149],[103.837228,1.368129],[103.837257,1.368152],[103.837395,1.367963],[103.837448,1.368002],[103.837438,1.36801],[103.837473,1.368036],[103.837465,1.368048],[103.837486,1.368063],[103.837436,1.368131],[103.837414,1.368116],[103.837401,1.368134],[103.837423,1.368149],[103.837372,1.368218],[103.837351,1.368203],[103.837321,1.368244],[103.837342,1.36826],[103.837293,1.368327],[103.837272,1.368312],[103.837258,1.368331],[103.837279,1.368347],[103.837165,1.368504],[103.837144,1.368488],[103.837114,1.368529],[103.837136,1.368544],[103.837086,1.368613],[103.837065,1.368597],[103.837051,1.368616],[103.837072,1.368632]]]}},{"type":"Feature","properties":{"block_id":"11053639","blk_no":"233","postal_code":"560233","region_id":"NER","region":"NORTH-EAST REGION","planning_area_id":"AM","planning_area":"ANG MO KIO","subzone_id":"AMSZ05","subzone":"SHANGRI-LA","lon":103.8368,"lat":1.3676,"property_match":"MATCHED","property_match_confidence":"HIGH","street":"ANG MO KIO AVE 3","residential":"Y","year_completed":1977,"building_age_2026":49,"max_floor_lvl":12,"total_dwelling_units":142,"small_flat_share_pct":82.39,"rental_share_pct":0.0,"footprint_area_m2":1288.7,"estimated_residents_2026":318.7,"estimated_elderly_65plus_2026":92.9,"estimated_elderly_share_pct":29.14,"elderly_exposure_score":84.3,"elderly_exposure_class":"VERY HIGH","estimate_confidence":"HIGH","display_name":"Block 233"},"geometry":{"type":"Polygon","coordinates":[[[103.836428,1.367587],[103.836436,1.367611],[103.836458,1.367604],[103.83645,1.367579],[103.83653,1.367552],[103.836538,1.367576],[103.836585,1.36756],[103.836577,1.367536],[103.836657,1.367508],[103.836665,1.367532],[103.836687,1.367525],[103.836679,1.3675],[103.836759,1.367473],[103.836767,1.367497],[103.83679,1.36749],[103.836781,1.367465],[103.836861,1.367437],[103.836869,1.367462],[103.836908,1.367449],[103.836917,1.367446],[103.836908,1.367421],[103.836988,1.367394],[103.836997,1.367418],[103.837019,1.36741],[103.83701,1.367386],[103.837091,1.367358],[103.837099,1.367383],[103.837112,1.367378],[103.837125,1.36742],[103.837137,1.367413],[103.837158,1.367476],[103.836941,1.367549],[103.836952,1.367585],[103.836929,1.367594],[103.836913,1.367559],[103.836609,1.367663],[103.83662,1.3677],[103.836597,1.367708],[103.836582,1.367673],[103.836365,1.367749],[103.836344,1.367686],[103.836358,1.367685],[103.836343,1.367643],[103.836356,1.367639],[103.836347,1.367615],[103.836428,1.367587]]]}},{"type":"Feature","properties":{"block_id":"11053638","blk_no":"234","postal_code":"560234","region_id":"NER","region":"NORTH-EAST REGION","planning_area_id":"AM","planning_area":"ANG MO KIO","subzone_id":"AMSZ05","subzone":"SHANGRI-LA","lon":103.8367,"lat":1.3672,"property_match":"MATCHED","property_match_confidence":"HIGH","street":"ANG MO KIO AVE 3","residential":"Y","year_completed":1976,"building_age_2026":50,"max_floor_lvl":12,"total_dwelling_units":88,"small_flat_share_pct":0.0,"rental_share_pct":0.0,"footprint_area_m2":1164.6,"estimated_residents_2026":269.2,"estimated_elderly_65plus_2026":48.8,"estimated_elderly_share_pct":18.13,"elderly_exposure_score":39.8,"elderly_exposure_class":"LOW","estimate_confidence":"HIGH","display_name":"Block 234"},"geometry":{"type":"Polygon","coordinates":[[[103.836322,1.367347],[103.836259,1.367369],[103.836252,1.367351],[103.836233,1.36736],[103.83622,1.367325],[103.836245,1.367312],[103.836228,1.367262],[103.836305,1.367236],[103.83629,1.367193],[103.836318,1.367184],[103.836333,1.367226],[103.836682,1.367106],[103.836673,1.367081],[103.836719,1.367065],[103.836728,1.36709],[103.836904,1.36703],[103.836889,1.366987],[103.836917,1.366977],[103.836932,1.36702],[103.837008,1.366994],[103.837026,1.367044],[103.837053,1.367038],[103.837064,1.367074],[103.837043,1.367079],[103.837049,1.367097],[103.836986,1.367119],[103.836979,1.3671],[103.836966,1.367105],[103.836973,1.367124],[103.836909,1.367145],[103.836903,1.367127],[103.83689,1.367131],[103.836896,1.36715],[103.836833,1.367172],[103.836826,1.367153],[103.836814,1.367157],[103.83682,1.367176],[103.836756,1.367198],[103.83675,1.367179],[103.836699,1.367197],[103.836705,1.367216],[103.836642,1.367237],[103.836636,1.367219],[103.836622,1.367223],[103.836629,1.367242],[103.836565,1.367264],[103.836559,1.367245],[103.836546,1.36725],[103.836552,1.367268],[103.836489,1.36729],[103.836482,1.367271],[103.836469,1.367276],[103.836475,1.367295],[103.836412,1.367316],[103.836406,1.367298],[103.836393,1.367302],[103.836399,1.367321],[103.836336,1.367343],[103.836329,1.367324],[103.836316,1.367329],[103.836322,1.367347]]]}},{"type":"Feature","properties":{"block_id":"11053637","blk_no":"235","postal_code":"560235","region_id":"NER","region":"NORTH-EAST REGION","planning_area_id":"AM","planning_area":"ANG MO KIO","subzone_id":"AMSZ05","subzone":"SHANGRI-LA","lon":103.8365,"lat":1.3668,"property_match":"MATCHED","property_match_confidence":"HIGH","street":"ANG MO KIO AVE 3","residential":"Y","year_completed":1976,"building_age_2026":50,"max_floor_lvl":12,"total_dwelling_units":153,"small_flat_share_pct":84.97,"rental_share_pct":0.0,"footprint_area_m2":1296.8,"estimated_residents_2026":337.8,"estimated_elderly_65plus_2026":100.6,"estimated_elderly_share_pct":29.79,"elderly_exposure_score":87.9,"elderly_exposure_class":"VERY HIGH","estimate_confidence":"HIGH","display_name":"Block 235"},"geometry":{"type":"Polygon","coordinates":[[[103.836225,1.36699],[103.836144,1.367017],[103.836136,1.366992],[103.836123,1.366997],[103.836109,1.366955],[103.836098,1.366963],[103.836076,1.3669],[103.836294,1.366827],[103.836283,1.36679],[103.836307,1.366782],[103.836321,1.366817],[103.836625,1.366712],[103.836615,1.366676],[103.83664,1.366667],[103.836653,1.366703],[103.836869,1.366627],[103.836891,1.36669],[103.836876,1.366689],[103.836892,1.366733],[103.836879,1.366737],[103.836887,1.366761],[103.836807,1.366789],[103.836798,1.366765],[103.836777,1.366772],[103.836785,1.366796],[103.836705,1.366825],[103.836696,1.366799],[103.836649,1.366816],[103.836658,1.36684],[103.836577,1.366868],[103.83657,1.366843],[103.836547,1.366851],[103.836556,1.366875],[103.836475,1.366903],[103.836467,1.366877],[103.836445,1.366884],[103.836454,1.366911],[103.836374,1.366938],[103.836365,1.366912],[103.836318,1.366929],[103.836327,1.366955],[103.836246,1.366982],[103.836238,1.366958],[103.836216,1.366965],[103.836225,1.36699]]]}},{"type":"Feature","properties":{"block_id":"8979","blk_no":"244","postal_code":"560244","region_id":"NER","region":"NORTH-EAST REGION","planning_area_id":"AM","planning_area":"ANG MO KIO","subzone_id":"AMSZ05","subzone":"SHANGRI-LA","lon":103.8346,"lat":1.3673,"property_match":"MATCHED","property_match_confidence":"HIGH","street":"ANG MO KIO AVE 3","residential":"Y","year_completed":1976,"building_age_2026":50,"max_floor_lvl":12,"total_dwelling_units":154,"small_flat_share_pct":100.0,"rental_share_pct":100.0,"footprint_area_m2":806.1,"estimated_residents_2026":319.7,"estimated_elderly_65plus_2026":92.4,"estimated_elderly_share_pct":28.9,"elderly_exposure_score":83.9,"elderly_exposure_class":"VERY HIGH","estimate_confidence":"HIGH","display_name":"Block 244"},"geometry":{"type":"Polygon","coordinates":[[[103.83442,1.367411],[103.834356,1.367433],[103.834351,1.367415],[103.834329,1.367423],[103.834316,1.367384],[103.834341,1.367374],[103.834325,1.367327],[103.834902,1.367128],[103.834932,1.367215],[103.834911,1.367221],[103.834917,1.36724],[103.834853,1.367262],[103.834847,1.367243],[103.834834,1.367248],[103.834841,1.367266],[103.834777,1.367288],[103.834771,1.36727],[103.834758,1.367274],[103.834765,1.367292],[103.834701,1.367314],[103.834695,1.367296],[103.834682,1.3673],[103.834688,1.367319],[103.834625,1.36734],[103.834619,1.367322],[103.834606,1.367327],[103.834612,1.367345],[103.834548,1.367367],[103.834539,1.367342],[103.834488,1.36736],[103.834496,1.367385],[103.834433,1.367407],[103.834427,1.367388],[103.834414,1.367393],[103.83442,1.367411]]]}},{"type":"Feature","properties":{"block_id":"5349","blk_no":"245","postal_code":"560245","region_id":"NER","region":"NORTH-EAST REGION","planning_area_id":"AM","planning_area":"ANG MO KIO","subzone_id":"AMSZ05","subzone":"SHANGRI-LA","lon":103.8348,"lat":1.3677,"property_match":"MATCHED","property_match_confidence":"HIGH","street":"ANG MO KIO AVE 3","residential":"Y","year_completed":1976,"building_age_2026":50,"max_floor_lvl":12,"total_dwelling_units":154,"small_flat_share_pct":100.0,"rental_share_pct":100.0,"footprint_area_m2":804.4,"estimated_residents_2026":319.7,"estimated_elderly_65plus_2026":92.4,"estimated_elderly_share_pct":28.9,"elderly_exposure_score":83.9,"elderly_exposure_class":"VERY HIGH","estimate_confidence":"HIGH","display_name":"Block 245"},"geometry":{"type":"Polygon","coordinates":[[[103.835017,1.367534],[103.835023,1.367553],[103.835044,1.367544],[103.835058,1.367583],[103.835032,1.367592],[103.835048,1.36764],[103.834471,1.367838],[103.834442,1.367752],[103.834463,1.367745],[103.834456,1.367727],[103.83452,1.367705],[103.834526,1.367724],[103.834538,1.367719],[103.834532,1.367701],[103.834596,1.367679],[103.834602,1.367697],[103.834615,1.367693],[103.834608,1.367675],[103.834672,1.367653],[103.834678,1.367671],[103.834691,1.367667],[103.834684,1.367648],[103.834748,1.367627],[103.834754,1.367645],[103.834767,1.367641],[103.834761,1.367622],[103.834826,1.3676],[103.834836,1.367625],[103.834886,1.367608],[103.834877,1.367582],[103.83494,1.367561],[103.834946,1.367579],[103.834959,1.367575],[103.834953,1.367556],[103.835017,1.367534]]]}},{"type":"Feature","properties":{"block_id":"11051029","blk_no":"246","postal_code":"560246","region_id":"NER","region":"NORTH-EAST REGION","planning_area_id":"AM","planning_area":"ANG MO KIO","subzone_id":"AMSZ05","subzone":"SHANGRI-LA","lon":103.8337,"lat":1.3684,"property_match":"MATCHED","property_match_confidence":"HIGH","street":"ANG MO KIO ST 21","residential":"N","year_completed":2025,"building_age_2026":1,"max_floor_lvl":3,"total_dwelling_units":0,"small_flat_share_pct":null,"rental_share_pct":null,"footprint_area_m2":2907.0,"estimated_residents_2026":0.0,"estimated_elderly_65plus_2026":0.0,"estimated_elderly_share_pct":null,"elderly_exposure_score":null,"elderly_exposure_class":null,"estimate_confidence":"HIGH","display_name":"Block 246"},"geometry":{"type":"Polygon","coordinates":[[[103.833962,1.368655],[103.833627,1.368771],[103.833412,1.36814],[103.833748,1.368025],[103.833962,1.368655]]]}},{"type":"Feature","properties":{"block_id":"11051030","blk_no":"246A","postal_code":"561246","region_id":"NER","region":"NORTH-EAST REGION","planning_area_id":"AM","planning_area":"ANG MO KIO","subzone_id":"AMSZ05","subzone":"SHANGRI-LA","lon":103.8342,"lat":1.3683,"property_match":"MATCHED","property_match_confidence":"HIGH","street":"ANG MO KIO ST 21","residential":"Y","year_completed":2025,"building_age_2026":1,"max_floor_lvl":29,"total_dwelling_units":140,"small_flat_share_pct":0.0,"rental_share_pct":0.0,"footprint_area_m2":755.3,"estimated_residents_2026":430.5,"estimated_elderly_65plus_2026":77.6,"estimated_elderly_share_pct":18.02,"elderly_exposure_score":73.2,"elderly_exposure_class":"HIGH","estimate_confidence":"HIGH","display_name":"Block 246A"},"geometry":{"type":"Polygon","coordinates":[[[103.834435,1.368432],[103.834303,1.368432],[103.834303,1.368344],[103.834284,1.368344],[103.834284,1.368401],[103.834254,1.368401],[103.834254,1.368417],[103.834178,1.368412],[103.834145,1.368418],[103.834145,1.36843],[103.834062,1.36843],[103.834062,1.368382],[103.834071,1.368382],[103.834072,1.368357],[103.834097,1.368357],[103.834096,1.368326],[103.834023,1.368327],[103.834023,1.368311],[103.833997,1.368311],[103.833988,1.368239],[103.834071,1.368239],[103.834071,1.36825],[103.834216,1.368239],[103.834208,1.368311],[103.834183,1.368311],[103.834183,1.368324],[103.834279,1.368324],[103.834279,1.368257],[103.834303,1.368257],[103.834303,1.368241],[103.834437,1.368235],[103.834437,1.368286],[103.834418,1.368286],[103.834418,1.368311],[103.834393,1.368311],[103.834393,1.368327],[103.834326,1.368327],[103.834326,1.368341],[103.834393,1.368341],[103.834393,1.368357],[103.834416,1.368357],[103.834417,1.368382],[103.834435,1.368382],[103.834435,1.368432]]]}},{"type":"Feature","properties":{"block_id":"11051031","blk_no":"246B","postal_code":"562246","region_id":"NER","region":"NORTH-EAST REGION","planning_area_id":"AM","planning_area":"ANG MO KIO","subzone_id":"AMSZ05","subzone":"SHANGRI-LA","lon":103.8336,"lat":1.3677,"property_match":"MATCHED","property_match_confidence":"HIGH","street":"ANG MO KIO ST 21","residential":"Y","year_completed":2025,"building_age_2026":1,"max_floor_lvl":29,"total_dwelling_units":240,"small_flat_share_pct":0.0,"rental_share_pct":0.0,"footprint_area_m2":1886.5,"estimated_residents_2026":730.6,"estimated_elderly_65plus_2026":133.3,"estimated_elderly_share_pct":18.25,"elderly_exposure_score":95.5,"elderly_exposure_class":"VERY HIGH","estimate_confidence":"HIGH","display_name":"Block 246B"},"geometry":{"type":"Polygon","coordinates":[[[103.833583,1.367823],[103.833562,1.367767],[103.833517,1.367783],[103.833512,1.367768],[103.833488,1.367777],[103.833455,1.367712],[103.833533,1.367683],[103.833537,1.367694],[103.83367,1.367633],[103.833686,1.367705],[103.833663,1.367713],[103.833667,1.367725],[103.833767,1.367688],[103.833762,1.367676],[103.83374,1.367685],[103.833707,1.36762],[103.833785,1.367591],[103.833789,1.367602],[103.833819,1.367591],[103.833822,1.3676],[103.833869,1.367573],[103.833865,1.367562],[103.833943,1.367533],[103.833959,1.367605],[103.833936,1.367613],[103.833941,1.367625],[103.833998,1.367604],[103.833973,1.367534],[103.834041,1.367501],[103.834038,1.367494],[103.834115,1.367466],[103.834133,1.367515],[103.834116,1.367521],[103.834124,1.367544],[103.8341,1.367553],[103.834106,1.367568],[103.834048,1.367589],[103.83406,1.367623],[103.834124,1.3676],[103.834172,1.367752],[103.834126,1.367769],[103.83412,1.367752],[103.834097,1.367761],[103.834088,1.367737],[103.834078,1.367741],[103.834119,1.367853],[103.834136,1.367853],[103.834137,1.367804],[103.834152,1.367804],[103.834152,1.367779],[103.834224,1.36777],[103.834224,1.367853],[103.834211,1.367853],[103.834211,1.367884],[103.834221,1.367884],[103.834224,1.367924],[103.834249,1.367924],[103.834249,1.367948],[103.834268,1.367948],[103.834268,1.367999],[103.834085,1.367991],[103.834085,1.367999],[103.834003,1.367999],[103.834003,1.367948],[103.834022,1.367948],[103.834022,1.367924],[103.834045,1.367924],[103.834045,1.367906],[103.834131,1.367907],[103.834131,1.367874],[103.834104,1.367874],[103.834035,1.367683],[103.834002,1.367695],[103.833979,1.367632],[103.83388,1.367669],[103.8339,1.367725],[103.833974,1.367725],[103.833974,1.367741],[103.833999,1.367741],[103.834008,1.367813],[103.833925,1.367813],[103.833925,1.367802],[103.83378,1.367813],[103.833789,1.367741],[103.833814,1.367741],[103.833814,1.367725],[103.833879,1.367725],[103.833861,1.367676],[103.833587,1.367776],[103.833605,1.367825],[103.833653,1.367785],[103.833663,1.367797],[103.833681,1.367781],[103.833736,1.36783],[103.833672,1.367884],[103.833665,1.367875],[103.833617,1.367915],[103.833624,1.367924],[103.833561,1.367978],[103.833522,1.367916],[103.83354,1.367901],[103.833511,1.367875],[103.833583,1.367823]]]}},{"type":"Feature","properties":{"block_id":"11051032","blk_no":"246C","postal_code":"563246","region_id":"NER","region":"NORTH-EAST REGION","planning_area_id":"AM","planning_area":"ANG MO KIO","subzone_id":"AMSZ05","subzone":"SHANGRI-LA","lon":103.8334,"lat":1.368,"property_match":"MATCHED","property_match_confidence":"HIGH","street":"ANG MO KIO ST 21","residential":"N","year_completed":2026,"building_age_2026":0,"max_floor_lvl":1,"total_dwelling_units":0,"small_flat_share_pct":null,"rental_share_pct":null,"footprint_area_m2":216.6,"estimated_residents_2026":0.0,"estimated_elderly_65plus_2026":0.0,"estimated_elderly_share_pct":null,"elderly_exposure_score":null,"elderly_exposure_class":null,"estimate_confidence":"HIGH","display_name":"Block 246C"},"geometry":{"type":"Polygon","coordinates":[[[103.833328,1.367916],[103.83345,1.367872],[103.833496,1.368],[103.833374,1.368044],[103.833328,1.367916]]]}},{"type":"Feature","properties":{"block_id":"5206","blk_no":"253","postal_code":"560253","region_id":"NER","region":"NORTH-EAST REGION","planning_area_id":"AM","planning_area":"ANG MO KIO","subzone_id":"AMSZ05","subzone":"SHANGRI-LA","lon":103.8344,"lat":1.3696,"property_match":"MATCHED","property_match_confidence":"HIGH","street":"ANG MO KIO ST 21","residential":"Y","year_completed":1994,"building_age_2026":32,"max_floor_lvl":12,"total_dwelling_units":110,"small_flat_share_pct":0.0,"rental_share_pct":0.0,"footprint_area_m2":1643.1,"estimated_residents_2026":378.5,"estimated_elderly_65plus_2026":58.9,"estimated_elderly_share_pct":15.57,"elderly_exposure_score":52.6,"elderly_exposure_class":"MODERATE","estimate_confidence":"HIGH","display_name":"Block 253"},"geometry":{"type":"Polygon","coordinates":[[[103.834753,1.369375],[103.834832,1.369349],[103.834864,1.369442],[103.834807,1.36945],[103.83481,1.36946],[103.834755,1.369479],[103.834781,1.369556],[103.834832,1.369539],[103.834848,1.369585],[103.834855,1.369583],[103.834881,1.369683],[103.83483,1.3697],[103.834856,1.369778],[103.834912,1.369758],[103.834915,1.369768],[103.834938,1.36976],[103.834935,1.369751],[103.834965,1.36974],[103.834997,1.369832],[103.834918,1.36986],[103.834894,1.369889],[103.834857,1.369881],[103.83477,1.369911],[103.834734,1.36984],[103.834791,1.369825],[103.834783,1.369803],[103.834826,1.369788],[103.834801,1.369714],[103.834569,1.369793],[103.834547,1.369727],[103.834468,1.369754],[103.834491,1.369821],[103.834377,1.36986],[103.834346,1.369767],[103.834376,1.369757],[103.834379,1.369766],[103.83444,1.369735],[103.83442,1.369677],[103.834406,1.369682],[103.834403,1.369672],[103.834353,1.3697],[103.834321,1.369608],[103.834403,1.369579],[103.834427,1.36955],[103.834464,1.369558],[103.834546,1.36953],[103.834577,1.369623],[103.834546,1.369633],[103.834543,1.369624],[103.834506,1.369647],[103.834525,1.369701],[103.834768,1.369617],[103.834725,1.36949],[103.834693,1.3695],[103.83469,1.369491],[103.834637,1.36952],[103.834606,1.369427],[103.834692,1.369397],[103.834716,1.369368],[103.834753,1.369375]]]}},{"type":"Feature","properties":{"block_id":"7011","blk_no":"253A","postal_code":"561253","region_id":"NER","region":"NORTH-EAST REGION","planning_area_id":"AM","planning_area":"ANG MO KIO","subzone_id":"AMSZ05","subzone":"SHANGRI-LA","lon":103.834,"lat":1.3698,"property_match":"MATCHED","property_match_confidence":"HIGH","street":"ANG MO KIO ST 21","residential":"Y","year_completed":1994,"building_age_2026":32,"max_floor_lvl":8,"total_dwelling_units":49,"small_flat_share_pct":0.0,"rental_share_pct":0.0,"footprint_area_m2":1200.0,"estimated_residents_2026":168.6,"estimated_elderly_65plus_2026":26.2,"estimated_elderly_share_pct":15.57,"elderly_exposure_score":15.0,"elderly_exposure_class":"VERY LOW","estimate_confidence":"HIGH","display_name":"Block 253A"},"geometry":{"type":"Polygon","coordinates":[[[103.833931,1.369873],[103.833895,1.369855],[103.833914,1.369818],[103.833908,1.369802],[103.834008,1.369767],[103.833988,1.369708],[103.833951,1.369721],[103.833943,1.369714],[103.833948,1.369693],[103.83393,1.369639],[103.834012,1.369611],[103.834036,1.369582],[103.834073,1.36959],[103.834152,1.369563],[103.834183,1.369655],[103.834153,1.369666],[103.834149,1.369656],[103.834126,1.369664],[103.834129,1.369674],[103.834035,1.369706],[103.834097,1.369888],[103.834152,1.369869],[103.834171,1.369923],[103.834261,1.369892],[103.834237,1.369823],[103.834351,1.369784],[103.834382,1.369876],[103.834326,1.369885],[103.834329,1.369895],[103.834288,1.369909],[103.834308,1.369967],[103.83433,1.369959],[103.834333,1.369969],[103.834383,1.369941],[103.834414,1.370033],[103.834333,1.370061],[103.834309,1.370091],[103.834272,1.370082],[103.83419,1.370111],[103.834159,1.370018],[103.834215,1.370009],[103.834203,1.369975],[103.834221,1.369969],[103.834208,1.36993],[103.834161,1.369946],[103.834167,1.369965],[103.834054,1.370004],[103.834036,1.36995],[103.834019,1.369936],[103.834021,1.369926],[103.834058,1.369914],[103.834038,1.369854],[103.833938,1.369889],[103.833931,1.369873]]]}},{"type":"Feature","properties":{"block_id":"5897","blk_no":"254","postal_code":"560254","region_id":"NER","region":"NORTH-EAST REGION","planning_area_id":"AM","planning_area":"ANG MO KIO","subzone_id":"AMSZ05","subzone":"SHANGRI-LA","lon":103.8347,"lat":1.3702,"property_match":"MATCHED","property_match_confidence":"HIGH","street":"ANG MO KIO AVE 4","residential":"Y","year_completed":1976,"building_age_2026":50,"max_floor_lvl":12,"total_dwelling_units":110,"small_flat_share_pct":0.0,"rental_share_pct":0.91,"footprint_area_m2":1431.9,"estimated_residents_2026":311.1,"estimated_elderly_65plus_2026":62.3,"estimated_elderly_share_pct":20.04,"elderly_exposure_score":57.0,"elderly_exposure_class":"MODERATE","estimate_confidence":"HIGH","display_name":"Block 254"},"geometry":{"type":"Polygon","coordinates":[[[103.834781,1.370107],[103.834785,1.370057],[103.834807,1.370035],[103.834839,1.370039],[103.834873,1.370076],[103.835057,1.370011],[103.835094,1.37012],[103.835057,1.370133],[103.83507,1.370174],[103.835052,1.37018],[103.83504,1.370163],[103.835008,1.370174],[103.835009,1.370195],[103.834991,1.370201],[103.834977,1.370161],[103.834904,1.370186],[103.834917,1.370227],[103.834899,1.370233],[103.834887,1.370216],[103.834855,1.370227],[103.834856,1.370248],[103.834838,1.370254],[103.834824,1.370214],[103.834751,1.370239],[103.834764,1.37028],[103.834746,1.370286],[103.834734,1.370269],[103.834702,1.37028],[103.834703,1.370301],[103.834685,1.370307],[103.834671,1.370266],[103.834598,1.370292],[103.834611,1.370332],[103.834593,1.370339],[103.834581,1.370322],[103.834549,1.370332],[103.83455,1.370354],[103.834532,1.37036],[103.834518,1.370319],[103.834445,1.370344],[103.834458,1.370385],[103.83444,1.370391],[103.834428,1.370374],[103.834396,1.370385],[103.834397,1.370406],[103.834379,1.370412],[103.834365,1.370372],[103.834328,1.370385],[103.834291,1.370276],[103.834322,1.370265],[103.834323,1.370224],[103.834341,1.370196],[103.83438,1.370197],[103.834413,1.370234],[103.834781,1.370107]]]}},{"type":"Feature","properties":{"block_id":"7627","blk_no":"255","postal_code":"560255","region_id":"NER","region":"NORTH-EAST REGION","planning_area_id":"AM","planning_area":"ANG MO KIO","subzone_id":"AMSZ05","subzone":"SHANGRI-LA","lon":103.8347,"lat":1.3706,"property_match":"MATCHED","property_match_confidence":"HIGH","street":"ANG MO KIO AVE 4","residential":"Y","year_completed":1976,"building_age_2026":50,"max_floor_lvl":12,"total_dwelling_units":153,"small_flat_share_pct":84.97,"rental_share_pct":0.0,"footprint_area_m2":1449.9,"estimated_residents_2026":337.8,"estimated_elderly_65plus_2026":100.6,"estimated_elderly_share_pct":29.79,"elderly_exposure_score":87.9,"elderly_exposure_class":"VERY HIGH","estimate_confidence":"HIGH","display_name":"Block 255"},"geometry":{"type":"Polygon","coordinates":[[[103.834885,1.37052],[103.834907,1.370512],[103.834893,1.37047],[103.834911,1.370464],[103.834923,1.370481],[103.834955,1.37047],[103.834954,1.370449],[103.834972,1.370443],[103.834987,1.370485],[103.835008,1.370482],[103.835014,1.370522],[103.835025,1.370518],[103.835046,1.37058],[103.834855,1.37065],[103.83484,1.370679],[103.834821,1.370688],[103.83478,1.370676],[103.834523,1.370765],[103.834508,1.370793],[103.834489,1.370803],[103.834448,1.37079],[103.834254,1.370853],[103.834233,1.370791],[103.834245,1.370787],[103.834232,1.370745],[103.834244,1.370741],[103.83423,1.370698],[103.834248,1.370692],[103.83426,1.37071],[103.834292,1.370699],[103.834291,1.370677],[103.834309,1.370671],[103.834324,1.370713],[103.834346,1.370706],[103.834332,1.370663],[103.83435,1.370657],[103.834362,1.370675],[103.834394,1.370664],[103.834393,1.370642],[103.834411,1.370636],[103.834426,1.370678],[103.834473,1.370662],[103.834459,1.370619],[103.834477,1.370613],[103.83449,1.370631],[103.834521,1.37062],[103.83452,1.370598],[103.834538,1.370592],[103.834553,1.370634],[103.834575,1.370627],[103.834561,1.370584],[103.834579,1.370578],[103.834592,1.370595],[103.834623,1.370585],[103.834622,1.370563],[103.83464,1.370557],[103.834655,1.370599],[103.834677,1.370591],[103.834663,1.370549],[103.834681,1.370543],[103.834694,1.37056],[103.834725,1.370549],[103.834724,1.370528],[103.834742,1.370522],[103.834757,1.370564],[103.834805,1.370547],[103.834791,1.370505],[103.834809,1.370499],[103.834821,1.370516],[103.834853,1.370506],[103.834852,1.370484],[103.83487,1.370478],[103.834885,1.37052]]]}},{"type":"Feature","properties":{"block_id":"4864","blk_no":"255A","postal_code":"561255","region_id":"NER","region":"NORTH-EAST REGION","planning_area_id":"AM","planning_area":"ANG MO KIO","subzone_id":"AMSZ05","subzone":"SHANGRI-LA","lon":103.8347,"lat":1.3704,"property_match":"MATCHED","property_match_confidence":"HIGH","street":"ANG MO KIO ST 21","residential":"N","year_completed":2001,"building_age_2026":25,"max_floor_lvl":2,"total_dwelling_units":0,"small_flat_share_pct":null,"rental_share_pct":null,"footprint_area_m2":1718.1,"estimated_residents_2026":0.0,"estimated_elderly_65plus_2026":0.0,"estimated_elderly_share_pct":null,"elderly_exposure_score":null,"elderly_exposure_class":null,"estimate_confidence":"HIGH","display_name":"Block 255A"},"geometry":{"type":"Polygon","coordinates":[[[103.834303,1.370477],[103.83511,1.370188],[103.835115,1.370202],[103.835085,1.370274],[103.8351,1.370359],[103.835087,1.370427],[103.835045,1.370418],[103.83505,1.370394],[103.835024,1.370389],[103.834316,1.37063],[103.834261,1.370627],[103.83422,1.370589],[103.834216,1.370534],[103.834234,1.370501],[103.834257,1.370484],[103.834303,1.370477]]]}},{"type":"Feature","properties":{"block_id":"6027","blk_no":"256","postal_code":"560256","region_id":"NER","region":"NORTH-EAST REGION","planning_area_id":"AM","planning_area":"ANG MO KIO","subzone_id":"AMSZ05","subzone":"SHANGRI-LA","lon":103.8359,"lat":1.3706,"property_match":"MATCHED","property_match_confidence":"HIGH","street":"ANG MO KIO AVE 4","residential":"Y","year_completed":1976,"building_age_2026":50,"max_floor_lvl":12,"total_dwelling_units":130,"small_flat_share_pct":81.54,"rental_share_pct":0.0,"footprint_area_m2":1262.7,"estimated_residents_2026":291.0,"estimated_elderly_65plus_2026":85.0,"estimated_elderly_share_pct":29.2,"elderly_exposure_score":78.9,"elderly_exposure_class":"HIGH","estimate_confidence":"HIGH","display_name":"Block 256"},"geometry":{"type":"Polygon","coordinates":[[[103.835769,1.370646],[103.835741,1.370663],[103.83572,1.370661],[103.835691,1.37063],[103.835597,1.370608],[103.83561,1.370543],[103.835622,1.370546],[103.835632,1.370502],[103.835644,1.370505],[103.835653,1.370461],[103.835672,1.370465],[103.835674,1.370486],[103.835706,1.370492],[103.835716,1.370474],[103.835735,1.370478],[103.835727,1.370521],[103.835776,1.370531],[103.835785,1.370488],[103.835804,1.370491],[103.835806,1.370512],[103.835839,1.370519],[103.835848,1.3705],[103.835867,1.370504],[103.835859,1.370547],[103.835882,1.370552],[103.835891,1.370509],[103.83591,1.370512],[103.835912,1.370533],[103.835944,1.37054],[103.835954,1.370521],[103.835973,1.370525],[103.835965,1.370568],[103.835988,1.370573],[103.835997,1.370529],[103.836015,1.370533],[103.836018,1.370554],[103.83605,1.37056],[103.83606,1.370542],[103.836079,1.370546],[103.836071,1.370589],[103.836094,1.370594],[103.836102,1.37055],[103.836121,1.370554],[103.836123,1.370575],[103.836156,1.370581],[103.836166,1.370563],[103.836184,1.370567],[103.836177,1.37061],[103.836226,1.37062],[103.836235,1.370577],[103.836253,1.37058],[103.836256,1.370601],[103.836288,1.370607],[103.836298,1.370589],[103.836317,1.370593],[103.836309,1.370636],[103.836321,1.370639],[103.836314,1.370682],[103.836325,1.370691],[103.836313,1.37075],[103.836218,1.370735],[103.83618,1.370752],[103.836159,1.370745],[103.83614,1.370719],[103.835769,1.370646]]]}},{"type":"Feature","properties":{"block_id":"4689","blk_no":"256A","postal_code":"561256","region_id":"NER","region":"NORTH-EAST REGION","planning_area_id":"AM","planning_area":"ANG MO KIO","subzone_id":"AMSZ05","subzone":"SHANGRI-LA","lon":103.8359,"lat":1.3704,"property_match":"MATCHED","property_match_confidence":"HIGH","street":"ANG MO KIO ST 21","residential":"N","year_completed":2000,"building_age_2026":26,"max_floor_lvl":2,"total_dwelling_units":0,"small_flat_share_pct":null,"rental_share_pct":null,"footprint_area_m2":2137.0,"estimated_residents_2026":0.0,"estimated_elderly_65plus_2026":0.0,"estimated_elderly_share_pct":null,"elderly_exposure_score":null,"elderly_exposure_class":null,"estimate_confidence":"HIGH","display_name":"Block 256A"},"geometry":{"type":"Polygon","coordinates":[[[103.835469,1.37021],[103.835483,1.370236],[103.836321,1.370402],[103.836368,1.370403],[103.8364,1.370422],[103.836415,1.370446],[103.836418,1.370502],[103.836383,1.370545],[103.836329,1.370556],[103.835598,1.370411],[103.835563,1.370593],[103.835462,1.370573],[103.835481,1.370475],[103.835387,1.370457],[103.835394,1.370422],[103.83543,1.370379],[103.835447,1.370333],[103.835447,1.370277],[103.83543,1.370231],[103.835469,1.37021]]]}},{"type":"Feature","properties":{"block_id":"7021","blk_no":"257","postal_code":"560257","region_id":"NER","region":"NORTH-EAST REGION","planning_area_id":"AM","planning_area":"ANG MO KIO","subzone_id":"AMSZ05","subzone":"SHANGRI-LA","lon":103.8358,"lat":1.3702,"property_match":"MATCHED","property_match_confidence":"HIGH","street":"ANG MO KIO AVE 4","residential":"Y","year_completed":1976,"building_age_2026":50,"max_floor_lvl":12,"total_dwelling_units":264,"small_flat_share_pct":100.0,"rental_share_pct":100.0,"footprint_area_m2":1057.8,"estimated_residents_2026":548.0,"estimated_elderly_65plus_2026":158.4,"estimated_elderly_share_pct":28.9,"elderly_exposure_score":97.8,"elderly_exposure_class":"VERY HIGH","estimate_confidence":"HIGH","display_name":"Block 257"},"geometry":{"type":"Polygon","coordinates":[[[103.835771,1.370217],[103.835767,1.370238],[103.835697,1.370224],[103.835701,1.370203],[103.83569,1.3702],[103.835685,1.370222],[103.835635,1.370212],[103.835639,1.37019],[103.835628,1.370188],[103.835624,1.370209],[103.835553,1.370195],[103.835558,1.370174],[103.835533,1.370169],[103.835529,1.370191],[103.835459,1.370177],[103.835463,1.370156],[103.835448,1.370153],[103.835455,1.370121],[103.835436,1.370118],[103.835449,1.370051],[103.835482,1.370062],[103.835487,1.370041],[103.835556,1.370054],[103.835552,1.370076],[103.835575,1.370081],[103.835579,1.370059],[103.835651,1.370073],[103.835647,1.370095],[103.835715,1.370108],[103.83572,1.370087],[103.835792,1.370101],[103.835788,1.370123],[103.835813,1.370127],[103.835817,1.370106],[103.835888,1.37012],[103.835884,1.370141],[103.835933,1.370151],[103.835937,1.37013],[103.836011,1.370144],[103.836007,1.370166],[103.836028,1.37017],[103.836032,1.370149],[103.836107,1.370163],[103.836103,1.370184],[103.836136,1.370187],[103.836123,1.370253],[103.836104,1.370249],[103.836098,1.370281],[103.836084,1.370278],[103.836079,1.3703],[103.836009,1.370286],[103.836013,1.370264],[103.835988,1.37026],[103.835984,1.370281],[103.835913,1.370267],[103.835917,1.370245],[103.835866,1.370235],[103.835862,1.370257],[103.835791,1.370243],[103.835795,1.370221],[103.835771,1.370217]]]}},{"type":"Feature","properties":{"block_id":"20","blk_no":"258","postal_code":"560258","region_id":"NER","region":"NORTH-EAST REGION","planning_area_id":"AM","planning_area":"ANG MO KIO","subzone_id":"AMSZ05","subzone":"SHANGRI-LA","lon":103.8365,"lat":1.3699,"property_match":"MATCHED","property_match_confidence":"HIGH","street":"ANG MO KIO AVE 4","residential":"Y","year_completed":1976,"building_age_2026":50,"max_floor_lvl":4,"total_dwelling_units":48,"small_flat_share_pct":87.5,"rental_share_pct":0.0,"footprint_area_m2":1617.3,"estimated_residents_2026":104.9,"estimated_elderly_65plus_2026":31.7,"estimated_elderly_share_pct":30.23,"elderly_exposure_score":19.8,"elderly_exposure_class":"VERY LOW","estimate_confidence":"HIGH","display_name":"Block 258"},"geometry":{"type":"Polygon","coordinates":[[[103.836427,1.369885],[103.836437,1.369861],[103.836473,1.369887],[103.836486,1.369868],[103.836451,1.369841],[103.836462,1.369826],[103.836482,1.369833],[103.836502,1.369806],[103.836489,1.369789],[103.8365,1.369773],[103.836536,1.369799],[103.83655,1.36978],[103.836514,1.369754],[103.836526,1.369738],[103.836546,1.369745],[103.836565,1.369718],[103.836553,1.369701],[103.836564,1.369686],[103.836638,1.369723],[103.836652,1.369703],[103.836594,1.369644],[103.836605,1.369628],[103.836625,1.369635],[103.836645,1.369608],[103.836632,1.369591],[103.836643,1.369576],[103.836679,1.369601],[103.836693,1.369582],[103.836657,1.369556],[103.836668,1.369541],[103.836688,1.369547],[103.836708,1.36952],[103.836695,1.369504],[103.836707,1.369488],[103.836742,1.369514],[103.83675,1.369504],[103.836786,1.369529],[103.836793,1.369519],[103.836846,1.369558],[103.836729,1.369726],[103.836729,1.369768],[103.836714,1.369784],[103.836682,1.36979],[103.83646,1.370097],[103.836464,1.370132],[103.836432,1.370162],[103.83639,1.370361],[103.836332,1.37035],[103.836328,1.370336],[103.836285,1.370326],[103.836287,1.370314],[103.836244,1.370305],[103.836248,1.370286],[103.836269,1.370284],[103.836275,1.370251],[103.836257,1.370241],[103.83626,1.370223],[103.836304,1.37023],[103.836308,1.370207],[103.836265,1.370199],[103.836269,1.37018],[103.83629,1.370177],[103.836296,1.370145],[103.836277,1.370135],[103.836281,1.370116],[103.836364,1.370119],[103.836383,1.370076],[103.836324,1.370017],[103.836335,1.370001],[103.836355,1.370008],[103.836375,1.369981],[103.836362,1.369964],[103.836373,1.369949],[103.836409,1.369974],[103.836423,1.369955],[103.836388,1.369929],[103.836399,1.369914],[103.836419,1.36992],[103.836438,1.369893],[103.836427,1.369885]]]}},{"type":"Feature","properties":{"block_id":"10072","blk_no":"259","postal_code":"560259","region_id":"NER","region":"NORTH-EAST REGION","planning_area_id":"AM","planning_area":"ANG MO KIO","subzone_id":"AMSZ05","subzone":"SHANGRI-LA","lon":103.8316,"lat":1.3686,"property_match":"MATCHED","property_match_confidence":"HIGH","street":"ANG MO KIO AVE 2","residential":"Y","year_completed":1981,"building_age_2026":45,"max_floor_lvl":25,"total_dwelling_units":96,"small_flat_share_pct":0.0,"rental_share_pct":0.0,"footprint_area_m2":613.4,"estimated_residents_2026":330.3,"estimated_elderly_65plus_2026":51.4,"estimated_elderly_share_pct":15.57,"elderly_exposure_score":43.3,"elderly_exposure_class":"MODERATE","estimate_confidence":"HIGH","display_name":"Block 259"},"geometry":{"type":"Polygon","coordinates":[[[103.831659,1.368514],[103.831632,1.368541],[103.831641,1.368567],[103.831678,1.368572],[103.831704,1.3686],[103.831708,1.368637],[103.831697,1.36866],[103.831665,1.368681],[103.831623,1.368675],[103.831607,1.368663],[103.831603,1.36862],[103.831544,1.36864],[103.831566,1.368677],[103.831541,1.368721],[103.831503,1.368731],[103.831468,1.368715],[103.831454,1.368693],[103.831453,1.368654],[103.831477,1.368623],[103.831511,1.36861],[103.831501,1.368588],[103.831456,1.368598],[103.831421,1.36858],[103.831405,1.368544],[103.831424,1.368496],[103.831446,1.368483],[103.831485,1.368485],[103.831507,1.368499],[103.831511,1.368542],[103.831571,1.368519],[103.831548,1.368486],[103.831563,1.368452],[103.831596,1.368433],[103.831622,1.368435],[103.831653,1.368456],[103.831663,1.36848],[103.831659,1.368514]]]}},{"type":"Feature","properties":{"block_id":"11051191","blk_no":"260","postal_code":"560260","region_id":"NER","region":"NORTH-EAST REGION","planning_area_id":"AM","planning_area":"ANG MO KIO","subzone_id":"AMSZ05","subzone":"SHANGRI-LA","lon":103.8345,"lat":1.3689,"property_match":"MATCHED","property_match_confidence":"HIGH","street":"ANG MO KIO ST 21","residential":"N","year_completed":2016,"building_age_2026":10,"max_floor_lvl":6,"total_dwelling_units":0,"small_flat_share_pct":null,"rental_share_pct":null,"footprint_area_m2":2728.9,"estimated_residents_2026":0.0,"estimated_elderly_65plus_2026":0.0,"estimated_elderly_share_pct":null,"elderly_exposure_score":null,"elderly_exposure_class":null,"estimate_confidence":"HIGH","display_name":"Block 260"},"geometry":{"type":"Polygon","coordinates":[[[103.834234,1.368675],[103.834565,1.36856],[103.834772,1.369167],[103.834706,1.36919],[103.834699,1.369169],[103.834434,1.369261],[103.834426,1.369235],[103.834406,1.369242],[103.834388,1.36919],[103.834362,1.369182],[103.834347,1.369138],[103.834375,1.369129],[103.834382,1.36915],[103.834395,1.369145],[103.834234,1.368675]]]}},{"type":"Feature","properties":{"block_id":"11051189","blk_no":"260A","postal_code":"561260","region_id":"NER","region":"NORTH-EAST REGION","planning_area_id":"AM","planning_area":"ANG MO KIO","subzone_id":"AMSZ05","subzone":"SHANGRI-LA","lon":103.8341,"lat":1.3693,"property_match":"MATCHED","property_match_confidence":"HIGH","street":"ANG MO KIO ST 21","residential":"Y","year_completed":2016,"building_age_2026":10,"max_floor_lvl":28,"total_dwelling_units":133,"small_flat_share_pct":0.0,"rental_share_pct":0.0,"footprint_area_m2":680.4,"estimated_residents_2026":408.8,"estimated_elderly_65plus_2026":73.7,"estimated_elderly_share_pct":18.02,"elderly_exposure_score":69.4,"elderly_exposure_class":"HIGH","estimate_confidence":"HIGH","display_name":"Block 260A"},"geometry":{"type":"Polygon","coordinates":[[[103.834032,1.369363],[103.834012,1.369398],[103.833989,1.369384],[103.833973,1.369411],[103.833926,1.369383],[103.833932,1.369373],[103.833864,1.369332],[103.833855,1.369342],[103.833803,1.369312],[103.833835,1.369257],[103.83387,1.369268],[103.833861,1.369253],[103.833872,1.369234],[103.833891,1.369244],[103.833928,1.369178],[103.833908,1.369166],[103.833935,1.369106],[103.834006,1.369143],[103.834,1.369154],[103.834027,1.36917],[103.833996,1.369223],[103.834037,1.369246],[103.834043,1.369236],[103.834023,1.369224],[103.83405,1.369165],[103.834121,1.369201],[103.834114,1.369213],[103.834183,1.369254],[103.83419,1.369243],[103.834242,1.369273],[103.83421,1.369328],[103.834175,1.369318],[103.834184,1.369333],[103.834173,1.369352],[103.834153,1.369341],[103.834136,1.369358],[103.83408,1.369325],[103.834092,1.369306],[103.834001,1.369257],[103.833979,1.369306],[103.834007,1.369324],[103.833997,1.369342],[103.834032,1.369363]]]}},{"type":"Feature","properties":{"block_id":"11051188","blk_no":"260B","postal_code":"562260","region_id":"NER","region":"NORTH-EAST REGION","planning_area_id":"AM","planning_area":"ANG MO KIO","subzone_id":"AMSZ05","subzone":"SHANGRI-LA","lon":103.8339,"lat":1.3689,"property_match":"MATCHED","property_match_confidence":"HIGH","street":"ANG MO KIO ST 21","residential":"Y","year_completed":2016,"building_age_2026":10,"max_floor_lvl":26,"total_dwelling_units":150,"small_flat_share_pct":0.0,"rental_share_pct":0.0,"footprint_area_m2":856.2,"estimated_residents_2026":455.1,"estimated_elderly_65plus_2026":83.4,"estimated_elderly_share_pct":18.33,"elderly_exposure_score":78.1,"elderly_exposure_class":"HIGH","estimate_confidence":"HIGH","display_name":"Block 260B"},"geometry":{"type":"Polygon","coordinates":[[[103.833853,1.368994],[103.833841,1.369016],[103.833878,1.369037],[103.833868,1.369074],[103.833889,1.369086],[103.833862,1.369146],[103.833791,1.369109],[103.833797,1.369097],[103.833746,1.369067],[103.83374,1.369078],[103.833692,1.36905],[103.833708,1.369023],[103.833684,1.36901],[103.833704,1.368975],[103.833741,1.368995],[103.833751,1.368978],[103.833773,1.368988],[103.833793,1.368953],[103.833829,1.368974],[103.833834,1.368965],[103.833822,1.368961],[103.833815,1.368941],[103.833827,1.368928],[103.833791,1.368931],[103.83377,1.368871],[103.833827,1.368851],[103.833831,1.368863],[103.833907,1.368837],[103.833903,1.368824],[103.833951,1.368807],[103.833979,1.368802],[103.833983,1.368813],[103.834022,1.368783],[103.83407,1.368766],[103.834075,1.368779],[103.83415,1.368753],[103.834146,1.368741],[103.834203,1.368722],[103.834224,1.368782],[103.834194,1.368802],[103.834211,1.368804],[103.834219,1.368826],[103.834196,1.368834],[103.834203,1.368855],[103.83413,1.368881],[103.834122,1.368859],[103.83391,1.368933],[103.833926,1.368978],[103.833862,1.369],[103.833853,1.368994]]]}},{"type":"Feature","properties":{"block_id":"11051190","blk_no":"260C","postal_code":"563260","region_id":"NER","region":"NORTH-EAST REGION","planning_area_id":"AM","planning_area":"ANG MO KIO","subzone_id":"AMSZ05","subzone":"SHANGRI-LA","lon":103.8338,"lat":1.3695,"property_match":"MATCHED","property_match_confidence":"HIGH","street":"ANG MO KIO ST 21","residential":"N","year_completed":2017,"building_age_2026":9,"max_floor_lvl":1,"total_dwelling_units":0,"small_flat_share_pct":null,"rental_share_pct":null,"footprint_area_m2":242.0,"estimated_residents_2026":0.0,"estimated_elderly_65plus_2026":0.0,"estimated_elderly_share_pct":null,"elderly_exposure_score":null,"elderly_exposure_class":null,"estimate_confidence":"HIGH","display_name":"Block 260C"},"geometry":{"type":"Polygon","coordinates":[[[103.83378,1.369529],[103.83374,1.369408],[103.833759,1.369381],[103.833782,1.369384],[103.833935,1.369481],[103.833924,1.369511],[103.833817,1.369549],[103.833796,1.369549],[103.83378,1.369529]]]}},{"type":"Feature","properties":{"block_id":"8434","blk_no":"301","postal_code":"560301","region_id":"NER","region":"NORTH-EAST REGION","planning_area_id":"AM","planning_area":"ANG MO KIO","subzone_id":"AMSZ04","subzone":"TOWNSVILLE","lon":103.8459,"lat":1.3674,"property_match":"MATCHED","property_match_confidence":"HIGH","street":"ANG MO KIO AVE 3","residential":"Y","year_completed":1977,"building_age_2026":49,"max_floor_lvl":12,"total_dwelling_units":195,"small_flat_share_pct":87.18,"rental_share_pct":0.0,"footprint_area_m2":1851.9,"estimated_residents_2026":416.9,"estimated_elderly_65plus_2026":140.0,"estimated_elderly_share_pct":33.58,"elderly_exposure_score":96.3,"elderly_exposure_class":"VERY HIGH","estimate_confidence":"HIGH","display_name":"Block 301"},"geometry":{"type":"Polygon","coordinates":[[[103.845679,1.367479],[103.845701,1.367463],[103.845726,1.367497],[103.845744,1.367484],[103.845718,1.36745],[103.845725,1.367442],[103.84574,1.367434],[103.845752,1.367451],[103.845778,1.367432],[103.845765,1.367415],[103.845787,1.367399],[103.845812,1.367433],[103.845855,1.367402],[103.845829,1.367367],[103.845841,1.367356],[103.845851,1.367351],[103.845863,1.367368],[103.845889,1.367349],[103.845876,1.367333],[103.845898,1.367317],[103.845923,1.367351],[103.84594,1.367338],[103.845915,1.367304],[103.845927,1.367292],[103.845937,1.367288],[103.845949,1.367305],[103.845974,1.367286],[103.845962,1.367269],[103.845983,1.367253],[103.846009,1.367287],[103.846027,1.367273],[103.846005,1.367235],[103.846023,1.367223],[103.846036,1.36724],[103.846063,1.36722],[103.846051,1.367203],[103.846072,1.367187],[103.846097,1.367222],[103.846136,1.367193],[103.846111,1.367158],[103.846132,1.367142],[103.846145,1.367159],[103.846169,1.367141],[103.846157,1.367125],[103.846168,1.367113],[103.846178,1.367108],[103.846203,1.367143],[103.846222,1.367129],[103.846197,1.367095],[103.846213,1.367081],[103.846231,1.367096],[103.846278,1.36706],[103.846291,1.367078],[103.846302,1.367069],[103.846328,1.367103],[103.846338,1.367096],[103.846377,1.36715],[103.84635,1.36717],[103.846357,1.367181],[103.846346,1.367191],[103.84633,1.3672],[103.846325,1.367193],[103.846207,1.367281],[103.846197,1.36731],[103.846161,1.367315],[103.845923,1.367492],[103.845907,1.367525],[103.845876,1.367526],[103.845726,1.367638],[103.845711,1.367671],[103.84568,1.367672],[103.845562,1.36776],[103.845567,1.367767],[103.845554,1.36778],[103.845541,1.367787],[103.845533,1.367776],[103.845506,1.367796],[103.845467,1.367742],[103.845478,1.367734],[103.845453,1.3677],[103.845464,1.367692],[103.845451,1.367674],[103.845498,1.36764],[103.845485,1.367623],[103.845501,1.367609],[103.845532,1.367641],[103.84555,1.367628],[103.845525,1.367593],[103.845546,1.367577],[103.845559,1.367594],[103.845584,1.367576],[103.845571,1.367559],[103.845583,1.367548],[103.845593,1.367543],[103.845618,1.367577],[103.845657,1.367548],[103.845632,1.367514],[103.845653,1.367498],[103.845666,1.367515],[103.845692,1.367496],[103.845679,1.367479]]]}},{"type":"Feature","properties":{"block_id":"7674","blk_no":"302","postal_code":"560302","region_id":"NER","region":"NORTH-EAST REGION","planning_area_id":"AM","planning_area":"ANG MO KIO","subzone_id":"AMSZ04","subzone":"TOWNSVILLE","lon":103.8456,"lat":1.3671,"property_match":"MATCHED","property_match_confidence":"HIGH","street":"ANG MO KIO AVE 3","residential":"Y","year_completed":1977,"building_age_2026":49,"max_floor_lvl":12,"total_dwelling_units":198,"small_flat_share_pct":88.89,"rental_share_pct":0.0,"footprint_area_m2":1852.7,"estimated_residents_2026":419.9,"estimated_elderly_65plus_2026":142.4,"estimated_elderly_share_pct":33.91,"elderly_exposure_score":96.6,"elderly_exposure_class":"VERY HIGH","estimate_confidence":"HIGH","display_name":"Block 302"},"geometry":{"type":"Polygon","coordinates":[[[103.845215,1.36734],[103.845207,1.367329],[103.845218,1.367319],[103.845234,1.36731],[103.845239,1.367317],[103.845357,1.367231],[103.845367,1.367201],[103.845403,1.367196],[103.845553,1.367085],[103.845563,1.367055],[103.845599,1.36705],[103.845837,1.366873],[103.845848,1.366844],[103.845884,1.366839],[103.846002,1.366751],[103.845997,1.366743],[103.84601,1.36673],[103.846024,1.366724],[103.846031,1.366734],[103.846058,1.366714],[103.846098,1.366768],[103.846087,1.366776],[103.846112,1.366811],[103.8461,1.366819],[103.846113,1.366836],[103.846067,1.366871],[103.846079,1.366888],[103.846072,1.366896],[103.846058,1.366904],[103.846033,1.366869],[103.846014,1.366883],[103.846039,1.366917],[103.846032,1.366926],[103.846018,1.366933],[103.846006,1.366916],[103.845981,1.366935],[103.845993,1.366952],[103.845972,1.366968],[103.845946,1.366933],[103.845907,1.366962],[103.845933,1.366997],[103.845911,1.367012],[103.845899,1.366996],[103.845872,1.367015],[103.845885,1.367032],[103.845869,1.367046],[103.845838,1.367013],[103.845821,1.367027],[103.845846,1.367061],[103.845825,1.367077],[103.845812,1.36706],[103.845787,1.367078],[103.8458,1.367096],[103.845793,1.367104],[103.845778,1.367112],[103.845752,1.367077],[103.84571,1.367109],[103.845735,1.367143],[103.845728,1.367152],[103.845713,1.367159],[103.845701,1.367142],[103.845676,1.367161],[103.845688,1.367178],[103.845667,1.367194],[103.845641,1.36716],[103.845624,1.367173],[103.845649,1.367207],[103.845642,1.367215],[103.845628,1.367223],[103.845615,1.367206],[103.84559,1.367225],[103.845602,1.367242],[103.845581,1.367258],[103.845556,1.367223],[103.845537,1.367237],[103.845562,1.367271],[103.845541,1.367287],[103.845528,1.36727],[103.845501,1.367291],[103.845514,1.367307],[103.845497,1.367321],[103.845467,1.367289],[103.845428,1.367318],[103.845453,1.367352],[103.845432,1.367368],[103.845419,1.367351],[103.845395,1.367369],[103.845407,1.367386],[103.845396,1.367398],[103.845386,1.367402],[103.845361,1.367368],[103.845342,1.367382],[103.845368,1.367416],[103.845356,1.367427],[103.845346,1.367432],[103.845334,1.367415],[103.845286,1.36745],[103.845273,1.367433],[103.845262,1.367441],[103.845237,1.367407],[103.845226,1.367415],[103.845187,1.367361],[103.845215,1.36734]]]}},{"type":"Feature","properties":{"block_id":"8569","blk_no":"303","postal_code":"560303","region_id":"NER","region":"NORTH-EAST REGION","planning_area_id":"AM","planning_area":"ANG MO KIO","subzone_id":"AMSZ04","subzone":"TOWNSVILLE","lon":103.8452,"lat":1.3667,"property_match":"MATCHED","property_match_confidence":"HIGH","street":"ANG MO KIO AVE 1","residential":"Y","year_completed":1976,"building_age_2026":50,"max_floor_lvl":12,"total_dwelling_units":132,"small_flat_share_pct":0.0,"rental_share_pct":0.0,"footprint_area_m2":1929.9,"estimated_residents_2026":359.6,"estimated_elderly_65plus_2026":102.6,"estimated_elderly_share_pct":28.54,"elderly_exposure_score":88.6,"elderly_exposure_class":"VERY HIGH","estimate_confidence":"HIGH","display_name":"Block 303"},"geometry":{"type":"Polygon","coordinates":[[[103.845126,1.366663],[103.845102,1.366629],[103.845122,1.366614],[103.845135,1.366632],[103.845162,1.366612],[103.845149,1.366594],[103.845168,1.36658],[103.845194,1.366612],[103.845258,1.366565],[103.845234,1.366531],[103.845254,1.366516],[103.845267,1.366535],[103.845294,1.366515],[103.845281,1.366497],[103.8453,1.366482],[103.845326,1.366514],[103.845388,1.366468],[103.845365,1.366434],[103.845384,1.36642],[103.845398,1.366438],[103.845424,1.366418],[103.845411,1.3664],[103.845431,1.366386],[103.845456,1.366418],[103.845518,1.366372],[103.845495,1.366338],[103.845515,1.366324],[103.845528,1.366342],[103.845555,1.366322],[103.845541,1.366304],[103.845561,1.366289],[103.845587,1.366322],[103.845619,1.366299],[103.845688,1.366391],[103.845647,1.366422],[103.84568,1.366467],[103.845629,1.366505],[103.845595,1.366459],[103.845514,1.36652],[103.845542,1.366558],[103.845496,1.366592],[103.845468,1.366555],[103.845383,1.366616],[103.845412,1.366654],[103.845366,1.366689],[103.845338,1.366651],[103.845269,1.366702],[103.845313,1.366761],[103.845232,1.366821],[103.845188,1.366762],[103.845122,1.366812],[103.84515,1.366849],[103.845104,1.366883],[103.845076,1.366845],[103.845009,1.366895],[103.845053,1.366954],[103.844971,1.367014],[103.844928,1.366955],[103.844902,1.366974],[103.844837,1.366886],[103.844866,1.366858],[103.844843,1.366822],[103.844862,1.366808],[103.844875,1.366825],[103.844901,1.366805],[103.844889,1.366788],[103.844908,1.366773],[103.844933,1.366805],[103.844996,1.366759],[103.844972,1.366725],[103.844992,1.366711],[103.845005,1.366729],[103.845032,1.366709],[103.845019,1.366691],[103.845038,1.366676],[103.845064,1.366709],[103.845126,1.366663]]]}},{"type":"Feature","properties":{"block_id":"3002","blk_no":"304","postal_code":"560304","region_id":"NER","region":"NORTH-EAST REGION","planning_area_id":"AM","planning_area":"ANG MO KIO","subzone_id":"AMSZ04","subzone":"TOWNSVILLE","lon":103.845,"lat":1.3663,"property_match":"MATCHED","property_match_confidence":"HIGH","street":"ANG MO KIO AVE 1","residential":"Y","year_completed":1976,"building_age_2026":50,"max_floor_lvl":12,"total_dwelling_units":132,"small_flat_share_pct":0.0,"rental_share_pct":0.0,"footprint_area_m2":1928.5,"estimated_residents_2026":359.6,"estimated_elderly_65plus_2026":102.6,"estimated_elderly_share_pct":28.54,"elderly_exposure_score":88.6,"elderly_exposure_class":"VERY HIGH","estimate_confidence":"HIGH","display_name":"Block 304"},"geometry":{"type":"Polygon","coordinates":[[[103.845116,1.366074],[103.845162,1.36604],[103.845191,1.366078],[103.845272,1.366017],[103.845249,1.365985],[103.845253,1.365962],[103.845277,1.365945],[103.8453,1.365947],[103.845323,1.365979],[103.845363,1.36595],[103.845432,1.366042],[103.8454,1.366066],[103.845424,1.366102],[103.845404,1.366116],[103.845391,1.366098],[103.845364,1.366118],[103.845377,1.366136],[103.845358,1.36615],[103.845333,1.366118],[103.845271,1.366164],[103.845294,1.366198],[103.845274,1.366213],[103.845261,1.366194],[103.845234,1.366214],[103.845247,1.366232],[103.845228,1.366247],[103.845203,1.366215],[103.84514,1.366261],[103.845163,1.366295],[103.845144,1.366309],[103.845131,1.366291],[103.845104,1.366311],[103.845117,1.366329],[103.845097,1.366343],[103.845072,1.366311],[103.845008,1.366358],[103.845031,1.366392],[103.845012,1.366407],[103.844999,1.366389],[103.844972,1.366408],[103.844985,1.366427],[103.844966,1.366441],[103.84494,1.366408],[103.844878,1.366454],[103.844901,1.366489],[103.844882,1.366503],[103.844868,1.366485],[103.844842,1.366505],[103.844855,1.366523],[103.844835,1.366538],[103.84481,1.366505],[103.844747,1.366551],[103.844771,1.366585],[103.844751,1.3666],[103.844738,1.366581],[103.844711,1.366601],[103.844725,1.366619],[103.844704,1.366634],[103.844678,1.366601],[103.844647,1.366624],[103.844579,1.366532],[103.844604,1.366512],[103.84456,1.366453],[103.844642,1.366393],[103.844685,1.366453],[103.844752,1.366404],[103.844724,1.366365],[103.844769,1.366331],[103.844798,1.366369],[103.844881,1.366305],[103.844853,1.366267],[103.844899,1.366233],[103.844928,1.366272],[103.844996,1.366222],[103.844953,1.366162],[103.845034,1.366102],[103.845078,1.366161],[103.845144,1.366112],[103.845116,1.366074]]]}},{"type":"Feature","properties":{"block_id":"8021","blk_no":"305","postal_code":"560305","region_id":"NER","region":"NORTH-EAST REGION","planning_area_id":"AM","planning_area":"ANG MO KIO","subzone_id":"AMSZ04","subzone":"TOWNSVILLE","lon":103.846,"lat":1.3661,"property_match":"MATCHED","property_match_confidence":"HIGH","street":"ANG MO KIO AVE 1","residential":"Y","year_completed":1976,"building_age_2026":50,"max_floor_lvl":16,"total_dwelling_units":90,"small_flat_share_pct":0.0,"rental_share_pct":0.0,"footprint_area_m2":1035.9,"estimated_residents_2026":275.4,"estimated_elderly_65plus_2026":58.7,"estimated_elderly_share_pct":21.3,"elderly_exposure_score":52.1,"elderly_exposure_class":"MODERATE","estimate_confidence":"HIGH","display_name":"Block 305"},"geometry":{"type":"Polygon","coordinates":[[[103.845948,1.366061],[103.845924,1.366039],[103.845943,1.366025],[103.845956,1.366042],[103.84599,1.366017],[103.845977,1.366],[103.845997,1.365985],[103.84601,1.366015],[103.846126,1.365929],[103.846102,1.365908],[103.846121,1.365893],[103.846133,1.36591],[103.846167,1.365885],[103.846155,1.365868],[103.846176,1.365853],[103.846188,1.365883],[103.846247,1.365839],[103.846304,1.365916],[103.846242,1.365973],[103.846283,1.366029],[103.846236,1.366063],[103.846196,1.366007],[103.846175,1.366022],[103.84617,1.366015],[103.846079,1.366082],[103.846085,1.366089],[103.846064,1.366105],[103.846105,1.36616],[103.846059,1.366195],[103.846018,1.366139],[103.845997,1.366154],[103.845992,1.366147],[103.845901,1.366214],[103.845906,1.366221],[103.845886,1.366236],[103.845927,1.366292],[103.84588,1.366326],[103.84584,1.366271],[103.845768,1.366313],[103.845711,1.366236],[103.845769,1.366193],[103.845746,1.366171],[103.845765,1.366157],[103.845778,1.366174],[103.845812,1.366149],[103.845799,1.366131],[103.845819,1.366117],[103.845832,1.366147],[103.845948,1.366061]]]}},{"type":"Feature","properties":{"block_id":"5062","blk_no":"306","postal_code":"560306","region_id":"NER","region":"NORTH-EAST REGION","planning_area_id":"AM","planning_area":"ANG MO KIO","subzone_id":"AMSZ04","subzone":"TOWNSVILLE","lon":103.8458,"lat":1.3657,"property_match":"MATCHED","property_match_confidence":"HIGH","street":"ANG MO KIO AVE 1","residential":"Y","year_completed":1976,"building_age_2026":50,"max_floor_lvl":16,"total_dwelling_units":90,"small_flat_share_pct":0.0,"rental_share_pct":0.0,"footprint_area_m2":1037.1,"estimated_residents_2026":275.4,"estimated_elderly_65plus_2026":58.7,"estimated_elderly_share_pct":21.3,"elderly_exposure_score":52.1,"elderly_exposure_class":"MODERATE","estimate_confidence":"HIGH","display_name":"Block 306"},"geometry":{"type":"Polygon","coordinates":[[[103.845638,1.365882],[103.845662,1.365903],[103.845643,1.365918],[103.84563,1.365901],[103.845596,1.365926],[103.845609,1.365943],[103.845589,1.365957],[103.845576,1.365928],[103.845517,1.365971],[103.845461,1.365895],[103.845522,1.365838],[103.845481,1.365782],[103.845528,1.365748],[103.845569,1.365803],[103.845589,1.365788],[103.845595,1.365795],[103.845685,1.365728],[103.84568,1.365721],[103.8457,1.365705],[103.845659,1.36565],[103.845706,1.365616],[103.845747,1.365672],[103.845767,1.365656],[103.845773,1.365663],[103.845863,1.365596],[103.845858,1.365589],[103.845878,1.365574],[103.845837,1.365518],[103.845883,1.365483],[103.845924,1.365539],[103.845996,1.365497],[103.846053,1.365574],[103.845994,1.365618],[103.846018,1.365638],[103.845998,1.365653],[103.845986,1.365637],[103.845952,1.365662],[103.845964,1.365679],[103.845945,1.365693],[103.845932,1.365664],[103.845816,1.36575],[103.84584,1.365771],[103.84582,1.365786],[103.845808,1.365769],[103.845774,1.365794],[103.845786,1.365811],[103.845767,1.365825],[103.845754,1.365796],[103.845638,1.365882]]]}},{"type":"Feature","properties":{"block_id":"4854","blk_no":"306A","postal_code":"561306","region_id":"NER","region":"NORTH-EAST REGION","planning_area_id":"AM","planning_area":"ANG MO KIO","subzone_id":"AMSZ04","subzone":"TOWNSVILLE","lon":103.8463,"lat":1.3655,"property_match":"MATCHED","property_match_confidence":"HIGH","street":"ANG MO KIO AVE 1","residential":"N","year_completed":2005,"building_age_2026":21,"max_floor_lvl":1,"total_dwelling_units":0,"small_flat_share_pct":null,"rental_share_pct":null,"footprint_area_m2":188.3,"estimated_residents_2026":0.0,"estimated_elderly_65plus_2026":0.0,"estimated_elderly_share_pct":null,"elderly_exposure_score":null,"elderly_exposure_class":null,"estimate_confidence":"HIGH","display_name":"Block 306A"},"geometry":{"type":"Polygon","coordinates":[[[103.846354,1.365448],[103.846375,1.365532],[103.846204,1.365576],[103.846183,1.365491],[103.846354,1.365448]]]}},{"type":"Feature","properties":{"block_id":"10877961","blk_no":"307A","postal_code":"561307","region_id":"NER","region":"NORTH-EAST REGION","planning_area_id":"AM","planning_area":"ANG MO KIO","subzone_id":"AMSZ04","subzone":"TOWNSVILLE","lon":103.8445,"lat":1.3661,"property_match":"MATCHED","property_match_confidence":"HIGH","street":"ANG MO KIO AVE 1","residential":"Y","year_completed":2010,"building_age_2026":16,"max_floor_lvl":20,"total_dwelling_units":74,"small_flat_share_pct":0.0,"rental_share_pct":0.0,"footprint_area_m2":515.2,"estimated_residents_2026":201.6,"estimated_elderly_65plus_2026":57.5,"estimated_elderly_share_pct":28.54,"elderly_exposure_score":50.4,"elderly_exposure_class":"MODERATE","estimate_confidence":"HIGH","display_name":"Block 307A"},"geometry":{"type":"Polygon","coordinates":[[[103.844479,1.365985],[103.844492,1.365992],[103.844484,1.366009],[103.844506,1.366043],[103.844518,1.366035],[103.844531,1.366056],[103.844568,1.366042],[103.844599,1.366086],[103.844576,1.366101],[103.844583,1.366112],[103.84444,1.366202],[103.844431,1.366187],[103.844405,1.36621],[103.844385,1.366157],[103.844414,1.36613],[103.844401,1.366109],[103.844449,1.366079],[103.844444,1.366072],[103.844419,1.366088],[103.844395,1.366049],[103.84442,1.366033],[103.844416,1.366025],[103.844367,1.366056],[103.844354,1.366034],[103.844318,1.366048],[103.844291,1.366011],[103.844314,1.365997],[103.844304,1.36598],[103.844351,1.365953],[103.844356,1.365961],[103.844446,1.365891],[103.844456,1.365908],[103.844479,1.365893],[103.844499,1.365925],[103.844472,1.36596],[103.844485,1.365981],[103.844479,1.365985]]]}},{"type":"Feature","properties":{"block_id":"10891243","blk_no":"307B","postal_code":"562307","region_id":"NER","region":"NORTH-EAST REGION","planning_area_id":"AM","planning_area":"ANG MO KIO","subzone_id":"AMSZ04","subzone":"TOWNSVILLE","lon":103.8447,"lat":1.3659,"property_match":"MATCHED","property_match_confidence":"HIGH","street":"ANG MO KIO AVE 1","residential":"Y","year_completed":2010,"building_age_2026":16,"max_floor_lvl":20,"total_dwelling_units":74,"small_flat_share_pct":0.0,"rental_share_pct":0.0,"footprint_area_m2":513.0,"estimated_residents_2026":201.6,"estimated_elderly_65plus_2026":57.5,"estimated_elderly_share_pct":28.54,"elderly_exposure_score":50.4,"elderly_exposure_class":"MODERATE","estimate_confidence":"HIGH","display_name":"Block 307B"},"geometry":{"type":"Polygon","coordinates":[[[103.844613,1.365789],[103.844617,1.365797],[103.844667,1.365766],[103.844662,1.365758],[103.844708,1.365727],[103.844718,1.365743],[103.84474,1.365729],[103.844762,1.365769],[103.844734,1.365796],[103.844747,1.365817],[103.844698,1.365848],[103.844703,1.365855],[103.844728,1.365839],[103.844753,1.365878],[103.844727,1.365894],[103.844732,1.365901],[103.84478,1.365871],[103.844793,1.365892],[103.84483,1.365878],[103.844866,1.365918],[103.844835,1.365933],[103.844844,1.365948],[103.844702,1.366037],[103.844695,1.366026],[103.844673,1.36604],[103.844646,1.365993],[103.844675,1.365967],[103.844662,1.365945],[103.844673,1.365938],[103.844615,1.36587],[103.844579,1.365885],[103.844552,1.365847],[103.844575,1.365833],[103.844565,1.365816],[103.844613,1.365789]]]}},{"type":"Feature","properties":{"block_id":"10904525","blk_no":"307C","postal_code":"563307","region_id":"NER","region":"NORTH-EAST REGION","planning_area_id":"AM","planning_area":"ANG MO KIO","subzone_id":"AMSZ04","subzone":"TOWNSVILLE","lon":103.8452,"lat":1.3656,"property_match":"MATCHED","property_match_confidence":"HIGH","street":"ANG MO KIO AVE 1","residential":"Y","year_completed":2010,"building_age_2026":16,"max_floor_lvl":21,"total_dwelling_units":230,"small_flat_share_pct":84.35,"rental_share_pct":0.0,"footprint_area_m2":1073.1,"estimated_residents_2026":466.3,"estimated_elderly_65plus_2026":168.0,"estimated_elderly_share_pct":36.03,"elderly_exposure_score":98.3,"elderly_exposure_class":"VERY HIGH","estimate_confidence":"HIGH","display_name":"Block 307C"},"geometry":{"type":"Polygon","coordinates":[[[103.845256,1.365408],[103.845336,1.365358],[103.845328,1.365347],[103.845359,1.365327],[103.845388,1.36539],[103.845335,1.365435],[103.845364,1.365481],[103.845404,1.365448],[103.845422,1.365465],[103.845441,1.365453],[103.845475,1.365508],[103.845427,1.365538],[103.84542,1.365528],[103.845391,1.365539],[103.845352,1.365563],[103.845359,1.365576],[103.845329,1.365595],[103.845301,1.365532],[103.845328,1.365512],[103.84532,1.365491],[103.845266,1.365525],[103.845296,1.365586],[103.845248,1.365608],[103.845232,1.365629],[103.84524,1.365643],[103.845195,1.365671],[103.845182,1.36565],[103.845141,1.365683],[103.8451,1.36563],[103.845046,1.365664],[103.845063,1.365679],[103.845091,1.365664],[103.845135,1.365717],[103.845104,1.365736],[103.845097,1.365724],[103.845058,1.365748],[103.845065,1.36576],[103.845039,1.365776],[103.845043,1.365783],[103.844997,1.365812],[103.844988,1.365798],[103.844965,1.365812],[103.844944,1.365773],[103.844973,1.365745],[103.844959,1.365724],[103.845002,1.365697],[103.845007,1.365705],[103.845018,1.365698],[103.844989,1.365652],[103.844978,1.365658],[103.844983,1.365666],[103.84494,1.365694],[103.844927,1.365672],[103.844891,1.365687],[103.844864,1.365649],[103.844887,1.365635],[103.844878,1.36562],[103.844924,1.365591],[103.844928,1.365599],[103.844955,1.365582],[103.844962,1.365593],[103.845,1.365569],[103.844993,1.365557],[103.845024,1.365538],[103.845052,1.365601],[103.845025,1.36562],[103.845037,1.36565],[103.84512,1.365598],[103.845109,1.365579],[103.84509,1.365591],[103.845067,1.365555],[103.84506,1.365559],[103.845054,1.365534],[103.845104,1.365506],[103.845111,1.365517],[103.845161,1.365485],[103.845154,1.365474],[103.845201,1.365442],[103.845221,1.365458],[103.845214,1.365462],[103.845236,1.365499],[103.845217,1.365511],[103.845229,1.36553],[103.845312,1.365478],[103.84529,1.365454],[103.845261,1.36547],[103.845251,1.365454],[103.845245,1.365458],[103.845218,1.365416],[103.845248,1.365397],[103.845256,1.365408]]]}},{"type":"Feature","properties":{"block_id":"10798269","blk_no":"307D","postal_code":"564307","region_id":"NER","region":"NORTH-EAST REGION","planning_area_id":"AM","planning_area":"ANG MO KIO","subzone_id":"AMSZ04","subzone":"TOWNSVILLE","lon":103.8455,"lat":1.3653,"property_match":"MATCHED","property_match_confidence":"HIGH","street":"ANG MO KIO AVE 1","residential":"N","year_completed":2011,"building_age_2026":15,"max_floor_lvl":1,"total_dwelling_units":0,"small_flat_share_pct":null,"rental_share_pct":null,"footprint_area_m2":458.7,"estimated_residents_2026":0.0,"estimated_elderly_65plus_2026":0.0,"estimated_elderly_share_pct":null,"elderly_exposure_score":null,"elderly_exposure_class":null,"estimate_confidence":"HIGH","display_name":"Block 307D"},"geometry":{"type":"Polygon","coordinates":[[[103.845512,1.365178],[103.845567,1.365193],[103.845596,1.365217],[103.845621,1.365288],[103.845596,1.365358],[103.84555,1.365391],[103.845512,1.365397],[103.845475,1.365391],[103.845429,1.365358],[103.845403,1.365288],[103.845429,1.365217],[103.845458,1.365193],[103.845512,1.365178]]]}},{"type":"Feature","properties":{"block_id":"10917807","blk_no":"308A","postal_code":"561308","region_id":"NER","region":"NORTH-EAST REGION","planning_area_id":"AM","planning_area":"ANG MO KIO","subzone_id":"AMSZ04","subzone":"TOWNSVILLE","lon":103.844,"lat":1.3655,"property_match":"MATCHED","property_match_confidence":"HIGH","street":"ANG MO KIO AVE 1","residential":"Y","year_completed":2010,"building_age_2026":16,"max_floor_lvl":30,"total_dwelling_units":172,"small_flat_share_pct":49.42,"rental_share_pct":0.0,"footprint_area_m2":735.8,"estimated_residents_2026":410.8,"estimated_elderly_65plus_2026":128.1,"estimated_elderly_share_pct":31.19,"elderly_exposure_score":94.7,"elderly_exposure_class":"VERY HIGH","estimate_confidence":"HIGH","display_name":"Block 308A"},"geometry":{"type":"Polygon","coordinates":[[[103.843954,1.365449],[103.844004,1.365418],[103.843997,1.365407],[103.844044,1.365375],[103.844064,1.36539],[103.844056,1.365394],[103.844072,1.36542],[103.844112,1.365395],[103.844087,1.365355],[103.844112,1.365339],[103.844105,1.365328],[103.844172,1.365281],[103.844204,1.365347],[103.844178,1.365363],[103.844188,1.36538],[103.844177,1.365395],[103.844199,1.365389],[103.844209,1.365429],[103.844229,1.365417],[103.844268,1.365466],[103.844214,1.365502],[103.844208,1.365491],[103.844181,1.365508],[103.844156,1.365467],[103.844111,1.365489],[103.844116,1.365497],[103.844096,1.365517],[103.84411,1.365508],[103.84412,1.365525],[103.844147,1.365508],[103.844197,1.365564],[103.844119,1.365607],[103.844112,1.365596],[103.844065,1.365625],[103.844072,1.365636],[103.843999,1.365688],[103.843973,1.365618],[103.843999,1.365602],[103.843988,1.365585],[103.844002,1.365576],[103.843981,1.365573],[103.843976,1.365563],[103.844021,1.365528],[103.844025,1.365535],[103.844038,1.365526],[103.84402,1.365497],[103.84397,1.365528],[103.843952,1.365512],[103.843933,1.365524],[103.843893,1.365475],[103.843947,1.365438],[103.843954,1.365449]]]}},{"type":"Feature","properties":{"block_id":"10931089","blk_no":"308B","postal_code":"562308","region_id":"NER","region":"NORTH-EAST REGION","planning_area_id":"AM","planning_area":"ANG MO KIO","subzone_id":"AMSZ04","subzone":"TOWNSVILLE","lon":103.8444,"lat":1.3653,"property_match":"MATCHED","property_match_confidence":"HIGH","street":"ANG MO KIO AVE 1","residential":"Y","year_completed":2011,"building_age_2026":15,"max_floor_lvl":30,"total_dwelling_units":168,"small_flat_share_pct":50.6,"rental_share_pct":0.0,"footprint_area_m2":731.1,"estimated_residents_2026":399.9,"estimated_elderly_65plus_2026":125.0,"estimated_elderly_share_pct":31.26,"elderly_exposure_score":94.2,"elderly_exposure_class":"VERY HIGH","estimate_confidence":"HIGH","display_name":"Block 308B"},"geometry":{"type":"Polygon","coordinates":[[[103.844405,1.365165],[103.844455,1.365134],[103.844448,1.365123],[103.844495,1.365091],[103.84453,1.365148],[103.844511,1.36516],[103.844523,1.365178],[103.844468,1.365215],[103.844487,1.365244],[103.8445,1.365236],[103.844496,1.365229],[103.844549,1.365205],[103.844548,1.365234],[103.844561,1.365225],[103.844572,1.365242],[103.844598,1.365226],[103.844648,1.365281],[103.84457,1.365323],[103.844563,1.365312],[103.844451,1.365403],[103.844424,1.365335],[103.84445,1.365318],[103.844439,1.365301],[103.844453,1.365292],[103.844426,1.365301],[103.844422,1.365294],[103.844381,1.365324],[103.844407,1.365366],[103.844381,1.365382],[103.844388,1.365393],[103.844331,1.365425],[103.844305,1.365368],[103.844324,1.365356],[103.844293,1.365328],[103.844304,1.365307],[103.84429,1.365316],[103.84428,1.365299],[103.844254,1.365315],[103.844209,1.365257],[103.844281,1.365217],[103.844288,1.365228],[103.844313,1.365212],[103.844338,1.365253],[103.844377,1.365229],[103.844348,1.365183],[103.844399,1.365155],[103.844405,1.365165]]]}},{"type":"Feature","properties":{"block_id":"11050843","blk_no":"308C","postal_code":"563308","region_id":"NER","region":"NORTH-EAST REGION","planning_area_id":"AM","planning_area":"ANG MO KIO","subzone_id":"AMSZ04","subzone":"TOWNSVILLE","lon":103.8448,"lat":1.3654,"property_match":"MATCHED","property_match_confidence":"HIGH","street":"ANG MO KIO AVE 1","residential":"N","year_completed":2011,"building_age_2026":15,"max_floor_lvl":3,"total_dwelling_units":0,"small_flat_share_pct":null,"rental_share_pct":null,"footprint_area_m2":5379.3,"estimated_residents_2026":0.0,"estimated_elderly_65plus_2026":0.0,"estimated_elderly_share_pct":null,"elderly_exposure_score":null,"elderly_exposure_class":null,"estimate_confidence":"HIGH","display_name":"Block 308C"},"geometry":{"type":"Polygon","coordinates":[[[103.844198,1.36562],[103.844233,1.365575],[103.844327,1.365503],[103.844407,1.365464],[103.844481,1.365442],[103.844624,1.365352],[103.844608,1.365305],[103.844649,1.365291],[103.844619,1.365204],[103.844578,1.365218],[103.84452,1.365048],[103.844493,1.365006],[103.84449,1.364967],[103.844514,1.364918],[103.844556,1.364895],[103.844597,1.364893],[103.844632,1.36491],[103.844659,1.364946],[103.844737,1.364919],[103.844775,1.364887],[103.844822,1.364897],[103.844844,1.364946],[103.84484,1.365005],[103.844891,1.365154],[103.844929,1.365221],[103.844945,1.365302],[103.844991,1.365351],[103.845025,1.365344],[103.845057,1.365436],[103.845035,1.365444],[103.844999,1.365524],[103.844944,1.365564],[103.844897,1.365556],[103.844619,1.365732],[103.844506,1.365835],[103.844335,1.365909],[103.84433,1.3659],[103.844255,1.365912],[103.844196,1.365905],[103.844146,1.365874],[103.844121,1.365836],[103.844111,1.36578],[103.844122,1.365729],[103.844174,1.365649],[103.844168,1.365639],[103.844198,1.36562]]]}},{"type":"Feature","properties":{"block_id":"10984217","blk_no":"309A","postal_code":"562309","region_id":"NER","region":"NORTH-EAST REGION","planning_area_id":"AM","planning_area":"ANG MO KIO","subzone_id":"AMSZ04","subzone":"TOWNSVILLE","lon":103.8455,"lat":1.3649,"property_match":"MATCHED","property_match_confidence":"HIGH","street":"ANG MO KIO ST 31","residential":"Y","year_completed":2005,"building_age_2026":21,"max_floor_lvl":28,"total_dwelling_units":184,"small_flat_share_pct":0.0,"rental_share_pct":0.0,"footprint_area_m2":1146.1,"estimated_residents_2026":532.6,"estimated_elderly_65plus_2026":131.3,"estimated_elderly_share_pct":24.65,"elderly_exposure_score":95.3,"elderly_exposure_class":"VERY HIGH","estimate_confidence":"HIGH","display_name":"Block 309A"},"geometry":{"type":"Polygon","coordinates":[[[103.845513,1.365058],[103.845016,1.365104],[103.845015,1.365093],[103.844963,1.365098],[103.844955,1.365017],[103.845023,1.36501],[103.845025,1.365033],[103.845043,1.365031],[103.845041,1.365009],[103.845061,1.365],[103.845151,1.364992],[103.845153,1.365015],[103.845171,1.365013],[103.845169,1.36499],[103.845213,1.36499],[103.845215,1.365013],[103.845233,1.365011],[103.84523,1.364988],[103.845359,1.364976],[103.845362,1.364999],[103.845379,1.364998],[103.845377,1.364974],[103.845464,1.364963],[103.845466,1.364986],[103.845484,1.364984],[103.845481,1.364961],[103.845503,1.364959],[103.845502,1.364949],[103.845473,1.364952],[103.84547,1.364918],[103.845459,1.364919],[103.845457,1.364891],[103.845474,1.36489],[103.845473,1.364876],[103.845448,1.364878],[103.845446,1.364859],[103.845431,1.36486],[103.845433,1.364879],[103.845392,1.364883],[103.845379,1.364855],[103.845388,1.364844],[103.845383,1.36479],[103.845442,1.364784],[103.845443,1.364797],[103.845558,1.364786],[103.845557,1.364773],[103.845615,1.364768],[103.84562,1.364822],[103.845632,1.364831],[103.845622,1.364842],[103.845624,1.364861],[103.845583,1.364865],[103.845581,1.364846],[103.845566,1.364847],[103.845568,1.36489],[103.845603,1.364887],[103.845606,1.364926],[103.845562,1.364931],[103.845563,1.364943],[103.845529,1.364946],[103.845531,1.36496],[103.845553,1.364958],[103.845556,1.364981],[103.845573,1.364979],[103.845571,1.364956],[103.845637,1.36495],[103.845646,1.365048],[103.845514,1.365066],[103.845513,1.365058]]]}},{"type":"Feature","properties":{"block_id":"10997499","blk_no":"309B","postal_code":"563309","region_id":"NER","region":"NORTH-EAST REGION","planning_area_id":"AM","planning_area":"ANG MO KIO","subzone_id":"AMSZ04","subzone":"TOWNSVILLE","lon":103.846,"lat":1.3648,"property_match":"MATCHED","property_match_confidence":"HIGH","street":"ANG MO KIO ST 31","residential":"N","year_completed":2002,"building_age_2026":24,"max_floor_lvl":5,"total_dwelling_units":0,"small_flat_share_pct":null,"rental_share_pct":null,"footprint_area_m2":3958.5,"estimated_residents_2026":0.0,"estimated_elderly_65plus_2026":0.0,"estimated_elderly_share_pct":null,"elderly_exposure_score":null,"elderly_exposure_class":null,"estimate_confidence":"HIGH","display_name":"Block 309B"},"geometry":{"type":"Polygon","coordinates":[[[103.845898,1.365238],[103.845821,1.365009],[103.845886,1.364986],[103.845877,1.364958],[103.845811,1.364981],[103.845712,1.364691],[103.84641,1.364451],[103.846509,1.364741],[103.846203,1.364846],[103.846212,1.364874],[103.846279,1.364851],[103.846325,1.364988],[103.846089,1.36507],[103.84612,1.365161],[103.845898,1.365238]],[[103.846106,1.364766],[103.846106,1.364773],[103.84611,1.36477],[103.846106,1.364766]],[[103.846168,1.364889],[103.846158,1.364861],[103.845923,1.364942],[103.845932,1.36497],[103.846168,1.364889]]]}},{"type":"Feature","properties":{"block_id":"11010781","blk_no":"310A","postal_code":"561310","region_id":"NER","region":"NORTH-EAST REGION","planning_area_id":"AM","planning_area":"ANG MO KIO","subzone_id":"AMSZ04","subzone":"TOWNSVILLE","lon":103.8438,"lat":1.3649,"property_match":"MATCHED","property_match_confidence":"HIGH","street":"ANG MO KIO AVE 1","residential":"Y","year_completed":2011,"building_age_2026":15,"max_floor_lvl":30,"total_dwelling_units":171,"small_flat_share_pct":0.0,"rental_share_pct":0.0,"footprint_area_m2":923.5,"estimated_residents_2026":510.7,"estimated_elderly_65plus_2026":116.1,"estimated_elderly_share_pct":22.74,"elderly_exposure_score":92.4,"elderly_exposure_class":"VERY HIGH","estimate_confidence":"HIGH","display_name":"Block 310A"},"geometry":{"type":"Polygon","coordinates":[[[103.843917,1.364944],[103.843905,1.364983],[103.843865,1.36497],[103.843841,1.364977],[103.843836,1.36499],[103.843841,1.364999],[103.843855,1.364992],[103.843868,1.365016],[103.843911,1.364993],[103.843955,1.365052],[103.843875,1.36509],[103.843869,1.365077],[103.843781,1.365124],[103.843788,1.365136],[103.843711,1.365182],[103.843688,1.365112],[103.843731,1.365088],[103.843719,1.365065],[103.843733,1.365057],[103.843706,1.365039],[103.843721,1.365023],[103.843704,1.365025],[103.843695,1.365007],[103.843668,1.365022],[103.84363,1.364967],[103.843701,1.364926],[103.843708,1.364938],[103.843734,1.364924],[103.843776,1.365004],[103.843823,1.364979],[103.843822,1.364971],[103.843791,1.364962],[103.843809,1.364897],[103.84384,1.364905],[103.843848,1.364877],[103.843841,1.364881],[103.843835,1.36487],[103.843821,1.364878],[103.843808,1.364854],[103.843765,1.364877],[103.84372,1.364818],[103.843801,1.36478],[103.843808,1.364794],[103.843895,1.364747],[103.843888,1.364734],[103.843957,1.364691],[103.843988,1.364758],[103.843945,1.364781],[103.843957,1.364805],[103.843942,1.364813],[103.84397,1.364831],[103.843954,1.364846],[103.843958,1.364852],[103.843972,1.364845],[103.843981,1.364863],[103.844008,1.364848],[103.844048,1.364909],[103.843974,1.364944],[103.843968,1.364932],[103.843942,1.364946],[103.8439,1.364866],[103.843869,1.364882],[103.84386,1.364913],[103.843876,1.364932],[103.843917,1.364944]]]}},{"type":"Feature","properties":{"block_id":"11024063","blk_no":"310B","postal_code":"562310","region_id":"NER","region":"NORTH-EAST REGION","planning_area_id":"AM","planning_area":"ANG MO KIO","subzone_id":"AMSZ04","subzone":"TOWNSVILLE","lon":103.8443,"lat":1.3648,"property_match":"MATCHED","property_match_confidence":"HIGH","street":"ANG MO KIO AVE 1","residential":"Y","year_completed":2011,"building_age_2026":15,"max_floor_lvl":30,"total_dwelling_units":165,"small_flat_share_pct":0.0,"rental_share_pct":0.0,"footprint_area_m2":861.2,"estimated_residents_2026":471.9,"estimated_elderly_65plus_2026":119.9,"estimated_elderly_share_pct":25.4,"elderly_exposure_score":93.2,"elderly_exposure_class":"VERY HIGH","estimate_confidence":"HIGH","display_name":"Block 310B"},"geometry":{"type":"Polygon","coordinates":[[[103.844219,1.364744],[103.844242,1.36475],[103.844259,1.364724],[103.844315,1.364759],[103.844303,1.364793],[103.844355,1.36478],[103.844333,1.364692],[103.844362,1.364685],[103.844359,1.364671],[103.844443,1.364645],[103.844447,1.364721],[103.844417,1.364728],[103.844422,1.364748],[103.844406,1.364752],[103.844431,1.364759],[103.844425,1.36478],[103.844435,1.364804],[103.844464,1.364797],[103.844468,1.364813],[103.844479,1.364811],[103.844489,1.36485],[103.844461,1.364857],[103.844461,1.364869],[103.844412,1.364878],[103.844409,1.364866],[103.844351,1.364881],[103.844354,1.364893],[103.844306,1.364908],[103.844301,1.364898],[103.844273,1.364905],[103.844263,1.364865],[103.844274,1.364862],[103.84427,1.364846],[103.844298,1.364839],[103.844294,1.36482],[103.844307,1.364809],[103.844288,1.364804],[103.844266,1.364815],[103.844245,1.364851],[103.84421,1.364831],[103.844232,1.364793],[103.844232,1.36477],[103.844204,1.364753],[103.844171,1.364761],[103.844193,1.364849],[103.844164,1.364856],[103.844167,1.364869],[103.844089,1.364893],[103.844079,1.364821],[103.844108,1.364813],[103.844103,1.364794],[103.844118,1.364783],[103.844095,1.364783],[103.844092,1.36477],[103.844107,1.36476],[103.844104,1.364749],[103.844088,1.364753],[103.844082,1.364727],[103.844033,1.364739],[103.844011,1.364669],[103.844092,1.364653],[103.844096,1.364668],[103.844192,1.364644],[103.844188,1.364629],[103.844273,1.364603],[103.844279,1.364678],[103.844231,1.36469],[103.844237,1.364716],[103.844222,1.36472],[103.844219,1.364744]]]}},{"type":"Feature","properties":{"block_id":"11037345","blk_no":"310C","postal_code":"563310","region_id":"NER","region":"NORTH-EAST REGION","planning_area_id":"AM","planning_area":"ANG MO KIO","subzone_id":"AMSZ04","subzone":"TOWNSVILLE","lon":103.8448,"lat":1.3646,"property_match":"MATCHED","property_match_confidence":"HIGH","street":"ANG MO KIO AVE 1","residential":"Y","year_completed":2011,"building_age_2026":15,"max_floor_lvl":30,"total_dwelling_units":167,"small_flat_share_pct":50.9,"rental_share_pct":0.0,"footprint_area_m2":738.5,"estimated_residents_2026":397.2,"estimated_elderly_65plus_2026":124.3,"estimated_elderly_share_pct":31.28,"elderly_exposure_score":94.1,"elderly_exposure_class":"VERY HIGH","estimate_confidence":"HIGH","display_name":"Block 310C"},"geometry":{"type":"Polygon","coordinates":[[[103.844719,1.364756],[103.844708,1.364713],[103.844729,1.364708],[103.844708,1.364671],[103.844724,1.364653],[103.844709,1.364657],[103.844704,1.364638],[103.844667,1.364647],[103.844642,1.364578],[103.844729,1.364561],[103.844732,1.364573],[103.844761,1.364566],[103.844773,1.364612],[103.844818,1.3646],[103.84481,1.364571],[103.844802,1.364573],[103.844805,1.364549],[103.844861,1.364537],[103.844864,1.36455],[103.844921,1.364535],[103.844918,1.364522],[103.844982,1.364509],[103.844988,1.36457],[103.844967,1.364576],[103.844972,1.364599],[103.844909,1.364615],[103.844917,1.36465],[103.844933,1.364646],[103.844931,1.364638],[103.844988,1.364629],[103.844979,1.364658],[103.844994,1.364654],[103.844999,1.364673],[103.845029,1.364666],[103.845061,1.364734],[103.844916,1.364752],[103.844919,1.364766],[103.844835,1.364791],[103.84483,1.364718],[103.844861,1.36471],[103.844856,1.364691],[103.844871,1.364687],[103.84487,1.36468],[103.844843,1.364686],[103.844841,1.364678],[103.844793,1.364694],[103.844805,1.364742],[103.844775,1.364749],[103.844778,1.364762],[103.844715,1.364775],[103.84471,1.364758],[103.844719,1.364756]]]}},{"type":"Feature","properties":{"block_id":"11050627","blk_no":"310D","postal_code":"564310","region_id":"NER","region":"NORTH-EAST REGION","planning_area_id":"AM","planning_area":"ANG MO KIO","subzone_id":"AMSZ04","subzone":"TOWNSVILLE","lon":103.8452,"lat":1.3646,"property_match":"MATCHED","property_match_confidence":"HIGH","street":"ANG MO KIO AVE 1","residential":"N","year_completed":2011,"building_age_2026":15,"max_floor_lvl":1,"total_dwelling_units":0,"small_flat_share_pct":null,"rental_share_pct":null,"footprint_area_m2":275.7,"estimated_residents_2026":0.0,"estimated_elderly_65plus_2026":0.0,"estimated_elderly_share_pct":null,"elderly_exposure_score":null,"elderly_exposure_class":null,"estimate_confidence":"HIGH","display_name":"Block 310D"},"geometry":{"type":"Polygon","coordinates":[[[103.845255,1.364551],[103.845241,1.364618],[103.845207,1.364658],[103.845158,1.364671],[103.845111,1.364643],[103.845098,1.364605],[103.845105,1.364555],[103.845125,1.364521],[103.845155,1.364496],[103.845183,1.364488],[103.845224,1.364499],[103.845244,1.364519],[103.845255,1.364551]]]}},{"type":"Feature","properties":{"block_id":"6270","blk_no":"311","postal_code":"560311","region_id":"NER","region":"NORTH-EAST REGION","planning_area_id":"AM","planning_area":"ANG MO KIO","subzone_id":"AMSZ04","subzone":"TOWNSVILLE","lon":103.8488,"lat":1.3666,"property_match":"MATCHED","property_match_confidence":"HIGH","street":"ANG MO KIO AVE 3","residential":"Y","year_completed":1976,"building_age_2026":50,"max_floor_lvl":15,"total_dwelling_units":84,"small_flat_share_pct":0.0,"rental_share_pct":0.0,"footprint_area_m2":933.9,"estimated_residents_2026":256.7,"estimated_elderly_65plus_2026":54.9,"estimated_elderly_share_pct":21.38,"elderly_exposure_score":47.3,"elderly_exposure_class":"MODERATE","estimate_confidence":"HIGH","display_name":"Block 311"},"geometry":{"type":"Polygon","coordinates":[[[103.848511,1.366576],[103.848522,1.366576],[103.848531,1.366557],[103.848569,1.366558],[103.848588,1.366587],[103.848732,1.36659],[103.848752,1.366561],[103.84879,1.366562],[103.848809,1.366592],[103.848953,1.366594],[103.848973,1.366566],[103.849011,1.366566],[103.84903,1.366596],[103.849104,1.366597],[103.849102,1.366692],[103.849044,1.366691],[103.849043,1.366713],[103.848936,1.366711],[103.848936,1.366689],[103.848823,1.366687],[103.848822,1.366709],[103.848715,1.366707],[103.848715,1.366685],[103.848602,1.366683],[103.848601,1.366705],[103.848494,1.366703],[103.848494,1.366681],[103.848436,1.366679],[103.848437,1.366585],[103.848511,1.366586],[103.848511,1.366576]]]}},{"type":"Feature","properties":{"block_id":"8014","blk_no":"312","postal_code":"560312","region_id":"NER","region":"NORTH-EAST REGION","planning_area_id":"AM","planning_area":"ANG MO KIO","subzone_id":"AMSZ04","subzone":"TOWNSVILLE","lon":103.8488,"lat":1.3662,"property_match":"MATCHED","property_match_confidence":"HIGH","street":"ANG MO KIO AVE 3","residential":"Y","year_completed":1977,"building_age_2026":49,"max_floor_lvl":15,"total_dwelling_units":84,"small_flat_share_pct":0.0,"rental_share_pct":0.0,"footprint_area_m2":933.9,"estimated_residents_2026":256.7,"estimated_elderly_65plus_2026":54.9,"estimated_elderly_share_pct":21.38,"elderly_exposure_score":47.3,"elderly_exposure_class":"MODERATE","estimate_confidence":"HIGH","display_name":"Block 312"},"geometry":{"type":"Polygon","coordinates":[[[103.848505,1.366127],[103.848613,1.366129],[103.848612,1.366151],[103.848725,1.366153],[103.848726,1.366131],[103.848834,1.366133],[103.848833,1.366155],[103.848946,1.366158],[103.848947,1.366135],[103.849055,1.366137],[103.849054,1.36616],[103.849113,1.366161],[103.849111,1.366256],[103.849037,1.366254],[103.849017,1.366283],[103.848979,1.366282],[103.84896,1.366253],[103.848816,1.36625],[103.848796,1.366279],[103.848758,1.366278],[103.848739,1.366249],[103.848595,1.366246],[103.848575,1.366274],[103.848537,1.366274],[103.848518,1.366244],[103.848444,1.366243],[103.848446,1.366148],[103.848504,1.366149],[103.848505,1.366127]]]}},{"type":"Feature","properties":{"block_id":"2620","blk_no":"313","postal_code":"560313","region_id":"NER","region":"NORTH-EAST REGION","planning_area_id":"AM","planning_area":"ANG MO KIO","subzone_id":"AMSZ04","subzone":"TOWNSVILLE","lon":103.8501,"lat":1.3667,"property_match":"MATCHED","property_match_confidence":"HIGH","street":"ANG MO KIO AVE 3","residential":"Y","year_completed":1977,"building_age_2026":49,"max_floor_lvl":12,"total_dwelling_units":194,"small_flat_share_pct":86.6,"rental_share_pct":0.0,"footprint_area_m2":1938.1,"estimated_residents_2026":416.0,"estimated_elderly_65plus_2026":139.2,"estimated_elderly_share_pct":33.47,"elderly_exposure_score":96.2,"elderly_exposure_class":"VERY HIGH","estimate_confidence":"HIGH","display_name":"Block 313"},"geometry":{"type":"Polygon","coordinates":[[[103.849878,1.366711],[103.849878,1.366731],[103.849856,1.366752],[103.849817,1.366752],[103.849796,1.366729],[103.849796,1.366709],[103.849658,1.366707],[103.849652,1.366719],[103.849636,1.366719],[103.84963,1.366703],[103.849593,1.366702],[103.849594,1.366636],[103.849608,1.366636],[103.849608,1.366592],[103.849622,1.366592],[103.849622,1.366568],[103.849681,1.366569],[103.849681,1.36655],[103.849708,1.366551],[103.849708,1.366594],[103.849728,1.366594],[103.849729,1.366551],[103.849756,1.366552],[103.849756,1.36657],[103.849789,1.366571],[103.849789,1.366552],[103.849816,1.366553],[103.849815,1.366596],[103.849863,1.366596],[103.849864,1.366553],[103.849891,1.366554],[103.84989,1.366573],[103.849924,1.366573],[103.849924,1.366554],[103.849951,1.366555],[103.84995,1.366598],[103.849971,1.366598],[103.849972,1.366555],[103.849999,1.366556],[103.849998,1.366575],[103.850031,1.366575],[103.850032,1.366556],[103.850059,1.366557],[103.850058,1.3666],[103.850108,1.366601],[103.850108,1.366558],[103.850135,1.366558],[103.850135,1.366577],[103.850168,1.366578],[103.850169,1.366559],[103.850196,1.366559],[103.850195,1.366602],[103.850215,1.366603],[103.850216,1.36656],[103.850243,1.36656],[103.850243,1.366579],[103.850276,1.36658],[103.850276,1.366561],[103.850303,1.366561],[103.850303,1.366604],[103.850323,1.366605],[103.850324,1.366562],[103.850351,1.366562],[103.850351,1.366581],[103.850384,1.366582],[103.850384,1.366563],[103.850411,1.366563],[103.85041,1.366606],[103.850458,1.366607],[103.850459,1.366564],[103.850486,1.366565],[103.850485,1.366584],[103.850519,1.366584],[103.850519,1.366565],[103.850546,1.366566],[103.850545,1.366609],[103.850566,1.366609],[103.850567,1.366566],[103.850594,1.366567],[103.850593,1.366586],[103.850652,1.366587],[103.850652,1.366611],[103.850665,1.366611],[103.850664,1.366655],[103.850677,1.366655],[103.850676,1.366722],[103.85064,1.366722],[103.850634,1.366738],[103.850618,1.366738],[103.850612,1.366721],[103.850474,1.366718],[103.850474,1.366742],[103.850452,1.366764],[103.850412,1.366763],[103.850391,1.366741],[103.850391,1.366717],[103.850123,1.366712],[103.850123,1.366735],[103.850101,1.366757],[103.850061,1.366756],[103.85004,1.366734],[103.85004,1.366714],[103.849878,1.366711]]]}},{"type":"Feature","properties":{"block_id":"8742","blk_no":"314","postal_code":"560314","region_id":"NER","region":"NORTH-EAST REGION","planning_area_id":"AM","planning_area":"ANG MO KIO","subzone_id":"AMSZ04","subzone":"TOWNSVILLE","lon":103.8501,"lat":1.3662,"property_match":"MATCHED","property_match_confidence":"HIGH","street":"ANG MO KIO AVE 3","residential":"Y","year_completed":1976,"building_age_2026":50,"max_floor_lvl":12,"total_dwelling_units":242,"small_flat_share_pct":100.0,"rental_share_pct":36.78,"footprint_area_m2":1404.6,"estimated_residents_2026":444.2,"estimated_elderly_65plus_2026":175.7,"estimated_elderly_share_pct":39.55,"elderly_exposure_score":98.6,"elderly_exposure_class":"VERY HIGH","estimate_confidence":"HIGH","display_name":"Block 314"},"geometry":{"type":"Polygon","coordinates":[[[103.849653,1.366144],[103.849652,1.366167],[103.849668,1.366172],[103.850096,1.36618],[103.850097,1.366121],[103.850195,1.366122],[103.850194,1.366182],[103.8505,1.366188],[103.850516,1.366184],[103.850517,1.366161],[103.850582,1.366162],[103.850581,1.366208],[103.850564,1.366208],[103.850563,1.366281],[103.85054,1.36628],[103.85054,1.366299],[103.85015,1.366291],[103.85015,1.366265],[103.850096,1.366264],[103.850095,1.36629],[103.849624,1.366281],[103.849625,1.366263],[103.849602,1.366262],[103.849604,1.366189],[103.849586,1.366189],[103.849587,1.366143],[103.849653,1.366144]]]}},{"type":"Feature","properties":{"block_id":"8832","blk_no":"315","postal_code":"561315","region_id":"NER","region":"NORTH-EAST REGION","planning_area_id":"AM","planning_area":"ANG MO KIO","subzone_id":"AMSZ04","subzone":"TOWNSVILLE","lon":103.8471,"lat":1.3644,"property_match":"MATCHED","property_match_confidence":"HIGH","street":"ANG MO KIO ST 31","residential":"N","year_completed":2005,"building_age_2026":21,"max_floor_lvl":1,"total_dwelling_units":0,"small_flat_share_pct":null,"rental_share_pct":null,"footprint_area_m2":208.7,"estimated_residents_2026":0.0,"estimated_elderly_65plus_2026":0.0,"estimated_elderly_share_pct":null,"elderly_exposure_score":null,"elderly_exposure_class":null,"estimate_confidence":"HIGH","display_name":"Block 315"},"geometry":{"type":"Polygon","coordinates":[[[103.847071,1.36433],[103.847201,1.364333],[103.847198,1.364463],[103.847068,1.364461],[103.847071,1.36433]]]}},{"type":"Feature","properties":{"block_id":"6429","blk_no":"315A","postal_code":"562315","region_id":"NER","region":"NORTH-EAST REGION","planning_area_id":"AM","planning_area":"ANG MO KIO","subzone_id":"AMSZ04","subzone":"TOWNSVILLE","lon":103.8466,"lat":1.3643,"property_match":"MATCHED","property_match_confidence":"HIGH","street":"ANG MO KIO ST 31","residential":"Y","year_completed":2005,"building_age_2026":21,"max_floor_lvl":28,"total_dwelling_units":171,"small_flat_share_pct":0.0,"rental_share_pct":0.0,"footprint_area_m2":1134.5,"estimated_residents_2026":486.7,"estimated_elderly_65plus_2026":125.1,"estimated_elderly_share_pct":25.71,"elderly_exposure_score":94.3,"elderly_exposure_class":"VERY HIGH","estimate_confidence":"HIGH","display_name":"Block 315A"},"geometry":{"type":"Polygon","coordinates":[[[103.846601,1.364365],[103.846599,1.364357],[103.846626,1.36435],[103.846621,1.364331],[103.846597,1.364337],[103.846588,1.364314],[103.846572,1.364318],[103.846575,1.364344],[103.84652,1.364358],[103.846498,1.364279],[103.846551,1.364265],[103.846548,1.364254],[103.846596,1.364236],[103.84707,1.364108],[103.847147,1.364093],[103.847151,1.364105],[103.847204,1.36409],[103.847225,1.36417],[103.84717,1.364184],[103.847163,1.36416],[103.84714,1.364167],[103.847146,1.36419],[103.847075,1.364209],[103.847069,1.364188],[103.847046,1.364194],[103.847052,1.364216],[103.846997,1.36423],[103.846987,1.364194],[103.846964,1.3642],[103.846974,1.364237],[103.846919,1.364251],[103.846913,1.36423],[103.84689,1.364236],[103.846896,1.364258],[103.846851,1.36427],[103.846845,1.364248],[103.846822,1.364254],[103.846828,1.364276],[103.846773,1.36429],[103.846763,1.364254],[103.84674,1.36426],[103.84675,1.364297],[103.846695,1.364311],[103.846691,1.364295],[103.846667,1.364301],[103.846672,1.364317],[103.846651,1.364322],[103.846655,1.364341],[103.846685,1.364334],[103.846694,1.364363],[103.846714,1.364357],[103.846721,1.364384],[103.8467,1.36439],[103.846704,1.364404],[103.846726,1.364397],[103.84673,1.364413],[103.846748,1.364408],[103.846744,1.364392],[103.846776,1.364384],[103.8468,1.364476],[103.846742,1.364491],[103.846738,1.364476],[103.846647,1.3645],[103.846627,1.364506],[103.846631,1.364521],[103.846573,1.364536],[103.846549,1.364445],[103.84658,1.364437],[103.846585,1.364452],[103.846603,1.364447],[103.846606,1.36443],[103.8466,1.364406],[103.846567,1.364415],[103.846556,1.364377],[103.846601,1.364365]]]}},{"type":"Feature","properties":{"block_id":"5333","blk_no":"315B","postal_code":"563315","region_id":"NER","region":"NORTH-EAST REGION","planning_area_id":"AM","planning_area":"ANG MO KIO","subzone_id":"AMSZ04","subzone":"TOWNSVILLE","lon":103.8475,"lat":1.3641,"property_match":"MATCHED","property_match_confidence":"HIGH","street":"ANG MO KIO ST 31","residential":"Y","year_completed":2004,"building_age_2026":22,"max_floor_lvl":28,"total_dwelling_units":135,"small_flat_share_pct":0.0,"rental_share_pct":0.0,"footprint_area_m2":757.9,"estimated_residents_2026":399.1,"estimated_elderly_65plus_2026":93.2,"estimated_elderly_share_pct":23.36,"elderly_exposure_score":84.4,"elderly_exposure_class":"VERY HIGH","estimate_confidence":"HIGH","display_name":"Block 315B"},"geometry":{"type":"Polygon","coordinates":[[[103.847477,1.364101],[103.847505,1.36409],[103.8475,1.364079],[103.84748,1.364087],[103.847469,1.364066],[103.847453,1.364071],[103.847458,1.364095],[103.847377,1.364117],[103.847365,1.364096],[103.84735,1.364102],[103.847354,1.364126],[103.847301,1.364146],[103.847272,1.36407],[103.847463,1.363979],[103.847592,1.363935],[103.847627,1.364027],[103.847573,1.364048],[103.847562,1.364027],[103.847546,1.364032],[103.847551,1.364056],[103.847529,1.364065],[103.847534,1.364079],[103.847606,1.36406],[103.84762,1.364097],[103.847588,1.36411],[103.847596,1.364132],[103.847608,1.364145],[103.847627,1.364138],[103.847621,1.364123],[103.847652,1.364111],[103.847673,1.364136],[103.847667,1.36415],[103.847685,1.364199],[103.847629,1.36422],[103.847625,1.364209],[103.847517,1.36425],[103.847522,1.364262],[103.847466,1.364283],[103.847432,1.364195],[103.847463,1.364183],[103.847469,1.364199],[103.847487,1.364192],[103.847481,1.364176],[103.847503,1.364168],[103.847497,1.364155],[103.847477,1.364163],[103.847467,1.364136],[103.847488,1.364128],[103.847477,1.364101]]]}},{"type":"Feature","properties":{"block_id":"4100","blk_no":"316A","postal_code":"562316","region_id":"NER","region":"NORTH-EAST REGION","planning_area_id":"AM","planning_area":"ANG MO KIO","subzone_id":"AMSZ04","subzone":"TOWNSVILLE","lon":103.8471,"lat":1.3647,"property_match":"MATCHED","property_match_confidence":"HIGH","street":"ANG MO KIO ST 31","residential":"Y","year_completed":2005,"building_age_2026":21,"max_floor_lvl":28,"total_dwelling_units":165,"small_flat_share_pct":0.0,"rental_share_pct":0.0,"footprint_area_m2":1012.0,"estimated_residents_2026":470.4,"estimated_elderly_65plus_2026":120.4,"estimated_elderly_share_pct":25.61,"elderly_exposure_score":93.4,"elderly_exposure_class":"VERY HIGH","estimate_confidence":"HIGH","display_name":"Block 316A"},"geometry":{"type":"Polygon","coordinates":[[[103.847018,1.364715],[103.847018,1.364734],[103.847042,1.364734],[103.847042,1.364716],[103.847064,1.364716],[103.847064,1.364703],[103.847035,1.364702],[103.847035,1.364674],[103.847013,1.364673],[103.847013,1.364645],[103.847035,1.364645],[103.847035,1.364631],[103.847012,1.364631],[103.847012,1.364614],[103.846993,1.364614],[103.846993,1.36463],[103.84696,1.36463],[103.846962,1.364535],[103.847022,1.364536],[103.847021,1.364552],[103.847137,1.364554],[103.847137,1.364539],[103.847197,1.36454],[103.847195,1.364634],[103.847162,1.364634],[103.847162,1.364617],[103.847143,1.364617],[103.847143,1.364633],[103.847136,1.364633],[103.847135,1.364657],[103.84717,1.364658],[103.847169,1.364698],[103.847095,1.364704],[103.847094,1.364724],[103.847118,1.364724],[103.847122,1.364749],[103.847139,1.364749],[103.847142,1.364725],[103.847199,1.364726],[103.847198,1.364807],[103.847143,1.364807],[103.847143,1.364818],[103.847092,1.364823],[103.846721,1.364816],[103.846671,1.364809],[103.846671,1.364797],[103.846616,1.364796],[103.846618,1.364715],[103.846675,1.364716],[103.846674,1.36474],[103.846698,1.364741],[103.846699,1.364716],[103.846723,1.364717],[103.846723,1.364708],[103.846773,1.364711],[103.846773,1.364733],[103.846796,1.364735],[103.846797,1.364711],[103.846856,1.364712],[103.846913,1.364718],[103.846916,1.364742],[103.846933,1.364742],[103.846937,1.364719],[103.847018,1.364715]]]}},{"type":"Feature","properties":{"block_id":"119","blk_no":"316B","postal_code":"563316","region_id":"NER","region":"NORTH-EAST REGION","planning_area_id":"AM","planning_area":"ANG MO KIO","subzone_id":"AMSZ04","subzone":"TOWNSVILLE","lon":103.8477,"lat":1.3646,"property_match":"MATCHED","property_match_confidence":"HIGH","street":"ANG MO KIO ST 31","residential":"N","year_completed":2004,"building_age_2026":22,"max_floor_lvl":5,"total_dwelling_units":0,"small_flat_share_pct":null,"rental_share_pct":null,"footprint_area_m2":3646.5,"estimated_residents_2026":0.0,"estimated_elderly_65plus_2026":0.0,"estimated_elderly_share_pct":null,"elderly_exposure_score":null,"elderly_exposure_class":null,"estimate_confidence":"HIGH","display_name":"Block 316B"},"geometry":{"type":"Polygon","coordinates":[[[103.847327,1.364832],[103.847336,1.364404],[103.847864,1.364415],[103.847864,1.3644],[103.847958,1.364402],[103.848025,1.364482],[103.848022,1.364664],[103.848044,1.364664],[103.848043,1.364724],[103.84802,1.364723],[103.848017,1.364846],[103.847327,1.364832]]]}},{"type":"Feature","properties":{"block_id":"3005","blk_no":"317","postal_code":"560317","region_id":"NER","region":"NORTH-EAST REGION","planning_area_id":"AM","planning_area":"ANG MO KIO","subzone_id":"AMSZ04","subzone":"TOWNSVILLE","lon":103.8468,"lat":1.3655,"property_match":"MATCHED","property_match_confidence":"HIGH","street":"ANG MO KIO ST 31","residential":"Y","year_completed":1993,"building_age_2026":33,"max_floor_lvl":20,"total_dwelling_units":91,"small_flat_share_pct":0.0,"rental_share_pct":0.0,"footprint_area_m2":1186.7,"estimated_residents_2026":280.4,"estimated_elderly_65plus_2026":58.6,"estimated_elderly_share_pct":20.89,"elderly_exposure_score":52.0,"elderly_exposure_class":"MODERATE","estimate_confidence":"HIGH","display_name":"Block 317"},"geometry":{"type":"Polygon","coordinates":[[[103.847019,1.365687],[103.846961,1.3657],[103.846941,1.365685],[103.846942,1.365645],[103.846915,1.365644],[103.846916,1.365605],[103.846898,1.365601],[103.846883,1.365615],[103.846898,1.36563],[103.846833,1.365682],[103.846812,1.36566],[103.846786,1.365656],[103.846782,1.365629],[103.846765,1.365611],[103.846842,1.365537],[103.846842,1.365521],[103.846809,1.36552],[103.846809,1.365497],[103.846768,1.365496],[103.846755,1.365475],[103.84677,1.365418],[103.846812,1.365423],[103.846813,1.365382],[103.846771,1.365386],[103.846771,1.365362],[103.846759,1.365362],[103.84676,1.36531],[103.846813,1.365305],[103.846814,1.365282],[103.846884,1.365284],[103.84688,1.365492],[103.846885,1.365497],[103.846901,1.365482],[103.846927,1.36551],[103.846935,1.365502],[103.846969,1.365536],[103.846949,1.365555],[103.846955,1.365562],[103.847017,1.365563],[103.847018,1.36552],[103.847147,1.365523],[103.847148,1.365496],[103.847111,1.365496],[103.847096,1.36548],[103.847111,1.365465],[103.847149,1.365466],[103.847151,1.365358],[103.847196,1.365359],[103.847195,1.365384],[103.847212,1.365384],[103.847212,1.365359],[103.847257,1.36536],[103.847257,1.365388],[103.847269,1.365388],[103.847268,1.365422],[103.847256,1.365422],[103.847255,1.365467],[103.847213,1.365462],[103.847212,1.365503],[103.847254,1.365499],[103.847253,1.365545],[103.847266,1.365545],[103.847265,1.365579],[103.847253,1.365579],[103.847252,1.365607],[103.847165,1.365606],[103.847166,1.365583],[103.847136,1.365583],[103.847134,1.365648],[103.847056,1.365655],[103.847056,1.365646],[103.847016,1.365645],[103.847019,1.365687]]]}},{"type":"Feature","properties":{"block_id":"7509","blk_no":"318","postal_code":"560318","region_id":"NER","region":"NORTH-EAST REGION","planning_area_id":"AM","planning_area":"ANG MO KIO","subzone_id":"AMSZ04","subzone":"TOWNSVILLE","lon":103.8476,"lat":1.3656,"property_match":"MATCHED","property_match_confidence":"HIGH","street":"ANG MO KIO AVE 1","residential":"Y","year_completed":1976,"building_age_2026":50,"max_floor_lvl":12,"total_dwelling_units":198,"small_flat_share_pct":100.0,"rental_share_pct":100.0,"footprint_area_m2":828.3,"estimated_residents_2026":363.5,"estimated_elderly_65plus_2026":143.8,"estimated_elderly_share_pct":39.55,"elderly_exposure_score":96.8,"elderly_exposure_class":"VERY HIGH","estimate_confidence":"HIGH","display_name":"Block 318"},"geometry":{"type":"Polygon","coordinates":[[[103.847491,1.36549],[103.84749,1.365512],[103.847516,1.365513],[103.847516,1.365491],[103.847588,1.365492],[103.847588,1.365515],[103.847599,1.365516],[103.8476,1.365473],[103.847708,1.365475],[103.847707,1.365517],[103.84771,1.365495],[103.847782,1.365496],[103.847781,1.365518],[103.847807,1.365519],[103.847807,1.365497],[103.847879,1.365498],[103.847879,1.36552],[103.847893,1.365522],[103.847891,1.365559],[103.847912,1.36556],[103.84791,1.365619],[103.847877,1.365614],[103.847877,1.365636],[103.847803,1.365635],[103.847804,1.365613],[103.84778,1.365612],[103.84778,1.365635],[103.847708,1.365633],[103.847708,1.365611],[103.847683,1.36561],[103.847683,1.365633],[103.847611,1.365631],[103.847611,1.365609],[103.847586,1.365608],[103.847586,1.365631],[103.847514,1.36563],[103.847514,1.365607],[103.847489,1.365606],[103.847489,1.365629],[103.847416,1.365628],[103.847417,1.365606],[103.847383,1.365609],[103.847384,1.365549],[103.847404,1.365549],[103.847404,1.365513],[103.847419,1.365511],[103.847419,1.365489],[103.847491,1.36549]]]}},{"type":"Feature","properties":{"block_id":"3940","blk_no":"319","postal_code":"560319","region_id":"NER","region":"NORTH-EAST REGION","planning_area_id":"AM","planning_area":"ANG MO KIO","subzone_id":"AMSZ04","subzone":"TOWNSVILLE","lon":103.8474,"lat":1.3651,"property_match":"MATCHED","property_match_confidence":"HIGH","street":"ANG MO KIO AVE 1","residential":"Y","year_completed":1976,"building_age_2026":50,"max_floor_lvl":12,"total_dwelling_units":194,"small_flat_share_pct":86.6,"rental_share_pct":0.0,"footprint_area_m2":2103.8,"estimated_residents_2026":416.0,"estimated_elderly_65plus_2026":139.2,"estimated_elderly_share_pct":33.47,"elderly_exposure_score":96.2,"elderly_exposure_class":"VERY HIGH","estimate_confidence":"HIGH","display_name":"Block 319"},"geometry":{"type":"Polygon","coordinates":[[[103.847297,1.365153],[103.847295,1.365198],[103.847271,1.365197],[103.847271,1.365177],[103.847238,1.365176],[103.847237,1.365197],[103.847213,1.365196],[103.847213,1.365151],[103.84719,1.365151],[103.847187,1.365196],[103.847163,1.365195],[103.847163,1.365174],[103.84713,1.365174],[103.84713,1.365194],[103.847105,1.365194],[103.847105,1.365149],[103.847055,1.365148],[103.847053,1.365193],[103.847028,1.365192],[103.847029,1.365172],[103.846995,1.365171],[103.846995,1.365192],[103.846971,1.365191],[103.84697,1.365147],[103.846947,1.365146],[103.846945,1.365191],[103.846921,1.36519],[103.846921,1.36517],[103.846888,1.365169],[103.846887,1.36519],[103.846863,1.365189],[103.846862,1.365142],[103.846849,1.365141],[103.84685,1.365097],[103.846836,1.365094],[103.846839,1.365034],[103.847032,1.365034],[103.847033,1.364961],[103.847134,1.364963],[103.847133,1.365036],[103.847383,1.365041],[103.847383,1.364968],[103.847484,1.36497],[103.847483,1.365043],[103.847626,1.365045],[103.847628,1.364973],[103.847729,1.364975],[103.847727,1.365047],[103.847921,1.365055],[103.84792,1.365115],[103.847907,1.365117],[103.847906,1.365161],[103.847892,1.365161],[103.84789,1.365209],[103.847864,1.365209],[103.847864,1.365188],[103.847831,1.365188],[103.847831,1.365208],[103.847807,1.365208],[103.847806,1.365163],[103.847783,1.365163],[103.847781,1.365207],[103.847756,1.365207],[103.847757,1.365186],[103.847723,1.365185],[103.847723,1.365206],[103.847699,1.365206],[103.847698,1.365161],[103.847648,1.36516],[103.847646,1.365205],[103.847621,1.365204],[103.847622,1.365183],[103.847589,1.365183],[103.847588,1.365204],[103.847564,1.365203],[103.847563,1.365158],[103.84754,1.365158],[103.847538,1.365203],[103.847514,1.365202],[103.847514,1.365181],[103.847481,1.365181],[103.84748,1.365201],[103.847456,1.365201],[103.847456,1.365156],[103.847405,1.365155],[103.847403,1.3652],[103.847378,1.365199],[103.847379,1.365179],[103.847345,1.365178],[103.847345,1.365199],[103.847321,1.365198],[103.847321,1.365154],[103.847297,1.365153]]]}},{"type":"Feature","properties":{"block_id":"8785","blk_no":"320","postal_code":"560320","region_id":"NER","region":"NORTH-EAST REGION","planning_area_id":"AM","planning_area":"ANG MO KIO","subzone_id":"AMSZ04","subzone":"TOWNSVILLE","lon":103.8484,"lat":1.3656,"property_match":"MATCHED","property_match_confidence":"HIGH","street":"ANG MO KIO AVE 1","residential":"Y","year_completed":1976,"building_age_2026":50,"max_floor_lvl":12,"total_dwelling_units":131,"small_flat_share_pct":82.44,"rental_share_pct":0.0,"footprint_area_m2":1401.5,"estimated_residents_2026":283.9,"estimated_elderly_65plus_2026":94.6,"estimated_elderly_share_pct":33.32,"elderly_exposure_score":85.1,"elderly_exposure_class":"VERY HIGH","estimate_confidence":"HIGH","display_name":"Block 320"},"geometry":{"type":"Polygon","coordinates":[[[103.848021,1.365639],[103.848021,1.365579],[103.848035,1.365576],[103.848036,1.365532],[103.848049,1.365533],[103.848051,1.365485],[103.848076,1.365485],[103.848075,1.365506],[103.848108,1.365506],[103.848109,1.365486],[103.848133,1.365486],[103.848134,1.365533],[103.848184,1.365534],[103.848186,1.365487],[103.84821,1.365488],[103.84821,1.365508],[103.848243,1.365509],[103.848244,1.365488],[103.848268,1.365489],[103.848268,1.365535],[103.848292,1.365536],[103.848294,1.365489],[103.848318,1.36549],[103.848318,1.36551],[103.848351,1.365511],[103.848351,1.36549],[103.848376,1.365491],[103.848376,1.365537],[103.848399,1.365538],[103.848401,1.365491],[103.848426,1.365492],[103.848425,1.365512],[103.848459,1.365513],[103.848459,1.365493],[103.848483,1.365493],[103.848484,1.365539],[103.848507,1.36554],[103.848509,1.365493],[103.848534,1.365494],[103.848533,1.365514],[103.848566,1.365515],[103.848567,1.365495],[103.848591,1.365495],[103.848592,1.365542],[103.848642,1.365543],[103.848644,1.365496],[103.848668,1.365497],[103.848668,1.365517],[103.848701,1.365518],[103.848702,1.365497],[103.848726,1.365498],[103.848727,1.365545],[103.84874,1.365546],[103.84874,1.36559],[103.848753,1.365593],[103.848751,1.365653],[103.848666,1.365655],[103.848664,1.365715],[103.848651,1.365727],[103.848576,1.365726],[103.848564,1.365712],[103.848566,1.365654],[103.848207,1.365646],[103.848206,1.365706],[103.848192,1.365719],[103.848118,1.365717],[103.848104,1.365703],[103.848105,1.365644],[103.848021,1.365639]]]}},{"type":"Feature","properties":{"block_id":"7520","blk_no":"321","postal_code":"560321","region_id":"NER","region":"NORTH-EAST REGION","planning_area_id":"AM","planning_area":"ANG MO KIO","subzone_id":"AMSZ04","subzone":"TOWNSVILLE","lon":103.8484,"lat":1.3651,"property_match":"MATCHED","property_match_confidence":"HIGH","street":"ANG MO KIO AVE 1","residential":"Y","year_completed":1976,"building_age_2026":50,"max_floor_lvl":12,"total_dwelling_units":131,"small_flat_share_pct":82.44,"rental_share_pct":0.0,"footprint_area_m2":1409.0,"estimated_residents_2026":283.9,"estimated_elderly_65plus_2026":94.6,"estimated_elderly_share_pct":33.32,"elderly_exposure_score":85.1,"elderly_exposure_class":"VERY HIGH","estimate_confidence":"HIGH","display_name":"Block 321"},"geometry":{"type":"Polygon","coordinates":[[[103.848119,1.364983],[103.84822,1.364985],[103.848218,1.365057],[103.848576,1.365064],[103.848577,1.364991],[103.848678,1.364994],[103.848677,1.365066],[103.848762,1.365071],[103.848761,1.365131],[103.848748,1.365133],[103.848748,1.365178],[103.848734,1.365181],[103.848731,1.365226],[103.848707,1.365225],[103.848707,1.365205],[103.848674,1.365205],[103.848674,1.365225],[103.848649,1.365224],[103.848649,1.365178],[103.848599,1.365177],[103.848596,1.365223],[103.848572,1.365223],[103.848572,1.365203],[103.848539,1.365202],[103.848539,1.365222],[103.848515,1.365222],[103.848514,1.365176],[103.848491,1.365175],[103.848488,1.365221],[103.848464,1.365221],[103.848465,1.365201],[103.848431,1.3652],[103.848431,1.36522],[103.848407,1.36522],[103.848407,1.365173],[103.848383,1.365173],[103.848381,1.365219],[103.848357,1.365219],[103.848357,1.365199],[103.848324,1.365198],[103.848323,1.365218],[103.848299,1.365218],[103.848299,1.365171],[103.848275,1.365171],[103.848273,1.365217],[103.848249,1.365217],[103.848249,1.365196],[103.848216,1.365196],[103.848216,1.365216],[103.848191,1.365215],[103.848191,1.365169],[103.848141,1.365168],[103.848138,1.365214],[103.848114,1.365214],[103.848115,1.365194],[103.848081,1.365193],[103.848081,1.365213],[103.848056,1.365213],[103.848056,1.365164],[103.848042,1.365164],[103.848043,1.365119],[103.84803,1.365117],[103.848032,1.365057],[103.848118,1.365055],[103.848119,1.364983]]]}},{"type":"Feature","properties":{"block_id":"4154","blk_no":"322","postal_code":"560322","region_id":"NER","region":"NORTH-EAST REGION","planning_area_id":"AM","planning_area":"ANG MO KIO","subzone_id":"AMSZ04","subzone":"TOWNSVILLE","lon":103.8477,"lat":1.3683,"property_match":"MATCHED","property_match_confidence":"HIGH","street":"ANG MO KIO AVE 3","residential":"Y","year_completed":1976,"building_age_2026":50,"max_floor_lvl":12,"total_dwelling_units":129,"small_flat_share_pct":80.62,"rental_share_pct":0.0,"footprint_area_m2":1259.4,"estimated_residents_2026":282.0,"estimated_elderly_65plus_2026":93.0,"estimated_elderly_share_pct":32.99,"elderly_exposure_score":84.3,"elderly_exposure_class":"VERY HIGH","estimate_confidence":"HIGH","display_name":"Block 322"},"geometry":{"type":"Polygon","coordinates":[[[103.848076,1.368429],[103.848043,1.368429],[103.848043,1.368419],[103.847448,1.368408],[103.847447,1.368418],[103.847429,1.36842],[103.847414,1.368418],[103.847414,1.368404],[103.84738,1.368404],[103.84738,1.368341],[103.847394,1.368341],[103.847394,1.368297],[103.847408,1.368297],[103.847409,1.368266],[103.84747,1.368267],[103.847475,1.368244],[103.847497,1.368246],[103.847496,1.368299],[103.847544,1.3683],[103.847545,1.368247],[103.847572,1.368248],[103.847572,1.368269],[103.847602,1.368269],[103.847603,1.368248],[103.847613,1.368246],[103.847629,1.368249],[103.847628,1.368301],[103.847651,1.368302],[103.847657,1.368248],[103.847679,1.36825],[103.847678,1.36827],[103.847709,1.368271],[103.847709,1.36825],[103.847736,1.368251],[103.847735,1.368303],[103.847757,1.368304],[103.847758,1.368251],[103.847785,1.368252],[103.847784,1.368272],[103.847817,1.368273],[103.847817,1.368252],[103.847838,1.368251],[103.847843,1.368305],[103.847865,1.368306],[103.847866,1.368253],[103.847892,1.368253],[103.847892,1.368274],[103.847924,1.368275],[103.847924,1.368254],[103.847935,1.368252],[103.847951,1.368255],[103.84795,1.368307],[103.848,1.368308],[103.848001,1.368255],[103.848017,1.368253],[103.848028,1.368256],[103.848027,1.368277],[103.848086,1.368278],[103.848086,1.36831],[103.8481,1.36831],[103.848099,1.368354],[103.848112,1.368354],[103.84811,1.368417],[103.848076,1.368416],[103.848076,1.368429]]]}},{"type":"Feature","properties":{"block_id":"4418","blk_no":"323","postal_code":"560323","region_id":"NER","region":"NORTH-EAST REGION","planning_area_id":"AM","planning_area":"ANG MO KIO","subzone_id":"AMSZ04","subzone":"TOWNSVILLE","lon":103.8477,"lat":1.3679,"property_match":"MATCHED","property_match_confidence":"HIGH","street":"ANG MO KIO AVE 3","residential":"Y","year_completed":1976,"building_age_2026":50,"max_floor_lvl":12,"total_dwelling_units":154,"small_flat_share_pct":100.0,"rental_share_pct":48.05,"footprint_area_m2":811.6,"estimated_residents_2026":282.7,"estimated_elderly_65plus_2026":111.8,"estimated_elderly_share_pct":39.55,"elderly_exposure_score":91.6,"elderly_exposure_class":"VERY HIGH","estimate_confidence":"HIGH","display_name":"Block 323"},"geometry":{"type":"Polygon","coordinates":[[[103.847553,1.36794],[103.847559,1.367963],[103.847493,1.367962],[103.847493,1.367944],[103.847479,1.367944],[103.847478,1.367962],[103.847411,1.36796],[103.847412,1.367942],[103.847389,1.367942],[103.84739,1.3679],[103.847417,1.367901],[103.847418,1.36785],[103.847565,1.367853],[103.84757,1.367838],[103.847589,1.367829],[103.847607,1.367839],[103.847612,1.367854],[103.848026,1.367862],[103.848024,1.367953],[103.848004,1.367953],[103.848003,1.367972],[103.847939,1.367971],[103.847939,1.367953],[103.847923,1.367953],[103.847923,1.367971],[103.847857,1.367969],[103.847858,1.367951],[103.847844,1.367951],[103.847844,1.367969],[103.847777,1.367968],[103.847777,1.36795],[103.847762,1.367949],[103.847762,1.367967],[103.847696,1.367966],[103.847696,1.367948],[103.847682,1.367948],[103.847682,1.367966],[103.847614,1.367964],[103.847621,1.367937],[103.847553,1.36794]]]}},{"type":"Feature","properties":{"block_id":"214","blk_no":"323A","postal_code":"561323","region_id":"NER","region":"NORTH-EAST REGION","planning_area_id":"AM","planning_area":"ANG MO KIO","subzone_id":"AMSZ04","subzone":"TOWNSVILLE","lon":103.8478,"lat":1.3676,"property_match":"MATCHED","property_match_confidence":"HIGH","street":"ANG MO KIO AVE 3","residential":"N","year_completed":1999,"building_age_2026":27,"max_floor_lvl":5,"total_dwelling_units":0,"small_flat_share_pct":null,"rental_share_pct":null,"footprint_area_m2":3039.6,"estimated_residents_2026":0.0,"estimated_elderly_65plus_2026":0.0,"estimated_elderly_share_pct":null,"elderly_exposure_score":null,"elderly_exposure_class":null,"estimate_confidence":"HIGH","display_name":"Block 323A"},"geometry":{"type":"Polygon","coordinates":[[[103.847394,1.367682],[103.8474,1.367384],[103.848217,1.3674],[103.848232,1.367563],[103.848211,1.367699],[103.847394,1.367682]]]}},{"type":"Feature","properties":{"block_id":"6332","blk_no":"324","postal_code":"560324","region_id":"NER","region":"NORTH-EAST REGION","planning_area_id":"AM","planning_area":"ANG MO KIO","subzone_id":"AMSZ04","subzone":"TOWNSVILLE","lon":103.8469,"lat":1.3683,"property_match":"MATCHED","property_match_confidence":"HIGH","street":"ANG MO KIO AVE 3","residential":"Y","year_completed":1978,"building_age_2026":48,"max_floor_lvl":12,"total_dwelling_units":110,"small_flat_share_pct":0.0,"rental_share_pct":0.0,"footprint_area_m2":1341.5,"estimated_residents_2026":299.7,"estimated_elderly_65plus_2026":85.5,"estimated_elderly_share_pct":28.54,"elderly_exposure_score":79.3,"elderly_exposure_class":"HIGH","estimate_confidence":"HIGH","display_name":"Block 324"},"geometry":{"type":"Polygon","coordinates":[[[103.846842,1.368438],[103.846825,1.368393],[103.846473,1.368386],[103.846475,1.368271],[103.846515,1.368272],[103.846516,1.368248],[103.846595,1.368249],[103.846594,1.368273],[103.846674,1.368275],[103.846674,1.368251],[103.84676,1.368253],[103.84676,1.368276],[103.846836,1.368278],[103.846837,1.368254],[103.846921,1.368256],[103.846921,1.368279],[103.846999,1.368281],[103.847,1.368257],[103.847082,1.368259],[103.847082,1.368282],[103.847161,1.368284],[103.847161,1.36826],[103.847245,1.368262],[103.847245,1.368285],[103.847286,1.368287],[103.847283,1.368402],[103.846928,1.368395],[103.846916,1.368434],[103.846875,1.368449],[103.846842,1.368438]]]}},{"type":"Feature","properties":{"block_id":"7005","blk_no":"325","postal_code":"560325","region_id":"NER","region":"NORTH-EAST REGION","planning_area_id":"AM","planning_area":"ANG MO KIO","subzone_id":"AMSZ04","subzone":"TOWNSVILLE","lon":103.8469,"lat":1.3679,"property_match":"MATCHED","property_match_confidence":"HIGH","street":"ANG MO KIO AVE 3","residential":"Y","year_completed":1978,"building_age_2026":48,"max_floor_lvl":12,"total_dwelling_units":110,"small_flat_share_pct":0.0,"rental_share_pct":0.0,"footprint_area_m2":1341.4,"estimated_residents_2026":299.7,"estimated_elderly_65plus_2026":85.5,"estimated_elderly_share_pct":28.54,"elderly_exposure_score":79.3,"elderly_exposure_class":"HIGH","estimate_confidence":"HIGH","display_name":"Block 325"},"geometry":{"type":"Polygon","coordinates":[[[103.846927,1.367956],[103.846926,1.36798],[103.846842,1.367978],[103.846842,1.367954],[103.846766,1.367953],[103.846765,1.367977],[103.846679,1.367975],[103.84668,1.367951],[103.8466,1.36795],[103.8466,1.367973],[103.846521,1.367972],[103.846521,1.367948],[103.846481,1.367948],[103.846483,1.367832],[103.846836,1.367838],[103.846848,1.3678],[103.846888,1.367784],[103.846928,1.367801],[103.846939,1.36784],[103.847293,1.367847],[103.847291,1.367962],[103.84725,1.367962],[103.84725,1.367986],[103.847166,1.367984],[103.847166,1.367961],[103.847088,1.367959],[103.847087,1.367983],[103.847004,1.367981],[103.847005,1.367958],[103.846927,1.367956]]]}},{"type":"Feature","properties":{"block_id":"8340","blk_no":"325A","postal_code":"561325","region_id":"NER","region":"NORTH-EAST REGION","planning_area_id":"AM","planning_area":"ANG MO KIO","subzone_id":"AMSZ04","subzone":"TOWNSVILLE","lon":103.8469,"lat":1.3675,"property_match":"MATCHED","property_match_confidence":"HIGH","street":"ANG MO KIO AVE 3","residential":"N","year_completed":2000,"building_age_2026":26,"max_floor_lvl":1,"total_dwelling_units":0,"small_flat_share_pct":null,"rental_share_pct":null,"footprint_area_m2":205.2,"estimated_residents_2026":0.0,"estimated_elderly_65plus_2026":0.0,"estimated_elderly_share_pct":null,"elderly_exposure_score":null,"elderly_exposure_class":null,"estimate_confidence":"HIGH","display_name":"Block 325A"},"geometry":{"type":"Polygon","coordinates":[[[103.846901,1.367431],[103.846978,1.367535],[103.846875,1.367612],[103.846798,1.367509],[103.846901,1.367431]]]}},{"type":"Feature","properties":{"block_id":"4305","blk_no":"326","postal_code":"560326","region_id":"NER","region":"NORTH-EAST REGION","planning_area_id":"AM","planning_area":"ANG MO KIO","subzone_id":"AMSZ04","subzone":"TOWNSVILLE","lon":103.8479,"lat":1.3671,"property_match":"MATCHED","property_match_confidence":"HIGH","street":"ANG MO KIO AVE 3","residential":"Y","year_completed":1976,"building_age_2026":50,"max_floor_lvl":13,"total_dwelling_units":120,"small_flat_share_pct":0.0,"rental_share_pct":0.0,"footprint_area_m2":1298.6,"estimated_residents_2026":326.9,"estimated_elderly_65plus_2026":93.3,"estimated_elderly_share_pct":28.54,"elderly_exposure_score":84.5,"elderly_exposure_class":"VERY HIGH","estimate_confidence":"HIGH","display_name":"Block 326"},"geometry":{"type":"Polygon","coordinates":[[[103.847496,1.367009],[103.847536,1.367009],[103.847536,1.366987],[103.847619,1.366988],[103.847619,1.367011],[103.847696,1.367012],[103.847697,1.36699],[103.847782,1.366991],[103.847781,1.367014],[103.847858,1.367015],[103.847858,1.366993],[103.847944,1.366994],[103.847943,1.367017],[103.848018,1.367018],[103.848018,1.366996],[103.848103,1.366997],[103.848103,1.36702],[103.84818,1.367021],[103.848181,1.366999],[103.848267,1.367],[103.848266,1.367023],[103.848306,1.367024],[103.848304,1.367139],[103.848238,1.367138],[103.848237,1.367179],[103.848206,1.367178],[103.848206,1.367137],[103.847752,1.367129],[103.847751,1.367167],[103.847721,1.367166],[103.847722,1.367128],[103.847494,1.367124],[103.847496,1.367009]]]}},{"type":"Feature","properties":{"block_id":"566","blk_no":"327","postal_code":"560327","region_id":"NER","region":"NORTH-EAST REGION","planning_area_id":"AM","planning_area":"ANG MO KIO","subzone_id":"AMSZ04","subzone":"TOWNSVILLE","lon":103.847,"lat":1.367,"property_match":"MATCHED","property_match_confidence":"HIGH","street":"ANG MO KIO AVE 3","residential":"Y","year_completed":1976,"building_age_2026":50,"max_floor_lvl":13,"total_dwelling_units":120,"small_flat_share_pct":0.0,"rental_share_pct":0.0,"footprint_area_m2":1310.5,"estimated_residents_2026":326.9,"estimated_elderly_65plus_2026":93.3,"estimated_elderly_share_pct":28.54,"elderly_exposure_score":84.5,"elderly_exposure_class":"VERY HIGH","estimate_confidence":"HIGH","display_name":"Block 327"},"geometry":{"type":"Polygon","coordinates":[[[103.846581,1.366991],[103.846621,1.366992],[103.846621,1.36697],[103.846704,1.366971],[103.846704,1.366994],[103.846781,1.366995],[103.846782,1.366973],[103.846867,1.366974],[103.846866,1.366997],[103.846943,1.366998],[103.846943,1.366976],[103.847029,1.366977],[103.847028,1.367],[103.847103,1.367001],[103.847103,1.366979],[103.847188,1.36698],[103.847188,1.367003],[103.847265,1.367004],[103.847266,1.366982],[103.847352,1.366983],[103.847351,1.367006],[103.847391,1.367007],[103.847389,1.367122],[103.847323,1.367121],[103.847322,1.367162],[103.847291,1.367161],[103.847291,1.36712],[103.846837,1.367112],[103.846836,1.36715],[103.846806,1.367149],[103.846807,1.367111],[103.846579,1.367107],[103.846581,1.366991]]]}},{"type":"Feature","properties":{"block_id":"4880","blk_no":"328","postal_code":"560328","region_id":"NER","region":"NORTH-EAST REGION","planning_area_id":"AM","planning_area":"ANG MO KIO","subzone_id":"AMSZ04","subzone":"TOWNSVILLE","lon":103.8479,"lat":1.3666,"property_match":"MATCHED","property_match_confidence":"HIGH","street":"ANG MO KIO AVE 3","residential":"Y","year_completed":1976,"building_age_2026":50,"max_floor_lvl":12,"total_dwelling_units":152,"small_flat_share_pct":84.21,"rental_share_pct":0.0,"footprint_area_m2":1540.2,"estimated_residents_2026":327.9,"estimated_elderly_65plus_2026":109.5,"estimated_elderly_share_pct":33.38,"elderly_exposure_score":91.0,"elderly_exposure_class":"VERY HIGH","estimate_confidence":"HIGH","display_name":"Block 328"},"geometry":{"type":"Polygon","coordinates":[[[103.847772,1.366706],[103.847773,1.366686],[103.847731,1.366685],[103.847731,1.366706],[103.847704,1.366705],[103.847705,1.366662],[103.847655,1.366661],[103.847654,1.366704],[103.847643,1.366706],[103.847627,1.366704],[103.847628,1.366683],[103.847588,1.366682],[103.847588,1.366703],[103.847561,1.366703],[103.847562,1.36666],[103.847539,1.366659],[103.847533,1.366703],[103.847512,1.366702],[103.847512,1.366681],[103.847449,1.36668],[103.847449,1.366658],[103.847436,1.366657],[103.847437,1.366615],[103.847423,1.366615],[103.847424,1.366554],[103.847463,1.366555],[103.847463,1.366542],[103.847478,1.36654],[103.847496,1.366542],[103.847496,1.366552],[103.847612,1.366554],[103.847623,1.366516],[103.84767,1.3665],[103.847716,1.366517],[103.847725,1.366556],[103.848017,1.366561],[103.848024,1.366521],[103.848053,1.366504],[103.848092,1.366523],[103.848097,1.366563],[103.848245,1.366566],[103.848245,1.366556],[103.848263,1.366554],[103.848278,1.366557],[103.848278,1.36657],[103.848317,1.36657],[103.848316,1.366632],[103.848302,1.366631],[103.848301,1.366673],[103.848288,1.366673],[103.848287,1.366695],[103.848219,1.366694],[103.848213,1.366716],[103.848192,1.366714],[103.848193,1.366671],[103.848171,1.366671],[103.84817,1.366714],[103.848159,1.366716],[103.848143,1.366713],[103.848144,1.366692],[103.848105,1.366692],[103.848105,1.366712],[103.848078,1.366712],[103.848079,1.366669],[103.848029,1.366668],[103.848023,1.366712],[103.848002,1.366711],[103.848002,1.36669],[103.847963,1.366689],[103.847963,1.36671],[103.847936,1.366709],[103.847937,1.366667],[103.847914,1.366666],[103.847913,1.366709],[103.847887,1.366708],[103.847887,1.366688],[103.847848,1.366687],[103.847848,1.366708],[103.847837,1.36671],[103.847821,1.366707],[103.847822,1.366665],[103.8478,1.366664],[103.847799,1.366707],[103.847772,1.366706]]]}},{"type":"Feature","properties":{"block_id":"8802","blk_no":"329","postal_code":"560329","region_id":"NER","region":"NORTH-EAST REGION","planning_area_id":"AM","planning_area":"ANG MO KIO","subzone_id":"AMSZ04","subzone":"TOWNSVILLE","lon":103.8469,"lat":1.3666,"property_match":"MATCHED","property_match_confidence":"HIGH","street":"ANG MO KIO AVE 3","residential":"Y","year_completed":1976,"building_age_2026":50,"max_floor_lvl":12,"total_dwelling_units":154,"small_flat_share_pct":85.71,"rental_share_pct":0.0,"footprint_area_m2":1540.3,"estimated_residents_2026":329.9,"estimated_elderly_65plus_2026":111.1,"estimated_elderly_share_pct":33.67,"elderly_exposure_score":91.4,"elderly_exposure_class":"VERY HIGH","estimate_confidence":"HIGH","display_name":"Block 329"},"geometry":{"type":"Polygon","coordinates":[[[103.847226,1.366696],[103.847199,1.366695],[103.8472,1.366652],[103.847178,1.366652],[103.847178,1.366695],[103.847167,1.366697],[103.847151,1.366694],[103.847151,1.366673],[103.847112,1.366673],[103.847112,1.366694],[103.847085,1.366693],[103.847086,1.36665],[103.847037,1.366649],[103.847036,1.366692],[103.847026,1.366694],[103.84701,1.366692],[103.84701,1.366671],[103.846971,1.36667],[103.84697,1.366691],[103.846944,1.366691],[103.846945,1.366648],[103.846921,1.366647],[103.846921,1.36669],[103.84691,1.366692],[103.846894,1.36669],[103.846894,1.366669],[103.846855,1.366668],[103.846855,1.366689],[103.846828,1.366688],[103.846829,1.366646],[103.846807,1.366645],[103.846801,1.366689],[103.84678,1.366688],[103.84678,1.366667],[103.846739,1.366666],[103.846738,1.366687],[103.846712,1.366686],[103.846712,1.366644],[103.846662,1.366643],[103.846661,1.366685],[103.846635,1.366685],[103.846635,1.366664],[103.846596,1.366663],[103.846595,1.366684],[103.846579,1.366686],[103.846569,1.366684],[103.846569,1.366641],[103.846547,1.366641],[103.846546,1.366683],[103.846525,1.366684],[103.84652,1.366662],[103.846456,1.366661],[103.846457,1.366639],[103.846443,1.366639],[103.846444,1.366597],[103.846431,1.366596],[103.846432,1.366535],[103.84647,1.366536],[103.846471,1.366523],[103.846486,1.366521],[103.846504,1.366523],[103.846504,1.366533],[103.846619,1.366535],[103.84663,1.366497],[103.846677,1.366481],[103.846723,1.366498],[103.846733,1.366537],[103.847024,1.366542],[103.847031,1.366503],[103.84706,1.366485],[103.847099,1.366504],[103.847105,1.366544],[103.847252,1.366547],[103.847253,1.366537],[103.847271,1.366535],[103.847286,1.366538],[103.847286,1.366551],[103.847324,1.366552],[103.847323,1.366613],[103.84731,1.366612],[103.847309,1.366654],[103.847295,1.366654],[103.847295,1.366676],[103.847226,1.366675],[103.847226,1.366696]]]}},{"type":"Feature","properties":{"block_id":"8859","blk_no":"330","postal_code":"560330","region_id":"NER","region":"NORTH-EAST REGION","planning_area_id":"AM","planning_area":"ANG MO KIO","subzone_id":"AMSZ04","subzone":"TOWNSVILLE","lon":103.851,"lat":1.3624,"property_match":"MATCHED","property_match_confidence":"HIGH","street":"ANG MO KIO AVE 1","residential":"Y","year_completed":1980,"building_age_2026":46,"max_floor_lvl":12,"total_dwelling_units":195,"small_flat_share_pct":87.18,"rental_share_pct":0.51,"footprint_area_m2":1760.2,"estimated_residents_2026":416.9,"estimated_elderly_65plus_2026":140.0,"estimated_elderly_share_pct":33.58,"elderly_exposure_score":96.3,"elderly_exposure_class":"VERY HIGH","estimate_confidence":"HIGH","display_name":"Block 330"},"geometry":{"type":"Polygon","coordinates":[[[103.851137,1.362283],[103.851156,1.362267],[103.851141,1.362249],[103.851207,1.362196],[103.851221,1.362214],[103.85126,1.362182],[103.851245,1.362164],[103.851314,1.362108],[103.851329,1.362127],[103.851345,1.362113],[103.85133,1.362095],[103.851395,1.362043],[103.851412,1.362064],[103.851423,1.362056],[103.851447,1.362086],[103.851463,1.36208],[103.851497,1.362122],[103.8515,1.362131],[103.851248,1.362343],[103.851048,1.362499],[103.851062,1.362517],[103.851023,1.362549],[103.851012,1.362535],[103.850641,1.36283],[103.850633,1.362825],[103.8506,1.362783],[103.850608,1.362769],[103.850584,1.362738],[103.850594,1.36273],[103.850577,1.362708],[103.850643,1.362654],[103.850658,1.362672],[103.850677,1.362657],[103.850662,1.362638],[103.850729,1.362584],[103.850743,1.362603],[103.850781,1.362572],[103.850766,1.362554],[103.850832,1.362501],[103.850846,1.362519],[103.850866,1.362503],[103.850851,1.362485],[103.850917,1.362431],[103.850931,1.36245],[103.850988,1.362404],[103.850973,1.362385],[103.851038,1.362333],[103.851053,1.362351],[103.851072,1.362335],[103.851058,1.362317],[103.851122,1.362264],[103.851137,1.362283]]]}},{"type":"Feature","properties":{"block_id":"6630","blk_no":"331","postal_code":"560331","region_id":"NER","region":"NORTH-EAST REGION","planning_area_id":"AM","planning_area":"ANG MO KIO","subzone_id":"AMSZ04","subzone":"TOWNSVILLE","lon":103.8508,"lat":1.3621,"property_match":"MATCHED","property_match_confidence":"HIGH","street":"ANG MO KIO AVE 1","residential":"Y","year_completed":1979,"building_age_2026":47,"max_floor_lvl":12,"total_dwelling_units":195,"small_flat_share_pct":87.18,"rental_share_pct":0.0,"footprint_area_m2":1726.6,"estimated_residents_2026":416.9,"estimated_elderly_65plus_2026":140.0,"estimated_elderly_share_pct":33.58,"elderly_exposure_score":96.3,"elderly_exposure_class":"VERY HIGH","estimate_confidence":"HIGH","display_name":"Block 331"},"geometry":{"type":"Polygon","coordinates":[[[103.850795,1.362007],[103.851161,1.361717],[103.851202,1.361758],[103.851193,1.361772],[103.851218,1.361802],[103.851208,1.361811],[103.851225,1.361832],[103.851159,1.361886],[103.851144,1.361868],[103.851126,1.361882],[103.851141,1.3619],[103.851073,1.361955],[103.851059,1.361936],[103.85102,1.361968],[103.851034,1.361986],[103.850968,1.36204],[103.850953,1.362022],[103.850935,1.362037],[103.850949,1.362055],[103.850886,1.362106],[103.850871,1.362088],[103.850815,1.362133],[103.85083,1.362151],[103.850764,1.362204],[103.85075,1.362186],[103.850731,1.362202],[103.850745,1.36222],[103.850679,1.362273],[103.850664,1.362255],[103.850648,1.362268],[103.850663,1.362287],[103.850596,1.362341],[103.850581,1.362322],[103.850542,1.362354],[103.850557,1.362372],[103.85049,1.362426],[103.850476,1.362408],[103.850458,1.362422],[103.850472,1.36244],[103.850405,1.362495],[103.850387,1.362473],[103.850378,1.362482],[103.850353,1.362451],[103.850336,1.362457],[103.850303,1.362404],[103.850755,1.362038],[103.850741,1.362019],[103.850781,1.361989],[103.850795,1.362007]]]}},{"type":"Feature","properties":{"block_id":"5198","blk_no":"332","postal_code":"560332","region_id":"NER","region":"NORTH-EAST REGION","planning_area_id":"AM","planning_area":"ANG MO KIO","subzone_id":"AMSZ04","subzone":"TOWNSVILLE","lon":103.852,"lat":1.3617,"property_match":"MATCHED","property_match_confidence":"HIGH","street":"ANG MO KIO AVE 1","residential":"Y","year_completed":1980,"building_age_2026":46,"max_floor_lvl":11,"total_dwelling_units":168,"small_flat_share_pct":87.5,"rental_share_pct":0.6,"footprint_area_m2":1781.2,"estimated_residents_2026":358.2,"estimated_elderly_65plus_2026":120.8,"estimated_elderly_share_pct":33.73,"elderly_exposure_score":93.5,"elderly_exposure_class":"VERY HIGH","estimate_confidence":"HIGH","display_name":"Block 332"},"geometry":{"type":"Polygon","coordinates":[[[103.852254,1.361333],[103.85232,1.361279],[103.85237,1.361321],[103.852391,1.361312],[103.852431,1.361369],[103.851976,1.361736],[103.851989,1.361753],[103.851951,1.361784],[103.85194,1.361771],[103.851576,1.362069],[103.851487,1.361962],[103.851667,1.361814],[103.851683,1.361833],[103.851711,1.36181],[103.851696,1.361791],[103.851761,1.361738],[103.851776,1.361757],[103.851793,1.361743],[103.851777,1.361724],[103.851842,1.361671],[103.851858,1.361689],[103.851914,1.361644],[103.851898,1.361624],[103.851964,1.361569],[103.85198,1.361589],[103.851999,1.361574],[103.851983,1.361555],[103.85205,1.361499],[103.852066,1.361519],[103.852083,1.361505],[103.852068,1.361486],[103.852134,1.361431],[103.852149,1.36145],[103.852185,1.36142],[103.852171,1.361402],[103.852237,1.361347],[103.852252,1.361366],[103.85227,1.361352],[103.852254,1.361333]]]}},{"type":"Feature","properties":{"block_id":"10976","blk_no":"333","postal_code":"560333","region_id":"NER","region":"NORTH-EAST REGION","planning_area_id":"AM","planning_area":"ANG MO KIO","subzone_id":"AMSZ04","subzone":"TOWNSVILLE","lon":103.8517,"lat":1.3613,"property_match":"MATCHED","property_match_confidence":"HIGH","street":"ANG MO KIO AVE 1","residential":"Y","year_completed":1980,"building_age_2026":46,"max_floor_lvl":11,"total_dwelling_units":179,"small_flat_share_pct":88.27,"rental_share_pct":0.0,"footprint_area_m2":1744.2,"estimated_residents_2026":380.7,"estimated_elderly_65plus_2026":128.6,"estimated_elderly_share_pct":33.79,"elderly_exposure_score":94.8,"elderly_exposure_class":"VERY HIGH","estimate_confidence":"HIGH","display_name":"Block 333"},"geometry":{"type":"Polygon","coordinates":[[[103.851401,1.361678],[103.851336,1.361732],[103.851317,1.361709],[103.851305,1.361717],[103.851282,1.361688],[103.851267,1.361694],[103.851231,1.361644],[103.851683,1.361275],[103.851668,1.361257],[103.851707,1.361225],[103.851721,1.361243],[103.852088,1.360943],[103.852096,1.360948],[103.85213,1.360989],[103.852119,1.361003],[103.852143,1.361032],[103.852133,1.361042],[103.852152,1.361065],[103.852086,1.361119],[103.852069,1.361097],[103.852051,1.361112],[103.852068,1.361133],[103.852002,1.361187],[103.851985,1.361166],[103.851954,1.361191],[103.851946,1.361197],[103.851964,1.361219],[103.851898,1.361273],[103.85188,1.361251],[103.851863,1.361266],[103.85188,1.361287],[103.851812,1.361343],[103.851795,1.361321],[103.851789,1.361326],[103.851742,1.361365],[103.851759,1.361387],[103.851693,1.36144],[103.851676,1.36142],[103.851657,1.361436],[103.851673,1.361456],[103.851607,1.36151],[103.851597,1.361498],[103.85158,1.361512],[103.85159,1.361525],[103.851524,1.361579],[103.851507,1.361557],[103.851476,1.361582],[103.851468,1.361589],[103.851485,1.36161],[103.851419,1.361664],[103.851402,1.361643],[103.851384,1.361657],[103.851401,1.361678]]]}},{"type":"Feature","properties":{"block_id":"7349","blk_no":"334","postal_code":"560334","region_id":"NER","region":"NORTH-EAST REGION","planning_area_id":"AM","planning_area":"ANG MO KIO","subzone_id":"AMSZ04","subzone":"TOWNSVILLE","lon":103.851,"lat":1.3637,"property_match":"MATCHED","property_match_confidence":"HIGH","street":"ANG MO KIO AVE 1","residential":"Y","year_completed":1981,"building_age_2026":45,"max_floor_lvl":11,"total_dwelling_units":100,"small_flat_share_pct":0.0,"rental_share_pct":0.0,"footprint_area_m2":1264.8,"estimated_residents_2026":272.4,"estimated_elderly_65plus_2026":77.7,"estimated_elderly_share_pct":28.54,"elderly_exposure_score":73.4,"elderly_exposure_class":"HIGH","estimate_confidence":"HIGH","display_name":"Block 334"},"geometry":{"type":"Polygon","coordinates":[[[103.851012,1.363637],[103.851016,1.363658],[103.851082,1.363647],[103.851078,1.363627],[103.851171,1.363612],[103.851175,1.363633],[103.851252,1.36362],[103.851248,1.363599],[103.851331,1.363586],[103.851335,1.363611],[103.851348,1.363609],[103.851354,1.363647],[103.851381,1.363642],[103.851391,1.363715],[103.851026,1.363772],[103.85103,1.363794],[103.85102,1.363808],[103.850975,1.363815],[103.850961,1.363805],[103.850958,1.363784],[103.850591,1.363843],[103.850578,1.36377],[103.850604,1.363766],[103.850599,1.363728],[103.850611,1.363726],[103.850608,1.363701],[103.850693,1.363688],[103.850697,1.363709],[103.850773,1.363697],[103.850769,1.363676],[103.850854,1.363662],[103.850858,1.363683],[103.850934,1.363671],[103.85093,1.36365],[103.851012,1.363637]]]}},{"type":"Feature","properties":{"block_id":"8690","blk_no":"335","postal_code":"560335","region_id":"NER","region":"NORTH-EAST REGION","planning_area_id":"AM","planning_area":"ANG MO KIO","subzone_id":"AMSZ04","subzone":"TOWNSVILLE","lon":103.8507,"lat":1.3632,"property_match":"MATCHED","property_match_confidence":"HIGH","street":"ANG MO KIO AVE 1","residential":"Y","year_completed":1981,"building_age_2026":45,"max_floor_lvl":13,"total_dwelling_units":120,"small_flat_share_pct":0.0,"rental_share_pct":0.0,"footprint_area_m2":1249.1,"estimated_residents_2026":326.9,"estimated_elderly_65plus_2026":93.3,"estimated_elderly_share_pct":28.54,"elderly_exposure_score":84.5,"elderly_exposure_class":"VERY HIGH","estimate_confidence":"HIGH","display_name":"Block 335"},"geometry":{"type":"Polygon","coordinates":[[[103.850967,1.362906],[103.851015,1.362963],[103.850994,1.36298],[103.851017,1.36301],[103.851006,1.363018],[103.851023,1.363038],[103.85096,1.363089],[103.850943,1.363068],[103.850884,1.363116],[103.850901,1.363137],[103.850835,1.363191],[103.850817,1.36317],[103.850757,1.363219],[103.850775,1.36324],[103.850708,1.363295],[103.850691,1.363274],[103.850631,1.363323],[103.850648,1.363343],[103.850581,1.363398],[103.850564,1.363377],[103.850503,1.363427],[103.85052,1.363448],[103.850454,1.363502],[103.850438,1.363482],[103.850428,1.363491],[103.850404,1.363462],[103.850383,1.363479],[103.850336,1.363422],[103.850626,1.363187],[103.850612,1.363169],[103.850613,1.363152],[103.850649,1.363123],[103.850666,1.363125],[103.850678,1.36314],[103.850967,1.362906]]]}},{"type":"Feature","properties":{"block_id":"6409","blk_no":"336","postal_code":"560336","region_id":"NER","region":"NORTH-EAST REGION","planning_area_id":"AM","planning_area":"ANG MO KIO","subzone_id":"AMSZ04","subzone":"TOWNSVILLE","lon":103.8519,"lat":1.3636,"property_match":"MATCHED","property_match_confidence":"HIGH","street":"ANG MO KIO AVE 1","residential":"Y","year_completed":1981,"building_age_2026":45,"max_floor_lvl":13,"total_dwelling_units":120,"small_flat_share_pct":0.0,"rental_share_pct":0.0,"footprint_area_m2":1265.3,"estimated_residents_2026":326.9,"estimated_elderly_65plus_2026":93.3,"estimated_elderly_share_pct":28.54,"elderly_exposure_score":84.5,"elderly_exposure_class":"VERY HIGH","estimate_confidence":"HIGH","display_name":"Block 336"},"geometry":{"type":"Polygon","coordinates":[[[103.851741,1.36352],[103.851744,1.363542],[103.85182,1.36353],[103.851816,1.363508],[103.851899,1.363495],[103.851903,1.363516],[103.85198,1.363504],[103.851976,1.363482],[103.852061,1.363469],[103.852065,1.36349],[103.852141,1.363478],[103.852137,1.363456],[103.852222,1.363443],[103.852226,1.363467],[103.852239,1.363466],[103.852245,1.363503],[103.852271,1.363499],[103.852282,1.363572],[103.851915,1.36363],[103.851919,1.363652],[103.851909,1.363666],[103.851864,1.363673],[103.85185,1.363663],[103.851847,1.363642],[103.85148,1.363701],[103.851468,1.363628],[103.851494,1.363624],[103.851488,1.363587],[103.851501,1.363584],[103.851497,1.363559],[103.85158,1.363546],[103.851584,1.363567],[103.85166,1.363555],[103.851657,1.363533],[103.851741,1.36352]]]}},{"type":"Feature","properties":{"block_id":"0","blk_no":"337","postal_code":"560337","region_id":"NER","region":"NORTH-EAST REGION","planning_area_id":"AM","planning_area":"ANG MO KIO","subzone_id":"AMSZ04","subzone":"TOWNSVILLE","lon":103.8516,"lat":1.3632,"property_match":"MATCHED","property_match_confidence":"HIGH","street":"ANG MO KIO AVE 1","residential":"Y","year_completed":1981,"building_age_2026":45,"max_floor_lvl":13,"total_dwelling_units":120,"small_flat_share_pct":0.0,"rental_share_pct":0.0,"footprint_area_m2":1285.2,"estimated_residents_2026":326.9,"estimated_elderly_65plus_2026":93.3,"estimated_elderly_share_pct":28.54,"elderly_exposure_score":84.5,"elderly_exposure_class":"VERY HIGH","estimate_confidence":"HIGH","display_name":"Block 337"},"geometry":{"type":"Polygon","coordinates":[[[103.852006,1.363069],[103.852018,1.363143],[103.851992,1.36315],[103.85199,1.363213],[103.851909,1.363226],[103.851906,1.363208],[103.851828,1.363221],[103.851831,1.363238],[103.851749,1.363251],[103.851746,1.363234],[103.851663,1.363247],[103.851666,1.363264],[103.851585,1.363277],[103.851582,1.36326],[103.8515,1.363273],[103.851503,1.36329],[103.85143,1.363302],[103.851427,1.363285],[103.851345,1.363298],[103.851348,1.363315],[103.851266,1.363328],[103.851262,1.363303],[103.851248,1.363305],[103.851242,1.363268],[103.851216,1.363271],[103.851205,1.363198],[103.851571,1.36314],[103.851568,1.363118],[103.851577,1.363105],[103.851623,1.363097],[103.851636,1.363107],[103.85164,1.363129],[103.852006,1.363069]]]}},{"type":"Feature","properties":{"block_id":"7094","blk_no":"338","postal_code":"560338","region_id":"NER","region":"NORTH-EAST REGION","planning_area_id":"AM","planning_area":"ANG MO KIO","subzone_id":"AMSZ04","subzone":"TOWNSVILLE","lon":103.8485,"lat":1.3639,"property_match":"MATCHED","property_match_confidence":"HIGH","street":"ANG MO KIO AVE 1","residential":"Y","year_completed":1977,"building_age_2026":49,"max_floor_lvl":2,"total_dwelling_units":3,"small_flat_share_pct":100.0,"rental_share_pct":33.33,"footprint_area_m2":2980.0,"estimated_residents_2026":6.1,"estimated_elderly_65plus_2026":2.1,"estimated_elderly_share_pct":34.8,"elderly_exposure_score":0.4,"elderly_exposure_class":"VERY LOW","estimate_confidence":"HIGH","display_name":"Block 338"},"geometry":{"type":"Polygon","coordinates":[[[103.848399,1.363661],[103.84839,1.36365],[103.848641,1.363433],[103.848746,1.363552],[103.84876,1.36354],[103.84922,1.364078],[103.849132,1.364155],[103.848643,1.363584],[103.848445,1.363758],[103.848857,1.364236],[103.848946,1.364159],[103.849023,1.364253],[103.848855,1.364393],[103.848746,1.364261],[103.848731,1.364275],[103.848288,1.36376],[103.848399,1.363661]]]}},{"type":"Feature","properties":{"block_id":"7612","blk_no":"339","postal_code":"560339","region_id":"NER","region":"NORTH-EAST REGION","planning_area_id":"AM","planning_area":"ANG MO KIO","subzone_id":"AMSZ04","subzone":"TOWNSVILLE","lon":103.8491,"lat":1.365,"property_match":"MATCHED","property_match_confidence":"HIGH","street":"ANG MO KIO AVE 1","residential":"Y","year_completed":1977,"building_age_2026":49,"max_floor_lvl":2,"total_dwelling_units":6,"small_flat_share_pct":100.0,"rental_share_pct":16.67,"footprint_area_m2":1845.6,"estimated_residents_2026":12.3,"estimated_elderly_65plus_2026":4.3,"estimated_elderly_share_pct":34.8,"elderly_exposure_score":0.9,"elderly_exposure_class":"VERY LOW","estimate_confidence":"HIGH","display_name":"Block 339"},"geometry":{"type":"Polygon","coordinates":[[[103.84907,1.364594],[103.848988,1.3645],[103.849149,1.36436],[103.849224,1.364447],[103.849088,1.364566],[103.849103,1.364582],[103.849101,1.364689],[103.849189,1.364691],[103.849175,1.365085],[103.849183,1.365085],[103.849181,1.365169],[103.849174,1.365169],[103.849173,1.365192],[103.84918,1.365192],[103.849179,1.365279],[103.849171,1.365279],[103.849171,1.365303],[103.849178,1.365303],[103.849176,1.365386],[103.849169,1.365386],[103.849168,1.36541],[103.849177,1.36541],[103.849176,1.365454],[103.849168,1.365454],[103.849171,1.365705],[103.849049,1.365702],[103.84907,1.364594]]]}},{"type":"Feature","properties":{"block_id":"8523","blk_no":"340","postal_code":"560340","region_id":"NER","region":"NORTH-EAST REGION","planning_area_id":"AM","planning_area":"ANG MO KIO","subzone_id":"AMSZ04","subzone":"TOWNSVILLE","lon":103.8495,"lat":1.3645,"property_match":"MATCHED","property_match_confidence":"HIGH","street":"ANG MO KIO AVE 1","residential":"Y","year_completed":1977,"building_age_2026":49,"max_floor_lvl":2,"total_dwelling_units":3,"small_flat_share_pct":100.0,"rental_share_pct":0.0,"footprint_area_m2":803.2,"estimated_residents_2026":6.1,"estimated_elderly_65plus_2026":2.1,"estimated_elderly_share_pct":34.8,"elderly_exposure_score":0.4,"elderly_exposure_class":"VERY LOW","estimate_confidence":"HIGH","display_name":"Block 340"},"geometry":{"type":"Polygon","coordinates":[[[103.849327,1.364202],[103.849697,1.364633],[103.84965,1.364674],[103.849632,1.364653],[103.84959,1.364689],[103.849238,1.364278],[103.849327,1.364202]]]}},{"type":"Feature","properties":{"block_id":"3063","blk_no":"341","postal_code":"560341","region_id":"NER","region":"NORTH-EAST REGION","planning_area_id":"AM","planning_area":"ANG MO KIO","subzone_id":"AMSZ04","subzone":"TOWNSVILLE","lon":103.8482,"lat":1.3641,"property_match":"MATCHED","property_match_confidence":"HIGH","street":"ANG MO KIO AVE 1","residential":"N","year_completed":2002,"building_age_2026":24,"max_floor_lvl":1,"total_dwelling_units":0,"small_flat_share_pct":null,"rental_share_pct":null,"footprint_area_m2":2884.1,"estimated_residents_2026":0.0,"estimated_elderly_65plus_2026":0.0,"estimated_elderly_share_pct":null,"elderly_exposure_score":null,"elderly_exposure_class":null,"estimate_confidence":"HIGH","display_name":"Block 341"},"geometry":{"type":"Polygon","coordinates":[[[103.848086,1.363705],[103.848303,1.363958],[103.848328,1.363936],[103.848389,1.364007],[103.848364,1.364029],[103.848617,1.364322],[103.848411,1.364501],[103.848165,1.364214],[103.848105,1.364267],[103.848086,1.364246],[103.848073,1.364258],[103.848036,1.364215],[103.84805,1.364203],[103.848032,1.364182],[103.848092,1.364129],[103.847881,1.363884],[103.848086,1.363705]]]}},{"type":"Feature","properties":{"block_id":"3926","blk_no":"342","postal_code":"560342","region_id":"NER","region":"NORTH-EAST REGION","planning_area_id":"AM","planning_area":"ANG MO KIO","subzone_id":"AMSZ04","subzone":"TOWNSVILLE","lon":103.8486,"lat":1.3646,"property_match":"MATCHED","property_match_confidence":"HIGH","street":"ANG MO KIO AVE 1","residential":"N","year_completed":1977,"building_age_2026":49,"max_floor_lvl":3,"total_dwelling_units":0,"small_flat_share_pct":null,"rental_share_pct":null,"footprint_area_m2":1007.3,"estimated_residents_2026":0.0,"estimated_elderly_65plus_2026":0.0,"estimated_elderly_share_pct":null,"elderly_exposure_score":null,"elderly_exposure_class":null,"estimate_confidence":"HIGH","display_name":"Block 342"},"geometry":{"type":"Polygon","coordinates":[[[103.848351,1.364635],[103.848371,1.364639],[103.84867,1.364381],[103.848657,1.364546],[103.848749,1.364649],[103.848781,1.364651],[103.848778,1.364689],[103.848793,1.364705],[103.848644,1.364694],[103.848572,1.364757],[103.848264,1.364731],[103.848345,1.364663],[103.848341,1.364647],[103.848351,1.364635]]]}},{"type":"Feature","properties":{"block_id":"5502","blk_no":"343","postal_code":"560343","region_id":"NER","region":"NORTH-EAST REGION","planning_area_id":"AM","planning_area":"ANG MO KIO","subzone_id":"AMSZ04","subzone":"TOWNSVILLE","lon":103.8492,"lat":1.3684,"property_match":"MATCHED","property_match_confidence":"HIGH","street":"ANG MO KIO AVE 3","residential":"Y","year_completed":1977,"building_age_2026":49,"max_floor_lvl":12,"total_dwelling_units":196,"small_flat_share_pct":87.76,"rental_share_pct":0.0,"footprint_area_m2":1925.5,"estimated_residents_2026":417.9,"estimated_elderly_65plus_2026":140.8,"estimated_elderly_share_pct":33.69,"elderly_exposure_score":96.3,"elderly_exposure_class":"VERY HIGH","estimate_confidence":"HIGH","display_name":"Block 343"},"geometry":{"type":"Polygon","coordinates":[[[103.849694,1.368382],[103.849693,1.368448],[103.849656,1.368448],[103.849649,1.368464],[103.849633,1.368463],[103.849627,1.368447],[103.849479,1.368448],[103.849462,1.368467],[103.849434,1.368466],[103.849417,1.368446],[103.849164,1.368441],[103.849164,1.368466],[103.849136,1.368493],[103.849081,1.368492],[103.849054,1.368464],[103.849055,1.368439],[103.848884,1.368436],[103.848867,1.368455],[103.848839,1.368454],[103.848822,1.368434],[103.848675,1.368428],[103.848668,1.368444],[103.848652,1.368443],[103.848646,1.368427],[103.848609,1.368426],[103.84861,1.36836],[103.848624,1.368361],[103.848625,1.368316],[103.848638,1.368317],[103.848639,1.368293],[103.848698,1.368294],[103.848698,1.368275],[103.848725,1.368275],[103.848724,1.368318],[103.848745,1.368319],[103.848746,1.368276],[103.848773,1.368276],[103.848772,1.368295],[103.848805,1.368296],[103.848806,1.368277],[103.848833,1.368277],[103.848832,1.36832],[103.84888,1.368321],[103.84888,1.368278],[103.848907,1.368279],[103.848907,1.368298],[103.84894,1.368299],[103.848941,1.36828],[103.848968,1.36828],[103.848967,1.368323],[103.848987,1.368324],[103.848988,1.368281],[103.849015,1.368281],[103.849015,1.3683],[103.849048,1.368301],[103.849048,1.368282],[103.849075,1.368282],[103.849074,1.368325],[103.849122,1.368326],[103.849123,1.368283],[103.84915,1.368284],[103.849149,1.368303],[103.849183,1.368304],[103.849183,1.368285],[103.84921,1.368285],[103.849209,1.368328],[103.849232,1.368329],[103.849233,1.368286],[103.84926,1.368286],[103.849259,1.368305],[103.849293,1.368306],[103.849293,1.368287],[103.84932,1.368287],[103.849319,1.36833],[103.84934,1.368331],[103.849341,1.368288],[103.849368,1.368288],[103.849367,1.368307],[103.8494,1.368308],[103.849401,1.368289],[103.849428,1.36829],[103.849427,1.368333],[103.849474,1.368334],[103.849475,1.368291],[103.849502,1.368291],[103.849502,1.36831],[103.849535,1.368311],[103.849536,1.368292],[103.849562,1.368292],[103.849562,1.368335],[103.849582,1.368336],[103.849583,1.368293],[103.84961,1.368293],[103.84961,1.368312],[103.849669,1.368314],[103.849668,1.368337],[103.849682,1.368338],[103.849681,1.368382],[103.849694,1.368382]]]}},{"type":"Feature","properties":{"block_id":"4564","blk_no":"344","postal_code":"560344","region_id":"NER","region":"NORTH-EAST REGION","planning_area_id":"AM","planning_area":"ANG MO KIO","subzone_id":"AMSZ04","subzone":"TOWNSVILLE","lon":103.8493,"lat":1.368,"property_match":"MATCHED","property_match_confidence":"HIGH","street":"ANG MO KIO AVE 3","residential":"Y","year_completed":1977,"building_age_2026":49,"max_floor_lvl":12,"total_dwelling_units":176,"small_flat_share_pct":0.0,"rental_share_pct":0.0,"footprint_area_m2":2156.4,"estimated_residents_2026":479.4,"estimated_elderly_65plus_2026":136.8,"estimated_elderly_share_pct":28.54,"elderly_exposure_score":95.9,"elderly_exposure_class":"VERY HIGH","estimate_confidence":"HIGH","display_name":"Block 344"},"geometry":{"type":"Polygon","coordinates":[[[103.84913,1.367861],[103.849246,1.367863],[103.849245,1.367914],[103.849919,1.367928],[103.849916,1.368046],[103.849876,1.368045],[103.849875,1.368068],[103.849791,1.368067],[103.849791,1.368043],[103.849714,1.368042],[103.849714,1.368065],[103.849629,1.368063],[103.84963,1.36804],[103.849552,1.368039],[103.849552,1.368062],[103.849467,1.36806],[103.849468,1.368037],[103.849391,1.368035],[103.84939,1.368058],[103.849306,1.368057],[103.849306,1.368034],[103.849227,1.368032],[103.849226,1.368055],[103.849142,1.368053],[103.849143,1.36803],[103.849065,1.368029],[103.849065,1.368052],[103.84898,1.36805],[103.848981,1.368027],[103.848904,1.368026],[103.848903,1.368049],[103.848819,1.368047],[103.848819,1.368024],[103.848742,1.368022],[103.848741,1.368045],[103.848657,1.368044],[103.848657,1.368021],[103.848617,1.36802],[103.848619,1.367901],[103.849129,1.367912],[103.84913,1.367861]]]}},{"type":"Feature","properties":{"block_id":"5842","blk_no":"345","postal_code":"560345","region_id":"NER","region":"NORTH-EAST REGION","planning_area_id":"AM","planning_area":"ANG MO KIO","subzone_id":"AMSZ04","subzone":"TOWNSVILLE","lon":103.8497,"lat":1.3675,"property_match":"MATCHED","property_match_confidence":"HIGH","street":"ANG MO KIO AVE 3","residential":"Y","year_completed":1977,"building_age_2026":49,"max_floor_lvl":12,"total_dwelling_units":196,"small_flat_share_pct":87.76,"rental_share_pct":0.0,"footprint_area_m2":1925.4,"estimated_residents_2026":417.9,"estimated_elderly_65plus_2026":140.8,"estimated_elderly_share_pct":33.69,"elderly_exposure_score":96.3,"elderly_exposure_class":"VERY HIGH","estimate_confidence":"HIGH","display_name":"Block 345"},"geometry":{"type":"Polygon","coordinates":[[[103.849111,1.367472],[103.849125,1.367473],[103.849125,1.367428],[103.849139,1.367429],[103.849139,1.367405],[103.849198,1.367406],[103.849199,1.367387],[103.849226,1.367387],[103.849225,1.36743],[103.849245,1.367431],[103.849246,1.367388],[103.849273,1.367388],[103.849273,1.367407],[103.849306,1.367408],[103.849306,1.367389],[103.849333,1.36739],[103.849332,1.367433],[103.84938,1.367434],[103.849381,1.367391],[103.849408,1.367391],[103.849408,1.36741],[103.849441,1.367411],[103.849441,1.367392],[103.849468,1.367393],[103.849467,1.367435],[103.849488,1.367436],[103.849489,1.367393],[103.849516,1.367393],[103.849515,1.367412],[103.849549,1.367413],[103.849549,1.367394],[103.849576,1.367395],[103.849575,1.367438],[103.849623,1.367439],[103.849624,1.367396],[103.84965,1.367396],[103.84965,1.367415],[103.849683,1.367416],[103.849684,1.367397],[103.849711,1.367397],[103.84971,1.36744],[103.849732,1.367441],[103.849733,1.367398],[103.84976,1.367399],[103.84976,1.367417],[103.849793,1.367418],[103.849794,1.367399],[103.84982,1.3674],[103.84982,1.367443],[103.84984,1.367443],[103.849841,1.3674],[103.849868,1.367401],[103.849868,1.36742],[103.849901,1.36742],[103.849901,1.367401],[103.849928,1.367402],[103.849927,1.367445],[103.849975,1.367446],[103.849976,1.367403],[103.850003,1.367404],[103.850002,1.367423],[103.850036,1.367423],[103.850036,1.367404],[103.850063,1.367405],[103.850062,1.367448],[103.850083,1.367448],[103.850084,1.367405],[103.850111,1.367406],[103.85011,1.367425],[103.850169,1.367426],[103.850169,1.36745],[103.850182,1.36745],[103.850181,1.367495],[103.850195,1.367495],[103.850193,1.367561],[103.850156,1.36756],[103.85015,1.367576],[103.850134,1.367576],[103.850128,1.367559],[103.84998,1.36756],[103.849963,1.367579],[103.849934,1.367579],[103.849918,1.367559],[103.849665,1.367553],[103.849664,1.367579],[103.849637,1.367605],[103.849581,1.367604],[103.849555,1.367577],[103.849555,1.367551],[103.849385,1.367548],[103.849368,1.367567],[103.849339,1.367566],[103.849323,1.367546],[103.849175,1.36754],[103.849169,1.367556],[103.849152,1.367555],[103.849147,1.367539],[103.84911,1.367538],[103.849111,1.367472]]]}},{"type":"Feature","properties":{"block_id":"5167","blk_no":"346","postal_code":"560346","region_id":"NER","region":"NORTH-EAST REGION","planning_area_id":"AM","planning_area":"ANG MO KIO","subzone_id":"AMSZ04","subzone":"TOWNSVILLE","lon":103.8497,"lat":1.3671,"property_match":"MATCHED","property_match_confidence":"HIGH","street":"ANG MO KIO AVE 3","residential":"Y","year_completed":1977,"building_age_2026":49,"max_floor_lvl":12,"total_dwelling_units":197,"small_flat_share_pct":88.32,"rental_share_pct":0.0,"footprint_area_m2":1925.4,"estimated_residents_2026":418.9,"estimated_elderly_65plus_2026":141.6,"estimated_elderly_share_pct":33.8,"elderly_exposure_score":96.4,"elderly_exposure_class":"VERY HIGH","estimate_confidence":"HIGH","display_name":"Block 346"},"geometry":{"type":"Polygon","coordinates":[[[103.849396,1.367022],[103.849649,1.367029],[103.849649,1.367004],[103.849677,1.366977],[103.849732,1.366978],[103.849759,1.367006],[103.849759,1.367031],[103.849929,1.367034],[103.849946,1.367015],[103.849974,1.367015],[103.849991,1.367035],[103.850139,1.367041],[103.850145,1.367025],[103.850161,1.367026],[103.850167,1.367042],[103.850204,1.367042],[103.850203,1.367108],[103.85019,1.367108],[103.850189,1.367153],[103.850175,1.367152],[103.850175,1.367176],[103.850116,1.367175],[103.850116,1.367194],[103.850089,1.367194],[103.85009,1.367151],[103.850069,1.36715],[103.850068,1.367193],[103.850041,1.367193],[103.850042,1.367174],[103.850008,1.367173],[103.850008,1.367192],[103.849981,1.367192],[103.849982,1.367149],[103.849934,1.367148],[103.849933,1.367191],[103.849906,1.367191],[103.849907,1.367172],[103.849874,1.367171],[103.849873,1.36719],[103.849846,1.36719],[103.849847,1.367147],[103.849826,1.367146],[103.849826,1.367189],[103.849799,1.367189],[103.849799,1.36717],[103.849766,1.367169],[103.849765,1.367188],[103.849738,1.367188],[103.849739,1.367145],[103.849692,1.367144],[103.849691,1.367187],[103.849664,1.367187],[103.849664,1.367168],[103.849631,1.367167],[103.849631,1.367186],[103.849604,1.367186],[103.849604,1.367143],[103.849582,1.367142],[103.849581,1.367185],[103.849554,1.367185],[103.849554,1.367166],[103.849521,1.367165],[103.849521,1.367184],[103.849494,1.367184],[103.849495,1.367141],[103.849474,1.36714],[103.849473,1.367183],[103.849446,1.367183],[103.849447,1.367164],[103.849413,1.367163],[103.849413,1.367182],[103.849386,1.367182],[103.849387,1.367139],[103.849339,1.367138],[103.849338,1.367181],[103.849311,1.367181],[103.849312,1.367162],[103.849279,1.367161],[103.849278,1.36718],[103.849251,1.36718],[103.849252,1.367137],[103.849231,1.367136],[103.849231,1.367179],[103.849204,1.367179],[103.849204,1.36716],[103.849145,1.367159],[103.849145,1.367135],[103.849132,1.367135],[103.849133,1.36709],[103.849119,1.36709],[103.84912,1.367024],[103.849157,1.367025],[103.849164,1.367009],[103.84918,1.367009],[103.849186,1.367025],[103.849334,1.367024],[103.849351,1.367005],[103.84938,1.367005],[103.849396,1.367022]]]}},{"type":"Feature","properties":{"block_id":"3549","blk_no":"347","postal_code":"560347","region_id":"NER","region":"NORTH-EAST REGION","planning_area_id":"AM","planning_area":"ANG MO KIO","subzone_id":"AMSZ04","subzone":"TOWNSVILLE","lon":103.8486,"lat":1.3672,"property_match":"MATCHED","property_match_confidence":"HIGH","street":"ANG MO KIO AVE 3","residential":"Y","year_completed":1977,"building_age_2026":49,"max_floor_lvl":2,"total_dwelling_units":6,"small_flat_share_pct":100.0,"rental_share_pct":0.0,"footprint_area_m2":1188.3,"estimated_residents_2026":12.3,"estimated_elderly_65plus_2026":4.3,"estimated_elderly_share_pct":34.8,"elderly_exposure_score":0.9,"elderly_exposure_class":"VERY LOW","estimate_confidence":"HIGH","display_name":"Block 347"},"geometry":{"type":"Polygon","coordinates":[[[103.848597,1.366922],[103.848645,1.366923],[103.848633,1.367497],[103.848612,1.367497],[103.848611,1.367522],[103.848633,1.367522],[103.848628,1.367741],[103.848507,1.367739],[103.848524,1.36695],[103.848596,1.366952],[103.848597,1.366922]]]}},{"type":"Feature","properties":{"block_id":"6388","blk_no":"347A","postal_code":"561347","region_id":"NER","region":"NORTH-EAST REGION","planning_area_id":"AM","planning_area":"ANG MO KIO","subzone_id":"AMSZ04","subzone":"TOWNSVILLE","lon":103.8489,"lat":1.3673,"property_match":"MATCHED","property_match_confidence":"HIGH","street":"ANG MO KIO AVE 3","residential":"N","year_completed":1994,"building_age_2026":32,"max_floor_lvl":5,"total_dwelling_units":0,"small_flat_share_pct":null,"rental_share_pct":null,"footprint_area_m2":2306.6,"estimated_residents_2026":0.0,"estimated_elderly_65plus_2026":0.0,"estimated_elderly_share_pct":null,"elderly_exposure_score":null,"elderly_exposure_class":null,"estimate_confidence":"HIGH","display_name":"Block 347A"},"geometry":{"type":"Polygon","coordinates":[[[103.848792,1.366981],[103.849067,1.366987],[103.849054,1.367669],[103.848779,1.367664],[103.848792,1.366981]]]}},{"type":"Feature","properties":{"block_id":"2879","blk_no":"348","postal_code":"560348","region_id":"NER","region":"NORTH-EAST REGION","planning_area_id":"AM","planning_area":"ANG MO KIO","subzone_id":"AMSZ04","subzone":"TOWNSVILLE","lon":103.8479,"lat":1.3662,"property_match":"MATCHED","property_match_confidence":"HIGH","street":"ANG MO KIO AVE 3","residential":"Y","year_completed":1977,"building_age_2026":49,"max_floor_lvl":12,"total_dwelling_units":154,"small_flat_share_pct":78.57,"rental_share_pct":0.0,"footprint_area_m2":1552.3,"estimated_residents_2026":337.4,"estimated_elderly_65plus_2026":111.8,"estimated_elderly_share_pct":33.13,"elderly_exposure_score":91.6,"elderly_exposure_class":"VERY HIGH","estimate_confidence":"HIGH","display_name":"Block 348"},"geometry":{"type":"Polygon","coordinates":[[[103.847554,1.366118],[103.847554,1.366128],[103.847662,1.36613],[103.84767,1.366085],[103.847726,1.366069],[103.847766,1.36609],[103.847771,1.366132],[103.848038,1.366138],[103.848045,1.366098],[103.848085,1.366081],[103.848113,1.3661],[103.848119,1.366139],[103.848256,1.366142],[103.848256,1.366133],[103.848274,1.366131],[103.848289,1.366133],[103.848289,1.366147],[103.848324,1.366147],[103.848323,1.366214],[103.848309,1.366214],[103.848308,1.366258],[103.848295,1.366258],[103.848294,1.366281],[103.848236,1.36628],[103.848236,1.366299],[103.848225,1.366302],[103.848209,1.366299],[103.84821,1.366256],[103.848184,1.366256],[103.848177,1.3663],[103.848156,1.366298],[103.848156,1.366279],[103.848127,1.366278],[103.848126,1.366297],[103.8481,1.366297],[103.848101,1.366254],[103.848051,1.366253],[103.84805,1.366296],[103.848023,1.366295],[103.848024,1.366276],[103.847992,1.366275],[103.847991,1.366294],[103.847975,1.366297],[103.847965,1.366294],[103.847965,1.366251],[103.847943,1.366251],[103.847943,1.366293],[103.847932,1.366296],[103.847916,1.366293],[103.847916,1.366274],[103.847884,1.366273],[103.847883,1.366292],[103.847857,1.366292],[103.847858,1.366249],[103.847836,1.366249],[103.84783,1.366293],[103.847808,1.366291],[103.847809,1.366272],[103.847776,1.366271],[103.847776,1.36629],[103.847749,1.366289],[103.84775,1.366247],[103.847701,1.366246],[103.8477,1.366288],[103.847673,1.366288],[103.847674,1.366269],[103.847642,1.366268],[103.847641,1.366287],[103.847625,1.366289],[103.847615,1.366287],[103.847616,1.366244],[103.847593,1.366244],[103.847592,1.366286],[103.847576,1.366288],[103.847566,1.366286],[103.847566,1.366267],[103.84751,1.366266],[103.847511,1.366242],[103.847497,1.366242],[103.847498,1.366197],[103.847485,1.366197],[103.847486,1.36613],[103.847554,1.366118]]]}},{"type":"Feature","properties":{"block_id":"8752","blk_no":"350","postal_code":"560350","region_id":"NER","region":"NORTH-EAST REGION","planning_area_id":"AM","planning_area":"ANG MO KIO","subzone_id":"AMSZ04","subzone":"TOWNSVILLE","lon":103.85,"lat":1.3638,"property_match":"MATCHED","property_match_confidence":"HIGH","street":"ANG MO KIO ST 32","residential":"Y","year_completed":1999,"building_age_2026":27,"max_floor_lvl":30,"total_dwelling_units":174,"small_flat_share_pct":0.0,"rental_share_pct":0.0,"footprint_area_m2":1169.8,"estimated_residents_2026":507.7,"estimated_elderly_65plus_2026":122.7,"estimated_elderly_share_pct":24.16,"elderly_exposure_score":93.8,"elderly_exposure_class":"VERY HIGH","estimate_confidence":"HIGH","display_name":"Block 350"},"geometry":{"type":"Polygon","coordinates":[[[103.850195,1.363539],[103.850291,1.363478],[103.850341,1.36354],[103.850297,1.363576],[103.850289,1.36358],[103.850277,1.363565],[103.850265,1.363575],[103.850278,1.363591],[103.850261,1.363615],[103.850225,1.363643],[103.850213,1.363628],[103.850201,1.363637],[103.850212,1.363651],[103.850206,1.363658],[103.850116,1.363732],[103.850107,1.363735],[103.850097,1.363722],[103.850085,1.363732],[103.850097,1.363747],[103.850062,1.363776],[103.850049,1.363761],[103.850037,1.36377],[103.850048,1.363784],[103.850043,1.363791],[103.849997,1.363829],[103.849942,1.363866],[103.849931,1.363852],[103.849919,1.363862],[103.849931,1.363877],[103.849915,1.36389],[103.849924,1.363901],[103.849946,1.363883],[103.849965,1.363907],[103.849986,1.363895],[103.85,1.363914],[103.849981,1.36393],[103.849992,1.363943],[103.850008,1.36393],[103.850023,1.363942],[103.850032,1.363935],[103.850021,1.363921],[103.850052,1.363894],[103.85008,1.363911],[103.850078,1.363926],[103.850111,1.363967],[103.850065,1.364005],[103.850055,1.363993],[103.849965,1.364066],[103.849975,1.364078],[103.849929,1.364116],[103.849896,1.364075],[103.84988,1.364073],[103.84987,1.364043],[103.849903,1.364018],[103.849914,1.364031],[103.849924,1.364019],[103.849899,1.363989],[103.849876,1.364007],[103.849851,1.363976],[103.849886,1.363948],[103.849878,1.363938],[103.849899,1.363921],[103.84989,1.36391],[103.849871,1.363925],[103.849856,1.363912],[103.849847,1.363919],[103.849858,1.363933],[103.849853,1.36394],[103.849809,1.363976],[103.849747,1.3639],[103.850195,1.363539]]]}},{"type":"Feature","properties":{"block_id":"4656","blk_no":"351","postal_code":"560351","region_id":"NER","region":"NORTH-EAST REGION","planning_area_id":"AM","planning_area":"ANG MO KIO","subzone_id":"AMSZ04","subzone":"TOWNSVILLE","lon":103.8503,"lat":1.3643,"property_match":"MATCHED","property_match_confidence":"HIGH","street":"ANG MO KIO ST 32","residential":"Y","year_completed":1999,"building_age_2026":27,"max_floor_lvl":30,"total_dwelling_units":116,"small_flat_share_pct":0.0,"rental_share_pct":0.0,"footprint_area_m2":612.5,"estimated_residents_2026":338.4,"estimated_elderly_65plus_2026":81.8,"estimated_elderly_share_pct":24.16,"elderly_exposure_score":76.8,"elderly_exposure_class":"HIGH","estimate_confidence":"HIGH","display_name":"Block 351"},"geometry":{"type":"Polygon","coordinates":[[[103.850197,1.364387],[103.850265,1.364379],[103.850268,1.364396],[103.850279,1.364394],[103.85028,1.364374],[103.8503,1.364371],[103.850298,1.364358],[103.850271,1.364362],[103.850269,1.364349],[103.850223,1.364357],[103.850217,1.364317],[103.850248,1.364312],[103.850242,1.364273],[103.850227,1.364273],[103.85023,1.36429],[103.850189,1.364298],[103.850174,1.36427],[103.850183,1.364257],[103.850175,1.364205],[103.850233,1.364196],[103.850236,1.364211],[103.850329,1.364196],[103.85035,1.364193],[103.850348,1.364177],[103.850406,1.364168],[103.850414,1.36422],[103.850427,1.364229],[103.850421,1.364261],[103.85038,1.364266],[103.850377,1.364249],[103.850365,1.36425],[103.850365,1.36427],[103.850344,1.364273],[103.850348,1.364296],[103.850372,1.364293],[103.850376,1.36432],[103.850326,1.364328],[103.850332,1.364366],[103.850352,1.364363],[103.850355,1.36438],[103.85037,1.36438],[103.850368,1.364363],[103.850435,1.364349],[103.850448,1.364431],[103.850321,1.364463],[103.85021,1.36447],[103.850197,1.364387]]]}},{"type":"Feature","properties":{"block_id":"7422","blk_no":"352","postal_code":"560352","region_id":"NER","region":"NORTH-EAST REGION","planning_area_id":"AM","planning_area":"ANG MO KIO","subzone_id":"AMSZ04","subzone":"TOWNSVILLE","lon":103.8509,"lat":1.3644,"property_match":"MATCHED","property_match_confidence":"HIGH","street":"ANG MO KIO ST 32","residential":"Y","year_completed":1999,"building_age_2026":27,"max_floor_lvl":30,"total_dwelling_units":135,"small_flat_share_pct":0.0,"rental_share_pct":0.0,"footprint_area_m2":746.2,"estimated_residents_2026":386.3,"estimated_elderly_65plus_2026":98.0,"estimated_elderly_share_pct":25.37,"elderly_exposure_score":86.8,"elderly_exposure_class":"VERY HIGH","estimate_confidence":"HIGH","display_name":"Block 352"},"geometry":{"type":"Polygon","coordinates":[[[103.850821,1.364415],[103.850816,1.364388],[103.85084,1.364384],[103.850837,1.364367],[103.850817,1.36437],[103.85081,1.364352],[103.850799,1.364354],[103.850802,1.364371],[103.850761,1.364379],[103.850746,1.364351],[103.850755,1.364338],[103.850746,1.364286],[103.850805,1.364277],[103.850807,1.364292],[103.8509,1.364277],[103.850922,1.364274],[103.850919,1.364258],[103.850978,1.364249],[103.850986,1.364301],[103.850999,1.36431],[103.850993,1.364342],[103.850952,1.364347],[103.850949,1.36433],[103.850934,1.364335],[103.850941,1.364374],[103.850972,1.364369],[103.850978,1.364408],[103.850933,1.364416],[103.850934,1.364428],[103.850908,1.364432],[103.850911,1.364449],[103.850934,1.364446],[103.850937,1.364467],[103.850952,1.364465],[103.850949,1.364446],[103.851013,1.364433],[103.851026,1.364513],[103.850973,1.364522],[103.850975,1.364533],[103.8509,1.36455],[103.85074,1.364571],[103.850738,1.36456],[103.850685,1.364568],[103.850672,1.364488],[103.850728,1.364479],[103.850737,1.36448],[103.85074,1.364499],[103.850755,1.364496],[103.850752,1.364475],[103.850834,1.364457],[103.850843,1.364458],[103.850846,1.364476],[103.850861,1.364474],[103.850857,1.364453],[103.850878,1.36445],[103.850876,1.364438],[103.850848,1.364442],[103.850843,1.364412],[103.850821,1.364415]]]}},{"type":"Feature","properties":{"block_id":"3535","blk_no":"352A","postal_code":"561352","region_id":"NER","region":"NORTH-EAST REGION","planning_area_id":"AM","planning_area":"ANG MO KIO","subzone_id":"AMSZ04","subzone":"TOWNSVILLE","lon":103.8509,"lat":1.3641,"property_match":"MATCHED","property_match_confidence":"HIGH","street":"ANG MO KIO ST 32","residential":"N","year_completed":1999,"building_age_2026":27,"max_floor_lvl":5,"total_dwelling_units":0,"small_flat_share_pct":null,"rental_share_pct":null,"footprint_area_m2":3111.9,"estimated_residents_2026":0.0,"estimated_elderly_65plus_2026":0.0,"estimated_elderly_share_pct":null,"elderly_exposure_score":null,"elderly_exposure_class":null,"estimate_confidence":"HIGH","display_name":"Block 352A"},"geometry":{"type":"Polygon","coordinates":[[[103.851325,1.363891],[103.851372,1.364186],[103.851238,1.364205],[103.851223,1.364214],[103.851225,1.364228],[103.851105,1.364248],[103.851101,1.364227],[103.850542,1.364319],[103.850496,1.364024],[103.851325,1.363891]]]}},{"type":"Feature","properties":{"block_id":"7097","blk_no":"353","postal_code":"560353","region_id":"NER","region":"NORTH-EAST REGION","planning_area_id":"AM","planning_area":"ANG MO KIO","subzone_id":"AMSZ04","subzone":"TOWNSVILLE","lon":103.8516,"lat":1.3641,"property_match":"MATCHED","property_match_confidence":"HIGH","street":"ANG MO KIO ST 32","residential":"Y","year_completed":1999,"building_age_2026":27,"max_floor_lvl":30,"total_dwelling_units":145,"small_flat_share_pct":0.0,"rental_share_pct":0.0,"footprint_area_m2":746.2,"estimated_residents_2026":417.4,"estimated_elderly_65plus_2026":104.3,"estimated_elderly_share_pct":24.99,"elderly_exposure_score":89.4,"elderly_exposure_class":"VERY HIGH","estimate_confidence":"HIGH","display_name":"Block 353"},"geometry":{"type":"Polygon","coordinates":[[[103.851668,1.363902],[103.851726,1.363892],[103.851734,1.363944],[103.851747,1.363953],[103.851741,1.363985],[103.8517,1.36399],[103.851697,1.363973],[103.851682,1.363978],[103.85169,1.364017],[103.85172,1.364012],[103.851726,1.364052],[103.851681,1.364059],[103.851683,1.364071],[103.851656,1.364076],[103.851659,1.364093],[103.851682,1.364089],[103.851685,1.36411],[103.8517,1.364108],[103.851697,1.364089],[103.851706,1.364085],[103.851762,1.364076],[103.851774,1.364157],[103.851721,1.364165],[103.851723,1.364176],[103.851668,1.364191],[103.851488,1.364214],[103.851486,1.364203],[103.851433,1.364211],[103.85142,1.364131],[103.851476,1.364122],[103.851485,1.364123],[103.851488,1.364142],[103.851503,1.36414],[103.8515,1.364118],[103.851582,1.3641],[103.851591,1.364101],[103.851594,1.36412],[103.851609,1.364117],[103.851606,1.364097],[103.851626,1.364093],[103.851624,1.364081],[103.851596,1.364085],[103.851591,1.364055],[103.851569,1.364059],[103.851565,1.364031],[103.851588,1.364027],[103.851586,1.36401],[103.851565,1.364013],[103.851563,1.363997],[103.851547,1.363997],[103.85155,1.364014],[103.851509,1.364022],[103.851494,1.363994],[103.851503,1.363982],[103.851495,1.363929],[103.851553,1.36392],[103.851556,1.363935],[103.851577,1.363932],[103.85167,1.363917],[103.851668,1.363902]]]}},{"type":"Feature","properties":{"block_id":"7164","blk_no":"354","postal_code":"560354","region_id":"NER","region":"NORTH-EAST REGION","planning_area_id":"AM","planning_area":"ANG MO KIO","subzone_id":"AMSZ04","subzone":"TOWNSVILLE","lon":103.852,"lat":1.364,"property_match":"MATCHED","property_match_confidence":"HIGH","street":"ANG MO KIO ST 32","residential":"Y","year_completed":1999,"building_age_2026":27,"max_floor_lvl":30,"total_dwelling_units":145,"small_flat_share_pct":0.0,"rental_share_pct":0.0,"footprint_area_m2":746.1,"estimated_residents_2026":417.4,"estimated_elderly_65plus_2026":104.3,"estimated_elderly_share_pct":24.99,"elderly_exposure_score":89.4,"elderly_exposure_class":"VERY HIGH","estimate_confidence":"HIGH","display_name":"Block 354"},"geometry":{"type":"Polygon","coordinates":[[[103.851953,1.363851],[103.852138,1.363821],[103.85214,1.363832],[103.852193,1.363824],[103.852206,1.363904],[103.85215,1.363913],[103.852141,1.363912],[103.852138,1.363893],[103.852123,1.363896],[103.852126,1.363917],[103.852044,1.363935],[103.852035,1.363934],[103.852032,1.363916],[103.852017,1.363918],[103.85202,1.363939],[103.852,1.363942],[103.852002,1.363954],[103.85203,1.36395],[103.852035,1.36398],[103.852057,1.363977],[103.852061,1.364004],[103.852038,1.364008],[103.85204,1.364025],[103.852061,1.364022],[103.852067,1.36404],[103.852079,1.364038],[103.852076,1.364021],[103.852117,1.364013],[103.852132,1.364041],[103.852123,1.364054],[103.852131,1.364106],[103.852073,1.364115],[103.85207,1.3641],[103.851956,1.364118],[103.851958,1.364134],[103.8519,1.364143],[103.851891,1.364091],[103.851879,1.364082],[103.851885,1.36405],[103.851926,1.364045],[103.851929,1.364062],[103.851943,1.364057],[103.851936,1.364018],[103.851906,1.364023],[103.851899,1.363984],[103.851945,1.363976],[103.851943,1.363964],[103.85197,1.36396],[103.851967,1.363943],[103.851944,1.363946],[103.851941,1.363925],[103.851926,1.363927],[103.851929,1.363946],[103.85192,1.36395],[103.851864,1.363959],[103.851851,1.363879],[103.851953,1.363851]]]}},{"type":"Feature","properties":{"block_id":"5498","blk_no":"354A","postal_code":"561354","region_id":"NER","region":"NORTH-EAST REGION","planning_area_id":"AM","planning_area":"ANG MO KIO","subzone_id":"AMSZ04","subzone":"TOWNSVILLE","lon":103.8518,"lat":1.3644,"property_match":"MATCHED","property_match_confidence":"HIGH","street":"ANG MO KIO ST 32","residential":"N","year_completed":2000,"building_age_2026":26,"max_floor_lvl":1,"total_dwelling_units":0,"small_flat_share_pct":null,"rental_share_pct":null,"footprint_area_m2":207.4,"estimated_residents_2026":0.0,"estimated_elderly_65plus_2026":0.0,"estimated_elderly_share_pct":null,"elderly_exposure_score":null,"elderly_exposure_class":null,"estimate_confidence":"HIGH","display_name":"Block 354A"},"geometry":{"type":"Polygon","coordinates":[[[103.851865,1.36433],[103.851885,1.364458],[103.851757,1.364479],[103.851737,1.36435],[103.851865,1.36433]]]}},{"type":"Feature","properties":{"block_id":"9391","blk_no":"601","postal_code":"560601","region_id":"NER","region":"NORTH-EAST REGION","planning_area_id":"AM","planning_area":"ANG MO KIO","subzone_id":"AMSZ09","subzone":"YIO CHU KANG WEST","lon":103.8352,"lat":1.3811,"property_match":"MATCHED","property_match_confidence":"HIGH","street":"ANG MO KIO AVE 5","residential":"Y","year_completed":1979,"building_age_2026":47,"max_floor_lvl":12,"total_dwelling_units":152,"small_flat_share_pct":84.21,"rental_share_pct":0.0,"footprint_area_m2":1297.8,"estimated_residents_2026":335.0,"estimated_elderly_65plus_2026":100.5,"estimated_elderly_share_pct":29.99,"elderly_exposure_score":87.7,"elderly_exposure_class":"VERY HIGH","estimate_confidence":"HIGH","display_name":"Block 601"},"geometry":{"type":"Polygon","coordinates":[[[103.83527,1.38124],[103.835223,1.381206],[103.835235,1.381189],[103.834737,1.380824],[103.834772,1.380776],[103.834781,1.380782],[103.834804,1.380749],[103.834816,1.380758],[103.834829,1.38074],[103.834846,1.380749],[103.834904,1.380795],[103.834892,1.380812],[103.83491,1.380825],[103.834922,1.380809],[103.83494,1.380818],[103.834997,1.380863],[103.834985,1.38088],[103.835027,1.380911],[103.83504,1.380894],[103.8351,1.380935],[103.835113,1.380948],[103.835101,1.380965],[103.835118,1.380977],[103.83513,1.380961],[103.835149,1.380971],[103.835204,1.381015],[103.835192,1.381032],[103.835211,1.381045],[103.835223,1.381028],[103.83524,1.381038],[103.835297,1.381083],[103.835285,1.381099],[103.835328,1.381131],[103.83534,1.381114],[103.8354,1.381155],[103.835412,1.381167],[103.8354,1.381184],[103.835419,1.381198],[103.835431,1.381181],[103.835492,1.381222],[103.835505,1.381236],[103.835492,1.381254],[103.835504,1.381263],[103.835481,1.381295],[103.835491,1.381302],[103.835456,1.381351],[103.835282,1.381223],[103.83527,1.38124]]]}},{"type":"Feature","properties":{"block_id":"9387","blk_no":"602","postal_code":"560602","region_id":"NER","region":"NORTH-EAST REGION","planning_area_id":"AM","planning_area":"ANG MO KIO","subzone_id":"AMSZ09","subzone":"YIO CHU KANG WEST","lon":103.8353,"lat":1.3807,"property_match":"MATCHED","property_match_confidence":"HIGH","street":"ANG MO KIO AVE 5","residential":"Y","year_completed":1979,"building_age_2026":47,"max_floor_lvl":12,"total_dwelling_units":150,"small_flat_share_pct":82.67,"rental_share_pct":0.0,"footprint_area_m2":1297.8,"estimated_residents_2026":333.3,"estimated_elderly_65plus_2026":99.6,"estimated_elderly_share_pct":29.88,"elderly_exposure_score":87.4,"elderly_exposure_class":"VERY HIGH","estimate_confidence":"HIGH","display_name":"Block 602"},"geometry":{"type":"Polygon","coordinates":[[[103.83523,1.38051],[103.835277,1.380545],[103.835265,1.380561],[103.835763,1.380926],[103.835728,1.380975],[103.835719,1.380968],[103.835696,1.381001],[103.835684,1.380992],[103.835671,1.38101],[103.835654,1.381001],[103.835596,1.380955],[103.835608,1.380939],[103.83559,1.380925],[103.835578,1.380942],[103.83556,1.380932],[103.835503,1.380887],[103.835515,1.38087],[103.835472,1.380839],[103.83546,1.380856],[103.8354,1.380815],[103.835387,1.380802],[103.835399,1.380785],[103.835382,1.380773],[103.83537,1.380789],[103.835351,1.380779],[103.835296,1.380735],[103.835308,1.380719],[103.835289,1.380705],[103.835277,1.380722],[103.835217,1.380681],[103.835203,1.380667],[103.835215,1.380651],[103.835172,1.380619],[103.83516,1.380636],[103.8351,1.380596],[103.835088,1.380583],[103.8351,1.380566],[103.835081,1.380552],[103.835069,1.380569],[103.835008,1.380528],[103.834995,1.380515],[103.835008,1.380497],[103.834995,1.380488],[103.835019,1.380455],[103.835009,1.380448],[103.835044,1.380399],[103.835218,1.380527],[103.83523,1.38051]]]}},{"type":"Feature","properties":{"block_id":"8110","blk_no":"603","postal_code":"560603","region_id":"NER","region":"NORTH-EAST REGION","planning_area_id":"AM","planning_area":"ANG MO KIO","subzone_id":"AMSZ09","subzone":"YIO CHU KANG WEST","lon":103.8357,"lat":1.3802,"property_match":"MATCHED","property_match_confidence":"HIGH","street":"ANG MO KIO AVE 5","residential":"Y","year_completed":1979,"building_age_2026":47,"max_floor_lvl":12,"total_dwelling_units":140,"small_flat_share_pct":82.86,"rental_share_pct":0.0,"footprint_area_m2":1370.1,"estimated_residents_2026":311.1,"estimated_elderly_65plus_2026":93.0,"estimated_elderly_share_pct":29.89,"elderly_exposure_score":84.3,"elderly_exposure_class":"VERY HIGH","estimate_confidence":"HIGH","display_name":"Block 603"},"geometry":{"type":"Polygon","coordinates":[[[103.835385,1.379927],[103.835396,1.379936],[103.835423,1.379904],[103.835434,1.379912],[103.835451,1.379893],[103.835463,1.379899],[103.835519,1.379945],[103.835505,1.379963],[103.835523,1.379978],[103.835538,1.379958],[103.835555,1.379965],[103.835612,1.380014],[103.835598,1.380031],[103.835639,1.380064],[103.835653,1.380045],[103.83567,1.380054],[103.835726,1.3801],[103.835714,1.380118],[103.835732,1.380132],[103.835746,1.380113],[103.835808,1.380154],[103.835817,1.380168],[103.835804,1.380186],[103.835822,1.380201],[103.835837,1.380182],[103.835854,1.38019],[103.83591,1.380235],[103.835897,1.380255],[103.835905,1.380261],[103.835921,1.380239],[103.836148,1.38041],[103.836081,1.380506],[103.836066,1.380504],[103.835893,1.380376],[103.835881,1.380395],[103.835832,1.38036],[103.835844,1.380342],[103.835347,1.379974],[103.835385,1.379927]]]}},{"type":"Feature","properties":{"block_id":"11875","blk_no":"604","postal_code":"560604","region_id":"NER","region":"NORTH-EAST REGION","planning_area_id":"AM","planning_area":"ANG MO KIO","subzone_id":"AMSZ09","subzone":"YIO CHU KANG WEST","lon":103.836,"lat":1.3799,"property_match":"MATCHED","property_match_confidence":"HIGH","street":"ANG MO KIO AVE 5","residential":"Y","year_completed":1979,"building_age_2026":47,"max_floor_lvl":12,"total_dwelling_units":151,"small_flat_share_pct":83.44,"rental_share_pct":0.0,"footprint_area_m2":1295.2,"estimated_residents_2026":334.2,"estimated_elderly_65plus_2026":100.0,"estimated_elderly_share_pct":29.94,"elderly_exposure_score":87.5,"elderly_exposure_class":"VERY HIGH","estimate_confidence":"HIGH","display_name":"Block 604"},"geometry":{"type":"Polygon","coordinates":[[[103.835874,1.379719],[103.836373,1.380085],[103.836343,1.380129],[103.83633,1.380125],[103.836305,1.380159],[103.836294,1.380151],[103.83628,1.380171],[103.836205,1.380116],[103.836219,1.380096],[103.836201,1.380082],[103.836187,1.380102],[103.836112,1.380047],[103.836126,1.380028],[103.836084,1.379997],[103.83607,1.380016],[103.835995,1.379962],[103.836008,1.379944],[103.83599,1.37993],[103.835977,1.379948],[103.835902,1.379894],[103.835916,1.379874],[103.835897,1.37986],[103.835883,1.379879],[103.83581,1.379825],[103.835823,1.379806],[103.835781,1.379775],[103.835767,1.379795],[103.835693,1.379741],[103.835707,1.379721],[103.835688,1.379707],[103.835674,1.379727],[103.8356,1.379672],[103.835613,1.379655],[103.835602,1.379647],[103.835627,1.379612],[103.835619,1.379599],[103.835652,1.379557],[103.835826,1.379684],[103.835837,1.379668],[103.835885,1.379703],[103.835874,1.379719]]]}},{"type":"Feature","properties":{"block_id":"3936","blk_no":"605","postal_code":"560605","region_id":"NER","region":"NORTH-EAST REGION","planning_area_id":"AM","planning_area":"ANG MO KIO","subzone_id":"AMSZ09","subzone":"YIO CHU KANG WEST","lon":103.8365,"lat":1.3797,"property_match":"MATCHED","property_match_confidence":"HIGH","street":"ANG MO KIO AVE 5","residential":"Y","year_completed":1979,"building_age_2026":47,"max_floor_lvl":12,"total_dwelling_units":130,"small_flat_share_pct":81.54,"rental_share_pct":0.0,"footprint_area_m2":1146.8,"estimated_residents_2026":288.8,"estimated_elderly_65plus_2026":86.2,"estimated_elderly_share_pct":29.85,"elderly_exposure_score":80.1,"elderly_exposure_class":"VERY HIGH","estimate_confidence":"HIGH","display_name":"Block 605"},"geometry":{"type":"Polygon","coordinates":[[[103.836735,1.379772],[103.836817,1.379837],[103.836807,1.379852],[103.836819,1.379859],[103.836768,1.379949],[103.836604,1.379825],[103.83659,1.379841],[103.836535,1.379802],[103.836545,1.379789],[103.836138,1.379488],[103.836175,1.379438],[103.836188,1.379448],[103.836213,1.379415],[103.836224,1.379423],[103.836238,1.379404],[103.836311,1.379458],[103.836297,1.379478],[103.836338,1.379508],[103.836351,1.37949],[103.836367,1.379498],[103.836422,1.379542],[103.836409,1.37956],[103.836428,1.379573],[103.836441,1.379554],[103.836459,1.379563],[103.8365,1.379594],[103.83651,1.37961],[103.8365,1.379624],[103.836519,1.379639],[103.836532,1.379621],[103.83655,1.379632],[103.836603,1.379677],[103.836591,1.379694],[103.836633,1.379725],[103.836648,1.379705],[103.836716,1.37976],[103.836704,1.379777],[103.836721,1.37979],[103.836735,1.379772]]]}},{"type":"Feature","properties":{"block_id":"8219","blk_no":"606","postal_code":"560606","region_id":"NER","region":"NORTH-EAST REGION","planning_area_id":"AM","planning_area":"ANG MO KIO","subzone_id":"AMSZ09","subzone":"YIO CHU KANG WEST","lon":103.8367,"lat":1.3793,"property_match":"MATCHED","property_match_confidence":"HIGH","street":"ANG MO KIO AVE 5","residential":"Y","year_completed":1979,"building_age_2026":47,"max_floor_lvl":12,"total_dwelling_units":131,"small_flat_share_pct":82.44,"rental_share_pct":0.0,"footprint_area_m2":1176.7,"estimated_residents_2026":289.7,"estimated_elderly_65plus_2026":86.7,"estimated_elderly_share_pct":29.92,"elderly_exposure_score":80.4,"elderly_exposure_class":"VERY HIGH","estimate_confidence":"HIGH","display_name":"Block 606"},"geometry":{"type":"Polygon","coordinates":[[[103.836688,1.379375],[103.836616,1.379322],[103.836629,1.379304],[103.836587,1.379273],[103.836573,1.379292],[103.836556,1.379283],[103.836499,1.379237],[103.836513,1.379218],[103.836495,1.379205],[103.836481,1.379224],[103.836406,1.379169],[103.836421,1.379149],[103.83641,1.379141],[103.836434,1.379108],[103.836425,1.379101],[103.836462,1.379049],[103.836636,1.379179],[103.836648,1.379162],[103.836694,1.379196],[103.836682,1.379213],[103.837089,1.379513],[103.837053,1.37956],[103.837043,1.379552],[103.837017,1.379588],[103.837005,1.37958],[103.836991,1.379599],[103.836931,1.379558],[103.836919,1.379545],[103.836931,1.379527],[103.836889,1.379496],[103.836875,1.379514],[103.836858,1.379505],[103.836803,1.379459],[103.836814,1.379444],[103.836799,1.379433],[103.836787,1.37945],[103.836727,1.379407],[103.836706,1.379387],[103.836719,1.37937],[103.836701,1.379357],[103.836688,1.379375]]]}},{"type":"Feature","properties":{"block_id":"8299","blk_no":"607","postal_code":"560607","region_id":"NER","region":"NORTH-EAST REGION","planning_area_id":"AM","planning_area":"ANG MO KIO","subzone_id":"AMSZ09","subzone":"YIO CHU KANG WEST","lon":103.8388,"lat":1.3805,"property_match":"MATCHED","property_match_confidence":"HIGH","street":"ANG MO KIO AVE 4","residential":"Y","year_completed":1979,"building_age_2026":47,"max_floor_lvl":13,"total_dwelling_units":188,"small_flat_share_pct":85.11,"rental_share_pct":0.0,"footprint_area_m2":1569.0,"estimated_residents_2026":414.3,"estimated_elderly_65plus_2026":124.4,"estimated_elderly_share_pct":30.02,"elderly_exposure_score":94.1,"elderly_exposure_class":"VERY HIGH","estimate_confidence":"HIGH","display_name":"Block 607"},"geometry":{"type":"Polygon","coordinates":[[[103.838392,1.380194],[103.838405,1.380201],[103.838441,1.380145],[103.83852,1.380181],[103.83851,1.380204],[103.83853,1.380212],[103.838539,1.380189],[103.838616,1.380226],[103.83861,1.380273],[103.838635,1.380282],[103.838628,1.380297],[103.838637,1.380302],[103.838645,1.380286],[103.838723,1.380319],[103.838714,1.380339],[103.838734,1.380348],[103.838742,1.380328],[103.838819,1.380361],[103.838811,1.380382],[103.838824,1.380389],[103.838806,1.380435],[103.838859,1.380459],[103.838868,1.380438],[103.838945,1.380473],[103.838936,1.380495],[103.838957,1.380503],[103.838967,1.38048],[103.839043,1.380516],[103.839038,1.380562],[103.839063,1.380573],[103.839056,1.38059],[103.839066,1.380594],[103.839074,1.380577],[103.839151,1.380612],[103.839142,1.380632],[103.839163,1.380641],[103.839172,1.38062],[103.839249,1.380653],[103.839239,1.380679],[103.839251,1.380684],[103.839237,1.38072],[103.839249,1.380725],[103.839222,1.380789],[103.838983,1.380686],[103.839003,1.380639],[103.838748,1.380528],[103.838779,1.380489],[103.838555,1.380392],[103.838573,1.380348],[103.83836,1.38026],[103.838392,1.380194]]]}},{"type":"Feature","properties":{"block_id":"2840","blk_no":"608","postal_code":"560608","region_id":"NER","region":"NORTH-EAST REGION","planning_area_id":"AM","planning_area":"ANG MO KIO","subzone_id":"AMSZ09","subzone":"YIO CHU KANG WEST","lon":103.8369,"lat":1.3787,"property_match":"MATCHED","property_match_confidence":"HIGH","street":"ANG MO KIO AVE 5","residential":"Y","year_completed":1979,"building_age_2026":47,"max_floor_lvl":12,"total_dwelling_units":122,"small_flat_share_pct":81.97,"rental_share_pct":0.0,"footprint_area_m2":1201.0,"estimated_residents_2026":270.8,"estimated_elderly_65plus_2026":80.9,"estimated_elderly_share_pct":29.87,"elderly_exposure_score":76.2,"elderly_exposure_class":"HIGH","estimate_confidence":"HIGH","display_name":"Block 608"},"geometry":{"type":"Polygon","coordinates":[[[103.836929,1.378755],[103.83691,1.378741],[103.836896,1.378759],[103.836876,1.378748],[103.836821,1.378705],[103.83683,1.378693],[103.836821,1.378686],[103.836812,1.378698],[103.836583,1.378528],[103.836651,1.378435],[103.836663,1.378443],[103.836668,1.378436],[103.836842,1.378565],[103.836855,1.378547],[103.836902,1.378582],[103.836889,1.378598],[103.837293,1.378899],[103.837257,1.378951],[103.837245,1.378942],[103.837223,1.378972],[103.837213,1.378965],[103.8372,1.378984],[103.837139,1.378943],[103.837127,1.378929],[103.83714,1.378912],[103.8371,1.378882],[103.837087,1.378899],[103.837027,1.378861],[103.837016,1.378847],[103.837029,1.378829],[103.837008,1.378813],[103.836994,1.378833],[103.836935,1.378792],[103.836916,1.378773],[103.836929,1.378755]]]}},{"type":"Feature","properties":{"block_id":"12435","blk_no":"609","postal_code":"560609","region_id":"NER","region":"NORTH-EAST REGION","planning_area_id":"AM","planning_area":"ANG MO KIO","subzone_id":"AMSZ09","subzone":"YIO CHU KANG WEST","lon":103.8381,"lat":1.3793,"property_match":"MATCHED","property_match_confidence":"HIGH","street":"ANG MO KIO AVE 4","residential":"Y","year_completed":1979,"building_age_2026":47,"max_floor_lvl":11,"total_dwelling_units":120,"small_flat_share_pct":0.0,"rental_share_pct":0.0,"footprint_area_m2":1880.0,"estimated_residents_2026":350.2,"estimated_elderly_65plus_2026":91.5,"estimated_elderly_share_pct":26.14,"elderly_exposure_score":83.4,"elderly_exposure_class":"VERY HIGH","estimate_confidence":"HIGH","display_name":"Block 609"},"geometry":{"type":"Polygon","coordinates":[[[103.837341,1.37913],[103.837782,1.379179],[103.837785,1.379153],[103.837841,1.379159],[103.837838,1.379185],[103.83824,1.379229],[103.838243,1.379202],[103.838299,1.379208],[103.838296,1.379235],[103.838725,1.379279],[103.838719,1.379331],[103.838746,1.379334],[103.838743,1.379371],[103.83872,1.379372],[103.838718,1.379391],[103.838652,1.379384],[103.838654,1.379363],[103.83864,1.379361],[103.838638,1.379383],[103.838572,1.379376],[103.838574,1.379354],[103.83856,1.379353],[103.838558,1.379374],[103.838491,1.379367],[103.838493,1.379346],[103.838479,1.379344],[103.838477,1.379365],[103.838411,1.379358],[103.838413,1.379337],[103.838399,1.379336],[103.838397,1.379357],[103.83833,1.379349],[103.838333,1.379328],[103.838319,1.379327],[103.838316,1.379348],[103.838278,1.379344],[103.838281,1.379323],[103.838237,1.379318],[103.838235,1.379339],[103.838197,1.379335],[103.838199,1.379314],[103.838185,1.379312],[103.838183,1.379334],[103.838116,1.379326],[103.838118,1.379305],[103.838104,1.379304],[103.838102,1.379325],[103.838036,1.379318],[103.838038,1.379297],[103.838024,1.379295],[103.838022,1.379316],[103.837955,1.379309],[103.837957,1.379288],[103.837943,1.379287],[103.837941,1.379308],[103.837874,1.379301],[103.837877,1.37928],[103.837863,1.379278],[103.837861,1.379299],[103.837823,1.379295],[103.837825,1.379274],[103.837779,1.379269],[103.837777,1.37929],[103.837739,1.379286],[103.837741,1.379265],[103.837727,1.379263],[103.837725,1.379285],[103.837658,1.379278],[103.83766,1.379256],[103.837646,1.379255],[103.837644,1.379276],[103.837578,1.379269],[103.83758,1.379248],[103.837566,1.379246],[103.837564,1.379267],[103.837497,1.37926],[103.837499,1.379239],[103.837486,1.379238],[103.837483,1.379259],[103.837417,1.379252],[103.837419,1.379231],[103.837405,1.379229],[103.837403,1.37925],[103.837336,1.379243],[103.837338,1.379225],[103.837316,1.379218],[103.837321,1.379181],[103.837335,1.379183],[103.837341,1.37913]]]}},{"type":"Feature","properties":{"block_id":"3079","blk_no":"610","postal_code":"560610","region_id":"NER","region":"NORTH-EAST REGION","planning_area_id":"AM","planning_area":"ANG MO KIO","subzone_id":"AMSZ09","subzone":"YIO CHU KANG WEST","lon":103.8394,"lat":1.3798,"property_match":"MATCHED","property_match_confidence":"HIGH","street":"ANG MO KIO AVE 4","residential":"Y","year_completed":1980,"building_age_2026":46,"max_floor_lvl":11,"total_dwelling_units":258,"small_flat_share_pct":75.97,"rental_share_pct":0.0,"footprint_area_m2":2752.4,"estimated_residents_2026":580.6,"estimated_elderly_65plus_2026":171.8,"estimated_elderly_share_pct":29.59,"elderly_exposure_score":98.5,"elderly_exposure_class":"VERY HIGH","estimate_confidence":"HIGH","display_name":"Block 610"},"geometry":{"type":"Polygon","coordinates":[[[103.839309,1.379953],[103.839331,1.379955],[103.839333,1.379932],[103.839312,1.379931],[103.839318,1.379846],[103.839342,1.379849],[103.839345,1.379822],[103.839322,1.37982],[103.839332,1.379737],[103.839355,1.37974],[103.839361,1.37969],[103.839336,1.379687],[103.839346,1.379604],[103.839368,1.379607],[103.839371,1.379585],[103.839348,1.379582],[103.839357,1.379509],[103.839382,1.379499],[103.839351,1.379457],[103.839335,1.379485],[103.839263,1.379474],[103.839265,1.379454],[103.839245,1.379451],[103.839243,1.379475],[103.839049,1.379451],[103.839052,1.37943],[103.839004,1.379424],[103.839001,1.379446],[103.838915,1.379436],[103.838918,1.37941],[103.838906,1.379409],[103.83891,1.379372],[103.838897,1.379371],[103.838906,1.379295],[103.839404,1.379353],[103.839433,1.379396],[103.839499,1.379402],[103.839493,1.379551],[103.839428,1.380097],[103.839389,1.380124],[103.839381,1.380188],[103.839234,1.380181],[103.838815,1.380129],[103.838824,1.380063],[103.838835,1.380063],[103.838839,1.380026],[103.838852,1.380027],[103.838856,1.38],[103.838939,1.380011],[103.838937,1.380034],[103.838987,1.380041],[103.83899,1.380018],[103.839074,1.380027],[103.83907,1.38005],[103.839092,1.380052],[103.839095,1.380029],[103.839179,1.380039],[103.839176,1.380063],[103.839198,1.380064],[103.839201,1.380041],[103.839274,1.380048],[103.839283,1.380074],[103.839326,1.38004],[103.8393,1.380024],[103.839309,1.379953]]]}},{"type":"Feature","properties":{"block_id":"8975","blk_no":"611","postal_code":"560611","region_id":"NER","region":"NORTH-EAST REGION","planning_area_id":"AM","planning_area":"ANG MO KIO","subzone_id":"AMSZ09","subzone":"YIO CHU KANG WEST","lon":103.8372,"lat":1.3783,"property_match":"MATCHED","property_match_confidence":"HIGH","street":"ANG MO KIO AVE 5","residential":"Y","year_completed":1979,"building_age_2026":47,"max_floor_lvl":13,"total_dwelling_units":142,"small_flat_share_pct":81.69,"rental_share_pct":0.0,"footprint_area_m2":1116.6,"estimated_residents_2026":315.2,"estimated_elderly_65plus_2026":94.1,"estimated_elderly_share_pct":29.86,"elderly_exposure_score":84.9,"elderly_exposure_class":"VERY HIGH","estimate_confidence":"HIGH","display_name":"Block 611"},"geometry":{"type":"Polygon","coordinates":[[[103.837205,1.378338],[103.837133,1.378284],[103.837145,1.378268],[103.837102,1.378235],[103.837089,1.378252],[103.837019,1.378202],[103.837033,1.378184],[103.837012,1.378168],[103.836997,1.378187],[103.836926,1.378133],[103.836939,1.378114],[103.836927,1.378106],[103.83695,1.378075],[103.83694,1.378067],[103.836976,1.378018],[103.837148,1.378145],[103.837163,1.378124],[103.837213,1.378162],[103.837199,1.378181],[103.837602,1.37848],[103.837567,1.378527],[103.837553,1.378517],[103.837529,1.378549],[103.837518,1.378542],[103.837506,1.378558],[103.837447,1.378519],[103.837433,1.378504],[103.837445,1.378488],[103.837404,1.378458],[103.837393,1.378474],[103.837372,1.378464],[103.837317,1.378421],[103.837327,1.378406],[103.837308,1.378392],[103.837297,1.378406],[103.837239,1.378366],[103.837225,1.378353],[103.837238,1.378336],[103.837217,1.378321],[103.837205,1.378338]]]}},{"type":"Feature","properties":{"block_id":"12486","blk_no":"612","postal_code":"560612","region_id":"NER","region":"NORTH-EAST REGION","planning_area_id":"AM","planning_area":"ANG MO KIO","subzone_id":"AMSZ09","subzone":"YIO CHU KANG WEST","lon":103.8381,"lat":1.3788,"property_match":"MATCHED","property_match_confidence":"HIGH","street":"ANG MO KIO AVE 4","residential":"Y","year_completed":1979,"building_age_2026":47,"max_floor_lvl":11,"total_dwelling_units":240,"small_flat_share_pct":0.0,"rental_share_pct":0.0,"footprint_area_m2":3136.7,"estimated_residents_2026":649.4,"estimated_elderly_65plus_2026":172.0,"estimated_elderly_share_pct":26.48,"elderly_exposure_score":98.5,"elderly_exposure_class":"VERY HIGH","estimate_confidence":"HIGH","display_name":"Block 612"},"geometry":{"type":"Polygon","coordinates":[[[103.837662,1.37862],[103.837707,1.378558],[103.838033,1.378792],[103.83815,1.378806],[103.838156,1.378756],[103.838224,1.378764],[103.83822,1.378802],[103.839108,1.378909],[103.839113,1.378866],[103.839125,1.378858],[103.839174,1.378863],[103.839183,1.378874],[103.839179,1.378915],[103.839548,1.378954],[103.83954,1.379031],[103.839521,1.379028],[103.839517,1.379065],[103.839505,1.379064],[103.839502,1.379086],[103.839487,1.379088],[103.839418,1.379076],[103.839421,1.379054],[103.839347,1.379045],[103.839344,1.37907],[103.839328,1.379071],[103.839261,1.379059],[103.839263,1.379037],[103.839186,1.379028],[103.839183,1.379053],[103.839168,1.379055],[103.839098,1.379044],[103.839101,1.379019],[103.839026,1.37901],[103.839023,1.379036],[103.83901,1.379038],[103.838951,1.379031],[103.838939,1.379024],[103.838941,1.379004],[103.838862,1.378994],[103.838859,1.379022],[103.838775,1.379008],[103.838778,1.378986],[103.838701,1.378976],[103.838698,1.379],[103.838683,1.379002],[103.838626,1.378995],[103.838617,1.37897],[103.838537,1.37896],[103.838535,1.378983],[103.838517,1.378984],[103.838452,1.378973],[103.838454,1.378953],[103.838376,1.378944],[103.838373,1.378966],[103.838358,1.378967],[103.838289,1.378956],[103.838292,1.378934],[103.838216,1.378924],[103.838213,1.378951],[103.838197,1.378951],[103.838131,1.378941],[103.838134,1.378919],[103.83804,1.378908],[103.838035,1.378924],[103.838008,1.378919],[103.837924,1.378882],[103.837935,1.378867],[103.837871,1.37882],[103.837858,1.378838],[103.837844,1.378833],[103.837789,1.37879],[103.837805,1.378769],[103.837741,1.378721],[103.837725,1.378743],[103.837669,1.378704],[103.837657,1.378693],[103.837672,1.378673],[103.837661,1.378664],[103.837682,1.378635],[103.837662,1.37862]]]}},{"type":"Feature","properties":{"block_id":"4117","blk_no":"613","postal_code":"560613","region_id":"NER","region":"NORTH-EAST REGION","planning_area_id":"AM","planning_area":"ANG MO KIO","subzone_id":"AMSZ09","subzone":"YIO CHU KANG WEST","lon":103.8395,"lat":1.3786,"property_match":"MATCHED","property_match_confidence":"HIGH","street":"ANG MO KIO AVE 4","residential":"Y","year_completed":1995,"building_age_2026":31,"max_floor_lvl":13,"total_dwelling_units":52,"small_flat_share_pct":0.0,"rental_share_pct":0.0,"footprint_area_m2":949.2,"estimated_residents_2026":173.9,"estimated_elderly_65plus_2026":44.5,"estimated_elderly_share_pct":25.58,"elderly_exposure_score":34.4,"elderly_exposure_class":"LOW","estimate_confidence":"HIGH","display_name":"Block 613"},"geometry":{"type":"Polygon","coordinates":[[[103.839327,1.378404],[103.839327,1.378415],[103.839351,1.378415],[103.839351,1.378404],[103.839488,1.378404],[103.839487,1.378494],[103.839426,1.378494],[103.839426,1.378516],[103.839557,1.378517],[103.839575,1.378612],[103.839423,1.378611],[103.839423,1.37864],[103.839486,1.37863],[103.839476,1.378736],[103.83934,1.378722],[103.839341,1.37871],[103.839317,1.378708],[103.839316,1.378719],[103.839199,1.378708],[103.839209,1.378602],[103.839367,1.378618],[103.839368,1.37851],[103.839209,1.378509],[103.839209,1.378403],[103.839327,1.378404]]]}},{"type":"Feature","properties":{"block_id":"2494","blk_no":"613A","postal_code":"561613","region_id":"NER","region":"NORTH-EAST REGION","planning_area_id":"AM","planning_area":"ANG MO KIO","subzone_id":"AMSZ09","subzone":"YIO CHU KANG WEST","lon":103.8388,"lat":1.3781,"property_match":"MATCHED","property_match_confidence":"HIGH","street":"ANG MO KIO AVE 4","residential":"N","year_completed":1995,"building_age_2026":31,"max_floor_lvl":5,"total_dwelling_units":0,"small_flat_share_pct":null,"rental_share_pct":null,"footprint_area_m2":2122.3,"estimated_residents_2026":0.0,"estimated_elderly_65plus_2026":0.0,"estimated_elderly_share_pct":null,"elderly_exposure_score":null,"elderly_exposure_class":null,"estimate_confidence":"HIGH","display_name":"Block 613A"},"geometry":{"type":"Polygon","coordinates":[[[103.838689,1.377821],[103.838963,1.377822],[103.838961,1.378464],[103.838687,1.378436],[103.838689,1.377821]]]}},{"type":"Feature","properties":{"block_id":"5745","blk_no":"614","postal_code":"560614","region_id":"NER","region":"NORTH-EAST REGION","planning_area_id":"AM","planning_area":"ANG MO KIO","subzone_id":"AMSZ09","subzone":"YIO CHU KANG WEST","lon":103.8394,"lat":1.3781,"property_match":"MATCHED","property_match_confidence":"HIGH","street":"ANG MO KIO AVE 4","residential":"Y","year_completed":1995,"building_age_2026":31,"max_floor_lvl":13,"total_dwelling_units":52,"small_flat_share_pct":0.0,"rental_share_pct":0.0,"footprint_area_m2":941.1,"estimated_residents_2026":173.9,"estimated_elderly_65plus_2026":44.5,"estimated_elderly_share_pct":25.58,"elderly_exposure_score":34.4,"elderly_exposure_class":"LOW","estimate_confidence":"HIGH","display_name":"Block 614"},"geometry":{"type":"Polygon","coordinates":[[[103.839129,1.378022],[103.839129,1.377916],[103.839247,1.377917],[103.839247,1.377928],[103.839271,1.377928],[103.839271,1.377917],[103.839408,1.377917],[103.839407,1.378007],[103.839346,1.378007],[103.839346,1.378029],[103.839477,1.37803],[103.839495,1.378125],[103.839346,1.378124],[103.839346,1.378146],[103.839407,1.378147],[103.839407,1.378236],[103.83927,1.378236],[103.83927,1.378224],[103.839246,1.378224],[103.839246,1.378236],[103.839128,1.378235],[103.839128,1.378129],[103.839288,1.37813],[103.839288,1.378022],[103.839129,1.378022]]]}},{"type":"Feature","properties":{"block_id":"8914","blk_no":"615","postal_code":"560615","region_id":"NER","region":"NORTH-EAST REGION","planning_area_id":"AM","planning_area":"ANG MO KIO","subzone_id":"AMSZ09","subzone":"YIO CHU KANG WEST","lon":103.8393,"lat":1.3776,"property_match":"MATCHED","property_match_confidence":"HIGH","street":"ANG MO KIO AVE 4","residential":"Y","year_completed":1995,"building_age_2026":31,"max_floor_lvl":13,"total_dwelling_units":60,"small_flat_share_pct":0.0,"rental_share_pct":0.0,"footprint_area_m2":947.9,"estimated_residents_2026":200.7,"estimated_elderly_65plus_2026":51.3,"estimated_elderly_share_pct":25.58,"elderly_exposure_score":43.1,"elderly_exposure_class":"MODERATE","estimate_confidence":"HIGH","display_name":"Block 615"},"geometry":{"type":"Polygon","coordinates":[[[103.83916,1.377411],[103.83916,1.377422],[103.839184,1.377422],[103.839184,1.377411],[103.839256,1.377411],[103.839321,1.377395],[103.83932,1.377501],[103.839259,1.377501],[103.839259,1.377523],[103.83939,1.377524],[103.839408,1.377619],[103.839259,1.377618],[103.839259,1.37764],[103.83932,1.377641],[103.83932,1.37773],[103.839183,1.37773],[103.839183,1.377718],[103.839159,1.377718],[103.839159,1.37773],[103.839041,1.377729],[103.839041,1.377624],[103.8392,1.377624],[103.839201,1.377517],[103.839041,1.377516],[103.839041,1.37741],[103.83916,1.377411]]]}},{"type":"Feature","properties":{"block_id":"2983","blk_no":"616","postal_code":"560616","region_id":"NER","region":"NORTH-EAST REGION","planning_area_id":"AM","planning_area":"ANG MO KIO","subzone_id":"AMSZ09","subzone":"YIO CHU KANG WEST","lon":103.8386,"lat":1.3776,"property_match":"MATCHED","property_match_confidence":"HIGH","street":"ANG MO KIO AVE 4","residential":"Y","year_completed":1995,"building_age_2026":31,"max_floor_lvl":11,"total_dwelling_units":50,"small_flat_share_pct":0.0,"rental_share_pct":0.0,"footprint_area_m2":998.6,"estimated_residents_2026":167.2,"estimated_elderly_65plus_2026":42.8,"estimated_elderly_share_pct":25.58,"elderly_exposure_score":31.9,"elderly_exposure_class":"LOW","estimate_confidence":"HIGH","display_name":"Block 616"},"geometry":{"type":"Polygon","coordinates":[[[103.838514,1.377547],[103.838515,1.377408],[103.838603,1.377408],[103.838603,1.377425],[103.838628,1.377425],[103.838628,1.377409],[103.838888,1.37741],[103.838888,1.377426],[103.838912,1.377426],[103.838912,1.37741],[103.839041,1.37741],[103.839041,1.377509],[103.839019,1.377509],[103.839019,1.377527],[103.838629,1.377525],[103.838619,1.377721],[103.838514,1.37772],[103.838514,1.377602],[103.838525,1.377602],[103.838525,1.377547],[103.838514,1.377547]]]}},{"type":"Feature","properties":{"block_id":"6459","blk_no":"617","postal_code":"560617","region_id":"NER","region":"NORTH-EAST REGION","planning_area_id":"AM","planning_area":"ANG MO KIO","subzone_id":"AMSZ09","subzone":"YIO CHU KANG WEST","lon":103.8379,"lat":1.3776,"property_match":"MATCHED","property_match_confidence":"HIGH","street":"ANG MO KIO AVE 4","residential":"Y","year_completed":1995,"building_age_2026":31,"max_floor_lvl":13,"total_dwelling_units":98,"small_flat_share_pct":0.0,"rental_share_pct":0.0,"footprint_area_m2":1447.7,"estimated_residents_2026":308.6,"estimated_elderly_65plus_2026":79.7,"estimated_elderly_share_pct":25.82,"elderly_exposure_score":75.2,"elderly_exposure_class":"HIGH","estimate_confidence":"HIGH","display_name":"Block 617"},"geometry":{"type":"Polygon","coordinates":[[[103.837892,1.377729],[103.837892,1.377707],[103.83777,1.377714],[103.83777,1.377667],[103.83779,1.377667],[103.83779,1.377651],[103.83777,1.37765],[103.83777,1.377602],[103.837898,1.377611],[103.837898,1.377588],[103.837839,1.377588],[103.83784,1.377453],[103.837878,1.37746],[103.837877,1.377474],[103.837891,1.377474],[103.837891,1.37746],[103.838283,1.377461],[103.838283,1.377475],[103.838296,1.377475],[103.838296,1.377462],[103.838334,1.377455],[103.838334,1.37759],[103.838323,1.37759],[103.838323,1.377614],[103.838333,1.377614],[103.838333,1.377719],[103.838228,1.377719],[103.838228,1.377574],[103.837954,1.377573],[103.837954,1.377708],[103.8381,1.377709],[103.8381,1.377814],[103.837996,1.377814],[103.837996,1.377803],[103.837972,1.377803],[103.837972,1.377814],[103.837846,1.377813],[103.837846,1.377729],[103.837892,1.377729]]]}},{"type":"Feature","properties":{"block_id":"6478","blk_no":"618","postal_code":"560618","region_id":"NER","region":"NORTH-EAST REGION","planning_area_id":"AM","planning_area":"ANG MO KIO","subzone_id":"AMSZ09","subzone":"YIO CHU KANG WEST","lon":103.8383,"lat":1.3781,"property_match":"MATCHED","property_match_confidence":"HIGH","street":"ANG MO KIO AVE 4","residential":"Y","year_completed":1995,"building_age_2026":31,"max_floor_lvl":16,"total_dwelling_units":75,"small_flat_share_pct":0.0,"rental_share_pct":0.0,"footprint_area_m2":862.2,"estimated_residents_2026":250.8,"estimated_elderly_65plus_2026":64.2,"estimated_elderly_share_pct":25.58,"elderly_exposure_score":58.8,"elderly_exposure_class":"MODERATE","estimate_confidence":"HIGH","display_name":"Block 618"},"geometry":{"type":"Polygon","coordinates":[[[103.83827,1.378124],[103.838316,1.378124],[103.838316,1.378102],[103.838194,1.378109],[103.838194,1.378061],[103.838214,1.378062],[103.838214,1.378045],[103.838194,1.378045],[103.838194,1.377997],[103.838322,1.378006],[103.838322,1.377983],[103.83827,1.377983],[103.838271,1.377888],[103.838397,1.377899],[103.838397,1.37791],[103.838421,1.37791],[103.838421,1.377899],[103.838525,1.377888],[103.838525,1.378006],[103.838378,1.378005],[103.838378,1.378103],[103.838524,1.378103],[103.838524,1.378209],[103.83842,1.378209],[103.83842,1.378198],[103.838396,1.378198],[103.838395,1.378209],[103.83827,1.378208],[103.83827,1.378124]]]}},{"type":"Feature","properties":{"block_id":"4743","blk_no":"619","postal_code":"560619","region_id":"NER","region":"NORTH-EAST REGION","planning_area_id":"AM","planning_area":"ANG MO KIO","subzone_id":"AMSZ09","subzone":"YIO CHU KANG WEST","lon":103.8385,"lat":1.3785,"property_match":"MATCHED","property_match_confidence":"HIGH","street":"ANG MO KIO AVE 4","residential":"Y","year_completed":1995,"building_age_2026":31,"max_floor_lvl":11,"total_dwelling_units":80,"small_flat_share_pct":0.0,"rental_share_pct":0.0,"footprint_area_m2":1176.8,"estimated_residents_2026":235.6,"estimated_elderly_65plus_2026":61.5,"estimated_elderly_share_pct":26.1,"elderly_exposure_score":56.2,"elderly_exposure_class":"MODERATE","estimate_confidence":"HIGH","display_name":"Block 619"},"geometry":{"type":"Polygon","coordinates":[[[103.838315,1.378616],[103.838315,1.378599],[103.838302,1.378599],[103.838302,1.378616],[103.838258,1.378615],[103.838268,1.378553],[103.838269,1.378382],[103.838308,1.378377],[103.838374,1.378383],[103.838374,1.378523],[103.838433,1.378529],[103.838435,1.378511],[103.838893,1.378557],[103.838891,1.378575],[103.838916,1.378577],[103.838917,1.378566],[103.83902,1.378577],[103.839022,1.378617],[103.83901,1.378682],[103.838315,1.378616]]]}},{"type":"Feature","properties":{"block_id":"8384","blk_no":"620","postal_code":"560620","region_id":"NER","region":"NORTH-EAST REGION","planning_area_id":"AM","planning_area":"ANG MO KIO","subzone_id":"AMSZ09","subzone":"YIO CHU KANG WEST","lon":103.8395,"lat":1.3824,"property_match":"MATCHED","property_match_confidence":"HIGH","street":"ANG MO KIO AVE 9","residential":"Y","year_completed":1980,"building_age_2026":46,"max_floor_lvl":12,"total_dwelling_units":110,"small_flat_share_pct":0.0,"rental_share_pct":0.0,"footprint_area_m2":1448.1,"estimated_residents_2026":357.7,"estimated_elderly_65plus_2026":91.9,"estimated_elderly_share_pct":25.69,"elderly_exposure_score":83.6,"elderly_exposure_class":"VERY HIGH","estimate_confidence":"HIGH","display_name":"Block 620"},"geometry":{"type":"Polygon","coordinates":[[[103.839052,1.382235],[103.839091,1.382157],[103.839155,1.382184],[103.839168,1.38216],[103.839236,1.382195],[103.839223,1.38222],[103.839336,1.382279],[103.839349,1.382254],[103.839417,1.38229],[103.839404,1.382316],[103.839521,1.382378],[103.839534,1.382353],[103.839628,1.382402],[103.839614,1.382428],[103.839729,1.382488],[103.839742,1.382463],[103.839811,1.382499],[103.839797,1.382526],[103.839913,1.382587],[103.839926,1.382561],[103.839994,1.382596],[103.839981,1.382622],[103.840037,1.382658],[103.839995,1.382736],[103.839943,1.382716],[103.83958,1.382516],[103.839577,1.382522],[103.839542,1.382504],[103.839528,1.382532],[103.839486,1.38251],[103.839501,1.382481],[103.839467,1.382457],[103.839279,1.382365],[103.839283,1.382358],[103.839095,1.382267],[103.839052,1.382235]]]}},{"type":"Feature","properties":{"block_id":"10794","blk_no":"621","postal_code":"560621","region_id":"NER","region":"NORTH-EAST REGION","planning_area_id":"AM","planning_area":"ANG MO KIO","subzone_id":"AMSZ09","subzone":"YIO CHU KANG WEST","lon":103.8407,"lat":1.383,"property_match":"MATCHED","property_match_confidence":"HIGH","street":"ANG MO KIO AVE 9","residential":"Y","year_completed":1979,"building_age_2026":47,"max_floor_lvl":12,"total_dwelling_units":107,"small_flat_share_pct":76.64,"rental_share_pct":0.0,"footprint_area_m2":969.1,"estimated_residents_2026":241.8,"estimated_elderly_65plus_2026":71.5,"estimated_elderly_share_pct":29.58,"elderly_exposure_score":66.8,"elderly_exposure_class":"HIGH","estimate_confidence":"HIGH","display_name":"Block 621"},"geometry":{"type":"Polygon","coordinates":[[[103.840362,1.382937],[103.840394,1.382877],[103.840409,1.382885],[103.840427,1.382851],[103.840439,1.382857],[103.840451,1.382834],[103.840527,1.382874],[103.840518,1.382891],[103.840561,1.382913],[103.84057,1.382896],[103.840644,1.382936],[103.840635,1.382954],[103.840655,1.382965],[103.840665,1.382946],[103.840739,1.382985],[103.84073,1.383002],[103.840773,1.383025],[103.840782,1.383008],[103.840857,1.383047],[103.840847,1.383066],[103.840867,1.383076],[103.840876,1.383057],[103.840954,1.383098],[103.840934,1.383161],[103.840946,1.383168],[103.840915,1.383228],[103.840719,1.383125],[103.84071,1.383144],[103.84067,1.383123],[103.840679,1.383105],[103.840362,1.382937]]]}},{"type":"Feature","properties":{"block_id":"3437","blk_no":"622","postal_code":"560622","region_id":"NER","region":"NORTH-EAST REGION","planning_area_id":"AM","planning_area":"ANG MO KIO","subzone_id":"AMSZ09","subzone":"YIO CHU KANG WEST","lon":103.8397,"lat":1.3821,"property_match":"MATCHED","property_match_confidence":"HIGH","street":"ANG MO KIO AVE 9","residential":"Y","year_completed":1980,"building_age_2026":46,"max_floor_lvl":12,"total_dwelling_units":110,"small_flat_share_pct":0.0,"rental_share_pct":0.0,"footprint_area_m2":1456.8,"estimated_residents_2026":357.7,"estimated_elderly_65plus_2026":91.9,"estimated_elderly_share_pct":25.69,"elderly_exposure_score":83.6,"elderly_exposure_class":"VERY HIGH","estimate_confidence":"HIGH","display_name":"Block 622"},"geometry":{"type":"Polygon","coordinates":[[[103.839248,1.381857],[103.839288,1.381774],[103.839343,1.38179],[103.83971,1.381988],[103.83975,1.382002],[103.839762,1.381977],[103.839803,1.381999],[103.839789,1.382025],[103.839823,1.382049],[103.840011,1.38214],[103.840006,1.382149],[103.840102,1.382198],[103.840106,1.38219],[103.840194,1.382236],[103.84019,1.382243],[103.840241,1.382276],[103.840198,1.382353],[103.840136,1.38232],[103.840124,1.382344],[103.840054,1.382308],[103.840067,1.382284],[103.839952,1.382224],[103.839939,1.382249],[103.839871,1.382213],[103.839883,1.382188],[103.839767,1.382127],[103.839754,1.382151],[103.83966,1.382101],[103.839672,1.382077],[103.83956,1.382018],[103.839547,1.382043],[103.839477,1.382006],[103.83949,1.381981],[103.839377,1.381921],[103.839364,1.381946],[103.839294,1.381909],[103.839305,1.381887],[103.839248,1.381857]]]}},{"type":"Feature","properties":{"block_id":"10795","blk_no":"623","postal_code":"560623","region_id":"NER","region":"NORTH-EAST REGION","planning_area_id":"AM","planning_area":"ANG MO KIO","subzone_id":"AMSZ09","subzone":"YIO CHU KANG WEST","lon":103.8409,"lat":1.3827,"property_match":"MATCHED","property_match_confidence":"HIGH","street":"ANG MO KIO AVE 9","residential":"Y","year_completed":1979,"building_age_2026":47,"max_floor_lvl":12,"total_dwelling_units":108,"small_flat_share_pct":77.78,"rental_share_pct":0.0,"footprint_area_m2":971.8,"estimated_residents_2026":242.6,"estimated_elderly_65plus_2026":71.9,"estimated_elderly_share_pct":29.66,"elderly_exposure_score":67.2,"elderly_exposure_class":"HIGH","estimate_confidence":"HIGH","display_name":"Block 623"},"geometry":{"type":"Polygon","coordinates":[[[103.841119,1.3828],[103.841101,1.382835],[103.841089,1.382829],[103.841077,1.38285],[103.841003,1.382811],[103.841014,1.38279],[103.840968,1.382766],[103.840957,1.382787],[103.840883,1.382748],[103.840894,1.382726],[103.840871,1.382714],[103.840861,1.382734],[103.840784,1.382694],[103.840795,1.382673],[103.840751,1.38265],[103.84074,1.38267],[103.840668,1.382632],[103.840679,1.382612],[103.840656,1.3826],[103.840646,1.38262],[103.840574,1.382582],[103.840587,1.382558],[103.840575,1.382552],[103.840593,1.382518],[103.840582,1.382512],[103.840615,1.382451],[103.840811,1.382556],[103.840823,1.382535],[103.840862,1.382555],[103.84085,1.382577],[103.841165,1.382747],[103.841133,1.382807],[103.841119,1.3828]]]}},{"type":"Feature","properties":{"block_id":"5300","blk_no":"624","postal_code":"560624","region_id":"NER","region":"NORTH-EAST REGION","planning_area_id":"AM","planning_area":"ANG MO KIO","subzone_id":"AMSZ09","subzone":"YIO CHU KANG WEST","lon":103.84,"lat":1.3816,"property_match":"MATCHED","property_match_confidence":"HIGH","street":"ANG MO KIO AVE 4","residential":"Y","year_completed":1980,"building_age_2026":46,"max_floor_lvl":13,"total_dwelling_units":189,"small_flat_share_pct":85.71,"rental_share_pct":0.0,"footprint_area_m2":1556.4,"estimated_residents_2026":415.2,"estimated_elderly_65plus_2026":124.8,"estimated_elderly_share_pct":30.06,"elderly_exposure_score":94.2,"elderly_exposure_class":"VERY HIGH","estimate_confidence":"HIGH","display_name":"Block 624"},"geometry":{"type":"Polygon","coordinates":[[[103.839534,1.381387],[103.839561,1.381328],[103.839576,1.38133],[103.839593,1.381297],[103.839606,1.381304],[103.839618,1.38128],[103.839693,1.381319],[103.839682,1.38134],[103.839727,1.381364],[103.839738,1.381343],[103.839813,1.381382],[103.839802,1.381403],[103.839823,1.381415],[103.839834,1.381393],[103.83991,1.381432],[103.839899,1.381452],[103.839921,1.381464],[103.839931,1.381444],[103.840006,1.381483],[103.839995,1.381504],[103.840059,1.381537],[103.84007,1.381517],[103.840146,1.381556],[103.840136,1.381576],[103.840154,1.381586],[103.840164,1.381566],[103.84024,1.381606],[103.84023,1.381626],[103.84025,1.381636],[103.84026,1.381617],[103.840336,1.381656],[103.840326,1.381676],[103.840369,1.381699],[103.84038,1.381679],[103.840456,1.381719],[103.840437,1.381782],[103.840448,1.381795],[103.840418,1.381847],[103.839999,1.381628],[103.839983,1.381658],[103.83994,1.381636],[103.839955,1.381607],[103.839534,1.381387]]]}},{"type":"Feature","properties":{"block_id":"11054063","blk_no":"625","postal_code":"560625","region_id":"NER","region":"NORTH-EAST REGION","planning_area_id":"AM","planning_area":"ANG MO KIO","subzone_id":"AMSZ09","subzone":"YIO CHU KANG WEST","lon":103.8412,"lat":1.3822,"property_match":"MATCHED","property_match_confidence":"HIGH","street":"ANG MO KIO AVE 9","residential":"Y","year_completed":1979,"building_age_2026":47,"max_floor_lvl":12,"total_dwelling_units":152,"small_flat_share_pct":84.21,"rental_share_pct":0.0,"footprint_area_m2":1322.8,"estimated_residents_2026":335.0,"estimated_elderly_65plus_2026":100.5,"estimated_elderly_share_pct":29.99,"elderly_exposure_score":87.7,"elderly_exposure_class":"VERY HIGH","estimate_confidence":"HIGH","display_name":"Block 625"},"geometry":{"type":"Polygon","coordinates":[[[103.840809,1.382057],[103.84084,1.381997],[103.840854,1.382005],[103.840872,1.381971],[103.840886,1.381979],[103.840899,1.381955],[103.840972,1.381993],[103.840961,1.382014],[103.840983,1.382025],[103.840994,1.382004],[103.841067,1.382042],[103.841055,1.382064],[103.841102,1.382088],[103.841113,1.382066],[103.841186,1.382104],[103.841174,1.382126],[103.841197,1.382138],[103.841208,1.382117],[103.841283,1.382156],[103.841273,1.382176],[103.841294,1.382187],[103.841305,1.382165],[103.84138,1.382205],[103.841368,1.382228],[103.841413,1.382252],[103.841426,1.382227],[103.841498,1.382265],[103.841486,1.382289],[103.841508,1.3823],[103.84152,1.382278],[103.841595,1.382317],[103.841581,1.382344],[103.841593,1.38235],[103.841575,1.382384],[103.841584,1.382389],[103.841553,1.38245],[103.841048,1.382184],[103.841037,1.382204],[103.840996,1.382182],[103.841007,1.382162],[103.840809,1.382057]]]}},{"type":"Feature","properties":{"block_id":"8348","blk_no":"626","postal_code":"560626","region_id":"NER","region":"NORTH-EAST REGION","planning_area_id":"AM","planning_area":"ANG MO KIO","subzone_id":"AMSZ09","subzone":"YIO CHU KANG WEST","lon":103.8402,"lat":1.3812,"property_match":"MATCHED","property_match_confidence":"HIGH","street":"ANG MO KIO AVE 4","residential":"Y","year_completed":1979,"building_age_2026":47,"max_floor_lvl":11,"total_dwelling_units":240,"small_flat_share_pct":100.0,"rental_share_pct":100.0,"footprint_area_m2":1399.1,"estimated_residents_2026":549.6,"estimated_elderly_65plus_2026":157.6,"estimated_elderly_share_pct":28.67,"elderly_exposure_score":97.8,"elderly_exposure_class":"VERY HIGH","estimate_confidence":"HIGH","display_name":"Block 626"},"geometry":{"type":"Polygon","coordinates":[[[103.839767,1.380933],[103.840198,1.38116],[103.84021,1.381136],[103.84026,1.381162],[103.840249,1.381186],[103.84068,1.381414],[103.84064,1.381493],[103.84062,1.381483],[103.840611,1.381502],[103.840193,1.381281],[103.840202,1.381264],[103.840164,1.381243],[103.840154,1.381262],[103.839736,1.381041],[103.839746,1.381022],[103.839726,1.381011],[103.839767,1.380933]]]}},{"type":"Feature","properties":{"block_id":"12679","blk_no":"627","postal_code":"560627","region_id":"NER","region":"NORTH-EAST REGION","planning_area_id":"AM","planning_area":"ANG MO KIO","subzone_id":"AMSZ09","subzone":"YIO CHU KANG WEST","lon":103.8414,"lat":1.3818,"property_match":"MATCHED","property_match_confidence":"HIGH","street":"ANG MO KIO AVE 9","residential":"Y","year_completed":1979,"building_age_2026":47,"max_floor_lvl":12,"total_dwelling_units":77,"small_flat_share_pct":0.0,"rental_share_pct":0.0,"footprint_area_m2":1087.2,"estimated_residents_2026":229.4,"estimated_elderly_65plus_2026":59.8,"estimated_elderly_share_pct":26.05,"elderly_exposure_score":53.8,"elderly_exposure_class":"MODERATE","estimate_confidence":"HIGH","display_name":"Block 627"},"geometry":{"type":"Polygon","coordinates":[[[103.841678,1.382044],[103.841669,1.38206],[103.841013,1.381715],[103.841021,1.381698],[103.841002,1.381688],[103.841021,1.381651],[103.841045,1.381664],[103.841069,1.381618],[103.841141,1.381656],[103.841167,1.381606],[103.841193,1.38162],[103.841166,1.381671],[103.841403,1.381795],[103.841415,1.381772],[103.841465,1.381798],[103.841453,1.381822],[103.841618,1.381908],[103.841644,1.381857],[103.84167,1.381871],[103.841644,1.381921],[103.841716,1.381959],[103.841692,1.382005],[103.841717,1.382018],[103.841697,1.382055],[103.841678,1.382044]]]}},{"type":"Feature","properties":{"block_id":"11050849","blk_no":"628","postal_code":"560628","region_id":"NER","region":"NORTH-EAST REGION","planning_area_id":"AM","planning_area":"ANG MO KIO","subzone_id":"AMSZ09","subzone":"YIO CHU KANG WEST","lon":103.8406,"lat":1.381,"property_match":"MATCHED","property_match_confidence":"HIGH","street":"ANG MO KIO AVE 4","residential":"N","year_completed":2010,"building_age_2026":16,"max_floor_lvl":1,"total_dwelling_units":0,"small_flat_share_pct":null,"rental_share_pct":null,"footprint_area_m2":5010.9,"estimated_residents_2026":0.0,"estimated_elderly_65plus_2026":0.0,"estimated_elderly_share_pct":null,"elderly_exposure_score":null,"elderly_exposure_class":null,"estimate_confidence":"HIGH","display_name":"Block 628"},"geometry":{"type":"Polygon","coordinates":[[[103.840911,1.381216],[103.840844,1.381348],[103.840126,1.380968],[103.840194,1.380838],[103.840173,1.380826],[103.840221,1.380733],[103.840243,1.380745],[103.84031,1.380615],[103.840434,1.380679],[103.840452,1.380646],[103.840464,1.380652],[103.840659,1.380756],[103.840689,1.380779],[103.840681,1.380794],[103.840791,1.380853],[103.840857,1.380725],[103.840842,1.380717],[103.840883,1.380639],[103.84094,1.380668],[103.840932,1.380682],[103.841133,1.380789],[103.840954,1.381122],[103.840993,1.381142],[103.840958,1.381209],[103.840941,1.381234],[103.840911,1.381216]]]}},{"type":"Feature","properties":{"block_id":"94","blk_no":"629","postal_code":"560629","region_id":"NER","region":"NORTH-EAST REGION","planning_area_id":"AM","planning_area":"ANG MO KIO","subzone_id":"AMSZ09","subzone":"YIO CHU KANG WEST","lon":103.8404,"lat":1.3801,"property_match":"MATCHED","property_match_confidence":"HIGH","street":"ANG MO KIO AVE 4","residential":"Y","year_completed":1979,"building_age_2026":47,"max_floor_lvl":4,"total_dwelling_units":44,"small_flat_share_pct":81.82,"rental_share_pct":6.82,"footprint_area_m2":2314.3,"estimated_residents_2026":97.0,"estimated_elderly_65plus_2026":29.1,"estimated_elderly_share_pct":29.96,"elderly_exposure_score":17.0,"elderly_exposure_class":"VERY LOW","estimate_confidence":"HIGH","display_name":"Block 629"},"geometry":{"type":"Polygon","coordinates":[[[103.840054,1.379668],[103.840193,1.379679],[103.840174,1.379906],[103.84074,1.380202],[103.840781,1.380336],[103.840585,1.380715],[103.840468,1.380653],[103.840637,1.380325],[103.84063,1.380297],[103.840106,1.380023],[103.840036,1.37994],[103.840054,1.379668]]]}},{"type":"Feature","properties":{"block_id":"9018","blk_no":"630","postal_code":"560630","region_id":"NER","region":"NORTH-EAST REGION","planning_area_id":"AM","planning_area":"ANG MO KIO","subzone_id":"AMSZ09","subzone":"YIO CHU KANG WEST","lon":103.8411,"lat":1.3806,"property_match":"MATCHED","property_match_confidence":"HIGH","street":"ANG MO KIO AVE 4","residential":"Y","year_completed":1979,"building_age_2026":47,"max_floor_lvl":4,"total_dwelling_units":15,"small_flat_share_pct":100.0,"rental_share_pct":6.67,"footprint_area_m2":617.5,"estimated_residents_2026":31.5,"estimated_elderly_65plus_2026":9.7,"estimated_elderly_share_pct":30.88,"elderly_exposure_score":3.6,"elderly_exposure_class":"VERY LOW","estimate_confidence":"HIGH","display_name":"Block 630"},"geometry":{"type":"Polygon","coordinates":[[[103.840931,1.380653],[103.841031,1.38046],[103.84105,1.38047],[103.841069,1.380433],[103.84105,1.380423],[103.841086,1.380353],[103.841106,1.380363],[103.841113,1.380349],[103.841215,1.380402],[103.841039,1.380741],[103.840938,1.380688],[103.840951,1.380664],[103.840931,1.380653]]]}},{"type":"Feature","properties":{"block_id":"4600","blk_no":"631","postal_code":"560631","region_id":"NER","region":"NORTH-EAST REGION","planning_area_id":"AM","planning_area":"ANG MO KIO","subzone_id":"AMSZ09","subzone":"YIO CHU KANG WEST","lon":103.8404,"lat":1.3795,"property_match":"MATCHED","property_match_confidence":"HIGH","street":"ANG MO KIO AVE 4","residential":"Y","year_completed":1979,"building_age_2026":47,"max_floor_lvl":11,"total_dwelling_units":200,"small_flat_share_pct":89.5,"rental_share_pct":0.0,"footprint_area_m2":2164.8,"estimated_residents_2026":434.0,"estimated_elderly_65plus_2026":131.4,"estimated_elderly_share_pct":30.28,"elderly_exposure_score":95.3,"elderly_exposure_class":"VERY HIGH","estimate_confidence":"HIGH","display_name":"Block 631"},"geometry":{"type":"Polygon","coordinates":[[[103.840106,1.379425],[103.841397,1.379557],[103.841384,1.379686],[103.840092,1.379565],[103.840106,1.379425]]]}},{"type":"Feature","properties":{"block_id":"8233","blk_no":"632","postal_code":"560632","region_id":"NER","region":"NORTH-EAST REGION","planning_area_id":"AM","planning_area":"ANG MO KIO","subzone_id":"AMSZ09","subzone":"YIO CHU KANG WEST","lon":103.8414,"lat":1.38,"property_match":"MATCHED","property_match_confidence":"HIGH","street":"ANG MO KIO AVE 4","residential":"Y","year_completed":1979,"building_age_2026":47,"max_floor_lvl":4,"total_dwelling_units":27,"small_flat_share_pct":88.89,"rental_share_pct":0.0,"footprint_area_m2":1223.5,"estimated_residents_2026":58.5,"estimated_elderly_65plus_2026":17.7,"estimated_elderly_share_pct":30.27,"elderly_exposure_score":8.9,"elderly_exposure_class":"VERY LOW","estimate_confidence":"HIGH","display_name":"Block 632"},"geometry":{"type":"Polygon","coordinates":[[[103.841465,1.379576],[103.8416,1.379588],[103.84158,1.379814],[103.841333,1.380287],[103.841214,1.380225],[103.841447,1.379776],[103.841465,1.379576]]]}},{"type":"Feature","properties":{"block_id":"3266","blk_no":"632A","postal_code":"561632","region_id":"NER","region":"NORTH-EAST REGION","planning_area_id":"AM","planning_area":"ANG MO KIO","subzone_id":"AMSZ09","subzone":"YIO CHU KANG WEST","lon":103.8415,"lat":1.3795,"property_match":"MATCHED","property_match_confidence":"HIGH","street":"ANG MO KIO AVE 4","residential":"N","year_completed":1980,"building_age_2026":46,"max_floor_lvl":1,"total_dwelling_units":0,"small_flat_share_pct":null,"rental_share_pct":null,"footprint_area_m2":25.0,"estimated_residents_2026":0.0,"estimated_elderly_65plus_2026":0.0,"estimated_elderly_share_pct":null,"elderly_exposure_score":null,"elderly_exposure_class":null,"estimate_confidence":"HIGH","display_name":"Block 632A"},"geometry":{"type":"Polygon","coordinates":[[[103.841471,1.379465],[103.841499,1.379468],[103.84151,1.379493],[103.841494,1.379516],[103.841467,1.379514],[103.841455,1.379488],[103.841471,1.379465]]]}},{"type":"Feature","properties":{"block_id":"8574","blk_no":"633","postal_code":"560633","region_id":"NER","region":"NORTH-EAST REGION","planning_area_id":"AM","planning_area":"ANG MO KIO","subzone_id":"AMSZ09","subzone":"YIO CHU KANG WEST","lon":103.8421,"lat":1.3811,"property_match":"MATCHED","property_match_confidence":"HIGH","street":"ANG MO KIO AVE 6","residential":"Y","year_completed":1979,"building_age_2026":47,"max_floor_lvl":12,"total_dwelling_units":173,"small_flat_share_pct":79.19,"rental_share_pct":0.0,"footprint_area_m2":1628.7,"estimated_residents_2026":387.0,"estimated_elderly_65plus_2026":115.1,"estimated_elderly_share_pct":29.73,"elderly_exposure_score":92.2,"elderly_exposure_class":"VERY HIGH","estimate_confidence":"HIGH","display_name":"Block 633"},"geometry":{"type":"Polygon","coordinates":[[[103.84223,1.381249],[103.842012,1.381231],[103.841744,1.381085],[103.841775,1.381026],[103.841785,1.381032],[103.841802,1.381001],[103.841814,1.381006],[103.841828,1.380983],[103.841898,1.381021],[103.841889,1.381039],[103.841931,1.381062],[103.841943,1.381042],[103.842021,1.381084],[103.842011,1.381104],[103.842034,1.381115],[103.842042,1.381095],[103.842122,1.381102],[103.842121,1.381128],[103.842146,1.381129],[103.842147,1.381104],[103.842232,1.381112],[103.84223,1.381137],[103.8423,1.381142],[103.842302,1.381118],[103.842386,1.381125],[103.842385,1.38115],[103.842409,1.381151],[103.842411,1.381126],[103.842496,1.381134],[103.842493,1.381159],[103.842517,1.38116],[103.842519,1.381136],[103.842605,1.381144],[103.842602,1.381169],[103.842651,1.381172],[103.842653,1.381148],[103.84274,1.381155],[103.842737,1.381187],[103.84275,1.381187],[103.842745,1.381227],[103.842759,1.381228],[103.842752,1.381295],[103.842278,1.381256],[103.842277,1.381276],[103.842229,1.381272],[103.84223,1.381249]]]}},{"type":"Feature","properties":{"block_id":"6105","blk_no":"634","postal_code":"560634","region_id":"NER","region":"NORTH-EAST REGION","planning_area_id":"AM","planning_area":"ANG MO KIO","subzone_id":"AMSZ09","subzone":"YIO CHU KANG WEST","lon":103.8433,"lat":1.3816,"property_match":"MATCHED","property_match_confidence":"HIGH","street":"ANG MO KIO AVE 6","residential":"Y","year_completed":1980,"building_age_2026":46,"max_floor_lvl":13,"total_dwelling_units":120,"small_flat_share_pct":0.0,"rental_share_pct":0.0,"footprint_area_m2":1308.7,"estimated_residents_2026":324.7,"estimated_elderly_65plus_2026":86.0,"estimated_elderly_share_pct":26.48,"elderly_exposure_score":79.9,"elderly_exposure_class":"HIGH","estimate_confidence":"HIGH","display_name":"Block 634"},"geometry":{"type":"Polygon","coordinates":[[[103.843232,1.381639],[103.842852,1.381606],[103.842856,1.381536],[103.842886,1.381532],[103.842888,1.3815],[103.842906,1.381496],[103.842908,1.381471],[103.842992,1.381481],[103.84299,1.381505],[103.84307,1.381512],[103.843072,1.381487],[103.843086,1.381487],[103.843158,1.381495],[103.843156,1.381519],[103.843234,1.381526],[103.843236,1.381501],[103.84331,1.381507],[103.843322,1.381511],[103.84332,1.381535],[103.843399,1.381542],[103.843402,1.381513],[103.843488,1.381525],[103.843486,1.381549],[103.843564,1.381556],[103.843566,1.381532],[103.84364,1.381536],[103.843652,1.381538],[103.84365,1.381563],[103.843662,1.381564],[103.84366,1.381603],[103.843686,1.381605],[103.84368,1.381681],[103.843302,1.381649],[103.8433,1.38168],[103.84323,1.381674],[103.843232,1.381639]]]}},{"type":"Feature","properties":{"block_id":"7807","blk_no":"635","postal_code":"560635","region_id":"NER","region":"NORTH-EAST REGION","planning_area_id":"AM","planning_area":"ANG MO KIO","subzone_id":"AMSZ09","subzone":"YIO CHU KANG WEST","lon":103.8423,"lat":1.3807,"property_match":"MATCHED","property_match_confidence":"HIGH","street":"ANG MO KIO AVE 6","residential":"Y","year_completed":1979,"building_age_2026":47,"max_floor_lvl":12,"total_dwelling_units":152,"small_flat_share_pct":76.97,"rental_share_pct":0.0,"footprint_area_m2":1339.1,"estimated_residents_2026":341.7,"estimated_elderly_65plus_2026":101.2,"estimated_elderly_share_pct":29.63,"elderly_exposure_score":88.2,"elderly_exposure_class":"VERY HIGH","estimate_confidence":"HIGH","display_name":"Block 635"},"geometry":{"type":"Polygon","coordinates":[[[103.842439,1.380833],[103.842416,1.38083],[103.842413,1.380858],[103.842331,1.380849],[103.842334,1.380824],[103.842309,1.380821],[103.842306,1.380847],[103.842223,1.380838],[103.842226,1.380814],[103.842173,1.380809],[103.842162,1.380831],[103.84208,1.380788],[103.842091,1.380767],[103.842046,1.380743],[103.842035,1.380765],[103.84196,1.380726],[103.841972,1.380704],[103.84196,1.380697],[103.841977,1.380665],[103.841967,1.38066],[103.841999,1.380598],[103.842196,1.380701],[103.842277,1.3807],[103.842538,1.380733],[103.84254,1.38071],[103.842584,1.380715],[103.842582,1.380734],[103.842804,1.380758],[103.842797,1.380827],[103.842783,1.380826],[103.842779,1.380862],[103.842766,1.38086],[103.842763,1.380889],[103.84268,1.38088],[103.842682,1.380856],[103.842659,1.380853],[103.842656,1.380878],[103.842573,1.380869],[103.842575,1.380846],[103.842525,1.380841],[103.842522,1.380867],[103.842436,1.380857],[103.842439,1.380833]]]}},{"type":"Feature","properties":{"block_id":"2315","blk_no":"636","postal_code":"560636","region_id":"NER","region":"NORTH-EAST REGION","planning_area_id":"AM","planning_area":"ANG MO KIO","subzone_id":"AMSZ09","subzone":"YIO CHU KANG WEST","lon":103.8433,"lat":1.3812,"property_match":"MATCHED","property_match_confidence":"HIGH","street":"ANG MO KIO AVE 6","residential":"Y","year_completed":1980,"building_age_2026":46,"max_floor_lvl":13,"total_dwelling_units":120,"small_flat_share_pct":0.0,"rental_share_pct":0.0,"footprint_area_m2":1342.6,"estimated_residents_2026":324.7,"estimated_elderly_65plus_2026":86.0,"estimated_elderly_share_pct":26.48,"elderly_exposure_score":79.9,"elderly_exposure_class":"HIGH","estimate_confidence":"HIGH","display_name":"Block 636"},"geometry":{"type":"Polygon","coordinates":[[[103.84372,1.381131],[103.843714,1.381208],[103.843687,1.381205],[103.843683,1.381243],[103.84367,1.381241],[103.843668,1.381266],[103.843653,1.381267],[103.843583,1.381259],[103.843585,1.381233],[103.843509,1.381226],[103.843507,1.381252],[103.843422,1.381245],[103.843425,1.381218],[103.843348,1.381211],[103.843346,1.381237],[103.843331,1.381238],[103.843261,1.38123],[103.843263,1.381204],[103.843188,1.381197],[103.843185,1.381223],[103.84317,1.381223],[103.8431,1.381215],[103.843102,1.38119],[103.843027,1.381183],[103.843023,1.381208],[103.842953,1.381204],[103.842939,1.381201],[103.84294,1.381176],[103.842929,1.381175],[103.842931,1.381137],[103.842905,1.381128],[103.842912,1.381058],[103.843243,1.381087],[103.843248,1.381043],[103.843295,1.381042],[103.843393,1.381056],[103.843389,1.3811],[103.84372,1.381131]]]}},{"type":"Feature","properties":{"block_id":"6163","blk_no":"637","postal_code":"560637","region_id":"NER","region":"NORTH-EAST REGION","planning_area_id":"AM","planning_area":"ANG MO KIO","subzone_id":"AMSZ09","subzone":"YIO CHU KANG WEST","lon":103.8421,"lat":1.3803,"property_match":"MATCHED","property_match_confidence":"HIGH","street":"ANG MO KIO AVE 6","residential":"Y","year_completed":1979,"building_age_2026":47,"max_floor_lvl":12,"total_dwelling_units":173,"small_flat_share_pct":79.19,"rental_share_pct":0.58,"footprint_area_m2":1594.2,"estimated_residents_2026":387.0,"estimated_elderly_65plus_2026":115.1,"estimated_elderly_share_pct":29.73,"elderly_exposure_score":92.2,"elderly_exposure_class":"VERY HIGH","estimate_confidence":"HIGH","display_name":"Block 637"},"geometry":{"type":"Polygon","coordinates":[[[103.842834,1.380455],[103.842364,1.380409],[103.842362,1.380432],[103.842309,1.380427],[103.842312,1.380405],[103.842093,1.380382],[103.841828,1.380243],[103.841858,1.380186],[103.841864,1.380189],[103.841882,1.380154],[103.841895,1.38016],[103.841908,1.380135],[103.841982,1.380174],[103.841971,1.380194],[103.842015,1.380217],[103.842026,1.380196],[103.842101,1.380235],[103.84209,1.380257],[103.842112,1.380269],[103.84212,1.380254],[103.842207,1.380261],[103.842205,1.380282],[103.842227,1.380284],[103.842229,1.380262],[103.842314,1.380271],[103.842312,1.380292],[103.84238,1.380299],[103.842382,1.380275],[103.842469,1.380284],[103.842467,1.380308],[103.842489,1.38031],[103.842492,1.380287],[103.842578,1.380296],[103.842575,1.380318],[103.842598,1.380321],[103.842601,1.380297],[103.842685,1.380307],[103.842683,1.380327],[103.842734,1.380333],[103.842736,1.38031],[103.842822,1.380319],[103.842819,1.380346],[103.84283,1.380347],[103.842826,1.380385],[103.842841,1.380387],[103.842834,1.380455]]]}},{"type":"Feature","properties":{"block_id":"6284","blk_no":"638","postal_code":"560638","region_id":"NER","region":"NORTH-EAST REGION","planning_area_id":"AM","planning_area":"ANG MO KIO","subzone_id":"AMSZ09","subzone":"YIO CHU KANG WEST","lon":103.8436,"lat":1.3805,"property_match":"MATCHED","property_match_confidence":"HIGH","street":"ANG MO KIO AVE 6","residential":"Y","year_completed":1980,"building_age_2026":46,"max_floor_lvl":13,"total_dwelling_units":120,"small_flat_share_pct":0.0,"rental_share_pct":0.0,"footprint_area_m2":1316.5,"estimated_residents_2026":324.7,"estimated_elderly_65plus_2026":86.0,"estimated_elderly_share_pct":26.48,"elderly_exposure_score":79.9,"elderly_exposure_class":"HIGH","estimate_confidence":"HIGH","display_name":"Block 638"},"geometry":{"type":"Polygon","coordinates":[[[103.843161,1.380477],[103.843167,1.380406],[103.843193,1.380409],[103.843197,1.380371],[103.843209,1.380372],[103.843212,1.380348],[103.843227,1.380347],[103.843296,1.380355],[103.843293,1.380381],[103.84337,1.380388],[103.843373,1.380362],[103.843387,1.380361],[103.843458,1.38037],[103.843455,1.380396],[103.843532,1.380402],[103.843534,1.380376],[103.843549,1.380376],[103.843619,1.380384],[103.843616,1.38041],[103.843693,1.380417],[103.843695,1.380391],[103.843709,1.38039],[103.843779,1.380398],[103.843777,1.380424],[103.843854,1.380431],[103.843856,1.380405],[103.843926,1.38041],[103.843941,1.380413],[103.843939,1.380438],[103.843951,1.380439],[103.843949,1.380477],[103.843975,1.380485],[103.843968,1.380555],[103.843637,1.380524],[103.843633,1.380571],[103.843586,1.380567],[103.843586,1.380575],[103.843487,1.380558],[103.843492,1.38051],[103.843161,1.380477]]]}},{"type":"Feature","properties":{"block_id":"2790","blk_no":"639","postal_code":"560639","region_id":"NER","region":"NORTH-EAST REGION","planning_area_id":"AM","planning_area":"ANG MO KIO","subzone_id":"AMSZ09","subzone":"YIO CHU KANG WEST","lon":103.8424,"lat":1.3799,"property_match":"MATCHED","property_match_confidence":"HIGH","street":"ANG MO KIO AVE 6","residential":"Y","year_completed":1979,"building_age_2026":47,"max_floor_lvl":12,"total_dwelling_units":152,"small_flat_share_pct":76.97,"rental_share_pct":0.0,"footprint_area_m2":1430.8,"estimated_residents_2026":341.7,"estimated_elderly_65plus_2026":101.2,"estimated_elderly_share_pct":29.63,"elderly_exposure_score":88.2,"elderly_exposure_class":"VERY HIGH","estimate_confidence":"HIGH","display_name":"Block 639"},"geometry":{"type":"Polygon","coordinates":[[[103.84206,1.379811],[103.842049,1.379805],[103.84208,1.379745],[103.842262,1.379841],[103.842308,1.379854],[103.842569,1.379878],[103.842574,1.379828],[103.842676,1.379826],[103.842675,1.379837],[103.842719,1.379841],[103.842714,1.379893],[103.842884,1.379907],[103.84288,1.379969],[103.842866,1.379974],[103.842864,1.380009],[103.84285,1.380011],[103.842847,1.380038],[103.842762,1.380031],[103.842764,1.380007],[103.842742,1.380004],[103.84274,1.380028],[103.842655,1.380021],[103.842657,1.379999],[103.842608,1.379994],[103.842606,1.380016],[103.842521,1.380008],[103.842523,1.379985],[103.8425,1.379983],[103.842498,1.380006],[103.842413,1.379999],[103.842415,1.379975],[103.842392,1.379973],[103.84239,1.379996],[103.842306,1.379989],[103.842308,1.379966],[103.842255,1.379961],[103.842243,1.379984],[103.84216,1.379939],[103.842171,1.379919],[103.842128,1.379894],[103.842116,1.379916],[103.842041,1.379876],[103.842054,1.379851],[103.842042,1.379845],[103.84206,1.379811]]]}},{"type":"Feature","properties":{"block_id":"2366","blk_no":"640","postal_code":"560640","region_id":"NER","region":"NORTH-EAST REGION","planning_area_id":"AM","planning_area":"ANG MO KIO","subzone_id":"AMSZ09","subzone":"YIO CHU KANG WEST","lon":103.8436,"lat":1.38,"property_match":"MATCHED","property_match_confidence":"HIGH","street":"ANG MO KIO AVE 6","residential":"Y","year_completed":1980,"building_age_2026":46,"max_floor_lvl":13,"total_dwelling_units":120,"small_flat_share_pct":0.0,"rental_share_pct":0.0,"footprint_area_m2":1229.1,"estimated_residents_2026":324.7,"estimated_elderly_65plus_2026":86.0,"estimated_elderly_share_pct":26.48,"elderly_exposure_score":79.9,"elderly_exposure_class":"HIGH","estimate_confidence":"HIGH","display_name":"Block 640"},"geometry":{"type":"Polygon","coordinates":[[[103.843228,1.380012],[103.843202,1.380012],[103.843209,1.379935],[103.843286,1.379942],[103.843303,1.379963],[103.843538,1.379985],[103.843544,1.37992],[103.843588,1.379924],[103.84359,1.37991],[103.843646,1.379916],[103.843645,1.379929],[103.843689,1.379933],[103.843683,1.379998],[103.843919,1.38002],[103.84394,1.380001],[103.844016,1.380008],[103.844017,1.380018],[103.844009,1.380085],[103.843984,1.380083],[103.843979,1.38012],[103.843967,1.380117],[103.843965,1.380144],[103.84395,1.380144],[103.84388,1.380136],[103.843882,1.380111],[103.843805,1.380104],[103.843803,1.380129],[103.843733,1.380125],[103.843719,1.380122],[103.843721,1.380097],[103.843645,1.38009],[103.843643,1.380115],[103.843572,1.38011],[103.843558,1.380107],[103.84356,1.380082],[103.843483,1.380076],[103.843481,1.3801],[103.843411,1.380095],[103.843397,1.380092],[103.843399,1.380068],[103.843323,1.380061],[103.84332,1.380086],[103.84325,1.380081],[103.843236,1.380078],[103.843238,1.380053],[103.843225,1.380052],[103.843228,1.380012]]]}},{"type":"Feature","properties":{"block_id":"7116","blk_no":"641","postal_code":"560641","region_id":"NER","region":"NORTH-EAST REGION","planning_area_id":"AM","planning_area":"ANG MO KIO","subzone_id":"AMSZ09","subzone":"YIO CHU KANG WEST","lon":103.8403,"lat":1.3786,"property_match":"MATCHED","property_match_confidence":"HIGH","street":"ANG MO KIO AVE 4","residential":"Y","year_completed":1980,"building_age_2026":46,"max_floor_lvl":11,"total_dwelling_units":240,"small_flat_share_pct":100.0,"rental_share_pct":100.0,"footprint_area_m2":1362.2,"estimated_residents_2026":549.6,"estimated_elderly_65plus_2026":157.6,"estimated_elderly_share_pct":28.67,"elderly_exposure_score":97.8,"elderly_exposure_class":"VERY HIGH","estimate_confidence":"HIGH","display_name":"Block 641"},"geometry":{"type":"Polygon","coordinates":[[[103.840323,1.37914],[103.840321,1.379162],[103.84023,1.379153],[103.840273,1.378667],[103.840246,1.378664],[103.840251,1.378608],[103.840278,1.37861],[103.840322,1.37812],[103.840413,1.378129],[103.840411,1.378151],[103.840429,1.378153],[103.840424,1.37822],[103.840403,1.378218],[103.840401,1.378232],[103.840422,1.378234],[103.840416,1.378301],[103.840395,1.378299],[103.840394,1.378313],[103.840415,1.378315],[103.840409,1.378382],[103.840388,1.37838],[103.840387,1.378395],[103.840408,1.378397],[103.840402,1.378463],[103.840381,1.378461],[103.84038,1.378475],[103.840401,1.378477],[103.840395,1.378544],[103.840374,1.378542],[103.840372,1.378556],[103.840393,1.378558],[103.840387,1.378625],[103.840366,1.378623],[103.840363,1.378667],[103.840383,1.378669],[103.840378,1.378736],[103.840357,1.378734],[103.840355,1.378748],[103.840376,1.378749],[103.84037,1.378816],[103.840349,1.378814],[103.840348,1.378829],[103.840369,1.37883],[103.840363,1.378897],[103.840342,1.378896],[103.840341,1.37891],[103.840362,1.378912],[103.840356,1.378979],[103.840335,1.378977],[103.840334,1.378991],[103.840355,1.378993],[103.840349,1.379059],[103.840328,1.379058],[103.840326,1.379072],[103.840347,1.379074],[103.840341,1.379141],[103.840323,1.37914]]]}},{"type":"Feature","properties":{"block_id":"553","blk_no":"642","postal_code":"560642","region_id":"NER","region":"NORTH-EAST REGION","planning_area_id":"AM","planning_area":"ANG MO KIO","subzone_id":"AMSZ09","subzone":"YIO CHU KANG WEST","lon":103.8405,"lat":1.378,"property_match":"MATCHED","property_match_confidence":"HIGH","street":"ANG MO KIO AVE 5","residential":"Y","year_completed":1980,"building_age_2026":46,"max_floor_lvl":13,"total_dwelling_units":120,"small_flat_share_pct":0.0,"rental_share_pct":0.0,"footprint_area_m2":1519.0,"estimated_residents_2026":386.0,"estimated_elderly_65plus_2026":99.3,"estimated_elderly_share_pct":25.73,"elderly_exposure_score":87.3,"elderly_exposure_class":"VERY HIGH","estimate_confidence":"HIGH","display_name":"Block 642"},"geometry":{"type":"Polygon","coordinates":[[[103.839953,1.377848],[103.840017,1.377854],[103.84002,1.377826],[103.8401,1.377834],[103.840097,1.377862],[103.840224,1.377874],[103.840226,1.377845],[103.840306,1.377852],[103.840303,1.377881],[103.840432,1.377892],[103.840434,1.377864],[103.84054,1.377873],[103.840538,1.377902],[103.840665,1.377913],[103.840667,1.377885],[103.840746,1.377892],[103.840744,1.377921],[103.84087,1.377932],[103.840873,1.377903],[103.840952,1.377911],[103.84095,1.377939],[103.841015,1.377945],[103.841006,1.37804],[103.840911,1.378038],[103.840904,1.37809],[103.840886,1.378086],[103.84089,1.378037],[103.840851,1.378026],[103.840705,1.37802],[103.840701,1.378069],[103.840682,1.37807],[103.840684,1.378018],[103.840644,1.378014],[103.840645,1.378007],[103.840498,1.378001],[103.840495,1.378029],[103.84045,1.378025],[103.840453,1.377997],[103.840305,1.377977],[103.840305,1.377984],[103.840265,1.37798],[103.840258,1.378031],[103.840239,1.378027],[103.840244,1.377979],[103.840099,1.377958],[103.840099,1.377965],[103.840059,1.377962],[103.840054,1.378011],[103.840035,1.378011],[103.840038,1.37796],[103.839944,1.377944],[103.839953,1.377848]]]}},{"type":"Feature","properties":{"block_id":"3016","blk_no":"643","postal_code":"560643","region_id":"NER","region":"NORTH-EAST REGION","planning_area_id":"AM","planning_area":"ANG MO KIO","subzone_id":"AMSZ09","subzone":"YIO CHU KANG WEST","lon":103.8404,"lat":1.3775,"property_match":"MATCHED","property_match_confidence":"HIGH","street":"ANG MO KIO AVE 5","residential":"Y","year_completed":1980,"building_age_2026":46,"max_floor_lvl":13,"total_dwelling_units":189,"small_flat_share_pct":85.71,"rental_share_pct":0.0,"footprint_area_m2":1707.1,"estimated_residents_2026":415.2,"estimated_elderly_65plus_2026":124.8,"estimated_elderly_share_pct":30.06,"elderly_exposure_score":94.2,"elderly_exposure_class":"VERY HIGH","estimate_confidence":"HIGH","display_name":"Block 643"},"geometry":{"type":"Polygon","coordinates":[[[103.840278,1.377543],[103.84028,1.377596],[103.840251,1.377591],[103.840251,1.377571],[103.840219,1.377571],[103.840219,1.377591],[103.840191,1.377595],[103.840193,1.377547],[103.84017,1.377547],[103.840172,1.377595],[103.840143,1.377591],[103.840143,1.377571],[103.840111,1.377571],[103.840111,1.377591],[103.840083,1.377595],[103.840085,1.377543],[103.840072,1.377542],[103.840071,1.377504],[103.840059,1.377503],[103.840058,1.377435],[103.840288,1.377441],[103.840288,1.3774],[103.840309,1.377397],[103.840318,1.377495],[103.840479,1.377488],[103.840479,1.377496],[103.84053,1.377496],[103.840531,1.377469],[103.840517,1.377469],[103.840517,1.377441],[103.840633,1.377433],[103.840795,1.377441],[103.840795,1.377382],[103.840805,1.377383],[103.84081,1.377358],[103.84083,1.377362],[103.840829,1.377385],[103.841062,1.377406],[103.841057,1.377474],[103.841043,1.377472],[103.84104,1.377512],[103.841027,1.37751],[103.841023,1.377563],[103.840996,1.377556],[103.840998,1.377536],[103.840965,1.377533],[103.840963,1.377553],[103.840935,1.377555],[103.840941,1.377506],[103.840918,1.377504],[103.840916,1.377553],[103.840888,1.377546],[103.84089,1.377526],[103.840858,1.377523],[103.840856,1.377543],[103.840827,1.377545],[103.840835,1.377489],[103.840821,1.377489],[103.840821,1.377515],[103.840797,1.377515],[103.840797,1.377548],[103.840785,1.377548],[103.840786,1.377597],[103.840758,1.377592],[103.840758,1.377572],[103.840726,1.377572],[103.840726,1.377592],[103.840698,1.377597],[103.8407,1.377547],[103.840677,1.377547],[103.840678,1.377597],[103.84065,1.377592],[103.84065,1.377572],[103.840618,1.377572],[103.840618,1.377592],[103.84059,1.377596],[103.840592,1.377543],[103.840533,1.377549],[103.840531,1.377619],[103.840518,1.377626],[103.840522,1.377651],[103.840494,1.377647],[103.840494,1.377626],[103.840461,1.377626],[103.840461,1.377647],[103.840433,1.377651],[103.840435,1.377603],[103.840412,1.377602],[103.840414,1.377651],[103.840386,1.377647],[103.840386,1.377626],[103.840354,1.377626],[103.840353,1.377647],[103.840325,1.377651],[103.840327,1.377602],[103.840315,1.377602],[103.840315,1.37757],[103.840288,1.37757],[103.840288,1.377543],[103.840278,1.377543]]]}},{"type":"Feature","properties":{"block_id":"7077","blk_no":"644","postal_code":"560644","region_id":"NER","region":"NORTH-EAST REGION","planning_area_id":"AM","planning_area":"ANG MO KIO","subzone_id":"AMSZ09","subzone":"YIO CHU KANG WEST","lon":103.8409,"lat":1.3792,"property_match":"MATCHED","property_match_confidence":"HIGH","street":"ANG MO KIO AVE 4","residential":"Y","year_completed":1980,"building_age_2026":46,"max_floor_lvl":11,"total_dwelling_units":158,"small_flat_share_pct":86.08,"rental_share_pct":0.0,"footprint_area_m2":1677.2,"estimated_residents_2026":346.4,"estimated_elderly_65plus_2026":104.2,"estimated_elderly_share_pct":30.09,"elderly_exposure_score":89.4,"elderly_exposure_class":"VERY HIGH","estimate_confidence":"HIGH","display_name":"Block 644"},"geometry":{"type":"Polygon","coordinates":[[[103.840591,1.379223],[103.840567,1.379221],[103.84057,1.379185],[103.840446,1.379173],[103.840452,1.379105],[103.840466,1.379107],[103.840469,1.379068],[103.840482,1.379069],[103.840485,1.379017],[103.840513,1.379024],[103.840511,1.379044],[103.840543,1.379047],[103.840545,1.379027],[103.840574,1.379024],[103.840568,1.379073],[103.840617,1.379078],[103.84062,1.379029],[103.840647,1.379036],[103.840645,1.379056],[103.840677,1.379059],[103.840679,1.379039],[103.840708,1.379037],[103.840702,1.379085],[103.840724,1.379087],[103.840727,1.379038],[103.840755,1.379045],[103.840753,1.379066],[103.840785,1.379069],[103.840787,1.379048],[103.840815,1.379046],[103.840809,1.379095],[103.840832,1.379097],[103.840834,1.379048],[103.840862,1.379055],[103.84086,1.379075],[103.840892,1.379078],[103.840894,1.379058],[103.840923,1.379056],[103.840917,1.379105],[103.840957,1.379108],[103.840958,1.37909],[103.840971,1.379086],[103.840969,1.37906],[103.840996,1.379067],[103.840995,1.379088],[103.841027,1.379091],[103.841028,1.37907],[103.841056,1.379068],[103.84105,1.379117],[103.841076,1.37912],[103.841078,1.37907],[103.841106,1.379077],[103.841104,1.379098],[103.841136,1.379101],[103.841138,1.37908],[103.841166,1.379078],[103.841159,1.379126],[103.841183,1.379129],[103.841185,1.37908],[103.841213,1.379087],[103.841212,1.379107],[103.841243,1.37911],[103.841245,1.37909],[103.841274,1.379088],[103.841267,1.379137],[103.841317,1.379141],[103.84132,1.379092],[103.841347,1.379099],[103.841346,1.379119],[103.841377,1.379122],[103.841379,1.379102],[103.841408,1.3791],[103.841401,1.379152],[103.841415,1.379153],[103.841411,1.379192],[103.841425,1.379193],[103.841418,1.379262],[103.841294,1.37925],[103.841288,1.379289],[103.841267,1.379284],[103.841271,1.379248],[103.840998,1.379219],[103.840954,1.379215],[103.840952,1.379243],[103.840907,1.379239],[103.840909,1.379211],[103.840594,1.379187],[103.840591,1.379223]]]}},{"type":"Feature","properties":{"block_id":"4123","blk_no":"645","postal_code":"560645","region_id":"NER","region":"NORTH-EAST REGION","planning_area_id":"AM","planning_area":"ANG MO KIO","subzone_id":"AMSZ09","subzone":"YIO CHU KANG WEST","lon":103.8422,"lat":1.3793,"property_match":"MATCHED","property_match_confidence":"HIGH","street":"ANG MO KIO AVE 6","residential":"Y","year_completed":1980,"building_age_2026":46,"max_floor_lvl":12,"total_dwelling_units":352,"small_flat_share_pct":100.0,"rental_share_pct":100.0,"footprint_area_m2":1845.9,"estimated_residents_2026":806.1,"estimated_elderly_65plus_2026":231.1,"estimated_elderly_share_pct":28.67,"elderly_exposure_score":99.7,"elderly_exposure_class":"VERY HIGH","estimate_confidence":"HIGH","display_name":"Block 645"},"geometry":{"type":"Polygon","coordinates":[[[103.841962,1.379257],[103.841963,1.3792],[103.842001,1.379203],[103.841999,1.379224],[103.842013,1.379226],[103.842015,1.379204],[103.842081,1.37921],[103.84208,1.379232],[103.842094,1.379233],[103.842096,1.379212],[103.842162,1.379217],[103.84216,1.379239],[103.842174,1.37924],[103.842175,1.379219],[103.842243,1.379225],[103.842241,1.379246],[103.842254,1.379247],[103.842256,1.379226],[103.842322,1.379232],[103.842321,1.379253],[103.842335,1.379255],[103.842337,1.379233],[103.842403,1.379239],[103.842401,1.379261],[103.842445,1.379264],[103.842447,1.379243],[103.842512,1.379249],[103.84251,1.37927],[103.842525,1.379272],[103.842527,1.379251],[103.842594,1.379257],[103.842592,1.379278],[103.842606,1.379279],[103.842608,1.379258],[103.842674,1.379264],[103.842672,1.379285],[103.842686,1.379286],[103.842688,1.379265],[103.842755,1.379271],[103.842753,1.379293],[103.842767,1.379294],[103.842769,1.379272],[103.842835,1.379279],[103.842833,1.3793],[103.842847,1.379301],[103.842849,1.379279],[103.842915,1.379285],[103.842914,1.379305],[103.842936,1.379307],[103.842927,1.379397],[103.842444,1.379355],[103.842441,1.379381],[103.842385,1.379376],[103.842388,1.379349],[103.841959,1.37931],[103.841956,1.379338],[103.8419,1.379333],[103.841905,1.379276],[103.841529,1.379242],[103.841537,1.37915],[103.841559,1.379153],[103.841561,1.379133],[103.841627,1.379139],[103.841625,1.379161],[103.84164,1.379162],[103.841642,1.379141],[103.841708,1.379147],[103.841706,1.379168],[103.84172,1.379169],[103.841722,1.379148],[103.841788,1.379154],[103.841786,1.379175],[103.841801,1.379176],[103.841803,1.379155],[103.841869,1.379161],[103.841867,1.379182],[103.841881,1.379184],[103.841883,1.379162],[103.841921,1.379166],[103.841909,1.379259],[103.841962,1.379257]]]}},{"type":"Feature","properties":{"block_id":"3357","blk_no":"646","postal_code":"560646","region_id":"NER","region":"NORTH-EAST REGION","planning_area_id":"AM","planning_area":"ANG MO KIO","subzone_id":"AMSZ09","subzone":"YIO CHU KANG WEST","lon":103.844,"lat":1.3792,"property_match":"MATCHED","property_match_confidence":"HIGH","street":"ANG MO KIO AVE 6","residential":"Y","year_completed":1980,"building_age_2026":46,"max_floor_lvl":13,"total_dwelling_units":192,"small_flat_share_pct":75.0,"rental_share_pct":0.0,"footprint_area_m2":1829.9,"estimated_residents_2026":432.3,"estimated_elderly_65plus_2026":127.8,"estimated_elderly_share_pct":29.56,"elderly_exposure_score":94.7,"elderly_exposure_class":"VERY HIGH","estimate_confidence":"HIGH","display_name":"Block 646"},"geometry":{"type":"Polygon","coordinates":[[[103.843828,1.379323],[103.843803,1.379281],[103.843815,1.37927],[103.843827,1.379266],[103.843841,1.379282],[103.843865,1.379261],[103.843852,1.379245],[103.843871,1.379223],[103.8439,1.379262],[103.843919,1.379247],[103.843887,1.37921],[103.843912,1.379195],[103.843925,1.379211],[103.84395,1.37919],[103.843937,1.379174],[103.843955,1.379153],[103.843985,1.379191],[103.844002,1.379177],[103.84397,1.37914],[103.843994,1.379125],[103.844008,1.379142],[103.844023,1.379129],[103.844019,1.379105],[103.844034,1.379087],[103.844065,1.379124],[103.84407,1.379073],[103.844021,1.37907],[103.844028,1.379042],[103.844049,1.379045],[103.844051,1.379012],[103.844031,1.37901],[103.844029,1.378981],[103.844081,1.378987],[103.844082,1.378975],[103.844121,1.378977],[103.844122,1.378964],[103.84419,1.378971],[103.844179,1.379095],[103.844212,1.379099],[103.844213,1.37912],[103.844177,1.379119],[103.84417,1.37918],[103.843899,1.379408],[103.843914,1.379427],[103.843874,1.37946],[103.84386,1.379442],[103.843816,1.379478],[103.843461,1.379446],[103.843455,1.379485],[103.843435,1.37948],[103.843437,1.379444],[103.843313,1.379433],[103.843319,1.379365],[103.843333,1.379366],[103.843336,1.379327],[103.843349,1.379329],[103.843352,1.379276],[103.84338,1.379283],[103.843378,1.379304],[103.84341,1.379306],[103.843412,1.379286],[103.84344,1.379284],[103.843435,1.379332],[103.843483,1.379337],[103.843486,1.379288],[103.843514,1.379295],[103.843512,1.379315],[103.843544,1.379318],[103.843546,1.379297],[103.843575,1.379296],[103.843568,1.379344],[103.843591,1.379346],[103.843594,1.379297],[103.843621,1.379304],[103.843619,1.379325],[103.843651,1.379328],[103.843653,1.379307],[103.843682,1.379305],[103.843676,1.379354],[103.843699,1.379357],[103.843701,1.379307],[103.843729,1.379314],[103.843727,1.379334],[103.843746,1.379336],[103.843761,1.379317],[103.843784,1.379315],[103.843779,1.379364],[103.843828,1.379323]]]}},{"type":"Feature","properties":{"block_id":"7713","blk_no":"647","postal_code":"560647","region_id":"NER","region":"NORTH-EAST REGION","planning_area_id":"AM","planning_area":"ANG MO KIO","subzone_id":"AMSZ09","subzone":"YIO CHU KANG WEST","lon":103.8435,"lat":1.379,"property_match":"MATCHED","property_match_confidence":"HIGH","street":"ANG MO KIO AVE 6","residential":"Y","year_completed":1980,"building_age_2026":46,"max_floor_lvl":13,"total_dwelling_units":192,"small_flat_share_pct":100.0,"rental_share_pct":100.0,"footprint_area_m2":931.2,"estimated_residents_2026":439.7,"estimated_elderly_65plus_2026":126.0,"estimated_elderly_share_pct":28.67,"elderly_exposure_score":94.5,"elderly_exposure_class":"VERY HIGH","estimate_confidence":"HIGH","display_name":"Block 647"},"geometry":{"type":"Polygon","coordinates":[[[103.843623,1.379009],[103.843621,1.37903],[103.843555,1.379024],[103.843557,1.379003],[103.843516,1.378999],[103.843514,1.37902],[103.843447,1.379014],[103.843449,1.378993],[103.843435,1.378992],[103.843433,1.379013],[103.843367,1.379007],[103.843369,1.378986],[103.843355,1.378984],[103.843353,1.379006],[103.843286,1.379],[103.843288,1.378979],[103.843274,1.378977],[103.843272,1.378998],[103.843206,1.378992],[103.843207,1.378974],[103.843185,1.378972],[103.843194,1.378881],[103.843516,1.37891],[103.843519,1.378883],[103.843575,1.378884],[103.843572,1.378915],[103.843894,1.378944],[103.843888,1.379035],[103.843866,1.379033],[103.843864,1.379052],[103.843796,1.379046],[103.843798,1.379025],[103.843785,1.379023],[103.843783,1.379044],[103.843715,1.379038],[103.843717,1.379017],[103.843704,1.379016],[103.843702,1.379037],[103.843636,1.379031],[103.843638,1.37901],[103.843623,1.379009]]]}},{"type":"Feature","properties":{"block_id":"2987","blk_no":"648","postal_code":"560648","region_id":"NER","region":"NORTH-EAST REGION","planning_area_id":"AM","planning_area":"ANG MO KIO","subzone_id":"AMSZ09","subzone":"YIO CHU KANG WEST","lon":103.8438,"lat":1.3783,"property_match":"MATCHED","property_match_confidence":"HIGH","street":"ANG MO KIO AVE 5","residential":"Y","year_completed":1980,"building_age_2026":46,"max_floor_lvl":13,"total_dwelling_units":120,"small_flat_share_pct":0.0,"rental_share_pct":0.0,"footprint_area_m2":1518.2,"estimated_residents_2026":386.0,"estimated_elderly_65plus_2026":99.3,"estimated_elderly_share_pct":25.73,"elderly_exposure_score":87.3,"elderly_exposure_class":"VERY HIGH","estimate_confidence":"HIGH","display_name":"Block 648"},"geometry":{"type":"Polygon","coordinates":[[[103.843339,1.37826],[103.843299,1.378257],[103.843294,1.378306],[103.843276,1.378307],[103.843278,1.378255],[103.843184,1.378239],[103.843193,1.378144],[103.843258,1.37815],[103.843261,1.378121],[103.843339,1.378128],[103.843337,1.378157],[103.843464,1.378168],[103.843467,1.37814],[103.843546,1.378147],[103.843543,1.378176],[103.843672,1.378187],[103.843675,1.378159],[103.843781,1.378168],[103.843778,1.378197],[103.843905,1.378208],[103.843907,1.37818],[103.843986,1.378187],[103.843984,1.378216],[103.844111,1.378227],[103.844113,1.378199],[103.844192,1.378205],[103.84419,1.378234],[103.844255,1.37824],[103.844247,1.378335],[103.844151,1.378334],[103.844144,1.378386],[103.844126,1.378382],[103.84413,1.378332],[103.84409,1.378328],[103.844091,1.378321],[103.843946,1.378315],[103.843938,1.378367],[103.84392,1.378363],[103.843925,1.378313],[103.843885,1.37831],[103.843885,1.378302],[103.843738,1.378296],[103.843736,1.378324],[103.84369,1.37832],[103.843693,1.378292],[103.843546,1.378272],[103.843545,1.378279],[103.843505,1.378275],[103.843498,1.378327],[103.84348,1.378323],[103.843484,1.378274],[103.843444,1.37827],[103.843445,1.378263],[103.84334,1.378253],[103.843339,1.37826]]]}},{"type":"Feature","properties":{"block_id":"2981","blk_no":"649","postal_code":"560649","region_id":"NER","region":"NORTH-EAST REGION","planning_area_id":"AM","planning_area":"ANG MO KIO","subzone_id":"AMSZ09","subzone":"YIO CHU KANG WEST","lon":103.8441,"lat":1.3778,"property_match":"MATCHED","property_match_confidence":"HIGH","street":"ANG MO KIO AVE 5","residential":"Y","year_completed":1980,"building_age_2026":46,"max_floor_lvl":13,"total_dwelling_units":208,"small_flat_share_pct":84.62,"rental_share_pct":0.0,"footprint_area_m2":1910.1,"estimated_residents_2026":461.3,"estimated_elderly_65plus_2026":138.2,"estimated_elderly_share_pct":29.95,"elderly_exposure_score":96.0,"elderly_exposure_class":"VERY HIGH","estimate_confidence":"HIGH","display_name":"Block 649"},"geometry":{"type":"Polygon","coordinates":[[[103.843638,1.37784],[103.84361,1.377845],[103.843612,1.377795],[103.843589,1.377795],[103.84359,1.377845],[103.843562,1.37784],[103.843562,1.377819],[103.84353,1.377819],[103.84353,1.37784],[103.843502,1.377844],[103.843509,1.377793],[103.843496,1.377792],[103.843493,1.377821],[103.843455,1.377818],[103.843452,1.377849],[103.843439,1.377848],[103.843437,1.377898],[103.843409,1.37789],[103.843411,1.37787],[103.843379,1.377867],[103.843377,1.377887],[103.843348,1.377889],[103.843355,1.37784],[103.843332,1.377838],[103.843329,1.377888],[103.843302,1.37788],[103.843304,1.37786],[103.843271,1.377857],[103.84327,1.377878],[103.843241,1.37788],[103.843247,1.377827],[103.843234,1.377826],[103.843237,1.377788],[103.843224,1.377786],[103.84323,1.377718],[103.843459,1.377739],[103.84347,1.377648],[103.843491,1.377645],[103.843494,1.377688],[103.843656,1.377681],[103.843881,1.377689],[103.843881,1.377717],[103.843868,1.377717],[103.843868,1.377752],[103.84392,1.377752],[103.843919,1.377744],[103.844081,1.377752],[103.844082,1.377711],[103.844103,1.377709],[103.84411,1.377803],[103.84434,1.377804],[103.84434,1.377872],[103.844326,1.377872],[103.844326,1.377911],[103.844313,1.377911],[103.844315,1.377964],[103.844287,1.377959],[103.844287,1.377938],[103.844254,1.377938],[103.844254,1.377959],[103.844226,1.377964],[103.844227,1.377914],[103.844205,1.377914],[103.844207,1.377963],[103.844179,1.377959],[103.844179,1.377938],[103.844146,1.377938],[103.844146,1.377959],[103.844118,1.377963],[103.84412,1.377914],[103.844108,1.377914],[103.844108,1.377883],[103.844081,1.377883],[103.844081,1.377859],[103.84407,1.377859],[103.844072,1.377908],[103.844044,1.377903],[103.844044,1.377883],[103.844012,1.377882],[103.844012,1.377903],[103.843983,1.377908],[103.843986,1.377858],[103.843962,1.377858],[103.843965,1.377908],[103.843936,1.377903],[103.843936,1.377882],[103.843904,1.377882],[103.843904,1.377903],[103.843876,1.377907],[103.84388,1.377882],[103.843867,1.377873],[103.843865,1.377798],[103.843806,1.377792],[103.843808,1.377845],[103.84378,1.377841],[103.84378,1.37782],[103.843748,1.37782],[103.843748,1.37784],[103.84372,1.377845],[103.843722,1.377796],[103.843697,1.377796],[103.843698,1.377845],[103.84367,1.37784],[103.84367,1.37782],[103.843638,1.377819],[103.843638,1.37784]]]}},{"type":"Feature","properties":{"block_id":"4612","blk_no":"650","postal_code":"560650","region_id":"NER","region":"NORTH-EAST REGION","planning_area_id":"AM","planning_area":"ANG MO KIO","subzone_id":"AMSZ09","subzone":"YIO CHU KANG WEST","lon":103.8428,"lat":1.3777,"property_match":"MATCHED","property_match_confidence":"HIGH","street":"ANG MO KIO ST 61","residential":"Y","year_completed":2014,"building_age_2026":12,"max_floor_lvl":21,"total_dwelling_units":256,"small_flat_share_pct":100.0,"rental_share_pct":0.0,"footprint_area_m2":1171.0,"estimated_residents_2026":567.6,"estimated_elderly_65plus_2026":167.3,"estimated_elderly_share_pct":29.47,"elderly_exposure_score":98.2,"elderly_exposure_class":"VERY HIGH","estimate_confidence":"HIGH","display_name":"Block 650"},"geometry":{"type":"Polygon","coordinates":[[[103.843066,1.377676],[103.84306,1.377743],[103.843041,1.377741],[103.843039,1.377768],[103.843057,1.37777],[103.843051,1.377837],[103.842996,1.377832],[103.842997,1.377824],[103.842943,1.377826],[103.84295,1.377752],[103.842875,1.377745],[103.84286,1.377806],[103.842833,1.377804],[103.842835,1.37779],[103.842784,1.377785],[103.842782,1.377799],[103.842755,1.377796],[103.842752,1.377734],[103.84271,1.37773],[103.842714,1.377764],[103.842706,1.377773],[103.842719,1.377774],[103.842712,1.377842],[103.842673,1.377838],[103.842675,1.377784],[103.842651,1.377786],[103.842647,1.377831],[103.84262,1.377828],[103.842621,1.377814],[103.84257,1.377809],[103.842568,1.377824],[103.842541,1.377821],[103.842545,1.377777],[103.842537,1.377776],[103.842538,1.377759],[103.842524,1.377757],[103.842513,1.377824],[103.842424,1.377824],[103.84243,1.377757],[103.842449,1.377759],[103.842451,1.377744],[103.842492,1.377748],[103.842493,1.377735],[103.842452,1.377731],[103.842453,1.377716],[103.842434,1.377714],[103.842443,1.377581],[103.842621,1.377597],[103.842606,1.37773],[103.842587,1.377728],[103.842586,1.377741],[103.842627,1.37774],[103.842632,1.377688],[103.842669,1.3777],[103.84267,1.377682],[103.84268,1.377683],[103.842681,1.377643],[103.843011,1.37768],[103.843011,1.377671],[103.843066,1.377676]]]}},{"type":"Feature","properties":{"block_id":"10540","blk_no":"651","postal_code":"560651","region_id":"NER","region":"NORTH-EAST REGION","planning_area_id":"AM","planning_area":"ANG MO KIO","subzone_id":"AMSZ09","subzone":"YIO CHU KANG WEST","lon":103.8418,"lat":1.3831,"property_match":"MATCHED","property_match_confidence":"HIGH","street":"ANG MO KIO AVE 9","residential":"N","year_completed":2024,"building_age_2026":2,"max_floor_lvl":7,"total_dwelling_units":0,"small_flat_share_pct":null,"rental_share_pct":null,"footprint_area_m2":1898.2,"estimated_residents_2026":0.0,"estimated_elderly_65plus_2026":0.0,"estimated_elderly_share_pct":null,"elderly_exposure_score":null,"elderly_exposure_class":null,"estimate_confidence":"HIGH","display_name":"Block 651"},"geometry":{"type":"Polygon","coordinates":[[[103.841532,1.383172],[103.841632,1.382981],[103.841613,1.382971],[103.841639,1.38292],[103.841649,1.382925],[103.841759,1.382713],[103.84186,1.382766],[103.841853,1.382781],[103.841878,1.382794],[103.841865,1.382818],[103.841946,1.38286],[103.842016,1.382941],[103.841845,1.383272],[103.841737,1.383261],[103.84167,1.383226],[103.841662,1.38324],[103.841532,1.383172]]]}},{"type":"Feature","properties":{"block_id":"5253","blk_no":"651A","postal_code":"561651","region_id":"NER","region":"NORTH-EAST REGION","planning_area_id":"AM","planning_area":"ANG MO KIO","subzone_id":"AMSZ09","subzone":"YIO CHU KANG WEST","lon":103.8416,"lat":1.3834,"property_match":"MATCHED","property_match_confidence":"HIGH","street":"ANG MO KIO AVE 9","residential":"Y","year_completed":2024,"building_age_2026":2,"max_floor_lvl":17,"total_dwelling_units":157,"small_flat_share_pct":61.15,"rental_share_pct":0.0,"footprint_area_m2":1171.1,"estimated_residents_2026":378.8,"estimated_elderly_65plus_2026":106.5,"estimated_elderly_share_pct":28.11,"elderly_exposure_score":90.1,"elderly_exposure_class":"VERY HIGH","estimate_confidence":"HIGH","display_name":"Block 651A"},"geometry":{"type":"Polygon","coordinates":[[[103.841577,1.383453],[103.841502,1.383435],[103.841499,1.383447],[103.841521,1.383453],[103.841514,1.383476],[103.841522,1.383479],[103.841503,1.383523],[103.841434,1.383503],[103.841435,1.383487],[103.841402,1.383477],[103.841377,1.38347],[103.841369,1.383484],[103.841298,1.383464],[103.841306,1.383417],[103.841315,1.383419],[103.841322,1.383396],[103.841343,1.383402],[103.841346,1.383391],[103.84127,1.383368],[103.84124,1.383439],[103.841069,1.38339],[103.841074,1.383333],[103.841086,1.383314],[103.841086,1.3833],[103.841074,1.383294],[103.841098,1.383227],[103.841146,1.383242],[103.84115,1.383229],[103.841192,1.38324],[103.841189,1.383253],[103.841233,1.383264],[103.841223,1.383337],[103.841295,1.383359],[103.841298,1.383347],[103.841277,1.383341],[103.841296,1.383276],[103.841427,1.383325],[103.841436,1.383315],[103.84148,1.383328],[103.841466,1.383395],[103.841445,1.383389],[103.841442,1.383401],[103.841534,1.383427],[103.841558,1.383429],[103.841559,1.383418],[103.841538,1.383416],[103.84154,1.383391],[103.841532,1.38339],[103.841543,1.383344],[103.841614,1.383351],[103.841617,1.383369],[103.841677,1.383376],[103.841683,1.383361],[103.841759,1.383373],[103.841743,1.38344],[103.841721,1.383439],[103.84172,1.38345],[103.841676,1.383447],[103.841683,1.383475],[103.841705,1.383476],[103.841703,1.383501],[103.84171,1.383501],[103.841699,1.383548],[103.841628,1.38354],[103.841625,1.383523],[103.841572,1.383521],[103.841577,1.383453]]]}},{"type":"Feature","properties":{"block_id":"5254","blk_no":"651B","postal_code":"562651","region_id":"NER","region":"NORTH-EAST REGION","planning_area_id":"AM","planning_area":"ANG MO KIO","subzone_id":"AMSZ09","subzone":"YIO CHU KANG WEST","lon":103.8419,"lat":1.3834,"property_match":"MATCHED","property_match_confidence":"HIGH","street":"ANG MO KIO AVE 9","residential":"Y","year_completed":2024,"building_age_2026":2,"max_floor_lvl":18,"total_dwelling_units":145,"small_flat_share_pct":37.93,"rental_share_pct":0.0,"footprint_area_m2":1184.5,"estimated_residents_2026":365.5,"estimated_elderly_65plus_2026":100.4,"estimated_elderly_share_pct":27.48,"elderly_exposure_score":87.7,"elderly_exposure_class":"VERY HIGH","estimate_confidence":"HIGH","display_name":"Block 651B"},"geometry":{"type":"Polygon","coordinates":[[[103.84185,1.383448],[103.841855,1.383382],[103.841971,1.383401],[103.841977,1.38339],[103.842023,1.383395],[103.842022,1.383464],[103.842001,1.383462],[103.841999,1.383476],[103.842196,1.383489],[103.842202,1.383425],[103.842126,1.383419],[103.842113,1.383411],[103.842114,1.383397],[103.84209,1.383393],[103.842103,1.383321],[103.842209,1.383328],[103.842212,1.383405],[103.842238,1.383403],[103.84225,1.38321],[103.842286,1.383223],[103.842288,1.383201],[103.842356,1.383199],[103.842352,1.383277],[103.842336,1.38328],[103.84233,1.383339],[103.842346,1.383345],[103.84234,1.383418],[103.842291,1.383419],[103.842292,1.38341],[103.842269,1.383408],[103.842271,1.383386],[103.842258,1.383385],[103.842255,1.383418],[103.842259,1.383434],[103.842326,1.38344],[103.842318,1.383507],[103.842276,1.383503],[103.842274,1.383516],[103.842313,1.38352],[103.842316,1.383534],[103.842338,1.383536],[103.842341,1.383605],[103.842263,1.383601],[103.84226,1.383584],[103.842226,1.383581],[103.8422,1.383579],[103.842194,1.383595],[103.842123,1.383588],[103.842121,1.38354],[103.84213,1.383541],[103.842132,1.383516],[103.842155,1.383518],[103.842156,1.383507],[103.842102,1.383501],[103.842076,1.383499],[103.842075,1.383511],[103.842097,1.383513],[103.842095,1.383538],[103.842103,1.383539],[103.842094,1.383586],[103.842021,1.383578],[103.842019,1.383562],[103.841966,1.383556],[103.841936,1.383554],[103.841931,1.38357],[103.841859,1.383563],[103.841857,1.383515],[103.841866,1.383515],[103.841868,1.383492],[103.841891,1.383494],[103.841896,1.383466],[103.84185,1.383448]]]}},{"type":"Feature","properties":{"block_id":"10543","blk_no":"651C","postal_code":"563651","region_id":"NER","region":"NORTH-EAST REGION","planning_area_id":"AM","planning_area":"ANG MO KIO","subzone_id":"AMSZ09","subzone":"YIO CHU KANG WEST","lon":103.8422,"lat":1.3829,"property_match":"MATCHED","property_match_confidence":"HIGH","street":"ANG MO KIO AVE 9","residential":"Y","year_completed":2024,"building_age_2026":2,"max_floor_lvl":18,"total_dwelling_units":152,"small_flat_share_pct":44.74,"rental_share_pct":0.0,"footprint_area_m2":1095.5,"estimated_residents_2026":376.6,"estimated_elderly_65plus_2026":104.6,"estimated_elderly_share_pct":27.77,"elderly_exposure_score":89.4,"elderly_exposure_class":"VERY HIGH","estimate_confidence":"HIGH","display_name":"Block 651C"},"geometry":{"type":"Polygon","coordinates":[[[103.841989,1.382663],[103.841985,1.382733],[103.842023,1.382736],[103.842024,1.382724],[103.842004,1.382722],[103.842009,1.382656],[103.842125,1.382676],[103.842132,1.382665],[103.842152,1.382667],[103.842182,1.382672],[103.842176,1.382739],[103.842154,1.382737],[103.842153,1.382749],[103.842224,1.382755],[103.842225,1.382743],[103.842203,1.382741],[103.842205,1.382717],[103.842196,1.382716],[103.8422,1.382671],[103.842277,1.382675],[103.842281,1.382692],[103.842306,1.382695],[103.84234,1.382698],[103.842346,1.382682],[103.842423,1.382692],[103.842408,1.382759],[103.842386,1.382757],[103.84238,1.382771],[103.842342,1.382768],[103.842341,1.382781],[103.84238,1.382785],[103.842379,1.382852],[103.842312,1.382846],[103.842305,1.382861],[103.842302,1.382894],[103.842315,1.382895],[103.842317,1.382873],[103.842341,1.382875],[103.842342,1.382866],[103.842388,1.382877],[103.842381,1.382948],[103.842364,1.382951],[103.84236,1.383012],[103.842375,1.383018],[103.842365,1.383095],[103.842298,1.38308],[103.8423,1.383058],[103.842263,1.383064],[103.842284,1.382873],[103.84226,1.382865],[103.842243,1.38294],[103.842137,1.382928],[103.842139,1.382855],[103.842163,1.382855],[103.842165,1.382842],[103.842178,1.382836],[103.842254,1.382844],[103.84226,1.38278],[103.841934,1.38275],[103.841922,1.382742],[103.841923,1.382728],[103.841885,1.382725],[103.841881,1.382711],[103.84186,1.382709],[103.841862,1.382685],[103.841853,1.382684],[103.841863,1.382638],[103.841934,1.382644],[103.841937,1.38266],[103.841989,1.382663]]]}}]}