{"type":"FeatureCollection","features":[{"type":"Feature","properties":{"block_id":"12567","blk_no":"201","postal_code":"360201","region_id":"CR","region":"CENTRAL REGION","planning_area_id":"TP","planning_area":"TOA PAYOH","subzone_id":"TPSZ10","subzone":"BIDADARI","lon":103.8722,"lat":1.3404,"property_match":"MATCHED","property_match_confidence":"HIGH","street":"WOODLEIGH LINK","residential":"N","year_completed":2022,"building_age_2026":4,"max_floor_lvl":5,"total_dwelling_units":0,"small_flat_share_pct":null,"rental_share_pct":null,"footprint_area_m2":3377.3,"estimated_residents_2026":0.0,"estimated_elderly_65plus_2026":0.0,"estimated_elderly_share_pct":null,"elderly_exposure_score":null,"elderly_exposure_class":null,"estimate_confidence":"HIGH","display_name":"Block 201"},"geometry":{"type":"Polygon","coordinates":[[[103.871984,1.340126],[103.872381,1.340126],[103.872381,1.340169],[103.87246,1.34017],[103.872471,1.340232],[103.872518,1.340224],[103.872522,1.340246],[103.87254,1.340243],[103.872559,1.340349],[103.87251,1.340364],[103.872538,1.340405],[103.872549,1.340397],[103.872559,1.340413],[103.872575,1.340403],[103.872613,1.340464],[103.872469,1.340563],[103.872447,1.340535],[103.872424,1.34055],[103.872417,1.340526],[103.872385,1.340536],[103.872381,1.34052],[103.872317,1.340538],[103.872327,1.340575],[103.872267,1.340591],[103.872276,1.340625],[103.872111,1.340672],[103.872092,1.340612],[103.872046,1.340597],[103.871923,1.340597],[103.871923,1.340216],[103.871984,1.340212],[103.871984,1.340126]]]}},{"type":"Feature","properties":{"block_id":"12568","blk_no":"201A","postal_code":"361201","region_id":"CR","region":"CENTRAL REGION","planning_area_id":"TP","planning_area":"TOA PAYOH","subzone_id":"TPSZ10","subzone":"BIDADARI","lon":103.8712,"lat":1.3405,"property_match":"MATCHED","property_match_confidence":"HIGH","street":"WOODLEIGH LINK","residential":"Y","year_completed":2022,"building_age_2026":4,"max_floor_lvl":13,"total_dwelling_units":87,"small_flat_share_pct":59.77,"rental_share_pct":0.0,"footprint_area_m2":874.5,"estimated_residents_2026":216.3,"estimated_elderly_65plus_2026":19.5,"estimated_elderly_share_pct":9.0,"elderly_exposure_score":10.2,"elderly_exposure_class":"VERY LOW","estimate_confidence":"HIGH","display_name":"Block 201A"},"geometry":{"type":"Polygon","coordinates":[[[103.871282,1.34067],[103.871282,1.340658],[103.871261,1.340658],[103.871261,1.340668],[103.871123,1.34067],[103.871123,1.340624],[103.871131,1.340624],[103.871131,1.340609],[103.871147,1.340609],[103.871147,1.340587],[103.871213,1.340587],[103.871213,1.340498],[103.871193,1.340498],[103.871193,1.340524],[103.87114,1.340524],[103.87114,1.340343],[103.871194,1.340344],[103.871194,1.340371],[103.871213,1.340371],[103.871213,1.340363],[103.871213,1.340315],[103.871166,1.340315],[103.871166,1.340302],[103.87114,1.340302],[103.87114,1.34024],[103.87123,1.34024],[103.87123,1.340251],[103.871251,1.340251],[103.871251,1.340239],[103.871364,1.34024],[103.871364,1.340284],[103.871355,1.340284],[103.871355,1.3403],[103.87134,1.3403],[103.87134,1.340322],[103.871229,1.340322],[103.871229,1.340458],[103.871285,1.340458],[103.871289,1.340404],[103.871311,1.340404],[103.871312,1.340377],[103.871364,1.340378],[103.871364,1.340559],[103.87131,1.340558],[103.87131,1.340532],[103.871289,1.340532],[103.871289,1.340483],[103.871229,1.340483],[103.871229,1.340524],[103.871233,1.340554],[103.871284,1.340554],[103.871284,1.340583],[103.87137,1.340587],[103.87137,1.340608],[103.871385,1.340609],[103.871385,1.340625],[103.871394,1.340625],[103.871394,1.34067],[103.871282,1.34067]]]}},{"type":"Feature","properties":{"block_id":"12569","blk_no":"201B","postal_code":"362201","region_id":"CR","region":"CENTRAL REGION","planning_area_id":"TP","planning_area":"TOA PAYOH","subzone_id":"TPSZ10","subzone":"BIDADARI","lon":103.8725,"lat":1.3404,"property_match":"MATCHED","property_match_confidence":"HIGH","street":"WOODLEIGH LINK","residential":"Y","year_completed":2022,"building_age_2026":4,"max_floor_lvl":13,"total_dwelling_units":141,"small_flat_share_pct":46.81,"rental_share_pct":0.0,"footprint_area_m2":1473.3,"estimated_residents_2026":357.5,"estimated_elderly_65plus_2026":25.9,"estimated_elderly_share_pct":7.25,"elderly_exposure_score":14.8,"elderly_exposure_class":"VERY LOW","estimate_confidence":"HIGH","display_name":"Block 201B"},"geometry":{"type":"Polygon","coordinates":[[[103.872585,1.340133],[103.872623,1.340356],[103.87258,1.340363],[103.872578,1.340355],[103.872563,1.340358],[103.87256,1.340343],[103.872538,1.340347],[103.872583,1.340417],[103.872562,1.340431],[103.872573,1.340447],[103.872595,1.340432],[103.872624,1.340477],[103.872476,1.340578],[103.872445,1.340535],[103.872468,1.340519],[103.872457,1.340502],[103.872418,1.340528],[103.872431,1.340576],[103.872383,1.340589],[103.872387,1.340603],[103.872362,1.34061],[103.872358,1.340596],[103.872332,1.340604],[103.872318,1.340555],[103.872239,1.340577],[103.872245,1.340598],[103.872272,1.340592],[103.872285,1.340642],[103.872114,1.340691],[103.872099,1.340639],[103.872124,1.340632],[103.872119,1.340612],[103.87202,1.340612],[103.87202,1.340633],[103.872047,1.340635],[103.872046,1.340688],[103.871845,1.340688],[103.871845,1.340633],[103.871871,1.340633],[103.871871,1.340611],[103.871917,1.340611],[103.871908,1.340576],[103.871893,1.340576],[103.871893,1.34056],[103.871884,1.34056],[103.871884,1.340515],[103.872107,1.340515],[103.872114,1.340597],[103.87221,1.340569],[103.872204,1.340549],[103.872185,1.340555],[103.87218,1.340538],[103.872171,1.340541],[103.872159,1.340499],[103.872374,1.340437],[103.872387,1.34048],[103.872379,1.340483],[103.872383,1.340498],[103.872368,1.340502],[103.872374,1.340523],[103.872414,1.340512],[103.872487,1.340462],[103.872475,1.340444],[103.872463,1.340453],[103.872454,1.340439],[103.872446,1.340444],[103.872423,1.340409],[103.872524,1.340344],[103.872486,1.340177],[103.87253,1.340167],[103.872527,1.340152],[103.872543,1.340149],[103.872541,1.34014],[103.872585,1.340133]]]}},{"type":"Feature","properties":{"block_id":"12586","blk_no":"201C","postal_code":"363201","region_id":"CR","region":"CENTRAL REGION","planning_area_id":"TP","planning_area":"TOA PAYOH","subzone_id":"TPSZ10","subzone":"BIDADARI","lon":103.8722,"lat":1.34,"property_match":"MATCHED","property_match_confidence":"HIGH","street":"WOODLEIGH LINK","residential":"Y","year_completed":2022,"building_age_2026":4,"max_floor_lvl":13,"total_dwelling_units":102,"small_flat_share_pct":51.96,"rental_share_pct":0.0,"footprint_area_m2":1090.4,"estimated_residents_2026":256.6,"estimated_elderly_65plus_2026":20.4,"estimated_elderly_share_pct":7.94,"elderly_exposure_score":10.9,"elderly_exposure_class":"VERY LOW","estimate_confidence":"HIGH","display_name":"Block 201C"},"geometry":{"type":"Polygon","coordinates":[[[103.872119,1.339871],[103.872119,1.339916],[103.872111,1.339916],[103.872111,1.339931],[103.872095,1.339931],[103.872095,1.339953],[103.872197,1.339953],[103.872197,1.339931],[103.872182,1.339931],[103.872182,1.339916],[103.872173,1.339916],[103.872173,1.339871],[103.872396,1.339871],[103.872396,1.339915],[103.872388,1.339915],[103.872388,1.339931],[103.872372,1.339931],[103.872372,1.339951],[103.872462,1.339953],[103.872476,1.339948],[103.872476,1.339927],[103.872449,1.339925],[103.872451,1.33987],[103.872517,1.339871],[103.872517,1.339895],[103.872539,1.339895],[103.872555,1.339994],[103.872564,1.339992],[103.872567,1.34001],[103.872558,1.340011],[103.872563,1.340037],[103.872488,1.34005],[103.872483,1.340025],[103.872472,1.340027],[103.872462,1.339969],[103.872411,1.339969],[103.872411,1.339989],[103.872437,1.339989],[103.872437,1.340043],[103.872259,1.340043],[103.872258,1.339992],[103.872285,1.33999],[103.872285,1.339969],[103.872179,1.339969],[103.872179,1.33999],[103.872206,1.339992],[103.872205,1.340043],[103.872027,1.340043],[103.872027,1.339989],[103.872053,1.339989],[103.872053,1.33997],[103.871977,1.339969],[103.871972,1.340051],[103.871882,1.340051],[103.871882,1.339998],[103.871908,1.339998],[103.871903,1.339952],[103.87192,1.339952],[103.87192,1.339931],[103.871905,1.339931],[103.871905,1.339916],[103.871896,1.339916],[103.871896,1.339871],[103.872119,1.339871]]]}},{"type":"Feature","properties":{"block_id":"12614","blk_no":"202","postal_code":"360202","region_id":"CR","region":"CENTRAL REGION","planning_area_id":"TP","planning_area":"TOA PAYOH","subzone_id":"TPSZ10","subzone":"BIDADARI","lon":103.8722,"lat":1.3402,"property_match":"MATCHED","property_match_confidence":"HIGH","street":"WOODLEIGH LINK","residential":"N","year_completed":2024,"building_age_2026":2,"max_floor_lvl":3,"total_dwelling_units":0,"small_flat_share_pct":null,"rental_share_pct":null,"footprint_area_m2":13038.4,"estimated_residents_2026":0.0,"estimated_elderly_65plus_2026":0.0,"estimated_elderly_share_pct":null,"elderly_exposure_score":null,"elderly_exposure_class":null,"estimate_confidence":"HIGH","display_name":"Block 202"},"geometry":{"type":"Polygon","coordinates":[[[103.871049,1.340217],[103.871161,1.340216],[103.871192,1.340191],[103.871196,1.340036],[103.87126,1.339666],[103.871428,1.339694],[103.871461,1.339657],[103.871497,1.339642],[103.871578,1.339649],[103.871678,1.339639],[103.871783,1.33965],[103.871882,1.339639],[103.872511,1.339655],[103.872577,1.34004],[103.872552,1.340044],[103.872568,1.340136],[103.872443,1.340161],[103.872459,1.340252],[103.872497,1.340245],[103.872486,1.340177],[103.87251,1.340173],[103.87252,1.340229],[103.872537,1.340226],[103.872548,1.340287],[103.872529,1.340291],[103.872542,1.340357],[103.872583,1.340417],[103.872521,1.340456],[103.872534,1.340475],[103.872508,1.340493],[103.872495,1.340474],[103.872418,1.340528],[103.872431,1.340576],[103.872383,1.340589],[103.872387,1.340603],[103.872362,1.34061],[103.872358,1.340596],[103.872332,1.340604],[103.872318,1.340555],[103.872194,1.340589],[103.872201,1.340612],[103.87217,1.34062],[103.872164,1.3406],[103.872119,1.340612],[103.871973,1.340612],[103.871973,1.340634],[103.871958,1.340634],[103.871958,1.340686],[103.871933,1.340686],[103.871933,1.340634],[103.871917,1.340634],[103.871917,1.340611],[103.871688,1.340618],[103.871688,1.34068],[103.871529,1.34068],[103.871528,1.340738],[103.871479,1.340724],[103.871479,1.34067],[103.87149,1.340665],[103.871438,1.340665],[103.871438,1.340629],[103.871491,1.340629],[103.871491,1.340589],[103.871313,1.340587],[103.871313,1.340606],[103.871282,1.340606],[103.871282,1.340658],[103.871236,1.340668],[103.871236,1.340606],[103.871203,1.340606],[103.871203,1.340587],[103.871049,1.340588],[103.871049,1.340217]],[[103.871906,1.339742],[103.871901,1.339708],[103.871881,1.339706],[103.87187,1.339736],[103.871876,1.339756],[103.871898,1.33976],[103.871906,1.339742]],[[103.871612,1.33985],[103.871585,1.339896],[103.871597,1.339911],[103.871634,1.339876],[103.871634,1.339863],[103.871612,1.33985]],[[103.872272,1.339758],[103.872284,1.339702],[103.872262,1.339692],[103.87225,1.339706],[103.872255,1.339758],[103.872272,1.339758]],[[103.871521,1.340225],[103.871537,1.340245],[103.871715,1.340245],[103.871734,1.340235],[103.871743,1.340205],[103.871723,1.340178],[103.871681,1.340175],[103.871681,1.340225],[103.871521,1.340225]],[[103.871782,1.33998],[103.871796,1.340111],[103.871785,1.340225],[103.871803,1.340241],[103.871872,1.340241],[103.871905,1.340209],[103.871905,1.340051],[103.871882,1.340051],[103.871882,1.339998],[103.871908,1.339998],[103.871908,1.33998],[103.871782,1.33998]],[[103.871884,1.340311],[103.871865,1.340287],[103.871774,1.340287],[103.871735,1.340297],[103.871704,1.340327],[103.871693,1.340366],[103.871711,1.340466],[103.871699,1.340531],[103.871725,1.340577],[103.871883,1.340585],[103.871884,1.340311]],[[103.872053,1.339969],[103.871977,1.339969],[103.871972,1.340051],[103.871947,1.340051],[103.871947,1.340139],[103.872346,1.340139],[103.872519,1.340109],[103.872509,1.340047],[103.872488,1.34005],[103.872483,1.340025],[103.872472,1.340027],[103.872462,1.339969],[103.872411,1.339969],[103.872411,1.339989],[103.872437,1.339989],[103.872437,1.340043],[103.872259,1.340043],[103.872259,1.340028],[103.872205,1.340028],[103.872205,1.340043],[103.872027,1.340043],[103.872027,1.339989],[103.872053,1.339989],[103.872053,1.339969]],[[103.871251,1.340203],[103.871251,1.340302],[103.871284,1.340302],[103.871284,1.340318],[103.871229,1.340322],[103.871229,1.340458],[103.871289,1.340462],[103.871289,1.340452],[103.871312,1.340452],[103.871312,1.340483],[103.871282,1.340476],[103.871229,1.340483],[103.871229,1.340554],[103.871284,1.340554],[103.871284,1.340571],[103.871451,1.34057],[103.871477,1.34056],[103.871497,1.340531],[103.871503,1.340426],[103.871495,1.340327],[103.871458,1.340231],[103.87146,1.340132],[103.871447,1.340086],[103.871418,1.340067],[103.87135,1.340067],[103.871296,1.340047],[103.871293,1.340067],[103.871274,1.340075],[103.87126,1.340064],[103.871258,1.340036],[103.871242,1.340062],[103.871268,1.34014],[103.871251,1.340203]]]}},{"type":"Feature","properties":{"block_id":"12587","blk_no":"202A","postal_code":"361202","region_id":"CR","region":"CENTRAL REGION","planning_area_id":"TP","planning_area":"TOA PAYOH","subzone_id":"TPSZ10","subzone":"BIDADARI","lon":103.8716,"lat":1.3405,"property_match":"MATCHED","property_match_confidence":"HIGH","street":"WOODLEIGH LINK","residential":"N","year_completed":2024,"building_age_2026":2,"max_floor_lvl":1,"total_dwelling_units":0,"small_flat_share_pct":null,"rental_share_pct":null,"footprint_area_m2":683.3,"estimated_residents_2026":0.0,"estimated_elderly_65plus_2026":0.0,"estimated_elderly_share_pct":null,"elderly_exposure_score":null,"elderly_exposure_class":null,"estimate_confidence":"HIGH","display_name":"Block 202A"},"geometry":{"type":"Polygon","coordinates":[[[103.871672,1.340278],[103.871673,1.340677],[103.871533,1.340677],[103.871533,1.340278],[103.871672,1.340278]]]}},{"type":"Feature","properties":{"block_id":"12585","blk_no":"205","postal_code":"360205","region_id":"CR","region":"CENTRAL REGION","planning_area_id":"TP","planning_area":"TOA PAYOH","subzone_id":"TPSZ10","subzone":"BIDADARI","lon":103.8726,"lat":1.341,"property_match":"MATCHED","property_match_confidence":"HIGH","street":"WOODLEIGH LINK","residential":"N","year_completed":2023,"building_age_2026":3,"max_floor_lvl":1,"total_dwelling_units":0,"small_flat_share_pct":null,"rental_share_pct":null,"footprint_area_m2":594.3,"estimated_residents_2026":0.0,"estimated_elderly_65plus_2026":0.0,"estimated_elderly_share_pct":null,"elderly_exposure_score":null,"elderly_exposure_class":null,"estimate_confidence":"HIGH","display_name":"Block 205"},"geometry":{"type":"Polygon","coordinates":[[[103.87248,1.341029],[103.87251,1.340922],[103.872576,1.340884],[103.872663,1.34091],[103.872713,1.340882],[103.872818,1.341071],[103.872749,1.34111],[103.87248,1.341029]]]}},{"type":"Feature","properties":{"block_id":"11053727","blk_no":"206","postal_code":"360206","region_id":"CR","region":"CENTRAL REGION","planning_area_id":"TP","planning_area":"TOA PAYOH","subzone_id":"TPSZ10","subzone":"BIDADARI","lon":103.8723,"lat":1.3414,"property_match":"MATCHED","property_match_confidence":"HIGH","street":"WOODLEIGH LINK","residential":"N","year_completed":2022,"building_age_2026":4,"max_floor_lvl":2,"total_dwelling_units":0,"small_flat_share_pct":null,"rental_share_pct":null,"footprint_area_m2":5641.0,"estimated_residents_2026":0.0,"estimated_elderly_65plus_2026":0.0,"estimated_elderly_share_pct":null,"elderly_exposure_score":null,"elderly_exposure_class":null,"estimate_confidence":"HIGH","display_name":"Block 206"},"geometry":{"type":"MultiPolygon","coordinates":[[[[103.871821,1.342125],[103.872205,1.342238],[103.872136,1.342412],[103.872107,1.34246],[103.871756,1.342356],[103.87178,1.342272],[103.871767,1.342268],[103.871785,1.34221],[103.871797,1.342213],[103.871821,1.342125]]],[[[103.871886,1.341628],[103.872409,1.341779],[103.872255,1.342057],[103.871828,1.341932],[103.871821,1.341957],[103.871796,1.341949],[103.871886,1.341628]]],[[[103.871932,1.341437],[103.871952,1.34138],[103.871938,1.341376],[103.871972,1.341261],[103.871984,1.341264],[103.872039,1.341099],[103.872058,1.341108],[103.872053,1.341124],[103.872147,1.341152],[103.87214,1.341175],[103.872677,1.341334],[103.872523,1.341613],[103.871932,1.341437]]]]}},{"type":"Feature","properties":{"block_id":"12584","blk_no":"206A","postal_code":"361206","region_id":"CR","region":"CENTRAL REGION","planning_area_id":"TP","planning_area":"TOA PAYOH","subzone_id":"TPSZ10","subzone":"BIDADARI","lon":103.8725,"lat":1.3412,"property_match":"MATCHED","property_match_confidence":"HIGH","street":"WOODLEIGH LINK","residential":"Y","year_completed":2022,"building_age_2026":4,"max_floor_lvl":14,"total_dwelling_units":104,"small_flat_share_pct":0.0,"rental_share_pct":0.0,"footprint_area_m2":1327.8,"estimated_residents_2026":282.1,"estimated_elderly_65plus_2026":4.2,"estimated_elderly_share_pct":1.47,"elderly_exposure_score":0.8,"elderly_exposure_class":"VERY LOW","estimate_confidence":"HIGH","display_name":"Block 206A"},"geometry":{"type":"Polygon","coordinates":[[[103.87262,1.341317],[103.872405,1.341253],[103.872417,1.341211],[103.872428,1.341214],[103.872446,1.341192],[103.872474,1.3412],[103.872479,1.341184],[103.872327,1.341144],[103.872324,1.341155],[103.872361,1.341175],[103.872355,1.341192],[103.872366,1.341196],[103.872354,1.341238],[103.87214,1.341175],[103.872147,1.341152],[103.872077,1.341131],[103.872088,1.341093],[103.87221,1.341121],[103.872243,1.341024],[103.872264,1.34103],[103.872269,1.341013],[103.872376,1.341045],[103.872364,1.341088],[103.872354,1.341085],[103.872349,1.341102],[103.872336,1.341107],[103.872307,1.341099],[103.872303,1.341115],[103.872418,1.341149],[103.872423,1.341133],[103.872395,1.341125],[103.872387,1.341114],[103.872392,1.341097],[103.872381,1.341093],[103.872394,1.34105],[103.872607,1.341114],[103.872595,1.341157],[103.872583,1.341153],[103.872578,1.341171],[103.872566,1.341176],[103.872537,1.341167],[103.872533,1.341183],[103.872684,1.341224],[103.872688,1.341212],[103.872651,1.341192],[103.872656,1.341175],[103.872646,1.341172],[103.872658,1.341129],[103.872767,1.341161],[103.872762,1.341178],[103.872784,1.341184],[103.872765,1.341249],[103.872844,1.341273],[103.872879,1.341247],[103.872894,1.341257],[103.872922,1.341227],[103.872938,1.341237],[103.872944,1.341227],[103.87298,1.341251],[103.87286,1.341441],[103.872822,1.341417],[103.872829,1.341407],[103.872814,1.341397],[103.872829,1.341358],[103.872815,1.341349],[103.872825,1.341333],[103.872814,1.341319],[103.872833,1.34129],[103.872721,1.341257],[103.872685,1.341322],[103.872641,1.341309],[103.872661,1.341243],[103.872653,1.341234],[103.872593,1.341221],[103.87259,1.341233],[103.872627,1.341253],[103.872622,1.34127],[103.872633,1.341274],[103.87262,1.341317]]]}},{"type":"Feature","properties":{"block_id":"12562","blk_no":"206B","postal_code":"362206","region_id":"CR","region":"CENTRAL REGION","planning_area_id":"TP","planning_area":"TOA PAYOH","subzone_id":"TPSZ10","subzone":"BIDADARI","lon":103.8722,"lat":1.3417,"property_match":"MATCHED","property_match_confidence":"HIGH","street":"WOODLEIGH LINK","residential":"Y","year_completed":2022,"building_age_2026":4,"max_floor_lvl":14,"total_dwelling_units":112,"small_flat_share_pct":0.0,"rental_share_pct":0.0,"footprint_area_m2":1576.9,"estimated_residents_2026":303.8,"estimated_elderly_65plus_2026":4.5,"estimated_elderly_share_pct":1.47,"elderly_exposure_score":1.0,"elderly_exposure_class":"VERY LOW","estimate_confidence":"HIGH","display_name":"Block 206B"},"geometry":{"type":"Polygon","coordinates":[[[103.87234,1.341758],[103.872126,1.341695],[103.872139,1.341652],[103.87215,1.341655],[103.872155,1.341637],[103.872167,1.341632],[103.872196,1.341641],[103.872201,1.341625],[103.87205,1.34158],[103.872045,1.341596],[103.872074,1.341604],[103.872082,1.341616],[103.872077,1.341633],[103.872087,1.341636],[103.872074,1.341679],[103.871862,1.341616],[103.871874,1.341573],[103.871885,1.341576],[103.871902,1.341554],[103.871931,1.341563],[103.871963,1.341466],[103.871984,1.341472],[103.871989,1.341454],[103.872097,1.341486],[103.872084,1.341529],[103.872074,1.341526],[103.872056,1.341548],[103.872028,1.34154],[103.872023,1.341556],[103.87214,1.341591],[103.872144,1.341574],[103.872116,1.341566],[103.872108,1.341555],[103.872113,1.341538],[103.872102,1.341535],[103.872115,1.341491],[103.872328,1.341555],[103.872316,1.341598],[103.872305,1.341595],[103.8723,1.341612],[103.872287,1.341616],[103.872259,1.341608],[103.872254,1.341624],[103.872361,1.341656],[103.872397,1.341667],[103.872409,1.341653],[103.872373,1.341634],[103.872378,1.341616],[103.872367,1.341613],[103.87238,1.34157],[103.872488,1.341602],[103.872483,1.341619],[103.872504,1.341625],[103.872485,1.341691],[103.872573,1.341717],[103.872682,1.341515],[103.872689,1.341509],[103.872703,1.341516],[103.872714,1.341496],[103.87273,1.341505],[103.872757,1.341473],[103.872772,1.341482],[103.872778,1.341472],[103.872817,1.341494],[103.872762,1.341594],[103.872754,1.341589],[103.872696,1.34171],[103.872658,1.341689],[103.872663,1.341679],[103.872647,1.34167],[103.872661,1.34163],[103.872646,1.341622],[103.872624,1.34166],[103.872587,1.341729],[103.872601,1.341737],[103.872616,1.341711],[103.872628,1.341706],[103.872644,1.341714],[103.872649,1.341705],[103.872687,1.341727],[103.872578,1.341924],[103.87254,1.341903],[103.872545,1.341893],[103.87253,1.341884],[103.872529,1.34187],[103.872543,1.341844],[103.872528,1.341835],[103.872539,1.341814],[103.872525,1.341806],[103.872564,1.341735],[103.872435,1.341696],[103.872405,1.341764],[103.87236,1.341751],[103.872382,1.341679],[103.872315,1.341659],[103.87231,1.341675],[103.872339,1.341684],[103.872347,1.341694],[103.872342,1.341711],[103.872353,1.341715],[103.87234,1.341758]]]}},{"type":"Feature","properties":{"block_id":"12560","blk_no":"206C","postal_code":"363206","region_id":"CR","region":"CENTRAL REGION","planning_area_id":"TP","planning_area":"TOA PAYOH","subzone_id":"TPSZ10","subzone":"BIDADARI","lon":103.8721,"lat":1.3422,"property_match":"MATCHED","property_match_confidence":"HIGH","street":"WOODLEIGH LINK","residential":"Y","year_completed":2022,"building_age_2026":4,"max_floor_lvl":14,"total_dwelling_units":90,"small_flat_share_pct":31.11,"rental_share_pct":0.0,"footprint_area_m2":1226.1,"estimated_residents_2026":233.5,"estimated_elderly_65plus_2026":12.2,"estimated_elderly_share_pct":5.23,"elderly_exposure_score":5.3,"elderly_exposure_class":"VERY LOW","estimate_confidence":"HIGH","display_name":"Block 206C"},"geometry":{"type":"Polygon","coordinates":[[[103.872128,1.34202],[103.872235,1.342051],[103.87223,1.342067],[103.872252,1.342073],[103.872233,1.342138],[103.872332,1.342168],[103.872407,1.342],[103.872422,1.342007],[103.872431,1.341986],[103.872447,1.341993],[103.87247,1.341959],[103.872487,1.341967],[103.872491,1.341957],[103.872531,1.341975],[103.872486,1.342076],[103.872478,1.342073],[103.872431,1.342197],[103.872392,1.342179],[103.872396,1.342169],[103.872381,1.342162],[103.87239,1.342121],[103.872375,1.342115],[103.872359,1.342149],[103.872332,1.342212],[103.872351,1.342221],[103.872355,1.342192],[103.872366,1.342187],[103.872417,1.342216],[103.872394,1.342269],[103.872381,1.342263],[103.872369,1.342288],[103.872388,1.342297],[103.872343,1.342399],[103.872303,1.342381],[103.872308,1.342371],[103.872292,1.342364],[103.872301,1.342324],[103.872284,1.342316],[103.872294,1.342295],[103.872279,1.342288],[103.872325,1.342185],[103.872217,1.342153],[103.872187,1.34222],[103.872119,1.342192],[103.872115,1.342206],[103.872061,1.34219],[103.872072,1.342131],[103.872083,1.342126],[103.872107,1.342141],[103.872113,1.34212],[103.871978,1.342081],[103.871974,1.342097],[103.872002,1.342105],[103.872004,1.342133],[103.872015,1.342136],[103.872003,1.342179],[103.871776,1.342111],[103.871793,1.342052],[103.871861,1.342063],[103.871865,1.342048],[103.871799,1.342029],[103.871805,1.342006],[103.871944,1.342055],[103.871949,1.342039],[103.871921,1.34203],[103.871918,1.342003],[103.871907,1.342],[103.871919,1.341958],[103.872026,1.34199],[103.872021,1.342007],[103.872047,1.342015],[103.87205,1.342002],[103.872105,1.342018],[103.872094,1.342077],[103.872083,1.342082],[103.872059,1.342067],[103.872053,1.342087],[103.872147,1.342115],[103.872159,1.342101],[103.87213,1.342092],[103.872122,1.342081],[103.872127,1.342064],[103.872116,1.342061],[103.872128,1.34202]]]}},{"type":"Feature","properties":{"block_id":"12559","blk_no":"206D","postal_code":"364206","region_id":"CR","region":"CENTRAL REGION","planning_area_id":"TP","planning_area":"TOA PAYOH","subzone_id":"TPSZ10","subzone":"BIDADARI","lon":103.8719,"lat":1.3426,"property_match":"MATCHED","property_match_confidence":"HIGH","street":"WOODLEIGH LINK","residential":"Y","year_completed":2022,"building_age_2026":4,"max_floor_lvl":14,"total_dwelling_units":86,"small_flat_share_pct":53.49,"rental_share_pct":0.0,"footprint_area_m2":962.7,"estimated_residents_2026":203.7,"estimated_elderly_65plus_2026":25.3,"estimated_elderly_share_pct":12.41,"elderly_exposure_score":14.3,"elderly_exposure_class":"VERY LOW","estimate_confidence":"HIGH","display_name":"Block 206D"},"geometry":{"type":"Polygon","coordinates":[[[103.872026,1.342504],[103.872023,1.342512],[103.871997,1.342495],[103.872018,1.342439],[103.872073,1.342455],[103.87207,1.342468],[103.872098,1.342477],[103.872093,1.342495],[103.872111,1.3425],[103.872116,1.342483],[103.87217,1.342498],[103.872154,1.342554],[103.872128,1.342554],[103.872169,1.342568],[103.87219,1.342513],[103.872204,1.342518],[103.872212,1.342496],[103.872229,1.342502],[103.87225,1.342467],[103.872266,1.342473],[103.87227,1.342462],[103.872311,1.342477],[103.872273,1.342583],[103.872257,1.342577],[103.872249,1.342598],[103.872185,1.342575],[103.872172,1.342615],[103.872182,1.342619],[103.872192,1.342591],[103.872236,1.342612],[103.872218,1.342661],[103.872203,1.342656],[103.872196,1.342673],[103.87222,1.342682],[103.87221,1.34271],[103.872222,1.342714],[103.872202,1.342769],[103.872145,1.342753],[103.872148,1.342722],[103.872157,1.342718],[103.872137,1.342711],[103.872144,1.342692],[103.872126,1.342685],[103.872164,1.342582],[103.872105,1.342565],[103.87209,1.342617],[103.872072,1.342612],[103.872063,1.342629],[103.872013,1.342614],[103.872033,1.342544],[103.871973,1.342526],[103.871967,1.342546],[103.871995,1.342546],[103.872002,1.342557],[103.87198,1.342613],[103.871926,1.342596],[103.871929,1.342584],[103.871903,1.342577],[103.871898,1.342594],[103.871791,1.342563],[103.871803,1.342521],[103.871814,1.342524],[103.871831,1.342502],[103.871859,1.34251],[103.871864,1.342494],[103.871718,1.342459],[103.871724,1.342436],[103.871778,1.342452],[103.871783,1.342436],[103.871755,1.342428],[103.871747,1.342417],[103.871752,1.3424],[103.871741,1.342397],[103.871755,1.342352],[103.871964,1.342417],[103.871952,1.342459],[103.871942,1.342456],[103.871937,1.342474],[103.871924,1.342478],[103.871896,1.34247],[103.871891,1.342486],[103.872026,1.342526],[103.872026,1.342504]]]}},{"type":"Feature","properties":{"block_id":"12231","blk_no":"207","postal_code":"360207","region_id":"CR","region":"CENTRAL REGION","planning_area_id":"TP","planning_area":"TOA PAYOH","subzone_id":"TPSZ10","subzone":"BIDADARI","lon":103.8714,"lat":1.3418,"property_match":"MATCHED","property_match_confidence":"HIGH","street":"WOODLEIGH LINK","residential":"N","year_completed":2022,"building_age_2026":4,"max_floor_lvl":2,"total_dwelling_units":0,"small_flat_share_pct":null,"rental_share_pct":null,"footprint_area_m2":3590.3,"estimated_residents_2026":0.0,"estimated_elderly_65plus_2026":0.0,"estimated_elderly_share_pct":null,"elderly_exposure_score":null,"elderly_exposure_class":null,"estimate_confidence":"HIGH","display_name":"Block 207"},"geometry":{"type":"Polygon","coordinates":[[[103.871615,1.341326],[103.871614,1.341479],[103.871395,1.341475],[103.871392,1.341664],[103.871634,1.341676],[103.87163,1.341696],[103.871617,1.341696],[103.871615,1.341906],[103.871397,1.341901],[103.871397,1.342091],[103.871628,1.342097],[103.871628,1.342123],[103.871614,1.342123],[103.871609,1.342384],[103.871277,1.342377],[103.871284,1.342088],[103.871309,1.342089],[103.87131,1.342002],[103.871331,1.342005],[103.871333,1.3419],[103.871282,1.341899],[103.871288,1.341662],[103.871306,1.341662],[103.871308,1.341583],[103.871329,1.341577],[103.87133,1.341473],[103.871279,1.341472],[103.871286,1.3412],[103.871618,1.341207],[103.871616,1.3413],[103.87163,1.3413],[103.871632,1.341321],[103.871615,1.341326]]]}},{"type":"Feature","properties":{"block_id":"12612","blk_no":"207A","postal_code":"361207","region_id":"CR","region":"CENTRAL REGION","planning_area_id":"TP","planning_area":"TOA PAYOH","subzone_id":"TPSZ10","subzone":"BIDADARI","lon":103.8715,"lat":1.3411,"property_match":"MATCHED","property_match_confidence":"HIGH","street":"WOODLEIGH LINK","residential":"Y","year_completed":2022,"building_age_2026":4,"max_floor_lvl":14,"total_dwelling_units":85,"small_flat_share_pct":48.24,"rental_share_pct":0.0,"footprint_area_m2":884.9,"estimated_residents_2026":201.4,"estimated_elderly_65plus_2026":24.6,"estimated_elderly_share_pct":12.21,"elderly_exposure_score":13.9,"elderly_exposure_class":"VERY LOW","estimate_confidence":"HIGH","display_name":"Block 207A"},"geometry":{"type":"Polygon","coordinates":[[[103.871609,1.341207],[103.87161,1.341162],[103.871621,1.341162],[103.871622,1.341144],[103.871633,1.341137],[103.871662,1.341137],[103.871663,1.341121],[103.871505,1.341117],[103.871505,1.341134],[103.871535,1.341134],[103.871545,1.341142],[103.871545,1.341161],[103.871556,1.341161],[103.871555,1.341206],[103.871443,1.341203],[103.871444,1.341183],[103.871416,1.341182],[103.871416,1.341197],[103.871358,1.341196],[103.871354,1.341135],[103.871385,1.341128],[103.871391,1.341136],[103.871391,1.341114],[103.871273,1.341113],[103.871273,1.341123],[103.871299,1.341124],[103.871297,1.341182],[103.871242,1.34118],[103.871242,1.341162],[103.871222,1.341162],[103.871222,1.341187],[103.871197,1.341187],[103.871201,1.341024],[103.871254,1.341025],[103.871253,1.341096],[103.871321,1.341097],[103.871321,1.341088],[103.871295,1.341087],[103.871298,1.341029],[103.871352,1.34103],[103.871352,1.341048],[103.871371,1.341048],[103.871372,1.341029],[103.871402,1.34103],[103.871402,1.341017],[103.87146,1.341018],[103.871464,1.341079],[103.871455,1.341087],[103.871428,1.341078],[103.871427,1.3411],[103.871554,1.341102],[103.871569,1.341096],[103.871569,1.341086],[103.871529,1.341077],[103.871529,1.341058],[103.871518,1.341058],[103.871519,1.341014],[103.871741,1.341019],[103.87174,1.341063],[103.871729,1.341063],[103.871729,1.341081],[103.871718,1.341089],[103.871688,1.341088],[103.871688,1.341101],[103.871745,1.341105],[103.871744,1.341192],[103.871721,1.341191],[103.871721,1.34121],[103.871609,1.341207]]]}},{"type":"Feature","properties":{"block_id":"12230","blk_no":"207B","postal_code":"362207","region_id":"CR","region":"CENTRAL REGION","planning_area_id":"TP","planning_area":"TOA PAYOH","subzone_id":"TPSZ10","subzone":"BIDADARI","lon":103.8715,"lat":1.3415,"property_match":"MATCHED","property_match_confidence":"HIGH","street":"WOODLEIGH LINK","residential":"Y","year_completed":2022,"building_age_2026":4,"max_floor_lvl":14,"total_dwelling_units":62,"small_flat_share_pct":46.77,"rental_share_pct":0.0,"footprint_area_m2":797.8,"estimated_residents_2026":145.7,"estimated_elderly_65plus_2026":18.6,"estimated_elderly_share_pct":12.79,"elderly_exposure_score":9.5,"elderly_exposure_class":"VERY LOW","estimate_confidence":"HIGH","display_name":"Block 207B"},"geometry":{"type":"Polygon","coordinates":[[[103.871299,1.34156],[103.871449,1.341564],[103.87145,1.341546],[103.87142,1.341545],[103.87141,1.341537],[103.87141,1.341519],[103.871399,1.341519],[103.8714,1.341475],[103.871622,1.341479],[103.871621,1.341524],[103.87161,1.341523],[103.87161,1.341541],[103.871569,1.341548],[103.871568,1.341567],[103.871543,1.341566],[103.871535,1.341651],[103.871512,1.34165],[103.871511,1.341667],[103.8714,1.341665],[103.871401,1.341619],[103.871413,1.34162],[103.871424,1.341595],[103.871454,1.341596],[103.871446,1.341579],[103.871251,1.341574],[103.87125,1.341595],[103.871257,1.341587],[103.871287,1.341596],[103.87128,1.341656],[103.871222,1.341655],[103.871222,1.341642],[103.871169,1.341646],[103.871169,1.341389],[103.871175,1.341349],[103.871193,1.34135],[103.871193,1.341329],[103.871215,1.34133],[103.871208,1.341301],[103.871216,1.341293],[103.871276,1.3413],[103.871275,1.341358],[103.871262,1.341357],[103.871267,1.341411],[103.87124,1.341411],[103.87124,1.341429],[103.871251,1.34143],[103.871249,1.341483],[103.8712,1.341486],[103.871201,1.341459],[103.87119,1.341459],[103.871189,1.341497],[103.871226,1.341498],[103.871226,1.341517],[103.871245,1.341518],[103.871249,1.3415],[103.87127,1.341501],[103.87127,1.341488],[103.871325,1.341489],[103.871325,1.341548],[103.8713,1.341548],[103.871299,1.34156]]]}},{"type":"Feature","properties":{"block_id":"12561","blk_no":"207C","postal_code":"363207","region_id":"CR","region":"CENTRAL REGION","planning_area_id":"TP","planning_area":"TOA PAYOH","subzone_id":"TPSZ10","subzone":"BIDADARI","lon":103.8715,"lat":1.3419,"property_match":"MATCHED","property_match_confidence":"HIGH","street":"WOODLEIGH LINK","residential":"Y","year_completed":2022,"building_age_2026":4,"max_floor_lvl":14,"total_dwelling_units":62,"small_flat_share_pct":46.77,"rental_share_pct":0.0,"footprint_area_m2":788.3,"estimated_residents_2026":145.7,"estimated_elderly_65plus_2026":18.6,"estimated_elderly_share_pct":12.79,"elderly_exposure_score":9.5,"elderly_exposure_class":"VERY LOW","estimate_confidence":"HIGH","display_name":"Block 207C"},"geometry":{"type":"Polygon","coordinates":[[[103.871403,1.342091],[103.871404,1.342046],[103.871416,1.342046],[103.871426,1.342022],[103.871456,1.342022],[103.871449,1.342006],[103.871254,1.342001],[103.871254,1.342022],[103.871282,1.342014],[103.87129,1.342023],[103.871284,1.342083],[103.871226,1.342081],[103.871227,1.342068],[103.871174,1.342074],[103.87118,1.341779],[103.871197,1.341779],[103.871197,1.341759],[103.87122,1.341759],[103.871211,1.341753],[103.871221,1.341721],[103.87128,1.341729],[103.871279,1.341787],[103.871266,1.341787],[103.871271,1.34184],[103.871245,1.341839],[103.871244,1.341858],[103.871255,1.341859],[103.871254,1.341911],[103.871205,1.341914],[103.871206,1.341887],[103.871195,1.341887],[103.871194,1.341926],[103.87123,1.341927],[103.87123,1.341946],[103.87125,1.341946],[103.871253,1.341929],[103.871273,1.341929],[103.871273,1.341917],[103.87133,1.341918],[103.871329,1.341976],[103.871303,1.341976],[103.871302,1.341987],[103.871453,1.34199],[103.871453,1.341974],[103.871423,1.341973],[103.871413,1.341947],[103.871402,1.341947],[103.871403,1.341901],[103.871624,1.341907],[103.871623,1.341951],[103.871612,1.341951],[103.871612,1.341968],[103.871571,1.341976],[103.871571,1.341994],[103.871545,1.341993],[103.871537,1.342076],[103.871515,1.342076],[103.871515,1.342094],[103.871403,1.342091]]]}},{"type":"Feature","properties":{"block_id":"12527","blk_no":"207D","postal_code":"364207","region_id":"CR","region":"CENTRAL REGION","planning_area_id":"TP","planning_area":"TOA PAYOH","subzone_id":"TPSZ10","subzone":"BIDADARI","lon":103.8712,"lat":1.3424,"property_match":"MATCHED","property_match_confidence":"HIGH","street":"WOODLEIGH LINK","residential":"Y","year_completed":2022,"building_age_2026":4,"max_floor_lvl":14,"total_dwelling_units":87,"small_flat_share_pct":100.0,"rental_share_pct":0.0,"footprint_area_m2":793.5,"estimated_residents_2026":158.6,"estimated_elderly_65plus_2026":58.3,"estimated_elderly_share_pct":36.75,"elderly_exposure_score":51.7,"elderly_exposure_class":"MODERATE","estimate_confidence":"HIGH","display_name":"Block 207D"},"geometry":{"type":"Polygon","coordinates":[[[103.871177,1.342436],[103.871177,1.342238],[103.871194,1.342238],[103.871195,1.342217],[103.871217,1.342218],[103.871209,1.34219],[103.871218,1.34218],[103.871277,1.342187],[103.871276,1.342246],[103.871263,1.342245],[103.871269,1.342299],[103.871242,1.342298],[103.871242,1.342317],[103.871254,1.342318],[103.871253,1.34237],[103.871204,1.342373],[103.871204,1.342347],[103.871193,1.342346],[103.871192,1.342385],[103.871229,1.342386],[103.871228,1.342406],[103.871251,1.342406],[103.871251,1.342395],[103.871271,1.342395],[103.871271,1.342385],[103.871324,1.342386],[103.871327,1.342435],[103.8713,1.342434],[103.871299,1.342446],[103.8714,1.342448],[103.871407,1.342437],[103.87138,1.342436],[103.871383,1.342379],[103.871438,1.34238],[103.871437,1.342392],[103.871534,1.342383],[103.871533,1.342439],[103.871506,1.342439],[103.871506,1.342448],[103.871578,1.342449],[103.871577,1.342536],[103.871525,1.342534],[103.871525,1.342548],[103.871467,1.342547],[103.871462,1.342486],[103.871493,1.342479],[103.8715,1.342487],[103.8715,1.342466],[103.87143,1.342464],[103.871412,1.342464],[103.871412,1.342476],[103.871436,1.342476],[103.871436,1.342534],[103.871381,1.342533],[103.871381,1.34252],[103.87134,1.34252],[103.87134,1.342532],[103.871285,1.342531],[103.871285,1.342473],[103.871311,1.342474],[103.871311,1.342463],[103.871222,1.342461],[103.871222,1.342482],[103.871229,1.342474],[103.871259,1.342483],[103.871252,1.342543],[103.871195,1.342542],[103.871195,1.342528],[103.871143,1.342534],[103.871144,1.342436],[103.871177,1.342436]]]}},{"type":"Feature","properties":{"block_id":"12528","blk_no":"208","postal_code":"360208","region_id":"CR","region":"CENTRAL REGION","planning_area_id":"TP","planning_area":"TOA PAYOH","subzone_id":"TPSZ10","subzone":"BIDADARI","lon":103.8716,"lat":1.3427,"property_match":"MATCHED","property_match_confidence":"HIGH","street":"WOODLEIGH LINK","residential":"N","year_completed":2023,"building_age_2026":3,"max_floor_lvl":1,"total_dwelling_units":0,"small_flat_share_pct":null,"rental_share_pct":null,"footprint_area_m2":198.2,"estimated_residents_2026":0.0,"estimated_elderly_65plus_2026":0.0,"estimated_elderly_share_pct":null,"elderly_exposure_score":null,"elderly_exposure_class":null,"estimate_confidence":"HIGH","display_name":"Block 208"},"geometry":{"type":"Polygon","coordinates":[[[103.871665,1.342753],[103.871495,1.342669],[103.871526,1.342603],[103.871694,1.342653],[103.871665,1.342753]]]}},{"type":"Feature","properties":{"block_id":"12317","blk_no":"208A","postal_code":"361208","region_id":"CR","region":"CENTRAL REGION","planning_area_id":"TP","planning_area":"TOA PAYOH","subzone_id":"TPSZ10","subzone":"BIDADARI","lon":103.8715,"lat":1.3429,"property_match":"MATCHED","property_match_confidence":"HIGH","street":"WOODLEIGH LINK","residential":"Y","year_completed":2022,"building_age_2026":4,"max_floor_lvl":13,"total_dwelling_units":312,"small_flat_share_pct":100.0,"rental_share_pct":100.0,"footprint_area_m2":1723.3,"estimated_residents_2026":504.4,"estimated_elderly_65plus_2026":249.6,"estimated_elderly_share_pct":49.48,"elderly_exposure_score":99.9,"elderly_exposure_class":"VERY HIGH","estimate_confidence":"HIGH","display_name":"Block 208A"},"geometry":{"type":"Polygon","coordinates":[[[103.871856,1.342734],[103.871892,1.34275],[103.871898,1.342727],[103.871811,1.342702],[103.871804,1.342728],[103.871733,1.342707],[103.871755,1.342627],[103.871982,1.342692],[103.871926,1.342892],[103.871819,1.342868],[103.871823,1.342845],[103.871813,1.342842],[103.871801,1.342864],[103.87179,1.342923],[103.871849,1.342933],[103.871839,1.342968],[103.871854,1.342979],[103.872026,1.343023],[103.87204,1.342947],[103.872032,1.342944],[103.872023,1.342965],[103.871979,1.342947],[103.872014,1.342825],[103.87206,1.342832],[103.872057,1.342855],[103.87209,1.342857],[103.872092,1.342876],[103.87215,1.342886],[103.872127,1.342968],[103.872072,1.342945],[103.872059,1.342969],[103.87206,1.342985],[103.872119,1.342995],[103.872107,1.343037],[103.872098,1.343034],[103.872092,1.343055],[103.872101,1.343058],[103.872086,1.343113],[103.872039,1.343106],[103.872045,1.343076],[103.872036,1.343074],[103.872034,1.343081],[103.872013,1.343075],[103.872004,1.343108],[103.871962,1.343096],[103.871985,1.34304],[103.87196,1.343026],[103.871951,1.343031],[103.871941,1.34309],[103.87186,1.343067],[103.871882,1.343011],[103.871847,1.342993],[103.871835,1.343008],[103.871857,1.343017],[103.871839,1.34306],[103.871718,1.343025],[103.871726,1.342978],[103.871748,1.342982],[103.871751,1.342973],[103.871715,1.342955],[103.871706,1.34296],[103.871696,1.343019],[103.871616,1.342996],[103.871638,1.34294],[103.871608,1.342922],[103.871599,1.342925],[103.871578,1.342982],[103.871503,1.342945],[103.871535,1.342894],[103.87151,1.342873],[103.871493,1.342873],[103.871489,1.342883],[103.871508,1.342894],[103.871484,1.342935],[103.87137,1.342879],[103.871385,1.342834],[103.871407,1.342842],[103.871415,1.342809],[103.871426,1.342814],[103.871451,1.342762],[103.871495,1.342778],[103.871484,1.342806],[103.871493,1.34281],[103.871507,1.342796],[103.87152,1.34277],[103.871471,1.342746],[103.87148,1.342726],[103.87147,1.342721],[103.871489,1.342682],[103.871621,1.342747],[103.871571,1.342851],[103.871527,1.342836],[103.871537,1.342808],[103.871528,1.342804],[103.8715,1.342845],[103.871623,1.342912],[103.871682,1.342929],[103.871702,1.34288],[103.87172,1.342885],[103.871727,1.342864],[103.871757,1.342872],[103.871765,1.342841],[103.871788,1.342848],[103.871788,1.342824],[103.871728,1.342814],[103.871752,1.342732],[103.871807,1.342754],[103.871818,1.34274],[103.871847,1.342756],[103.871856,1.342734]]]}},{"type":"Feature","properties":{"block_id":"12839","blk_no":"212","postal_code":"360212","region_id":"CR","region":"CENTRAL REGION","planning_area_id":"TP","planning_area":"TOA PAYOH","subzone_id":"TPSZ10","subzone":"BIDADARI","lon":103.8758,"lat":1.343,"property_match":"MATCHED","property_match_confidence":"HIGH","street":"BIDADARI PK DR","residential":"N","year_completed":2022,"building_age_2026":4,"max_floor_lvl":3,"total_dwelling_units":0,"small_flat_share_pct":null,"rental_share_pct":null,"footprint_area_m2":19592.1,"estimated_residents_2026":0.0,"estimated_elderly_65plus_2026":0.0,"estimated_elderly_share_pct":null,"elderly_exposure_score":null,"elderly_exposure_class":null,"estimate_confidence":"HIGH","display_name":"Block 212"},"geometry":{"type":"Polygon","coordinates":[[[103.87541,1.342831],[103.875342,1.342918],[103.875339,1.342936],[103.875535,1.343073],[103.875615,1.343106],[103.87563,1.343093],[103.875703,1.342889],[103.876182,1.343061],[103.876106,1.343277],[103.87611,1.343301],[103.876394,1.343356],[103.876528,1.343367],[103.876519,1.343283],[103.876683,1.34326],[103.876705,1.343419],[103.87653,1.343452],[103.87652,1.343578],[103.876413,1.34357],[103.876406,1.34366],[103.876513,1.343667],[103.876497,1.343881],[103.876206,1.343858],[103.876222,1.343646],[103.876387,1.343658],[103.876393,1.343568],[103.876229,1.343556],[103.87624,1.343397],[103.87603,1.343357],[103.875984,1.343488],[103.875882,1.343451],[103.875852,1.343536],[103.875953,1.343573],[103.875882,1.343774],[103.875606,1.343675],[103.875678,1.343474],[103.875834,1.34353],[103.875864,1.343445],[103.875709,1.343389],[103.87576,1.343245],[103.875744,1.343237],[103.875552,1.343157],[103.87547,1.343287],[103.87538,1.343228],[103.875336,1.343297],[103.875427,1.343356],[103.875312,1.343535],[103.875067,1.343377],[103.875181,1.343196],[103.875319,1.343286],[103.875363,1.343217],[103.875225,1.343126],[103.875304,1.343],[103.875123,1.342856],[103.875034,1.342971],[103.874805,1.342788],[103.874894,1.342676],[103.87483,1.342622],[103.874593,1.342514],[103.874545,1.342504],[103.874495,1.342717],[103.874211,1.34265],[103.874259,1.342449],[103.874246,1.342445],[103.873912,1.342492],[103.873965,1.342695],[103.873683,1.342768],[103.873631,1.342568],[103.873592,1.342578],[103.873372,1.342722],[103.873334,1.342663],[103.873406,1.342617],[103.873353,1.342534],[103.873358,1.342494],[103.873398,1.342468],[103.87339,1.342454],[103.873406,1.342386],[103.873572,1.342278],[103.873696,1.342472],[103.873877,1.342424],[103.873842,1.342165],[103.874131,1.342124],[103.874166,1.342377],[103.874248,1.342367],[103.87437,1.342396],[103.874421,1.342178],[103.874705,1.342245],[103.874654,1.342465],[103.874822,1.34254],[103.875223,1.342026],[103.875514,1.342255],[103.875373,1.342437],[103.875419,1.342474],[103.87544,1.342362],[103.87549,1.342291],[103.875535,1.342255],[103.875588,1.342232],[103.875674,1.342223],[103.875731,1.342234],[103.875807,1.342277],[103.875889,1.342383],[103.875973,1.342456],[103.876073,1.342502],[103.876171,1.342521],[103.876202,1.342561],[103.876198,1.342601],[103.876169,1.34263],[103.876049,1.342639],[103.87599,1.342592],[103.875907,1.342683],[103.875713,1.342503],[103.875747,1.342467],[103.875724,1.342446],[103.875749,1.342418],[103.875736,1.342406],[103.875751,1.342389],[103.875695,1.34235],[103.875656,1.342342],[103.875615,1.342349],[103.875555,1.342397],[103.87554,1.342436],[103.87554,1.342487],[103.875569,1.342615],[103.87556,1.342692],[103.875452,1.342825],[103.875443,1.342817],[103.875421,1.342841],[103.87541,1.342831]]]}},{"type":"Feature","properties":{"block_id":"12729","blk_no":"212A","postal_code":"361212","region_id":"CR","region":"CENTRAL REGION","planning_area_id":"TP","planning_area":"TOA PAYOH","subzone_id":"TPSZ10","subzone":"BIDADARI","lon":103.8748,"lat":1.3422,"property_match":"MATCHED","property_match_confidence":"HIGH","street":"BIDADARI PK DR","residential":"Y","year_completed":2023,"building_age_2026":3,"max_floor_lvl":16,"total_dwelling_units":100,"small_flat_share_pct":24.0,"rental_share_pct":0.0,"footprint_area_m2":1032.3,"estimated_residents_2026":276.2,"estimated_elderly_65plus_2026":14.4,"estimated_elderly_share_pct":5.2,"elderly_exposure_score":6.6,"elderly_exposure_class":"VERY LOW","estimate_confidence":"HIGH","display_name":"Block 212A"},"geometry":{"type":"Polygon","coordinates":[[[103.87485,1.342059],[103.874848,1.342067],[103.874822,1.342061],[103.874813,1.342051],[103.874818,1.342032],[103.874806,1.34203],[103.874817,1.341984],[103.874898,1.342003],[103.874896,1.342012],[103.874917,1.342017],[103.874919,1.342009],[103.874972,1.342021],[103.87497,1.34203],[103.874991,1.342035],[103.874993,1.342026],[103.875074,1.342045],[103.875063,1.342091],[103.875053,1.342088],[103.875048,1.342106],[103.875011,1.342105],[103.875007,1.342096],[103.875001,1.342119],[103.874957,1.342109],[103.874954,1.342124],[103.874883,1.342108],[103.874868,1.342175],[103.874844,1.342169],[103.874843,1.342154],[103.874803,1.342329],[103.874823,1.342341],[103.874851,1.342294],[103.874872,1.342307],[103.874858,1.342329],[103.874871,1.342337],[103.874899,1.342307],[103.874915,1.342316],[103.874921,1.342307],[103.874959,1.34233],[103.874901,1.342427],[103.874886,1.342418],[103.874872,1.342442],[103.874881,1.342447],[103.874851,1.342498],[103.874791,1.342466],[103.874816,1.342439],[103.874797,1.342427],[103.874806,1.342412],[103.874797,1.342406],[103.874822,1.342365],[103.87479,1.342357],[103.874779,1.342406],[103.874768,1.342403],[103.874764,1.34242],[103.874744,1.342415],[103.874743,1.342453],[103.874678,1.342431],[103.874691,1.342375],[103.874701,1.342377],[103.874707,1.34235],[103.874691,1.342346],[103.874717,1.342235],[103.874761,1.342245],[103.874758,1.342257],[103.874775,1.342261],[103.874781,1.342273],[103.874774,1.342303],[103.874788,1.342307],[103.874826,1.342144],[103.874798,1.342137],[103.874804,1.342112],[103.87478,1.342106],[103.874785,1.342083],[103.874757,1.342076],[103.874741,1.342146],[103.874631,1.34212],[103.874641,1.342076],[103.874652,1.342078],[103.874668,1.342054],[103.874697,1.342061],[103.874705,1.342029],[103.874667,1.342012],[103.874671,1.341994],[103.87466,1.341992],[103.87467,1.341948],[103.874781,1.341974],[103.874765,1.342062],[103.87485,1.342082],[103.87485,1.342059]]]}},{"type":"Feature","properties":{"block_id":"12730","blk_no":"212B","postal_code":"362212","region_id":"CR","region":"CENTRAL REGION","planning_area_id":"TP","planning_area":"TOA PAYOH","subzone_id":"TPSZ10","subzone":"BIDADARI","lon":103.8743,"lat":1.3421,"property_match":"MATCHED","property_match_confidence":"HIGH","street":"BIDADARI PK DR","residential":"Y","year_completed":2023,"building_age_2026":3,"max_floor_lvl":16,"total_dwelling_units":126,"small_flat_share_pct":0.0,"rental_share_pct":0.0,"footprint_area_m2":1388.0,"estimated_residents_2026":369.9,"estimated_elderly_65plus_2026":11.0,"estimated_elderly_share_pct":2.98,"elderly_exposure_score":4.6,"elderly_exposure_class":"VERY LOW","estimate_confidence":"HIGH","display_name":"Block 212B"},"geometry":{"type":"Polygon","coordinates":[[[103.874552,1.341988],[103.874539,1.341993],[103.87451,1.341978],[103.874505,1.342],[103.874513,1.342002],[103.874509,1.342018],[103.874547,1.342035],[103.874543,1.342053],[103.874554,1.342056],[103.874543,1.342101],[103.874433,1.342075],[103.87445,1.342004],[103.874396,1.341991],[103.874379,1.342064],[103.874351,1.342058],[103.874317,1.342205],[103.874331,1.342209],[103.874337,1.34218],[103.874366,1.342176],[103.874368,1.342165],[103.874412,1.342175],[103.874361,1.342394],[103.874317,1.342383],[103.874319,1.342372],[103.874302,1.342368],[103.874304,1.342327],[103.874287,1.342323],[103.874292,1.342301],[103.874281,1.342298],[103.874292,1.342249],[103.874261,1.342242],[103.874265,1.342291],[103.874254,1.342292],[103.874256,1.342314],[103.874239,1.342315],[103.874242,1.342345],[103.874216,1.342357],[103.874217,1.342368],[103.874173,1.342372],[103.874154,1.342148],[103.874199,1.342145],[103.8742,1.342156],[103.874218,1.342155],[103.874229,1.342195],[103.874244,1.342193],[103.874242,1.342168],[103.874266,1.342166],[103.874271,1.342221],[103.874294,1.342219],[103.874332,1.342058],[103.874305,1.342051],[103.874322,1.341974],[103.874157,1.341961],[103.874156,1.342013],[103.874133,1.342012],[103.874133,1.342029],[103.874019,1.342026],[103.87402,1.34198],[103.874032,1.34198],[103.874033,1.341962],[103.874044,1.341955],[103.874074,1.341956],[103.874075,1.341916],[103.874068,1.341924],[103.874033,1.341915],[103.874033,1.341897],[103.874022,1.341897],[103.874024,1.341849],[103.874106,1.341852],[103.874106,1.341861],[103.874128,1.341862],[103.874128,1.341853],[103.874182,1.341854],[103.874182,1.341863],[103.874204,1.341864],[103.874204,1.341855],[103.874287,1.341857],[103.874285,1.341907],[103.874273,1.341907],[103.874263,1.341932],[103.874231,1.341923],[103.87423,1.341943],[103.874354,1.341963],[103.874359,1.341942],[103.874352,1.341949],[103.874317,1.341932],[103.874321,1.341915],[103.874311,1.341912],[103.874321,1.341866],[103.874401,1.341885],[103.874399,1.341895],[103.874421,1.3419],[103.874423,1.34189],[103.874475,1.341902],[103.874473,1.341912],[103.874494,1.341917],[103.874496,1.341907],[103.874577,1.341926],[103.874567,1.341973],[103.874556,1.341971],[103.874552,1.341988]]]}},{"type":"Feature","properties":{"block_id":"12752","blk_no":"212C","postal_code":"363212","region_id":"CR","region":"CENTRAL REGION","planning_area_id":"TP","planning_area":"TOA PAYOH","subzone_id":"TPSZ10","subzone":"BIDADARI","lon":103.8734,"lat":1.3421,"property_match":"MATCHED","property_match_confidence":"HIGH","street":"BIDADARI PK DR","residential":"Y","year_completed":2023,"building_age_2026":3,"max_floor_lvl":16,"total_dwelling_units":120,"small_flat_share_pct":0.0,"rental_share_pct":0.0,"footprint_area_m2":1383.4,"estimated_residents_2026":351.5,"estimated_elderly_65plus_2026":10.3,"estimated_elderly_share_pct":2.94,"elderly_exposure_score":4.1,"elderly_exposure_class":"VERY LOW","estimate_confidence":"HIGH","display_name":"Block 212C"},"geometry":{"type":"Polygon","coordinates":[[[103.873684,1.342437],[103.873576,1.342239],[103.873616,1.342217],[103.873621,1.342227],[103.873637,1.342219],[103.873664,1.34225],[103.873677,1.342243],[103.873664,1.34222],[103.873686,1.342209],[103.873712,1.342258],[103.873732,1.342246],[103.873702,1.342083],[103.873674,1.342088],[103.873659,1.342011],[103.873503,1.342066],[103.873523,1.342115],[103.873502,1.342124],[103.873509,1.342141],[103.873403,1.342184],[103.873386,1.342141],[103.873396,1.342137],[103.87339,1.342121],[103.8734,1.342117],[103.873397,1.342109],[103.873424,1.342098],[103.87341,1.342062],[103.873383,1.342081],[103.87337,1.342078],[103.873364,1.342061],[103.873353,1.342066],[103.873336,1.342022],[103.873412,1.341991],[103.873416,1.341999],[103.873436,1.341991],[103.873433,1.341982],[103.873484,1.341962],[103.873488,1.34197],[103.873508,1.341962],[103.873504,1.341953],[103.873582,1.341922],[103.873599,1.341964],[103.873588,1.341968],[103.873594,1.341986],[103.873588,1.341997],[103.873554,1.342002],[103.873562,1.342021],[103.873683,1.341987],[103.873679,1.341966],[103.873675,1.341976],[103.87365,1.34198],[103.873634,1.341956],[103.873623,1.341959],[103.873615,1.341913],[103.873696,1.341897],[103.873697,1.341906],[103.873718,1.341902],[103.873717,1.341893],[103.873771,1.341883],[103.873772,1.341892],[103.873873,1.341864],[103.873882,1.34191],[103.873871,1.341912],[103.873874,1.34193],[103.873865,1.34194],[103.873832,1.341938],[103.873836,1.341959],[103.873845,1.341958],[103.873848,1.341975],[103.873889,1.341975],[103.873893,1.341993],[103.873904,1.341991],[103.873913,1.342036],[103.873801,1.342058],[103.873787,1.341985],[103.873734,1.341995],[103.873748,1.342069],[103.873719,1.342075],[103.873748,1.342225],[103.873762,1.342222],[103.873762,1.34218],[103.87378,1.342177],[103.873778,1.342166],[103.873822,1.342158],[103.873864,1.342379],[103.87382,1.342388],[103.873817,1.342376],[103.8738,1.342379],[103.873784,1.34234],[103.873767,1.342343],[103.873763,1.342322],[103.873752,1.342324],[103.873742,1.342274],[103.873712,1.34228],[103.873736,1.342323],[103.873726,1.342329],[103.873736,1.342349],[103.873721,1.342357],[103.873734,1.342397],[103.873718,1.342405],[103.873723,1.342415],[103.873684,1.342437]]]}},{"type":"Feature","properties":{"block_id":"12753","blk_no":"212D","postal_code":"364212","region_id":"CR","region":"CENTRAL REGION","planning_area_id":"TP","planning_area":"TOA PAYOH","subzone_id":"TPSZ10","subzone":"BIDADARI","lon":103.8733,"lat":1.3424,"property_match":"MATCHED","property_match_confidence":"HIGH","street":"BIDADARI PK DR","residential":"Y","year_completed":2023,"building_age_2026":3,"max_floor_lvl":16,"total_dwelling_units":83,"small_flat_share_pct":0.0,"rental_share_pct":0.0,"footprint_area_m2":980.3,"estimated_residents_2026":251.1,"estimated_elderly_65plus_2026":8.8,"estimated_elderly_share_pct":3.52,"elderly_exposure_score":3.1,"elderly_exposure_class":"VERY LOW","estimate_confidence":"HIGH","display_name":"Block 212D"},"geometry":{"type":"Polygon","coordinates":[[[103.873222,1.342144],[103.873263,1.342166],[103.873258,1.342176],[103.873274,1.342184],[103.873276,1.342198],[103.873254,1.342222],[103.873275,1.342233],[103.873266,1.34225],[103.873281,1.342258],[103.873294,1.342234],[103.873309,1.342242],[103.873335,1.34221],[103.87335,1.342218],[103.873356,1.342208],[103.873396,1.34223],[103.873342,1.34233],[103.873307,1.342311],[103.873284,1.342355],[103.8733,1.342364],[103.873288,1.342386],[103.873249,1.342365],[103.873237,1.342387],[103.873217,1.342376],[103.873205,1.342398],[103.87319,1.342445],[103.873209,1.342451],[103.873212,1.342418],[103.873223,1.34241],[103.87324,1.342415],[103.873244,1.342405],[103.873288,1.34242],[103.873262,1.342498],[103.873254,1.342495],[103.873206,1.34267],[103.873161,1.342655],[103.873165,1.342644],[103.873148,1.342638],[103.873144,1.342626],[103.873161,1.342598],[103.873141,1.342591],[103.873127,1.342633],[103.873112,1.342629],[103.873105,1.34265],[103.873089,1.342644],[103.873069,1.34268],[103.873052,1.342674],[103.873048,1.342685],[103.873005,1.342671],[103.873082,1.342437],[103.873124,1.342451],[103.873121,1.342462],[103.873138,1.342468],[103.873134,1.34251],[103.873147,1.342514],[103.873199,1.342369],[103.873181,1.342359],[103.873185,1.342368],[103.873161,1.342397],[103.873145,1.342388],[103.87314,1.342398],[103.873099,1.342376],[103.873137,1.342303],[103.873145,1.342307],[103.873156,1.342287],[103.873147,1.342283],[103.873173,1.342234],[103.873182,1.342239],[103.873191,1.34222],[103.873184,1.342216],[103.873222,1.342144]]]}},{"type":"Feature","properties":{"block_id":"11055020","blk_no":"213","postal_code":"360213","region_id":"CR","region":"CENTRAL REGION","planning_area_id":"TP","planning_area":"TOA PAYOH","subzone_id":"TPSZ10","subzone":"BIDADARI","lon":103.8728,"lat":1.3429,"property_match":"MATCHED","property_match_confidence":"HIGH","street":"BIDADARI PK DR","residential":"N","year_completed":2022,"building_age_2026":4,"max_floor_lvl":3,"total_dwelling_units":0,"small_flat_share_pct":null,"rental_share_pct":null,"footprint_area_m2":4229.6,"estimated_residents_2026":0.0,"estimated_elderly_65plus_2026":0.0,"estimated_elderly_share_pct":null,"elderly_exposure_score":null,"elderly_exposure_class":null,"estimate_confidence":"HIGH","display_name":"Block 213"},"geometry":{"type":"Polygon","coordinates":[[[103.8734,1.342961],[103.873331,1.343006],[103.8733,1.342958],[103.873119,1.343076],[103.872628,1.34316],[103.872568,1.343136],[103.872564,1.343144],[103.872259,1.343017],[103.872384,1.342697],[103.872662,1.342807],[103.873036,1.342744],[103.873035,1.342735],[103.873129,1.342719],[103.873138,1.342769],[103.873172,1.342759],[103.873241,1.342715],[103.8734,1.342961]]]}},{"type":"Feature","properties":{"block_id":"12754","blk_no":"213A","postal_code":"361213","region_id":"CR","region":"CENTRAL REGION","planning_area_id":"TP","planning_area":"TOA PAYOH","subzone_id":"TPSZ10","subzone":"BIDADARI","lon":103.8735,"lat":1.3428,"property_match":"MATCHED","property_match_confidence":"HIGH","street":"BIDADARI PK DR","residential":"Y","year_completed":2022,"building_age_2026":4,"max_floor_lvl":16,"total_dwelling_units":104,"small_flat_share_pct":51.92,"rental_share_pct":0.0,"footprint_area_m2":997.4,"estimated_residents_2026":222.9,"estimated_elderly_65plus_2026":45.2,"estimated_elderly_share_pct":20.27,"elderly_exposure_score":35.3,"elderly_exposure_class":"LOW","estimate_confidence":"HIGH","display_name":"Block 213A"},"geometry":{"type":"Polygon","coordinates":[[[103.873653,1.342941],[103.873563,1.3428],[103.87355,1.342808],[103.873566,1.342833],[103.873566,1.342847],[103.873551,1.342857],[103.873557,1.342867],[103.873519,1.342892],[103.873475,1.342823],[103.873485,1.342817],[103.873469,1.342793],[103.873432,1.342817],[103.873372,1.342722],[103.87341,1.342697],[103.873416,1.342707],[103.873444,1.342702],[103.873459,1.342726],[103.873473,1.342717],[103.873445,1.342674],[103.873464,1.342661],[103.873514,1.342736],[103.87355,1.342713],[103.873539,1.342674],[103.873552,1.342665],[103.873537,1.342627],[103.873552,1.342617],[103.873546,1.342608],[103.873584,1.342583],[103.873645,1.342677],[103.87361,1.3427],[103.873626,1.342725],[103.873635,1.342719],[103.873679,1.342787],[103.873641,1.342812],[103.873635,1.342802],[103.87362,1.342812],[103.873607,1.342807],[103.873591,1.342782],[103.873578,1.34279],[103.873668,1.34293],[103.873697,1.342923],[103.87369,1.342913],[103.873709,1.342901],[103.8737,1.342888],[103.873728,1.34287],[103.873755,1.342913],[103.873831,1.342864],[103.873884,1.342857],[103.873902,1.34299],[103.873811,1.343003],[103.873677,1.34309],[103.873652,1.343049],[103.873642,1.343056],[103.87363,1.343016],[103.873607,1.343031],[103.873575,1.342969],[103.873603,1.342951],[103.873611,1.342964],[103.873653,1.342941]]]}},{"type":"Feature","properties":{"block_id":"12780","blk_no":"213B","postal_code":"362213","region_id":"CR","region":"CENTRAL REGION","planning_area_id":"TP","planning_area":"TOA PAYOH","subzone_id":"TPSZ10","subzone":"BIDADARI","lon":103.8741,"lat":1.3427,"property_match":"MATCHED","property_match_confidence":"HIGH","street":"BIDADARI PK DR","residential":"Y","year_completed":2022,"building_age_2026":4,"max_floor_lvl":16,"total_dwelling_units":130,"small_flat_share_pct":61.54,"rental_share_pct":0.0,"footprint_area_m2":1118.8,"estimated_residents_2026":285.0,"estimated_elderly_65plus_2026":53.3,"estimated_elderly_share_pct":18.71,"elderly_exposure_score":45.4,"elderly_exposure_class":"MODERATE","estimate_confidence":"HIGH","display_name":"Block 213B"},"geometry":{"type":"Polygon","coordinates":[[[103.874077,1.342641],[103.874062,1.342643],[103.874066,1.342672],[103.874042,1.342687],[103.874044,1.342697],[103.873998,1.342704],[103.873987,1.342624],[103.873997,1.342622],[103.873993,1.342595],[103.873953,1.3426],[103.873938,1.342488],[103.873981,1.342482],[103.873983,1.342492],[103.874001,1.34249],[103.874015,1.342529],[103.87403,1.342527],[103.874026,1.342496],[103.87405,1.342493],[103.87406,1.342562],[103.874103,1.342556],[103.874108,1.342516],[103.874125,1.342513],[103.874128,1.342473],[103.874145,1.34247],[103.874144,1.342459],[103.874188,1.342453],[103.874203,1.342564],[103.874164,1.34257],[103.874168,1.342599],[103.874177,1.342598],[103.874188,1.342677],[103.874143,1.342684],[103.874142,1.342672],[103.874114,1.342665],[103.874111,1.342636],[103.874096,1.342638],[103.874121,1.342821],[103.874168,1.34281],[103.874155,1.342774],[103.874223,1.34277],[103.874231,1.342828],[103.87422,1.34283],[103.874224,1.342858],[103.874252,1.342855],[103.874254,1.34287],[103.874283,1.342866],[103.874286,1.342889],[103.874274,1.342891],[103.874281,1.342939],[103.874168,1.342953],[103.874162,1.342906],[103.87415,1.342908],[103.874147,1.342884],[103.874132,1.342886],[103.874142,1.342955],[103.874118,1.342958],[103.874108,1.342889],[103.874094,1.342891],[103.874097,1.342915],[103.874085,1.342917],[103.874092,1.342964],[103.873902,1.34299],[103.873884,1.342857],[103.873951,1.342847],[103.873959,1.34291],[103.873987,1.342906],[103.873985,1.34289],[103.874012,1.342886],[103.874008,1.342859],[103.873998,1.342861],[103.87399,1.342803],[103.874056,1.342788],[103.874054,1.342826],[103.874102,1.342824],[103.874077,1.342641]]]}},{"type":"Feature","properties":{"block_id":"12781","blk_no":"213C","postal_code":"363213","region_id":"CR","region":"CENTRAL REGION","planning_area_id":"TP","planning_area":"TOA PAYOH","subzone_id":"TPSZ10","subzone":"BIDADARI","lon":103.8743,"lat":1.3428,"property_match":"MATCHED","property_match_confidence":"HIGH","street":"BIDADARI PK DR","residential":"Y","year_completed":2022,"building_age_2026":4,"max_floor_lvl":16,"total_dwelling_units":130,"small_flat_share_pct":61.54,"rental_share_pct":0.0,"footprint_area_m2":1360.3,"estimated_residents_2026":285.0,"estimated_elderly_65plus_2026":53.3,"estimated_elderly_share_pct":18.71,"elderly_exposure_score":45.4,"elderly_exposure_class":"MODERATE","estimate_confidence":"HIGH","display_name":"Block 213C"},"geometry":{"type":"Polygon","coordinates":[[[103.874545,1.342957],[103.874517,1.343021],[103.874495,1.343011],[103.874523,1.342947],[103.87451,1.342941],[103.8745,1.342963],[103.87449,1.342958],[103.87447,1.343002],[103.874355,1.342949],[103.874281,1.342939],[103.874274,1.342891],[103.874286,1.342889],[103.874283,1.342866],[103.874254,1.34287],[103.874252,1.342855],[103.874224,1.342858],[103.87422,1.34283],[103.874231,1.342828],[103.874223,1.34277],[103.874378,1.342785],[103.87451,1.342822],[103.874533,1.342832],[103.874511,1.342863],[103.874553,1.342888],[103.874629,1.342718],[103.874615,1.342711],[103.874603,1.342739],[103.874591,1.342746],[103.874575,1.342738],[103.87457,1.342749],[103.87453,1.34273],[103.874563,1.342656],[103.874572,1.34266],[103.874583,1.342634],[103.874546,1.342617],[103.874593,1.342514],[103.874634,1.342533],[103.874629,1.342544],[103.874645,1.342551],[103.874636,1.342592],[103.87465,1.342598],[103.874671,1.34255],[103.874694,1.34256],[103.874657,1.342641],[103.874695,1.342659],[103.874722,1.342629],[103.874737,1.342636],[103.874761,1.342603],[103.874778,1.34261],[103.874782,1.342601],[103.874822,1.342619],[103.874777,1.34272],[103.874741,1.342703],[103.874703,1.342809],[103.874662,1.34279],[103.874667,1.342779],[103.874648,1.342759],[103.87466,1.342732],[103.874647,1.342726],[103.87457,1.342896],[103.874616,1.34291],[103.874624,1.342874],[103.874684,1.342906],[103.87466,1.342959],[103.874651,1.342955],[103.874639,1.34298],[103.874664,1.342992],[103.874658,1.343006],[103.874685,1.343018],[103.874675,1.343041],[103.874664,1.343036],[103.874644,1.343079],[103.874542,1.343033],[103.874561,1.34299],[103.87455,1.342985],[103.874559,1.342963],[103.874545,1.342957]]]}},{"type":"Feature","properties":{"block_id":"12655","blk_no":"214A","postal_code":"361214","region_id":"CR","region":"CENTRAL REGION","planning_area_id":"TP","planning_area":"TOA PAYOH","subzone_id":"TPSZ10","subzone":"BIDADARI","lon":103.8748,"lat":1.3431,"property_match":"MATCHED","property_match_confidence":"HIGH","street":"BIDADARI PK DR","residential":"Y","year_completed":2022,"building_age_2026":4,"max_floor_lvl":16,"total_dwelling_units":78,"small_flat_share_pct":0.0,"rental_share_pct":0.0,"footprint_area_m2":1716.7,"estimated_residents_2026":232.1,"estimated_elderly_65plus_2026":7.5,"estimated_elderly_share_pct":3.23,"elderly_exposure_score":2.4,"elderly_exposure_class":"VERY LOW","estimate_confidence":"HIGH","display_name":"Block 214A"},"geometry":{"type":"Polygon","coordinates":[[[103.874946,1.343304],[103.874955,1.343288],[103.874938,1.343275],[103.874944,1.343266],[103.874928,1.343253],[103.874886,1.343308],[103.874678,1.343142],[103.874574,1.343095],[103.874592,1.343055],[103.874644,1.343079],[103.874664,1.343036],[103.874675,1.343041],[103.874685,1.343018],[103.874658,1.343006],[103.874664,1.342992],[103.874639,1.34298],[103.874651,1.342955],[103.87466,1.342959],[103.874684,1.342906],[103.874923,1.343015],[103.874961,1.343045],[103.87497,1.343034],[103.875005,1.343062],[103.874998,1.343072],[103.875012,1.343083],[103.875012,1.343097],[103.874993,1.34312],[103.875024,1.343151],[103.875115,1.343034],[103.875073,1.343002],[103.875087,1.342983],[103.875066,1.342967],[103.875136,1.342878],[103.875171,1.342905],[103.875164,1.342915],[103.875178,1.342926],[103.875159,1.342962],[103.875173,1.342973],[103.87516,1.34299],[103.875168,1.342997],[103.875185,1.342974],[103.875201,1.342987],[103.875234,1.342958],[103.875248,1.342969],[103.875255,1.342961],[103.87529,1.342988],[103.875238,1.343055],[103.875233,1.343051],[103.875213,1.343077],[103.8752,1.343067],[103.875183,1.343088],[103.87513,1.343046],[103.875039,1.343163],[103.875045,1.343168],[103.875038,1.343178],[103.875056,1.343192],[103.875066,1.343178],[103.87508,1.343189],[103.875112,1.343162],[103.875125,1.343173],[103.875133,1.343163],[103.875169,1.343192],[103.875118,1.343257],[103.875109,1.34325],[103.875089,1.343273],[103.87503,1.343368],[103.874973,1.343314],[103.874967,1.343321],[103.874946,1.343304]]]}},{"type":"Feature","properties":{"block_id":"12811","blk_no":"214B","postal_code":"362214","region_id":"CR","region":"CENTRAL REGION","planning_area_id":"TP","planning_area":"TOA PAYOH","subzone_id":"TPSZ10","subzone":"BIDADARI","lon":103.8755,"lat":1.3434,"property_match":"MATCHED","property_match_confidence":"HIGH","street":"BIDADARI PK DR","residential":"Y","year_completed":2022,"building_age_2026":4,"max_floor_lvl":16,"total_dwelling_units":78,"small_flat_share_pct":0.0,"rental_share_pct":0.0,"footprint_area_m2":849.8,"estimated_residents_2026":232.1,"estimated_elderly_65plus_2026":7.5,"estimated_elderly_share_pct":3.23,"elderly_exposure_score":2.4,"elderly_exposure_class":"VERY LOW","estimate_confidence":"HIGH","display_name":"Block 214B"},"geometry":{"type":"Polygon","coordinates":[[[103.875587,1.343591],[103.875593,1.343602],[103.875586,1.343618],[103.875595,1.343622],[103.875575,1.343665],[103.875508,1.343627],[103.875504,1.343635],[103.87548,1.343623],[103.875486,1.343605],[103.875466,1.343596],[103.875428,1.343577],[103.875417,1.343593],[103.875393,1.343582],[103.875397,1.343574],[103.875323,1.343545],[103.875343,1.343503],[103.875354,1.343508],[103.875362,1.343492],[103.875398,1.3435],[103.8754,1.343511],[103.875413,1.343483],[103.875436,1.343494],[103.875442,1.34348],[103.875405,1.343463],[103.875419,1.343435],[103.875409,1.34343],[103.875443,1.343357],[103.875484,1.343377],[103.875479,1.343386],[103.875498,1.343407],[103.875485,1.343434],[103.875522,1.343457],[103.875586,1.343323],[103.875537,1.343301],[103.875546,1.34328],[103.875523,1.34327],[103.875569,1.343166],[103.87561,1.343184],[103.875605,1.343196],[103.875621,1.343203],[103.875612,1.343243],[103.875627,1.34325],[103.875618,1.34327],[103.875628,1.343274],[103.875639,1.343249],[103.875658,1.343258],[103.875683,1.343223],[103.875699,1.34323],[103.875704,1.343219],[103.875744,1.343237],[103.87571,1.343315],[103.875702,1.343312],[103.875689,1.343342],[103.875674,1.343336],[103.875664,1.34336],[103.875601,1.343332],[103.875538,1.343464],[103.875547,1.343468],[103.875541,1.34348],[103.875562,1.34349],[103.87557,1.343473],[103.875585,1.343481],[103.87561,1.343447],[103.875626,1.343455],[103.875631,1.343445],[103.875671,1.343464],[103.875636,1.343537],[103.875627,1.343533],[103.875613,1.343563],[103.875583,1.343548],[103.875576,1.343562],[103.875567,1.343558],[103.875555,1.343584],[103.875587,1.343591]]]}},{"type":"Feature","properties":{"block_id":"12812","blk_no":"214C","postal_code":"363214","region_id":"CR","region":"CENTRAL REGION","planning_area_id":"TP","planning_area":"TOA PAYOH","subzone_id":"TPSZ10","subzone":"BIDADARI","lon":103.876,"lat":1.3436,"property_match":"MATCHED","property_match_confidence":"HIGH","street":"BIDADARI PK DR","residential":"Y","year_completed":2022,"building_age_2026":4,"max_floor_lvl":16,"total_dwelling_units":78,"small_flat_share_pct":0.0,"rental_share_pct":0.0,"footprint_area_m2":855.3,"estimated_residents_2026":232.1,"estimated_elderly_65plus_2026":7.5,"estimated_elderly_share_pct":3.23,"elderly_exposure_score":2.4,"elderly_exposure_class":"VERY LOW","estimate_confidence":"HIGH","display_name":"Block 214C"},"geometry":{"type":"Polygon","coordinates":[[[103.876042,1.343506],[103.876046,1.343484],[103.87602,1.343478],[103.876042,1.343368],[103.876085,1.343377],[103.876083,1.343388],[103.876101,1.343391],[103.876101,1.343432],[103.876118,1.343435],[103.876114,1.343456],[103.876125,1.343458],[103.87613,1.343431],[103.876149,1.343435],[103.876166,1.343394],[103.876184,1.343398],[103.876186,1.343387],[103.87623,1.343396],[103.876214,1.343478],[103.876206,1.343476],[103.8762,1.343509],[103.876185,1.343506],[103.876179,1.343533],[103.876112,1.34352],[103.876084,1.343664],[103.876092,1.343665],[103.876089,1.343679],[103.876112,1.343683],[103.876115,1.343666],[103.876132,1.34367],[103.876148,1.34363],[103.876166,1.343634],[103.876168,1.343623],[103.876212,1.343632],[103.876197,1.343711],[103.876186,1.343709],[103.87618,1.343739],[103.876145,1.343733],[103.876142,1.34375],[103.876133,1.343748],[103.876127,1.343776],[103.876135,1.343769],[103.87616,1.343774],[103.876166,1.343801],[103.876177,1.343803],[103.876168,1.34385],[103.876092,1.343829],[103.87609,1.343837],[103.876066,1.343833],[103.876066,1.343813],[103.876002,1.3438],[103.875996,1.343819],[103.875969,1.343813],[103.875971,1.343805],[103.875894,1.343796],[103.875903,1.343749],[103.875914,1.343751],[103.875917,1.343734],[103.875955,1.343733],[103.875959,1.343742],[103.875965,1.343713],[103.875991,1.343718],[103.875993,1.343704],[103.875953,1.343696],[103.875959,1.343665],[103.875949,1.343663],[103.875965,1.343583],[103.876009,1.343592],[103.876007,1.343603],[103.876024,1.343607],[103.87603,1.343619],[103.876024,1.343648],[103.876066,1.343661],[103.876094,1.343516],[103.876042,1.343506]]]}},{"type":"Feature","properties":{"block_id":"12813","blk_no":"215","postal_code":"360215","region_id":"CR","region":"CENTRAL REGION","planning_area_id":"TP","planning_area":"TOA PAYOH","subzone_id":"TPSZ10","subzone":"BIDADARI","lon":103.8766,"lat":1.3432,"property_match":"MATCHED","property_match_confidence":"HIGH","street":"BIDADARI PK DR","residential":"N","year_completed":2024,"building_age_2026":2,"max_floor_lvl":1,"total_dwelling_units":0,"small_flat_share_pct":null,"rental_share_pct":null,"footprint_area_m2":200.2,"estimated_residents_2026":0.0,"estimated_elderly_65plus_2026":0.0,"estimated_elderly_share_pct":null,"elderly_exposure_score":null,"elderly_exposure_class":null,"estimate_confidence":"HIGH","display_name":"Block 215"},"geometry":{"type":"Polygon","coordinates":[[[103.876625,1.343229],[103.87652,1.343245],[103.876498,1.343094],[103.876603,1.343079],[103.876625,1.343229]]]}},{"type":"Feature","properties":{"block_id":"12814","blk_no":"215A","postal_code":"361215","region_id":"CR","region":"CENTRAL REGION","planning_area_id":"TP","planning_area":"TOA PAYOH","subzone_id":"TPSZ10","subzone":"BIDADARI","lon":103.8768,"lat":1.3437,"property_match":"MATCHED","property_match_confidence":"HIGH","street":"BIDADARI PK DR","residential":"Y","year_completed":2022,"building_age_2026":4,"max_floor_lvl":16,"total_dwelling_units":78,"small_flat_share_pct":0.0,"rental_share_pct":0.0,"footprint_area_m2":861.4,"estimated_residents_2026":232.1,"estimated_elderly_65plus_2026":7.5,"estimated_elderly_share_pct":3.23,"elderly_exposure_score":2.4,"elderly_exposure_class":"VERY LOW","estimate_confidence":"HIGH","display_name":"Block 215A"},"geometry":{"type":"Polygon","coordinates":[[[103.876637,1.343575],[103.876584,1.343582],[103.876581,1.34356],[103.876553,1.343563],[103.876538,1.343451],[103.876584,1.343444],[103.876585,1.343457],[103.876603,1.343455],[103.876616,1.343493],[103.876633,1.34349],[103.876636,1.343511],[103.876647,1.34351],[103.876643,1.343482],[103.876662,1.34348],[103.876665,1.343437],[103.876683,1.343434],[103.876682,1.343423],[103.876727,1.343416],[103.876738,1.343499],[103.87673,1.3435],[103.876735,1.343534],[103.87672,1.343536],[103.876724,1.343563],[103.876655,1.343573],[103.876675,1.343718],[103.876684,1.343717],[103.876685,1.343729],[103.876707,1.343726],[103.876705,1.343708],[103.876723,1.343706],[103.876725,1.343665],[103.876743,1.343662],[103.876742,1.343651],[103.876786,1.343645],[103.876797,1.343726],[103.876786,1.343727],[103.876791,1.343758],[103.876755,1.343763],[103.876757,1.34378],[103.876749,1.343781],[103.876752,1.343808],[103.876783,1.343796],[103.876795,1.343802],[103.876797,1.34382],[103.876809,1.343819],[103.876815,1.343866],[103.876737,1.343871],[103.876738,1.343879],[103.876711,1.343883],[103.876707,1.343865],[103.876641,1.343874],[103.876642,1.343893],[103.876615,1.343897],[103.876614,1.343888],[103.876538,1.343905],[103.876531,1.343858],[103.876542,1.343857],[103.87654,1.343838],[103.876576,1.343825],[103.876583,1.343833],[103.876579,1.343803],[103.876604,1.343799],[103.876602,1.343784],[103.876561,1.34379],[103.876557,1.34376],[103.876547,1.343761],[103.876536,1.34368],[103.87658,1.343674],[103.876581,1.343685],[103.876609,1.343692],[103.876613,1.343722],[103.876656,1.343721],[103.876637,1.343575]]]}},{"type":"Feature","properties":{"block_id":"12837","blk_no":"215B","postal_code":"362215","region_id":"CR","region":"CENTRAL REGION","planning_area_id":"TP","planning_area":"TOA PAYOH","subzone_id":"TPSZ10","subzone":"BIDADARI","lon":103.8763,"lat":1.343,"property_match":"MATCHED","property_match_confidence":"HIGH","street":"BIDADARI PK DR","residential":"Y","year_completed":2023,"building_age_2026":3,"max_floor_lvl":16,"total_dwelling_units":132,"small_flat_share_pct":29.55,"rental_share_pct":0.0,"footprint_area_m2":1276.3,"estimated_residents_2026":357.3,"estimated_elderly_65plus_2026":20.2,"estimated_elderly_share_pct":5.67,"elderly_exposure_score":10.8,"elderly_exposure_class":"VERY LOW","estimate_confidence":"HIGH","display_name":"Block 215B"},"geometry":{"type":"Polygon","coordinates":[[[103.876297,1.343074],[103.876285,1.342866],[103.876198,1.342871],[103.876191,1.342883],[103.876211,1.342895],[103.8762,1.342914],[103.876236,1.342927],[103.876195,1.342983],[103.876145,1.342952],[103.876151,1.342943],[103.876128,1.342929],[103.876119,1.342943],[103.876023,1.342884],[103.876047,1.342846],[103.876056,1.342851],[103.876079,1.342834],[103.876105,1.34285],[103.876112,1.342837],[103.876089,1.342823],[103.876102,1.342802],[103.876181,1.342863],[103.876187,1.342854],[103.876215,1.342852],[103.876214,1.342832],[103.876209,1.34284],[103.876171,1.342834],[103.87617,1.342816],[103.87616,1.342817],[103.876157,1.342769],[103.876239,1.342764],[103.87624,1.342774],[103.876262,1.342772],[103.876261,1.342763],[103.876316,1.34276],[103.876316,1.342769],[103.876338,1.342768],[103.876337,1.342759],[103.87642,1.342754],[103.876422,1.342801],[103.876411,1.342802],[103.876412,1.342819],[103.876376,1.34283],[103.876369,1.342822],[103.876371,1.342843],[103.8764,1.342841],[103.876406,1.342849],[103.876476,1.342782],[103.876491,1.3428],[103.876468,1.342818],[103.87648,1.342834],[103.876505,1.342805],[103.876542,1.342863],[103.876445,1.342926],[103.876452,1.342934],[103.876406,1.34297],[103.876359,1.342919],[103.876393,1.342903],[103.87638,1.342885],[103.876399,1.34287],[103.876391,1.34286],[103.876304,1.342865],[103.876316,1.343074],[103.876328,1.343073],[103.876331,1.343118],[103.876346,1.343117],[103.876352,1.343075],[103.87637,1.343074],[103.876369,1.343063],[103.876414,1.34306],[103.876412,1.343173],[103.876431,1.343172],[103.876438,1.343285],[103.876392,1.343288],[103.876391,1.343276],[103.876374,1.343277],[103.876363,1.343237],[103.876348,1.343237],[103.876351,1.343289],[103.876327,1.34329],[103.876316,1.343195],[103.876279,1.343198],[103.87627,1.343241],[103.876253,1.343242],[103.876247,1.343284],[103.87623,1.343285],[103.876231,1.343297],[103.876185,1.3433],[103.876179,1.343186],[103.876203,1.343185],[103.876201,1.343157],[103.876191,1.343157],[103.876187,1.343074],[103.876231,1.343071],[103.876232,1.343083],[103.876251,1.343082],[103.876261,1.343121],[103.876276,1.34312],[103.876274,1.343076],[103.876297,1.343074]]]}},{"type":"Feature","properties":{"block_id":"12838","blk_no":"215C","postal_code":"363215","region_id":"CR","region":"CENTRAL REGION","planning_area_id":"TP","planning_area":"TOA PAYOH","subzone_id":"TPSZ10","subzone":"BIDADARI","lon":103.8758,"lat":1.3428,"property_match":"MATCHED","property_match_confidence":"HIGH","street":"BIDADARI PK DR","residential":"Y","year_completed":2023,"building_age_2026":3,"max_floor_lvl":16,"total_dwelling_units":118,"small_flat_share_pct":20.34,"rental_share_pct":0.0,"footprint_area_m2":1287.6,"estimated_residents_2026":322.9,"estimated_elderly_65plus_2026":14.6,"estimated_elderly_share_pct":4.53,"elderly_exposure_score":6.9,"elderly_exposure_class":"VERY LOW","estimate_confidence":"HIGH","display_name":"Block 215C"},"geometry":{"type":"Polygon","coordinates":[[[103.875939,1.342853],[103.875827,1.342838],[103.875829,1.342821],[103.875743,1.342819],[103.875747,1.342751],[103.875782,1.342765],[103.875785,1.342742],[103.875809,1.342746],[103.87581,1.342734],[103.875747,1.342675],[103.875606,1.342828],[103.875622,1.342843],[103.875592,1.342876],[103.875603,1.342886],[103.875637,1.342861],[103.87565,1.342873],[103.875658,1.342865],[103.875692,1.342897],[103.87561,1.342973],[103.875628,1.342989],[103.875551,1.343072],[103.875518,1.343042],[103.875526,1.343033],[103.875513,1.343021],[103.875535,1.342986],[103.875522,1.342974],[103.875543,1.342935],[103.875516,1.342909],[103.87545,1.342972],[103.875433,1.342956],[103.875465,1.34292],[103.875454,1.34291],[103.875421,1.342934],[103.875408,1.342922],[103.8754,1.34293],[103.875367,1.342899],[103.875443,1.342817],[103.875458,1.34283],[103.875477,1.342809],[103.87547,1.342803],[103.875526,1.342743],[103.875558,1.342773],[103.87555,1.342781],[103.875563,1.342793],[103.875542,1.342829],[103.875553,1.342839],[103.875583,1.342807],[103.875592,1.342815],[103.875732,1.342663],[103.875669,1.342604],[103.875656,1.342606],[103.875661,1.34263],[103.87564,1.342634],[103.875655,1.342668],[103.875588,1.342678],[103.875576,1.342621],[103.875586,1.342619],[103.87558,1.342594],[103.875564,1.342597],[103.87554,1.342487],[103.875584,1.342477],[103.875586,1.342488],[103.875614,1.342493],[103.87562,1.342521],[103.875635,1.342518],[103.875629,1.342493],[103.875653,1.342487],[103.875669,1.342584],[103.875695,1.342603],[103.875709,1.342588],[103.87568,1.342572],[103.875689,1.342546],[103.875681,1.342538],[103.875713,1.342503],[103.875774,1.342559],[103.875768,1.342566],[103.875784,1.34258],[103.875789,1.342574],[103.87583,1.342611],[103.875824,1.342618],[103.87584,1.342633],[103.875846,1.342626],[103.875907,1.342683],[103.875876,1.342716],[103.875867,1.342708],[103.875855,1.342722],[103.875841,1.34272],[103.875823,1.342692],[103.875809,1.342707],[103.875829,1.342737],[103.875928,1.34274],[103.875925,1.342764],[103.875899,1.342761],[103.875896,1.342784],[103.875936,1.342789],[103.875934,1.342807],[103.875945,1.342808],[103.875939,1.342853]]]}},{"type":"Feature","properties":{"block_id":"11051677","blk_no":"216","postal_code":"360216","region_id":"CR","region":"CENTRAL REGION","planning_area_id":"TP","planning_area":"TOA PAYOH","subzone_id":"TPSZ10","subzone":"BIDADARI","lon":103.8776,"lat":1.3429,"property_match":"MATCHED","property_match_confidence":"HIGH","street":"BIDADARI PK DR","residential":"N","year_completed":2025,"building_age_2026":1,"max_floor_lvl":2,"total_dwelling_units":0,"small_flat_share_pct":null,"rental_share_pct":null,"footprint_area_m2":3407.2,"estimated_residents_2026":0.0,"estimated_elderly_65plus_2026":0.0,"estimated_elderly_share_pct":null,"elderly_exposure_score":null,"elderly_exposure_class":null,"estimate_confidence":"HIGH","display_name":"Block 216"},"geometry":{"type":"Polygon","coordinates":[[[103.877422,1.342871],[103.877376,1.342888],[103.877351,1.342819],[103.877341,1.342822],[103.877337,1.342812],[103.877347,1.342808],[103.877319,1.342733],[103.877403,1.342624],[103.877497,1.342697],[103.87753,1.342653],[103.87739,1.342546],[103.87745,1.342467],[103.877404,1.342432],[103.877424,1.342405],[103.877697,1.342618],[103.877654,1.342667],[103.877663,1.342674],[103.877626,1.342723],[103.877617,1.342717],[103.877583,1.342762],[103.877753,1.342899],[103.877741,1.342915],[103.877789,1.342952],[103.877801,1.342936],[103.877915,1.343018],[103.877944,1.343097],[103.877926,1.343103],[103.877947,1.34316],[103.877965,1.343154],[103.878015,1.343286],[103.877755,1.343377],[103.877764,1.343401],[103.877692,1.343428],[103.877661,1.343346],[103.877702,1.343331],[103.877704,1.34332],[103.877678,1.34325],[103.877516,1.343126],[103.877422,1.342871]]]}},{"type":"Feature","properties":{"block_id":"11051616","blk_no":"216A","postal_code":"361216","region_id":"CR","region":"CENTRAL REGION","planning_area_id":"TP","planning_area":"TOA PAYOH","subzone_id":"TPSZ10","subzone":"BIDADARI","lon":103.8774,"lat":1.343,"property_match":"MATCHED","property_match_confidence":"HIGH","street":"BIDADARI PK DR","residential":"Y","year_completed":2025,"building_age_2026":1,"max_floor_lvl":16,"total_dwelling_units":159,"small_flat_share_pct":26.42,"rental_share_pct":0.0,"footprint_area_m2":1728.8,"estimated_residents_2026":415.4,"estimated_elderly_65plus_2026":19.3,"estimated_elderly_share_pct":4.64,"elderly_exposure_score":10.0,"elderly_exposure_class":"VERY LOW","estimate_confidence":"HIGH","display_name":"Block 216A"},"geometry":{"type":"Polygon","coordinates":[[[103.8774,1.343321],[103.877438,1.34327],[103.877401,1.343242],[103.877391,1.343214],[103.877369,1.343222],[103.877379,1.343224],[103.877387,1.343246],[103.877321,1.34327],[103.877304,1.343221],[103.877317,1.343211],[103.877306,1.343183],[103.877293,1.343188],[103.877283,1.343159],[103.877292,1.343155],[103.877268,1.343076],[103.877249,1.343079],[103.877221,1.343004],[103.877293,1.342987],[103.877301,1.343008],[103.877293,1.343012],[103.877295,1.343017],[103.877316,1.343009],[103.877274,1.342896],[103.877252,1.342904],[103.877262,1.342906],[103.87727,1.342927],[103.877205,1.342952],[103.877187,1.342903],[103.8772,1.342893],[103.877179,1.342835],[103.877162,1.342836],[103.877144,1.342788],[103.87721,1.342763],[103.877218,1.342784],[103.877209,1.342788],[103.877211,1.342793],[103.877233,1.342784],[103.877229,1.342772],[103.877208,1.34273],[103.877161,1.342747],[103.877153,1.342726],[103.877134,1.342729],[103.87713,1.342701],[103.877111,1.342703],[103.877083,1.342628],[103.877129,1.342611],[103.877132,1.342619],[103.877156,1.342612],[103.877163,1.342633],[103.877155,1.342636],[103.877157,1.342641],[103.877179,1.342633],[103.877192,1.342671],[103.877216,1.342647],[103.877208,1.342626],[103.877273,1.342592],[103.877301,1.342667],[103.877285,1.342677],[103.877306,1.342734],[103.877324,1.342731],[103.877352,1.342806],[103.87728,1.342823],[103.877272,1.342802],[103.877281,1.342798],[103.877279,1.342793],[103.877258,1.342801],[103.877302,1.342923],[103.877323,1.342915],[103.877313,1.342913],[103.877305,1.342892],[103.877371,1.342857],[103.877398,1.342932],[103.877382,1.342942],[103.877402,1.342997],[103.877422,1.342997],[103.87745,1.343072],[103.877377,1.343088],[103.87737,1.343067],[103.877378,1.343064],[103.877376,1.343059],[103.877355,1.343067],[103.877388,1.343152],[103.877472,1.343122],[103.87749,1.343172],[103.877653,1.343297],[103.877682,1.343361],[103.877494,1.343431],[103.877412,1.343369],[103.877428,1.343348],[103.8774,1.343321]]]}},{"type":"Feature","properties":{"block_id":"11051645","blk_no":"216B","postal_code":"362216","region_id":"CR","region":"CENTRAL REGION","planning_area_id":"TP","planning_area":"TOA PAYOH","subzone_id":"TPSZ10","subzone":"BIDADARI","lon":103.8769,"lat":1.3421,"property_match":"MATCHED","property_match_confidence":"HIGH","street":"BIDADARI PK DR","residential":"Y","year_completed":2025,"building_age_2026":1,"max_floor_lvl":14,"total_dwelling_units":108,"small_flat_share_pct":24.07,"rental_share_pct":0.0,"footprint_area_m2":1228.7,"estimated_residents_2026":283.1,"estimated_elderly_65plus_2026":12.3,"estimated_elderly_share_pct":4.35,"elderly_exposure_score":5.4,"elderly_exposure_class":"VERY LOW","estimate_confidence":"HIGH","display_name":"Block 216B"},"geometry":{"type":"Polygon","coordinates":[[[103.876893,1.342259],[103.876578,1.342018],[103.876628,1.341964],[103.876646,1.341977],[103.876675,1.341962],[103.876641,1.341932],[103.876661,1.341912],[103.87665,1.341898],[103.876698,1.341834],[103.876751,1.341885],[103.876738,1.341903],[103.876748,1.341911],[103.876742,1.341922],[103.876781,1.341956],[103.876796,1.341944],[103.876859,1.341992],[103.876809,1.342044],[103.876789,1.342031],[103.876777,1.342039],[103.876886,1.342123],[103.87689,1.342109],[103.876872,1.342095],[103.876909,1.34203],[103.876972,1.342079],[103.876964,1.342096],[103.87699,1.342109],[103.876984,1.342122],[103.877001,1.342134],[103.877009,1.342124],[103.877073,1.342179],[103.877087,1.342167],[103.877151,1.342215],[103.877121,1.342255],[103.877115,1.34225],[103.877099,1.342268],[103.877081,1.342254],[103.877073,1.342264],[103.877064,1.34226],[103.877037,1.34229],[103.877091,1.342423],[103.877068,1.342431],[103.877061,1.342413],[103.877049,1.342418],[103.877056,1.342439],[103.876991,1.342464],[103.876973,1.342415],[103.876986,1.342405],[103.876966,1.34235],[103.876948,1.342348],[103.87693,1.342299],[103.876996,1.342275],[103.877004,1.342296],[103.877036,1.34226],[103.876916,1.342167],[103.876912,1.342181],[103.87693,1.342194],[103.876893,1.342259]],[[103.876718,1.342022],[103.876708,1.342036],[103.876758,1.342075],[103.876764,1.342068],[103.876782,1.342081],[103.876794,1.342074],[103.876718,1.342022]]]}},{"type":"Feature","properties":{"block_id":"11051617","blk_no":"216C","postal_code":"363216","region_id":"CR","region":"CENTRAL REGION","planning_area_id":"TP","planning_area":"TOA PAYOH","subzone_id":"TPSZ10","subzone":"BIDADARI","lon":103.878,"lat":1.3429,"property_match":"MATCHED","property_match_confidence":"HIGH","street":"BIDADARI PK DR","residential":"Y","year_completed":2025,"building_age_2026":1,"max_floor_lvl":17,"total_dwelling_units":120,"small_flat_share_pct":23.33,"rental_share_pct":0.0,"footprint_area_m2":1179.2,"estimated_residents_2026":314.9,"estimated_elderly_65plus_2026":13.4,"estimated_elderly_share_pct":4.26,"elderly_exposure_score":6.1,"elderly_exposure_class":"VERY LOW","estimate_confidence":"HIGH","display_name":"Block 216C"},"geometry":{"type":"Polygon","coordinates":[[[103.877689,1.342622],[103.87774,1.342662],[103.877726,1.34268],[103.877739,1.342689],[103.877722,1.342711],[103.877737,1.342722],[103.877753,1.342701],[103.877771,1.342715],[103.877783,1.342705],[103.877802,1.342726],[103.877816,1.342714],[103.87788,1.342762],[103.87785,1.342801],[103.877844,1.342796],[103.877828,1.342815],[103.87781,1.342801],[103.877802,1.342812],[103.877896,1.342884],[103.877904,1.342873],[103.877886,1.342859],[103.8779,1.342839],[103.877893,1.342834],[103.877923,1.342795],[103.877986,1.342843],[103.877978,1.342861],[103.878003,1.342873],[103.877998,1.342886],[103.878014,1.342899],[103.878022,1.342889],[103.878086,1.342944],[103.878101,1.342931],[103.878164,1.34298],[103.878112,1.343033],[103.878094,1.343019],[103.878081,1.343027],[103.878051,1.343004],[103.878026,1.34303],[103.878083,1.34317],[103.878047,1.343178],[103.878054,1.3432],[103.878032,1.343209],[103.878035,1.343217],[103.877989,1.343234],[103.877961,1.343159],[103.877977,1.343149],[103.877966,1.343118],[103.877956,1.343092],[103.877938,1.343095],[103.87791,1.34302],[103.877982,1.343003],[103.87799,1.343024],[103.878003,1.343025],[103.878022,1.343004],[103.87789,1.342903],[103.877883,1.342913],[103.877901,1.342926],[103.877887,1.342947],[103.877894,1.342952],[103.877864,1.342991],[103.877801,1.342943],[103.877809,1.342925],[103.877761,1.342889],[103.877746,1.342901],[103.877683,1.342853],[103.877713,1.342813],[103.877719,1.342818],[103.877735,1.342799],[103.877753,1.342813],[103.877761,1.342803],[103.877722,1.342774],[103.877706,1.342786],[103.877681,1.342766],[103.877664,1.342788],[103.877648,1.342783],[103.877635,1.342801],[103.877579,1.342759],[103.87761,1.342717],[103.877626,1.342723],[103.877663,1.342674],[103.877653,1.34266],[103.877689,1.342622]]]}},{"type":"Feature","properties":{"block_id":"11051326","blk_no":"221","postal_code":"360221","region_id":"CR","region":"CENTRAL REGION","planning_area_id":"TP","planning_area":"TOA PAYOH","subzone_id":"TPSZ10","subzone":"BIDADARI","lon":103.8806,"lat":1.3417,"property_match":"MATCHED","property_match_confidence":"HIGH","street":"MOUNT VERNON RD","residential":"N","year_completed":2025,"building_age_2026":1,"max_floor_lvl":6,"total_dwelling_units":0,"small_flat_share_pct":null,"rental_share_pct":null,"footprint_area_m2":2722.7,"estimated_residents_2026":0.0,"estimated_elderly_65plus_2026":0.0,"estimated_elderly_share_pct":null,"elderly_exposure_score":null,"elderly_exposure_class":null,"estimate_confidence":"HIGH","display_name":"Block 221"},"geometry":{"type":"Polygon","coordinates":[[[103.880428,1.341443],[103.880457,1.341425],[103.880491,1.341433],[103.880773,1.341645],[103.880747,1.341681],[103.880833,1.34168],[103.880896,1.341712],[103.880927,1.341775],[103.880924,1.341822],[103.880901,1.341864],[103.880841,1.3419],[103.880794,1.3419],[103.880751,1.34188],[103.880783,1.341904],[103.880752,1.341946],[103.880654,1.341992],[103.880607,1.341994],[103.880577,1.341981],[103.880261,1.341745],[103.880243,1.341715],[103.880247,1.34169],[103.880428,1.341443]]]}},{"type":"Feature","properties":{"block_id":"11051329","blk_no":"222","postal_code":"360222","region_id":"CR","region":"CENTRAL REGION","planning_area_id":"TP","planning_area":"TOA PAYOH","subzone_id":"TPSZ10","subzone":"BIDADARI","lon":103.8791,"lat":1.3409,"property_match":"MATCHED","property_match_confidence":"HIGH","street":"MOUNT VERNON RD","residential":"N","year_completed":2025,"building_age_2026":1,"max_floor_lvl":7,"total_dwelling_units":0,"small_flat_share_pct":null,"rental_share_pct":null,"footprint_area_m2":1968.0,"estimated_residents_2026":0.0,"estimated_elderly_65plus_2026":0.0,"estimated_elderly_share_pct":null,"elderly_exposure_score":null,"elderly_exposure_class":null,"estimate_confidence":"HIGH","display_name":"Block 222"},"geometry":{"type":"MultiPolygon","coordinates":[[[[103.879263,1.341174],[103.879338,1.341043],[103.879432,1.341098],[103.879357,1.341228],[103.879263,1.341174]]],[[[103.879026,1.340638],[103.879411,1.340862],[103.879414,1.340874],[103.879383,1.340929],[103.879375,1.340925],[103.879251,1.341141],[103.878866,1.340917],[103.879026,1.340638]]]]}},{"type":"Feature","properties":{"block_id":"11051323","blk_no":"222A","postal_code":"361222","region_id":"CR","region":"CENTRAL REGION","planning_area_id":"TP","planning_area":"TOA PAYOH","subzone_id":"TPSZ10","subzone":"BIDADARI","lon":103.8796,"lat":1.3411,"property_match":"MATCHED","property_match_confidence":"HIGH","street":"MOUNT VERNON RD","residential":"Y","year_completed":2025,"building_age_2026":1,"max_floor_lvl":17,"total_dwelling_units":102,"small_flat_share_pct":0.0,"rental_share_pct":0.0,"footprint_area_m2":853.8,"estimated_residents_2026":283.7,"estimated_elderly_65plus_2026":5.6,"estimated_elderly_share_pct":1.96,"elderly_exposure_score":1.5,"elderly_exposure_class":"VERY LOW","estimate_confidence":"HIGH","display_name":"Block 222A"},"geometry":{"type":"Polygon","coordinates":[[[103.879576,1.341189],[103.879596,1.341154],[103.879607,1.34116],[103.879619,1.34114],[103.879636,1.34115],[103.879644,1.341136],[103.879666,1.341149],[103.879677,1.341131],[103.87965,1.341116],[103.879679,1.341071],[103.87967,1.341046],[103.879633,1.341024],[103.879625,1.341038],[103.879642,1.341048],[103.87963,1.341068],[103.879642,1.341075],[103.879621,1.341109],[103.879548,1.341073],[103.879554,1.341061],[103.879503,1.341031],[103.879496,1.341043],[103.879427,1.340997],[103.879447,1.340962],[103.879459,1.340968],[103.87947,1.340948],[103.879487,1.340958],[103.879495,1.340945],[103.879536,1.340968],[103.879543,1.340956],[103.879506,1.340935],[103.879512,1.340923],[103.879492,1.340911],[103.879504,1.34089],[103.879492,1.340883],[103.879513,1.340847],[103.879626,1.340913],[103.879617,1.34093],[103.879667,1.340946],[103.879674,1.340934],[103.879742,1.340981],[103.879722,1.341016],[103.879711,1.341009],[103.879699,1.341029],[103.879682,1.341019],[103.879674,1.341033],[103.879698,1.341083],[103.879728,1.341101],[103.879744,1.341073],[103.879765,1.341085],[103.879755,1.341103],[103.879781,1.341118],[103.879787,1.341106],[103.879856,1.341152],[103.879836,1.341187],[103.879825,1.341181],[103.879813,1.341201],[103.879796,1.341191],[103.879788,1.341204],[103.879747,1.34118],[103.87974,1.341193],[103.879781,1.341216],[103.879774,1.34123],[103.879791,1.34124],[103.879779,1.34126],[103.87979,1.341266],[103.87977,1.341301],[103.879696,1.341265],[103.879703,1.341253],[103.879651,1.341223],[103.879645,1.341235],[103.879576,1.341189]]]}},{"type":"Feature","properties":{"block_id":"11051320","blk_no":"222B","postal_code":"362222","region_id":"CR","region":"CENTRAL REGION","planning_area_id":"TP","planning_area":"TOA PAYOH","subzone_id":"TPSZ10","subzone":"BIDADARI","lon":103.8801,"lat":1.3413,"property_match":"MATCHED","property_match_confidence":"HIGH","street":"MOUNT VERNON RD","residential":"Y","year_completed":2025,"building_age_2026":1,"max_floor_lvl":17,"total_dwelling_units":143,"small_flat_share_pct":33.57,"rental_share_pct":0.0,"footprint_area_m2":1039.7,"estimated_residents_2026":386.5,"estimated_elderly_65plus_2026":24.0,"estimated_elderly_share_pct":6.22,"elderly_exposure_score":13.6,"elderly_exposure_class":"VERY LOW","estimate_confidence":"HIGH","display_name":"Block 222B"},"geometry":{"type":"Polygon","coordinates":[[[103.880193,1.341221],[103.880211,1.341335],[103.880222,1.341332],[103.880237,1.341386],[103.880175,1.341403],[103.880169,1.341381],[103.880153,1.341385],[103.880166,1.341432],[103.88015,1.34146],[103.880168,1.34147],[103.880191,1.341429],[103.880205,1.341437],[103.880214,1.34142],[103.880235,1.341431],[103.880241,1.34142],[103.880276,1.34144],[103.880239,1.341515],[103.880228,1.341508],[103.880199,1.341541],[103.880219,1.341553],[103.880207,1.341574],[103.880219,1.341581],[103.880198,1.341617],[103.879974,1.341487],[103.879994,1.34145],[103.880006,1.341457],[103.880018,1.341436],[103.880038,1.341448],[103.880045,1.341436],[103.880099,1.341468],[103.880106,1.341456],[103.880129,1.341469],[103.880151,1.34143],[103.880139,1.341384],[103.880082,1.341399],[103.880059,1.341352],[103.880048,1.341355],[103.880034,1.3413],[103.880096,1.341284],[103.880101,1.341306],[103.880117,1.341302],[103.880103,1.341249],[103.880081,1.341236],[103.880066,1.341286],[103.880003,1.341259],[103.879987,1.341287],[103.879966,1.341275],[103.879977,1.341257],[103.879951,1.341242],[103.879944,1.341254],[103.879876,1.341208],[103.879896,1.341173],[103.879907,1.34118],[103.879919,1.341159],[103.879936,1.341169],[103.879943,1.341156],[103.879957,1.341164],[103.879964,1.341152],[103.879921,1.341127],[103.879928,1.341113],[103.879911,1.341103],[103.879923,1.341083],[103.879912,1.341077],[103.879932,1.341042],[103.880006,1.341078],[103.879999,1.34109],[103.880051,1.34112],[103.880057,1.341108],[103.880126,1.341154],[103.880106,1.341189],[103.880095,1.341183],[103.880083,1.341203],[103.880066,1.341193],[103.880058,1.341207],[103.880115,1.341239],[103.880121,1.341264],[103.880137,1.34126],[103.880131,1.341237],[103.880193,1.341221]]]}},{"type":"Feature","properties":{"block_id":"11051319","blk_no":"223A","postal_code":"361223","region_id":"CR","region":"CENTRAL REGION","planning_area_id":"TP","planning_area":"TOA PAYOH","subzone_id":"TPSZ10","subzone":"BIDADARI","lon":103.8788,"lat":1.3406,"property_match":"MATCHED","property_match_confidence":"HIGH","street":"MOUNT VERNON RD","residential":"Y","year_completed":2025,"building_age_2026":1,"max_floor_lvl":15,"total_dwelling_units":85,"small_flat_share_pct":0.0,"rental_share_pct":0.0,"footprint_area_m2":853.8,"estimated_residents_2026":236.0,"estimated_elderly_65plus_2026":4.5,"estimated_elderly_share_pct":1.93,"elderly_exposure_score":1.0,"elderly_exposure_class":"VERY LOW","estimate_confidence":"HIGH","display_name":"Block 223A"},"geometry":{"type":"Polygon","coordinates":[[[103.878427,1.340618],[103.878447,1.340583],[103.878458,1.34059],[103.87847,1.340569],[103.878487,1.340579],[103.878495,1.340566],[103.878536,1.34059],[103.878542,1.340578],[103.878502,1.340554],[103.878509,1.34054],[103.878492,1.34053],[103.878504,1.34051],[103.878493,1.340504],[103.878513,1.340469],[103.878586,1.340505],[103.87858,1.340517],[103.878605,1.340532],[103.878616,1.340514],[103.878637,1.340527],[103.878621,1.340554],[103.878651,1.340572],[103.878706,1.340567],[103.878714,1.340554],[103.878697,1.340544],[103.878708,1.340524],[103.878697,1.340517],[103.878717,1.340482],[103.878791,1.340519],[103.878784,1.340531],[103.878824,1.340566],[103.878833,1.340549],[103.878947,1.340615],[103.878926,1.340651],[103.878914,1.340644],[103.878902,1.340665],[103.878882,1.340654],[103.878875,1.340665],[103.878838,1.340644],[103.878831,1.340656],[103.878872,1.34068],[103.878864,1.340693],[103.878881,1.340703],[103.878869,1.340723],[103.878881,1.34073],[103.878861,1.340765],[103.878787,1.340728],[103.878793,1.340716],[103.878742,1.340686],[103.878735,1.340698],[103.878666,1.340652],[103.878687,1.340617],[103.878698,1.340623],[103.878709,1.340603],[103.878726,1.340613],[103.878734,1.3406],[103.878697,1.340578],[103.878671,1.340583],[103.878646,1.34063],[103.87862,1.340614],[103.87861,1.340633],[103.878632,1.340646],[103.878625,1.340659],[103.878642,1.340669],[103.87863,1.340689],[103.878641,1.340696],[103.878621,1.340731],[103.878547,1.340694],[103.878554,1.340682],[103.878502,1.340652],[103.878495,1.340664],[103.878427,1.340618]]]}},{"type":"Feature","properties":{"block_id":"11051322","blk_no":"223B","postal_code":"362223","region_id":"CR","region":"CENTRAL REGION","planning_area_id":"TP","planning_area":"TOA PAYOH","subzone_id":"TPSZ10","subzone":"BIDADARI","lon":103.8783,"lat":1.3408,"property_match":"MATCHED","property_match_confidence":"HIGH","street":"MOUNT VERNON RD","residential":"Y","year_completed":2025,"building_age_2026":1,"max_floor_lvl":14,"total_dwelling_units":91,"small_flat_share_pct":0.0,"rental_share_pct":0.0,"footprint_area_m2":853.8,"estimated_residents_2026":253.9,"estimated_elderly_65plus_2026":5.1,"estimated_elderly_share_pct":2.02,"elderly_exposure_score":1.3,"elderly_exposure_class":"VERY LOW","estimate_confidence":"HIGH","display_name":"Block 223B"},"geometry":{"type":"Polygon","coordinates":[[[103.878356,1.340902],[103.878349,1.340914],[103.878369,1.340925],[103.878357,1.340946],[103.878369,1.340953],[103.878348,1.34099],[103.878235,1.340923],[103.878245,1.340907],[103.878194,1.34089],[103.878188,1.340902],[103.878119,1.340856],[103.878139,1.340821],[103.87815,1.340827],[103.878162,1.340807],[103.878179,1.340817],[103.878187,1.340804],[103.878163,1.340753],[103.878133,1.340735],[103.878117,1.340763],[103.878096,1.340751],[103.878106,1.340733],[103.878081,1.340719],[103.878074,1.34073],[103.878005,1.340684],[103.878025,1.340649],[103.878037,1.340656],[103.878048,1.340635],[103.878065,1.340645],[103.878073,1.340632],[103.878114,1.340656],[103.878121,1.340644],[103.87808,1.34062],[103.878088,1.340607],[103.87807,1.340597],[103.878082,1.340576],[103.878071,1.34057],[103.878091,1.340535],[103.878165,1.340572],[103.878158,1.340583],[103.87821,1.340613],[103.878217,1.340602],[103.878285,1.340648],[103.878265,1.340683],[103.878254,1.340676],[103.878242,1.340696],[103.878225,1.340687],[103.878217,1.3407],[103.878195,1.340687],[103.878185,1.340705],[103.878211,1.34072],[103.878182,1.340765],[103.878192,1.34079],[103.878229,1.340812],[103.878236,1.340799],[103.878219,1.340789],[103.878231,1.340768],[103.87822,1.340762],[103.87824,1.340727],[103.878314,1.340764],[103.878307,1.340775],[103.878359,1.340805],[103.878365,1.340794],[103.878434,1.34084],[103.878414,1.340875],[103.878403,1.340868],[103.878391,1.340888],[103.878374,1.340878],[103.878366,1.340892],[103.878325,1.340868],[103.878318,1.34088],[103.878356,1.340902]]]}},{"type":"Feature","properties":{"block_id":"11051327","blk_no":"223C","postal_code":"363223","region_id":"CR","region":"CENTRAL REGION","planning_area_id":"TP","planning_area":"TOA PAYOH","subzone_id":"TPSZ10","subzone":"BIDADARI","lon":103.8787,"lat":1.3411,"property_match":"MATCHED","property_match_confidence":"HIGH","street":"MOUNT VERNON RD","residential":"Y","year_completed":2025,"building_age_2026":1,"max_floor_lvl":15,"total_dwelling_units":98,"small_flat_share_pct":0.0,"rental_share_pct":0.0,"footprint_area_m2":853.8,"estimated_residents_2026":273.4,"estimated_elderly_65plus_2026":5.5,"estimated_elderly_share_pct":2.02,"elderly_exposure_score":1.5,"elderly_exposure_class":"VERY LOW","estimate_confidence":"HIGH","display_name":"Block 223C"},"geometry":{"type":"Polygon","coordinates":[[[103.878487,1.340855],[103.878561,1.340892],[103.878554,1.340903],[103.878606,1.340934],[103.878613,1.340922],[103.878681,1.340968],[103.878661,1.341003],[103.87865,1.340996],[103.878639,1.341017],[103.878621,1.341007],[103.878614,1.34102],[103.878592,1.341007],[103.878581,1.341025],[103.878607,1.341041],[103.878579,1.341085],[103.878588,1.34111],[103.878625,1.341132],[103.878633,1.341119],[103.878616,1.341109],[103.878627,1.341088],[103.878616,1.341082],[103.878636,1.341047],[103.87871,1.341084],[103.878703,1.341095],[103.878755,1.341125],[103.878762,1.341114],[103.87883,1.34116],[103.87881,1.341195],[103.878799,1.341188],[103.878787,1.341209],[103.87877,1.341199],[103.878763,1.341212],[103.878722,1.341188],[103.878715,1.3412],[103.878752,1.341222],[103.878745,1.341234],[103.878765,1.341245],[103.878753,1.341266],[103.878765,1.341273],[103.878744,1.34131],[103.878631,1.341244],[103.878641,1.341227],[103.878591,1.34121],[103.878584,1.341222],[103.878515,1.341176],[103.878536,1.341141],[103.878547,1.341147],[103.878558,1.341127],[103.878575,1.341137],[103.878583,1.341124],[103.87856,1.341073],[103.878529,1.341056],[103.878513,1.341084],[103.878492,1.341071],[103.878503,1.341054],[103.878477,1.341039],[103.87847,1.34105],[103.878402,1.341004],[103.878422,1.340969],[103.878433,1.340976],[103.878445,1.340956],[103.878462,1.340966],[103.878469,1.340952],[103.87851,1.340976],[103.878517,1.340964],[103.878476,1.34094],[103.878484,1.340927],[103.878467,1.340917],[103.878478,1.340897],[103.878467,1.34089],[103.878487,1.340855]]]}},{"type":"Feature","properties":{"block_id":"11051324","blk_no":"224A","postal_code":"361224","region_id":"CR","region":"CENTRAL REGION","planning_area_id":"TP","planning_area":"TOA PAYOH","subzone_id":"TPSZ10","subzone":"BIDADARI","lon":103.8791,"lat":1.3414,"property_match":"MATCHED","property_match_confidence":"HIGH","street":"MOUNT VERNON RD","residential":"Y","year_completed":2025,"building_age_2026":1,"max_floor_lvl":16,"total_dwelling_units":105,"small_flat_share_pct":0.0,"rental_share_pct":0.0,"footprint_area_m2":853.8,"estimated_residents_2026":292.9,"estimated_elderly_65plus_2026":5.9,"estimated_elderly_share_pct":2.02,"elderly_exposure_score":1.6,"elderly_exposure_class":"VERY LOW","estimate_confidence":"HIGH","display_name":"Block 224A"},"geometry":{"type":"Polygon","coordinates":[[[103.879077,1.34129],[103.879057,1.341325],[103.879046,1.341318],[103.879034,1.341338],[103.879017,1.341328],[103.879009,1.341342],[103.878987,1.341329],[103.878976,1.341347],[103.879003,1.341362],[103.878974,1.341407],[103.878983,1.341432],[103.879021,1.341454],[103.879028,1.34144],[103.879011,1.34143],[103.879023,1.34141],[103.879012,1.341404],[103.879032,1.341369],[103.879105,1.341405],[103.879099,1.341417],[103.87915,1.341447],[103.879157,1.341435],[103.879226,1.341481],[103.879206,1.341516],[103.879194,1.34151],[103.879183,1.34153],[103.879166,1.34152],[103.879158,1.341534],[103.879117,1.34151],[103.87911,1.341522],[103.879147,1.341544],[103.879141,1.341555],[103.879161,1.341567],[103.879149,1.341588],[103.879161,1.341595],[103.87914,1.341631],[103.879027,1.341565],[103.879036,1.341548],[103.878986,1.341532],[103.878979,1.341544],[103.878911,1.341498],[103.878931,1.341463],[103.878942,1.341469],[103.878954,1.341449],[103.878971,1.341459],[103.878979,1.341445],[103.878955,1.341395],[103.878925,1.341377],[103.878909,1.341405],[103.878888,1.341393],[103.878898,1.341375],[103.878872,1.34136],[103.878866,1.341372],[103.878797,1.341326],[103.878817,1.341291],[103.878828,1.341298],[103.87884,1.341277],[103.878857,1.341287],[103.878865,1.341274],[103.878906,1.341298],[103.878913,1.341286],[103.878872,1.341262],[103.878879,1.341248],[103.878862,1.341238],[103.878874,1.341218],[103.878863,1.341212],[103.878883,1.341177],[103.878957,1.341213],[103.87895,1.341225],[103.879002,1.341255],[103.879008,1.341243],[103.879077,1.34129]]]}},{"type":"Feature","properties":{"block_id":"11051328","blk_no":"224B","postal_code":"362224","region_id":"CR","region":"CENTRAL REGION","planning_area_id":"TP","planning_area":"TOA PAYOH","subzone_id":"TPSZ10","subzone":"BIDADARI","lon":103.8793,"lat":1.3417,"property_match":"MATCHED","property_match_confidence":"HIGH","street":"MOUNT VERNON RD","residential":"Y","year_completed":2025,"building_age_2026":1,"max_floor_lvl":17,"total_dwelling_units":112,"small_flat_share_pct":0.0,"rental_share_pct":0.0,"footprint_area_m2":853.8,"estimated_residents_2026":312.5,"estimated_elderly_65plus_2026":6.3,"estimated_elderly_share_pct":2.02,"elderly_exposure_score":1.8,"elderly_exposure_class":"VERY LOW","estimate_confidence":"HIGH","display_name":"Block 224B"},"geometry":{"type":"Polygon","coordinates":[[[103.879261,1.341529],[103.879335,1.341565],[103.879328,1.341577],[103.87938,1.341607],[103.879387,1.341595],[103.879455,1.341641],[103.879435,1.341676],[103.879424,1.34167],[103.879412,1.34169],[103.879395,1.34168],[103.879388,1.341694],[103.879425,1.341715],[103.879451,1.34171],[103.879475,1.341663],[103.879501,1.341679],[103.879512,1.34166],[103.879489,1.341647],[103.879497,1.341634],[103.87948,1.341624],[103.879492,1.341604],[103.87948,1.341597],[103.8795,1.341562],[103.879574,1.341599],[103.879568,1.341611],[103.879619,1.341641],[103.879626,1.341629],[103.879695,1.341675],[103.879675,1.34171],[103.879663,1.341704],[103.879652,1.341724],[103.879635,1.341714],[103.879627,1.341727],[103.879586,1.341703],[103.879579,1.341716],[103.87962,1.341739],[103.879612,1.341753],[103.87963,1.341763],[103.879618,1.341783],[103.879629,1.341789],[103.879609,1.341824],[103.879535,1.341788],[103.879542,1.341776],[103.879516,1.341761],[103.879506,1.341779],[103.879485,1.341767],[103.879501,1.341739],[103.879471,1.341721],[103.879416,1.341726],[103.879408,1.341739],[103.879425,1.341749],[103.879413,1.34177],[103.879425,1.341776],[103.879405,1.341811],[103.879331,1.341774],[103.879337,1.341763],[103.879298,1.341727],[103.879288,1.341744],[103.879175,1.341679],[103.879196,1.341642],[103.879208,1.341649],[103.87922,1.341628],[103.87924,1.34164],[103.879247,1.341628],[103.879284,1.34165],[103.879291,1.341637],[103.87925,1.341614],[103.879258,1.3416],[103.87924,1.34159],[103.879252,1.34157],[103.879241,1.341564],[103.879261,1.341529]]]}},{"type":"Feature","properties":{"block_id":"11051325","blk_no":"224C","postal_code":"363224","region_id":"CR","region":"CENTRAL REGION","planning_area_id":"TP","planning_area":"TOA PAYOH","subzone_id":"TPSZ10","subzone":"BIDADARI","lon":103.8797,"lat":1.3419,"property_match":"MATCHED","property_match_confidence":"HIGH","street":"MOUNT VERNON RD","residential":"Y","year_completed":2025,"building_age_2026":1,"max_floor_lvl":17,"total_dwelling_units":144,"small_flat_share_pct":33.33,"rental_share_pct":0.0,"footprint_area_m2":1039.7,"estimated_residents_2026":389.7,"estimated_elderly_65plus_2026":24.2,"estimated_elderly_share_pct":6.21,"elderly_exposure_score":13.7,"elderly_exposure_class":"VERY LOW","estimate_confidence":"HIGH","display_name":"Block 224C"},"geometry":{"type":"Polygon","coordinates":[[[103.880182,1.341887],[103.880161,1.341924],[103.880149,1.341917],[103.880137,1.341938],[103.880117,1.341926],[103.880103,1.341968],[103.880114,1.341975],[103.880068,1.342044],[103.880034,1.342023],[103.88004,1.342012],[103.88002,1.342],[103.88003,1.341983],[103.880017,1.341976],[103.88004,1.341934],[103.880023,1.341924],[103.880007,1.341952],[103.87996,1.341965],[103.879964,1.34198],[103.879986,1.341974],[103.880003,1.342036],[103.879948,1.342051],[103.879946,1.34204],[103.879838,1.342081],[103.879821,1.342019],[103.879843,1.342013],[103.879839,1.341997],[103.879815,1.342004],[103.879759,1.341971],[103.879751,1.341984],[103.879768,1.341994],[103.879756,1.342014],[103.879768,1.342021],[103.879748,1.342056],[103.879674,1.342019],[103.87968,1.342007],[103.879629,1.341977],[103.879622,1.341989],[103.879553,1.341943],[103.879574,1.341908],[103.879585,1.341914],[103.879596,1.341894],[103.879613,1.341904],[103.879621,1.341891],[103.879664,1.341916],[103.879671,1.341904],[103.879658,1.341896],[103.879665,1.341883],[103.879648,1.341873],[103.87966,1.341852],[103.879649,1.341846],[103.879669,1.341811],[103.879743,1.341848],[103.879736,1.341859],[103.879762,1.341874],[103.879772,1.341856],[103.879793,1.341869],[103.879777,1.341897],[103.87983,1.341938],[103.879795,1.341976],[103.879817,1.341989],[103.87987,1.341974],[103.879866,1.341959],[103.879844,1.341965],[103.879827,1.341902],[103.879881,1.341888],[103.879884,1.341899],[103.879936,1.341895],[103.879951,1.341952],[103.879997,1.34194],[103.88002,1.341901],[103.879997,1.341888],[103.880004,1.341876],[103.87995,1.341845],[103.879956,1.341833],[103.879936,1.341821],[103.879948,1.3418],[103.879936,1.341793],[103.879957,1.341757],[103.880182,1.341887]]]}},{"type":"Feature","properties":{"block_id":"11051589","blk_no":"226","postal_code":"360226","region_id":"CR","region":"CENTRAL REGION","planning_area_id":"TP","planning_area":"TOA PAYOH","subzone_id":"TPSZ10","subzone":"BIDADARI","lon":103.8767,"lat":1.3402,"property_match":"MATCHED","property_match_confidence":"HIGH","street":"BARTLEY WALK","residential":"N","year_completed":2025,"building_age_2026":1,"max_floor_lvl":1,"total_dwelling_units":0,"small_flat_share_pct":null,"rental_share_pct":null,"footprint_area_m2":216.4,"estimated_residents_2026":0.0,"estimated_elderly_65plus_2026":0.0,"estimated_elderly_share_pct":null,"elderly_exposure_score":null,"elderly_exposure_class":null,"estimate_confidence":"HIGH","display_name":"Block 226"},"geometry":{"type":"Polygon","coordinates":[[[103.876667,1.340315],[103.87663,1.340238],[103.876609,1.340248],[103.876575,1.340216],[103.876695,1.340157],[103.876713,1.340157],[103.876733,1.340172],[103.876771,1.340262],[103.876726,1.340303],[103.876667,1.340315]]]}},{"type":"Feature","properties":{"block_id":"11051585","blk_no":"226A","postal_code":"361226","region_id":"CR","region":"CENTRAL REGION","planning_area_id":"TP","planning_area":"TOA PAYOH","subzone_id":"TPSZ10","subzone":"BIDADARI","lon":103.8772,"lat":1.3404,"property_match":"MATCHED","property_match_confidence":"HIGH","street":"BARTLEY WALK","residential":"Y","year_completed":2025,"building_age_2026":1,"max_floor_lvl":12,"total_dwelling_units":66,"small_flat_share_pct":0.0,"rental_share_pct":0.0,"footprint_area_m2":840.4,"estimated_residents_2026":202.8,"estimated_elderly_65plus_2026":7.7,"estimated_elderly_share_pct":3.79,"elderly_exposure_score":2.5,"elderly_exposure_class":"VERY LOW","estimate_confidence":"HIGH","display_name":"Block 226A"},"geometry":{"type":"Polygon","coordinates":[[[103.877113,1.340384],[103.877076,1.340411],[103.877069,1.340401],[103.87705,1.340415],[103.877036,1.340396],[103.877024,1.340404],[103.877108,1.340455],[103.877174,1.340339],[103.877187,1.340346],[103.877199,1.340324],[103.877219,1.340335],[103.877229,1.340317],[103.87727,1.34034],[103.877105,1.340636],[103.877065,1.340614],[103.877075,1.340596],[103.877055,1.340584],[103.877067,1.340563],[103.877054,1.340555],[103.877086,1.340497],[103.877071,1.340489],[103.877046,1.340535],[103.876952,1.340482],[103.876974,1.340442],[103.876982,1.340446],[103.876995,1.340426],[103.877016,1.340438],[103.877023,1.340424],[103.876977,1.340367],[103.876927,1.340405],[103.876914,1.340386],[103.876896,1.340399],[103.87682,1.340292],[103.876858,1.340264],[103.876869,1.34028],[103.876889,1.340267],[103.876903,1.340287],[103.876915,1.340278],[103.876952,1.340329],[103.876963,1.340321],[103.876932,1.340277],[103.876944,1.340268],[103.876929,1.340248],[103.876944,1.340229],[103.876937,1.340219],[103.876974,1.340191],[103.877113,1.340384]]]}},{"type":"Feature","properties":{"block_id":"11051588","blk_no":"226B","postal_code":"362226","region_id":"CR","region":"CENTRAL REGION","planning_area_id":"TP","planning_area":"TOA PAYOH","subzone_id":"TPSZ10","subzone":"BIDADARI","lon":103.8767,"lat":1.3407,"property_match":"MATCHED","property_match_confidence":"HIGH","street":"BARTLEY WALK","residential":"Y","year_completed":2025,"building_age_2026":1,"max_floor_lvl":13,"total_dwelling_units":85,"small_flat_share_pct":0.0,"rental_share_pct":0.0,"footprint_area_m2":1028.5,"estimated_residents_2026":243.0,"estimated_elderly_65plus_2026":6.0,"estimated_elderly_share_pct":2.49,"elderly_exposure_score":1.7,"elderly_exposure_class":"VERY LOW","estimate_confidence":"HIGH","display_name":"Block 226B"},"geometry":{"type":"Polygon","coordinates":[[[103.876818,1.340654],[103.876781,1.34068],[103.876774,1.340671],[103.876756,1.340684],[103.876742,1.340664],[103.87673,1.340673],[103.876818,1.340749],[103.876827,1.340737],[103.876807,1.340723],[103.876821,1.340704],[103.876812,1.340697],[103.876839,1.34066],[103.876926,1.340725],[103.876916,1.340739],[103.876927,1.340747],[103.876959,1.340703],[103.876971,1.340712],[103.876986,1.340692],[103.877005,1.340705],[103.877011,1.340697],[103.877047,1.340724],[103.876874,1.340961],[103.876837,1.340934],[103.876843,1.340927],[103.876826,1.34091],[103.876841,1.34089],[103.876829,1.340881],[103.876818,1.340896],[103.876732,1.340832],[103.876781,1.340782],[103.876801,1.340796],[103.87681,1.340784],[103.876854,1.340816],[103.876864,1.340802],[103.876733,1.340703],[103.87672,1.340712],[103.876735,1.340732],[103.876716,1.340747],[103.876722,1.340754],[103.876685,1.340781],[103.876532,1.340568],[103.87657,1.340541],[103.876582,1.340557],[103.876601,1.340545],[103.876615,1.340565],[103.876628,1.340556],[103.876658,1.340598],[103.876669,1.34059],[103.876638,1.340546],[103.87665,1.340538],[103.876636,1.340517],[103.876651,1.340498],[103.876643,1.340487],[103.87668,1.340461],[103.876818,1.340654]]]}},{"type":"Feature","properties":{"block_id":"11051586","blk_no":"227","postal_code":"360227","region_id":"CR","region":"CENTRAL REGION","planning_area_id":"TP","planning_area":"TOA PAYOH","subzone_id":"TPSZ10","subzone":"BIDADARI","lon":103.8763,"lat":1.3402,"property_match":"MATCHED","property_match_confidence":"HIGH","street":"BARTLEY WALK","residential":"N","year_completed":2024,"building_age_2026":2,"max_floor_lvl":7,"total_dwelling_units":0,"small_flat_share_pct":null,"rental_share_pct":null,"footprint_area_m2":1950.4,"estimated_residents_2026":0.0,"estimated_elderly_65plus_2026":0.0,"estimated_elderly_share_pct":null,"elderly_exposure_score":null,"elderly_exposure_class":null,"estimate_confidence":"HIGH","display_name":"Block 227"},"geometry":{"type":"Polygon","coordinates":[[[103.876416,1.340515],[103.876165,1.34033],[103.876152,1.340348],[103.876133,1.340334],[103.876071,1.340287],[103.876083,1.34027],[103.876047,1.340244],[103.876243,1.339973],[103.876612,1.340244],[103.876557,1.34032],[103.876575,1.340333],[103.876493,1.340447],[103.876475,1.340434],[103.876416,1.340515]]]}},{"type":"Feature","properties":{"block_id":"11051584","blk_no":"227A","postal_code":"361227","region_id":"CR","region":"CENTRAL REGION","planning_area_id":"TP","planning_area":"TOA PAYOH","subzone_id":"TPSZ10","subzone":"BIDADARI","lon":103.8765,"lat":1.341,"property_match":"MATCHED","property_match_confidence":"HIGH","street":"BARTLEY WALK","residential":"Y","year_completed":2025,"building_age_2026":1,"max_floor_lvl":13,"total_dwelling_units":110,"small_flat_share_pct":0.0,"rental_share_pct":0.0,"footprint_area_m2":1292.3,"estimated_residents_2026":324.4,"estimated_elderly_65plus_2026":9.9,"estimated_elderly_share_pct":3.06,"elderly_exposure_score":3.8,"elderly_exposure_class":"VERY LOW","estimate_confidence":"HIGH","display_name":"Block 227A"},"geometry":{"type":"Polygon","coordinates":[[[103.876365,1.341047],[103.876394,1.341011],[103.876404,1.341019],[103.876424,1.341005],[103.876443,1.34102],[103.876459,1.341005],[103.876365,1.340904],[103.876349,1.34092],[103.876363,1.340941],[103.876348,1.34096],[103.876355,1.34097],[103.876317,1.340996],[103.876222,1.340872],[103.876229,1.340867],[103.876171,1.340782],[103.876209,1.340756],[103.876217,1.340766],[103.87624,1.340759],[103.876254,1.340779],[103.876266,1.340771],[103.876295,1.340814],[103.876307,1.340806],[103.876274,1.340758],[103.876287,1.340749],[103.876273,1.340729],[103.876291,1.340715],[103.87628,1.340698],[103.876318,1.340672],[103.876392,1.340781],[103.876374,1.340793],[103.876387,1.340811],[103.876334,1.340847],[103.876343,1.34086],[103.876376,1.340896],[103.876387,1.340885],[103.876371,1.340868],[103.876388,1.340851],[103.87638,1.340843],[103.876413,1.340812],[103.87656,1.340969],[103.876527,1.341],[103.876519,1.340992],[103.876502,1.341008],[103.876485,1.34099],[103.876474,1.341],[103.876507,1.341035],[103.876617,1.341124],[103.876629,1.34111],[103.876589,1.341077],[103.876598,1.341065],[103.876579,1.34105],[103.876614,1.34099],[103.876698,1.341058],[103.876687,1.341071],[103.876699,1.34108],[103.876714,1.341061],[103.876735,1.341073],[103.87674,1.341066],[103.876775,1.341095],[103.876593,1.341323],[103.876558,1.341295],[103.876564,1.341288],[103.876546,1.341272],[103.876561,1.341253],[103.876549,1.341243],[103.876624,1.341148],[103.876574,1.341107],[103.876564,1.341119],[103.876583,1.341134],[103.876569,1.341153],[103.876578,1.34116],[103.876549,1.341196],[103.876365,1.341047]]]}},{"type":"Feature","properties":{"block_id":"11051583","blk_no":"227B","postal_code":"362227","region_id":"CR","region":"CENTRAL REGION","planning_area_id":"TP","planning_area":"TOA PAYOH","subzone_id":"TPSZ10","subzone":"BIDADARI","lon":103.8762,"lat":1.3413,"property_match":"MATCHED","property_match_confidence":"HIGH","street":"BARTLEY WALK","residential":"Y","year_completed":2025,"building_age_2026":1,"max_floor_lvl":14,"total_dwelling_units":122,"small_flat_share_pct":0.0,"rental_share_pct":0.0,"footprint_area_m2":1286.6,"estimated_residents_2026":349.9,"estimated_elderly_65plus_2026":8.9,"estimated_elderly_share_pct":2.54,"elderly_exposure_score":3.2,"elderly_exposure_class":"VERY LOW","estimate_confidence":"HIGH","display_name":"Block 227B"},"geometry":{"type":"Polygon","coordinates":[[[103.876101,1.341158],[103.876255,1.341308],[103.876223,1.341341],[103.876215,1.341333],[103.876199,1.34135],[103.876181,1.341333],[103.876171,1.341344],[103.876214,1.341386],[103.87626,1.341421],[103.876269,1.341408],[103.87625,1.341394],[103.876263,1.341374],[103.876256,1.341369],[103.876283,1.341333],[103.876369,1.341398],[103.876326,1.341454],[103.876343,1.341467],[103.876424,1.341362],[103.876436,1.341371],[103.876451,1.341351],[103.87647,1.341364],[103.876482,1.341348],[103.876519,1.341377],[103.876394,1.341541],[103.876377,1.341528],[103.876367,1.34154],[103.876387,1.341555],[103.876354,1.341616],[103.876262,1.341558],[103.87632,1.341484],[103.876246,1.341429],[103.876237,1.34144],[103.876257,1.341455],[103.876243,1.341474],[103.876252,1.341481],[103.876224,1.341517],[103.876161,1.341469],[103.876155,1.341476],[103.876054,1.341387],[103.876081,1.34135],[103.87609,1.341357],[103.876104,1.341339],[103.876124,1.341353],[103.876144,1.341337],[103.876048,1.341243],[103.876033,1.341262],[103.876049,1.341281],[103.876036,1.341301],[103.876044,1.341311],[103.876009,1.341341],[103.875943,1.341262],[103.875936,1.341267],[103.875843,1.341141],[103.875878,1.341111],[103.875887,1.341121],[103.875909,1.341112],[103.875925,1.341131],[103.875936,1.341121],[103.87597,1.341163],[103.875981,1.341154],[103.875963,1.341132],[103.875975,1.341122],[103.875959,1.341103],[103.876005,1.341051],[103.876074,1.341135],[103.876059,1.341147],[103.876074,1.341166],[103.876028,1.341204],[103.876069,1.341243],[103.876079,1.341233],[103.876062,1.341216],[103.876078,1.341199],[103.87607,1.341191],[103.876101,1.341158]]]}},{"type":"Feature","properties":{"block_id":"11051587","blk_no":"227C","postal_code":"363227","region_id":"CR","region":"CENTRAL REGION","planning_area_id":"TP","planning_area":"TOA PAYOH","subzone_id":"TPSZ10","subzone":"BIDADARI","lon":103.876,"lat":1.3407,"property_match":"MATCHED","property_match_confidence":"HIGH","street":"BARTLEY WALK","residential":"Y","year_completed":2025,"building_age_2026":1,"max_floor_lvl":14,"total_dwelling_units":93,"small_flat_share_pct":0.0,"rental_share_pct":0.0,"footprint_area_m2":1075.4,"estimated_residents_2026":277.2,"estimated_elderly_65plus_2026":9.0,"estimated_elderly_share_pct":3.25,"elderly_exposure_score":3.2,"elderly_exposure_class":"VERY LOW","estimate_confidence":"HIGH","display_name":"Block 227C"},"geometry":{"type":"Polygon","coordinates":[[[103.875958,1.340688],[103.875918,1.340666],[103.875924,1.340654],[103.875907,1.340637],[103.875919,1.340615],[103.875906,1.340608],[103.875864,1.340725],[103.875865,1.34075],[103.875879,1.34075],[103.875879,1.340725],[103.875902,1.340725],[103.875902,1.340713],[103.875947,1.340711],[103.875955,1.340949],[103.875909,1.340951],[103.875909,1.340938],[103.875885,1.340932],[103.875884,1.340907],[103.87587,1.340907],[103.875868,1.340859],[103.875854,1.34086],[103.875856,1.340927],[103.875841,1.340928],[103.875842,1.340953],[103.875819,1.340954],[103.87582,1.340974],[103.875774,1.340976],[103.87577,1.340872],[103.875761,1.340872],[103.87576,1.340844],[103.875773,1.340844],[103.875773,1.340822],[103.87576,1.340823],[103.875765,1.340714],[103.87581,1.340712],[103.875811,1.340721],[103.875834,1.340722],[103.875835,1.340746],[103.87585,1.340746],[103.875871,1.340647],[103.875856,1.340638],[103.875844,1.340659],[103.875823,1.340649],[103.875819,1.340657],[103.87578,1.340635],[103.875819,1.340564],[103.875811,1.34056],[103.875824,1.340536],[103.875833,1.340541],[103.875868,1.340475],[103.87586,1.34047],[103.875873,1.340446],[103.875881,1.34045],[103.87592,1.34038],[103.875975,1.340422],[103.875963,1.340443],[103.875977,1.340451],[103.875951,1.340498],[103.875963,1.340505],[103.875988,1.340459],[103.876001,1.340466],[103.876013,1.340444],[103.876037,1.34045],[103.876043,1.340438],[103.876083,1.340461],[103.875958,1.340688]]]}},{"type":"Feature","properties":{"block_id":"11051359","blk_no":"233","postal_code":"360233","region_id":"CR","region":"CENTRAL REGION","planning_area_id":"TP","planning_area":"TOA PAYOH","subzone_id":"TPSZ10","subzone":"BIDADARI","lon":103.8751,"lat":1.3382,"property_match":"MATCHED","property_match_confidence":"HIGH","street":"UPP ALJUNIED RD","residential":"N","year_completed":2025,"building_age_2026":1,"max_floor_lvl":6,"total_dwelling_units":0,"small_flat_share_pct":null,"rental_share_pct":null,"footprint_area_m2":1707.3,"estimated_residents_2026":0.0,"estimated_elderly_65plus_2026":0.0,"estimated_elderly_share_pct":null,"elderly_exposure_score":null,"elderly_exposure_class":null,"estimate_confidence":"HIGH","display_name":"Block 233"},"geometry":{"type":"Polygon","coordinates":[[[103.874979,1.338268],[103.874987,1.338206],[103.87497,1.338204],[103.874962,1.338267],[103.874823,1.338301],[103.874817,1.338276],[103.874808,1.338278],[103.874755,1.338061],[103.87476,1.338021],[103.875287,1.338088],[103.875285,1.338102],[103.875354,1.338114],[103.875386,1.338132],[103.875411,1.338162],[103.875425,1.3382],[103.875427,1.338238],[103.875413,1.338275],[103.875388,1.338305],[103.875336,1.338331],[103.875295,1.338331],[103.875241,1.338305],[103.875216,1.338275],[103.875204,1.338234],[103.875159,1.338228],[103.875153,1.338279],[103.875113,1.338285],[103.874979,1.338268]]]}},{"type":"Feature","properties":{"block_id":"11051374","blk_no":"233A","postal_code":"361233","region_id":"CR","region":"CENTRAL REGION","planning_area_id":"TP","planning_area":"TOA PAYOH","subzone_id":"TPSZ10","subzone":"BIDADARI","lon":103.8746,"lat":1.3383,"property_match":"MATCHED","property_match_confidence":"HIGH","street":"UPP ALJUNIED RD","residential":"Y","year_completed":2025,"building_age_2026":1,"max_floor_lvl":16,"total_dwelling_units":123,"small_flat_share_pct":22.76,"rental_share_pct":0.0,"footprint_area_m2":1455.8,"estimated_residents_2026":323.0,"estimated_elderly_65plus_2026":13.5,"estimated_elderly_share_pct":4.19,"elderly_exposure_score":6.2,"elderly_exposure_class":"VERY LOW","estimate_confidence":"HIGH","display_name":"Block 233A"},"geometry":{"type":"Polygon","coordinates":[[[103.874381,1.338412],[103.874384,1.338367],[103.874309,1.338324],[103.87435,1.33827],[103.87437,1.338281],[103.874376,1.338271],[103.874389,1.338276],[103.874377,1.338202],[103.874363,1.338204],[103.874366,1.338227],[103.874301,1.338247],[103.874282,1.338136],[103.874274,1.338137],[103.874269,1.338112],[103.874278,1.33811],[103.874263,1.338024],[103.874331,1.33802],[103.874335,1.338042],[103.874348,1.33804],[103.874358,1.338101],[103.874372,1.338099],[103.874366,1.338065],[103.874379,1.338057],[103.874375,1.338035],[103.87444,1.338016],[103.874459,1.33815],[103.874384,1.338163],[103.874402,1.338268],[103.874468,1.338306],[103.874479,1.338287],[103.874514,1.338277],[103.874512,1.338266],[103.874488,1.338271],[103.874472,1.338204],[103.874693,1.338165],[103.874697,1.338233],[103.874674,1.338237],[103.874676,1.338273],[103.874598,1.338278],[103.8746,1.33829],[103.874626,1.338308],[103.874696,1.3383],[103.874703,1.338314],[103.874725,1.33831],[103.874737,1.338376],[103.874699,1.338382],[103.874689,1.338442],[103.874659,1.338475],[103.874558,1.338509],[103.874472,1.338498],[103.874398,1.338453],[103.874381,1.338412]]]}},{"type":"Feature","properties":{"block_id":"11051360","blk_no":"233B","postal_code":"362233","region_id":"CR","region":"CENTRAL REGION","planning_area_id":"TP","planning_area":"TOA PAYOH","subzone_id":"TPSZ10","subzone":"BIDADARI","lon":103.8748,"lat":1.3389,"property_match":"MATCHED","property_match_confidence":"HIGH","street":"UPP ALJUNIED RD","residential":"Y","year_completed":2025,"building_age_2026":1,"max_floor_lvl":16,"total_dwelling_units":123,"small_flat_share_pct":12.2,"rental_share_pct":0.0,"footprint_area_m2":1138.9,"estimated_residents_2026":328.0,"estimated_elderly_65plus_2026":9.5,"estimated_elderly_share_pct":2.91,"elderly_exposure_score":3.5,"elderly_exposure_class":"VERY LOW","estimate_confidence":"HIGH","display_name":"Block 233B"},"geometry":{"type":"Polygon","coordinates":[[[103.874585,1.339063],[103.874577,1.339076],[103.874589,1.339094],[103.874538,1.339138],[103.874476,1.339044],[103.874469,1.339049],[103.874455,1.339028],[103.874463,1.339023],[103.874415,1.33895],[103.874475,1.338919],[103.874488,1.338937],[103.874497,1.338931],[103.87449,1.338919],[103.874511,1.338905],[103.874553,1.338985],[103.874656,1.338926],[103.874618,1.338858],[103.874565,1.338889],[103.874553,1.338879],[103.874533,1.33889],[103.874493,1.338835],[103.874612,1.338772],[103.874605,1.33876],[103.874628,1.338747],[103.874633,1.338755],[103.874707,1.338712],[103.874735,1.338774],[103.874715,1.338786],[103.874717,1.338801],[103.874631,1.33885],[103.87467,1.338918],[103.87472,1.338888],[103.874793,1.338759],[103.87476,1.33874],[103.874791,1.338696],[103.874783,1.338691],[103.874812,1.33864],[103.874869,1.338673],[103.874859,1.338692],[103.874868,1.338704],[103.874855,1.338728],[103.874867,1.338734],[103.874881,1.338709],[103.874897,1.338711],[103.874908,1.338692],[103.874969,1.338718],[103.874914,1.338816],[103.874922,1.338821],[103.87491,1.338843],[103.874902,1.338839],[103.874859,1.338915],[103.874804,1.338874],[103.874815,1.338854],[103.874805,1.338848],[103.874788,1.338878],[103.874755,1.338859],[103.874738,1.338897],[103.87475,1.338904],[103.874769,1.338893],[103.874809,1.338948],[103.874712,1.339004],[103.874717,1.339012],[103.874695,1.339025],[103.87469,1.339016],[103.874614,1.33906],[103.874588,1.338997],[103.874608,1.338985],[103.874602,1.338973],[103.874547,1.339005],[103.874585,1.339063]]]}},{"type":"Feature","properties":{"block_id":"11051358","blk_no":"233C","postal_code":"363233","region_id":"CR","region":"CENTRAL REGION","planning_area_id":"TP","planning_area":"TOA PAYOH","subzone_id":"TPSZ10","subzone":"BIDADARI","lon":103.8753,"lat":1.3385,"property_match":"MATCHED","property_match_confidence":"HIGH","street":"UPP ALJUNIED RD","residential":"Y","year_completed":2025,"building_age_2026":1,"max_floor_lvl":16,"total_dwelling_units":112,"small_flat_share_pct":40.18,"rental_share_pct":0.0,"footprint_area_m2":938.6,"estimated_residents_2026":286.8,"estimated_elderly_65plus_2026":18.3,"estimated_elderly_share_pct":6.38,"elderly_exposure_score":9.3,"elderly_exposure_class":"VERY LOW","estimate_confidence":"HIGH","display_name":"Block 233C"},"geometry":{"type":"Polygon","coordinates":[[[103.875276,1.33847],[103.875327,1.338443],[103.875338,1.338453],[103.875358,1.338442],[103.875395,1.338499],[103.875198,1.338604],[103.875173,1.33854],[103.875194,1.33853],[103.875187,1.338517],[103.875113,1.338557],[103.875114,1.33857],[103.875132,1.338569],[103.875139,1.338583],[103.87516,1.338582],[103.875164,1.338654],[103.874991,1.338664],[103.874987,1.338592],[103.875008,1.33859],[103.875013,1.338574],[103.875043,1.338573],[103.875004,1.338493],[103.87499,1.3385],[103.875001,1.338551],[103.874944,1.338589],[103.874892,1.33849],[103.874884,1.338494],[103.874872,1.338471],[103.87488,1.338467],[103.874839,1.338389],[103.874903,1.338364],[103.874913,1.338385],[103.874925,1.338378],[103.874953,1.338432],[103.874966,1.338425],[103.87496,1.33841],[103.874971,1.338405],[103.87496,1.338384],[103.875016,1.338346],[103.875076,1.338469],[103.875021,1.338498],[103.87503,1.338514],[103.875064,1.338496],[103.875075,1.338517],[103.875095,1.338507],[103.875113,1.338541],[103.875192,1.338499],[103.875181,1.338488],[103.875162,1.338498],[103.875131,1.33844],[103.875181,1.338413],[103.875185,1.338421],[103.87524,1.338403],[103.875276,1.33847]]]}},{"type":"Feature","properties":{"block_id":"11053280","blk_no":"261","postal_code":"310261","region_id":"CR","region":"CENTRAL REGION","planning_area_id":"TP","planning_area":"TOA PAYOH","subzone_id":"TPSZ04","subzone":"BOON TECK","lon":103.8552,"lat":1.3336,"property_match":"MATCHED","property_match_confidence":"HIGH","street":"TOA PAYOH EAST","residential":"Y","year_completed":2018,"building_age_2026":8,"max_floor_lvl":36,"total_dwelling_units":139,"small_flat_share_pct":0.0,"rental_share_pct":0.0,"footprint_area_m2":567.1,"estimated_residents_2026":423.9,"estimated_elderly_65plus_2026":66.0,"estimated_elderly_share_pct":15.57,"elderly_exposure_score":60.9,"elderly_exposure_class":"HIGH","estimate_confidence":"HIGH","display_name":"Block 261"},"geometry":{"type":"Polygon","coordinates":[[[103.855296,1.333744],[103.855066,1.333744],[103.855075,1.333681],[103.855098,1.333681],[103.855098,1.333664],[103.85515,1.333664],[103.85516,1.333653],[103.855159,1.333645],[103.855121,1.333645],[103.855108,1.333634],[103.855108,1.333577],[103.85512,1.333566],[103.85516,1.333566],[103.855159,1.333551],[103.855098,1.333546],[103.855099,1.333529],[103.855076,1.333529],[103.855067,1.333466],[103.855295,1.333466],[103.855295,1.333508],[103.855286,1.333508],[103.855286,1.333529],[103.855264,1.333529],[103.855263,1.333546],[103.855181,1.333546],[103.855182,1.3336],[103.855276,1.3336],[103.855276,1.333647],[103.855186,1.333647],[103.855186,1.333659],[103.855264,1.333664],[103.855264,1.333681],[103.855287,1.333681],[103.855296,1.333744]]]}},{"type":"Feature","properties":{"block_id":"11053279","blk_no":"261A","postal_code":"311261","region_id":"CR","region":"CENTRAL REGION","planning_area_id":"TP","planning_area":"TOA PAYOH","subzone_id":"TPSZ04","subzone":"BOON TECK","lon":103.8557,"lat":1.3337,"property_match":"MATCHED","property_match_confidence":"HIGH","street":"TOA PAYOH EAST","residential":"N","year_completed":2018,"building_age_2026":8,"max_floor_lvl":7,"total_dwelling_units":0,"small_flat_share_pct":null,"rental_share_pct":null,"footprint_area_m2":2651.3,"estimated_residents_2026":0.0,"estimated_elderly_65plus_2026":0.0,"estimated_elderly_share_pct":null,"elderly_exposure_score":null,"elderly_exposure_class":null,"estimate_confidence":"HIGH","display_name":"Block 261A"},"geometry":{"type":"Polygon","coordinates":[[[103.855965,1.333487],[103.856031,1.333941],[103.855829,1.333942],[103.855829,1.333891],[103.855805,1.333891],[103.855805,1.333882],[103.855769,1.333882],[103.855769,1.333891],[103.855565,1.333891],[103.855565,1.333882],[103.855545,1.333882],[103.855545,1.333896],[103.855422,1.333892],[103.855422,1.333571],[103.855446,1.333571],[103.855446,1.333523],[103.855649,1.333512],[103.85565,1.333522],[103.855718,1.333522],[103.855718,1.33357],[103.855897,1.33357],[103.855901,1.333487],[103.855965,1.333487]]]}},{"type":"Feature","properties":{"block_id":"11053282","blk_no":"262","postal_code":"310262","region_id":"CR","region":"CENTRAL REGION","planning_area_id":"TP","planning_area":"TOA PAYOH","subzone_id":"TPSZ04","subzone":"BOON TECK","lon":103.8556,"lat":1.3333,"property_match":"MATCHED","property_match_confidence":"HIGH","street":"TOA PAYOH EAST","residential":"Y","year_completed":2018,"building_age_2026":8,"max_floor_lvl":36,"total_dwelling_units":138,"small_flat_share_pct":49.28,"rental_share_pct":0.0,"footprint_area_m2":517.7,"estimated_residents_2026":349.5,"estimated_elderly_65plus_2026":75.3,"estimated_elderly_share_pct":21.55,"elderly_exposure_score":71.0,"elderly_exposure_class":"HIGH","estimate_confidence":"HIGH","display_name":"Block 262"},"geometry":{"type":"Polygon","coordinates":[[[103.855507,1.333164],[103.855733,1.333164],[103.855724,1.333228],[103.855701,1.333228],[103.855701,1.333244],[103.85562,1.333249],[103.855625,1.333281],[103.855714,1.333284],[103.855714,1.333331],[103.855624,1.333331],[103.855623,1.333349],[103.855666,1.333349],[103.855666,1.333367],[103.855693,1.333367],[103.855693,1.333383],[103.855715,1.333383],[103.855716,1.333446],[103.855659,1.333446],[103.855659,1.333434],[103.855541,1.333446],[103.855541,1.333383],[103.855564,1.333383],[103.855564,1.333367],[103.855596,1.333367],[103.855596,1.333343],[103.855558,1.333343],[103.855545,1.333332],[103.855545,1.333275],[103.855558,1.333264],[103.855597,1.333264],[103.855597,1.333249],[103.855536,1.333244],[103.855536,1.333228],[103.855513,1.333228],[103.855507,1.333164]]]}},{"type":"Feature","properties":{"block_id":"11053283","blk_no":"263","postal_code":"310263","region_id":"CR","region":"CENTRAL REGION","planning_area_id":"TP","planning_area":"TOA PAYOH","subzone_id":"TPSZ04","subzone":"BOON TECK","lon":103.8554,"lat":1.3331,"property_match":"MATCHED","property_match_confidence":"HIGH","street":"TOA PAYOH EAST","residential":"Y","year_completed":2018,"building_age_2026":8,"max_floor_lvl":36,"total_dwelling_units":140,"small_flat_share_pct":50.0,"rental_share_pct":0.0,"footprint_area_m2":517.0,"estimated_residents_2026":353.5,"estimated_elderly_65plus_2026":76.6,"estimated_elderly_share_pct":21.66,"elderly_exposure_score":72.5,"elderly_exposure_class":"HIGH","estimate_confidence":"HIGH","display_name":"Block 263"},"geometry":{"type":"Polygon","coordinates":[[[103.855315,1.332923],[103.855372,1.332923],[103.855372,1.332935],[103.855489,1.332923],[103.85549,1.332987],[103.855467,1.332987],[103.855467,1.333003],[103.855435,1.333003],[103.855435,1.33302],[103.855397,1.33302],[103.855397,1.333039],[103.855488,1.333039],[103.855488,1.333085],[103.855399,1.333089],[103.855394,1.333106],[103.855397,1.33312],[103.855475,1.333126],[103.855475,1.333142],[103.855498,1.333142],[103.855506,1.333206],[103.855278,1.333205],[103.855287,1.333142],[103.85531,1.333142],[103.85531,1.333126],[103.855376,1.333126],[103.855371,1.333105],[103.855332,1.333105],[103.855319,1.333094],[103.855319,1.333038],[103.855332,1.333027],[103.85537,1.333027],[103.85537,1.333003],[103.855338,1.333003],[103.855338,1.332987],[103.855315,1.332987],[103.855315,1.332923]]]}},{"type":"Feature","properties":{"block_id":"11053281","blk_no":"264","postal_code":"310264","region_id":"CR","region":"CENTRAL REGION","planning_area_id":"TP","planning_area":"TOA PAYOH","subzone_id":"TPSZ04","subzone":"BOON TECK","lon":103.8552,"lat":1.3326,"property_match":"MATCHED","property_match_confidence":"HIGH","street":"TOA PAYOH EAST","residential":"Y","year_completed":2018,"building_age_2026":8,"max_floor_lvl":36,"total_dwelling_units":140,"small_flat_share_pct":0.0,"rental_share_pct":0.0,"footprint_area_m2":565.3,"estimated_residents_2026":427.0,"estimated_elderly_65plus_2026":66.5,"estimated_elderly_share_pct":15.57,"elderly_exposure_score":61.4,"elderly_exposure_class":"HIGH","estimate_confidence":"HIGH","display_name":"Block 264"},"geometry":{"type":"Polygon","coordinates":[[[103.855076,1.332468],[103.855067,1.332468],[103.855067,1.332426],[103.855295,1.332426],[103.855287,1.33249],[103.855264,1.33249],[103.855264,1.332506],[103.855186,1.332512],[103.855186,1.332523],[103.855276,1.332524],[103.855276,1.332571],[103.855182,1.332571],[103.855188,1.332595],[103.855181,1.332607],[103.855181,1.332625],[103.855264,1.332625],[103.855264,1.332641],[103.855286,1.332641],[103.855295,1.332705],[103.855067,1.332705],[103.855076,1.332641],[103.855099,1.332641],[103.855099,1.332625],[103.855165,1.332625],[103.85516,1.332604],[103.855121,1.332604],[103.855108,1.332593],[103.855108,1.332537],[103.855121,1.332526],[103.855159,1.332526],[103.85516,1.332512],[103.855099,1.332506],[103.855099,1.33249],[103.855075,1.33249],[103.855076,1.332468]]]}},{"type":"Feature","properties":{"block_id":"3095","blk_no":"34","postal_code":"310034","region_id":"CR","region":"CENTRAL REGION","planning_area_id":"TP","planning_area":"TOA PAYOH","subzone_id":"TPSZ04","subzone":"BOON TECK","lon":103.8541,"lat":1.3348,"property_match":"MATCHED","property_match_confidence":"HIGH","street":"LOR 5 TOA PAYOH","residential":"Y","year_completed":1969,"building_age_2026":57,"max_floor_lvl":11,"total_dwelling_units":174,"small_flat_share_pct":98.85,"rental_share_pct":0.0,"footprint_area_m2":1413.8,"estimated_residents_2026":350.4,"estimated_elderly_65plus_2026":108.1,"estimated_elderly_share_pct":30.84,"elderly_exposure_score":90.6,"elderly_exposure_class":"VERY HIGH","estimate_confidence":"HIGH","display_name":"Block 34"},"geometry":{"type":"Polygon","coordinates":[[[103.854191,1.335285],[103.854103,1.335284],[103.854103,1.334833],[103.854035,1.334835],[103.85402,1.334805],[103.854035,1.334754],[103.854103,1.334757],[103.854104,1.334307],[103.854151,1.334307],[103.854151,1.334329],[103.854192,1.334329],[103.854192,1.334346],[103.854235,1.334346],[103.854235,1.334371],[103.854217,1.334371],[103.854217,1.334403],[103.854235,1.334403],[103.854235,1.334428],[103.854189,1.334428],[103.854189,1.334456],[103.854235,1.334456],[103.854235,1.334481],[103.854217,1.334481],[103.854217,1.334513],[103.854235,1.334513],[103.854235,1.334539],[103.85419,1.334538],[103.854189,1.334567],[103.854235,1.334567],[103.854235,1.334592],[103.854217,1.334591],[103.854217,1.334624],[103.854234,1.334624],[103.854234,1.334649],[103.854189,1.334648],[103.854189,1.334677],[103.854235,1.334677],[103.854235,1.334702],[103.854217,1.334702],[103.854217,1.334734],[103.854235,1.334734],[103.854234,1.334759],[103.854189,1.334759],[103.854189,1.334832],[103.854235,1.334832],[103.854235,1.334857],[103.854217,1.334857],[103.854217,1.334889],[103.854235,1.334889],[103.854234,1.334914],[103.854189,1.334914],[103.854189,1.334942],[103.854235,1.334943],[103.854234,1.334967],[103.854217,1.334967],[103.854217,1.334999],[103.854234,1.334999],[103.854234,1.335025],[103.854189,1.335024],[103.854189,1.335053],[103.854235,1.335053],[103.854235,1.335077],[103.854217,1.335077],[103.854217,1.335109],[103.854234,1.33511],[103.854234,1.335135],[103.854189,1.335134],[103.854189,1.335163],[103.854234,1.335163],[103.854234,1.335188],[103.854217,1.335188],[103.854217,1.33522],[103.854234,1.33522],[103.854234,1.335245],[103.854191,1.335245],[103.854191,1.335285]]]}},{"type":"Feature","properties":{"block_id":"3585","blk_no":"34A","postal_code":"311034","region_id":"CR","region":"CENTRAL REGION","planning_area_id":"TP","planning_area":"TOA PAYOH","subzone_id":"TPSZ04","subzone":"BOON TECK","lon":103.8541,"lat":1.3342,"property_match":"MATCHED","property_match_confidence":"HIGH","street":"LOR 5 TOA PAYOH","residential":"N","year_completed":2000,"building_age_2026":26,"max_floor_lvl":1,"total_dwelling_units":0,"small_flat_share_pct":null,"rental_share_pct":null,"footprint_area_m2":218.4,"estimated_residents_2026":0.0,"estimated_elderly_65plus_2026":0.0,"estimated_elderly_share_pct":null,"elderly_exposure_score":null,"elderly_exposure_class":null,"estimate_confidence":"HIGH","display_name":"Block 34A"},"geometry":{"type":"Polygon","coordinates":[[[103.854192,1.334131],[103.854192,1.334227],[103.854007,1.334227],[103.854007,1.334131],[103.854192,1.334131]]]}},{"type":"Feature","properties":{"block_id":"2717","blk_no":"35","postal_code":"310035","region_id":"CR","region":"CENTRAL REGION","planning_area_id":"TP","planning_area":"TOA PAYOH","subzone_id":"TPSZ04","subzone":"BOON TECK","lon":103.8545,"lat":1.3344,"property_match":"MATCHED","property_match_confidence":"HIGH","street":"LOR 5 TOA PAYOH","residential":"Y","year_completed":1995,"building_age_2026":31,"max_floor_lvl":25,"total_dwelling_units":144,"small_flat_share_pct":0.0,"rental_share_pct":0.0,"footprint_area_m2":885.3,"estimated_residents_2026":449.9,"estimated_elderly_65plus_2026":93.4,"estimated_elderly_share_pct":20.76,"elderly_exposure_score":84.6,"elderly_exposure_class":"VERY HIGH","estimate_confidence":"HIGH","display_name":"Block 35"},"geometry":{"type":"Polygon","coordinates":[[[103.854532,1.334438],[103.854518,1.334438],[103.854527,1.334369],[103.854366,1.334361],[103.854366,1.334272],[103.854449,1.334272],[103.854449,1.334287],[103.854512,1.334287],[103.854512,1.334269],[103.854595,1.334269],[103.854595,1.334353],[103.85456,1.334353],[103.85456,1.334441],[103.854614,1.334429],[103.854669,1.334442],[103.854671,1.334353],[103.854636,1.334353],[103.854636,1.334269],[103.854719,1.334269],[103.854719,1.334287],[103.854782,1.334287],[103.854782,1.334272],[103.854865,1.334272],[103.854865,1.334362],[103.8547,1.334369],[103.8547,1.334467],[103.854755,1.334461],[103.854755,1.334557],[103.854669,1.334557],[103.854669,1.334542],[103.854637,1.334542],[103.854637,1.334485],[103.854593,1.334485],[103.854593,1.334542],[103.854562,1.334542],[103.854562,1.334557],[103.854476,1.334557],[103.854476,1.334461],[103.854532,1.334467],[103.854532,1.334438]]]}},{"type":"Feature","properties":{"block_id":"5104","blk_no":"35A","postal_code":"311035","region_id":"CR","region":"CENTRAL REGION","planning_area_id":"TP","planning_area":"TOA PAYOH","subzone_id":"TPSZ04","subzone":"BOON TECK","lon":103.8546,"lat":1.3349,"property_match":"MATCHED","property_match_confidence":"HIGH","street":"LOR 5 TOA PAYOH","residential":"N","year_completed":1995,"building_age_2026":31,"max_floor_lvl":5,"total_dwelling_units":0,"small_flat_share_pct":null,"rental_share_pct":null,"footprint_area_m2":2599.7,"estimated_residents_2026":0.0,"estimated_elderly_65plus_2026":0.0,"estimated_elderly_share_pct":null,"elderly_exposure_score":null,"elderly_exposure_class":null,"estimate_confidence":"HIGH","display_name":"Block 35A"},"geometry":{"type":"Polygon","coordinates":[[[103.854368,1.334665],[103.854844,1.334665],[103.854844,1.335109],[103.854368,1.335109],[103.854368,1.334665]]]}},{"type":"Feature","properties":{"block_id":"6374","blk_no":"36","postal_code":"310036","region_id":"CR","region":"CENTRAL REGION","planning_area_id":"TP","planning_area":"TOA PAYOH","subzone_id":"TPSZ04","subzone":"BOON TECK","lon":103.8552,"lat":1.3349,"property_match":"MATCHED","property_match_confidence":"HIGH","street":"LOR 5 TOA PAYOH","residential":"Y","year_completed":1996,"building_age_2026":30,"max_floor_lvl":25,"total_dwelling_units":144,"small_flat_share_pct":0.0,"rental_share_pct":0.0,"footprint_area_m2":885.3,"estimated_residents_2026":449.9,"estimated_elderly_65plus_2026":93.4,"estimated_elderly_share_pct":20.76,"elderly_exposure_score":84.6,"elderly_exposure_class":"VERY HIGH","estimate_confidence":"HIGH","display_name":"Block 36"},"geometry":{"type":"Polygon","coordinates":[[[103.855232,1.334961],[103.855288,1.334954],[103.855288,1.33505],[103.855202,1.33505],[103.855202,1.335036],[103.85517,1.335036],[103.85517,1.334979],[103.855126,1.334979],[103.855126,1.335036],[103.855095,1.335036],[103.855095,1.33505],[103.855009,1.33505],[103.855009,1.334954],[103.855064,1.334961],[103.855064,1.334863],[103.854899,1.334855],[103.854899,1.334766],[103.854982,1.334766],[103.854982,1.33478],[103.855045,1.334781],[103.855045,1.334763],[103.855128,1.334763],[103.855128,1.334846],[103.855093,1.334846],[103.855094,1.334935],[103.85515,1.334922],[103.855204,1.334935],[103.855204,1.334847],[103.855168,1.334846],[103.855169,1.334763],[103.855252,1.334763],[103.855252,1.33478],[103.855315,1.33478],[103.855315,1.334766],[103.855398,1.334766],[103.855398,1.334854],[103.855237,1.334863],[103.855245,1.334931],[103.855232,1.334931],[103.855232,1.334961]]]}},{"type":"Feature","properties":{"block_id":"7368","blk_no":"37","postal_code":"310037","region_id":"CR","region":"CENTRAL REGION","planning_area_id":"TP","planning_area":"TOA PAYOH","subzone_id":"TPSZ04","subzone":"BOON TECK","lon":103.8559,"lat":1.3346,"property_match":"MATCHED","property_match_confidence":"HIGH","street":"LOR 5 TOA PAYOH","residential":"Y","year_completed":1996,"building_age_2026":30,"max_floor_lvl":25,"total_dwelling_units":144,"small_flat_share_pct":0.0,"rental_share_pct":0.0,"footprint_area_m2":885.3,"estimated_residents_2026":449.9,"estimated_elderly_65plus_2026":93.4,"estimated_elderly_share_pct":20.76,"elderly_exposure_score":84.6,"elderly_exposure_class":"VERY HIGH","estimate_confidence":"HIGH","display_name":"Block 37"},"geometry":{"type":"Polygon","coordinates":[[[103.855874,1.334665],[103.85593,1.334659],[103.85593,1.334755],[103.855844,1.334755],[103.855844,1.33474],[103.855813,1.33474],[103.855813,1.334684],[103.855769,1.334684],[103.855769,1.334741],[103.855737,1.334741],[103.855737,1.334755],[103.855651,1.334755],[103.855651,1.334659],[103.855707,1.334665],[103.855707,1.334567],[103.855541,1.33456],[103.855541,1.33447],[103.855624,1.33447],[103.855624,1.334485],[103.855687,1.334485],[103.855687,1.334468],[103.85577,1.334468],[103.855771,1.334551],[103.855735,1.334551],[103.855737,1.33464],[103.855792,1.334627],[103.855846,1.33464],[103.855846,1.334551],[103.855811,1.334551],[103.855811,1.334468],[103.855895,1.334468],[103.855895,1.334485],[103.855957,1.334485],[103.855957,1.33447],[103.85604,1.33447],[103.85604,1.334559],[103.855879,1.334567],[103.855888,1.334636],[103.855874,1.334636],[103.855874,1.334665]]]}},{"type":"Feature","properties":{"block_id":"2828","blk_no":"38","postal_code":"310038","region_id":"CR","region":"CENTRAL REGION","planning_area_id":"TP","planning_area":"TOA PAYOH","subzone_id":"TPSZ04","subzone":"BOON TECK","lon":103.8549,"lat":1.3353,"property_match":"MATCHED","property_match_confidence":"HIGH","street":"LOR 5 TOA PAYOH","residential":"Y","year_completed":1969,"building_age_2026":57,"max_floor_lvl":11,"total_dwelling_units":213,"small_flat_share_pct":96.71,"rental_share_pct":0.47,"footprint_area_m2":1821.2,"estimated_residents_2026":434.4,"estimated_elderly_65plus_2026":133.2,"estimated_elderly_share_pct":30.67,"elderly_exposure_score":95.5,"elderly_exposure_class":"VERY HIGH","estimate_confidence":"HIGH","display_name":"Block 38"},"geometry":{"type":"Polygon","coordinates":[[[103.855163,1.335263],[103.855163,1.335311],[103.855189,1.335311],[103.855189,1.335237],[103.855206,1.335239],[103.855206,1.335194],[103.855231,1.335194],[103.855231,1.335212],[103.85525,1.335216],[103.855263,1.335212],[103.855263,1.335194],[103.855288,1.335194],[103.855288,1.335239],[103.855315,1.335239],[103.855315,1.335194],[103.85534,1.335194],[103.85534,1.335212],[103.85536,1.335217],[103.855372,1.335212],[103.855372,1.335194],[103.855398,1.335194],[103.855398,1.335239],[103.855425,1.335239],[103.855425,1.335194],[103.85545,1.335194],[103.85545,1.335212],[103.85547,1.335217],[103.855482,1.335212],[103.855482,1.335194],[103.855507,1.335194],[103.855507,1.335239],[103.855534,1.335239],[103.855534,1.335194],[103.855559,1.335194],[103.855559,1.335212],[103.855579,1.335217],[103.855591,1.335212],[103.855591,1.335194],[103.855617,1.335194],[103.855617,1.335239],[103.855671,1.335239],[103.855671,1.335194],[103.855696,1.335194],[103.855696,1.335212],[103.855716,1.335217],[103.855728,1.335212],[103.855728,1.335194],[103.855753,1.335195],[103.855753,1.335239],[103.85577,1.335237],[103.855768,1.335329],[103.855658,1.335328],[103.855658,1.335347],[103.855642,1.335351],[103.855629,1.335347],[103.855629,1.335328],[103.855191,1.335328],[103.855193,1.335478],[103.855142,1.335477],[103.855114,1.335465],[103.855117,1.335397],[103.854697,1.335396],[103.854697,1.335415],[103.85468,1.335419],[103.854667,1.335415],[103.854667,1.335396],[103.854558,1.335396],[103.854556,1.335305],[103.854574,1.335306],[103.854573,1.335262],[103.854598,1.335262],[103.854598,1.33528],[103.854618,1.335285],[103.854631,1.33528],[103.854631,1.335262],[103.854656,1.335262],[103.854655,1.335307],[103.85471,1.335307],[103.85471,1.335262],[103.854735,1.335262],[103.854736,1.33528],[103.854755,1.335285],[103.854768,1.33528],[103.854768,1.335262],[103.854792,1.335262],[103.854792,1.335307],[103.85482,1.335307],[103.85482,1.335262],[103.854845,1.335263],[103.854845,1.33528],[103.854865,1.335285],[103.854877,1.335281],[103.854877,1.335263],[103.854902,1.335263],[103.854902,1.335307],[103.85493,1.335307],[103.85493,1.335263],[103.854955,1.335263],[103.854955,1.335281],[103.854975,1.335285],[103.854987,1.335281],[103.854987,1.335263],[103.855012,1.335263],[103.855012,1.335307],[103.855039,1.335307],[103.855039,1.335263],[103.855064,1.335263],[103.855064,1.335281],[103.855084,1.335286],[103.855096,1.335281],[103.855096,1.335263],[103.855121,1.335263],[103.855121,1.335307],[103.855134,1.335307],[103.855134,1.335263],[103.855163,1.335263]]]}},{"type":"Feature","properties":{"block_id":"11054722","blk_no":"43","postal_code":"310043","region_id":"CR","region":"CENTRAL REGION","planning_area_id":"TP","planning_area":"TOA PAYOH","subzone_id":"TPSZ04","subzone":"BOON TECK","lon":103.8544,"lat":1.3358,"property_match":"MATCHED","property_match_confidence":"HIGH","street":"LOR 5 TOA PAYOH","residential":"Y","year_completed":1992,"building_age_2026":34,"max_floor_lvl":13,"total_dwelling_units":72,"small_flat_share_pct":0.0,"rental_share_pct":0.0,"footprint_area_m2":936.5,"estimated_residents_2026":223.2,"estimated_elderly_65plus_2026":42.5,"estimated_elderly_share_pct":19.06,"elderly_exposure_score":31.6,"elderly_exposure_class":"LOW","estimate_confidence":"HIGH","display_name":"Block 43"},"geometry":{"type":"Polygon","coordinates":[[[103.854115,1.33604],[103.854374,1.335749],[103.854391,1.335739],[103.854402,1.335749],[103.854417,1.335733],[103.854415,1.335711],[103.8544,1.335712],[103.854393,1.335694],[103.854395,1.33562],[103.854341,1.335624],[103.854337,1.335557],[103.854502,1.335548],[103.854514,1.335768],[103.854203,1.336117],[103.854115,1.33604]]]}},{"type":"Feature","properties":{"block_id":"11054724","blk_no":"44","postal_code":"310044","region_id":"CR","region":"CENTRAL REGION","planning_area_id":"TP","planning_area":"TOA PAYOH","subzone_id":"TPSZ04","subzone":"BOON TECK","lon":103.854,"lat":1.3364,"property_match":"MATCHED","property_match_confidence":"HIGH","street":"LOR 5 TOA PAYOH","residential":"Y","year_completed":1992,"building_age_2026":34,"max_floor_lvl":11,"total_dwelling_units":80,"small_flat_share_pct":0.0,"rental_share_pct":0.0,"footprint_area_m2":1327.8,"estimated_residents_2026":255.8,"estimated_elderly_65plus_2026":65.7,"estimated_elderly_share_pct":25.7,"elderly_exposure_score":60.6,"elderly_exposure_class":"HIGH","estimate_confidence":"HIGH","display_name":"Block 44"},"geometry":{"type":"Polygon","coordinates":[[[103.854087,1.336216],[103.85411,1.336237],[103.854132,1.336217],[103.854207,1.336284],[103.854135,1.336364],[103.854105,1.336334],[103.854079,1.336363],[103.854112,1.33639],[103.85403,1.336483],[103.854039,1.336496],[103.853996,1.336545],[103.853982,1.336536],[103.853899,1.336629],[103.853869,1.3366],[103.853844,1.336628],[103.853876,1.336655],[103.853805,1.336735],[103.853731,1.336668],[103.853749,1.336644],[103.853726,1.336623],[103.853624,1.336737],[103.853553,1.336673],[103.853624,1.336593],[103.853653,1.336622],[103.85368,1.336594],[103.853647,1.336567],[103.853718,1.336487],[103.853815,1.33658],[103.854054,1.336311],[103.853952,1.336224],[103.854022,1.336144],[103.854054,1.336173],[103.854077,1.336146],[103.854046,1.336118],[103.854115,1.33604],[103.854187,1.336103],[103.854087,1.336216]]]}},{"type":"Feature","properties":{"block_id":"11054723","blk_no":"45","postal_code":"310045","region_id":"CR","region":"CENTRAL REGION","planning_area_id":"TP","planning_area":"TOA PAYOH","subzone_id":"TPSZ04","subzone":"BOON TECK","lon":103.854,"lat":1.3358,"property_match":"MATCHED","property_match_confidence":"HIGH","street":"LOR 5 TOA PAYOH","residential":"Y","year_completed":1992,"building_age_2026":34,"max_floor_lvl":20,"total_dwelling_units":117,"small_flat_share_pct":0.0,"rental_share_pct":0.0,"footprint_area_m2":1265.2,"estimated_residents_2026":367.1,"estimated_elderly_65plus_2026":79.5,"estimated_elderly_share_pct":21.66,"elderly_exposure_score":75.0,"elderly_exposure_class":"HIGH","estimate_confidence":"HIGH","display_name":"Block 45"},"geometry":{"type":"Polygon","coordinates":[[[103.85407,1.335823],[103.853953,1.335945],[103.853897,1.335894],[103.853846,1.335951],[103.853895,1.335995],[103.853807,1.336093],[103.853733,1.336027],[103.853755,1.336001],[103.853772,1.336016],[103.85379,1.335997],[103.853773,1.335982],[103.853789,1.335964],[103.853783,1.335959],[103.853773,1.33597],[103.853745,1.335945],[103.853749,1.335929],[103.853732,1.335948],[103.853716,1.335934],[103.8537,1.335952],[103.853717,1.335967],[103.853694,1.335992],[103.85362,1.335925],[103.85378,1.335746],[103.853854,1.335812],[103.853831,1.335838],[103.853815,1.335823],[103.853799,1.33584],[103.853825,1.335878],[103.853851,1.335894],[103.853988,1.335731],[103.853973,1.335471],[103.854138,1.335462],[103.854142,1.335528],[103.854088,1.335532],[103.854101,1.335765],[103.85407,1.335823]]]}},{"type":"Feature","properties":{"block_id":"11054725","blk_no":"46","postal_code":"310046","region_id":"CR","region":"CENTRAL REGION","planning_area_id":"TP","planning_area":"TOA PAYOH","subzone_id":"TPSZ04","subzone":"BOON TECK","lon":103.8532,"lat":1.3366,"property_match":"MATCHED","property_match_confidence":"HIGH","street":"LOR 5 TOA PAYOH","residential":"Y","year_completed":1992,"building_age_2026":34,"max_floor_lvl":13,"total_dwelling_units":90,"small_flat_share_pct":0.0,"rental_share_pct":0.0,"footprint_area_m2":1429.4,"estimated_residents_2026":287.8,"estimated_elderly_65plus_2026":74.0,"estimated_elderly_share_pct":25.7,"elderly_exposure_score":69.6,"elderly_exposure_class":"HIGH","estimate_confidence":"HIGH","display_name":"Block 46"},"geometry":{"type":"Polygon","coordinates":[[[103.853383,1.336508],[103.853364,1.336529],[103.853376,1.336539],[103.853354,1.336563],[103.853328,1.336539],[103.853308,1.33656],[103.853458,1.336852],[103.853472,1.336845],[103.853486,1.336859],[103.85352,1.336927],[103.853416,1.336981],[103.853303,1.336759],[103.853341,1.33674],[103.853323,1.336707],[103.853287,1.336728],[103.853231,1.336618],[103.853331,1.336505],[103.853292,1.336469],[103.853216,1.33655],[103.853199,1.336535],[103.853183,1.336553],[103.8532,1.336568],[103.853177,1.336593],[103.853101,1.336524],[103.85345,1.336133],[103.853526,1.336201],[103.853503,1.336226],[103.853486,1.336211],[103.853471,1.336229],[103.853487,1.336244],[103.853416,1.336328],[103.853485,1.33639],[103.853501,1.336372],[103.853484,1.336357],[103.853507,1.336332],[103.853583,1.3364],[103.853505,1.336488],[103.853458,1.336445],[103.853394,1.336519],[103.853383,1.336508]],[[103.853365,1.336331],[103.853288,1.336418],[103.853355,1.336478],[103.853432,1.336392],[103.853365,1.336331]]]}},{"type":"Feature","properties":{"block_id":"11054727","blk_no":"47","postal_code":"310047","region_id":"CR","region":"CENTRAL REGION","planning_area_id":"TP","planning_area":"TOA PAYOH","subzone_id":"TPSZ04","subzone":"BOON TECK","lon":103.854,"lat":1.3369,"property_match":"MATCHED","property_match_confidence":"HIGH","street":"LOR 6 TOA PAYOH","residential":"Y","year_completed":1968,"building_age_2026":58,"max_floor_lvl":10,"total_dwelling_units":80,"small_flat_share_pct":100.0,"rental_share_pct":0.0,"footprint_area_m2":904.7,"estimated_residents_2026":160.0,"estimated_elderly_65plus_2026":49.5,"estimated_elderly_share_pct":30.94,"elderly_exposure_score":40.6,"elderly_exposure_class":"MODERATE","estimate_confidence":"HIGH","display_name":"Block 47"},"geometry":{"type":"Polygon","coordinates":[[[103.854328,1.33686],[103.854326,1.336971],[103.854218,1.336971],[103.854218,1.337002],[103.854191,1.337002],[103.854192,1.336971],[103.85373,1.336971],[103.853728,1.33686],[103.853751,1.33686],[103.853751,1.336831],[103.853772,1.336831],[103.853772,1.336855],[103.853798,1.336854],[103.853798,1.336831],[103.853818,1.336831],[103.853818,1.336862],[103.853841,1.336862],[103.853841,1.336871],[103.853885,1.336862],[103.853885,1.336831],[103.853905,1.336831],[103.853905,1.336854],[103.853932,1.336854],[103.853932,1.336831],[103.853952,1.336831],[103.853952,1.336862],[103.853995,1.336862],[103.853995,1.336831],[103.854015,1.336831],[103.854015,1.336854],[103.854041,1.336854],[103.854041,1.336831],[103.854062,1.336831],[103.854062,1.336862],[103.854104,1.336862],[103.854104,1.336831],[103.854124,1.336831],[103.854124,1.336854],[103.854151,1.336854],[103.854151,1.336831],[103.854171,1.336831],[103.854171,1.336862],[103.854215,1.336862],[103.854238,1.336862],[103.854238,1.336831],[103.854258,1.336831],[103.854258,1.336854],[103.854285,1.336854],[103.854285,1.336831],[103.854305,1.336831],[103.854305,1.336862],[103.854328,1.33686]]]}},{"type":"Feature","properties":{"block_id":"11054726","blk_no":"48","postal_code":"310048","region_id":"CR","region":"CENTRAL REGION","planning_area_id":"TP","planning_area":"TOA PAYOH","subzone_id":"TPSZ04","subzone":"BOON TECK","lon":103.8537,"lat":1.3372,"property_match":"MATCHED","property_match_confidence":"HIGH","street":"LOR 5 TOA PAYOH","residential":"Y","year_completed":1992,"building_age_2026":34,"max_floor_lvl":20,"total_dwelling_units":87,"small_flat_share_pct":0.0,"rental_share_pct":0.0,"footprint_area_m2":1046.5,"estimated_residents_2026":278.2,"estimated_elderly_65plus_2026":71.5,"estimated_elderly_share_pct":25.7,"elderly_exposure_score":66.8,"elderly_exposure_class":"HIGH","estimate_confidence":"HIGH","display_name":"Block 48"},"geometry":{"type":"Polygon","coordinates":[[[103.853528,1.336957],[103.853558,1.337015],[103.853544,1.337022],[103.853675,1.337277],[103.853706,1.337247],[103.853682,1.337221],[103.853702,1.337202],[103.853671,1.337169],[103.853765,1.33708],[103.853833,1.337152],[103.853809,1.337176],[103.853794,1.337159],[103.853774,1.337178],[103.85379,1.337194],[103.853762,1.337221],[103.853768,1.337228],[103.85378,1.337217],[103.853806,1.337245],[103.853796,1.337254],[103.853825,1.337271],[103.853843,1.337255],[103.853827,1.337239],[103.853852,1.337215],[103.85392,1.337288],[103.853746,1.337454],[103.853678,1.337381],[103.853702,1.337357],[103.853718,1.337374],[103.853735,1.337357],[103.853709,1.337315],[103.853684,1.337296],[103.85361,1.337361],[103.853546,1.337235],[103.853584,1.337217],[103.853566,1.337183],[103.85353,1.337204],[103.853416,1.336981],[103.85352,1.336927],[103.853528,1.336957]]]}},{"type":"Feature","properties":{"block_id":"11054701","blk_no":"49","postal_code":"310049","region_id":"CR","region":"CENTRAL REGION","planning_area_id":"TP","planning_area":"TOA PAYOH","subzone_id":"TPSZ04","subzone":"BOON TECK","lon":103.8532,"lat":1.3376,"property_match":"MATCHED","property_match_confidence":"HIGH","street":"LOR 5 TOA PAYOH","residential":"Y","year_completed":1992,"building_age_2026":34,"max_floor_lvl":20,"total_dwelling_units":87,"small_flat_share_pct":0.0,"rental_share_pct":0.0,"footprint_area_m2":1049.0,"estimated_residents_2026":278.2,"estimated_elderly_65plus_2026":71.5,"estimated_elderly_share_pct":25.7,"elderly_exposure_score":66.8,"elderly_exposure_class":"HIGH","estimate_confidence":"HIGH","display_name":"Block 49"},"geometry":{"type":"Polygon","coordinates":[[[103.853026,1.337322],[103.853132,1.337272],[103.853237,1.337497],[103.853198,1.337513],[103.853215,1.337549],[103.853252,1.337528],[103.853304,1.33764],[103.853244,1.33769],[103.853261,1.337718],[103.853299,1.337749],[103.853318,1.337734],[103.853303,1.337716],[103.853329,1.337694],[103.853393,1.337771],[103.85321,1.337926],[103.853146,1.337849],[103.853172,1.337828],[103.853186,1.337845],[103.853204,1.33783],[103.853152,1.337767],[103.853132,1.337785],[103.853117,1.337768],[103.8531,1.337782],[103.853112,1.337803],[103.853086,1.337824],[103.853022,1.337748],[103.853123,1.337662],[103.853154,1.337703],[103.853175,1.337685],[103.853193,1.337706],[103.853219,1.337684],[103.853085,1.337398],[103.853065,1.337407],[103.853026,1.337322]]]}},{"type":"Feature","properties":{"block_id":"11054702","blk_no":"50","postal_code":"310050","region_id":"CR","region":"CENTRAL REGION","planning_area_id":"TP","planning_area":"TOA PAYOH","subzone_id":"TPSZ04","subzone":"BOON TECK","lon":103.8526,"lat":1.3372,"property_match":"MATCHED","property_match_confidence":"HIGH","street":"LOR 5 TOA PAYOH","residential":"Y","year_completed":1992,"building_age_2026":34,"max_floor_lvl":13,"total_dwelling_units":114,"small_flat_share_pct":0.0,"rental_share_pct":0.0,"footprint_area_m2":1785.5,"estimated_residents_2026":364.6,"estimated_elderly_65plus_2026":93.7,"estimated_elderly_share_pct":25.7,"elderly_exposure_score":84.7,"elderly_exposure_class":"VERY HIGH","estimate_confidence":"HIGH","display_name":"Block 50"},"geometry":{"type":"Polygon","coordinates":[[[103.853132,1.337272],[103.853026,1.337322],[103.852986,1.337237],[103.853005,1.337228],[103.852892,1.336985],[103.852856,1.337025],[103.852882,1.337049],[103.852861,1.337073],[103.852849,1.337062],[103.852831,1.337083],[103.852843,1.337094],[103.852777,1.337167],[103.852825,1.337208],[103.852747,1.337296],[103.852671,1.337227],[103.852693,1.337202],[103.85271,1.337217],[103.852726,1.337199],[103.852657,1.337138],[103.852603,1.337198],[103.852596,1.337192],[103.852371,1.337456],[103.852354,1.337441],[103.852338,1.337459],[103.852355,1.337474],[103.852332,1.337499],[103.852256,1.337431],[103.852436,1.337229],[103.852465,1.337258],[103.852491,1.33723],[103.852458,1.337203],[103.852816,1.3368],[103.852892,1.336869],[103.85287,1.336894],[103.852853,1.336879],[103.852838,1.336897],[103.852854,1.336912],[103.852782,1.336996],[103.852822,1.337032],[103.852895,1.33695],[103.852888,1.336938],[103.852913,1.336909],[103.85292,1.336922],[103.852932,1.336916],[103.852923,1.336899],[103.852946,1.336873],[103.853012,1.337016],[103.852973,1.337032],[103.85299,1.337067],[103.853027,1.337047],[103.853132,1.337272]],[[103.852798,1.337059],[103.852732,1.336999],[103.852655,1.337086],[103.852721,1.337146],[103.852798,1.337059]]]}},{"type":"Feature","properties":{"block_id":"11054700","blk_no":"51","postal_code":"310051","region_id":"CR","region":"CENTRAL REGION","planning_area_id":"TP","planning_area":"TOA PAYOH","subzone_id":"TPSZ04","subzone":"BOON TECK","lon":103.8525,"lat":1.3378,"property_match":"MATCHED","property_match_confidence":"HIGH","street":"LOR 6 TOA PAYOH","residential":"Y","year_completed":1966,"building_age_2026":60,"max_floor_lvl":18,"total_dwelling_units":238,"small_flat_share_pct":100.0,"rental_share_pct":0.84,"footprint_area_m2":1100.1,"estimated_residents_2026":479.3,"estimated_elderly_65plus_2026":145.3,"estimated_elderly_share_pct":30.33,"elderly_exposure_score":97.0,"elderly_exposure_class":"VERY HIGH","estimate_confidence":"HIGH","display_name":"Block 51"},"geometry":{"type":"Polygon","coordinates":[[[103.852861,1.33776],[103.852916,1.337755],[103.852911,1.337861],[103.852686,1.337848],[103.852685,1.337862],[103.852629,1.337859],[103.852629,1.337845],[103.852356,1.33783],[103.852355,1.337844],[103.852298,1.337841],[103.852299,1.337827],[103.852106,1.337818],[103.85211,1.337711],[103.852135,1.337721],[103.852136,1.337696],[103.852156,1.337698],[103.852155,1.337714],[103.852182,1.337715],[103.852183,1.337699],[103.852203,1.3377],[103.852202,1.337718],[103.852245,1.33772],[103.852246,1.337702],[103.852266,1.337703],[103.852265,1.33772],[103.852292,1.337721],[103.852292,1.337705],[103.852312,1.337706],[103.852311,1.33773],[103.852354,1.337732],[103.852355,1.337708],[103.852375,1.337709],[103.852374,1.337726],[103.852401,1.337727],[103.852402,1.337711],[103.852422,1.337712],[103.85242,1.337735],[103.852465,1.337738],[103.852466,1.337714],[103.852487,1.337715],[103.852486,1.337732],[103.852512,1.337733],[103.852513,1.337717],[103.852533,1.337718],[103.852533,1.337742],[103.852574,1.337744],[103.852576,1.33772],[103.852596,1.337721],[103.852595,1.337738],[103.852622,1.337739],[103.852623,1.337723],[103.852643,1.337724],[103.852641,1.337748],[103.852684,1.33775],[103.852685,1.337726],[103.852706,1.337727],[103.852705,1.337743],[103.852731,1.337745],[103.852732,1.337728],[103.852752,1.33773],[103.852751,1.337754],[103.852793,1.337756],[103.852795,1.337732],[103.852815,1.337733],[103.852814,1.337749],[103.852841,1.337751],[103.852842,1.337734],[103.852862,1.337736],[103.852861,1.33776]]]}},{"type":"Feature","properties":{"block_id":"11054699","blk_no":"52","postal_code":"310052","region_id":"CR","region":"CENTRAL REGION","planning_area_id":"TP","planning_area":"TOA PAYOH","subzone_id":"TPSZ04","subzone":"BOON TECK","lon":103.8529,"lat":1.3381,"property_match":"MATCHED","property_match_confidence":"HIGH","street":"LOR 6 TOA PAYOH","residential":"Y","year_completed":1966,"building_age_2026":60,"max_floor_lvl":12,"total_dwelling_units":333,"small_flat_share_pct":100.0,"rental_share_pct":76.58,"footprint_area_m2":1616.5,"estimated_residents_2026":681.9,"estimated_elderly_65plus_2026":196.6,"estimated_elderly_share_pct":28.84,"elderly_exposure_score":99.2,"elderly_exposure_class":"VERY HIGH","estimate_confidence":"HIGH","display_name":"Block 52"},"geometry":{"type":"Polygon","coordinates":[[[103.852121,1.338104],[103.852173,1.338156],[103.852185,1.338157],[103.852179,1.338162],[103.852196,1.338179],[103.852187,1.338188],[103.852226,1.338204],[103.852227,1.338181],[103.852282,1.338195],[103.852282,1.338184],[103.852339,1.338187],[103.852339,1.338198],[103.852364,1.3382],[103.852364,1.338189],[103.852421,1.338192],[103.852421,1.338203],[103.852446,1.338204],[103.852446,1.338193],[103.852503,1.338196],[103.852503,1.338207],[103.852528,1.338209],[103.852528,1.338197],[103.852585,1.3382],[103.852585,1.338212],[103.85261,1.338213],[103.85261,1.338202],[103.852667,1.338205],[103.852667,1.338216],[103.852722,1.338208],[103.852721,1.338231],[103.852763,1.338218],[103.852747,1.3382],[103.852791,1.338165],[103.852798,1.338173],[103.852818,1.338158],[103.852811,1.338149],[103.852856,1.338113],[103.852863,1.338122],[103.852882,1.338106],[103.852875,1.338098],[103.85292,1.338062],[103.852927,1.338071],[103.852946,1.338055],[103.85294,1.338046],[103.852984,1.338011],[103.852991,1.338019],[103.853012,1.338],[103.853031,1.338024],[103.853056,1.338004],[103.853088,1.338045],[103.853063,1.338064],[103.853073,1.338077],[103.852812,1.338283],[103.852818,1.338302],[103.852725,1.338332],[103.852719,1.338313],[103.85222,1.338287],[103.852212,1.338304],[103.852123,1.338265],[103.85213,1.338246],[103.851893,1.338014],[103.851961,1.337944],[103.851997,1.337982],[103.852009,1.337983],[103.852003,1.337988],[103.852056,1.33804],[103.852061,1.338034],[103.852062,1.338046],[103.852114,1.338098],[103.852126,1.338099],[103.852121,1.338104]]]}},{"type":"Feature","properties":{"block_id":"11054698","blk_no":"52A","postal_code":"311052","region_id":"CR","region":"CENTRAL REGION","planning_area_id":"TP","planning_area":"TOA PAYOH","subzone_id":"TPSZ04","subzone":"BOON TECK","lon":103.8525,"lat":1.3385,"property_match":"MATCHED","property_match_confidence":"HIGH","street":"LOR 5 TOA PAYOH","residential":"N","year_completed":2000,"building_age_2026":26,"max_floor_lvl":1,"total_dwelling_units":0,"small_flat_share_pct":null,"rental_share_pct":null,"footprint_area_m2":224.2,"estimated_residents_2026":0.0,"estimated_elderly_65plus_2026":0.0,"estimated_elderly_share_pct":null,"elderly_exposure_score":null,"elderly_exposure_class":null,"estimate_confidence":"HIGH","display_name":"Block 52A"},"geometry":{"type":"Polygon","coordinates":[[[103.852448,1.338464],[103.852503,1.338465],[103.852544,1.338505],[103.852544,1.338563],[103.852504,1.338604],[103.852447,1.338604],[103.852399,1.338557],[103.852372,1.338555],[103.852375,1.338504],[103.852405,1.338505],[103.852448,1.338464]]]}},{"type":"Feature","properties":{"block_id":"6798","blk_no":"53","postal_code":"310053","region_id":"CR","region":"CENTRAL REGION","planning_area_id":"TP","planning_area":"TOA PAYOH","subzone_id":"TPSZ04","subzone":"BOON TECK","lon":103.8508,"lat":1.3379,"property_match":"MATCHED","property_match_confidence":"HIGH","street":"LOR 5 TOA PAYOH","residential":"Y","year_completed":1967,"building_age_2026":59,"max_floor_lvl":19,"total_dwelling_units":228,"small_flat_share_pct":100.0,"rental_share_pct":0.44,"footprint_area_m2":1195.1,"estimated_residents_2026":456.0,"estimated_elderly_65plus_2026":141.1,"estimated_elderly_share_pct":30.94,"elderly_exposure_score":96.4,"elderly_exposure_class":"VERY HIGH","estimate_confidence":"HIGH","display_name":"Block 53"},"geometry":{"type":"Polygon","coordinates":[[[103.850829,1.337737],[103.850806,1.3377],[103.850828,1.337688],[103.850836,1.337702],[103.850856,1.337696],[103.850864,1.337685],[103.850856,1.337672],[103.850878,1.337659],[103.850897,1.337697],[103.850922,1.337683],[103.8509,1.337646],[103.850921,1.337634],[103.850929,1.337648],[103.850943,1.337645],[103.850957,1.337631],[103.85095,1.337617],[103.850971,1.337605],[103.850991,1.337643],[103.851028,1.337618],[103.851072,1.337702],[103.850862,1.337825],[103.850855,1.337835],[103.850888,1.337854],[103.850875,1.337876],[103.85084,1.337861],[103.85084,1.338116],[103.850794,1.338116],[103.850794,1.338088],[103.850749,1.338088],[103.850749,1.338073],[103.850705,1.338075],[103.850705,1.338049],[103.850721,1.338049],[103.850726,1.338035],[103.850721,1.338015],[103.850705,1.338015],[103.850705,1.33799],[103.850748,1.337991],[103.850748,1.337963],[103.850705,1.337965],[103.850705,1.337939],[103.850721,1.337939],[103.850726,1.337927],[103.850721,1.337905],[103.850705,1.337905],[103.850705,1.33788],[103.850747,1.337882],[103.850721,1.337824],[103.850513,1.337702],[103.850536,1.337662],[103.850559,1.337676],[103.850582,1.337636],[103.850594,1.337643],[103.850614,1.337605],[103.850635,1.337618],[103.850627,1.337632],[103.850636,1.337642],[103.850656,1.337648],[103.850664,1.337634],[103.850686,1.337647],[103.850663,1.337683],[103.850687,1.337697],[103.850706,1.337659],[103.850729,1.337672],[103.850721,1.337686],[103.850736,1.3377],[103.850749,1.337702],[103.850757,1.337688],[103.85078,1.337701],[103.850756,1.337738],[103.850771,1.337743],[103.850777,1.33773],[103.850807,1.33773],[103.850814,1.337742],[103.850829,1.337737]]]}},{"type":"Feature","properties":{"block_id":"1747","blk_no":"54","postal_code":"310054","region_id":"CR","region":"CENTRAL REGION","planning_area_id":"TP","planning_area":"TOA PAYOH","subzone_id":"TPSZ04","subzone":"BOON TECK","lon":103.8504,"lat":1.3373,"property_match":"MATCHED","property_match_confidence":"HIGH","street":"LOR 5 TOA PAYOH","residential":"Y","year_completed":1967,"building_age_2026":59,"max_floor_lvl":12,"total_dwelling_units":176,"small_flat_share_pct":100.0,"rental_share_pct":66.48,"footprint_area_m2":925.2,"estimated_residents_2026":360.4,"estimated_elderly_65plus_2026":103.9,"estimated_elderly_share_pct":28.83,"elderly_exposure_score":89.1,"elderly_exposure_class":"VERY HIGH","estimate_confidence":"HIGH","display_name":"Block 54"},"geometry":{"type":"Polygon","coordinates":[[[103.850743,1.337373],[103.850743,1.337411],[103.850027,1.337408],[103.850028,1.337301],[103.850193,1.337302],[103.850193,1.337311],[103.850217,1.337311],[103.850217,1.337302],[103.850246,1.337302],[103.850246,1.337311],[103.850276,1.337311],[103.850276,1.337302],[103.85033,1.337302],[103.85033,1.337311],[103.850411,1.337304],[103.850411,1.337312],[103.850439,1.337312],[103.850439,1.337303],[103.850493,1.337303],[103.850493,1.337312],[103.850521,1.337312],[103.850521,1.337303],[103.850549,1.337304],[103.850549,1.337313],[103.850606,1.337304],[103.850606,1.337313],[103.850634,1.337313],[103.850634,1.337303],[103.850688,1.337303],[103.850688,1.337313],[103.850744,1.337304],[103.850744,1.337324],[103.850773,1.337324],[103.850773,1.337373],[103.850743,1.337373]]]}},{"type":"Feature","properties":{"block_id":"3138","blk_no":"55","postal_code":"310055","region_id":"CR","region":"CENTRAL REGION","planning_area_id":"TP","planning_area":"TOA PAYOH","subzone_id":"TPSZ04","subzone":"BOON TECK","lon":103.8512,"lat":1.3374,"property_match":"MATCHED","property_match_confidence":"HIGH","street":"LOR 5 TOA PAYOH","residential":"Y","year_completed":1967,"building_age_2026":59,"max_floor_lvl":12,"total_dwelling_units":176,"small_flat_share_pct":100.0,"rental_share_pct":39.77,"footprint_area_m2":920.2,"estimated_residents_2026":360.4,"estimated_elderly_65plus_2026":103.9,"estimated_elderly_share_pct":28.83,"elderly_exposure_score":89.1,"elderly_exposure_class":"VERY HIGH","estimate_confidence":"HIGH","display_name":"Block 55"},"geometry":{"type":"Polygon","coordinates":[[[103.851564,1.337414],[103.850851,1.33741],[103.850851,1.337374],[103.850821,1.337374],[103.850821,1.337325],[103.850851,1.337325],[103.850851,1.337304],[103.851019,1.337304],[103.851019,1.337313],[103.851074,1.337305],[103.851074,1.337315],[103.8511,1.337315],[103.8511,1.337306],[103.851154,1.337306],[103.851154,1.337315],[103.851237,1.337307],[103.851237,1.337316],[103.851263,1.337316],[103.851263,1.337307],[103.851317,1.337307],[103.851317,1.337315],[103.851344,1.337315],[103.851344,1.337306],[103.851374,1.337306],[103.851374,1.337315],[103.851564,1.337308],[103.851564,1.337414]]]}},{"type":"Feature","properties":{"block_id":"4271","blk_no":"56","postal_code":"310056","region_id":"CR","region":"CENTRAL REGION","planning_area_id":"TP","planning_area":"TOA PAYOH","subzone_id":"TPSZ04","subzone":"BOON TECK","lon":103.8504,"lat":1.337,"property_match":"MATCHED","property_match_confidence":"HIGH","street":"LOR 4 TOA PAYOH","residential":"Y","year_completed":1966,"building_age_2026":60,"max_floor_lvl":10,"total_dwelling_units":140,"small_flat_share_pct":100.0,"rental_share_pct":45.71,"footprint_area_m2":841.5,"estimated_residents_2026":285.7,"estimated_elderly_65plus_2026":83.2,"estimated_elderly_share_pct":29.13,"elderly_exposure_score":77.9,"elderly_exposure_class":"HIGH","estimate_confidence":"HIGH","display_name":"Block 56"},"geometry":{"type":"Polygon","coordinates":[[[103.85006,1.336979],[103.85015,1.33697],[103.85015,1.336984],[103.850178,1.336983],[103.850178,1.336972],[103.850239,1.336972],[103.850246,1.336985],[103.850266,1.336984],[103.850267,1.336972],[103.850329,1.336973],[103.850329,1.336986],[103.850358,1.336986],[103.850358,1.336973],[103.85042,1.336974],[103.850428,1.336987],[103.850449,1.336985],[103.850449,1.336973],[103.85051,1.336974],[103.85051,1.336988],[103.850519,1.336988],[103.850536,1.336986],[103.850536,1.336974],[103.850599,1.336975],[103.850605,1.336988],[103.850628,1.336987],[103.850628,1.336975],[103.850689,1.336975],[103.850689,1.336988],[103.850724,1.336984],[103.850723,1.337085],[103.850058,1.33708],[103.850059,1.337055],[103.85003,1.337055],[103.85003,1.337005],[103.85006,1.337005],[103.85006,1.336979]]]}},{"type":"Feature","properties":{"block_id":"4443","blk_no":"57","postal_code":"310057","region_id":"CR","region":"CENTRAL REGION","planning_area_id":"TP","planning_area":"TOA PAYOH","subzone_id":"TPSZ04","subzone":"BOON TECK","lon":103.8515,"lat":1.3371,"property_match":"MATCHED","property_match_confidence":"HIGH","street":"LOR 5 TOA PAYOH","residential":"Y","year_completed":1967,"building_age_2026":59,"max_floor_lvl":10,"total_dwelling_units":120,"small_flat_share_pct":100.0,"rental_share_pct":1.67,"footprint_area_m2":967.4,"estimated_residents_2026":240.0,"estimated_elderly_65plus_2026":74.3,"estimated_elderly_share_pct":30.94,"elderly_exposure_score":69.9,"elderly_exposure_class":"HIGH","estimate_confidence":"HIGH","display_name":"Block 57"},"geometry":{"type":"Polygon","coordinates":[[[103.851541,1.336977],[103.851541,1.337006],[103.851573,1.337006],[103.851573,1.336977],[103.851591,1.336977],[103.851584,1.337012],[103.85164,1.337012],[103.851632,1.336977],[103.851651,1.336977],[103.851651,1.337006],[103.851681,1.337006],[103.85168,1.336977],[103.851699,1.336977],[103.851692,1.337011],[103.851748,1.337011],[103.851741,1.336977],[103.851759,1.336977],[103.85176,1.337007],[103.85179,1.337007],[103.85179,1.336977],[103.851809,1.336977],[103.851802,1.337012],[103.851859,1.337009],[103.851852,1.337108],[103.851507,1.337108],[103.851507,1.337144],[103.851479,1.337144],[103.851478,1.337108],[103.851124,1.337108],[103.851124,1.337058],[103.851148,1.337058],[103.851148,1.337013],[103.851175,1.337013],[103.851168,1.336977],[103.851187,1.336977],[103.851187,1.337005],[103.85122,1.337005],[103.85122,1.336977],[103.851238,1.336977],[103.851231,1.337015],[103.851286,1.337015],[103.851278,1.336977],[103.851297,1.336977],[103.851297,1.337006],[103.851324,1.337006],[103.851324,1.336977],[103.851343,1.336977],[103.851335,1.337012],[103.851392,1.337012],[103.851385,1.336977],[103.851404,1.336977],[103.851404,1.337006],[103.851437,1.337006],[103.851437,1.336977],[103.851455,1.336977],[103.851448,1.337011],[103.85153,1.33701],[103.851523,1.336977],[103.851541,1.336977]]]}},{"type":"Feature","properties":{"block_id":"4873","blk_no":"58","postal_code":"310058","region_id":"CR","region":"CENTRAL REGION","planning_area_id":"TP","planning_area":"TOA PAYOH","subzone_id":"TPSZ04","subzone":"BOON TECK","lon":103.8505,"lat":1.3367,"property_match":"MATCHED","property_match_confidence":"HIGH","street":"LOR 4 TOA PAYOH","residential":"Y","year_completed":1966,"building_age_2026":60,"max_floor_lvl":10,"total_dwelling_units":138,"small_flat_share_pct":100.0,"rental_share_pct":50.72,"footprint_area_m2":819.3,"estimated_residents_2026":281.7,"estimated_elderly_65plus_2026":82.0,"estimated_elderly_share_pct":29.12,"elderly_exposure_score":76.9,"elderly_exposure_class":"HIGH","estimate_confidence":"HIGH","display_name":"Block 58"},"geometry":{"type":"Polygon","coordinates":[[[103.850171,1.336764],[103.850171,1.336714],[103.8502,1.336714],[103.8502,1.336689],[103.850866,1.336697],[103.850864,1.336796],[103.850829,1.336792],[103.850829,1.336803],[103.850768,1.336804],[103.850768,1.336792],[103.850739,1.336792],[103.850739,1.336804],[103.850676,1.336803],[103.850677,1.33679],[103.850649,1.33679],[103.850649,1.336803],[103.850587,1.336802],[103.850587,1.33679],[103.850559,1.336789],[103.850559,1.3368],[103.850497,1.336801],[103.850497,1.336789],[103.850469,1.336787],[103.850469,1.3368],[103.850407,1.336799],[103.850407,1.336788],[103.850385,1.336786],[103.850379,1.336799],[103.850317,1.336798],[103.850317,1.336786],[103.85029,1.336785],[103.85029,1.336799],[103.850229,1.336798],[103.850229,1.336785],[103.8502,1.336788],[103.8502,1.336764],[103.850171,1.336764]]]}},{"type":"Feature","properties":{"block_id":"3958","blk_no":"59","postal_code":"310059","region_id":"CR","region":"CENTRAL REGION","planning_area_id":"TP","planning_area":"TOA PAYOH","subzone_id":"TPSZ04","subzone":"BOON TECK","lon":103.8518,"lat":1.3368,"property_match":"MATCHED","property_match_confidence":"HIGH","street":"LOR 5 TOA PAYOH","residential":"Y","year_completed":1967,"building_age_2026":59,"max_floor_lvl":10,"total_dwelling_units":120,"small_flat_share_pct":100.0,"rental_share_pct":0.0,"footprint_area_m2":960.4,"estimated_residents_2026":240.0,"estimated_elderly_65plus_2026":74.3,"estimated_elderly_share_pct":30.94,"elderly_exposure_score":69.9,"elderly_exposure_class":"HIGH","estimate_confidence":"HIGH","display_name":"Block 59"},"geometry":{"type":"Polygon","coordinates":[[[103.85184,1.336674],[103.85184,1.336703],[103.851871,1.336703],[103.85187,1.336674],[103.851889,1.336674],[103.851882,1.336709],[103.851935,1.336709],[103.851928,1.336674],[103.851947,1.336674],[103.851947,1.336703],[103.851977,1.336703],[103.851977,1.336674],[103.851996,1.336674],[103.851989,1.336709],[103.852043,1.336709],[103.852036,1.336674],[103.852055,1.336674],[103.852055,1.336703],[103.852087,1.336703],[103.852087,1.336674],[103.852106,1.336674],[103.852099,1.336709],[103.852161,1.336706],[103.85215,1.336804],[103.851801,1.336804],[103.851801,1.33684],[103.851774,1.33684],[103.851774,1.336804],[103.851422,1.336804],[103.851422,1.336755],[103.851447,1.336755],[103.851447,1.336709],[103.851477,1.336709],[103.85147,1.336674],[103.851488,1.336674],[103.851488,1.336703],[103.851521,1.336703],[103.851521,1.336674],[103.851539,1.336674],[103.851532,1.336709],[103.851587,1.336709],[103.85158,1.336674],[103.851599,1.336674],[103.851599,1.336703],[103.851629,1.336703],[103.851629,1.336674],[103.851647,1.336674],[103.85164,1.336709],[103.851693,1.336709],[103.851686,1.336674],[103.851705,1.336674],[103.851705,1.336703],[103.851736,1.336703],[103.851736,1.336674],[103.851755,1.336674],[103.851747,1.336709],[103.851828,1.336709],[103.851821,1.336674],[103.85184,1.336674]]]}},{"type":"Feature","properties":{"block_id":"3704","blk_no":"60","postal_code":"310060","region_id":"CR","region":"CENTRAL REGION","planning_area_id":"TP","planning_area":"TOA PAYOH","subzone_id":"TPSZ04","subzone":"BOON TECK","lon":103.8507,"lat":1.3363,"property_match":"MATCHED","property_match_confidence":"HIGH","street":"LOR 4 TOA PAYOH","residential":"Y","year_completed":1998,"building_age_2026":28,"max_floor_lvl":30,"total_dwelling_units":145,"small_flat_share_pct":0.0,"rental_share_pct":0.0,"footprint_area_m2":803.8,"estimated_residents_2026":459.4,"estimated_elderly_65plus_2026":109.1,"estimated_elderly_share_pct":23.75,"elderly_exposure_score":90.9,"elderly_exposure_class":"VERY HIGH","estimate_confidence":"HIGH","display_name":"Block 60"},"geometry":{"type":"Polygon","coordinates":[[[103.850617,1.336182],[103.850846,1.336182],[103.850846,1.336281],[103.850814,1.336281],[103.850814,1.336255],[103.85079,1.336255],[103.85079,1.33628],[103.850765,1.33628],[103.850765,1.336293],[103.850809,1.336293],[103.850809,1.336345],[103.850777,1.336354],[103.85079,1.3364],[103.850814,1.3364],[103.850814,1.336375],[103.850846,1.336375],[103.850846,1.336474],[103.850674,1.336474],[103.850674,1.33645],[103.850649,1.33645],[103.85065,1.336474],[103.85057,1.336474],[103.85057,1.33645],[103.850546,1.33645],[103.850546,1.336474],[103.850487,1.336474],[103.850487,1.336373],[103.850719,1.336373],[103.850719,1.336365],[103.850686,1.336365],[103.850686,1.336293],[103.850698,1.336293],[103.850698,1.33628],[103.850674,1.33628],[103.850674,1.336256],[103.850649,1.336256],[103.850649,1.33628],[103.850617,1.33628],[103.850617,1.336182]]]}},{"type":"Feature","properties":{"block_id":"4000","blk_no":"60A","postal_code":"311060","region_id":"CR","region":"CENTRAL REGION","planning_area_id":"TP","planning_area":"TOA PAYOH","subzone_id":"TPSZ04","subzone":"BOON TECK","lon":103.8511,"lat":1.3366,"property_match":"MATCHED","property_match_confidence":"HIGH","street":"LOR 4 TOA PAYOH","residential":"N","year_completed":1997,"building_age_2026":29,"max_floor_lvl":5,"total_dwelling_units":0,"small_flat_share_pct":null,"rental_share_pct":null,"footprint_area_m2":2601.1,"estimated_residents_2026":0.0,"estimated_elderly_65plus_2026":0.0,"estimated_elderly_share_pct":null,"elderly_exposure_score":null,"elderly_exposure_class":null,"estimate_confidence":"HIGH","display_name":"Block 60A"},"geometry":{"type":"Polygon","coordinates":[[[103.850982,1.336861],[103.850982,1.33611],[103.851263,1.33611],[103.851263,1.336861],[103.851067,1.336861],[103.851067,1.336881],[103.851041,1.336881],[103.851041,1.336861],[103.850982,1.336861]]]}},{"type":"Feature","properties":{"block_id":"6885","blk_no":"61","postal_code":"310061","region_id":"CR","region":"CENTRAL REGION","planning_area_id":"TP","planning_area":"TOA PAYOH","subzone_id":"TPSZ04","subzone":"BOON TECK","lon":103.8521,"lat":1.3365,"property_match":"MATCHED","property_match_confidence":"HIGH","street":"LOR 5 TOA PAYOH","residential":"Y","year_completed":1966,"building_age_2026":60,"max_floor_lvl":10,"total_dwelling_units":120,"small_flat_share_pct":100.0,"rental_share_pct":0.83,"footprint_area_m2":1006.8,"estimated_residents_2026":241.4,"estimated_elderly_65plus_2026":73.4,"estimated_elderly_share_pct":30.4,"elderly_exposure_score":69.0,"elderly_exposure_class":"HIGH","estimate_confidence":"HIGH","display_name":"Block 61"},"geometry":{"type":"Polygon","coordinates":[[[103.851996,1.336367],[103.852021,1.336367],[103.852021,1.336383],[103.852042,1.336387],[103.852055,1.336383],[103.852055,1.336367],[103.852079,1.336367],[103.852078,1.336412],[103.85211,1.336412],[103.852108,1.336367],[103.852134,1.336367],[103.852134,1.336383],[103.852155,1.336388],[103.852168,1.336383],[103.852168,1.336367],[103.852194,1.336367],[103.852192,1.336412],[103.852218,1.336412],[103.852217,1.336367],[103.852243,1.336367],[103.852243,1.336383],[103.852264,1.336388],[103.852276,1.336383],[103.852276,1.336367],[103.852302,1.336367],[103.852301,1.336412],[103.852327,1.336412],[103.852326,1.336367],[103.852352,1.336367],[103.852352,1.336384],[103.852373,1.336389],[103.852386,1.336384],[103.852386,1.336367],[103.852412,1.336367],[103.85241,1.336411],[103.852428,1.336411],[103.852428,1.33643],[103.852459,1.33643],[103.852459,1.336482],[103.852428,1.336482],[103.852428,1.336502],[103.852126,1.336502],[103.852126,1.336547],[103.852096,1.336547],[103.852096,1.336502],[103.851763,1.336502],[103.851763,1.336411],[103.851778,1.336411],[103.851776,1.336367],[103.851801,1.336367],[103.851801,1.336382],[103.851823,1.336387],[103.851835,1.336382],[103.851835,1.336367],[103.851861,1.336367],[103.851859,1.336412],[103.851887,1.336412],[103.851885,1.336367],[103.851912,1.336367],[103.851912,1.336383],[103.851933,1.336387],[103.851945,1.336383],[103.851945,1.336367],[103.851972,1.336367],[103.85197,1.336412],[103.851998,1.336412],[103.851996,1.336367]]]}},{"type":"Feature","properties":{"block_id":"6866","blk_no":"62","postal_code":"310062","region_id":"CR","region":"CENTRAL REGION","planning_area_id":"TP","planning_area":"TOA PAYOH","subzone_id":"TPSZ04","subzone":"BOON TECK","lon":103.8515,"lat":1.3363,"property_match":"MATCHED","property_match_confidence":"HIGH","street":"LOR 4 TOA PAYOH","residential":"Y","year_completed":1998,"building_age_2026":28,"max_floor_lvl":30,"total_dwelling_units":145,"small_flat_share_pct":0.0,"rental_share_pct":0.0,"footprint_area_m2":803.9,"estimated_residents_2026":459.4,"estimated_elderly_65plus_2026":109.1,"estimated_elderly_share_pct":23.75,"elderly_exposure_score":90.9,"elderly_exposure_class":"VERY HIGH","estimate_confidence":"HIGH","display_name":"Block 62"},"geometry":{"type":"Polygon","coordinates":[[[103.851571,1.33618],[103.851595,1.33618],[103.851595,1.336155],[103.851675,1.336155],[103.851675,1.33618],[103.851699,1.33618],[103.851699,1.336155],[103.851758,1.336155],[103.851758,1.336257],[103.851526,1.336257],[103.851526,1.336265],[103.851559,1.336265],[103.851559,1.336337],[103.851547,1.336337],[103.851547,1.33635],[103.851571,1.33635],[103.851571,1.336374],[103.851595,1.336374],[103.851595,1.33635],[103.851628,1.33635],[103.851628,1.336447],[103.851399,1.336447],[103.851399,1.336349],[103.851431,1.336349],[103.851431,1.336374],[103.851455,1.336374],[103.851455,1.33635],[103.851479,1.33635],[103.851479,1.336337],[103.851436,1.336337],[103.851436,1.336285],[103.851468,1.336275],[103.851468,1.336254],[103.851455,1.336254],[103.851455,1.336229],[103.851431,1.336229],[103.851431,1.336254],[103.851399,1.336254],[103.851398,1.336155],[103.851571,1.336155],[103.851571,1.33618]]]}},{"type":"Feature","properties":{"block_id":"8693","blk_no":"62A","postal_code":"311062","region_id":"CR","region":"CENTRAL REGION","planning_area_id":"TP","planning_area":"TOA PAYOH","subzone_id":"TPSZ04","subzone":"BOON TECK","lon":103.8508,"lat":1.3358,"property_match":"MATCHED","property_match_confidence":"HIGH","street":"LOR 4 TOA PAYOH","residential":"N","year_completed":2001,"building_age_2026":25,"max_floor_lvl":1,"total_dwelling_units":0,"small_flat_share_pct":null,"rental_share_pct":null,"footprint_area_m2":104.7,"estimated_residents_2026":0.0,"estimated_elderly_65plus_2026":0.0,"estimated_elderly_share_pct":null,"elderly_exposure_score":null,"elderly_exposure_class":null,"estimate_confidence":"HIGH","display_name":"Block 62A"},"geometry":{"type":"Polygon","coordinates":[[[103.850814,1.335783],[103.850864,1.335798],[103.850879,1.335836],[103.850864,1.335873],[103.850828,1.33589],[103.850814,1.335889],[103.850762,1.335836],[103.850814,1.335783]]]}},{"type":"Feature","properties":{"block_id":"90","blk_no":"62B","postal_code":"312062","region_id":"CR","region":"CENTRAL REGION","planning_area_id":"TP","planning_area":"TOA PAYOH","subzone_id":"TPSZ04","subzone":"BOON TECK","lon":103.8513,"lat":1.3358,"property_match":"MATCHED","property_match_confidence":"HIGH","street":"LOR 4 TOA PAYOH","residential":"Y","year_completed":2001,"building_age_2026":25,"max_floor_lvl":15,"total_dwelling_units":155,"small_flat_share_pct":100.0,"rental_share_pct":0.0,"footprint_area_m2":897.0,"estimated_residents_2026":317.4,"estimated_elderly_65plus_2026":91.5,"estimated_elderly_share_pct":28.83,"elderly_exposure_score":83.4,"elderly_exposure_class":"VERY HIGH","estimate_confidence":"HIGH","display_name":"Block 62B"},"geometry":{"type":"Polygon","coordinates":[[[103.851051,1.335814],[103.851047,1.335767],[103.851106,1.335769],[103.851106,1.335733],[103.85113,1.335733],[103.85113,1.335774],[103.85114,1.335774],[103.851147,1.335733],[103.851249,1.335726],[103.851246,1.335773],[103.851257,1.335773],[103.851257,1.335793],[103.8513,1.335793],[103.8513,1.335773],[103.851311,1.335773],[103.851308,1.335726],[103.85141,1.335733],[103.851417,1.335774],[103.851427,1.335774],[103.851427,1.335733],[103.851447,1.335732],[103.851451,1.335769],[103.85151,1.335766],[103.851506,1.335813],[103.851518,1.335813],[103.851518,1.335858],[103.851506,1.335858],[103.85151,1.335905],[103.85144,1.335905],[103.851443,1.335952],[103.851327,1.335952],[103.85133,1.335905],[103.851319,1.335905],[103.851319,1.335884],[103.851306,1.335884],[103.851306,1.335947],[103.851281,1.335947],[103.851281,1.335913],[103.851227,1.335905],[103.85123,1.335952],[103.851114,1.335952],[103.851117,1.335905],[103.851047,1.335905],[103.851051,1.335858],[103.851039,1.335858],[103.851039,1.335814],[103.851051,1.335814]],[[103.851219,1.335812],[103.851138,1.335812],[103.851123,1.335828],[103.851123,1.33585],[103.851141,1.335866],[103.851221,1.335865],[103.851237,1.33585],[103.851237,1.335828],[103.851219,1.335812]],[[103.851416,1.335812],[103.851336,1.335812],[103.85132,1.335828],[103.85132,1.33585],[103.851338,1.335866],[103.851419,1.335865],[103.851434,1.33585],[103.851434,1.335828],[103.851416,1.335812]]]}},{"type":"Feature","properties":{"block_id":"7359","blk_no":"63","postal_code":"310063","region_id":"CR","region":"CENTRAL REGION","planning_area_id":"TP","planning_area":"TOA PAYOH","subzone_id":"TPSZ04","subzone":"BOON TECK","lon":103.8522,"lat":1.3359,"property_match":"MATCHED","property_match_confidence":"HIGH","street":"LOR 5 TOA PAYOH","residential":"Y","year_completed":1966,"building_age_2026":60,"max_floor_lvl":12,"total_dwelling_units":237,"small_flat_share_pct":100.0,"rental_share_pct":100.0,"footprint_area_m2":1112.8,"estimated_residents_2026":485.3,"estimated_elderly_65plus_2026":139.9,"estimated_elderly_share_pct":28.83,"elderly_exposure_score":96.2,"elderly_exposure_class":"VERY HIGH","estimate_confidence":"HIGH","display_name":"Block 63"},"geometry":{"type":"Polygon","coordinates":[[[103.852143,1.335548],[103.852239,1.335546],[103.852237,1.335575],[103.852245,1.335575],[103.852245,1.335631],[103.852237,1.335631],[103.852237,1.335658],[103.852245,1.335658],[103.852245,1.335714],[103.852237,1.335714],[103.852245,1.335764],[103.852245,1.335797],[103.852237,1.335797],[103.852245,1.335884],[103.852245,1.335907],[103.852237,1.335907],[103.852237,1.335934],[103.852245,1.335934],[103.852239,1.336102],[103.852174,1.336103],[103.852174,1.336197],[103.851814,1.336197],[103.851814,1.336099],[103.852143,1.336101],[103.852143,1.335548]]]}},{"type":"Feature","properties":{"block_id":"513","blk_no":"64","postal_code":"310064","region_id":"CR","region":"CENTRAL REGION","planning_area_id":"TP","planning_area":"TOA PAYOH","subzone_id":"TPSZ04","subzone":"BOON TECK","lon":103.8526,"lat":1.336,"property_match":"MATCHED","property_match_confidence":"HIGH","street":"LOR 5 TOA PAYOH","residential":"Y","year_completed":1966,"building_age_2026":60,"max_floor_lvl":12,"total_dwelling_units":239,"small_flat_share_pct":100.0,"rental_share_pct":100.0,"footprint_area_m2":1115.1,"estimated_residents_2026":489.4,"estimated_elderly_65plus_2026":141.1,"estimated_elderly_share_pct":28.83,"elderly_exposure_score":96.4,"elderly_exposure_class":"VERY HIGH","estimate_confidence":"HIGH","display_name":"Block 64"},"geometry":{"type":"Polygon","coordinates":[[[103.852568,1.335823],[103.852574,1.335739],[103.852638,1.335738],[103.852638,1.335643],[103.852999,1.335643],[103.852999,1.335742],[103.85267,1.335739],[103.852672,1.336295],[103.852574,1.336294],[103.852568,1.336043],[103.852576,1.336043],[103.852576,1.335989],[103.852568,1.335989],[103.852568,1.335966],[103.852576,1.335906],[103.852568,1.335906],[103.852568,1.335874],[103.852576,1.335823],[103.852568,1.335823]]]}},{"type":"Feature","properties":{"block_id":"7691","blk_no":"66","postal_code":"310066","region_id":"CR","region":"CENTRAL REGION","planning_area_id":"TP","planning_area":"TOA PAYOH","subzone_id":"TPSZ04","subzone":"BOON TECK","lon":103.8518,"lat":1.335,"property_match":"MATCHED","property_match_confidence":"HIGH","street":"LOR 4 TOA PAYOH","residential":"Y","year_completed":1968,"building_age_2026":58,"max_floor_lvl":12,"total_dwelling_units":140,"small_flat_share_pct":97.14,"rental_share_pct":0.0,"footprint_area_m2":1394.4,"estimated_residents_2026":284.2,"estimated_elderly_65plus_2026":86.1,"estimated_elderly_share_pct":30.28,"elderly_exposure_score":80.0,"elderly_exposure_class":"HIGH","estimate_confidence":"HIGH","display_name":"Block 66"},"geometry":{"type":"Polygon","coordinates":[[[103.851358,1.334956],[103.85191,1.334956],[103.851898,1.3349],[103.851912,1.334882],[103.851947,1.334874],[103.851994,1.3349],[103.852006,1.334956],[103.852187,1.334956],[103.852189,1.335068],[103.852166,1.335068],[103.852166,1.3351],[103.852143,1.3351],[103.852143,1.335074],[103.852119,1.335075],[103.852119,1.3351],[103.852096,1.3351],[103.852096,1.335067],[103.852056,1.335067],[103.852056,1.3351],[103.852033,1.3351],[103.852033,1.335075],[103.852009,1.335075],[103.852009,1.3351],[103.851986,1.3351],[103.851986,1.335067],[103.851966,1.335067],[103.851966,1.335047],[103.85194,1.335047],[103.85194,1.335067],[103.85192,1.335067],[103.85192,1.335101],[103.851897,1.335101],[103.851897,1.335075],[103.851873,1.335075],[103.851873,1.335101],[103.85185,1.335101],[103.85185,1.335068],[103.85181,1.335068],[103.85181,1.335101],[103.851787,1.335101],[103.851787,1.335075],[103.851763,1.335075],[103.851763,1.335101],[103.85174,1.335101],[103.85174,1.335067],[103.8517,1.335067],[103.8517,1.335101],[103.851677,1.335101],[103.851677,1.335076],[103.851653,1.335076],[103.851653,1.335101],[103.85163,1.335101],[103.85163,1.335068],[103.851582,1.335076],[103.851582,1.335068],[103.851563,1.335068],[103.851563,1.335101],[103.85154,1.335101],[103.85154,1.335075],[103.851516,1.335075],[103.851516,1.335101],[103.851493,1.335101],[103.851493,1.335068],[103.851454,1.335068],[103.851454,1.335101],[103.851431,1.335101],[103.851431,1.335075],[103.851406,1.335075],[103.851406,1.3351],[103.851381,1.3351],[103.851381,1.335074],[103.851336,1.335067],[103.851336,1.335022],[103.851358,1.335022],[103.851358,1.334998],[103.85134,1.334998],[103.85134,1.334984],[103.851358,1.334984],[103.851358,1.334956]]]}},{"type":"Feature","properties":{"block_id":"2403","blk_no":"68","postal_code":"310068","region_id":"CR","region":"CENTRAL REGION","planning_area_id":"TP","planning_area":"TOA PAYOH","subzone_id":"TPSZ04","subzone":"BOON TECK","lon":103.8531,"lat":1.3346,"property_match":"MATCHED","property_match_confidence":"HIGH","street":"LOR 5 TOA PAYOH","residential":"Y","year_completed":1966,"building_age_2026":60,"max_floor_lvl":12,"total_dwelling_units":240,"small_flat_share_pct":100.0,"rental_share_pct":100.0,"footprint_area_m2":1137.4,"estimated_residents_2026":491.0,"estimated_elderly_65plus_2026":142.0,"estimated_elderly_share_pct":28.93,"elderly_exposure_score":96.6,"elderly_exposure_class":"VERY HIGH","estimate_confidence":"HIGH","display_name":"Block 68"},"geometry":{"type":"Polygon","coordinates":[[[103.852826,1.334756],[103.853099,1.334755],[103.853099,1.334674],[103.85306,1.334674],[103.853062,1.334645],[103.853054,1.334645],[103.853062,1.334563],[103.853055,1.334563],[103.853055,1.334505],[103.853062,1.334505],[103.853063,1.334479],[103.853054,1.334479],[103.853055,1.334422],[103.853063,1.334422],[103.85306,1.334394],[103.853158,1.334394],[103.853156,1.334756],[103.853431,1.334753],[103.853431,1.334852],[103.853181,1.334857],[103.853181,1.334849],[103.853155,1.334849],[103.853155,1.334858],[103.853099,1.334857],[103.853099,1.334849],[103.853074,1.334849],[103.853074,1.334857],[103.853017,1.334857],[103.853017,1.334849],[103.852991,1.334849],[103.852991,1.334857],[103.852934,1.334857],[103.852934,1.334849],[103.852909,1.334849],[103.852909,1.334857],[103.852852,1.334857],[103.852852,1.334849],[103.852824,1.334851],[103.852826,1.334756]]]}},{"type":"Feature","properties":{"block_id":"490","blk_no":"69","postal_code":"310069","region_id":"CR","region":"CENTRAL REGION","planning_area_id":"TP","planning_area":"TOA PAYOH","subzone_id":"TPSZ04","subzone":"BOON TECK","lon":103.8527,"lat":1.3342,"property_match":"MATCHED","property_match_confidence":"HIGH","street":"LOR 4 TOA PAYOH","residential":"Y","year_completed":1968,"building_age_2026":58,"max_floor_lvl":12,"total_dwelling_units":90,"small_flat_share_pct":100.0,"rental_share_pct":0.0,"footprint_area_m2":959.3,"estimated_residents_2026":180.0,"estimated_elderly_65plus_2026":55.7,"estimated_elderly_share_pct":30.94,"elderly_exposure_score":48.3,"elderly_exposure_class":"MODERATE","estimate_confidence":"HIGH","display_name":"Block 69"},"geometry":{"type":"Polygon","coordinates":[[[103.852651,1.334137],[103.852615,1.334148],[103.852592,1.33414],[103.852575,1.334101],[103.852584,1.33407],[103.852607,1.334044],[103.852653,1.334039],[103.852653,1.33391],[103.852763,1.333908],[103.852763,1.333931],[103.852797,1.333931],[103.852797,1.333954],[103.852771,1.333954],[103.852771,1.333979],[103.852796,1.333979],[103.852796,1.334002],[103.852763,1.334002],[103.852763,1.334042],[103.852796,1.334042],[103.852796,1.334065],[103.852771,1.334065],[103.852771,1.334104],[103.852763,1.334104],[103.852763,1.334124],[103.852796,1.334124],[103.852796,1.334147],[103.852771,1.334147],[103.852771,1.334171],[103.852796,1.334171],[103.852796,1.334194],[103.852763,1.334194],[103.852763,1.334234],[103.852796,1.334234],[103.852796,1.334257],[103.852771,1.334257],[103.852771,1.334282],[103.852796,1.334282],[103.852796,1.334305],[103.852763,1.334305],[103.852763,1.334345],[103.852796,1.334345],[103.852796,1.334368],[103.852771,1.334368],[103.852771,1.334392],[103.852796,1.334392],[103.852796,1.334415],[103.852763,1.334415],[103.852763,1.334438],[103.852778,1.334438],[103.852778,1.334472],[103.852676,1.334465],[103.852676,1.334482],[103.852668,1.334482],[103.852668,1.334465],[103.852651,1.334465],[103.852651,1.334137]]]}},{"type":"Feature","properties":{"block_id":"6179","blk_no":"70","postal_code":"310070","region_id":"CR","region":"CENTRAL REGION","planning_area_id":"TP","planning_area":"TOA PAYOH","subzone_id":"TPSZ04","subzone":"BOON TECK","lon":103.8523,"lat":1.3347,"property_match":"MATCHED","property_match_confidence":"HIGH","street":"LOR 4 TOA PAYOH","residential":"Y","year_completed":1968,"building_age_2026":58,"max_floor_lvl":4,"total_dwelling_units":26,"small_flat_share_pct":100.0,"rental_share_pct":0.0,"footprint_area_m2":1358.5,"estimated_residents_2026":52.0,"estimated_elderly_65plus_2026":16.1,"estimated_elderly_share_pct":30.94,"elderly_exposure_score":7.7,"elderly_exposure_class":"VERY LOW","estimate_confidence":"HIGH","display_name":"Block 70"},"geometry":{"type":"Polygon","coordinates":[[[103.852592,1.334369],[103.852591,1.334501],[103.85254,1.334488],[103.85254,1.334521],[103.852517,1.334521],[103.852517,1.334496],[103.852493,1.334496],[103.852493,1.334521],[103.85247,1.334521],[103.85247,1.334487],[103.85243,1.334487],[103.85243,1.334521],[103.852407,1.334521],[103.852407,1.334496],[103.852383,1.334496],[103.852383,1.334521],[103.85236,1.334521],[103.85236,1.334487],[103.852345,1.334487],[103.852337,1.334528],[103.852315,1.334528],[103.852315,1.334543],[103.852365,1.334543],[103.852364,1.334564],[103.852397,1.334564],[103.852398,1.334587],[103.852372,1.334587],[103.852372,1.334612],[103.852398,1.334612],[103.852398,1.334635],[103.852364,1.334635],[103.852364,1.334675],[103.852398,1.334674],[103.852398,1.334698],[103.852372,1.334698],[103.852372,1.334722],[103.852398,1.334722],[103.852398,1.334745],[103.852364,1.334745],[103.852364,1.334785],[103.852398,1.334785],[103.852398,1.334808],[103.852373,1.334808],[103.852373,1.334832],[103.852398,1.334832],[103.852398,1.334855],[103.852365,1.334856],[103.852365,1.334895],[103.852398,1.334895],[103.852398,1.334918],[103.852373,1.334918],[103.852373,1.334943],[103.852398,1.334943],[103.852398,1.334966],[103.852366,1.334966],[103.852366,1.334989],[103.852319,1.334989],[103.852319,1.335018],[103.852247,1.335017],[103.852248,1.334369],[103.852592,1.334369]]]}},{"type":"Feature","properties":{"block_id":"8153","blk_no":"71","postal_code":"310071","region_id":"CR","region":"CENTRAL REGION","planning_area_id":"TP","planning_area":"TOA PAYOH","subzone_id":"TPSZ04","subzone":"BOON TECK","lon":103.8525,"lat":1.3341,"property_match":"MATCHED","property_match_confidence":"HIGH","street":"LOR 4 TOA PAYOH","residential":"Y","year_completed":1968,"building_age_2026":58,"max_floor_lvl":4,"total_dwelling_units":25,"small_flat_share_pct":96.0,"rental_share_pct":0.0,"footprint_area_m2":1261.7,"estimated_residents_2026":51.0,"estimated_elderly_65plus_2026":15.3,"estimated_elderly_share_pct":30.02,"elderly_exposure_score":7.3,"elderly_exposure_class":"VERY LOW","estimate_confidence":"HIGH","display_name":"Block 71"},"geometry":{"type":"Polygon","coordinates":[[[103.851882,1.334238],[103.851882,1.334106],[103.851914,1.334106],[103.851914,1.334119],[103.851942,1.334119],[103.851942,1.334111],[103.852271,1.334119],[103.852271,1.334111],[103.852326,1.334111],[103.852326,1.334119],[103.852354,1.334119],[103.852354,1.334169],[103.852402,1.334169],[103.852402,1.334139],[103.85241,1.334139],[103.85241,1.334116],[103.852402,1.334116],[103.852409,1.33392],[103.852455,1.33392],[103.852455,1.333891],[103.852528,1.333891],[103.852528,1.334237],[103.851882,1.334238]]]}},{"type":"Feature","properties":{"block_id":"5488","blk_no":"72","postal_code":"310072","region_id":"CR","region":"CENTRAL REGION","planning_area_id":"TP","planning_area":"TOA PAYOH","subzone_id":"TPSZ04","subzone":"BOON TECK","lon":103.8521,"lat":1.3339,"property_match":"MATCHED","property_match_confidence":"HIGH","street":"LOR 5 TOA PAYOH","residential":"Y","year_completed":1968,"building_age_2026":58,"max_floor_lvl":4,"total_dwelling_units":12,"small_flat_share_pct":100.0,"rental_share_pct":0.0,"footprint_area_m2":610.7,"estimated_residents_2026":24.0,"estimated_elderly_65plus_2026":7.4,"estimated_elderly_share_pct":30.94,"elderly_exposure_score":2.3,"elderly_exposure_class":"VERY LOW","estimate_confidence":"HIGH","display_name":"Block 72"},"geometry":{"type":"Polygon","coordinates":[[[103.851882,1.333812],[103.852275,1.333812],[103.852275,1.333881],[103.852247,1.333881],[103.852247,1.333928],[103.852224,1.333928],[103.852224,1.333961],[103.852201,1.333961],[103.852201,1.333935],[103.852177,1.333935],[103.852177,1.333961],[103.852154,1.333961],[103.852154,1.333927],[103.852114,1.333927],[103.852114,1.333961],[103.852091,1.333961],[103.852091,1.333935],[103.852067,1.333935],[103.852067,1.333961],[103.852044,1.333961],[103.852044,1.333927],[103.852005,1.333927],[103.852005,1.333961],[103.851982,1.333961],[103.851982,1.333935],[103.851958,1.333935],[103.851958,1.333961],[103.851934,1.333961],[103.851934,1.333927],[103.851911,1.333927],[103.851911,1.333941],[103.851882,1.333941],[103.851882,1.333812]]]}},{"type":"Feature","properties":{"block_id":"3224","blk_no":"73","postal_code":"310073","region_id":"CR","region":"CENTRAL REGION","planning_area_id":"TP","planning_area":"TOA PAYOH","subzone_id":"TPSZ04","subzone":"BOON TECK","lon":103.8517,"lat":1.3343,"property_match":"MATCHED","property_match_confidence":"HIGH","street":"LOR 4 TOA PAYOH","residential":"Y","year_completed":1968,"building_age_2026":58,"max_floor_lvl":12,"total_dwelling_units":151,"small_flat_share_pct":98.01,"rental_share_pct":0.0,"footprint_area_m2":1812.6,"estimated_residents_2026":305.1,"estimated_elderly_65plus_2026":93.0,"estimated_elderly_share_pct":30.48,"elderly_exposure_score":84.3,"elderly_exposure_class":"VERY HIGH","estimate_confidence":"HIGH","display_name":"Block 73"},"geometry":{"type":"Polygon","coordinates":[[[103.851801,1.333867],[103.851802,1.334737],[103.851637,1.334737],[103.851636,1.334541],[103.851613,1.334553],[103.851588,1.334546],[103.851565,1.334518],[103.851558,1.334482],[103.851569,1.334455],[103.851589,1.334442],[103.851638,1.334457],[103.851638,1.333902],[103.851667,1.333902],[103.851667,1.333889],[103.851676,1.333898],[103.851722,1.333898],[103.851722,1.333868],[103.851801,1.333867]]]}},{"type":"Feature","properties":{"block_id":"4477","blk_no":"73A","postal_code":"311073","region_id":"CR","region":"CENTRAL REGION","planning_area_id":"TP","planning_area":"TOA PAYOH","subzone_id":"TPSZ04","subzone":"BOON TECK","lon":103.8517,"lat":1.3338,"property_match":"MATCHED","property_match_confidence":"HIGH","street":"LOR 4 TOA PAYOH","residential":"N","year_completed":2002,"building_age_2026":24,"max_floor_lvl":1,"total_dwelling_units":0,"small_flat_share_pct":null,"rental_share_pct":null,"footprint_area_m2":282.7,"estimated_residents_2026":0.0,"estimated_elderly_65plus_2026":0.0,"estimated_elderly_share_pct":null,"elderly_exposure_score":null,"elderly_exposure_class":null,"estimate_confidence":"HIGH","display_name":"Block 73A"},"geometry":{"type":"Polygon","coordinates":[[[103.851868,1.333833],[103.851855,1.333786],[103.851823,1.33377],[103.851808,1.333779],[103.851799,1.333804],[103.851814,1.333852],[103.851641,1.333852],[103.851641,1.333736],[103.851881,1.333736],[103.851883,1.333833],[103.851868,1.333833]]]}},{"type":"Feature","properties":{"block_id":"906","blk_no":"74","postal_code":"310074","region_id":"CR","region":"CENTRAL REGION","planning_area_id":"TP","planning_area":"TOA PAYOH","subzone_id":"TPSZ04","subzone":"BOON TECK","lon":103.852,"lat":1.3345,"property_match":"MATCHED","property_match_confidence":"HIGH","street":"LOR 4 TOA PAYOH","residential":"N","year_completed":2004,"building_age_2026":22,"max_floor_lvl":2,"total_dwelling_units":0,"small_flat_share_pct":null,"rental_share_pct":null,"footprint_area_m2":1746.3,"estimated_residents_2026":0.0,"estimated_elderly_65plus_2026":0.0,"estimated_elderly_share_pct":null,"elderly_exposure_score":null,"elderly_exposure_class":null,"estimate_confidence":"HIGH","display_name":"Block 74"},"geometry":{"type":"Polygon","coordinates":[[[103.852154,1.334819],[103.852056,1.334794],[103.851862,1.334794],[103.851856,1.334729],[103.851866,1.334731],[103.851849,1.334567],[103.851864,1.334571],[103.851849,1.334421],[103.851864,1.334425],[103.851849,1.334275],[103.852016,1.334315],[103.852118,1.334315],[103.852118,1.33434],[103.852154,1.334349],[103.852154,1.33436],[103.852138,1.334356],[103.852142,1.334515],[103.852166,1.334661],[103.852138,1.334654],[103.852154,1.334819]]]}},{"type":"Feature","properties":{"block_id":"344","blk_no":"75","postal_code":"310075","region_id":"CR","region":"CENTRAL REGION","planning_area_id":"TP","planning_area":"TOA PAYOH","subzone_id":"TPSZ04","subzone":"BOON TECK","lon":103.853,"lat":1.336,"property_match":"MATCHED","property_match_confidence":"HIGH","street":"LOR 5 TOA PAYOH","residential":"N","year_completed":2012,"building_age_2026":14,"max_floor_lvl":1,"total_dwelling_units":0,"small_flat_share_pct":null,"rental_share_pct":null,"footprint_area_m2":1169.8,"estimated_residents_2026":0.0,"estimated_elderly_65plus_2026":0.0,"estimated_elderly_share_pct":null,"elderly_exposure_score":null,"elderly_exposure_class":null,"estimate_confidence":"HIGH","display_name":"Block 75"},"geometry":{"type":"Polygon","coordinates":[[[103.852827,1.336293],[103.852703,1.336182],[103.853086,1.335754],[103.853209,1.335864],[103.852827,1.336293]]]}},{"type":"Feature","properties":{"block_id":"8130","blk_no":"100","postal_code":"310100","region_id":"CR","region":"CENTRAL REGION","planning_area_id":"TP","planning_area":"TOA PAYOH","subzone_id":"TPSZ03","subzone":"BRADDELL","lon":103.8486,"lat":1.3396,"property_match":"MATCHED","property_match_confidence":"HIGH","street":"LOR 1 TOA PAYOH","residential":"Y","year_completed":1968,"building_age_2026":58,"max_floor_lvl":16,"total_dwelling_units":192,"small_flat_share_pct":100.0,"rental_share_pct":0.0,"footprint_area_m2":1129.7,"estimated_residents_2026":398.4,"estimated_elderly_65plus_2026":129.6,"estimated_elderly_share_pct":32.53,"elderly_exposure_score":95.0,"elderly_exposure_class":"VERY HIGH","estimate_confidence":"HIGH","display_name":"Block 100"},"geometry":{"type":"Polygon","coordinates":[[[103.848205,1.33959],[103.848172,1.33959],[103.848172,1.339539],[103.848206,1.339539],[103.848206,1.339525],[103.848233,1.339525],[103.848227,1.339483],[103.848248,1.339483],[103.848248,1.339508],[103.848281,1.339509],[103.848281,1.339483],[103.848301,1.339483],[103.848295,1.339526],[103.848323,1.339526],[103.848323,1.339546],[103.848345,1.339546],[103.848345,1.339526],[103.848376,1.339526],[103.848369,1.339483],[103.84839,1.339483],[103.84839,1.339509],[103.848423,1.339509],[103.848423,1.339484],[103.848444,1.339483],[103.848444,1.339509],[103.848484,1.339509],[103.848484,1.339483],[103.848505,1.339483],[103.848505,1.339509],[103.848538,1.339509],[103.848538,1.339483],[103.848559,1.339483],[103.848559,1.339509],[103.848601,1.339509],[103.848601,1.339484],[103.848622,1.339484],[103.848622,1.339509],[103.848655,1.339509],[103.848655,1.339484],[103.848676,1.339484],[103.848676,1.339509],[103.848716,1.339509],[103.848716,1.339484],[103.848737,1.339484],[103.848737,1.339509],[103.84877,1.339509],[103.84877,1.339484],[103.848791,1.339484],[103.848784,1.339527],[103.848865,1.339527],[103.848859,1.339484],[103.848879,1.339484],[103.848879,1.339509],[103.848913,1.339509],[103.848912,1.339484],[103.848933,1.339484],[103.848928,1.339527],[103.848954,1.339526],[103.848954,1.33954],[103.848988,1.33954],[103.848988,1.339591],[103.848954,1.339591],[103.848954,1.339621],[103.848845,1.339622],[103.848841,1.339673],[103.848809,1.339673],[103.848804,1.339622],[103.848206,1.339621],[103.848205,1.33959]]]}},{"type":"Feature","properties":{"block_id":"4529","blk_no":"101A","postal_code":"310101","region_id":"CR","region":"CENTRAL REGION","planning_area_id":"TP","planning_area":"TOA PAYOH","subzone_id":"TPSZ03","subzone":"BRADDELL","lon":103.8473,"lat":1.3397,"property_match":"MATCHED","property_match_confidence":"HIGH","street":"LOR 2 TOA PAYOH","residential":"Y","year_completed":1992,"building_age_2026":34,"max_floor_lvl":17,"total_dwelling_units":64,"small_flat_share_pct":0.0,"rental_share_pct":0.0,"footprint_area_m2":832.5,"estimated_residents_2026":202.7,"estimated_elderly_65plus_2026":63.1,"estimated_elderly_share_pct":31.14,"elderly_exposure_score":57.7,"elderly_exposure_class":"MODERATE","estimate_confidence":"HIGH","display_name":"Block 101A"},"geometry":{"type":"Polygon","coordinates":[[[103.847448,1.339811],[103.847206,1.339905],[103.847189,1.33986],[103.84717,1.339852],[103.847178,1.339833],[103.847148,1.339755],[103.847113,1.339769],[103.847105,1.339748],[103.847087,1.33974],[103.847095,1.339721],[103.847077,1.339676],[103.847327,1.339578],[103.847345,1.339623],[103.847363,1.339631],[103.847355,1.33965],[103.847385,1.339727],[103.847412,1.339716],[103.847448,1.339811]]]}},{"type":"Feature","properties":{"block_id":"74","blk_no":"101B","postal_code":"311101","region_id":"CR","region":"CENTRAL REGION","planning_area_id":"TP","planning_area":"TOA PAYOH","subzone_id":"TPSZ03","subzone":"BRADDELL","lon":103.8477,"lat":1.3396,"property_match":"MATCHED","property_match_confidence":"HIGH","street":"LOR 2 TOA PAYOH","residential":"Y","year_completed":1992,"building_age_2026":34,"max_floor_lvl":13,"total_dwelling_units":48,"small_flat_share_pct":0.0,"rental_share_pct":0.0,"footprint_area_m2":801.9,"estimated_residents_2026":152.0,"estimated_elderly_65plus_2026":47.3,"estimated_elderly_share_pct":31.14,"elderly_exposure_score":37.7,"elderly_exposure_class":"LOW","estimate_confidence":"HIGH","display_name":"Block 101B"},"geometry":{"type":"Polygon","coordinates":[[[103.847678,1.33936],[103.847678,1.339503],[103.847769,1.339503],[103.847769,1.339597],[103.84767,1.339597],[103.84767,1.339733],[103.847451,1.339818],[103.847412,1.339716],[103.847573,1.339653],[103.847573,1.33936],[103.847678,1.33936]]]}},{"type":"Feature","properties":{"block_id":"8649","blk_no":"101C","postal_code":"312101","region_id":"CR","region":"CENTRAL REGION","planning_area_id":"TP","planning_area":"TOA PAYOH","subzone_id":"TPSZ03","subzone":"BRADDELL","lon":103.8471,"lat":1.3393,"property_match":"MATCHED","property_match_confidence":"HIGH","street":"LOR 2 TOA PAYOH","residential":"N","year_completed":1992,"building_age_2026":34,"max_floor_lvl":4,"total_dwelling_units":0,"small_flat_share_pct":null,"rental_share_pct":null,"footprint_area_m2":1848.2,"estimated_residents_2026":0.0,"estimated_elderly_65plus_2026":0.0,"estimated_elderly_share_pct":null,"elderly_exposure_score":null,"elderly_exposure_class":null,"estimate_confidence":"HIGH","display_name":"Block 101C"},"geometry":{"type":"Polygon","coordinates":[[[103.847093,1.338955],[103.84729,1.339465],[103.847034,1.339565],[103.846837,1.339055],[103.847093,1.338955]]]}},{"type":"Feature","properties":{"block_id":"4210","blk_no":"103","postal_code":"310103","region_id":"CR","region":"CENTRAL REGION","planning_area_id":"TP","planning_area":"TOA PAYOH","subzone_id":"TPSZ03","subzone":"BRADDELL","lon":103.8482,"lat":1.3401,"property_match":"MATCHED","property_match_confidence":"HIGH","street":"LOR 1 TOA PAYOH","residential":"Y","year_completed":1967,"building_age_2026":59,"max_floor_lvl":10,"total_dwelling_units":159,"small_flat_share_pct":100.0,"rental_share_pct":100.0,"footprint_area_m2":904.6,"estimated_residents_2026":377.6,"estimated_elderly_65plus_2026":84.5,"estimated_elderly_share_pct":22.37,"elderly_exposure_score":78.6,"elderly_exposure_class":"HIGH","estimate_confidence":"HIGH","display_name":"Block 103"},"geometry":{"type":"Polygon","coordinates":[[[103.848448,1.340014],[103.848448,1.340062],[103.84853,1.340062],[103.84853,1.340089],[103.848561,1.34009],[103.848561,1.340141],[103.84853,1.340141],[103.848528,1.340164],[103.848472,1.340154],[103.848472,1.340163],[103.848444,1.340163],[103.848444,1.340154],[103.848418,1.340154],[103.848418,1.340163],[103.848362,1.340154],[103.848362,1.340162],[103.848307,1.340163],[103.848307,1.340154],[103.84828,1.340154],[103.84828,1.340163],[103.848226,1.340163],[103.848226,1.340154],[103.848198,1.340154],[103.848198,1.340163],[103.848142,1.340164],[103.848142,1.340154],[103.84806,1.340164],[103.84806,1.340154],[103.848033,1.340154],[103.848033,1.340163],[103.847981,1.340162],[103.847981,1.340154],[103.847923,1.340163],[103.847923,1.340154],[103.847898,1.340154],[103.847898,1.340163],[103.847869,1.340164],[103.847869,1.340154],[103.847841,1.340154],[103.847841,1.340163],[103.847813,1.340163],[103.847813,1.340061],[103.848417,1.340062],[103.848416,1.340015],[103.848448,1.340014]]]}},{"type":"Feature","properties":{"block_id":"4225","blk_no":"104","postal_code":"310104","region_id":"CR","region":"CENTRAL REGION","planning_area_id":"TP","planning_area":"TOA PAYOH","subzone_id":"TPSZ03","subzone":"BRADDELL","lon":103.8491,"lat":1.3401,"property_match":"MATCHED","property_match_confidence":"HIGH","street":"LOR 1 TOA PAYOH","residential":"Y","year_completed":1967,"building_age_2026":59,"max_floor_lvl":10,"total_dwelling_units":160,"small_flat_share_pct":100.0,"rental_share_pct":100.0,"footprint_area_m2":892.6,"estimated_residents_2026":380.0,"estimated_elderly_65plus_2026":85.0,"estimated_elderly_share_pct":22.37,"elderly_exposure_score":79.0,"elderly_exposure_class":"HIGH","estimate_confidence":"HIGH","display_name":"Block 104"},"geometry":{"type":"Polygon","coordinates":[[[103.849407,1.340152],[103.849407,1.340162],[103.849379,1.340162],[103.849379,1.340146],[103.849354,1.340146],[103.849354,1.340162],[103.849325,1.340163],[103.849325,1.340152],[103.849299,1.340152],[103.849299,1.340163],[103.849243,1.340163],[103.849243,1.340152],[103.849216,1.340152],[103.849216,1.340162],[103.849161,1.340163],[103.849161,1.340152],[103.849134,1.340152],[103.849134,1.340163],[103.849078,1.340163],[103.849078,1.340152],[103.849051,1.340153],[103.849051,1.340163],[103.848995,1.340162],[103.848995,1.340153],[103.848968,1.340153],[103.848968,1.340163],[103.848914,1.340163],[103.848914,1.340153],[103.848858,1.340163],[103.848858,1.340148],[103.848832,1.340148],[103.848832,1.340163],[103.848803,1.340163],[103.848803,1.340153],[103.848748,1.340163],[103.848747,1.340062],[103.848829,1.340061],[103.848829,1.340015],[103.84886,1.340014],[103.84886,1.340062],[103.849463,1.340062],[103.849464,1.34009],[103.849495,1.34009],[103.849495,1.340141],[103.849464,1.340141],[103.849463,1.340163],[103.849407,1.340152]]]}},{"type":"Feature","properties":{"block_id":"5952","blk_no":"105","postal_code":"310105","region_id":"CR","region":"CENTRAL REGION","planning_area_id":"TP","planning_area":"TOA PAYOH","subzone_id":"TPSZ03","subzone":"BRADDELL","lon":103.8491,"lat":1.3404,"property_match":"MATCHED","property_match_confidence":"HIGH","street":"LOR 1 TOA PAYOH","residential":"Y","year_completed":1967,"building_age_2026":59,"max_floor_lvl":10,"total_dwelling_units":160,"small_flat_share_pct":100.0,"rental_share_pct":100.0,"footprint_area_m2":895.3,"estimated_residents_2026":380.0,"estimated_elderly_65plus_2026":85.0,"estimated_elderly_share_pct":22.37,"elderly_exposure_score":79.0,"elderly_exposure_class":"HIGH","estimate_confidence":"HIGH","display_name":"Block 105"},"geometry":{"type":"Polygon","coordinates":[[[103.848747,1.34047],[103.848748,1.340368],[103.848777,1.340368],[103.848777,1.34038],[103.848832,1.340369],[103.848832,1.340385],[103.848858,1.340385],[103.848858,1.340368],[103.848886,1.340369],[103.848886,1.340379],[103.848913,1.340379],[103.848913,1.340368],[103.848968,1.340368],[103.848968,1.340379],[103.848995,1.340379],[103.848995,1.340369],[103.849051,1.340369],[103.849051,1.340379],[103.849078,1.340379],[103.849078,1.340369],[103.849135,1.340369],[103.849135,1.340379],[103.84916,1.340379],[103.84916,1.340369],[103.849243,1.340379],[103.849243,1.34037],[103.849298,1.340368],[103.849298,1.340379],[103.849325,1.340378],[103.849325,1.340369],[103.849354,1.340368],[103.849354,1.340384],[103.849379,1.340384],[103.849379,1.340369],[103.849435,1.340378],[103.849435,1.340368],[103.849463,1.340368],[103.849464,1.34039],[103.849495,1.340391],[103.849495,1.340446],[103.849464,1.340446],[103.849464,1.34047],[103.84886,1.34047],[103.84886,1.340517],[103.848829,1.340517],[103.848829,1.340471],[103.848747,1.34047]]]}},{"type":"Feature","properties":{"block_id":"8165","blk_no":"106","postal_code":"310106","region_id":"CR","region":"CENTRAL REGION","planning_area_id":"TP","planning_area":"TOA PAYOH","subzone_id":"TPSZ03","subzone":"BRADDELL","lon":103.8482,"lat":1.3404,"property_match":"MATCHED","property_match_confidence":"HIGH","street":"LOR 1 TOA PAYOH","residential":"Y","year_completed":1967,"building_age_2026":59,"max_floor_lvl":10,"total_dwelling_units":158,"small_flat_share_pct":100.0,"rental_share_pct":100.0,"footprint_area_m2":899.4,"estimated_residents_2026":375.2,"estimated_elderly_65plus_2026":83.9,"estimated_elderly_share_pct":22.37,"elderly_exposure_score":78.4,"elderly_exposure_class":"HIGH","estimate_confidence":"HIGH","display_name":"Block 106"},"geometry":{"type":"Polygon","coordinates":[[[103.848448,1.340517],[103.848416,1.340516],[103.848416,1.34047],[103.847813,1.340469],[103.847814,1.340368],[103.847844,1.340368],[103.847844,1.340378],[103.847898,1.340368],[103.847898,1.340378],[103.847924,1.340378],[103.847924,1.340369],[103.847954,1.340369],[103.847954,1.340378],[103.847979,1.340378],[103.847979,1.340368],[103.848034,1.340369],[103.848034,1.340378],[103.848062,1.340378],[103.848061,1.340368],[103.848116,1.340369],[103.848116,1.340378],[103.848144,1.340378],[103.848144,1.340369],[103.848227,1.340378],[103.848227,1.340368],[103.84831,1.340378],[103.84831,1.340367],[103.848363,1.340368],[103.848363,1.340377],[103.848391,1.340377],[103.848391,1.340368],[103.848419,1.340368],[103.848419,1.340377],[103.848445,1.340377],[103.848445,1.340368],[103.8485,1.340377],[103.8485,1.340368],[103.848529,1.340368],[103.848529,1.340391],[103.848562,1.340391],[103.848562,1.340441],[103.848529,1.340441],[103.848529,1.34047],[103.848448,1.34047],[103.848448,1.340517]]]}},{"type":"Feature","properties":{"block_id":"7920","blk_no":"106A","postal_code":"311106","region_id":"CR","region":"CENTRAL REGION","planning_area_id":"TP","planning_area":"TOA PAYOH","subzone_id":"TPSZ03","subzone":"BRADDELL","lon":103.8479,"lat":1.3406,"property_match":"MATCHED","property_match_confidence":"HIGH","street":"LOR 1 TOA PAYOH","residential":"N","year_completed":2005,"building_age_2026":21,"max_floor_lvl":1,"total_dwelling_units":0,"small_flat_share_pct":null,"rental_share_pct":null,"footprint_area_m2":198.7,"estimated_residents_2026":0.0,"estimated_elderly_65plus_2026":0.0,"estimated_elderly_share_pct":null,"elderly_exposure_score":null,"elderly_exposure_class":null,"estimate_confidence":"HIGH","display_name":"Block 106A"},"geometry":{"type":"Polygon","coordinates":[[[103.848017,1.34052],[103.848031,1.340609],[103.847853,1.340638],[103.847839,1.340549],[103.848017,1.34052]]]}},{"type":"Feature","properties":{"block_id":"5517","blk_no":"199","postal_code":"310199","region_id":"CR","region":"CENTRAL REGION","planning_area_id":"TP","planning_area":"TOA PAYOH","subzone_id":"TPSZ03","subzone":"BRADDELL","lon":103.8506,"lat":1.342,"property_match":"MATCHED","property_match_confidence":"HIGH","street":"TOA PAYOH NTH","residential":"Y","year_completed":1972,"building_age_2026":54,"max_floor_lvl":12,"total_dwelling_units":172,"small_flat_share_pct":97.67,"rental_share_pct":0.0,"footprint_area_m2":1309.1,"estimated_residents_2026":361.3,"estimated_elderly_65plus_2026":117.3,"estimated_elderly_share_pct":32.48,"elderly_exposure_score":92.7,"elderly_exposure_class":"VERY HIGH","estimate_confidence":"HIGH","display_name":"Block 199"},"geometry":{"type":"Polygon","coordinates":[[[103.8502,1.341943],[103.850222,1.341943],[103.850222,1.341968],[103.850253,1.341968],[103.850253,1.341943],[103.850275,1.341943],[103.850281,1.34199],[103.850307,1.341989],[103.850309,1.341943],[103.850331,1.341943],[103.850331,1.341968],[103.850362,1.341968],[103.850362,1.341943],[103.850384,1.341943],[103.85039,1.341989],[103.850443,1.341989],[103.850448,1.341943],[103.850468,1.341943],[103.850468,1.341967],[103.850499,1.341967],[103.850499,1.341943],[103.850521,1.341943],[103.850527,1.34199],[103.850553,1.34199],[103.850556,1.341943],[103.850578,1.341943],[103.850578,1.341967],[103.850609,1.341967],[103.850609,1.341943],[103.850631,1.341943],[103.850636,1.34199],[103.850665,1.34199],[103.850668,1.341943],[103.85069,1.341943],[103.850689,1.341967],[103.850721,1.341967],[103.850721,1.341943],[103.850743,1.341943],[103.850748,1.34199],[103.850774,1.34199],[103.850777,1.341943],[103.850799,1.341943],[103.850799,1.341967],[103.85083,1.341967],[103.85083,1.341943],[103.850852,1.341943],[103.850857,1.341989],[103.850911,1.341989],[103.850914,1.341943],[103.850936,1.341943],[103.850936,1.341967],[103.850967,1.341967],[103.850967,1.341943],[103.850989,1.341944],[103.850994,1.341989],[103.851021,1.341989],[103.851024,1.341944],[103.851046,1.341944],[103.851046,1.341967],[103.851077,1.341967],[103.851077,1.341943],[103.851099,1.341943],[103.851103,1.341989],[103.851117,1.341989],[103.851117,1.342077],[103.850431,1.342077],[103.850432,1.342124],[103.8504,1.342124],[103.8504,1.342077],[103.850181,1.342077],[103.850181,1.34199],[103.850197,1.34199],[103.8502,1.341943]]]}},{"type":"Feature","properties":{"block_id":"8113","blk_no":"200","postal_code":"310200","region_id":"CR","region":"CENTRAL REGION","planning_area_id":"TP","planning_area":"TOA PAYOH","subzone_id":"TPSZ03","subzone":"BRADDELL","lon":103.8511,"lat":1.3414,"property_match":"MATCHED","property_match_confidence":"HIGH","street":"TOA PAYOH NTH","residential":"Y","year_completed":1972,"building_age_2026":54,"max_floor_lvl":12,"total_dwelling_units":132,"small_flat_share_pct":0.0,"rental_share_pct":0.0,"footprint_area_m2":1436.0,"estimated_residents_2026":349.3,"estimated_elderly_65plus_2026":99.5,"estimated_elderly_share_pct":28.49,"elderly_exposure_score":87.3,"elderly_exposure_class":"VERY HIGH","estimate_confidence":"HIGH","display_name":"Block 200"},"geometry":{"type":"Polygon","coordinates":[[[103.851125,1.341058],[103.851125,1.341137],[103.851177,1.341137],[103.851177,1.341165],[103.851139,1.341165],[103.85114,1.34132],[103.851172,1.34132],[103.851172,1.341349],[103.85114,1.341349],[103.85114,1.341504],[103.851177,1.341504],[103.851176,1.341532],[103.85114,1.341532],[103.85114,1.341625],[103.851063,1.341625],[103.851063,1.34172],[103.85097,1.34172],[103.85097,1.341757],[103.850942,1.341757],[103.850942,1.34172],[103.850788,1.34172],[103.850789,1.341753],[103.85076,1.341752],[103.85076,1.34172],[103.850606,1.34172],[103.850606,1.341757],[103.850578,1.341757],[103.850578,1.341705],[103.8505,1.341705],[103.8505,1.341626],[103.850552,1.341626],[103.850552,1.341601],[103.850574,1.341601],[103.850574,1.341626],[103.850609,1.341626],[103.850609,1.341601],[103.850631,1.341601],[103.850631,1.341626],[103.850735,1.341626],[103.850735,1.341601],[103.850756,1.341601],[103.850756,1.341626],[103.850791,1.341626],[103.850791,1.341601],[103.850813,1.341601],[103.850813,1.341626],[103.850916,1.341626],[103.850916,1.341601],[103.850939,1.341601],[103.850939,1.341626],[103.850973,1.341626],[103.850973,1.341601],[103.850995,1.341601],[103.850995,1.341626],[103.851046,1.341626],[103.851046,1.341558],[103.851022,1.341558],[103.851022,1.341536],[103.851046,1.341536],[103.851046,1.341501],[103.851022,1.341501],[103.851022,1.341478],[103.851046,1.341478],[103.851046,1.341374],[103.851022,1.341374],[103.851022,1.341352],[103.851046,1.341352],[103.851046,1.341317],[103.851022,1.341317],[103.851022,1.341295],[103.851046,1.341295],[103.851045,1.341191],[103.851022,1.341191],[103.851022,1.341169],[103.851045,1.341169],[103.851045,1.341134],[103.851022,1.341134],[103.851022,1.341112],[103.851045,1.341112],[103.851045,1.341058],[103.851125,1.341058]]]}},{"type":"Feature","properties":{"block_id":"3805","blk_no":"201","postal_code":"310201","region_id":"CR","region":"CENTRAL REGION","planning_area_id":"TP","planning_area":"TOA PAYOH","subzone_id":"TPSZ03","subzone":"BRADDELL","lon":103.85,"lat":1.3414,"property_match":"MATCHED","property_match_confidence":"HIGH","street":"TOA PAYOH NTH","residential":"Y","year_completed":1972,"building_age_2026":54,"max_floor_lvl":12,"total_dwelling_units":132,"small_flat_share_pct":0.0,"rental_share_pct":0.0,"footprint_area_m2":1441.4,"estimated_residents_2026":349.3,"estimated_elderly_65plus_2026":99.5,"estimated_elderly_share_pct":28.49,"elderly_exposure_score":87.3,"elderly_exposure_class":"VERY HIGH","estimate_confidence":"HIGH","display_name":"Block 201"},"geometry":{"type":"Polygon","coordinates":[[[103.850009,1.341673],[103.849957,1.341673],[103.849957,1.341645],[103.849991,1.341645],[103.849992,1.34149],[103.849962,1.34149],[103.849962,1.341462],[103.849995,1.341461],[103.849994,1.341307],[103.849957,1.341307],[103.849957,1.341278],[103.849995,1.341279],[103.849994,1.341185],[103.850074,1.341185],[103.850074,1.34109],[103.850164,1.34109],[103.850165,1.341053],[103.850192,1.341053],[103.850192,1.34109],[103.850346,1.34109],[103.850346,1.341058],[103.850375,1.341058],[103.850375,1.341092],[103.850528,1.34109],[103.850529,1.341053],[103.850556,1.341053],[103.850556,1.341105],[103.850635,1.341105],[103.850635,1.341185],[103.850582,1.341185],[103.850582,1.341209],[103.85056,1.341209],[103.85056,1.341186],[103.850525,1.341186],[103.850525,1.341209],[103.850503,1.341209],[103.850503,1.341186],[103.8504,1.341186],[103.8504,1.341209],[103.850378,1.341209],[103.850378,1.341186],[103.850343,1.341186],[103.850343,1.341209],[103.850321,1.341209],[103.850321,1.341186],[103.850218,1.341186],[103.850218,1.341209],[103.850196,1.341209],[103.850196,1.341186],[103.850161,1.341186],[103.850161,1.341209],[103.850139,1.341209],[103.850139,1.341186],[103.850088,1.341186],[103.850088,1.341253],[103.850112,1.341253],[103.850112,1.341275],[103.850088,1.341275],[103.850088,1.34131],[103.850112,1.34131],[103.850112,1.341332],[103.850088,1.341332],[103.850089,1.341436],[103.850112,1.341436],[103.850112,1.341458],[103.850089,1.341458],[103.850089,1.341493],[103.850112,1.341493],[103.850112,1.341515],[103.850089,1.341515],[103.850089,1.341619],[103.850112,1.341619],[103.850112,1.341642],[103.850089,1.341642],[103.850089,1.341677],[103.850112,1.341677],[103.850112,1.341699],[103.850089,1.341699],[103.850089,1.341752],[103.850008,1.341752],[103.850009,1.341673]]]}},{"type":"Feature","properties":{"block_id":"8576","blk_no":"202","postal_code":"310202","region_id":"CR","region":"CENTRAL REGION","planning_area_id":"TP","planning_area":"TOA PAYOH","subzone_id":"TPSZ03","subzone":"BRADDELL","lon":103.8496,"lat":1.3415,"property_match":"MATCHED","property_match_confidence":"HIGH","street":"TOA PAYOH NTH","residential":"Y","year_completed":1973,"building_age_2026":53,"max_floor_lvl":20,"total_dwelling_units":152,"small_flat_share_pct":0.0,"rental_share_pct":0.0,"footprint_area_m2":924.8,"estimated_residents_2026":402.2,"estimated_elderly_65plus_2026":114.6,"estimated_elderly_share_pct":28.49,"elderly_exposure_score":92.2,"elderly_exposure_class":"VERY HIGH","estimate_confidence":"HIGH","display_name":"Block 202"},"geometry":{"type":"Polygon","coordinates":[[[103.849623,1.341897],[103.849543,1.341897],[103.849543,1.341844],[103.84952,1.341844],[103.84952,1.341822],[103.849543,1.341822],[103.849543,1.341786],[103.84952,1.341786],[103.849519,1.341764],[103.849543,1.341764],[103.849543,1.34166],[103.849519,1.34166],[103.84952,1.341638],[103.849543,1.341638],[103.849543,1.341603],[103.84952,1.341603],[103.84952,1.341581],[103.849543,1.341581],[103.849543,1.341477],[103.84952,1.341477],[103.84952,1.341455],[103.849543,1.341455],[103.849543,1.341419],[103.84952,1.341419],[103.84952,1.341397],[103.849543,1.341397],[103.849543,1.341294],[103.849519,1.341294],[103.84952,1.341272],[103.849543,1.341272],[103.849543,1.341236],[103.84952,1.341236],[103.84952,1.341214],[103.849543,1.341214],[103.849543,1.341161],[103.849623,1.341161],[103.849623,1.34124],[103.849669,1.34124],[103.84967,1.341269],[103.849637,1.341268],[103.849637,1.341423],[103.849674,1.341423],[103.849674,1.341451],[103.849637,1.341452],[103.849637,1.341607],[103.849674,1.341607],[103.849674,1.341635],[103.849637,1.341635],[103.849637,1.34179],[103.84967,1.34179],[103.84967,1.341818],[103.849623,1.341818],[103.849623,1.341897]]]}},{"type":"Feature","properties":{"block_id":"6927","blk_no":"203","postal_code":"310203","region_id":"CR","region":"CENTRAL REGION","planning_area_id":"TP","planning_area":"TOA PAYOH","subzone_id":"TPSZ03","subzone":"BRADDELL","lon":103.8492,"lat":1.3421,"property_match":"MATCHED","property_match_confidence":"HIGH","street":"TOA PAYOH NTH","residential":"Y","year_completed":1973,"building_age_2026":53,"max_floor_lvl":12,"total_dwelling_units":167,"small_flat_share_pct":99.4,"rental_share_pct":0.0,"footprint_area_m2":1370.3,"estimated_residents_2026":347.6,"estimated_elderly_65plus_2026":113.0,"estimated_elderly_share_pct":32.52,"elderly_exposure_score":91.8,"elderly_exposure_class":"VERY HIGH","estimate_confidence":"HIGH","display_name":"Block 203"},"geometry":{"type":"Polygon","coordinates":[[[103.848667,1.342059],[103.848698,1.342059],[103.8487,1.342013],[103.848719,1.342013],[103.848718,1.341989],[103.84874,1.341989],[103.84874,1.342013],[103.848772,1.342013],[103.848772,1.341989],[103.848794,1.341989],[103.848794,1.342013],[103.848828,1.342013],[103.848828,1.341989],[103.84885,1.341989],[103.84885,1.342013],[103.848881,1.342013],[103.848881,1.341989],[103.848903,1.341989],[103.848903,1.342013],[103.848921,1.342013],[103.848921,1.342034],[103.848961,1.342034],[103.848965,1.341989],[103.848987,1.341989],[103.848987,1.342012],[103.849018,1.342012],[103.849018,1.341989],[103.84904,1.341989],[103.849044,1.342034],[103.84907,1.342034],[103.849075,1.341989],[103.849096,1.341989],[103.849097,1.342012],[103.849128,1.342012],[103.849128,1.341989],[103.84915,1.341989],[103.849153,1.342034],[103.849182,1.342034],[103.849186,1.341989],[103.849208,1.341989],[103.849208,1.342012],[103.84924,1.342012],[103.84924,1.341989],[103.849262,1.341989],[103.849265,1.342034],[103.849291,1.342034],[103.849296,1.341989],[103.849318,1.341989],[103.849318,1.342012],[103.849349,1.342012],[103.849349,1.341989],[103.849371,1.341989],[103.849374,1.342034],[103.849414,1.342034],[103.849414,1.342012],[103.849433,1.342012],[103.849433,1.341989],[103.849455,1.341989],[103.849455,1.342012],[103.849487,1.342012],[103.849486,1.341989],[103.849508,1.341989],[103.849508,1.342012],[103.849543,1.342012],[103.849543,1.341989],[103.849565,1.341989],[103.849565,1.342012],[103.849596,1.342012],[103.849596,1.341989],[103.849618,1.341989],[103.849618,1.342012],[103.849635,1.342012],[103.849638,1.342032],[103.849638,1.34211],[103.849636,1.342123],[103.849418,1.342122],[103.849418,1.342176],[103.849387,1.342176],[103.849386,1.342122],[103.8487,1.342122],[103.8487,1.34211],[103.848667,1.34211],[103.848667,1.342059]]]}},{"type":"Feature","properties":{"block_id":"6988","blk_no":"204","postal_code":"310204","region_id":"CR","region":"CENTRAL REGION","planning_area_id":"TP","planning_area":"TOA PAYOH","subzone_id":"TPSZ03","subzone":"BRADDELL","lon":103.8491,"lat":1.3415,"property_match":"MATCHED","property_match_confidence":"HIGH","street":"TOA PAYOH NTH","residential":"Y","year_completed":1973,"building_age_2026":53,"max_floor_lvl":20,"total_dwelling_units":152,"small_flat_share_pct":0.0,"rental_share_pct":0.0,"footprint_area_m2":929.5,"estimated_residents_2026":402.2,"estimated_elderly_65plus_2026":114.6,"estimated_elderly_share_pct":28.49,"elderly_exposure_score":92.2,"elderly_exposure_class":"VERY HIGH","estimate_confidence":"HIGH","display_name":"Block 204"},"geometry":{"type":"Polygon","coordinates":[[[103.848777,1.341554],[103.848756,1.341554],[103.848755,1.341532],[103.848704,1.341532],[103.848703,1.34145],[103.848781,1.34145],[103.848781,1.341403],[103.84881,1.341403],[103.84881,1.341435],[103.848963,1.341435],[103.848964,1.341398],[103.848992,1.341398],[103.848992,1.341435],[103.849146,1.341435],[103.849146,1.341398],[103.849174,1.341398],[103.849174,1.341435],[103.849327,1.341435],[103.849327,1.341403],[103.849356,1.341403],[103.849356,1.34145],[103.849434,1.34145],[103.849434,1.34153],[103.849381,1.34153],[103.849381,1.341554],[103.849359,1.341554],[103.849359,1.34153],[103.849324,1.34153],[103.849324,1.341554],[103.849302,1.341554],[103.849302,1.34153],[103.849199,1.341531],[103.849199,1.341554],[103.849177,1.341554],[103.849177,1.341531],[103.849142,1.341531],[103.849142,1.341554],[103.84912,1.341554],[103.84912,1.341531],[103.849017,1.341531],[103.849017,1.341554],[103.848995,1.341554],[103.848995,1.341531],[103.84896,1.341531],[103.84896,1.341554],[103.848938,1.341554],[103.848938,1.341531],[103.848835,1.341532],[103.848835,1.341554],[103.848813,1.341554],[103.848813,1.341532],[103.848777,1.341532],[103.848777,1.341554]]]}},{"type":"Feature","properties":{"block_id":"4583","blk_no":"236","postal_code":"310236","region_id":"CR","region":"CENTRAL REGION","planning_area_id":"TP","planning_area":"TOA PAYOH","subzone_id":"TPSZ03","subzone":"BRADDELL","lon":103.852,"lat":1.3403,"property_match":"MATCHED","property_match_confidence":"HIGH","street":"LOR 1 TOA PAYOH","residential":"Y","year_completed":1986,"building_age_2026":40,"max_floor_lvl":9,"total_dwelling_units":76,"small_flat_share_pct":0.0,"rental_share_pct":0.0,"footprint_area_m2":2149.4,"estimated_residents_2026":240.7,"estimated_elderly_65plus_2026":74.9,"estimated_elderly_share_pct":31.14,"elderly_exposure_score":70.5,"elderly_exposure_class":"HIGH","estimate_confidence":"HIGH","display_name":"Block 236"},"geometry":{"type":"Polygon","coordinates":[[[103.851874,1.340491],[103.851827,1.340486],[103.851848,1.340394],[103.851893,1.340411],[103.851926,1.340352],[103.851888,1.340322],[103.851919,1.340286],[103.851939,1.340304],[103.851981,1.340276],[103.851887,1.340111],[103.851897,1.340106],[103.851881,1.340078],[103.851995,1.340014],[103.852017,1.340054],[103.851965,1.340083],[103.851987,1.340122],[103.852029,1.340098],[103.852071,1.340174],[103.852028,1.340197],[103.852049,1.340236],[103.852092,1.340212],[103.852141,1.3403],[103.85201,1.340379],[103.851969,1.340442],[103.851957,1.34051],[103.852786,1.340465],[103.852787,1.340481],[103.852809,1.34048],[103.852871,1.340592],[103.852823,1.340594],[103.852797,1.340547],[103.852738,1.34055],[103.852741,1.340599],[103.852656,1.340604],[103.852653,1.340554],[103.852608,1.340557],[103.852611,1.340606],[103.852566,1.340609],[103.852564,1.340568],[103.852511,1.340571],[103.852513,1.340611],[103.852469,1.340614],[103.852466,1.340565],[103.852421,1.340567],[103.852424,1.340616],[103.852338,1.340621],[103.852336,1.340572],[103.852291,1.340575],[103.852294,1.340623],[103.852208,1.340628],[103.852205,1.340579],[103.852161,1.340582],[103.852164,1.34063],[103.852078,1.340635],[103.852075,1.340586],[103.85203,1.340589],[103.852033,1.340638],[103.851986,1.34064],[103.851985,1.340622],[103.851916,1.340626],[103.851915,1.34061],[103.851897,1.340611],[103.851898,1.340645],[103.851828,1.340649],[103.851823,1.340548],[103.851876,1.340548],[103.851874,1.340491]]]}},{"type":"Feature","properties":{"block_id":"5643","blk_no":"237","postal_code":"310237","region_id":"CR","region":"CENTRAL REGION","planning_area_id":"TP","planning_area":"TOA PAYOH","subzone_id":"TPSZ03","subzone":"BRADDELL","lon":103.8525,"lat":1.34,"property_match":"MATCHED","property_match_confidence":"HIGH","street":"LOR 1 TOA PAYOH","residential":"Y","year_completed":1986,"building_age_2026":40,"max_floor_lvl":9,"total_dwelling_units":72,"small_flat_share_pct":0.0,"rental_share_pct":0.0,"footprint_area_m2":1792.6,"estimated_residents_2026":228.0,"estimated_elderly_65plus_2026":71.0,"estimated_elderly_share_pct":31.14,"elderly_exposure_score":66.2,"elderly_exposure_class":"HIGH","estimate_confidence":"HIGH","display_name":"Block 237"},"geometry":{"type":"Polygon","coordinates":[[[103.851776,1.339933],[103.851799,1.339976],[103.851838,1.339955],[103.851814,1.339912],[103.851853,1.33989],[103.85187,1.339919],[103.851892,1.339907],[103.851875,1.339877],[103.851914,1.339856],[103.851938,1.339899],[103.851977,1.339877],[103.851953,1.339834],[103.85203,1.339791],[103.852053,1.339834],[103.852092,1.339812],[103.852069,1.339769],[103.852144,1.339727],[103.852168,1.33977],[103.852207,1.339748],[103.852183,1.339705],[103.85222,1.339684],[103.852255,1.339748],[103.85227,1.339739],[103.85226,1.339721],[103.852307,1.339695],[103.852345,1.339762],[103.852397,1.339733],[103.852418,1.339773],[103.852376,1.339796],[103.852398,1.339835],[103.85244,1.339812],[103.852482,1.339888],[103.85244,1.339911],[103.852462,1.33995],[103.852504,1.339927],[103.852546,1.340003],[103.852504,1.340027],[103.852525,1.340066],[103.852567,1.340042],[103.852609,1.340118],[103.852567,1.340142],[103.852589,1.340181],[103.852631,1.340157],[103.852653,1.340196],[103.852624,1.340213],[103.852636,1.340235],[103.852665,1.340219],[103.852686,1.340257],[103.852644,1.340281],[103.852672,1.340332],[103.852726,1.340329],[103.852749,1.340371],[103.852604,1.340378],[103.852284,1.339799],[103.851827,1.340054],[103.851819,1.34004],[103.851791,1.340056],[103.851736,1.339956],[103.851776,1.339933]]]}},{"type":"Feature","properties":{"block_id":"5273","blk_no":"238","postal_code":"310238","region_id":"CR","region":"CENTRAL REGION","planning_area_id":"TP","planning_area":"TOA PAYOH","subzone_id":"TPSZ03","subzone":"BRADDELL","lon":103.8516,"lat":1.3402,"property_match":"MATCHED","property_match_confidence":"HIGH","street":"LOR 1 TOA PAYOH","residential":"Y","year_completed":1986,"building_age_2026":40,"max_floor_lvl":22,"total_dwelling_units":126,"small_flat_share_pct":0.0,"rental_share_pct":0.0,"footprint_area_m2":878.1,"estimated_residents_2026":377.1,"estimated_elderly_65plus_2026":114.5,"estimated_elderly_share_pct":30.36,"elderly_exposure_score":92.1,"elderly_exposure_class":"VERY HIGH","estimate_confidence":"HIGH","display_name":"Block 238"},"geometry":{"type":"Polygon","coordinates":[[[103.851676,1.340189],[103.85173,1.340287],[103.851647,1.340334],[103.851619,1.340277],[103.851584,1.340297],[103.851614,1.340352],[103.851453,1.340443],[103.851431,1.340404],[103.851447,1.340394],[103.851434,1.34037],[103.851418,1.34038],[103.851393,1.340336],[103.851422,1.340319],[103.851436,1.340343],[103.851456,1.340332],[103.851443,1.340308],[103.851477,1.340289],[103.851482,1.340298],[103.851556,1.340257],[103.851525,1.340202],[103.851473,1.340231],[103.851418,1.340133],[103.851501,1.340087],[103.851527,1.340142],[103.851563,1.340122],[103.851534,1.340069],[103.851696,1.339977],[103.851719,1.340018],[103.851703,1.340027],[103.851716,1.34005],[103.851732,1.340041],[103.851756,1.340085],[103.851726,1.340102],[103.851712,1.340078],[103.851692,1.34009],[103.851705,1.340114],[103.85167,1.340133],[103.851665,1.340123],[103.851595,1.340163],[103.851625,1.340218],[103.851676,1.340189]]]}},{"type":"Feature","properties":{"block_id":"3055","blk_no":"239","postal_code":"310239","region_id":"CR","region":"CENTRAL REGION","planning_area_id":"TP","planning_area":"TOA PAYOH","subzone_id":"TPSZ03","subzone":"BRADDELL","lon":103.8512,"lat":1.3405,"property_match":"MATCHED","property_match_confidence":"HIGH","street":"LOR 1 TOA PAYOH","residential":"Y","year_completed":1986,"building_age_2026":40,"max_floor_lvl":22,"total_dwelling_units":126,"small_flat_share_pct":0.0,"rental_share_pct":0.0,"footprint_area_m2":878.1,"estimated_residents_2026":377.1,"estimated_elderly_65plus_2026":114.5,"estimated_elderly_share_pct":30.36,"elderly_exposure_score":92.1,"elderly_exposure_class":"VERY HIGH","estimate_confidence":"HIGH","display_name":"Block 239"},"geometry":{"type":"Polygon","coordinates":[[[103.850943,1.340399],[103.850972,1.340453],[103.851009,1.340432],[103.850976,1.340381],[103.851058,1.340335],[103.851112,1.340433],[103.85106,1.340462],[103.85109,1.340517],[103.851163,1.340476],[103.851158,1.340467],[103.851193,1.340448],[103.851206,1.340472],[103.851226,1.34046],[103.851213,1.340436],[103.851242,1.34042],[103.851267,1.340464],[103.85125,1.340473],[103.851263,1.340497],[103.85128,1.340488],[103.851302,1.340527],[103.85114,1.340618],[103.851109,1.340562],[103.851073,1.340582],[103.851108,1.340636],[103.851024,1.340683],[103.85097,1.340585],[103.851021,1.340556],[103.85099,1.340501],[103.85092,1.340541],[103.850925,1.34055],[103.850891,1.340569],[103.850877,1.340546],[103.850857,1.340557],[103.85087,1.340581],[103.85084,1.340598],[103.850815,1.340554],[103.850831,1.340545],[103.850818,1.340522],[103.850802,1.340531],[103.85078,1.34049],[103.850943,1.340399]]]}},{"type":"Feature","properties":{"block_id":"4889","blk_no":"240","postal_code":"310240","region_id":"CR","region":"CENTRAL REGION","planning_area_id":"TP","planning_area":"TOA PAYOH","subzone_id":"TPSZ03","subzone":"BRADDELL","lon":103.8506,"lat":1.3407,"property_match":"MATCHED","property_match_confidence":"HIGH","street":"LOR 1 TOA PAYOH","residential":"Y","year_completed":1985,"building_age_2026":41,"max_floor_lvl":9,"total_dwelling_units":48,"small_flat_share_pct":0.0,"rental_share_pct":0.0,"footprint_area_m2":1188.4,"estimated_residents_2026":152.0,"estimated_elderly_65plus_2026":47.3,"estimated_elderly_share_pct":31.14,"elderly_exposure_score":37.7,"elderly_exposure_class":"LOW","estimate_confidence":"HIGH","display_name":"Block 240"},"geometry":{"type":"Polygon","coordinates":[[[103.850533,1.340908],[103.850553,1.340908],[103.850553,1.340852],[103.850539,1.340852],[103.850543,1.340766],[103.850591,1.340772],[103.850609,1.340708],[103.850564,1.340688],[103.850587,1.340644],[103.850615,1.340661],[103.850636,1.340633],[103.85061,1.340611],[103.850645,1.340576],[103.850677,1.340613],[103.850726,1.340579],[103.850702,1.340536],[103.850742,1.340514],[103.850798,1.340616],[103.85077,1.340631],[103.850777,1.340645],[103.850728,1.340677],[103.850696,1.340718],[103.850676,1.340766],[103.85067,1.340813],[103.851129,1.340812],[103.851129,1.340852],[103.851112,1.340852],[103.851112,1.340907],[103.851129,1.340907],[103.851129,1.340944],[103.851069,1.340944],[103.851069,1.340921],[103.851056,1.340921],[103.851056,1.340944],[103.851031,1.340944],[103.851032,1.340869],[103.851007,1.340869],[103.851007,1.340896],[103.85098,1.340896],[103.85098,1.340944],[103.850935,1.340944],[103.850935,1.340896],[103.85089,1.340896],[103.85089,1.340944],[103.850804,1.340944],[103.850804,1.340896],[103.85076,1.340896],[103.85076,1.340944],[103.850716,1.340944],[103.850716,1.340903],[103.85066,1.340903],[103.85066,1.34087],[103.850636,1.34087],[103.850636,1.340944],[103.85061,1.340944],[103.85061,1.340921],[103.850597,1.340921],[103.850597,1.340944],[103.850533,1.340944],[103.850533,1.340908]]]}},{"type":"Feature","properties":{"block_id":"7382","blk_no":"91","postal_code":"310091","region_id":"CR","region":"CENTRAL REGION","planning_area_id":"TP","planning_area":"TOA PAYOH","subzone_id":"TPSZ03","subzone":"BRADDELL","lon":103.8486,"lat":1.3382,"property_match":"MATCHED","property_match_confidence":"HIGH","street":"LOR 3 TOA PAYOH","residential":"Y","year_completed":1968,"building_age_2026":58,"max_floor_lvl":16,"total_dwelling_units":192,"small_flat_share_pct":100.0,"rental_share_pct":0.0,"footprint_area_m2":1069.8,"estimated_residents_2026":398.4,"estimated_elderly_65plus_2026":129.6,"estimated_elderly_share_pct":32.53,"elderly_exposure_score":95.0,"elderly_exposure_class":"VERY HIGH","estimate_confidence":"HIGH","display_name":"Block 91"},"geometry":{"type":"Polygon","coordinates":[[[103.848206,1.338178],[103.848805,1.338179],[103.848809,1.338128],[103.848841,1.338128],[103.848848,1.338179],[103.848955,1.338179],[103.848955,1.338209],[103.848988,1.338209],[103.848988,1.338261],[103.848927,1.338274],[103.848933,1.338317],[103.848912,1.338317],[103.848912,1.338292],[103.848879,1.338292],[103.84888,1.338317],[103.848859,1.338316],[103.848865,1.338274],[103.848837,1.338274],[103.848837,1.338251],[103.848812,1.338251],[103.848812,1.338274],[103.848784,1.338274],[103.848791,1.338316],[103.84877,1.338316],[103.84877,1.338292],[103.848737,1.338291],[103.848737,1.338316],[103.848717,1.338316],[103.848723,1.338274],[103.84867,1.338274],[103.848676,1.338316],[103.848655,1.338316],[103.848655,1.338291],[103.848622,1.338291],[103.848622,1.338316],[103.848602,1.338316],[103.848608,1.338273],[103.848555,1.338273],[103.848561,1.338316],[103.848538,1.338316],[103.848538,1.338291],[103.848505,1.338291],[103.848505,1.338316],[103.848485,1.338316],[103.848491,1.338273],[103.848438,1.338273],[103.848444,1.338316],[103.848423,1.338316],[103.848423,1.338291],[103.84839,1.338291],[103.84839,1.338316],[103.84837,1.338316],[103.848376,1.338273],[103.848295,1.338273],[103.848301,1.338316],[103.848281,1.338316],[103.848281,1.338291],[103.848248,1.338291],[103.848248,1.338316],[103.848227,1.338316],[103.848234,1.338274],[103.848206,1.338274],[103.848206,1.338178]]]}},{"type":"Feature","properties":{"block_id":"4687","blk_no":"92","postal_code":"310092","region_id":"CR","region":"CENTRAL REGION","planning_area_id":"TP","planning_area":"TOA PAYOH","subzone_id":"TPSZ03","subzone":"BRADDELL","lon":103.8494,"lat":1.3381,"property_match":"MATCHED","property_match_confidence":"HIGH","street":"LOR 4 TOA PAYOH","residential":"Y","year_completed":1967,"building_age_2026":59,"max_floor_lvl":4,"total_dwelling_units":23,"small_flat_share_pct":100.0,"rental_share_pct":0.0,"footprint_area_m2":844.6,"estimated_residents_2026":47.7,"estimated_elderly_65plus_2026":15.5,"estimated_elderly_share_pct":32.53,"elderly_exposure_score":7.4,"elderly_exposure_class":"VERY LOW","estimate_confidence":"HIGH","display_name":"Block 92"},"geometry":{"type":"Polygon","coordinates":[[[103.849498,1.337997],[103.849491,1.338032],[103.849546,1.338032],[103.849539,1.337997],[103.84956,1.337997],[103.84956,1.338024],[103.849587,1.338024],[103.849587,1.337997],[103.849608,1.337997],[103.849608,1.338024],[103.849649,1.338024],[103.849649,1.337997],[103.84967,1.337997],[103.84967,1.338018],[103.849697,1.338018],[103.849697,1.337997],[103.849718,1.337997],[103.849718,1.338024],[103.849769,1.338032],[103.84977,1.338126],[103.849157,1.338127],[103.849157,1.338104],[103.849124,1.338104],[103.849124,1.338052],[103.849157,1.338052],[103.849158,1.338032],[103.849217,1.338032],[103.849211,1.337997],[103.849231,1.337997],[103.849231,1.338018],[103.849259,1.338018],[103.849259,1.337997],[103.849279,1.337997],[103.849272,1.338032],[103.849327,1.338032],[103.84932,1.337997],[103.849341,1.337997],[103.849341,1.338018],[103.849368,1.338018],[103.849368,1.337997],[103.849389,1.337997],[103.849382,1.338032],[103.849437,1.338032],[103.84943,1.337997],[103.849451,1.337997],[103.849451,1.338018],[103.849478,1.338018],[103.849478,1.337997],[103.849498,1.337997]]]}},{"type":"Feature","properties":{"block_id":"1030","blk_no":"93","postal_code":"310093","region_id":"CR","region":"CENTRAL REGION","planning_area_id":"TP","planning_area":"TOA PAYOH","subzone_id":"TPSZ03","subzone":"BRADDELL","lon":103.8495,"lat":1.3385,"property_match":"MATCHED","property_match_confidence":"HIGH","street":"LOR 4 TOA PAYOH","residential":"N","year_completed":1967,"building_age_2026":59,"max_floor_lvl":2,"total_dwelling_units":0,"small_flat_share_pct":null,"rental_share_pct":null,"footprint_area_m2":1075.8,"estimated_residents_2026":0.0,"estimated_elderly_65plus_2026":0.0,"estimated_elderly_share_pct":null,"elderly_exposure_score":null,"elderly_exposure_class":null,"estimate_confidence":"HIGH","display_name":"Block 93"},"geometry":{"type":"Polygon","coordinates":[[[103.849325,1.338592],[103.849325,1.33836],[103.849702,1.33836],[103.849702,1.338592],[103.849325,1.338592]]]}},{"type":"Feature","properties":{"block_id":"2611","blk_no":"93A","postal_code":"311093","region_id":"CR","region":"CENTRAL REGION","planning_area_id":"TP","planning_area":"TOA PAYOH","subzone_id":"TPSZ03","subzone":"BRADDELL","lon":103.8499,"lat":1.3385,"property_match":"MATCHED","property_match_confidence":"HIGH","street":"LOR 4 TOA PAYOH","residential":"N","year_completed":1998,"building_age_2026":28,"max_floor_lvl":4,"total_dwelling_units":0,"small_flat_share_pct":null,"rental_share_pct":null,"footprint_area_m2":1755.6,"estimated_residents_2026":0.0,"estimated_elderly_65plus_2026":0.0,"estimated_elderly_share_pct":null,"elderly_exposure_score":null,"elderly_exposure_class":null,"estimate_confidence":"HIGH","display_name":"Block 93A"},"geometry":{"type":"Polygon","coordinates":[[[103.849837,1.338262],[103.849878,1.338262],[103.850137,1.338695],[103.850056,1.338744],[103.849724,1.338744],[103.849724,1.338262],[103.849767,1.338262],[103.849766,1.338232],[103.849774,1.338232],[103.849837,1.338232],[103.849837,1.338262]]]}},{"type":"Feature","properties":{"block_id":"62","blk_no":"94","postal_code":"310094","region_id":"CR","region":"CENTRAL REGION","planning_area_id":"TP","planning_area":"TOA PAYOH","subzone_id":"TPSZ03","subzone":"BRADDELL","lon":103.8493,"lat":1.3392,"property_match":"MATCHED","property_match_confidence":"HIGH","street":"LOR 4 TOA PAYOH","residential":"Y","year_completed":1967,"building_age_2026":59,"max_floor_lvl":4,"total_dwelling_units":45,"small_flat_share_pct":100.0,"rental_share_pct":0.0,"footprint_area_m2":1965.9,"estimated_residents_2026":93.4,"estimated_elderly_65plus_2026":30.4,"estimated_elderly_share_pct":32.53,"elderly_exposure_score":18.5,"elderly_exposure_class":"VERY LOW","estimate_confidence":"HIGH","display_name":"Block 94"},"geometry":{"type":"Polygon","coordinates":[[[103.84979,1.338976],[103.849797,1.338942],[103.849742,1.338942],[103.849749,1.338976],[103.849729,1.338976],[103.849729,1.33895],[103.849701,1.33895],[103.849701,1.338976],[103.849681,1.338976],[103.849688,1.338942],[103.849633,1.338942],[103.84964,1.338976],[103.849619,1.338976],[103.849619,1.338949],[103.849592,1.338949],[103.849592,1.338976],[103.849571,1.338976],[103.849578,1.338942],[103.849524,1.338942],[103.84953,1.338976],[103.84951,1.338976],[103.84951,1.338941],[103.849491,1.33895],[103.849491,1.338942],[103.849387,1.338942],[103.849387,1.339028],[103.849421,1.33902],[103.849421,1.339041],[103.849395,1.339041],[103.849395,1.339068],[103.849421,1.339068],[103.849421,1.339089],[103.849386,1.339082],[103.849386,1.339137],[103.849421,1.33913],[103.849421,1.339151],[103.849395,1.339151],[103.849395,1.339179],[103.849421,1.339179],[103.849421,1.339199],[103.849387,1.339193],[103.849387,1.339247],[103.849421,1.339241],[103.849421,1.339261],[103.849395,1.339261],[103.849395,1.339289],[103.849421,1.339289],[103.849421,1.33931],[103.849387,1.339303],[103.849387,1.339357],[103.849421,1.339351],[103.849421,1.339372],[103.849395,1.339372],[103.849395,1.339399],[103.849421,1.339399],[103.849421,1.33942],[103.849387,1.339413],[103.849387,1.339472],[103.849367,1.339473],[103.849367,1.339507],[103.849315,1.339507],[103.849315,1.339473],[103.849292,1.339473],[103.849293,1.338861],[103.849307,1.338847],[103.850242,1.338846],[103.850242,1.33887],[103.850277,1.33887],[103.850277,1.338921],[103.850242,1.338922],[103.850234,1.338958],[103.85019,1.33895],[103.85019,1.338976],[103.850169,1.338976],[103.850169,1.338949],[103.850142,1.338949],[103.850142,1.338976],[103.850121,1.338976],[103.850121,1.338949],[103.850081,1.338949],[103.850081,1.338976],[103.85006,1.338976],[103.85006,1.338949],[103.850042,1.33895],[103.850042,1.338933],[103.850033,1.338933],[103.850033,1.338976],[103.850012,1.338976],[103.850019,1.338942],[103.849964,1.338942],[103.849971,1.338976],[103.84995,1.338976],[103.84995,1.33895],[103.849923,1.33895],[103.849923,1.338976],[103.849902,1.338976],[103.849909,1.338941],[103.849852,1.338941],[103.849859,1.338976],[103.849838,1.338976],[103.849838,1.33895],[103.849811,1.33895],[103.849811,1.338976],[103.84979,1.338976]]]}},{"type":"Feature","properties":{"block_id":"8008","blk_no":"95","postal_code":"310095","region_id":"CR","region":"CENTRAL REGION","planning_area_id":"TP","planning_area":"TOA PAYOH","subzone_id":"TPSZ03","subzone":"BRADDELL","lon":103.849,"lat":1.3389,"property_match":"MATCHED","property_match_confidence":"HIGH","street":"LOR 4 TOA PAYOH","residential":"Y","year_completed":1967,"building_age_2026":59,"max_floor_lvl":4,"total_dwelling_units":34,"small_flat_share_pct":97.06,"rental_share_pct":0.0,"footprint_area_m2":1271.1,"estimated_residents_2026":71.1,"estimated_elderly_65plus_2026":23.0,"estimated_elderly_share_pct":32.38,"elderly_exposure_score":13.0,"elderly_exposure_class":"VERY LOW","estimate_confidence":"HIGH","display_name":"Block 95"},"geometry":{"type":"Polygon","coordinates":[[[103.848946,1.33897],[103.848946,1.338943],[103.84892,1.338943],[103.84892,1.33892],[103.848954,1.338927],[103.848954,1.338872],[103.84892,1.338879],[103.84892,1.338858],[103.848946,1.338858],[103.848946,1.33883],[103.84892,1.33883],[103.84892,1.338809],[103.848954,1.338816],[103.848954,1.338762],[103.84892,1.338768],[103.84892,1.338748],[103.848946,1.338748],[103.848946,1.33872],[103.84892,1.33872],[103.84892,1.338699],[103.848954,1.338706],[103.848954,1.338651],[103.84892,1.338658],[103.84892,1.338638],[103.848946,1.338638],[103.848946,1.33861],[103.84892,1.33861],[103.84892,1.338589],[103.848954,1.338596],[103.848954,1.338541],[103.84892,1.338548],[103.84892,1.338527],[103.848946,1.338527],[103.848946,1.338499],[103.84892,1.338499],[103.84892,1.338479],[103.848946,1.338478],[103.848954,1.338426],[103.848974,1.338425],[103.848974,1.338392],[103.849026,1.338392],[103.849025,1.338425],[103.849049,1.338425],[103.849048,1.339376],[103.848954,1.339375],[103.848953,1.339315],[103.84892,1.339322],[103.84892,1.339301],[103.848946,1.339301],[103.848946,1.339273],[103.84892,1.339273],[103.84892,1.339253],[103.848954,1.33926],[103.848954,1.339205],[103.84892,1.339212],[103.84892,1.339191],[103.848946,1.339191],[103.848946,1.339163],[103.84892,1.339163],[103.84892,1.339142],[103.848954,1.339149],[103.848954,1.339095],[103.84892,1.339101],[103.84892,1.339081],[103.848946,1.339081],[103.848946,1.339053],[103.84892,1.339053],[103.84892,1.339033],[103.848954,1.33904],[103.848954,1.338985],[103.84892,1.338992],[103.84892,1.338971],[103.848946,1.33897]]]}},{"type":"Feature","properties":{"block_id":"2699","blk_no":"96","postal_code":"310096","region_id":"CR","region":"CENTRAL REGION","planning_area_id":"TP","planning_area":"TOA PAYOH","subzone_id":"TPSZ03","subzone":"BRADDELL","lon":103.8484,"lat":1.3386,"property_match":"MATCHED","property_match_confidence":"HIGH","street":"LOR 3 TOA PAYOH","residential":"Y","year_completed":1968,"building_age_2026":58,"max_floor_lvl":16,"total_dwelling_units":192,"small_flat_share_pct":100.0,"rental_share_pct":0.0,"footprint_area_m2":1050.3,"estimated_residents_2026":398.4,"estimated_elderly_65plus_2026":129.6,"estimated_elderly_share_pct":32.53,"elderly_exposure_score":95.0,"elderly_exposure_class":"VERY HIGH","estimate_confidence":"HIGH","display_name":"Block 96"},"geometry":{"type":"Polygon","coordinates":[[[103.848604,1.338577],[103.848609,1.338525],[103.848641,1.338526],[103.848647,1.338576],[103.848754,1.338577],[103.848754,1.338673],[103.848727,1.338673],[103.848733,1.338715],[103.848712,1.338715],[103.848712,1.338688],[103.848679,1.338688],[103.848679,1.338714],[103.848658,1.338714],[103.848665,1.338672],[103.848638,1.338672],[103.848638,1.338649],[103.848612,1.338649],[103.848612,1.338672],[103.848584,1.338672],[103.84859,1.338714],[103.84857,1.338714],[103.84857,1.33869],[103.848536,1.33869],[103.848537,1.338714],[103.848516,1.338714],[103.848522,1.338672],[103.848469,1.338672],[103.848475,1.338714],[103.848455,1.338715],[103.848455,1.33869],[103.848421,1.33869],[103.848421,1.338714],[103.848401,1.338714],[103.848407,1.338672],[103.848354,1.338672],[103.84836,1.338714],[103.848338,1.338714],[103.848338,1.33869],[103.848305,1.338689],[103.848305,1.338714],[103.848284,1.338714],[103.84829,1.338672],[103.848237,1.338672],[103.848243,1.338714],[103.848223,1.338714],[103.848223,1.33869],[103.84819,1.338689],[103.84819,1.338714],[103.848169,1.338714],[103.848175,1.338671],[103.848095,1.338671],[103.848101,1.338714],[103.84808,1.338714],[103.84808,1.338689],[103.848047,1.338689],[103.848047,1.338714],[103.848027,1.338714],[103.848033,1.338672],[103.848005,1.338672],[103.848006,1.338576],[103.848604,1.338577]]]}},{"type":"Feature","properties":{"block_id":"3826","blk_no":"97","postal_code":"310097","region_id":"CR","region":"CENTRAL REGION","planning_area_id":"TP","planning_area":"TOA PAYOH","subzone_id":"TPSZ03","subzone":"BRADDELL","lon":103.8475,"lat":1.3385,"property_match":"MATCHED","property_match_confidence":"HIGH","street":"LOR 3 TOA PAYOH","residential":"Y","year_completed":1992,"building_age_2026":34,"max_floor_lvl":17,"total_dwelling_units":80,"small_flat_share_pct":0.0,"rental_share_pct":0.0,"footprint_area_m2":1131.5,"estimated_residents_2026":253.3,"estimated_elderly_65plus_2026":78.9,"estimated_elderly_share_pct":31.14,"elderly_exposure_score":74.2,"elderly_exposure_class":"HIGH","estimate_confidence":"HIGH","display_name":"Block 97"},"geometry":{"type":"Polygon","coordinates":[[[103.847416,1.338419],[103.847503,1.338385],[103.847578,1.338578],[103.847868,1.338578],[103.847868,1.338493],[103.847845,1.338502],[103.847845,1.338418],[103.848123,1.338309],[103.848123,1.33841],[103.847934,1.338485],[103.847934,1.338672],[103.847514,1.338673],[103.847416,1.338419]]]}},{"type":"Feature","properties":{"block_id":"4245","blk_no":"98","postal_code":"310098","region_id":"CR","region":"CENTRAL REGION","planning_area_id":"TP","planning_area":"TOA PAYOH","subzone_id":"TPSZ03","subzone":"BRADDELL","lon":103.8484,"lat":1.3392,"property_match":"MATCHED","property_match_confidence":"HIGH","street":"LOR 1 TOA PAYOH","residential":"Y","year_completed":1968,"building_age_2026":58,"max_floor_lvl":16,"total_dwelling_units":192,"small_flat_share_pct":100.0,"rental_share_pct":0.0,"footprint_area_m2":1046.6,"estimated_residents_2026":398.4,"estimated_elderly_65plus_2026":129.6,"estimated_elderly_share_pct":32.53,"elderly_exposure_score":95.0,"elderly_exposure_class":"VERY HIGH","estimate_confidence":"HIGH","display_name":"Block 98"},"geometry":{"type":"Polygon","coordinates":[[[103.848644,1.339224],[103.84864,1.339274],[103.848608,1.339274],[103.848604,1.339223],[103.848005,1.339223],[103.848005,1.339127],[103.848033,1.339127],[103.848026,1.339085],[103.848047,1.339085],[103.848047,1.33911],[103.84808,1.33911],[103.84808,1.339085],[103.848101,1.339086],[103.848094,1.339128],[103.848122,1.339128],[103.848122,1.339151],[103.848147,1.339151],[103.848147,1.339128],[103.848175,1.339128],[103.848169,1.339085],[103.84819,1.339085],[103.848189,1.33911],[103.848222,1.33911],[103.848222,1.339085],[103.848243,1.339085],[103.848237,1.339128],[103.848292,1.339128],[103.848286,1.339086],[103.848304,1.339085],[103.848304,1.339112],[103.848337,1.339112],[103.848337,1.339086],[103.848358,1.339085],[103.848352,1.339128],[103.848407,1.339129],[103.848401,1.339086],[103.848422,1.339086],[103.848422,1.339112],[103.848454,1.339112],[103.848454,1.339086],[103.848475,1.339086],[103.848469,1.339128],[103.848522,1.339128],[103.848516,1.339086],[103.848537,1.339086],[103.848537,1.339112],[103.848569,1.339112],[103.848569,1.339086],[103.84859,1.339086],[103.848584,1.339128],[103.848664,1.339128],[103.848658,1.339086],[103.848679,1.339086],[103.848679,1.339112],[103.848712,1.339112],[103.848712,1.339085],[103.848732,1.339086],[103.848726,1.339125],[103.848755,1.339125],[103.848755,1.339223],[103.848644,1.339224]]]}},{"type":"Feature","properties":{"block_id":"6893","blk_no":"98A","postal_code":"311098","region_id":"CR","region":"CENTRAL REGION","planning_area_id":"TP","planning_area":"TOA PAYOH","subzone_id":"TPSZ03","subzone":"BRADDELL","lon":103.8486,"lat":1.3389,"property_match":"MATCHED","property_match_confidence":"HIGH","street":"LOR 3 TOA PAYOH","residential":"N","year_completed":1999,"building_age_2026":27,"max_floor_lvl":1,"total_dwelling_units":0,"small_flat_share_pct":null,"rental_share_pct":null,"footprint_area_m2":224.1,"estimated_residents_2026":0.0,"estimated_elderly_65plus_2026":0.0,"estimated_elderly_share_pct":null,"elderly_exposure_score":null,"elderly_exposure_class":null,"estimate_confidence":"HIGH","display_name":"Block 98A"},"geometry":{"type":"Polygon","coordinates":[[[103.848695,1.338808],[103.848695,1.338992],[103.848596,1.338992],[103.848596,1.338808],[103.848695,1.338808]]]}},{"type":"Feature","properties":{"block_id":"5071","blk_no":"99A","postal_code":"310099","region_id":"CR","region":"CENTRAL REGION","planning_area_id":"TP","planning_area":"TOA PAYOH","subzone_id":"TPSZ03","subzone":"BRADDELL","lon":103.8469,"lat":1.3388,"property_match":"MATCHED","property_match_confidence":"HIGH","street":"LOR 2 TOA PAYOH","residential":"Y","year_completed":1992,"building_age_2026":34,"max_floor_lvl":17,"total_dwelling_units":64,"small_flat_share_pct":0.0,"rental_share_pct":0.0,"footprint_area_m2":832.6,"estimated_residents_2026":202.7,"estimated_elderly_65plus_2026":63.1,"estimated_elderly_share_pct":31.14,"elderly_exposure_score":57.7,"elderly_exposure_class":"MODERATE","estimate_confidence":"HIGH","display_name":"Block 99A"},"geometry":{"type":"Polygon","coordinates":[[[103.847061,1.338851],[103.846811,1.338949],[103.846794,1.338903],[103.846775,1.338895],[103.846783,1.338877],[103.846754,1.3388],[103.846726,1.338811],[103.846717,1.338788],[103.846699,1.33878],[103.846707,1.338762],[103.846689,1.338716],[103.846932,1.338621],[103.84695,1.338667],[103.846968,1.338675],[103.84696,1.338693],[103.84699,1.338771],[103.847025,1.338758],[103.847061,1.338851]]]}},{"type":"Feature","properties":{"block_id":"5556","blk_no":"99B","postal_code":"311099","region_id":"CR","region":"CENTRAL REGION","planning_area_id":"TP","planning_area":"TOA PAYOH","subzone_id":"TPSZ03","subzone":"BRADDELL","lon":103.8472,"lat":1.3387,"property_match":"MATCHED","property_match_confidence":"HIGH","street":"LOR 2 TOA PAYOH","residential":"Y","year_completed":1992,"building_age_2026":34,"max_floor_lvl":13,"total_dwelling_units":48,"small_flat_share_pct":0.0,"rental_share_pct":0.0,"footprint_area_m2":787.4,"estimated_residents_2026":152.0,"estimated_elderly_65plus_2026":47.3,"estimated_elderly_share_pct":31.14,"elderly_exposure_score":37.7,"elderly_exposure_class":"LOW","estimate_confidence":"HIGH","display_name":"Block 99B"},"geometry":{"type":"Polygon","coordinates":[[[103.847025,1.338758],[103.847155,1.338701],[103.847122,1.338615],[103.847209,1.338581],[103.847251,1.33869],[103.847401,1.338631],[103.847435,1.338719],[103.847393,1.338735],[103.847444,1.338867],[103.847343,1.338907],[103.847287,1.338763],[103.847061,1.338851],[103.847025,1.338758]]]}},{"type":"Feature","properties":{"block_id":"7836","blk_no":"99C","postal_code":"312099","region_id":"CR","region":"CENTRAL REGION","planning_area_id":"TP","planning_area":"TOA PAYOH","subzone_id":"TPSZ03","subzone":"BRADDELL","lon":103.8474,"lat":1.339,"property_match":"MATCHED","property_match_confidence":"HIGH","street":"LOR 2 TOA PAYOH","residential":"Y","year_completed":1992,"building_age_2026":34,"max_floor_lvl":13,"total_dwelling_units":48,"small_flat_share_pct":0.0,"rental_share_pct":0.0,"footprint_area_m2":801.7,"estimated_residents_2026":152.0,"estimated_elderly_65plus_2026":47.3,"estimated_elderly_share_pct":31.14,"elderly_exposure_score":37.7,"elderly_exposure_class":"LOW","estimate_confidence":"HIGH","display_name":"Block 99C"},"geometry":{"type":"Polygon","coordinates":[[[103.847444,1.338867],[103.847543,1.339123],[103.847769,1.339123],[103.847769,1.339218],[103.847678,1.339218],[103.847678,1.33936],[103.847574,1.33936],[103.847573,1.339152],[103.847437,1.339152],[103.847343,1.338907],[103.847444,1.338867]]]}},{"type":"Feature","properties":{"block_id":"8875","blk_no":"1","postal_code":"360001","region_id":"CR","region":"CENTRAL REGION","planning_area_id":"TP","planning_area":"TOA PAYOH","subzone_id":"TPSZ12","subzone":"JOO SENG","lon":103.8787,"lat":1.3343,"property_match":"MATCHED","property_match_confidence":"HIGH","street":"UPP ALJUNIED LANE","residential":"N","year_completed":2003,"building_age_2026":23,"max_floor_lvl":1,"total_dwelling_units":0,"small_flat_share_pct":null,"rental_share_pct":null,"footprint_area_m2":1325.0,"estimated_residents_2026":0.0,"estimated_elderly_65plus_2026":0.0,"estimated_elderly_share_pct":null,"elderly_exposure_score":null,"elderly_exposure_class":null,"estimate_confidence":"HIGH","display_name":"Block 1"},"geometry":{"type":"Polygon","coordinates":[[[103.87861,1.334133],[103.878639,1.334119],[103.878965,1.33419],[103.879017,1.334303],[103.878667,1.334467],[103.878654,1.334441],[103.878524,1.334501],[103.87861,1.334133]]]}},{"type":"Feature","properties":{"block_id":"8781","blk_no":"10","postal_code":"360010","region_id":"CR","region":"CENTRAL REGION","planning_area_id":"TP","planning_area":"TOA PAYOH","subzone_id":"TPSZ12","subzone":"JOO SENG","lon":103.8802,"lat":1.3346,"property_match":"MATCHED","property_match_confidence":"HIGH","street":"JOO SENG RD","residential":"Y","year_completed":1982,"building_age_2026":44,"max_floor_lvl":20,"total_dwelling_units":76,"small_flat_share_pct":0.0,"rental_share_pct":0.0,"footprint_area_m2":697.2,"estimated_residents_2026":213.3,"estimated_elderly_65plus_2026":61.3,"estimated_elderly_share_pct":28.75,"elderly_exposure_score":55.9,"elderly_exposure_class":"MODERATE","estimate_confidence":"HIGH","display_name":"Block 10"},"geometry":{"type":"Polygon","coordinates":[[[103.880221,1.334461],[103.880245,1.334515],[103.880252,1.334512],[103.880318,1.334679],[103.880109,1.334775],[103.880085,1.334721],[103.880077,1.334724],[103.880013,1.334557],[103.880221,1.334461]]]}},{"type":"Feature","properties":{"block_id":"8756","blk_no":"11","postal_code":"360011","region_id":"CR","region":"CENTRAL REGION","planning_area_id":"TP","planning_area":"TOA PAYOH","subzone_id":"TPSZ12","subzone":"JOO SENG","lon":103.8807,"lat":1.335,"property_match":"MATCHED","property_match_confidence":"HIGH","street":"JOO SENG RD","residential":"Y","year_completed":1982,"building_age_2026":44,"max_floor_lvl":20,"total_dwelling_units":76,"small_flat_share_pct":0.0,"rental_share_pct":0.0,"footprint_area_m2":698.3,"estimated_residents_2026":213.3,"estimated_elderly_65plus_2026":61.3,"estimated_elderly_share_pct":28.75,"elderly_exposure_score":55.9,"elderly_exposure_class":"MODERATE","estimate_confidence":"HIGH","display_name":"Block 11"},"geometry":{"type":"Polygon","coordinates":[[[103.88076,1.334852],[103.880785,1.334907],[103.880794,1.334903],[103.880858,1.335073],[103.880653,1.335166],[103.88057,1.335004],[103.880578,1.334999],[103.880554,1.334946],[103.88076,1.334852]]]}},{"type":"Feature","properties":{"block_id":"9300","blk_no":"12","postal_code":"360012","region_id":"CR","region":"CENTRAL REGION","planning_area_id":"TP","planning_area":"TOA PAYOH","subzone_id":"TPSZ12","subzone":"JOO SENG","lon":103.8789,"lat":1.3359,"property_match":"MATCHED","property_match_confidence":"HIGH","street":"JOO SENG RD","residential":"Y","year_completed":1983,"building_age_2026":43,"max_floor_lvl":19,"total_dwelling_units":72,"small_flat_share_pct":0.0,"rental_share_pct":0.0,"footprint_area_m2":618.4,"estimated_residents_2026":202.9,"estimated_elderly_65plus_2026":57.3,"estimated_elderly_share_pct":28.23,"elderly_exposure_score":50.1,"elderly_exposure_class":"MODERATE","estimate_confidence":"HIGH","display_name":"Block 12"},"geometry":{"type":"Polygon","coordinates":[[[103.878811,1.335845],[103.878791,1.335784],[103.878865,1.33575],[103.878888,1.335788],[103.878919,1.335774],[103.878907,1.33573],[103.878981,1.335697],[103.87901,1.335754],[103.879029,1.335757],[103.879041,1.335784],[103.879038,1.335795],[103.87899,1.335816],[103.879,1.335839],[103.879026,1.335851],[103.87905,1.335836],[103.879086,1.335916],[103.87901,1.335959],[103.878976,1.335893],[103.878943,1.33591],[103.878967,1.335978],[103.878894,1.336012],[103.878833,1.335925],[103.878863,1.335902],[103.878852,1.335879],[103.878815,1.335887],[103.878803,1.335859],[103.878811,1.335845]]]}},{"type":"Feature","properties":{"block_id":"9299","blk_no":"13","postal_code":"360013","region_id":"CR","region":"CENTRAL REGION","planning_area_id":"TP","planning_area":"TOA PAYOH","subzone_id":"TPSZ12","subzone":"JOO SENG","lon":103.8792,"lat":1.3358,"property_match":"MATCHED","property_match_confidence":"HIGH","street":"JOO SENG RD","residential":"Y","year_completed":1983,"building_age_2026":43,"max_floor_lvl":9,"total_dwelling_units":48,"small_flat_share_pct":0.0,"rental_share_pct":0.0,"footprint_area_m2":828.7,"estimated_residents_2026":136.8,"estimated_elderly_65plus_2026":36.5,"estimated_elderly_share_pct":26.7,"elderly_exposure_score":24.0,"elderly_exposure_class":"LOW","estimate_confidence":"HIGH","display_name":"Block 13"},"geometry":{"type":"Polygon","coordinates":[[[103.879042,1.33582],[103.879436,1.335633],[103.879457,1.335639],[103.879472,1.335629],[103.879489,1.335651],[103.879527,1.33564],[103.879571,1.335737],[103.879558,1.335747],[103.879549,1.335726],[103.879522,1.335737],[103.879528,1.335761],[103.879516,1.335757],[103.879459,1.335792],[103.87944,1.33576],[103.879365,1.335794],[103.879377,1.33583],[103.879364,1.335835],[103.879361,1.335828],[103.879303,1.335863],[103.879285,1.335831],[103.879209,1.335865],[103.879222,1.3359],[103.879148,1.335934],[103.879129,1.335901],[103.879086,1.335916],[103.879042,1.33582]]]}},{"type":"Feature","properties":{"block_id":"9295","blk_no":"14","postal_code":"360014","region_id":"CR","region":"CENTRAL REGION","planning_area_id":"TP","planning_area":"TOA PAYOH","subzone_id":"TPSZ12","subzone":"JOO SENG","lon":103.8799,"lat":1.3361,"property_match":"MATCHED","property_match_confidence":"HIGH","street":"JOO SENG RD","residential":"Y","year_completed":1983,"building_age_2026":43,"max_floor_lvl":19,"total_dwelling_units":72,"small_flat_share_pct":0.0,"rental_share_pct":0.0,"footprint_area_m2":621.1,"estimated_residents_2026":202.9,"estimated_elderly_65plus_2026":57.3,"estimated_elderly_share_pct":28.23,"elderly_exposure_score":50.1,"elderly_exposure_class":"MODERATE","estimate_confidence":"HIGH","display_name":"Block 14"},"geometry":{"type":"Polygon","coordinates":[[[103.879945,1.335999],[103.879919,1.336009],[103.879911,1.336035],[103.879921,1.336057],[103.879979,1.33604],[103.880004,1.336143],[103.87993,1.336177],[103.879899,1.336116],[103.879862,1.336133],[103.879888,1.336196],[103.879805,1.336227],[103.879781,1.336173],[103.879766,1.336172],[103.879753,1.336143],[103.879783,1.33612],[103.879773,1.336098],[103.879736,1.336105],[103.879711,1.336002],[103.879785,1.335968],[103.879809,1.336006],[103.87984,1.335992],[103.879827,1.335949],[103.879901,1.335915],[103.879945,1.335999]]]}},{"type":"Feature","properties":{"block_id":"9298","blk_no":"15","postal_code":"360015","region_id":"CR","region":"CENTRAL REGION","planning_area_id":"TP","planning_area":"TOA PAYOH","subzone_id":"TPSZ12","subzone":"JOO SENG","lon":103.8803,"lat":1.3357,"property_match":"MATCHED","property_match_confidence":"HIGH","street":"JOO SENG RD","residential":"Y","year_completed":1983,"building_age_2026":43,"max_floor_lvl":12,"total_dwelling_units":150,"small_flat_share_pct":0.0,"rental_share_pct":0.0,"footprint_area_m2":2125.9,"estimated_residents_2026":427.6,"estimated_elderly_65plus_2026":114.2,"estimated_elderly_share_pct":26.7,"elderly_exposure_score":92.0,"elderly_exposure_class":"VERY HIGH","estimate_confidence":"HIGH","display_name":"Block 15"},"geometry":{"type":"Polygon","coordinates":[[[103.879782,1.335366],[103.87992,1.335302],[103.880067,1.335317],[103.880126,1.33536],[103.880162,1.33531],[103.880274,1.335391],[103.880238,1.335441],[103.880298,1.335484],[103.880397,1.335705],[103.880346,1.335843],[103.879953,1.336016],[103.879909,1.335918],[103.879949,1.335897],[103.879937,1.335861],[103.880001,1.335841],[103.879997,1.335833],[103.88001,1.335827],[103.880029,1.335859],[103.88009,1.335831],[103.880104,1.335825],[103.880092,1.33579],[103.880156,1.335769],[103.880153,1.335762],[103.880166,1.335756],[103.880185,1.335788],[103.880223,1.335768],[103.880234,1.335793],[103.880248,1.335787],[103.880236,1.33576],[103.880249,1.335722],[103.88026,1.335694],[103.880286,1.335681],[103.880281,1.335667],[103.880256,1.335678],[103.880241,1.335638],[103.880206,1.335651],[103.880182,1.33558],[103.880203,1.335547],[103.880192,1.335538],[103.880183,1.335547],[103.88015,1.335521],[103.880126,1.335548],[103.880094,1.335515],[103.88006,1.335501],[103.880078,1.335468],[103.880042,1.335446],[103.880049,1.335434],[103.880037,1.335426],[103.880005,1.335459],[103.879948,1.335453],[103.879931,1.335416],[103.879917,1.335423],[103.879922,1.335434],[103.879883,1.33545],[103.879894,1.335484],[103.87983,1.335505],[103.879825,1.335517],[103.879812,1.335497],[103.879798,1.335502],[103.879786,1.335508],[103.879796,1.335529],[103.879779,1.335533],[103.879736,1.335436],[103.87977,1.335415],[103.879764,1.335387],[103.879787,1.335379],[103.879782,1.335366]]]}},{"type":"Feature","properties":{"block_id":"9294","blk_no":"16","postal_code":"360016","region_id":"CR","region":"CENTRAL REGION","planning_area_id":"TP","planning_area":"TOA PAYOH","subzone_id":"TPSZ12","subzone":"JOO SENG","lon":103.8803,"lat":1.3365,"property_match":"MATCHED","property_match_confidence":"HIGH","street":"JOO SENG RD","residential":"Y","year_completed":1983,"building_age_2026":43,"max_floor_lvl":18,"total_dwelling_units":68,"small_flat_share_pct":0.0,"rental_share_pct":0.0,"footprint_area_m2":625.2,"estimated_residents_2026":191.6,"estimated_elderly_65plus_2026":54.1,"estimated_elderly_share_pct":28.23,"elderly_exposure_score":46.3,"elderly_exposure_class":"MODERATE","estimate_confidence":"HIGH","display_name":"Block 16"},"geometry":{"type":"Polygon","coordinates":[[[103.880501,1.336543],[103.880421,1.336579],[103.880402,1.336551],[103.880372,1.336565],[103.880378,1.336598],[103.880296,1.336629],[103.880272,1.336575],[103.880257,1.336574],[103.880244,1.336545],[103.880274,1.336522],[103.880264,1.336499],[103.880227,1.336507],[103.880202,1.336404],[103.880276,1.33637],[103.880313,1.336435],[103.880344,1.336419],[103.880318,1.336353],[103.880401,1.33632],[103.880425,1.336374],[103.88044,1.336375],[103.880453,1.336404],[103.880449,1.336415],[103.880402,1.336437],[103.880412,1.336459],[103.880437,1.33647],[103.880462,1.336457],[103.880501,1.336543]]]}},{"type":"Feature","properties":{"block_id":"9293","blk_no":"17","postal_code":"360017","region_id":"CR","region":"CENTRAL REGION","planning_area_id":"TP","planning_area":"TOA PAYOH","subzone_id":"TPSZ12","subzone":"JOO SENG","lon":103.8809,"lat":1.3363,"property_match":"MATCHED","property_match_confidence":"HIGH","street":"JOO SENG RD","residential":"Y","year_completed":1983,"building_age_2026":43,"max_floor_lvl":13,"total_dwelling_units":152,"small_flat_share_pct":0.0,"rental_share_pct":0.0,"footprint_area_m2":2371.1,"estimated_residents_2026":433.3,"estimated_elderly_65plus_2026":115.7,"estimated_elderly_share_pct":26.7,"elderly_exposure_score":92.4,"elderly_exposure_class":"VERY HIGH","estimate_confidence":"HIGH","display_name":"Block 17"},"geometry":{"type":"Polygon","coordinates":[[[103.881678,1.336391],[103.881674,1.336411],[103.881683,1.336426],[103.881666,1.336458],[103.881672,1.336481],[103.881571,1.336523],[103.881566,1.336512],[103.881587,1.336502],[103.881575,1.336476],[103.881553,1.336482],[103.881556,1.33647],[103.881529,1.336417],[103.881553,1.336384],[103.881533,1.336385],[103.881501,1.336358],[103.881476,1.336386],[103.881464,1.336377],[103.881469,1.33637],[103.88141,1.336338],[103.881429,1.336306],[103.881361,1.336257],[103.881337,1.336286],[103.881325,1.336277],[103.88133,1.33627],[103.881281,1.336237],[103.881285,1.3362],[103.881277,1.336195],[103.881248,1.336234],[103.881193,1.336257],[103.881196,1.336264],[103.881183,1.33627],[103.881165,1.336238],[103.881088,1.336273],[103.8811,1.336308],[103.881036,1.336328],[103.881039,1.336336],[103.881026,1.336342],[103.881007,1.336309],[103.880933,1.336344],[103.880944,1.336379],[103.880931,1.336385],[103.880927,1.336377],[103.88087,1.336413],[103.880852,1.33638],[103.880777,1.336415],[103.880788,1.33645],[103.880725,1.33647],[103.880728,1.336477],[103.880715,1.336484],[103.880696,1.336452],[103.880621,1.336486],[103.880633,1.336521],[103.880597,1.336529],[103.880559,1.336554],[103.880541,1.336525],[103.880501,1.336543],[103.880454,1.33644],[103.881223,1.336084],[103.881337,1.336097],[103.881369,1.336051],[103.881481,1.336132],[103.881449,1.336178],[103.881647,1.336321],[103.881678,1.336391]]]}},{"type":"Feature","properties":{"block_id":"9291","blk_no":"18","postal_code":"360018","region_id":"CR","region":"CENTRAL REGION","planning_area_id":"TP","planning_area":"TOA PAYOH","subzone_id":"TPSZ12","subzone":"JOO SENG","lon":103.8812,"lat":1.3368,"property_match":"MATCHED","property_match_confidence":"HIGH","street":"JOO SENG RD","residential":"Y","year_completed":1983,"building_age_2026":43,"max_floor_lvl":13,"total_dwelling_units":114,"small_flat_share_pct":0.0,"rental_share_pct":0.0,"footprint_area_m2":1507.6,"estimated_residents_2026":325.0,"estimated_elderly_65plus_2026":86.8,"estimated_elderly_share_pct":26.7,"elderly_exposure_score":80.6,"elderly_exposure_class":"VERY HIGH","estimate_confidence":"HIGH","display_name":"Block 18"},"geometry":{"type":"Polygon","coordinates":[[[103.881136,1.336729],[103.88115,1.336759],[103.881225,1.336725],[103.881213,1.336689],[103.881233,1.33669],[103.881287,1.336656],[103.881306,1.336688],[103.881381,1.336654],[103.881368,1.336619],[103.881382,1.336613],[103.881385,1.33662],[103.881438,1.336587],[103.881452,1.336606],[103.881478,1.336594],[103.881467,1.336573],[103.881479,1.336568],[103.881527,1.336667],[103.881494,1.336688],[103.881502,1.336707],[103.881476,1.336724],[103.881482,1.336736],[103.88122,1.336854],[103.881244,1.336911],[103.88112,1.336968],[103.881095,1.336912],[103.881026,1.336943],[103.880883,1.336929],[103.880793,1.336863],[103.880756,1.336784],[103.880769,1.336778],[103.880759,1.336749],[103.880783,1.336738],[103.880767,1.336702],[103.880863,1.336658],[103.880873,1.336671],[103.880851,1.336681],[103.880864,1.336707],[103.880886,1.336701],[103.880884,1.336717],[103.880909,1.336766],[103.880885,1.336799],[103.880913,1.33682],[103.880936,1.336786],[103.881002,1.336793],[103.881019,1.33683],[103.881035,1.336822],[103.88103,1.336811],[103.88107,1.336796],[103.881058,1.33676],[103.881071,1.336754],[103.881074,1.336762],[103.881136,1.336729]]]}},{"type":"Feature","properties":{"block_id":"7886","blk_no":"19","postal_code":"360019","region_id":"CR","region":"CENTRAL REGION","planning_area_id":"TP","planning_area":"TOA PAYOH","subzone_id":"TPSZ12","subzone":"JOO SENG","lon":103.881,"lat":1.3346,"property_match":"MATCHED","property_match_confidence":"HIGH","street":"JOO SENG RD","residential":"Y","year_completed":1987,"building_age_2026":39,"max_floor_lvl":19,"total_dwelling_units":72,"small_flat_share_pct":0.0,"rental_share_pct":0.0,"footprint_area_m2":698.2,"estimated_residents_2026":202.1,"estimated_elderly_65plus_2026":58.1,"estimated_elderly_share_pct":28.75,"elderly_exposure_score":51.2,"elderly_exposure_class":"MODERATE","estimate_confidence":"HIGH","display_name":"Block 19"},"geometry":{"type":"Polygon","coordinates":[[[103.881048,1.33449],[103.881073,1.334544],[103.881082,1.334541],[103.881146,1.33471],[103.880941,1.334803],[103.880858,1.334642],[103.880866,1.334636],[103.880842,1.334583],[103.881048,1.33449]]]}},{"type":"Feature","properties":{"block_id":"5129","blk_no":"2","postal_code":"360002","region_id":"CR","region":"CENTRAL REGION","planning_area_id":"TP","planning_area":"TOA PAYOH","subzone_id":"TPSZ12","subzone":"JOO SENG","lon":103.8789,"lat":1.334,"property_match":"MATCHED","property_match_confidence":"HIGH","street":"UPP ALJUNIED LANE","residential":"Y","year_completed":1968,"building_age_2026":58,"max_floor_lvl":10,"total_dwelling_units":94,"small_flat_share_pct":97.87,"rental_share_pct":0.0,"footprint_area_m2":1027.8,"estimated_residents_2026":191.6,"estimated_elderly_65plus_2026":55.2,"estimated_elderly_share_pct":28.8,"elderly_exposure_score":47.6,"elderly_exposure_class":"MODERATE","estimate_confidence":"HIGH","display_name":"Block 2"},"geometry":{"type":"Polygon","coordinates":[[[103.879125,1.333981],[103.879128,1.333945],[103.879149,1.33395],[103.879143,1.333976],[103.879155,1.333979],[103.879172,1.333982],[103.879178,1.333956],[103.879199,1.333961],[103.879187,1.333995],[103.879232,1.334004],[103.879235,1.333968],[103.879256,1.333973],[103.87925,1.334],[103.879262,1.334003],[103.879279,1.334006],[103.879284,1.333983],[103.879302,1.333987],[103.879289,1.334021],[103.879313,1.334025],[103.879304,1.334071],[103.879333,1.334077],[103.879322,1.334126],[103.879012,1.334057],[103.879001,1.334105],[103.878974,1.334098],[103.878984,1.334051],[103.878594,1.333965],[103.878613,1.333864],[103.878667,1.333881],[103.878671,1.333845],[103.878692,1.33385],[103.878686,1.333876],[103.878698,1.33388],[103.878715,1.333883],[103.878721,1.333856],[103.878742,1.333861],[103.87873,1.333895],[103.878774,1.333904],[103.878778,1.333869],[103.878799,1.333873],[103.878793,1.3339],[103.878805,1.333903],[103.878822,1.333906],[103.878828,1.33388],[103.878849,1.333884],[103.878837,1.333918],[103.878881,1.333928],[103.878885,1.333892],[103.878906,1.333897],[103.8789,1.333923],[103.878912,1.333926],[103.878929,1.333929],[103.878935,1.333903],[103.878956,1.333908],[103.878944,1.333942],[103.879017,1.333958],[103.879021,1.333922],[103.879042,1.333926],[103.879036,1.333953],[103.879065,1.333959],[103.879071,1.333933],[103.879092,1.333937],[103.87908,1.333971],[103.879125,1.333981]]]}},{"type":"Feature","properties":{"block_id":"3115","blk_no":"20","postal_code":"360020","region_id":"CR","region":"CENTRAL REGION","planning_area_id":"TP","planning_area":"TOA PAYOH","subzone_id":"TPSZ12","subzone":"JOO SENG","lon":103.8815,"lat":1.3342,"property_match":"MATCHED","property_match_confidence":"HIGH","street":"JOO SENG RD","residential":"Y","year_completed":1987,"building_age_2026":39,"max_floor_lvl":11,"total_dwelling_units":62,"small_flat_share_pct":0.0,"rental_share_pct":0.0,"footprint_area_m2":1589.8,"estimated_residents_2026":174.0,"estimated_elderly_65plus_2026":50.0,"estimated_elderly_share_pct":28.75,"elderly_exposure_score":41.4,"elderly_exposure_class":"MODERATE","estimate_confidence":"HIGH","display_name":"Block 20"},"geometry":{"type":"Polygon","coordinates":[[[103.881506,1.334282],[103.881441,1.334143],[103.881077,1.334054],[103.881081,1.334037],[103.881056,1.334031],[103.881085,1.333922],[103.881123,1.333932],[103.881112,1.333973],[103.881156,1.333985],[103.881168,1.333942],[103.88121,1.333953],[103.881197,1.334013],[103.881223,1.334019],[103.881235,1.333959],[103.881277,1.333969],[103.881269,1.334009],[103.881313,1.33402],[103.881322,1.333981],[103.881406,1.334],[103.881397,1.334041],[103.881457,1.334053],[103.881485,1.334019],[103.881535,1.334031],[103.881552,1.334073],[103.88152,1.334116],[103.881543,1.334167],[103.881587,1.334149],[103.881604,1.334187],[103.88157,1.334203],[103.881604,1.334257],[103.881631,1.334244],[103.881676,1.334349],[103.881637,1.334367],[103.88162,1.334329],[103.881579,1.334349],[103.881595,1.334385],[103.88152,1.334421],[103.881502,1.334383],[103.881463,1.3344],[103.881481,1.334437],[103.881402,1.334475],[103.881384,1.334437],[103.881341,1.334457],[103.881357,1.334495],[103.881321,1.334511],[103.881307,1.334479],[103.88128,1.334493],[103.881294,1.334524],[103.881254,1.334542],[103.881237,1.334504],[103.881192,1.334524],[103.881209,1.334561],[103.881174,1.334578],[103.881127,1.334475],[103.881154,1.334462],[103.881147,1.334446],[103.881506,1.334282]]]}},{"type":"Feature","properties":{"block_id":"5670","blk_no":"21","postal_code":"360021","region_id":"CR","region":"CENTRAL REGION","planning_area_id":"TP","planning_area":"TOA PAYOH","subzone_id":"TPSZ12","subzone":"JOO SENG","lon":103.8809,"lat":1.3342,"property_match":"MATCHED","property_match_confidence":"HIGH","street":"JOO SENG RD","residential":"Y","year_completed":1987,"building_age_2026":39,"max_floor_lvl":11,"total_dwelling_units":58,"small_flat_share_pct":0.0,"rental_share_pct":0.0,"footprint_area_m2":1423.8,"estimated_residents_2026":162.8,"estimated_elderly_65plus_2026":46.8,"estimated_elderly_share_pct":28.75,"elderly_exposure_score":37.0,"elderly_exposure_class":"LOW","estimate_confidence":"HIGH","display_name":"Block 21"},"geometry":{"type":"Polygon","coordinates":[[[103.880445,1.334384],[103.88047,1.334371],[103.880462,1.334354],[103.880819,1.33419],[103.880756,1.334049],[103.880524,1.33399],[103.880526,1.333974],[103.880497,1.333967],[103.880522,1.333844],[103.880566,1.333854],[103.880555,1.333911],[103.8806,1.333921],[103.880613,1.333866],[103.880654,1.333875],[103.88064,1.333946],[103.880668,1.333952],[103.880683,1.333881],[103.880725,1.333891],[103.880714,1.333949],[103.880769,1.33396],[103.880798,1.333925],[103.880847,1.333936],[103.880865,1.333976],[103.880833,1.334019],[103.880855,1.334068],[103.880899,1.334049],[103.880919,1.334092],[103.880885,1.334109],[103.880919,1.334164],[103.880947,1.334151],[103.880993,1.334252],[103.880953,1.334271],[103.880935,1.334231],[103.880894,1.33425],[103.880911,1.33429],[103.880836,1.334325],[103.880818,1.334286],[103.880778,1.334305],[103.880797,1.334343],[103.880716,1.33438],[103.880697,1.334342],[103.880653,1.334361],[103.880672,1.334401],[103.880636,1.334418],[103.880624,1.334392],[103.880595,1.334405],[103.880607,1.334431],[103.880569,1.33445],[103.880551,1.334409],[103.88051,1.334428],[103.880529,1.334467],[103.880491,1.334485],[103.880445,1.334384]]]}},{"type":"Feature","properties":{"block_id":"10350","blk_no":"2A","postal_code":"361002","region_id":"CR","region":"CENTRAL REGION","planning_area_id":"TP","planning_area":"TOA PAYOH","subzone_id":"TPSZ12","subzone":"JOO SENG","lon":103.8792,"lat":1.3345,"property_match":"MATCHED","property_match_confidence":"HIGH","street":"JOO SENG RD","residential":"N","year_completed":1998,"building_age_2026":28,"max_floor_lvl":5,"total_dwelling_units":0,"small_flat_share_pct":null,"rental_share_pct":null,"footprint_area_m2":2562.3,"estimated_residents_2026":0.0,"estimated_elderly_65plus_2026":0.0,"estimated_elderly_share_pct":null,"elderly_exposure_score":null,"elderly_exposure_class":null,"estimate_confidence":"HIGH","display_name":"Block 2A"},"geometry":{"type":"Polygon","coordinates":[[[103.879109,1.334388],[103.879098,1.334364],[103.879223,1.334306],[103.879234,1.33433],[103.879481,1.334217],[103.879604,1.334489],[103.878995,1.334769],[103.878953,1.334674],[103.878945,1.334678],[103.878941,1.334669],[103.878949,1.334665],[103.878934,1.33463],[103.878908,1.334642],[103.878874,1.334565],[103.87886,1.334572],[103.878853,1.334556],[103.878868,1.33455],[103.878849,1.334507],[103.879109,1.334388]]]}},{"type":"Feature","properties":{"block_id":"4748","blk_no":"3","postal_code":"360003","region_id":"CR","region":"CENTRAL REGION","planning_area_id":"TP","planning_area":"TOA PAYOH","subzone_id":"TPSZ12","subzone":"JOO SENG","lon":103.88,"lat":1.334,"property_match":"MATCHED","property_match_confidence":"HIGH","street":"UPP ALJUNIED LANE","residential":"Y","year_completed":1968,"building_age_2026":58,"max_floor_lvl":10,"total_dwelling_units":90,"small_flat_share_pct":100.0,"rental_share_pct":11.11,"footprint_area_m2":1001.1,"estimated_residents_2026":181.9,"estimated_elderly_65plus_2026":52.5,"estimated_elderly_share_pct":28.87,"elderly_exposure_score":44.5,"elderly_exposure_class":"MODERATE","estimate_confidence":"HIGH","display_name":"Block 3"},"geometry":{"type":"Polygon","coordinates":[[[103.879588,1.333867],[103.879797,1.333913],[103.879805,1.333878],[103.879912,1.333902],[103.879905,1.333936],[103.880216,1.334004],[103.880195,1.334116],[103.880141,1.334098],[103.880138,1.334134],[103.880116,1.334129],[103.880122,1.334103],[103.880093,1.334096],[103.880087,1.334123],[103.880066,1.334118],[103.880078,1.334084],[103.880034,1.334075],[103.880031,1.33411],[103.880009,1.334106],[103.880015,1.334079],[103.879998,1.334075],[103.879986,1.334073],[103.87998,1.3341],[103.879959,1.334095],[103.879971,1.334061],[103.879927,1.334051],[103.879923,1.334087],[103.879902,1.334083],[103.879908,1.334056],[103.879891,1.334052],[103.879879,1.33405],[103.879873,1.334076],[103.879852,1.334072],[103.879864,1.334038],[103.879793,1.334022],[103.87979,1.334058],[103.879769,1.334053],[103.879774,1.334027],[103.879758,1.334023],[103.879745,1.334021],[103.87974,1.334047],[103.879718,1.334042],[103.87973,1.334009],[103.879686,1.333999],[103.879682,1.334038],[103.879657,1.334033],[103.879662,1.334006],[103.879634,1.334],[103.879628,1.334027],[103.879606,1.334022],[103.879618,1.333988],[103.879595,1.333983],[103.879604,1.333937],[103.879575,1.333932],[103.879588,1.333867]]]}},{"type":"Feature","properties":{"block_id":"8445","blk_no":"4","postal_code":"360004","region_id":"CR","region":"CENTRAL REGION","planning_area_id":"TP","planning_area":"TOA PAYOH","subzone_id":"TPSZ12","subzone":"JOO SENG","lon":103.879,"lat":1.3335,"property_match":"MATCHED","property_match_confidence":"HIGH","street":"UPP ALJUNIED LANE","residential":"Y","year_completed":1968,"building_age_2026":58,"max_floor_lvl":10,"total_dwelling_units":101,"small_flat_share_pct":99.01,"rental_share_pct":0.0,"footprint_area_m2":1151.5,"estimated_residents_2026":204.9,"estimated_elderly_65plus_2026":59.1,"estimated_elderly_share_pct":28.84,"elderly_exposure_score":52.8,"elderly_exposure_class":"MODERATE","estimate_confidence":"HIGH","display_name":"Block 4"},"geometry":{"type":"Polygon","coordinates":[[[103.879426,1.333663],[103.879114,1.333596],[103.879107,1.333629],[103.879,1.333606],[103.879007,1.333572],[103.878693,1.333504],[103.878715,1.333393],[103.878771,1.333411],[103.878772,1.333374],[103.878793,1.333379],[103.878787,1.333405],[103.878816,1.333411],[103.878822,1.333385],[103.878843,1.33339],[103.878828,1.333423],[103.878879,1.333434],[103.878879,1.333397],[103.8789,1.333402],[103.878895,1.333428],[103.878923,1.333434],[103.878929,1.333408],[103.87895,1.333413],[103.878935,1.333446],[103.878986,1.333457],[103.878986,1.333421],[103.879007,1.333425],[103.879001,1.333451],[103.87903,1.333458],[103.879036,1.333431],[103.879057,1.333436],[103.879042,1.333469],[103.879122,1.333486],[103.879122,1.33345],[103.879143,1.333455],[103.879137,1.333481],[103.879167,1.333487],[103.879172,1.333461],[103.879193,1.333465],[103.879178,1.333499],[103.879228,1.333509],[103.879229,1.333473],[103.87925,1.333478],[103.879245,1.333504],[103.879274,1.33351],[103.879279,1.333484],[103.8793,1.333489],[103.879285,1.333522],[103.879334,1.333533],[103.879335,1.333496],[103.879356,1.333501],[103.87935,1.333527],[103.879381,1.333533],[103.879386,1.333507],[103.879407,1.333512],[103.879392,1.333545],[103.879419,1.333551],[103.879409,1.333597],[103.879439,1.333602],[103.879426,1.333663]]]}},{"type":"Feature","properties":{"block_id":"8137","blk_no":"4A","postal_code":"361004","region_id":"CR","region":"CENTRAL REGION","planning_area_id":"TP","planning_area":"TOA PAYOH","subzone_id":"TPSZ12","subzone":"JOO SENG","lon":103.8793,"lat":1.3338,"property_match":"MATCHED","property_match_confidence":"HIGH","street":"JOO SENG RD","residential":"N","year_completed":1999,"building_age_2026":27,"max_floor_lvl":1,"total_dwelling_units":0,"small_flat_share_pct":null,"rental_share_pct":null,"footprint_area_m2":197.1,"estimated_residents_2026":0.0,"estimated_elderly_65plus_2026":0.0,"estimated_elderly_share_pct":null,"elderly_exposure_score":null,"elderly_exposure_class":null,"estimate_confidence":"HIGH","display_name":"Block 4A"},"geometry":{"type":"Polygon","coordinates":[[[103.879198,1.333745],[103.87939,1.333787],[103.879373,1.333866],[103.879181,1.333824],[103.879198,1.333745]]]}},{"type":"Feature","properties":{"block_id":"6172","blk_no":"5","postal_code":"360005","region_id":"CR","region":"CENTRAL REGION","planning_area_id":"TP","planning_area":"TOA PAYOH","subzone_id":"TPSZ12","subzone":"JOO SENG","lon":103.8798,"lat":1.3337,"property_match":"MATCHED","property_match_confidence":"HIGH","street":"UPP ALJUNIED LANE","residential":"Y","year_completed":1968,"building_age_2026":58,"max_floor_lvl":10,"total_dwelling_units":99,"small_flat_share_pct":96.97,"rental_share_pct":0.0,"footprint_area_m2":1152.8,"estimated_residents_2026":202.6,"estimated_elderly_65plus_2026":58.3,"estimated_elderly_share_pct":28.77,"elderly_exposure_score":51.7,"elderly_exposure_class":"MODERATE","estimate_confidence":"HIGH","display_name":"Block 5"},"geometry":{"type":"Polygon","coordinates":[[[103.879518,1.333683],[103.879531,1.333623],[103.879561,1.33363],[103.87957,1.333584],[103.879597,1.33359],[103.879597,1.333554],[103.879618,1.333558],[103.879612,1.333584],[103.879641,1.333591],[103.879647,1.333564],[103.879668,1.333569],[103.879653,1.333602],[103.879704,1.333613],[103.879704,1.333577],[103.879725,1.333581],[103.879719,1.333608],[103.879748,1.333614],[103.879754,1.333588],[103.879775,1.333592],[103.87976,1.333626],[103.879811,1.333637],[103.879811,1.3336],[103.879832,1.333605],[103.879826,1.333631],[103.879855,1.333637],[103.879861,1.333611],[103.879882,1.333616],[103.879867,1.333649],[103.879948,1.333666],[103.879947,1.33363],[103.879968,1.333634],[103.879963,1.333661],[103.879992,1.333667],[103.879997,1.333641],[103.880018,1.333645],[103.880004,1.333678],[103.880055,1.33369],[103.880054,1.333653],[103.880075,1.333658],[103.88007,1.333684],[103.880099,1.33369],[103.880104,1.333664],[103.880125,1.333669],[103.880111,1.333702],[103.880162,1.333713],[103.880161,1.333676],[103.880182,1.333681],[103.880177,1.333707],[103.880206,1.333713],[103.880211,1.333687],[103.880232,1.333692],[103.880218,1.333725],[103.880279,1.333726],[103.880251,1.333842],[103.879939,1.333775],[103.879931,1.333809],[103.879825,1.333786],[103.879832,1.333751],[103.879518,1.333683]]]}},{"type":"Feature","properties":{"block_id":"10337","blk_no":"7","postal_code":"360007","region_id":"CR","region":"CENTRAL REGION","planning_area_id":"TP","planning_area":"TOA PAYOH","subzone_id":"TPSZ12","subzone":"JOO SENG","lon":103.8787,"lat":1.3348,"property_match":"MATCHED","property_match_confidence":"HIGH","street":"UPP ALJUNIED LANE","residential":"Y","year_completed":2015,"building_age_2026":11,"max_floor_lvl":18,"total_dwelling_units":102,"small_flat_share_pct":66.67,"rental_share_pct":0.0,"footprint_area_m2":651.8,"estimated_residents_2026":234.3,"estimated_elderly_65plus_2026":65.5,"estimated_elderly_share_pct":27.97,"elderly_exposure_score":60.4,"elderly_exposure_class":"HIGH","estimate_confidence":"HIGH","display_name":"Block 7"},"geometry":{"type":"Polygon","coordinates":[[[103.878643,1.334817],[103.878694,1.334787],[103.87867,1.334733],[103.87864,1.334747],[103.878631,1.334726],[103.878606,1.334738],[103.8786,1.334725],[103.878587,1.334731],[103.878572,1.334689],[103.878642,1.334652],[103.878645,1.334659],[103.878672,1.334652],[103.878699,1.334635],[103.878696,1.334627],[103.878771,1.334598],[103.878792,1.334637],[103.878778,1.334643],[103.878784,1.334656],[103.87876,1.334668],[103.878769,1.334688],[103.87874,1.334701],[103.878746,1.334713],[103.878766,1.334704],[103.878794,1.334753],[103.878811,1.334745],[103.878819,1.334762],[103.878836,1.334754],[103.878845,1.334774],[103.87887,1.334762],[103.878893,1.334812],[103.878737,1.334884],[103.878714,1.334834],[103.878739,1.334823],[103.87873,1.334803],[103.878665,1.334824],[103.878663,1.334835],[103.878682,1.334839],[103.878678,1.334861],[103.878704,1.334866],[103.878693,1.33492],[103.878524,1.334885],[103.878535,1.33483],[103.878563,1.334836],[103.878567,1.334817],[103.878544,1.334812],[103.878549,1.334785],[103.878594,1.334798],[103.878593,1.334806],[103.878643,1.334817]]]}},{"type":"Feature","properties":{"block_id":"6292","blk_no":"8","postal_code":"360008","region_id":"CR","region":"CENTRAL REGION","planning_area_id":"TP","planning_area":"TOA PAYOH","subzone_id":"TPSZ12","subzone":"JOO SENG","lon":103.8787,"lat":1.3352,"property_match":"MATCHED","property_match_confidence":"HIGH","street":"JOO SENG RD","residential":"Y","year_completed":1993,"building_age_2026":33,"max_floor_lvl":18,"total_dwelling_units":69,"small_flat_share_pct":0.0,"rental_share_pct":0.0,"footprint_area_m2":897.5,"estimated_residents_2026":193.7,"estimated_elderly_65plus_2026":55.7,"estimated_elderly_share_pct":28.75,"elderly_exposure_score":48.3,"elderly_exposure_class":"MODERATE","estimate_confidence":"HIGH","display_name":"Block 8"},"geometry":{"type":"Polygon","coordinates":[[[103.87872,1.335141],[103.878731,1.335171],[103.878748,1.335163],[103.878736,1.335135],[103.878744,1.335123],[103.878854,1.33508],[103.878865,1.335108],[103.878882,1.3351],[103.87887,1.335074],[103.878881,1.335069],[103.878878,1.335062],[103.878963,1.33503],[103.879002,1.335118],[103.878976,1.335129],[103.878984,1.335144],[103.87897,1.33515],[103.878964,1.335135],[103.878831,1.335195],[103.878849,1.335235],[103.878812,1.335255],[103.878796,1.335259],[103.878784,1.335233],[103.878818,1.335217],[103.878812,1.335203],[103.878667,1.33527],[103.878691,1.335307],[103.878575,1.33536],[103.878595,1.335403],[103.878484,1.335453],[103.878439,1.335333],[103.878432,1.335336],[103.878404,1.335276],[103.878514,1.335225],[103.878541,1.335286],[103.878564,1.335275],[103.878559,1.335262],[103.878598,1.335244],[103.878592,1.335231],[103.878613,1.335222],[103.878602,1.335196],[103.878609,1.335183],[103.87872,1.335141]]]}},{"type":"Feature","properties":{"block_id":"10336","blk_no":"9","postal_code":"360009","region_id":"CR","region":"CENTRAL REGION","planning_area_id":"TP","planning_area":"TOA PAYOH","subzone_id":"TPSZ12","subzone":"JOO SENG","lon":103.8794,"lat":1.3349,"property_match":"MATCHED","property_match_confidence":"HIGH","street":"JOO SENG RD","residential":"Y","year_completed":2015,"building_age_2026":11,"max_floor_lvl":18,"total_dwelling_units":146,"small_flat_share_pct":23.29,"rental_share_pct":0.0,"footprint_area_m2":1184.5,"estimated_residents_2026":388.0,"estimated_elderly_65plus_2026":105.1,"estimated_elderly_share_pct":27.08,"elderly_exposure_score":89.7,"elderly_exposure_class":"VERY HIGH","estimate_confidence":"HIGH","display_name":"Block 9"},"geometry":{"type":"Polygon","coordinates":[[[103.879447,1.334794],[103.87952,1.334751],[103.879523,1.334759],[103.879548,1.33475],[103.879577,1.334734],[103.879574,1.334727],[103.87965,1.334697],[103.879669,1.334737],[103.879656,1.334743],[103.879662,1.334757],[103.879637,1.334768],[103.879646,1.334787],[103.879617,1.3348],[103.879623,1.334812],[103.879612,1.334823],[103.879529,1.334862],[103.879537,1.33488],[103.879584,1.334864],[103.879589,1.334884],[103.879565,1.334895],[103.879572,1.33491],[103.879601,1.334897],[103.87961,1.334917],[103.879635,1.334906],[103.879641,1.334919],[103.879653,1.334913],[103.879671,1.334953],[103.879599,1.334993],[103.879596,1.334985],[103.879565,1.334994],[103.879546,1.335016],[103.879468,1.335047],[103.879449,1.335007],[103.879462,1.335001],[103.879456,1.334987],[103.879481,1.334975],[103.879472,1.334956],[103.879501,1.334943],[103.879476,1.334888],[103.879406,1.334918],[103.879424,1.334958],[103.879387,1.334975],[103.879364,1.334933],[103.87932,1.334953],[103.879328,1.33497],[103.879352,1.334959],[103.879359,1.334974],[103.879371,1.334968],[103.879389,1.335006],[103.879317,1.335047],[103.879313,1.335038],[103.879283,1.335049],[103.879259,1.335064],[103.879263,1.335071],[103.879211,1.335095],[103.879186,1.335101],[103.879167,1.335061],[103.879181,1.335055],[103.879175,1.335041],[103.879199,1.33503],[103.879191,1.335011],[103.879068,1.335082],[103.879056,1.335056],[103.879069,1.33505],[103.879061,1.335032],[103.879036,1.335044],[103.879029,1.33503],[103.879015,1.335036],[103.878997,1.334996],[103.879072,1.334956],[103.879076,1.334964],[103.879107,1.334953],[103.879129,1.334939],[103.879126,1.334932],[103.879177,1.334908],[103.879203,1.334902],[103.879221,1.334942],[103.879208,1.334948],[103.879214,1.334961],[103.879189,1.334973],[103.879197,1.334991],[103.879309,1.33494],[103.879301,1.334922],[103.879277,1.334934],[103.879255,1.334884],[103.879303,1.334855],[103.879307,1.334862],[103.879328,1.334852],[103.879341,1.334865],[103.879361,1.334856],[103.879358,1.334839],[103.879406,1.334807],[103.879432,1.334802],[103.879454,1.334852],[103.879429,1.334863],[103.879437,1.334882],[103.879517,1.334846],[103.879509,1.334827],[103.879484,1.334838],[103.879478,1.334824],[103.879464,1.334831],[103.879447,1.334794]]]}},{"type":"Feature","properties":{"block_id":"10338","blk_no":"9A","postal_code":"361009","region_id":"CR","region":"CENTRAL REGION","planning_area_id":"TP","planning_area":"TOA PAYOH","subzone_id":"TPSZ12","subzone":"JOO SENG","lon":103.8797,"lat":1.3349,"property_match":"MATCHED","property_match_confidence":"HIGH","street":"JOO SENG RD","residential":"N","year_completed":2016,"building_age_2026":10,"max_floor_lvl":1,"total_dwelling_units":0,"small_flat_share_pct":null,"rental_share_pct":null,"footprint_area_m2":131.5,"estimated_residents_2026":0.0,"estimated_elderly_65plus_2026":0.0,"estimated_elderly_share_pct":null,"elderly_exposure_score":null,"elderly_exposure_class":null,"estimate_confidence":"HIGH","display_name":"Block 9A"},"geometry":{"type":"Polygon","coordinates":[[[103.879787,1.334896],[103.87978,1.334927],[103.879729,1.33495],[103.879678,1.334833],[103.879733,1.334772],[103.879787,1.334896]]]}},{"type":"Feature","properties":{"block_id":"7948","blk_no":"194","postal_code":"310194","region_id":"CR","region":"CENTRAL REGION","planning_area_id":"TP","planning_area":"TOA PAYOH","subzone_id":"TPSZ07","subzone":"KIM KEAT","lon":103.8582,"lat":1.331,"property_match":"MATCHED","property_match_confidence":"HIGH","street":"KIM KEAT AVE","residential":"Y","year_completed":1973,"building_age_2026":53,"max_floor_lvl":12,"total_dwelling_units":199,"small_flat_share_pct":97.49,"rental_share_pct":0.0,"footprint_area_m2":2064.9,"estimated_residents_2026":446.1,"estimated_elderly_65plus_2026":122.0,"estimated_elderly_share_pct":27.34,"elderly_exposure_score":93.7,"elderly_exposure_class":"VERY HIGH","estimate_confidence":"HIGH","display_name":"Block 194"},"geometry":{"type":"Polygon","coordinates":[[[103.858137,1.33036],[103.858146,1.33036],[103.858146,1.33032],[103.858246,1.330319],[103.858246,1.330455],[103.85826,1.330456],[103.85826,1.330518],[103.858246,1.330518],[103.858246,1.330901],[103.858285,1.330901],[103.858285,1.331013],[103.858246,1.331013],[103.858245,1.331395],[103.85826,1.331395],[103.85826,1.331458],[103.858245,1.331458],[103.858245,1.331552],[103.858228,1.331554],[103.858136,1.331554],[103.858136,1.331537],[103.858096,1.331536],[103.858096,1.33151],[103.858118,1.33151],[103.858118,1.331479],[103.858096,1.331479],[103.858096,1.331453],[103.858138,1.331453],[103.858139,1.331399],[103.858096,1.331399],[103.858096,1.331373],[103.858118,1.331373],[103.858118,1.331342],[103.858096,1.331342],[103.858096,1.331315],[103.858139,1.331315],[103.858139,1.331289],[103.858096,1.331289],[103.858096,1.331263],[103.858118,1.331263],[103.858118,1.331232],[103.858096,1.331232],[103.858096,1.331206],[103.858139,1.331206],[103.858139,1.331178],[103.858096,1.331178],[103.858096,1.331152],[103.858118,1.331152],[103.858118,1.331121],[103.858096,1.331121],[103.858096,1.331095],[103.858139,1.331095],[103.858139,1.331068],[103.858096,1.331068],[103.858096,1.331043],[103.858118,1.331043],[103.858118,1.331011],[103.858096,1.331011],[103.858096,1.330985],[103.858139,1.330985],[103.858139,1.330928],[103.858096,1.330928],[103.858096,1.330902],[103.858118,1.330902],[103.858118,1.330871],[103.858096,1.330871],[103.858096,1.330845],[103.858139,1.330845],[103.858139,1.330819],[103.858096,1.330819],[103.858096,1.330791],[103.858118,1.330791],[103.858118,1.330761],[103.858096,1.330761],[103.858096,1.330735],[103.85814,1.330735],[103.85814,1.330723],[103.858118,1.330723],[103.858118,1.330708],[103.858096,1.330708],[103.858096,1.330682],[103.858117,1.330682],[103.858117,1.330651],[103.858096,1.330651],[103.858096,1.330625],[103.858117,1.330625],[103.858117,1.330598],[103.858096,1.330598],[103.858096,1.330572],[103.858118,1.330572],[103.858118,1.330541],[103.858096,1.330541],[103.858096,1.330515],[103.858116,1.330515],[103.858116,1.330501],[103.85814,1.330501],[103.858138,1.33046],[103.858096,1.33046],[103.858096,1.330435],[103.858118,1.330435],[103.858118,1.330403],[103.858096,1.330403],[103.858096,1.330377],[103.858137,1.330376],[103.858137,1.33036]]]}},{"type":"Feature","properties":{"block_id":"2062","blk_no":"194A","postal_code":"311194","region_id":"CR","region":"CENTRAL REGION","planning_area_id":"TP","planning_area":"TOA PAYOH","subzone_id":"TPSZ07","subzone":"KIM KEAT","lon":103.8586,"lat":1.3312,"property_match":"MATCHED","property_match_confidence":"HIGH","street":"KIM KEAT AVE","residential":"N","year_completed":2005,"building_age_2026":21,"max_floor_lvl":3,"total_dwelling_units":0,"small_flat_share_pct":null,"rental_share_pct":null,"footprint_area_m2":2861.7,"estimated_residents_2026":0.0,"estimated_elderly_65plus_2026":0.0,"estimated_elderly_share_pct":null,"elderly_exposure_score":null,"elderly_exposure_class":null,"estimate_confidence":"HIGH","display_name":"Block 194A"},"geometry":{"type":"Polygon","coordinates":[[[103.858368,1.331298],[103.858388,1.331298],[103.858388,1.330807],[103.858407,1.330807],[103.858407,1.330756],[103.858532,1.330756],[103.858532,1.330807],[103.858568,1.330807],[103.858568,1.330757],[103.858648,1.330756],[103.858648,1.330739],[103.858705,1.330739],[103.858712,1.331395],[103.858694,1.331395],[103.858694,1.331419],[103.858635,1.33142],[103.858634,1.331533],[103.858557,1.331533],[103.858557,1.331464],[103.858368,1.331464],[103.858368,1.331298]]]}},{"type":"Feature","properties":{"block_id":"8064","blk_no":"195","postal_code":"310195","region_id":"CR","region":"CENTRAL REGION","planning_area_id":"TP","planning_area":"TOA PAYOH","subzone_id":"TPSZ07","subzone":"KIM KEAT","lon":103.8588,"lat":1.3304,"property_match":"MATCHED","property_match_confidence":"HIGH","street":"KIM KEAT AVE","residential":"Y","year_completed":1973,"building_age_2026":53,"max_floor_lvl":12,"total_dwelling_units":539,"small_flat_share_pct":97.96,"rental_share_pct":0.0,"footprint_area_m2":4482.2,"estimated_residents_2026":1206.0,"estimated_elderly_65plus_2026":329.6,"estimated_elderly_share_pct":27.33,"elderly_exposure_score":100.0,"elderly_exposure_class":"VERY HIGH","estimate_confidence":"HIGH","display_name":"Block 195"},"geometry":{"type":"Polygon","coordinates":[[[103.858699,1.33021],[103.858687,1.330251],[103.858663,1.330244],[103.858669,1.330224],[103.858638,1.330215],[103.858633,1.330236],[103.858609,1.330229],[103.858619,1.330188],[103.858594,1.330181],[103.858581,1.330221],[103.858557,1.330214],[103.858563,1.330194],[103.858531,1.330186],[103.858526,1.330206],[103.858501,1.330199],[103.858512,1.330158],[103.858458,1.330143],[103.858446,1.330183],[103.858422,1.330176],[103.858427,1.330156],[103.858398,1.330149],[103.858393,1.330168],[103.858369,1.330161],[103.858379,1.330121],[103.858353,1.330114],[103.858341,1.330154],[103.858317,1.330147],[103.858323,1.330128],[103.858291,1.330119],[103.858286,1.330138],[103.858262,1.330132],[103.858272,1.330091],[103.858246,1.330084],[103.858234,1.330124],[103.85821,1.330117],[103.858215,1.330097],[103.858185,1.330089],[103.85818,1.330109],[103.858156,1.330102],[103.858166,1.330061],[103.858141,1.330054],[103.858129,1.330094],[103.858105,1.330087],[103.85811,1.330068],[103.85808,1.33006],[103.858074,1.330079],[103.85805,1.330072],[103.858059,1.330031],[103.85802,1.33002],[103.858049,1.329916],[103.858077,1.329924],[103.858073,1.329941],[103.858434,1.330042],[103.858452,1.329978],[103.858601,1.33002],[103.858583,1.330083],[103.859051,1.330214],[103.859056,1.330198],[103.859085,1.330206],[103.85908,1.330222],[103.8595,1.33034],[103.859505,1.330324],[103.859533,1.330332],[103.859548,1.33046],[103.859542,1.330942],[103.859526,1.330942],[103.859526,1.330959],[103.859496,1.330959],[103.859496,1.330942],[103.859233,1.330942],[103.859233,1.330949],[103.859213,1.330949],[103.859213,1.330942],[103.858847,1.330942],[103.858847,1.330949],[103.858827,1.330949],[103.858809,1.330944],[103.858809,1.330926],[103.858766,1.330925],[103.858766,1.33084],[103.858809,1.33084],[103.858809,1.330457],[103.858792,1.330457],[103.858792,1.330427],[103.858824,1.330427],[103.858824,1.330394],[103.858898,1.330394],[103.858899,1.330469],[103.858941,1.33047],[103.858941,1.330495],[103.858919,1.330495],[103.858919,1.330524],[103.858941,1.330524],[103.858941,1.33055],[103.858897,1.330551],[103.858898,1.330579],[103.858941,1.33058],[103.858941,1.330605],[103.858919,1.330606],[103.858919,1.330634],[103.858941,1.330634],[103.858941,1.330659],[103.858897,1.33066],[103.858897,1.33069],[103.858941,1.330691],[103.858941,1.330716],[103.858919,1.330716],[103.858919,1.330745],[103.858941,1.330745],[103.858941,1.330771],[103.858897,1.330771],[103.858897,1.330802],[103.858941,1.330803],[103.858941,1.330828],[103.858919,1.330828],[103.858919,1.330858],[103.858941,1.330858],[103.858941,1.330883],[103.858899,1.330883],[103.858896,1.330923],[103.858949,1.330923],[103.858948,1.330851],[103.858962,1.330851],[103.858963,1.33081],[103.858988,1.33081],[103.858988,1.330832],[103.85902,1.330832],[103.85902,1.33081],[103.859045,1.33081],[103.859046,1.330853],[103.859072,1.330853],[103.859073,1.330809],[103.859098,1.330809],[103.859098,1.330831],[103.859129,1.330831],[103.859129,1.330809],[103.859154,1.330809],[103.859155,1.330853],[103.859181,1.330853],[103.859182,1.330809],[103.859208,1.330809],[103.859208,1.330831],[103.859239,1.330831],[103.859239,1.330809],[103.859264,1.330809],[103.859265,1.330853],[103.859291,1.330853],[103.859292,1.330809],[103.859317,1.330809],[103.859317,1.330831],[103.859348,1.330831],[103.859348,1.330809],[103.859373,1.330809],[103.859375,1.330853],[103.859401,1.330852],[103.859401,1.330809],[103.859426,1.330809],[103.859426,1.33083],[103.859458,1.33083],[103.859458,1.330809],[103.859483,1.330809],[103.859483,1.330851],[103.859523,1.330854],[103.859523,1.330802],[103.859452,1.330801],[103.859452,1.330787],[103.859409,1.330786],[103.859409,1.330761],[103.859431,1.330761],[103.859431,1.330729],[103.859409,1.330729],[103.859409,1.330704],[103.859453,1.330703],[103.859453,1.330676],[103.859409,1.330676],[103.859409,1.33065],[103.859432,1.33065],[103.859432,1.330619],[103.859409,1.330619],[103.859409,1.330593],[103.859453,1.330593],[103.859453,1.330566],[103.859409,1.330565],[103.859409,1.33054],[103.859431,1.33054],[103.859431,1.330508],[103.859409,1.330508],[103.859409,1.330483],[103.859452,1.330482],[103.859452,1.330468],[103.859496,1.330468],[103.859505,1.330435],[103.859464,1.330424],[103.859452,1.330465],[103.859428,1.330459],[103.859434,1.330437],[103.859404,1.330429],[103.859398,1.33045],[103.859374,1.330444],[103.859385,1.330401],[103.859359,1.330394],[103.859347,1.330436],[103.859323,1.330429],[103.859329,1.330408],[103.859298,1.330399],[103.859292,1.330421],[103.859268,1.330414],[103.859279,1.330371],[103.859254,1.330364],[103.859241,1.330406],[103.859217,1.330399],[103.859223,1.330378],[103.859193,1.33037],[103.859187,1.330391],[103.859163,1.330384],[103.859173,1.330342],[103.859148,1.330335],[103.859135,1.330377],[103.859111,1.33037],[103.859117,1.330349],[103.859087,1.33034],[103.859081,1.330361],[103.859057,1.330355],[103.859068,1.330312],[103.859014,1.330298],[103.859002,1.330339],[103.858978,1.330332],[103.858984,1.330311],[103.858956,1.330304],[103.85895,1.330325],[103.858926,1.330318],[103.858936,1.330276],[103.858911,1.330269],[103.858899,1.33031],[103.858874,1.330303],[103.85888,1.330283],[103.85885,1.330274],[103.858844,1.330295],[103.85882,1.330288],[103.858831,1.330247],[103.858805,1.330239],[103.858793,1.33028],[103.858769,1.330274],[103.858774,1.330253],[103.858744,1.330245],[103.858739,1.330265],[103.858714,1.330259],[103.858725,1.330217],[103.858699,1.33021]]]}},{"type":"Feature","properties":{"block_id":"4142","blk_no":"195A","postal_code":"311195","region_id":"CR","region":"CENTRAL REGION","planning_area_id":"TP","planning_area":"TOA PAYOH","subzone_id":"TPSZ07","subzone":"KIM KEAT","lon":103.8586,"lat":1.3304,"property_match":"MATCHED","property_match_confidence":"HIGH","street":"KIM KEAT AVE","residential":"N","year_completed":2005,"building_age_2026":21,"max_floor_lvl":1,"total_dwelling_units":0,"small_flat_share_pct":null,"rental_share_pct":null,"footprint_area_m2":164.9,"estimated_residents_2026":0.0,"estimated_elderly_65plus_2026":0.0,"estimated_elderly_share_pct":null,"elderly_exposure_score":null,"elderly_exposure_class":null,"estimate_confidence":"HIGH","display_name":"Block 195A"},"geometry":{"type":"Polygon","coordinates":[[[103.858535,1.330332],[103.85863,1.330332],[103.85863,1.330473],[103.858535,1.330473],[103.858535,1.330332]]]}},{"type":"Feature","properties":{"block_id":"12035","blk_no":"196","postal_code":"310196","region_id":"CR","region":"CENTRAL REGION","planning_area_id":"TP","planning_area":"TOA PAYOH","subzone_id":"TPSZ07","subzone":"KIM KEAT","lon":103.859,"lat":1.3313,"property_match":"MATCHED","property_match_confidence":"HIGH","street":"KIM KEAT AVE","residential":"Y","year_completed":2015,"building_age_2026":11,"max_floor_lvl":25,"total_dwelling_units":188,"small_flat_share_pct":100.0,"rental_share_pct":0.0,"footprint_area_m2":966.0,"estimated_residents_2026":226.7,"estimated_elderly_65plus_2026":193.5,"estimated_elderly_share_pct":85.37,"elderly_exposure_score":99.1,"elderly_exposure_class":"VERY HIGH","estimate_confidence":"HIGH","display_name":"Block 196"},"geometry":{"type":"Polygon","coordinates":[[[103.859286,1.331295],[103.859286,1.331306],[103.859269,1.331306],[103.859269,1.331323],[103.859281,1.331323],[103.859281,1.331362],[103.859158,1.331362],[103.859158,1.331324],[103.85917,1.331324],[103.85917,1.331305],[103.859152,1.331305],[103.859152,1.331289],[103.859142,1.331289],[103.859142,1.331345],[103.859067,1.331346],[103.85906,1.33129],[103.85906,1.331375],[103.859046,1.331393],[103.858881,1.331394],[103.858863,1.33138],[103.858863,1.331298],[103.858883,1.331285],[103.858947,1.331285],[103.858947,1.331271],[103.858895,1.331271],[103.858895,1.331247],[103.85898,1.331256],[103.85898,1.331238],[103.85897,1.331238],[103.858972,1.331205],[103.85902,1.331218],[103.859072,1.331205],[103.859075,1.331238],[103.859065,1.331238],[103.859065,1.331256],[103.859115,1.331267],[103.859115,1.331225],[103.859156,1.331225],[103.859156,1.331266],[103.859186,1.331256],[103.859177,1.331202],[103.859293,1.331202],[103.859285,1.331256],[103.859302,1.331256],[103.859302,1.331271],[103.859313,1.331271],[103.859313,1.331256],[103.859453,1.331259],[103.859483,1.331283],[103.859493,1.331329],[103.859483,1.331356],[103.859452,1.33138],[103.859368,1.331383],[103.859368,1.331366],[103.859353,1.331366],[103.859353,1.331356],[103.859312,1.331356],[103.859312,1.331295],[103.859286,1.331295]]]}},{"type":"Feature","properties":{"block_id":"7460","blk_no":"241","postal_code":"310241","region_id":"CR","region":"CENTRAL REGION","planning_area_id":"TP","planning_area":"TOA PAYOH","subzone_id":"TPSZ07","subzone":"KIM KEAT","lon":103.8555,"lat":1.3303,"property_match":"MATCHED","property_match_confidence":"HIGH","street":"KIM KEAT LINK","residential":"Y","year_completed":1988,"building_age_2026":38,"max_floor_lvl":9,"total_dwelling_units":64,"small_flat_share_pct":0.0,"rental_share_pct":0.0,"footprint_area_m2":1140.7,"estimated_residents_2026":187.4,"estimated_elderly_65plus_2026":34.8,"estimated_elderly_share_pct":18.55,"elderly_exposure_score":22.6,"elderly_exposure_class":"LOW","estimate_confidence":"HIGH","display_name":"Block 241"},"geometry":{"type":"Polygon","coordinates":[[[103.856148,1.330557],[103.856116,1.330554],[103.855405,1.330563],[103.855496,1.330226],[103.855599,1.330254],[103.855549,1.330438],[103.855526,1.330432],[103.855534,1.330517],[103.855581,1.330516],[103.85558,1.330454],[103.855855,1.330451],[103.855855,1.330472],[103.855909,1.330471],[103.855909,1.33045],[103.855996,1.330449],[103.855997,1.330511],[103.856044,1.330511],[103.856049,1.33046],[103.856146,1.330459],[103.856148,1.330557]]]}},{"type":"Feature","properties":{"block_id":"3769","blk_no":"242","postal_code":"310242","region_id":"CR","region":"CENTRAL REGION","planning_area_id":"TP","planning_area":"TOA PAYOH","subzone_id":"TPSZ07","subzone":"KIM KEAT","lon":103.8556,"lat":1.3301,"property_match":"MATCHED","property_match_confidence":"HIGH","street":"KIM KEAT LINK","residential":"Y","year_completed":1988,"building_age_2026":38,"max_floor_lvl":4,"total_dwelling_units":46,"small_flat_share_pct":0.0,"rental_share_pct":0.0,"footprint_area_m2":1738.6,"estimated_residents_2026":132.7,"estimated_elderly_65plus_2026":21.9,"estimated_elderly_share_pct":16.53,"elderly_exposure_score":11.8,"elderly_exposure_class":"VERY LOW","estimate_confidence":"HIGH","display_name":"Block 242"},"geometry":{"type":"Polygon","coordinates":[[[103.855854,1.329952],[103.855853,1.329938],[103.855832,1.329938],[103.855822,1.329912],[103.855718,1.329913],[103.855718,1.329872],[103.855701,1.329873],[103.855701,1.329851],[103.855687,1.329852],[103.855687,1.329873],[103.855671,1.329873],[103.855666,1.329893],[103.855694,1.3299],[103.855667,1.329968],[103.855684,1.329989],[103.855678,1.330012],[103.855665,1.330008],[103.855633,1.330128],[103.855646,1.330131],[103.85564,1.330154],[103.855622,1.330166],[103.855634,1.330176],[103.855627,1.330199],[103.855614,1.330196],[103.855599,1.330254],[103.855496,1.330226],[103.855609,1.329808],[103.855897,1.329804],[103.855903,1.330232],[103.856143,1.330229],[103.856146,1.330459],[103.856045,1.33046],[103.856045,1.330437],[103.856026,1.330426],[103.856025,1.330403],[103.856039,1.330402],[103.856038,1.330338],[103.856048,1.330338],[103.856047,1.33031],[103.856041,1.330297],[103.856025,1.330297],[103.856025,1.330276],[103.85601,1.330276],[103.85601,1.330297],[103.855994,1.330297],[103.855995,1.330337],[103.855909,1.330338],[103.855908,1.330329],[103.855881,1.33033],[103.85588,1.330274],[103.855797,1.330275],[103.855796,1.330213],[103.855783,1.330213],[103.855782,1.330189],[103.855796,1.330183],[103.855795,1.330079],[103.855804,1.330079],[103.855803,1.330056],[103.855794,1.330056],[103.855793,1.329969],[103.855833,1.329969],[103.855832,1.329952],[103.855854,1.329952]]]}},{"type":"Feature","properties":{"block_id":"8750","blk_no":"243","postal_code":"310243","region_id":"CR","region":"CENTRAL REGION","planning_area_id":"TP","planning_area":"TOA PAYOH","subzone_id":"TPSZ07","subzone":"KIM KEAT","lon":103.8565,"lat":1.3302,"property_match":"MATCHED","property_match_confidence":"HIGH","street":"KIM KEAT LINK","residential":"Y","year_completed":1988,"building_age_2026":38,"max_floor_lvl":4,"total_dwelling_units":16,"small_flat_share_pct":0.0,"rental_share_pct":0.0,"footprint_area_m2":584.9,"estimated_residents_2026":47.5,"estimated_elderly_65plus_2026":9.6,"estimated_elderly_share_pct":20.29,"elderly_exposure_score":3.5,"elderly_exposure_class":"VERY LOW","estimate_confidence":"HIGH","display_name":"Block 243"},"geometry":{"type":"Polygon","coordinates":[[[103.856402,1.33028],[103.856409,1.330323],[103.856301,1.330324],[103.8563,1.330226],[103.856739,1.33015],[103.856757,1.330258],[103.856697,1.330269],[103.856699,1.330282],[103.856676,1.330286],[103.856665,1.330274],[103.856654,1.33029],[103.85663,1.330294],[103.856628,1.330281],[103.856568,1.330291],[103.856566,1.330282],[103.856542,1.330286],[103.856543,1.330295],[103.856457,1.33031],[103.85645,1.330271],[103.856433,1.330274],[103.856429,1.330252],[103.856417,1.330254],[103.85642,1.330277],[103.856402,1.33028]]]}},{"type":"Feature","properties":{"block_id":"6552","blk_no":"244","postal_code":"310244","region_id":"CR","region":"CENTRAL REGION","planning_area_id":"TP","planning_area":"TOA PAYOH","subzone_id":"TPSZ07","subzone":"KIM KEAT","lon":103.8564,"lat":1.3307,"property_match":"MATCHED","property_match_confidence":"HIGH","street":"KIM KEAT LINK","residential":"Y","year_completed":1988,"building_age_2026":38,"max_floor_lvl":9,"total_dwelling_units":56,"small_flat_share_pct":0.0,"rental_share_pct":0.0,"footprint_area_m2":971.1,"estimated_residents_2026":168.3,"estimated_elderly_65plus_2026":37.0,"estimated_elderly_share_pct":21.98,"elderly_exposure_score":24.4,"elderly_exposure_class":"LOW","estimate_confidence":"HIGH","display_name":"Block 244"},"geometry":{"type":"Polygon","coordinates":[[[103.856395,1.330877],[103.856416,1.330877],[103.856419,1.331067],[103.856311,1.331068],[103.856301,1.330324],[103.856409,1.330323],[103.856411,1.330513],[103.856403,1.330513],[103.856403,1.330535],[103.856412,1.330535],[103.856415,1.330824],[103.856395,1.330824],[103.856395,1.330877]]]}},{"type":"Feature","properties":{"block_id":"4365","blk_no":"245","postal_code":"310245","region_id":"CR","region":"CENTRAL REGION","planning_area_id":"TP","planning_area":"TOA PAYOH","subzone_id":"TPSZ07","subzone":"KIM KEAT","lon":103.8567,"lat":1.3311,"property_match":"MATCHED","property_match_confidence":"HIGH","street":"KIM KEAT LINK","residential":"Y","year_completed":1988,"building_age_2026":38,"max_floor_lvl":4,"total_dwelling_units":20,"small_flat_share_pct":0.0,"rental_share_pct":0.0,"footprint_area_m2":718.6,"estimated_residents_2026":58.9,"estimated_elderly_65plus_2026":11.3,"estimated_elderly_share_pct":19.25,"elderly_exposure_score":4.8,"elderly_exposure_class":"VERY LOW","estimate_confidence":"HIGH","display_name":"Block 245"},"geometry":{"type":"Polygon","coordinates":[[[103.856419,1.331067],[103.856423,1.331095],[103.856441,1.331091],[103.856445,1.331112],[103.856456,1.33111],[103.856453,1.331089],[103.85647,1.331086],[103.856463,1.331045],[103.856573,1.331034],[103.856587,1.33101],[103.85661,1.331006],[103.856612,1.33102],[103.856729,1.331],[103.856727,1.330986],[103.85675,1.330982],[103.856768,1.330994],[103.856774,1.330978],[103.856797,1.330974],[103.856799,1.330988],[103.856858,1.330978],[103.856877,1.331085],[103.85633,1.331181],[103.856327,1.331068],[103.856419,1.331067]]]}},{"type":"Feature","properties":{"block_id":"6029","blk_no":"246","postal_code":"310246","region_id":"CR","region":"CENTRAL REGION","planning_area_id":"TP","planning_area":"TOA PAYOH","subzone_id":"TPSZ07","subzone":"KIM KEAT","lon":103.8561,"lat":1.3309,"property_match":"MATCHED","property_match_confidence":"HIGH","street":"KIM KEAT LINK","residential":"Y","year_completed":1988,"building_age_2026":38,"max_floor_lvl":9,"total_dwelling_units":96,"small_flat_share_pct":0.0,"rental_share_pct":0.0,"footprint_area_m2":1711.6,"estimated_residents_2026":282.4,"estimated_elderly_65plus_2026":54.0,"estimated_elderly_share_pct":19.13,"elderly_exposure_score":46.3,"elderly_exposure_class":"MODERATE","estimate_confidence":"HIGH","display_name":"Block 246"},"geometry":{"type":"Polygon","coordinates":[[[103.8557,1.330837],[103.855511,1.33084],[103.855509,1.33073],[103.85615,1.330722],[103.856155,1.331042],[103.856178,1.331041],[103.856179,1.331126],[103.855656,1.331132],[103.855654,1.331024],[103.856108,1.331024],[103.856108,1.330977],[103.856046,1.330977],[103.856045,1.330888],[103.856064,1.330888],[103.856064,1.330836],[103.856053,1.330836],[103.856048,1.330771],[103.856001,1.330772],[103.856002,1.330834],[103.855725,1.330837],[103.855725,1.330827],[103.8557,1.330827],[103.8557,1.330837]]]}},{"type":"Feature","properties":{"block_id":"6858","blk_no":"247","postal_code":"310247","region_id":"CR","region":"CENTRAL REGION","planning_area_id":"TP","planning_area":"TOA PAYOH","subzone_id":"TPSZ07","subzone":"KIM KEAT","lon":103.8552,"lat":1.3313,"property_match":"MATCHED","property_match_confidence":"HIGH","street":"KIM KEAT LINK","residential":"Y","year_completed":1988,"building_age_2026":38,"max_floor_lvl":9,"total_dwelling_units":96,"small_flat_share_pct":0.0,"rental_share_pct":0.0,"footprint_area_m2":1684.8,"estimated_residents_2026":286.0,"estimated_elderly_65plus_2026":59.7,"estimated_elderly_share_pct":20.85,"elderly_exposure_score":53.6,"elderly_exposure_class":"MODERATE","estimate_confidence":"HIGH","display_name":"Block 247"},"geometry":{"type":"Polygon","coordinates":[[[103.855605,1.331727],[103.855576,1.331824],[103.855493,1.331792],[103.855402,1.331737],[103.85533,1.331675],[103.855261,1.331594],[103.855216,1.331518],[103.855177,1.331418],[103.855154,1.331295],[103.855307,1.330733],[103.855509,1.33073],[103.855511,1.33084],[103.85538,1.330842],[103.85538,1.330825],[103.855327,1.330826],[103.855324,1.330837],[103.85535,1.330853],[103.855345,1.330871],[103.855376,1.330887],[103.85528,1.331247],[103.855259,1.331241],[103.855245,1.331292],[103.855255,1.331291],[103.855274,1.331389],[103.855328,1.331512],[103.855416,1.331625],[103.855514,1.331689],[103.855605,1.331727]]]}},{"type":"Feature","properties":{"block_id":"4523","blk_no":"248","postal_code":"310248","region_id":"CR","region":"CENTRAL REGION","planning_area_id":"TP","planning_area":"TOA PAYOH","subzone_id":"TPSZ07","subzone":"KIM KEAT","lon":103.8561,"lat":1.3316,"property_match":"MATCHED","property_match_confidence":"HIGH","street":"KIM KEAT LINK","residential":"Y","year_completed":1988,"building_age_2026":38,"max_floor_lvl":13,"total_dwelling_units":120,"small_flat_share_pct":0.0,"rental_share_pct":0.0,"footprint_area_m2":1708.0,"estimated_residents_2026":352.1,"estimated_elderly_65plus_2026":66.1,"estimated_elderly_share_pct":18.78,"elderly_exposure_score":61.0,"elderly_exposure_class":"HIGH","estimate_confidence":"HIGH","display_name":"Block 248"},"geometry":{"type":"Polygon","coordinates":[[[103.855656,1.33185],[103.855576,1.331824],[103.855601,1.331741],[103.855644,1.331748],[103.855644,1.331725],[103.855617,1.331699],[103.855616,1.33164],[103.85564,1.33164],[103.855639,1.331609],[103.856013,1.331605],[103.856014,1.331666],[103.856061,1.331666],[103.856063,1.331602],[103.856075,1.331602],[103.856074,1.331549],[103.856054,1.331549],[103.856052,1.33146],[103.856114,1.331459],[103.856113,1.331412],[103.856082,1.331409],[103.856056,1.331419],[103.855876,1.331421],[103.855876,1.331411],[103.85585,1.331412],[103.855851,1.331422],[103.85566,1.331424],[103.855658,1.331316],[103.856182,1.331309],[103.856183,1.331391],[103.856159,1.331391],[103.856165,1.331711],[103.855691,1.331718],[103.855693,1.33185],[103.855656,1.33185]]]}},{"type":"Feature","properties":{"block_id":"3895","blk_no":"249","postal_code":"310249","region_id":"CR","region":"CENTRAL REGION","planning_area_id":"TP","planning_area":"TOA PAYOH","subzone_id":"TPSZ07","subzone":"KIM KEAT","lon":103.8564,"lat":1.3314,"property_match":"MATCHED","property_match_confidence":"HIGH","street":"KIM KEAT LINK","residential":"Y","year_completed":1988,"building_age_2026":38,"max_floor_lvl":9,"total_dwelling_units":64,"small_flat_share_pct":0.0,"rental_share_pct":0.0,"footprint_area_m2":1128.0,"estimated_residents_2026":187.4,"estimated_elderly_65plus_2026":34.8,"estimated_elderly_share_pct":18.55,"elderly_exposure_score":22.6,"elderly_exposure_class":"LOW","estimate_confidence":"HIGH","display_name":"Block 249"},"geometry":{"type":"Polygon","coordinates":[[[103.856314,1.33132],[103.856982,1.331205],[103.857,1.331312],[103.856813,1.331344],[103.856809,1.331323],[103.856756,1.331333],[103.85676,1.331353],[103.856489,1.3314],[103.856478,1.331339],[103.856432,1.331347],[103.856427,1.331406],[103.856414,1.331406],[103.856414,1.331433],[103.856423,1.331433],[103.856426,1.331623],[103.856318,1.331624],[103.856314,1.33132]]]}},{"type":"Feature","properties":{"block_id":"6024","blk_no":"25","postal_code":"310025","region_id":"CR","region":"CENTRAL REGION","planning_area_id":"TP","planning_area":"TOA PAYOH","subzone_id":"TPSZ07","subzone":"KIM KEAT","lon":103.8573,"lat":1.3337,"property_match":"MATCHED","property_match_confidence":"HIGH","street":"TOA PAYOH EAST","residential":"Y","year_completed":1970,"building_age_2026":56,"max_floor_lvl":11,"total_dwelling_units":198,"small_flat_share_pct":100.0,"rental_share_pct":0.0,"footprint_area_m2":1623.8,"estimated_residents_2026":439.2,"estimated_elderly_65plus_2026":119.9,"estimated_elderly_share_pct":27.3,"elderly_exposure_score":93.3,"elderly_exposure_class":"VERY HIGH","estimate_confidence":"HIGH","display_name":"Block 25"},"geometry":{"type":"Polygon","coordinates":[[[103.856956,1.333621],[103.856931,1.333648],[103.856931,1.333672],[103.856907,1.333672],[103.856907,1.333648],[103.856882,1.333621],[103.856579,1.333621],[103.856575,1.333641],[103.856562,1.333645],[103.856552,1.333635],[103.856544,1.333524],[103.856591,1.33353],[103.856591,1.333481],[103.856599,1.333478],[103.856614,1.333481],[103.856614,1.33351],[103.856649,1.333511],[103.856649,1.333481],[103.856665,1.333478],[103.856673,1.333481],[103.856673,1.333531],[103.856697,1.333531],[103.856697,1.333481],[103.85672,1.333481],[103.85672,1.333511],[103.856758,1.333511],[103.856758,1.333481],[103.856773,1.333478],[103.85678,1.333481],[103.85678,1.333531],[103.856807,1.333531],[103.856807,1.333481],[103.856831,1.333481],[103.856831,1.333511],[103.856867,1.333511],[103.856867,1.333481],[103.856883,1.333478],[103.856891,1.333481],[103.856891,1.333531],[103.856947,1.333531],[103.856947,1.333481],[103.856971,1.333481],[103.856971,1.333511],[103.857006,1.333511],[103.857006,1.333481],[103.857021,1.333478],[103.857029,1.333481],[103.857029,1.333531],[103.857054,1.333531],[103.857054,1.333481],[103.85708,1.333481],[103.85708,1.333511],[103.857114,1.333511],[103.857114,1.333481],[103.85713,1.333478],[103.857138,1.333481],[103.857138,1.333531],[103.857164,1.333531],[103.857164,1.333481],[103.857188,1.333481],[103.857188,1.333511],[103.857226,1.333511],[103.857226,1.333481],[103.85725,1.333481],[103.85725,1.333531],[103.857292,1.333531],[103.857292,1.333593],[103.857368,1.333593],[103.857368,1.333608],[103.857417,1.333608],[103.857417,1.333632],[103.857388,1.333632],[103.857388,1.333668],[103.857417,1.333668],[103.857417,1.333693],[103.857368,1.333693],[103.857368,1.333719],[103.857417,1.333719],[103.857417,1.333742],[103.857388,1.333742],[103.857388,1.333778],[103.857417,1.333778],[103.85742,1.333794],[103.857417,1.333802],[103.857368,1.333802],[103.857368,1.333829],[103.857417,1.333829],[103.857417,1.333852],[103.857388,1.333852],[103.857388,1.333891],[103.857417,1.333891],[103.857417,1.333913],[103.857368,1.333913],[103.857374,1.333962],[103.857265,1.333953],[103.857253,1.333943],[103.857258,1.333929],[103.857278,1.333926],[103.857278,1.333636],[103.857262,1.333621],[103.856956,1.333621]]]}},{"type":"Feature","properties":{"block_id":"3741","blk_no":"250","postal_code":"310250","region_id":"CR","region":"CENTRAL REGION","planning_area_id":"TP","planning_area":"TOA PAYOH","subzone_id":"TPSZ07","subzone":"KIM KEAT","lon":103.8565,"lat":1.3319,"property_match":"MATCHED","property_match_confidence":"HIGH","street":"KIM KEAT LINK","residential":"Y","year_completed":1988,"building_age_2026":38,"max_floor_lvl":13,"total_dwelling_units":96,"small_flat_share_pct":0.0,"rental_share_pct":0.0,"footprint_area_m2":1153.3,"estimated_residents_2026":286.7,"estimated_elderly_65plus_2026":60.6,"estimated_elderly_share_pct":21.14,"elderly_exposure_score":54.8,"elderly_exposure_class":"MODERATE","estimate_confidence":"HIGH","display_name":"Block 250"},"geometry":{"type":"Polygon","coordinates":[[[103.856418,1.331623],[103.856422,1.331673],[103.856469,1.331673],[103.856468,1.331611],[103.856557,1.33161],[103.856559,1.33173],[103.856469,1.331731],[103.856469,1.331765],[103.856559,1.331764],[103.856558,1.332003],[103.856604,1.332002],[103.856604,1.33194],[103.856691,1.331939],[103.856691,1.33196],[103.856745,1.331959],[103.856745,1.331938],[103.856832,1.331937],[103.856833,1.331999],[103.856879,1.331999],[103.856882,1.331948],[103.856982,1.331947],[103.856983,1.332045],[103.856539,1.33205],[103.856539,1.332066],[103.856455,1.332067],[103.856451,1.331721],[103.856319,1.331722],[103.856318,1.331624],[103.856418,1.331623]]]}},{"type":"Feature","properties":{"block_id":"6440","blk_no":"251","postal_code":"310251","region_id":"CR","region":"CENTRAL REGION","planning_area_id":"TP","planning_area":"TOA PAYOH","subzone_id":"TPSZ07","subzone":"KIM KEAT","lon":103.8569,"lat":1.3317,"property_match":"MATCHED","property_match_confidence":"HIGH","street":"KIM KEAT LINK","residential":"Y","year_completed":1988,"building_age_2026":38,"max_floor_lvl":9,"total_dwelling_units":64,"small_flat_share_pct":0.0,"rental_share_pct":0.0,"footprint_area_m2":1104.9,"estimated_residents_2026":187.4,"estimated_elderly_65plus_2026":34.8,"estimated_elderly_share_pct":18.55,"elderly_exposure_score":22.6,"elderly_exposure_class":"LOW","estimate_confidence":"HIGH","display_name":"Block 251"},"geometry":{"type":"Polygon","coordinates":[[[103.857442,1.331437],[103.857459,1.331534],[103.857371,1.33155],[103.85737,1.331541],[103.856978,1.331608],[103.856982,1.331947],[103.856874,1.331943],[103.856872,1.331758],[103.856881,1.331758],[103.85688,1.331731],[103.856871,1.331731],[103.85687,1.331643],[103.856932,1.331642],[103.856931,1.331592],[103.856872,1.331594],[103.856871,1.331518],[103.857149,1.33147],[103.857152,1.331487],[103.857294,1.331463],[103.857297,1.331482],[103.85735,1.331473],[103.857347,1.331454],[103.857442,1.331437]]]}},{"type":"Feature","properties":{"block_id":"7740","blk_no":"252","postal_code":"310252","region_id":"CR","region":"CENTRAL REGION","planning_area_id":"TP","planning_area":"TOA PAYOH","subzone_id":"TPSZ07","subzone":"KIM KEAT","lon":103.8572,"lat":1.3313,"property_match":"MATCHED","property_match_confidence":"HIGH","street":"KIM KEAT LINK","residential":"Y","year_completed":1988,"building_age_2026":38,"max_floor_lvl":4,"total_dwelling_units":16,"small_flat_share_pct":0.0,"rental_share_pct":0.0,"footprint_area_m2":561.4,"estimated_residents_2026":47.5,"estimated_elderly_65plus_2026":9.6,"estimated_elderly_share_pct":20.29,"elderly_exposure_score":3.5,"elderly_exposure_class":"VERY LOW","estimate_confidence":"HIGH","display_name":"Block 252"},"geometry":{"type":"Polygon","coordinates":[[[103.857078,1.331188],[103.857364,1.331138],[103.857379,1.331224],[103.857392,1.331222],[103.857397,1.331252],[103.857369,1.331261],[103.857377,1.331272],[103.8574,1.331268],[103.857405,1.331299],[103.857392,1.331301],[103.857405,1.331379],[103.857308,1.331396],[103.857293,1.331308],[103.857304,1.331306],[103.857295,1.331252],[103.857283,1.331254],[103.857285,1.331262],[103.857226,1.331273],[103.857228,1.331286],[103.857205,1.33129],[103.857196,1.331278],[103.857182,1.331294],[103.857159,1.331298],[103.857157,1.331285],[103.857097,1.331295],[103.857078,1.331188]]]}},{"type":"Feature","properties":{"block_id":"591","blk_no":"253","postal_code":"310253","region_id":"CR","region":"CENTRAL REGION","planning_area_id":"TP","planning_area":"TOA PAYOH","subzone_id":"TPSZ07","subzone":"KIM KEAT","lon":103.8576,"lat":1.3312,"property_match":"MATCHED","property_match_confidence":"HIGH","street":"KIM KEAT AVE","residential":"Y","year_completed":1988,"building_age_2026":38,"max_floor_lvl":4,"total_dwelling_units":24,"small_flat_share_pct":0.0,"rental_share_pct":0.0,"footprint_area_m2":865.6,"estimated_residents_2026":70.3,"estimated_elderly_65plus_2026":13.0,"estimated_elderly_share_pct":18.55,"elderly_exposure_score":5.7,"elderly_exposure_class":"VERY LOW","estimate_confidence":"HIGH","display_name":"Block 253"},"geometry":{"type":"Polygon","coordinates":[[[103.857551,1.331273],[103.857538,1.331276],[103.857533,1.331245],[103.857561,1.331237],[103.857553,1.331225],[103.85753,1.331229],[103.857525,1.331199],[103.857538,1.331197],[103.857523,1.33111],[103.858029,1.331024],[103.858036,1.331133],[103.857981,1.331142],[103.857983,1.331156],[103.85796,1.33116],[103.857942,1.331149],[103.857938,1.331164],[103.857915,1.331168],[103.857912,1.331154],[103.857826,1.33116],[103.857827,1.331169],[103.857767,1.331179],[103.857769,1.331193],[103.857746,1.331197],[103.857737,1.331184],[103.857724,1.3312],[103.857701,1.331204],[103.857698,1.331191],[103.857639,1.331201],[103.857662,1.331335],[103.857565,1.331352],[103.857551,1.331273]]]}},{"type":"Feature","properties":{"block_id":"7662","blk_no":"254","postal_code":"310254","region_id":"CR","region":"CENTRAL REGION","planning_area_id":"TP","planning_area":"TOA PAYOH","subzone_id":"TPSZ07","subzone":"KIM KEAT","lon":103.8583,"lat":1.3318,"property_match":"MATCHED","property_match_confidence":"HIGH","street":"KIM KEAT AVE","residential":"Y","year_completed":1988,"building_age_2026":38,"max_floor_lvl":13,"total_dwelling_units":78,"small_flat_share_pct":0.0,"rental_share_pct":0.0,"footprint_area_m2":1233.5,"estimated_residents_2026":246.3,"estimated_elderly_65plus_2026":69.8,"estimated_elderly_share_pct":28.33,"elderly_exposure_score":65.1,"elderly_exposure_class":"HIGH","estimate_confidence":"HIGH","display_name":"Block 254"},"geometry":{"type":"Polygon","coordinates":[[[103.858686,1.331671],[103.858728,1.33167],[103.858729,1.331762],[103.858662,1.331759],[103.858662,1.331806],[103.85873,1.3318],[103.858731,1.331893],[103.858689,1.331893],[103.858688,1.331877],[103.858635,1.331878],[103.858636,1.331894],[103.858599,1.331894],[103.858597,1.331788],[103.857954,1.331796],[103.857953,1.331781],[103.857929,1.331782],[103.857928,1.33168],[103.85806,1.331679],[103.858061,1.331699],[103.858087,1.331699],[103.858087,1.331678],[103.858544,1.331673],[103.858544,1.331693],[103.858598,1.331693],[103.858598,1.331672],[103.858633,1.331671],[103.858633,1.331688],[103.858686,1.331687],[103.858686,1.331671]]]}},{"type":"Feature","properties":{"block_id":"5291","blk_no":"255","postal_code":"310255","region_id":"CR","region":"CENTRAL REGION","planning_area_id":"TP","planning_area":"TOA PAYOH","subzone_id":"TPSZ07","subzone":"KIM KEAT","lon":103.8578,"lat":1.3316,"property_match":"MATCHED","property_match_confidence":"HIGH","street":"KIM KEAT AVE","residential":"Y","year_completed":1988,"building_age_2026":38,"max_floor_lvl":9,"total_dwelling_units":56,"small_flat_share_pct":0.0,"rental_share_pct":0.0,"footprint_area_m2":965.9,"estimated_residents_2026":168.3,"estimated_elderly_65plus_2026":37.0,"estimated_elderly_share_pct":21.98,"elderly_exposure_score":24.4,"elderly_exposure_class":"LOW","estimate_confidence":"HIGH","display_name":"Block 255"},"geometry":{"type":"Polygon","coordinates":[[[103.857789,1.331378],[103.857797,1.331478],[103.857806,1.331477],[103.857853,1.331756],[103.857833,1.33176],[103.857842,1.331813],[103.857862,1.33181],[103.857895,1.331997],[103.857788,1.332016],[103.857697,1.331481],[103.857651,1.331489],[103.857653,1.331501],[103.857565,1.331516],[103.857549,1.331419],[103.857644,1.331402],[103.857648,1.331421],[103.857688,1.331414],[103.857685,1.331395],[103.857789,1.331378]]]}},{"type":"Feature","properties":{"block_id":"5353","blk_no":"256","postal_code":"310256","region_id":"CR","region":"CENTRAL REGION","planning_area_id":"TP","planning_area":"TOA PAYOH","subzone_id":"TPSZ07","subzone":"KIM KEAT","lon":103.8587,"lat":1.3321,"property_match":"MATCHED","property_match_confidence":"HIGH","street":"KIM KEAT AVE","residential":"Y","year_completed":1988,"building_age_2026":38,"max_floor_lvl":13,"total_dwelling_units":132,"small_flat_share_pct":0.0,"rental_share_pct":0.0,"footprint_area_m2":1516.3,"estimated_residents_2026":394.8,"estimated_elderly_65plus_2026":84.4,"estimated_elderly_share_pct":21.37,"elderly_exposure_score":78.5,"elderly_exposure_class":"HIGH","estimate_confidence":"HIGH","display_name":"Block 256"},"geometry":{"type":"Polygon","coordinates":[[[103.858205,1.332141],[103.858206,1.332162],[103.858259,1.332161],[103.858259,1.33214],[103.858635,1.332136],[103.858635,1.332145],[103.858647,1.332144],[103.858646,1.332089],[103.858635,1.332089],[103.858633,1.332],[103.858732,1.331999],[103.858734,1.332096],[103.858715,1.332097],[103.858715,1.332138],[103.858734,1.332138],[103.858735,1.332244],[103.857829,1.332255],[103.857811,1.33215],[103.857832,1.332146],[103.857825,1.332108],[103.857805,1.332111],[103.857788,1.332016],[103.857886,1.331999],[103.8579,1.332154],[103.857919,1.332154],[103.857919,1.332145],[103.858205,1.332141]]]}},{"type":"Feature","properties":{"block_id":"3667","blk_no":"257","postal_code":"310257","region_id":"CR","region":"CENTRAL REGION","planning_area_id":"TP","planning_area":"TOA PAYOH","subzone_id":"TPSZ07","subzone":"KIM KEAT","lon":103.8573,"lat":1.3326,"property_match":"MATCHED","property_match_confidence":"HIGH","street":"KIM KEAT AVE","residential":"Y","year_completed":1988,"building_age_2026":38,"max_floor_lvl":13,"total_dwelling_units":60,"small_flat_share_pct":0.0,"rental_share_pct":0.0,"footprint_area_m2":1035.6,"estimated_residents_2026":189.5,"estimated_elderly_65plus_2026":53.7,"estimated_elderly_share_pct":28.33,"elderly_exposure_score":45.8,"elderly_exposure_class":"MODERATE","estimate_confidence":"HIGH","display_name":"Block 257"},"geometry":{"type":"Polygon","coordinates":[[[103.857639,1.332544],[103.857641,1.332645],[103.857619,1.332645],[103.857619,1.332662],[103.85693,1.332669],[103.856929,1.332654],[103.856905,1.332655],[103.856904,1.332553],[103.857456,1.332546],[103.857456,1.332567],[103.857508,1.332566],[103.857507,1.332546],[103.857639,1.332544]]]}},{"type":"Feature","properties":{"block_id":"8144","blk_no":"258","postal_code":"310258","region_id":"CR","region":"CENTRAL REGION","planning_area_id":"TP","planning_area":"TOA PAYOH","subzone_id":"TPSZ07","subzone":"KIM KEAT","lon":103.8578,"lat":1.3329,"property_match":"MATCHED","property_match_confidence":"HIGH","street":"KIM KEAT AVE","residential":"Y","year_completed":1988,"building_age_2026":38,"max_floor_lvl":13,"total_dwelling_units":96,"small_flat_share_pct":0.0,"rental_share_pct":0.0,"footprint_area_m2":1109.7,"estimated_residents_2026":286.7,"estimated_elderly_65plus_2026":60.6,"estimated_elderly_share_pct":21.14,"elderly_exposure_score":54.8,"elderly_exposure_class":"MODERATE","estimate_confidence":"HIGH","display_name":"Block 258"},"geometry":{"type":"Polygon","coordinates":[[[103.857738,1.332542],[103.857738,1.332561],[103.857777,1.332561],[103.857777,1.332542],[103.857884,1.332541],[103.857892,1.333148],[103.857785,1.333149],[103.857785,1.333132],[103.857747,1.333132],[103.857746,1.333149],[103.857647,1.333151],[103.857646,1.333051],[103.857734,1.333051],[103.857735,1.333063],[103.857789,1.333062],[103.857789,1.333051],[103.85778,1.333051],[103.857777,1.332671],[103.857797,1.33267],[103.857797,1.332631],[103.857731,1.332632],[103.857731,1.332644],[103.857641,1.332645],[103.857639,1.332544],[103.857738,1.332542]]]}},{"type":"Feature","properties":{"block_id":"6775","blk_no":"259","postal_code":"310259","region_id":"CR","region":"CENTRAL REGION","planning_area_id":"TP","planning_area":"TOA PAYOH","subzone_id":"TPSZ07","subzone":"KIM KEAT","lon":103.8579,"lat":1.3336,"property_match":"MATCHED","property_match_confidence":"HIGH","street":"KIM KEAT AVE","residential":"Y","year_completed":1988,"building_age_2026":38,"max_floor_lvl":13,"total_dwelling_units":120,"small_flat_share_pct":0.0,"rental_share_pct":0.0,"footprint_area_m2":1409.4,"estimated_residents_2026":355.1,"estimated_elderly_65plus_2026":70.8,"estimated_elderly_share_pct":19.94,"elderly_exposure_score":66.1,"elderly_exposure_class":"HIGH","estimate_confidence":"HIGH","display_name":"Block 259"},"geometry":{"type":"Polygon","coordinates":[[[103.85781,1.333661],[103.857809,1.333607],[103.857789,1.333607],[103.857786,1.333418],[103.857795,1.333418],[103.857795,1.333406],[103.85774,1.333406],[103.85774,1.333418],[103.857652,1.333419],[103.85765,1.333319],[103.857748,1.333318],[103.857749,1.333336],[103.857787,1.333336],[103.857787,1.333317],[103.857894,1.333316],[103.8579,1.333961],[103.857817,1.333963],[103.857816,1.333946],[103.857447,1.333952],[103.857445,1.333843],[103.857634,1.333841],[103.857635,1.33385],[103.857661,1.333849],[103.857661,1.33384],[103.85775,1.333839],[103.85775,1.333902],[103.857797,1.333901],[103.857789,1.333662],[103.85781,1.333661]]]}},{"type":"Feature","properties":{"block_id":"7256","blk_no":"26","postal_code":"310026","region_id":"CR","region":"CENTRAL REGION","planning_area_id":"TP","planning_area":"TOA PAYOH","subzone_id":"TPSZ07","subzone":"KIM KEAT","lon":103.8571,"lat":1.3331,"property_match":"MATCHED","property_match_confidence":"HIGH","street":"TOA PAYOH EAST","residential":"Y","year_completed":1970,"building_age_2026":56,"max_floor_lvl":11,"total_dwelling_units":198,"small_flat_share_pct":100.0,"rental_share_pct":0.0,"footprint_area_m2":1614.8,"estimated_residents_2026":439.2,"estimated_elderly_65plus_2026":119.9,"estimated_elderly_share_pct":27.3,"elderly_exposure_score":93.3,"elderly_exposure_class":"VERY HIGH","estimate_confidence":"HIGH","display_name":"Block 26"},"geometry":{"type":"Polygon","coordinates":[[[103.856734,1.332974],[103.856709,1.333],[103.856709,1.333025],[103.856685,1.333025],[103.856685,1.333],[103.85666,1.332974],[103.856358,1.332973],[103.856355,1.332996],[103.856342,1.333],[103.856332,1.332989],[103.856327,1.332876],[103.856371,1.332882],[103.856371,1.332833],[103.856379,1.332831],[103.856394,1.332833],[103.856394,1.332863],[103.856429,1.332863],[103.856429,1.332833],[103.856444,1.332831],[103.856451,1.332833],[103.856451,1.332886],[103.856475,1.332886],[103.856475,1.332833],[103.856499,1.332833],[103.856499,1.332863],[103.856536,1.332863],[103.856536,1.332833],[103.856551,1.332831],[103.856559,1.332833],[103.856559,1.332886],[103.856585,1.332886],[103.856585,1.332833],[103.85661,1.332833],[103.85661,1.332863],[103.856646,1.332863],[103.856646,1.332833],[103.856661,1.332831],[103.856669,1.332833],[103.856669,1.332886],[103.856725,1.332886],[103.856725,1.332833],[103.856747,1.332833],[103.856747,1.332863],[103.856784,1.332863],[103.856784,1.332833],[103.856799,1.332831],[103.856807,1.332833],[103.856807,1.332886],[103.856831,1.332886],[103.856831,1.332833],[103.856856,1.332833],[103.856856,1.332863],[103.856893,1.332863],[103.856893,1.332833],[103.856909,1.332831],[103.856916,1.332833],[103.856916,1.332886],[103.856942,1.332886],[103.856942,1.332833],[103.856969,1.332833],[103.856969,1.332863],[103.857005,1.332863],[103.857005,1.332833],[103.85703,1.332833],[103.85703,1.332883],[103.857072,1.332883],[103.857072,1.332945],[103.857148,1.332945],[103.857148,1.33296],[103.857196,1.33296],[103.857196,1.332985],[103.857167,1.332985],[103.857167,1.333022],[103.857196,1.333022],[103.857196,1.333047],[103.857148,1.333047],[103.857148,1.333073],[103.857196,1.333073],[103.857196,1.333096],[103.857167,1.333096],[103.857167,1.333131],[103.857196,1.333131],[103.857199,1.333148],[103.857196,1.333156],[103.857148,1.333156],[103.857148,1.333183],[103.857196,1.333183],[103.857196,1.333207],[103.857167,1.333207],[103.857167,1.333242],[103.857196,1.333242],[103.857196,1.333265],[103.857148,1.333265],[103.857153,1.333308],[103.857042,1.333305],[103.857032,1.333295],[103.857036,1.333281],[103.857058,1.333277],[103.857058,1.33299],[103.857042,1.332974],[103.856734,1.332974]]]}},{"type":"Feature","properties":{"block_id":"1347","blk_no":"260","postal_code":"310260","region_id":"CR","region":"CENTRAL REGION","planning_area_id":"TP","planning_area":"TOA PAYOH","subzone_id":"TPSZ07","subzone":"KIM KEAT","lon":103.8574,"lat":1.3321,"property_match":"MATCHED","property_match_confidence":"HIGH","street":"KIM KEAT AVE","residential":"N","year_completed":2002,"building_age_2026":24,"max_floor_lvl":4,"total_dwelling_units":0,"small_flat_share_pct":null,"rental_share_pct":null,"footprint_area_m2":3029.9,"estimated_residents_2026":0.0,"estimated_elderly_65plus_2026":0.0,"estimated_elderly_share_pct":null,"elderly_exposure_score":null,"elderly_exposure_class":null,"estimate_confidence":"HIGH","display_name":"Block 260"},"geometry":{"type":"Polygon","coordinates":[[[103.857304,1.331795],[103.85733,1.331795],[103.85733,1.331818],[103.857456,1.331816],[103.857456,1.331848],[103.857607,1.331847],[103.857606,1.332048],[103.857662,1.332048],[103.857663,1.332115],[103.857596,1.332125],[103.857599,1.332368],[103.85727,1.332372],[103.85727,1.332429],[103.857243,1.332429],[103.857242,1.332373],[103.857186,1.332373],[103.857186,1.332343],[103.857097,1.332343],[103.857095,1.332156],[103.857183,1.332155],[103.857179,1.331853],[103.857305,1.331851],[103.857304,1.331795]]]}},{"type":"Feature","properties":{"block_id":"12625","blk_no":"265","postal_code":"310265","region_id":"CR","region":"CENTRAL REGION","planning_area_id":"TP","planning_area":"TOA PAYOH","subzone_id":"TPSZ07","subzone":"KIM KEAT","lon":103.8601,"lat":1.3317,"property_match":"MATCHED","property_match_confidence":"HIGH","street":"KIM KEAT AVE","residential":"N","year_completed":2023,"building_age_2026":3,"max_floor_lvl":4,"total_dwelling_units":0,"small_flat_share_pct":null,"rental_share_pct":null,"footprint_area_m2":3210.4,"estimated_residents_2026":0.0,"estimated_elderly_65plus_2026":0.0,"estimated_elderly_share_pct":null,"elderly_exposure_score":null,"elderly_exposure_class":null,"estimate_confidence":"HIGH","display_name":"Block 265"},"geometry":{"type":"Polygon","coordinates":[[[103.860042,1.331945],[103.859808,1.331562],[103.859786,1.331572],[103.85975,1.331495],[103.85977,1.331485],[103.859736,1.331415],[103.859897,1.33134],[103.859881,1.331305],[103.860018,1.331242],[103.860095,1.331405],[103.860231,1.331644],[103.860383,1.331855],[103.86039,1.331849],[103.860412,1.331877],[103.860378,1.331904],[103.860445,1.331932],[103.860481,1.331976],[103.860492,1.332032],[103.860467,1.332093],[103.860426,1.332124],[103.860391,1.332133],[103.860356,1.33213],[103.86031,1.332106],[103.860274,1.332044],[103.860283,1.331977],[103.86018,1.331843],[103.860042,1.331945]]]}},{"type":"Feature","properties":{"block_id":"12648","blk_no":"265A","postal_code":"311265","region_id":"CR","region":"CENTRAL REGION","planning_area_id":"TP","planning_area":"TOA PAYOH","subzone_id":"TPSZ07","subzone":"KIM KEAT","lon":103.86,"lat":1.3321,"property_match":"MATCHED","property_match_confidence":"HIGH","street":"KIM KEAT AVE","residential":"Y","year_completed":2023,"building_age_2026":3,"max_floor_lvl":30,"total_dwelling_units":217,"small_flat_share_pct":20.28,"rental_share_pct":0.0,"footprint_area_m2":1013.4,"estimated_residents_2026":591.0,"estimated_elderly_65plus_2026":100.4,"estimated_elderly_share_pct":16.98,"elderly_exposure_score":87.7,"elderly_exposure_class":"VERY HIGH","estimate_confidence":"HIGH","display_name":"Block 265A"},"geometry":{"type":"Polygon","coordinates":[[[103.860058,1.332111],[103.860175,1.332117],[103.860175,1.332143],[103.860138,1.332143],[103.860138,1.332162],[103.860168,1.332162],[103.860168,1.332179],[103.86018,1.332177],[103.86018,1.332219],[103.859955,1.332219],[103.859955,1.332177],[103.859968,1.332179],[103.859968,1.332162],[103.859998,1.332162],[103.859998,1.332143],[103.859948,1.332143],[103.859948,1.332106],[103.859939,1.332106],[103.859939,1.332174],[103.859894,1.332174],[103.859894,1.332106],[103.859843,1.332106],[103.859843,1.332128],[103.859873,1.332128],[103.859873,1.332145],[103.859886,1.332143],[103.859886,1.332185],[103.859661,1.332185],[103.859661,1.332143],[103.859673,1.332145],[103.859673,1.332128],[103.859704,1.332128],[103.859704,1.332106],[103.859741,1.332111],[103.859741,1.332092],[103.85969,1.332092],[103.85969,1.332066],[103.859753,1.332066],[103.859741,1.332038],[103.859704,1.332044],[103.859704,1.332022],[103.859673,1.332022],[103.859673,1.332006],[103.859661,1.332007],[103.859661,1.331965],[103.859886,1.331965],[103.859886,1.332007],[103.859874,1.332005],[103.859874,1.332022],[103.859843,1.332022],[103.859843,1.332044],[103.859806,1.332038],[103.859806,1.332054],[103.859769,1.332054],[103.859769,1.332091],[103.859947,1.332091],[103.859947,1.332065],[103.860037,1.332065],[103.860037,1.332091],[103.860057,1.332091],[103.86012,1.332036],[103.860076,1.331985],[103.860135,1.33192],[103.860173,1.331963],[103.860151,1.331982],[103.860165,1.331999],[103.860136,1.332024],[103.860145,1.332034],[103.860174,1.332009],[103.860188,1.332026],[103.86021,1.332007],[103.860247,1.33205],[103.860175,1.332101],[103.86013,1.332048],[103.860058,1.332111]]]}},{"type":"Feature","properties":{"block_id":"12628","blk_no":"266","postal_code":"310266","region_id":"CR","region":"CENTRAL REGION","planning_area_id":"TP","planning_area":"TOA PAYOH","subzone_id":"TPSZ07","subzone":"KIM KEAT","lon":103.8595,"lat":1.3321,"property_match":"MATCHED","property_match_confidence":"HIGH","street":"KIM KEAT AVE","residential":"N","year_completed":2023,"building_age_2026":3,"max_floor_lvl":1,"total_dwelling_units":0,"small_flat_share_pct":null,"rental_share_pct":null,"footprint_area_m2":187.7,"estimated_residents_2026":0.0,"estimated_elderly_65plus_2026":0.0,"estimated_elderly_share_pct":null,"elderly_exposure_score":null,"elderly_exposure_class":null,"estimate_confidence":"HIGH","display_name":"Block 266"},"geometry":{"type":"Polygon","coordinates":[[[103.85953,1.332136],[103.85949,1.332141],[103.859435,1.332119],[103.85941,1.332087],[103.859469,1.33199],[103.859554,1.332025],[103.85953,1.332136]]]}},{"type":"Feature","properties":{"block_id":"12627","blk_no":"266A","postal_code":"311266","region_id":"CR","region":"CENTRAL REGION","planning_area_id":"TP","planning_area":"TOA PAYOH","subzone_id":"TPSZ07","subzone":"KIM KEAT","lon":103.8592,"lat":1.3321,"property_match":"MATCHED","property_match_confidence":"HIGH","street":"KIM KEAT AVE","residential":"Y","year_completed":2023,"building_age_2026":3,"max_floor_lvl":30,"total_dwelling_units":163,"small_flat_share_pct":0.0,"rental_share_pct":0.0,"footprint_area_m2":828.8,"estimated_residents_2026":464.9,"estimated_elderly_65plus_2026":69.5,"estimated_elderly_share_pct":14.94,"elderly_exposure_score":64.8,"elderly_exposure_class":"HIGH","estimate_confidence":"HIGH","display_name":"Block 266A"},"geometry":{"type":"Polygon","coordinates":[[[103.85925,1.332179],[103.85925,1.332159],[103.859222,1.332159],[103.859222,1.332123],[103.859193,1.332123],[103.859193,1.33219],[103.859149,1.33219],[103.859149,1.332123],[103.859098,1.332123],[103.859098,1.332144],[103.859128,1.332144],[103.859128,1.332161],[103.859141,1.332159],[103.859141,1.332201],[103.858916,1.332201],[103.858916,1.332159],[103.858929,1.332161],[103.858929,1.332144],[103.858958,1.332144],[103.858958,1.332122],[103.858996,1.332128],[103.858996,1.332108],[103.858945,1.332108],[103.858944,1.332083],[103.859009,1.332083],[103.859009,1.33207],[103.858996,1.33207],[103.858996,1.332054],[103.858958,1.33206],[103.858958,1.332037],[103.858928,1.332037],[103.858928,1.332021],[103.858916,1.332023],[103.858916,1.331981],[103.859141,1.33198],[103.859141,1.332023],[103.859128,1.332021],[103.859128,1.332037],[103.859098,1.332037],[103.859098,1.33206],[103.859061,1.332054],[103.859061,1.33207],[103.859024,1.33207],[103.859024,1.332107],[103.859173,1.332107],[103.859173,1.33208],[103.859289,1.33208],[103.859289,1.332107],[103.859359,1.332107],[103.859359,1.332132],[103.859303,1.332132],[103.859303,1.332146],[103.859353,1.332146],[103.859353,1.332162],[103.85939,1.332156],[103.85939,1.332179],[103.85942,1.332179],[103.85942,1.332195],[103.859433,1.332194],[103.859433,1.332235],[103.859208,1.332236],[103.859207,1.332194],[103.85922,1.332195],[103.85922,1.332179],[103.85925,1.332179]]]}},{"type":"Feature","properties":{"block_id":"12971","blk_no":"267","postal_code":"310267","region_id":"CR","region":"CENTRAL REGION","planning_area_id":"TP","planning_area":"TOA PAYOH","subzone_id":"TPSZ07","subzone":"KIM KEAT","lon":103.859,"lat":1.3317,"property_match":"MATCHED","property_match_confidence":"HIGH","street":"KIM KEAT AVE","residential":"N","year_completed":2023,"building_age_2026":3,"max_floor_lvl":1,"total_dwelling_units":0,"small_flat_share_pct":null,"rental_share_pct":null,"footprint_area_m2":834.8,"estimated_residents_2026":0.0,"estimated_elderly_65plus_2026":0.0,"estimated_elderly_share_pct":null,"elderly_exposure_score":null,"elderly_exposure_class":null,"estimate_confidence":"HIGH","display_name":"Block 267"},"geometry":{"type":"Polygon","coordinates":[[[103.858919,1.331833],[103.858898,1.331833],[103.858898,1.331706],[103.858939,1.331644],[103.858939,1.33154],[103.85914,1.331544],[103.859147,1.331565],[103.859159,1.331565],[103.859159,1.331653],[103.859147,1.331653],[103.859147,1.331696],[103.859125,1.331696],[103.859125,1.33176],[103.85914,1.33176],[103.85914,1.331833],[103.859004,1.331833],[103.859004,1.33185],[103.858919,1.33185],[103.858919,1.331833]]]}},{"type":"Feature","properties":{"block_id":"12626","blk_no":"267A","postal_code":"311267","region_id":"CR","region":"CENTRAL REGION","planning_area_id":"TP","planning_area":"TOA PAYOH","subzone_id":"TPSZ07","subzone":"KIM KEAT","lon":103.8592,"lat":1.3317,"property_match":"MATCHED","property_match_confidence":"HIGH","street":"KIM KEAT AVE","residential":"Y","year_completed":2023,"building_age_2026":3,"max_floor_lvl":30,"total_dwelling_units":162,"small_flat_share_pct":35.19,"rental_share_pct":0.0,"footprint_area_m2":774.6,"estimated_residents_2026":425.9,"estimated_elderly_65plus_2026":79.3,"estimated_elderly_share_pct":18.61,"elderly_exposure_score":74.4,"elderly_exposure_class":"HIGH","estimate_confidence":"HIGH","display_name":"Block 267A"},"geometry":{"type":"Polygon","coordinates":[[[103.859482,1.33164],[103.859469,1.33164],[103.859469,1.331663],[103.859527,1.331663],[103.859527,1.331688],[103.859482,1.331688],[103.859482,1.331708],[103.859519,1.331702],[103.859519,1.331725],[103.859549,1.331725],[103.859549,1.331741],[103.859561,1.33174],[103.859561,1.331781],[103.859336,1.331781],[103.859336,1.33174],[103.859349,1.331741],[103.859349,1.331725],[103.859379,1.331725],[103.859379,1.331703],[103.859318,1.331703],[103.859318,1.33174],[103.859283,1.33174],[103.859283,1.33176],[103.859311,1.33176],[103.859311,1.331817],[103.859256,1.331817],[103.859256,1.331808],[103.85914,1.331818],[103.85914,1.33176],[103.859168,1.33176],[103.859168,1.33174],[103.859152,1.33174],[103.859151,1.331714],[103.859163,1.331714],[103.859163,1.331642],[103.859208,1.331642],[103.859208,1.331661],[103.859318,1.331661],[103.859318,1.331687],[103.859453,1.331687],[103.859453,1.33164],[103.859416,1.33164],[103.859416,1.331624],[103.859379,1.33163],[103.859379,1.331608],[103.859349,1.331608],[103.859349,1.331591],[103.859336,1.331593],[103.859336,1.331551],[103.859561,1.331551],[103.859561,1.331593],[103.859549,1.331591],[103.859549,1.331608],[103.859519,1.331608],[103.859519,1.33163],[103.859482,1.331624],[103.859482,1.33164]]]}},{"type":"Feature","properties":{"block_id":"11056028","blk_no":"268","postal_code":"310268","region_id":"CR","region":"CENTRAL REGION","planning_area_id":"TP","planning_area":"TOA PAYOH","subzone_id":"TPSZ07","subzone":"KIM KEAT","lon":103.8583,"lat":1.3333,"property_match":"MATCHED","property_match_confidence":"HIGH","street":"TOA PAYOH EAST","residential":"N","year_completed":2026,"building_age_2026":0,"max_floor_lvl":1,"total_dwelling_units":0,"small_flat_share_pct":null,"rental_share_pct":null,"footprint_area_m2":615.0,"estimated_residents_2026":0.0,"estimated_elderly_65plus_2026":0.0,"estimated_elderly_share_pct":null,"elderly_exposure_score":null,"elderly_exposure_class":null,"estimate_confidence":"HIGH","display_name":"Block 268"},"geometry":{"type":"Polygon","coordinates":[[[103.858223,1.333363],[103.858223,1.333206],[103.858231,1.33319],[103.858434,1.333114],[103.858459,1.333119],[103.858467,1.333138],[103.85846,1.333309],[103.858251,1.333388],[103.858231,1.333382],[103.858223,1.333363]]]}},{"type":"Feature","properties":{"block_id":"7743409","blk_no":"268A","postal_code":"311268","region_id":"CR","region":"CENTRAL REGION","planning_area_id":"TP","planning_area":"TOA PAYOH","subzone_id":"TPSZ07","subzone":"KIM KEAT","lon":103.8584,"lat":1.3328,"property_match":"MATCHED","property_match_confidence":"HIGH","street":"TOA PAYOH EAST","residential":"Y","year_completed":2025,"building_age_2026":1,"max_floor_lvl":31,"total_dwelling_units":236,"small_flat_share_pct":0.0,"rental_share_pct":0.0,"footprint_area_m2":1453.1,"estimated_residents_2026":673.1,"estimated_elderly_65plus_2026":100.6,"estimated_elderly_share_pct":14.94,"elderly_exposure_score":87.8,"elderly_exposure_class":"VERY HIGH","estimate_confidence":"HIGH","display_name":"Block 268A"},"geometry":{"type":"Polygon","coordinates":[[[103.858321,1.332978],[103.858318,1.332928],[103.858335,1.332928],[103.858335,1.332904],[103.858359,1.332904],[103.858359,1.332892],[103.858347,1.332892],[103.858347,1.332867],[103.858329,1.332867],[103.858329,1.33282],[103.858361,1.33282],[103.858361,1.332798],[103.858409,1.332798],[103.858409,1.332772],[103.858359,1.332772],[103.858359,1.332759],[103.858335,1.332759],[103.858335,1.332735],[103.858318,1.332735],[103.858321,1.332685],[103.858541,1.332685],[103.858544,1.332735],[103.858527,1.332735],[103.858527,1.332759],[103.858503,1.332759],[103.858503,1.332771],[103.858516,1.332773],[103.858603,1.332773],[103.858603,1.332759],[103.858579,1.332759],[103.858579,1.332735],[103.858562,1.332735],[103.858565,1.332685],[103.858667,1.332685],[103.858676,1.332695],[103.8587,1.332688],[103.8587,1.332752],[103.858705,1.332771],[103.858724,1.332773],[103.858759,1.332771],[103.858759,1.332759],[103.858735,1.332759],[103.858735,1.332734],[103.858718,1.332735],[103.85872,1.332685],[103.858823,1.332685],[103.858832,1.332695],[103.858862,1.332685],[103.858967,1.332688],[103.858967,1.332735],[103.85895,1.332735],[103.85895,1.332759],[103.858926,1.332759],[103.858926,1.332774],[103.858882,1.332774],[103.858882,1.332788],[103.858926,1.332788],[103.858926,1.332802],[103.85895,1.332802],[103.85895,1.332826],[103.858967,1.332826],[103.858964,1.332877],[103.858853,1.332874],[103.858849,1.332791],[103.858653,1.332791],[103.85867,1.332831],[103.858736,1.332812],[103.858741,1.332826],[103.858763,1.332818],[103.858771,1.33284],[103.858781,1.332837],[103.858798,1.332882],[103.858589,1.332961],[103.858569,1.332914],[103.858579,1.332911],[103.858571,1.332888],[103.858594,1.33288],[103.858589,1.332866],[103.858651,1.332838],[103.858636,1.332791],[103.858481,1.332794],[103.858481,1.332876],[103.858435,1.332876],[103.858435,1.33289],[103.858503,1.33289],[103.858503,1.332904],[103.858527,1.332904],[103.858527,1.332928],[103.858544,1.332928],[103.858544,1.332976],[103.858321,1.332978]]]}},{"type":"Feature","properties":{"block_id":"11056030","blk_no":"269","postal_code":"310269","region_id":"CR","region":"CENTRAL REGION","planning_area_id":"TP","planning_area":"TOA PAYOH","subzone_id":"TPSZ07","subzone":"KIM KEAT","lon":103.8593,"lat":1.3329,"property_match":"MATCHED","property_match_confidence":"HIGH","street":"TOA PAYOH EAST","residential":"N","year_completed":2025,"building_age_2026":1,"max_floor_lvl":1,"total_dwelling_units":0,"small_flat_share_pct":null,"rental_share_pct":null,"footprint_area_m2":1207.4,"estimated_residents_2026":0.0,"estimated_elderly_65plus_2026":0.0,"estimated_elderly_share_pct":null,"elderly_exposure_score":null,"elderly_exposure_class":null,"estimate_confidence":"HIGH","display_name":"Block 269"},"geometry":{"type":"Polygon","coordinates":[[[103.859097,1.332971],[103.859182,1.332733],[103.859198,1.332712],[103.859242,1.332703],[103.859242,1.332688],[103.859332,1.332688],[103.859332,1.332703],[103.859383,1.332706],[103.859413,1.332729],[103.859426,1.332767],[103.859426,1.333036],[103.859285,1.333036],[103.859285,1.333051],[103.859195,1.333051],[103.859195,1.333036],[103.859135,1.333036],[103.85911,1.333024],[103.859095,1.333],[103.859097,1.332971]]]}},{"type":"Feature","properties":{"block_id":"11056029","blk_no":"269A","postal_code":"311269","region_id":"CR","region":"CENTRAL REGION","planning_area_id":"TP","planning_area":"TOA PAYOH","subzone_id":"TPSZ07","subzone":"KIM KEAT","lon":103.8593,"lat":1.3333,"property_match":"MATCHED","property_match_confidence":"HIGH","street":"TOA PAYOH EAST","residential":"Y","year_completed":2025,"building_age_2026":1,"max_floor_lvl":31,"total_dwelling_units":233,"small_flat_share_pct":0.0,"rental_share_pct":0.0,"footprint_area_m2":1447.6,"estimated_residents_2026":664.6,"estimated_elderly_65plus_2026":99.3,"estimated_elderly_share_pct":14.94,"elderly_exposure_score":87.2,"elderly_exposure_class":"VERY HIGH","estimate_confidence":"HIGH","display_name":"Block 269A"},"geometry":{"type":"Polygon","coordinates":[[[103.858709,1.333337],[103.858709,1.33329],[103.858726,1.33329],[103.858726,1.333266],[103.85875,1.333266],[103.85875,1.333251],[103.858794,1.333251],[103.858794,1.333237],[103.85875,1.333237],[103.85875,1.333223],[103.858726,1.333223],[103.858726,1.333199],[103.858709,1.333199],[103.858712,1.333148],[103.858956,1.333148],[103.858958,1.333199],[103.858941,1.333197],[103.858941,1.333223],[103.858917,1.333223],[103.858917,1.333234],[103.858931,1.333236],[103.858971,1.333234],[103.858975,1.333142],[103.859002,1.333142],[103.859002,1.333151],[103.859111,1.333148],[103.859114,1.333199],[103.859097,1.333199],[103.859097,1.333223],[103.859073,1.333223],[103.859073,1.333236],[103.859173,1.333234],[103.859173,1.333223],[103.859149,1.333223],[103.859149,1.333199],[103.859132,1.333199],[103.859134,1.333148],[103.859358,1.333151],[103.859358,1.333199],[103.859341,1.333199],[103.859341,1.333223],[103.859316,1.333223],[103.859316,1.333237],[103.859262,1.333237],[103.859262,1.333263],[103.859333,1.333263],[103.859333,1.333287],[103.859347,1.333287],[103.859347,1.333332],[103.859333,1.333332],[103.859333,1.333356],[103.859316,1.333356],[103.859316,1.333368],[103.859341,1.333368],[103.859341,1.333391],[103.859358,1.333391],[103.859355,1.333442],[103.859132,1.333439],[103.859132,1.333391],[103.859149,1.333391],[103.859149,1.333368],[103.859173,1.333368],[103.859173,1.333354],[103.859246,1.333354],[103.859246,1.333343],[103.859194,1.333343],[103.859194,1.333253],[103.85904,1.333254],[103.859022,1.333306],[103.859087,1.33333],[103.859082,1.333343],[103.859105,1.333352],[103.859097,1.333374],[103.859107,1.333378],[103.859087,1.333425],[103.858878,1.333345],[103.858894,1.3333],[103.858905,1.333304],[103.858913,1.333281],[103.858935,1.33329],[103.85894,1.333276],[103.859003,1.333299],[103.859021,1.333254],[103.858822,1.333254],[103.858823,1.333337],[103.858709,1.333337]]]}},{"type":"Feature","properties":{"block_id":"3771","blk_no":"27","postal_code":"310027","region_id":"CR","region":"CENTRAL REGION","planning_area_id":"TP","planning_area":"TOA PAYOH","subzone_id":"TPSZ07","subzone":"KIM KEAT","lon":103.8567,"lat":1.3324,"property_match":"MATCHED","property_match_confidence":"HIGH","street":"TOA PAYOH EAST","residential":"Y","year_completed":1970,"building_age_2026":56,"max_floor_lvl":11,"total_dwelling_units":198,"small_flat_share_pct":100.0,"rental_share_pct":0.0,"footprint_area_m2":1613.8,"estimated_residents_2026":439.2,"estimated_elderly_65plus_2026":119.9,"estimated_elderly_share_pct":27.3,"elderly_exposure_score":93.3,"elderly_exposure_class":"VERY HIGH","estimate_confidence":"HIGH","display_name":"Block 27"},"geometry":{"type":"Polygon","coordinates":[[[103.856328,1.332325],[103.856303,1.332353],[103.856303,1.332377],[103.856279,1.332377],[103.856279,1.332353],[103.856254,1.332325],[103.855956,1.332325],[103.855952,1.332347],[103.855939,1.33235],[103.855929,1.33234],[103.855925,1.332228],[103.855967,1.332233],[103.855967,1.332185],[103.855975,1.332182],[103.85599,1.332185],[103.85599,1.332214],[103.856024,1.332214],[103.856024,1.332185],[103.856038,1.332182],[103.856045,1.332234],[103.856072,1.332234],[103.856072,1.332185],[103.856097,1.332185],[103.856097,1.332215],[103.856133,1.332215],[103.856133,1.332185],[103.856148,1.332182],[103.856155,1.332185],[103.856155,1.332234],[103.856183,1.332234],[103.856183,1.332185],[103.856207,1.332185],[103.856207,1.332215],[103.856243,1.332215],[103.856243,1.332185],[103.856259,1.332182],[103.856266,1.332185],[103.856266,1.332234],[103.856316,1.332234],[103.856316,1.332185],[103.85634,1.332185],[103.85634,1.332215],[103.856377,1.332215],[103.856377,1.332185],[103.856393,1.332183],[103.856402,1.332185],[103.856402,1.332235],[103.856428,1.332235],[103.856428,1.332185],[103.856452,1.332185],[103.856452,1.332215],[103.856488,1.332215],[103.856488,1.332185],[103.856504,1.332183],[103.856512,1.332185],[103.856512,1.332235],[103.856535,1.332235],[103.856535,1.332185],[103.856559,1.332185],[103.856559,1.332215],[103.856603,1.332215],[103.856603,1.332185],[103.856627,1.332185],[103.856627,1.332235],[103.856669,1.332235],[103.856669,1.332298],[103.856745,1.332298],[103.856745,1.332312],[103.856793,1.332312],[103.856793,1.332334],[103.856764,1.332334],[103.856764,1.332369],[103.856793,1.332369],[103.856793,1.332391],[103.85674,1.332391],[103.85674,1.332417],[103.856793,1.332417],[103.856793,1.332443],[103.856764,1.332443],[103.856764,1.332481],[103.856793,1.332481],[103.856796,1.332497],[103.856793,1.332505],[103.85674,1.332505],[103.85674,1.33253],[103.856793,1.33253],[103.856793,1.332555],[103.856764,1.332555],[103.856764,1.332593],[103.856793,1.332593],[103.856793,1.332618],[103.856745,1.332618],[103.856751,1.332659],[103.856641,1.332656],[103.85663,1.332646],[103.856634,1.332632],[103.856654,1.332628],[103.856654,1.332343],[103.856641,1.332325],[103.856328,1.332325]]]}},{"type":"Feature","properties":{"block_id":"7730127","blk_no":"270","postal_code":"310270","region_id":"CR","region":"CENTRAL REGION","planning_area_id":"TP","planning_area":"TOA PAYOH","subzone_id":"TPSZ07","subzone":"KIM KEAT","lon":103.8591,"lat":1.3337,"property_match":"MATCHED","property_match_confidence":"HIGH","street":"TOA PAYOH EAST","residential":"N","year_completed":2024,"building_age_2026":2,"max_floor_lvl":7,"total_dwelling_units":0,"small_flat_share_pct":null,"rental_share_pct":null,"footprint_area_m2":2816.4,"estimated_residents_2026":0.0,"estimated_elderly_65plus_2026":0.0,"estimated_elderly_share_pct":null,"elderly_exposure_score":null,"elderly_exposure_class":null,"estimate_confidence":"HIGH","display_name":"Block 270"},"geometry":{"type":"Polygon","coordinates":[[[103.858771,1.333872],[103.858771,1.333521],[103.859422,1.333521],[103.859422,1.333872],[103.858771,1.333872]]]}},{"type":"Feature","properties":{"block_id":"7769973","blk_no":"270A","postal_code":"311270","region_id":"CR","region":"CENTRAL REGION","planning_area_id":"TP","planning_area":"TOA PAYOH","subzone_id":"TPSZ07","subzone":"KIM KEAT","lon":103.8585,"lat":1.3337,"property_match":"MATCHED","property_match_confidence":"HIGH","street":"TOA PAYOH EAST","residential":"Y","year_completed":2024,"building_age_2026":2,"max_floor_lvl":31,"total_dwelling_units":239,"small_flat_share_pct":62.76,"rental_share_pct":0.0,"footprint_area_m2":839.1,"estimated_residents_2026":434.7,"estimated_elderly_65plus_2026":192.3,"estimated_elderly_share_pct":44.24,"elderly_exposure_score":99.1,"elderly_exposure_class":"VERY HIGH","estimate_confidence":"HIGH","display_name":"Block 270A"},"geometry":{"type":"Polygon","coordinates":[[[103.858466,1.333718],[103.858466,1.333637],[103.858424,1.333633],[103.858386,1.333637],[103.858383,1.333693],[103.858315,1.333693],[103.858312,1.333656],[103.858275,1.333656],[103.858275,1.33363],[103.85829,1.33363],[103.85829,1.333616],[103.858269,1.333614],[103.858275,1.333538],[103.858383,1.333535],[103.858386,1.333615],[103.858424,1.333615],[103.858426,1.333535],[103.858532,1.333535],[103.858535,1.333615],[103.858567,1.333615],[103.858567,1.333538],[103.858681,1.333538],[103.858681,1.333586],[103.858664,1.333586],[103.858664,1.33361],[103.85864,1.33361],[103.85864,1.333624],[103.858587,1.333624],[103.858587,1.333637],[103.858538,1.333633],[103.858539,1.333668],[103.858589,1.333668],[103.858586,1.333692],[103.858617,1.333693],[103.858617,1.33374],[103.858535,1.333741],[103.858532,1.333758],[103.858596,1.333786],[103.858591,1.3338],[103.858614,1.333808],[103.858605,1.333832],[103.858622,1.333837],[103.858606,1.333881],[103.858395,1.333807],[103.85841,1.333759],[103.858425,1.333766],[103.858434,1.333742],[103.858456,1.333751],[103.858461,1.333737],[103.858511,1.333755],[103.858512,1.333718],[103.858466,1.333718]]]}},{"type":"Feature","properties":{"block_id":"5818","blk_no":"1","postal_code":"310001","region_id":"CR","region":"CENTRAL REGION","planning_area_id":"TP","planning_area":"TOA PAYOH","subzone_id":"TPSZ05","subzone":"LORONG 8 TOA PAYOH","lon":103.8534,"lat":1.3396,"property_match":"MATCHED","property_match_confidence":"HIGH","street":"LOR 7 TOA PAYOH","residential":"Y","year_completed":1968,"building_age_2026":58,"max_floor_lvl":11,"total_dwelling_units":196,"small_flat_share_pct":98.98,"rental_share_pct":0.0,"footprint_area_m2":1608.3,"estimated_residents_2026":440.0,"estimated_elderly_65plus_2026":142.5,"estimated_elderly_share_pct":32.4,"elderly_exposure_score":96.7,"elderly_exposure_class":"VERY HIGH","estimate_confidence":"HIGH","display_name":"Block 1"},"geometry":{"type":"Polygon","coordinates":[[[103.853063,1.339474],[103.853054,1.339482],[103.853054,1.33941],[103.853077,1.33941],[103.853077,1.339382],[103.853094,1.339382],[103.853094,1.339336],[103.853116,1.339336],[103.853116,1.339359],[103.853137,1.339363],[103.85315,1.339359],[103.85315,1.339336],[103.853173,1.339336],[103.853173,1.339382],[103.853203,1.339382],[103.853203,1.339336],[103.853226,1.339336],[103.853226,1.339359],[103.853247,1.339363],[103.85326,1.339359],[103.85326,1.339336],[103.853282,1.339336],[103.853282,1.339382],[103.853299,1.339385],[103.853355,1.339382],[103.853355,1.339336],[103.853378,1.339336],[103.853378,1.339358],[103.853399,1.339363],[103.853412,1.339358],[103.853412,1.339336],[103.853434,1.339336],[103.853434,1.339382],[103.853465,1.339382],[103.853465,1.339336],[103.853487,1.339336],[103.853487,1.339358],[103.853508,1.339363],[103.853522,1.339358],[103.853522,1.339336],[103.853544,1.339336],[103.853544,1.339382],[103.853575,1.339382],[103.853574,1.339336],[103.853597,1.339336],[103.853597,1.339358],[103.853618,1.339363],[103.853631,1.339358],[103.853631,1.339336],[103.853654,1.339336],[103.853654,1.339382],[103.853684,1.339382],[103.853684,1.339336],[103.853706,1.339336],[103.853706,1.339358],[103.853727,1.339363],[103.853741,1.339358],[103.853741,1.339336],[103.853763,1.339336],[103.853763,1.339382],[103.85378,1.339382],[103.85378,1.339409],[103.853831,1.339418],[103.853831,1.339452],[103.853803,1.339452],[103.853803,1.339481],[103.853794,1.339474],[103.85335,1.339474],[103.85335,1.339529],[103.853389,1.339529],[103.853389,1.339546],[103.853434,1.339546],[103.853434,1.339569],[103.853413,1.339569],[103.853408,1.339589],[103.853413,1.339603],[103.853434,1.339603],[103.853435,1.339625],[103.853389,1.339625],[103.853389,1.339656],[103.853435,1.339656],[103.853435,1.339679],[103.853413,1.339679],[103.853409,1.3397],[103.853413,1.339713],[103.853435,1.339713],[103.853435,1.339736],[103.853389,1.339736],[103.853389,1.339766],[103.853435,1.339766],[103.853435,1.339789],[103.853413,1.339789],[103.853409,1.33981],[103.853413,1.339823],[103.853435,1.339823],[103.853435,1.339846],[103.853389,1.339846],[103.853389,1.339863],[103.853365,1.339864],[103.853365,1.339886],[103.853292,1.339886],[103.853298,1.339539],[103.853288,1.339539],[103.853288,1.339474],[103.853063,1.339474]]]}},{"type":"Feature","properties":{"block_id":"4528","blk_no":"2","postal_code":"310002","region_id":"CR","region":"CENTRAL REGION","planning_area_id":"TP","planning_area":"TOA PAYOH","subzone_id":"TPSZ05","subzone":"LORONG 8 TOA PAYOH","lon":103.8536,"lat":1.3388,"property_match":"MATCHED","property_match_confidence":"HIGH","street":"LOR 7 TOA PAYOH","residential":"Y","year_completed":1968,"building_age_2026":58,"max_floor_lvl":11,"total_dwelling_units":197,"small_flat_share_pct":99.49,"rental_share_pct":0.0,"footprint_area_m2":1607.3,"estimated_residents_2026":441.6,"estimated_elderly_65plus_2026":143.2,"estimated_elderly_share_pct":32.42,"elderly_exposure_score":96.7,"elderly_exposure_class":"VERY HIGH","estimate_confidence":"HIGH","display_name":"Block 2"},"geometry":{"type":"Polygon","coordinates":[[[103.853652,1.338545],[103.853686,1.338545],[103.853686,1.338522],[103.853709,1.338522],[103.853709,1.338568],[103.853739,1.338568],[103.853739,1.338522],[103.853762,1.338522],[103.853762,1.338545],[103.853782,1.338549],[103.853796,1.338545],[103.853796,1.338522],[103.853818,1.338522],[103.853818,1.338568],[103.853849,1.338568],[103.853849,1.338522],[103.853871,1.338522],[103.853871,1.338545],[103.853892,1.338549],[103.853905,1.338545],[103.853905,1.338522],[103.853928,1.338522],[103.853928,1.338568],[103.853958,1.338568],[103.853958,1.338522],[103.853981,1.338522],[103.853981,1.338545],[103.854001,1.338549],[103.854015,1.338545],[103.854015,1.338522],[103.854037,1.338522],[103.854037,1.338568],[103.854055,1.338568],[103.854055,1.338596],[103.854077,1.338596],[103.854077,1.338668],[103.854068,1.33866],[103.853624,1.338661],[103.853624,1.338715],[103.853663,1.338715],[103.853663,1.338732],[103.853709,1.338732],[103.853709,1.338755],[103.853687,1.338755],[103.853683,1.338769],[103.853687,1.338789],[103.853709,1.338789],[103.853709,1.338812],[103.853663,1.338812],[103.853663,1.338843],[103.853709,1.338843],[103.853709,1.338865],[103.853687,1.338865],[103.853683,1.338886],[103.853687,1.3389],[103.853709,1.3389],[103.853709,1.338922],[103.853663,1.338922],[103.853663,1.338953],[103.853709,1.338953],[103.853709,1.338976],[103.853687,1.338976],[103.853683,1.338989],[103.853687,1.33901],[103.853709,1.33901],[103.853709,1.339033],[103.853665,1.339033],[103.853665,1.33905],[103.853639,1.33905],[103.853627,1.339097],[103.853594,1.339097],[103.853594,1.339072],[103.853566,1.339072],[103.853572,1.338725],[103.853562,1.338725],[103.853562,1.338661],[103.853338,1.338661],[103.853328,1.338668],[103.853328,1.338597],[103.853351,1.338597],[103.853351,1.338569],[103.853368,1.338569],[103.853368,1.338523],[103.853391,1.338523],[103.853391,1.338545],[103.853411,1.33855],[103.853425,1.338545],[103.853425,1.338523],[103.853447,1.338523],[103.853447,1.338569],[103.853478,1.338569],[103.853478,1.338522],[103.8535,1.338522],[103.8535,1.338545],[103.853521,1.33855],[103.853534,1.338545],[103.853534,1.338522],[103.853557,1.338522],[103.853557,1.338569],[103.853573,1.338571],[103.85363,1.338569],[103.85363,1.338522],[103.853652,1.338522],[103.853652,1.338545]]]}},{"type":"Feature","properties":{"block_id":"8977","blk_no":"210","postal_code":"310210","region_id":"CR","region":"CENTRAL REGION","planning_area_id":"TP","planning_area":"TOA PAYOH","subzone_id":"TPSZ05","subzone":"LORONG 8 TOA PAYOH","lon":103.8544,"lat":1.3402,"property_match":"MATCHED","property_match_confidence":"HIGH","street":"LOR 8 TOA PAYOH","residential":"N","year_completed":2011,"building_age_2026":15,"max_floor_lvl":1,"total_dwelling_units":0,"small_flat_share_pct":null,"rental_share_pct":null,"footprint_area_m2":4234.0,"estimated_residents_2026":0.0,"estimated_elderly_65plus_2026":0.0,"estimated_elderly_share_pct":null,"elderly_exposure_score":null,"elderly_exposure_class":null,"estimate_confidence":"HIGH","display_name":"Block 210"},"geometry":{"type":"Polygon","coordinates":[[[103.854072,1.340525],[103.854072,1.34],[103.854497,1.34],[103.854497,1.339987],[103.854552,1.339987],[103.854552,1.339999],[103.854725,1.34],[103.854725,1.340525],[103.854072,1.340525]]]}},{"type":"Feature","properties":{"block_id":"7505","blk_no":"211","postal_code":"310211","region_id":"CR","region":"CENTRAL REGION","planning_area_id":"TP","planning_area":"TOA PAYOH","subzone_id":"TPSZ05","subzone":"LORONG 8 TOA PAYOH","lon":103.8538,"lat":1.3404,"property_match":"MATCHED","property_match_confidence":"HIGH","street":"LOR 8 TOA PAYOH","residential":"Y","year_completed":1974,"building_age_2026":52,"max_floor_lvl":2,"total_dwelling_units":3,"small_flat_share_pct":100.0,"rental_share_pct":100.0,"footprint_area_m2":754.5,"estimated_residents_2026":6.7,"estimated_elderly_65plus_2026":2.2,"estimated_elderly_share_pct":32.45,"elderly_exposure_score":0.4,"elderly_exposure_class":"VERY LOW","estimate_confidence":"HIGH","display_name":"Block 211"},"geometry":{"type":"Polygon","coordinates":[[[103.853823,1.340708],[103.853728,1.340706],[103.853727,1.340689],[103.853712,1.34069],[103.853711,1.340606],[103.853732,1.340606],[103.853732,1.340582],[103.853711,1.340581],[103.853711,1.340497],[103.853733,1.340497],[103.853733,1.34047],[103.853712,1.34047],[103.853712,1.340386],[103.853734,1.340387],[103.853733,1.340374],[103.853711,1.340375],[103.853712,1.340152],[103.85377,1.340152],[103.853771,1.340125],[103.853808,1.340127],[103.853809,1.340152],[103.853823,1.340152],[103.853823,1.340708]]]}},{"type":"Feature","properties":{"block_id":"8834","blk_no":"212","postal_code":"310212","region_id":"CR","region":"CENTRAL REGION","planning_area_id":"TP","planning_area":"TOA PAYOH","subzone_id":"TPSZ05","subzone":"LORONG 8 TOA PAYOH","lon":103.8543,"lat":1.3407,"property_match":"MATCHED","property_match_confidence":"HIGH","street":"LOR 8 TOA PAYOH","residential":"Y","year_completed":1974,"building_age_2026":52,"max_floor_lvl":2,"total_dwelling_units":3,"small_flat_share_pct":100.0,"rental_share_pct":100.0,"footprint_area_m2":1168.1,"estimated_residents_2026":6.7,"estimated_elderly_65plus_2026":2.2,"estimated_elderly_share_pct":32.45,"elderly_exposure_score":0.4,"elderly_exposure_class":"VERY LOW","estimate_confidence":"HIGH","display_name":"Block 212"},"geometry":{"type":"Polygon","coordinates":[[[103.854787,1.340597],[103.854787,1.340647],[103.854762,1.340648],[103.854762,1.340708],[103.85454,1.340707],[103.854542,1.340688],[103.85453,1.340687],[103.85453,1.340707],[103.854445,1.340707],[103.854445,1.340687],[103.85442,1.340687],[103.85442,1.340708],[103.854336,1.340708],[103.854337,1.340688],[103.85431,1.340688],[103.85431,1.340708],[103.854227,1.340707],[103.854228,1.340687],[103.8542,1.340687],[103.854199,1.340708],[103.854117,1.340707],[103.854115,1.340688],[103.854089,1.340687],[103.854088,1.340708],[103.854007,1.340707],[103.854007,1.340687],[103.853981,1.340687],[103.853981,1.340708],[103.853898,1.340708],[103.853898,1.340689],[103.853882,1.340687],[103.853882,1.340598],[103.854787,1.340597]]]}},{"type":"Feature","properties":{"block_id":"3102","blk_no":"213","postal_code":"310213","region_id":"CR","region":"CENTRAL REGION","planning_area_id":"TP","planning_area":"TOA PAYOH","subzone_id":"TPSZ05","subzone":"LORONG 8 TOA PAYOH","lon":103.8544,"lat":1.341,"property_match":"MATCHED","property_match_confidence":"HIGH","street":"LOR 8 TOA PAYOH","residential":"Y","year_completed":1974,"building_age_2026":52,"max_floor_lvl":18,"total_dwelling_units":170,"small_flat_share_pct":0.0,"rental_share_pct":0.0,"footprint_area_m2":942.8,"estimated_residents_2026":447.6,"estimated_elderly_65plus_2026":147.4,"estimated_elderly_share_pct":32.95,"elderly_exposure_score":97.2,"elderly_exposure_class":"VERY HIGH","estimate_confidence":"HIGH","display_name":"Block 213"},"geometry":{"type":"Polygon","coordinates":[[[103.854049,1.340969],[103.85405,1.340948],[103.854129,1.340948],[103.854129,1.340969],[103.854209,1.340969],[103.854211,1.340949],[103.854291,1.340948],[103.854291,1.340967],[103.854371,1.340969],[103.854372,1.340948],[103.854454,1.340948],[103.854452,1.340969],[103.854535,1.340969],[103.854535,1.340948],[103.854617,1.340948],[103.854616,1.340969],[103.854696,1.340968],[103.854696,1.340948],[103.854778,1.340948],[103.854776,1.340968],[103.85482,1.340969],[103.854822,1.341052],[103.854006,1.341053],[103.854007,1.340969],[103.854049,1.340969]]]}},{"type":"Feature","properties":{"block_id":"3513","blk_no":"214","postal_code":"310214","region_id":"CR","region":"CENTRAL REGION","planning_area_id":"TP","planning_area":"TOA PAYOH","subzone_id":"TPSZ05","subzone":"LORONG 8 TOA PAYOH","lon":103.8544,"lat":1.3418,"property_match":"MATCHED","property_match_confidence":"HIGH","street":"LOR 8 TOA PAYOH","residential":"Y","year_completed":1975,"building_age_2026":51,"max_floor_lvl":18,"total_dwelling_units":170,"small_flat_share_pct":0.0,"rental_share_pct":0.0,"footprint_area_m2":1029.0,"estimated_residents_2026":447.6,"estimated_elderly_65plus_2026":147.4,"estimated_elderly_share_pct":32.95,"elderly_exposure_score":97.2,"elderly_exposure_class":"VERY HIGH","estimate_confidence":"HIGH","display_name":"Block 214"},"geometry":{"type":"Polygon","coordinates":[[[103.854775,1.341795],[103.854773,1.341875],[103.854707,1.341877],[103.854708,1.341915],[103.854681,1.341915],[103.854681,1.341885],[103.854384,1.341885],[103.854383,1.341916],[103.854356,1.341916],[103.854355,1.341883],[103.854059,1.341882],[103.85406,1.341915],[103.854034,1.341916],[103.854032,1.341873],[103.853964,1.341873],[103.853965,1.341791],[103.854006,1.341792],[103.854006,1.341771],[103.854087,1.341772],[103.854087,1.34179],[103.854169,1.341791],[103.854169,1.34177],[103.854248,1.341772],[103.854247,1.341792],[103.85433,1.341792],[103.85433,1.341772],[103.854411,1.341771],[103.85441,1.341792],[103.854493,1.341793],[103.854492,1.341772],[103.854573,1.341772],[103.854573,1.341792],[103.854654,1.341794],[103.854655,1.341772],[103.854734,1.341772],[103.854734,1.341793],[103.854775,1.341795]]]}},{"type":"Feature","properties":{"block_id":"4882","blk_no":"215","postal_code":"310215","region_id":"CR","region":"CENTRAL REGION","planning_area_id":"TP","planning_area":"TOA PAYOH","subzone_id":"TPSZ05","subzone":"LORONG 8 TOA PAYOH","lon":103.8551,"lat":1.3418,"property_match":"MATCHED","property_match_confidence":"HIGH","street":"LOR 8 TOA PAYOH","residential":"Y","year_completed":1975,"building_age_2026":51,"max_floor_lvl":25,"total_dwelling_units":96,"small_flat_share_pct":0.0,"rental_share_pct":0.0,"footprint_area_m2":546.2,"estimated_residents_2026":278.2,"estimated_elderly_65plus_2026":79.7,"estimated_elderly_share_pct":28.65,"elderly_exposure_score":75.2,"elderly_exposure_class":"HIGH","estimate_confidence":"HIGH","display_name":"Block 215"},"geometry":{"type":"Polygon","coordinates":[[[103.85523,1.341922],[103.855124,1.341922],[103.855124,1.34189],[103.855096,1.34189],[103.855096,1.341922],[103.85499,1.341922],[103.85499,1.341834],[103.855051,1.341834],[103.85505,1.341795],[103.85499,1.341795],[103.85499,1.341706],[103.855096,1.341706],[103.855097,1.341774],[103.855125,1.341773],[103.855124,1.341706],[103.855231,1.341706],[103.855231,1.341794],[103.855169,1.341794],[103.85517,1.341834],[103.855231,1.341834],[103.85523,1.341922]]]}},{"type":"Feature","properties":{"block_id":"7724","blk_no":"216","postal_code":"310216","region_id":"CR","region":"CENTRAL REGION","planning_area_id":"TP","planning_area":"TOA PAYOH","subzone_id":"TPSZ05","subzone":"LORONG 8 TOA PAYOH","lon":103.8542,"lat":1.3425,"property_match":"MATCHED","property_match_confidence":"HIGH","street":"LOR 8 TOA PAYOH","residential":"Y","year_completed":1975,"building_age_2026":51,"max_floor_lvl":25,"total_dwelling_units":96,"small_flat_share_pct":0.0,"rental_share_pct":0.0,"footprint_area_m2":540.1,"estimated_residents_2026":278.2,"estimated_elderly_65plus_2026":79.7,"estimated_elderly_share_pct":28.65,"elderly_exposure_score":75.2,"elderly_exposure_class":"HIGH","estimate_confidence":"HIGH","display_name":"Block 216"},"geometry":{"type":"Polygon","coordinates":[[[103.854061,1.342466],[103.854059,1.342379],[103.854164,1.34238],[103.854165,1.342413],[103.854194,1.342412],[103.854195,1.342379],[103.854298,1.34238],[103.854298,1.342465],[103.854234,1.342466],[103.854234,1.342503],[103.854297,1.342505],[103.854298,1.342598],[103.854196,1.342597],[103.854195,1.342532],[103.854166,1.342531],[103.854167,1.342597],[103.854062,1.342596],[103.85406,1.342505],[103.854123,1.342504],[103.854122,1.342467],[103.854061,1.342466]]]}},{"type":"Feature","properties":{"block_id":"3301","blk_no":"217","postal_code":"310217","region_id":"CR","region":"CENTRAL REGION","planning_area_id":"TP","planning_area":"TOA PAYOH","subzone_id":"TPSZ05","subzone":"LORONG 8 TOA PAYOH","lon":103.8547,"lat":1.3427,"property_match":"MATCHED","property_match_confidence":"HIGH","street":"LOR 8 TOA PAYOH","residential":"Y","year_completed":1975,"building_age_2026":51,"max_floor_lvl":25,"total_dwelling_units":96,"small_flat_share_pct":0.0,"rental_share_pct":0.0,"footprint_area_m2":531.7,"estimated_residents_2026":278.2,"estimated_elderly_65plus_2026":79.7,"estimated_elderly_share_pct":28.65,"elderly_exposure_score":75.2,"elderly_exposure_class":"HIGH","estimate_confidence":"HIGH","display_name":"Block 217"},"geometry":{"type":"Polygon","coordinates":[[[103.854546,1.342654],[103.854548,1.342565],[103.854652,1.342567],[103.854651,1.3426],[103.854681,1.342602],[103.854681,1.342567],[103.854784,1.342568],[103.854784,1.342655],[103.854721,1.342654],[103.854721,1.342691],[103.854785,1.342692],[103.854784,1.342781],[103.854681,1.342781],[103.85468,1.342716],[103.85465,1.342716],[103.854651,1.342781],[103.854547,1.342781],[103.854547,1.342692],[103.854606,1.342692],[103.854608,1.342655],[103.854546,1.342654]]]}},{"type":"Feature","properties":{"block_id":"8097","blk_no":"218","postal_code":"310218","region_id":"CR","region":"CENTRAL REGION","planning_area_id":"TP","planning_area":"TOA PAYOH","subzone_id":"TPSZ05","subzone":"LORONG 8 TOA PAYOH","lon":103.8552,"lat":1.3427,"property_match":"MATCHED","property_match_confidence":"HIGH","street":"LOR 8 TOA PAYOH","residential":"Y","year_completed":1977,"building_age_2026":49,"max_floor_lvl":25,"total_dwelling_units":96,"small_flat_share_pct":0.0,"rental_share_pct":0.0,"footprint_area_m2":536.6,"estimated_residents_2026":278.2,"estimated_elderly_65plus_2026":79.7,"estimated_elderly_share_pct":28.65,"elderly_exposure_score":75.2,"elderly_exposure_class":"HIGH","estimate_confidence":"HIGH","display_name":"Block 218"},"geometry":{"type":"Polygon","coordinates":[[[103.855136,1.342781],[103.855135,1.342848],[103.855032,1.342849],[103.855033,1.342758],[103.855094,1.342759],[103.855095,1.342724],[103.855033,1.342722],[103.855033,1.342633],[103.855136,1.342636],[103.855136,1.34267],[103.855162,1.34267],[103.855162,1.342636],[103.855271,1.342636],[103.855271,1.342723],[103.855208,1.342723],[103.855208,1.342757],[103.85527,1.34276],[103.85527,1.342849],[103.855161,1.342848],[103.855164,1.342782],[103.855136,1.342781]]]}},{"type":"Feature","properties":{"block_id":"1808","blk_no":"219","postal_code":"310219","region_id":"CR","region":"CENTRAL REGION","planning_area_id":"TP","planning_area":"TOA PAYOH","subzone_id":"TPSZ05","subzone":"LORONG 8 TOA PAYOH","lon":103.8559,"lat":1.3428,"property_match":"MATCHED","property_match_confidence":"HIGH","street":"LOR 8 TOA PAYOH","residential":"Y","year_completed":1977,"building_age_2026":49,"max_floor_lvl":20,"total_dwelling_units":190,"small_flat_share_pct":0.0,"rental_share_pct":0.0,"footprint_area_m2":980.2,"estimated_residents_2026":500.2,"estimated_elderly_65plus_2026":164.8,"estimated_elderly_share_pct":32.95,"elderly_exposure_score":98.1,"elderly_exposure_class":"VERY HIGH","estimate_confidence":"HIGH","display_name":"Block 219"},"geometry":{"type":"Polygon","coordinates":[[[103.856243,1.342704],[103.856244,1.342726],[103.856277,1.342726],[103.856277,1.342808],[103.856209,1.342808],[103.856209,1.342856],[103.85618,1.342856],[103.85618,1.342807],[103.855885,1.342808],[103.855886,1.342856],[103.855857,1.342856],[103.855857,1.342808],[103.855562,1.342808],[103.855563,1.342856],[103.855534,1.342856],[103.855534,1.342808],[103.855466,1.342808],[103.855465,1.342726],[103.855507,1.342726],[103.855507,1.342704],[103.855587,1.342704],[103.855587,1.342727],[103.855669,1.342726],[103.855668,1.342704],[103.855749,1.342704],[103.855749,1.342726],[103.85583,1.342726],[103.85583,1.342704],[103.855911,1.342704],[103.855911,1.342726],[103.855992,1.342726],[103.855992,1.342704],[103.856072,1.342704],[103.856072,1.342726],[103.856144,1.342726],[103.856144,1.342704],[103.856243,1.342704]]]}},{"type":"Feature","properties":{"block_id":"2463","blk_no":"220","postal_code":"310220","region_id":"CR","region":"CENTRAL REGION","planning_area_id":"TP","planning_area":"TOA PAYOH","subzone_id":"TPSZ05","subzone":"LORONG 8 TOA PAYOH","lon":103.8565,"lat":1.3426,"property_match":"MATCHED","property_match_confidence":"HIGH","street":"LOR 8 TOA PAYOH","residential":"Y","year_completed":1975,"building_age_2026":51,"max_floor_lvl":16,"total_dwelling_units":90,"small_flat_share_pct":0.0,"rental_share_pct":0.0,"footprint_area_m2":647.7,"estimated_residents_2026":236.9,"estimated_elderly_65plus_2026":78.1,"estimated_elderly_share_pct":32.95,"elderly_exposure_score":73.6,"elderly_exposure_class":"HIGH","estimate_confidence":"HIGH","display_name":"Block 220"},"geometry":{"type":"Polygon","coordinates":[[[103.856372,1.342792],[103.856372,1.342763],[103.8564,1.342763],[103.8564,1.342468],[103.856371,1.342467],[103.856371,1.34244],[103.856416,1.34244],[103.856416,1.342372],[103.856498,1.342373],[103.856496,1.342414],[103.85652,1.342415],[103.856521,1.342493],[103.856498,1.342493],[103.856498,1.342577],[103.85652,1.342578],[103.85652,1.342658],[103.856498,1.342657],[103.856498,1.342741],[103.856521,1.342743],[103.856521,1.342821],[103.856499,1.342819],[103.856498,1.342862],[103.856416,1.34286],[103.856417,1.342793],[103.856372,1.342792]]]}},{"type":"Feature","properties":{"block_id":"1752","blk_no":"221","postal_code":"310221","region_id":"CR","region":"CENTRAL REGION","planning_area_id":"TP","planning_area":"TOA PAYOH","subzone_id":"TPSZ05","subzone":"LORONG 8 TOA PAYOH","lon":103.857,"lat":1.3426,"property_match":"MATCHED","property_match_confidence":"HIGH","street":"LOR 8 TOA PAYOH","residential":"Y","year_completed":1975,"building_age_2026":51,"max_floor_lvl":16,"total_dwelling_units":90,"small_flat_share_pct":0.0,"rental_share_pct":0.0,"footprint_area_m2":598.8,"estimated_residents_2026":236.9,"estimated_elderly_65plus_2026":78.1,"estimated_elderly_share_pct":32.95,"elderly_exposure_score":73.6,"elderly_exposure_class":"HIGH","estimate_confidence":"HIGH","display_name":"Block 221"},"geometry":{"type":"Polygon","coordinates":[[[103.85702,1.342797],[103.857016,1.342867],[103.856931,1.342868],[103.856933,1.342823],[103.856911,1.342823],[103.856911,1.342742],[103.856933,1.342742],[103.856933,1.342661],[103.856911,1.342661],[103.856911,1.34258],[103.856933,1.34258],[103.856933,1.342498],[103.856911,1.342498],[103.856911,1.342417],[103.856933,1.342417],[103.856931,1.342373],[103.857016,1.342373],[103.857014,1.342444],[103.857062,1.342444],[103.857062,1.342472],[103.857014,1.342472],[103.857014,1.342769],[103.857062,1.342769],[103.857062,1.342797],[103.85702,1.342797]]]}},{"type":"Feature","properties":{"block_id":"6054","blk_no":"222","postal_code":"310222","region_id":"CR","region":"CENTRAL REGION","planning_area_id":"TP","planning_area":"TOA PAYOH","subzone_id":"TPSZ05","subzone":"LORONG 8 TOA PAYOH","lon":103.856,"lat":1.3418,"property_match":"MATCHED","property_match_confidence":"HIGH","street":"LOR 8 TOA PAYOH","residential":"Y","year_completed":1975,"building_age_2026":51,"max_floor_lvl":20,"total_dwelling_units":266,"small_flat_share_pct":0.0,"rental_share_pct":0.0,"footprint_area_m2":1538.6,"estimated_residents_2026":700.3,"estimated_elderly_65plus_2026":230.7,"estimated_elderly_share_pct":32.95,"elderly_exposure_score":99.7,"elderly_exposure_class":"VERY HIGH","estimate_confidence":"HIGH","display_name":"Block 222"},"geometry":{"type":"Polygon","coordinates":[[[103.855471,1.341729],[103.855517,1.341729],[103.855517,1.341706],[103.855599,1.341706],[103.855599,1.341729],[103.855681,1.341729],[103.855681,1.341707],[103.85576,1.341707],[103.855761,1.341729],[103.855843,1.341728],[103.855843,1.341707],[103.855922,1.341707],[103.855922,1.341729],[103.856006,1.341729],[103.856006,1.341707],[103.856083,1.341707],[103.856083,1.341729],[103.856166,1.341729],[103.856166,1.341708],[103.856245,1.341707],[103.856244,1.34173],[103.856328,1.341729],[103.856328,1.341707],[103.856407,1.341707],[103.856407,1.34173],[103.856488,1.341729],[103.856489,1.341706],[103.856568,1.341707],[103.856568,1.341729],[103.856611,1.341729],[103.856611,1.341811],[103.856543,1.341812],[103.856542,1.341854],[103.856515,1.341854],[103.856517,1.341826],[103.85622,1.341827],[103.85622,1.341855],[103.856193,1.341855],[103.856192,1.341827],[103.855895,1.341828],[103.855895,1.341855],[103.855867,1.341855],[103.855868,1.341828],[103.85557,1.341828],[103.855571,1.341856],[103.855542,1.341856],[103.855541,1.341812],[103.855473,1.341811],[103.855471,1.341729]]]}},{"type":"Feature","properties":{"block_id":"6673","blk_no":"223","postal_code":"310223","region_id":"CR","region":"CENTRAL REGION","planning_area_id":"TP","planning_area":"TOA PAYOH","subzone_id":"TPSZ05","subzone":"LORONG 8 TOA PAYOH","lon":103.8556,"lat":1.3413,"property_match":"MATCHED","property_match_confidence":"HIGH","street":"LOR 8 TOA PAYOH","residential":"Y","year_completed":1975,"building_age_2026":51,"max_floor_lvl":25,"total_dwelling_units":96,"small_flat_share_pct":0.0,"rental_share_pct":0.0,"footprint_area_m2":545.7,"estimated_residents_2026":278.2,"estimated_elderly_65plus_2026":79.7,"estimated_elderly_share_pct":28.65,"elderly_exposure_score":75.2,"elderly_exposure_class":"HIGH","estimate_confidence":"HIGH","display_name":"Block 223"},"geometry":{"type":"Polygon","coordinates":[[[103.855434,1.341249],[103.855433,1.341157],[103.855539,1.341156],[103.855539,1.341191],[103.855565,1.341192],[103.855565,1.341156],[103.855672,1.341156],[103.855672,1.341249],[103.855603,1.34125],[103.855603,1.341287],[103.855672,1.341287],[103.855672,1.341376],[103.855568,1.341376],[103.855567,1.341309],[103.85554,1.341309],[103.855539,1.341376],[103.855433,1.341377],[103.855433,1.341287],[103.855504,1.341287],[103.855504,1.341249],[103.855434,1.341249]]]}},{"type":"Feature","properties":{"block_id":"5067","blk_no":"224","postal_code":"310224","region_id":"CR","region":"CENTRAL REGION","planning_area_id":"TP","planning_area":"TOA PAYOH","subzone_id":"TPSZ05","subzone":"LORONG 8 TOA PAYOH","lon":103.8561,"lat":1.3412,"property_match":"MATCHED","property_match_confidence":"HIGH","street":"LOR 8 TOA PAYOH","residential":"Y","year_completed":1975,"building_age_2026":51,"max_floor_lvl":25,"total_dwelling_units":96,"small_flat_share_pct":0.0,"rental_share_pct":0.0,"footprint_area_m2":540.7,"estimated_residents_2026":278.2,"estimated_elderly_65plus_2026":79.7,"estimated_elderly_share_pct":28.65,"elderly_exposure_score":75.2,"elderly_exposure_class":"HIGH","estimate_confidence":"HIGH","display_name":"Block 224"},"geometry":{"type":"Polygon","coordinates":[[[103.855948,1.341159],[103.855948,1.341067],[103.856052,1.341067],[103.856052,1.341104],[103.856078,1.341104],[103.856079,1.341067],[103.856184,1.341067],[103.856183,1.34116],[103.856114,1.34116],[103.856114,1.341197],[103.856184,1.341198],[103.856185,1.341288],[103.856079,1.341287],[103.856079,1.34122],[103.856052,1.341221],[103.856052,1.341287],[103.855947,1.341288],[103.855948,1.341199],[103.856019,1.341198],[103.856019,1.34116],[103.855948,1.341159]]]}},{"type":"Feature","properties":{"block_id":"3336","blk_no":"225","postal_code":"310225","region_id":"CR","region":"CENTRAL REGION","planning_area_id":"TP","planning_area":"TOA PAYOH","subzone_id":"TPSZ05","subzone":"LORONG 8 TOA PAYOH","lon":103.8559,"lat":1.3395,"property_match":"MATCHED","property_match_confidence":"HIGH","street":"LOR 8 TOA PAYOH","residential":"Y","year_completed":1975,"building_age_2026":51,"max_floor_lvl":12,"total_dwelling_units":173,"small_flat_share_pct":98.27,"rental_share_pct":0.0,"footprint_area_m2":1357.4,"estimated_residents_2026":389.2,"estimated_elderly_65plus_2026":125.9,"estimated_elderly_share_pct":32.36,"elderly_exposure_score":94.4,"elderly_exposure_class":"VERY HIGH","estimate_confidence":"HIGH","display_name":"Block 225"},"geometry":{"type":"Polygon","coordinates":[[[103.855901,1.339609],[103.855901,1.339567],[103.855893,1.339561],[103.855433,1.339561],[103.855432,1.339473],[103.855447,1.339473],[103.855446,1.339431],[103.855472,1.33943],[103.855472,1.339451],[103.855506,1.339451],[103.855505,1.33943],[103.855531,1.339429],[103.85553,1.339471],[103.855584,1.339471],[103.855584,1.339429],[103.855609,1.33943],[103.855609,1.339451],[103.855642,1.339451],[103.855642,1.33943],[103.855667,1.339429],[103.855667,1.339473],[103.855693,1.339473],[103.855694,1.339429],[103.855719,1.33943],[103.855718,1.339451],[103.855752,1.339451],[103.855752,1.339431],[103.855778,1.339429],[103.855777,1.339473],[103.855803,1.339473],[103.855804,1.339429],[103.855828,1.33943],[103.855828,1.339451],[103.855861,1.339451],[103.855861,1.33943],[103.855887,1.339429],[103.855886,1.339471],[103.855943,1.339471],[103.855942,1.339429],[103.855968,1.339431],[103.855968,1.339451],[103.856001,1.339451],[103.856,1.339431],[103.856025,1.339429],[103.856025,1.339473],[103.856051,1.339473],[103.856053,1.339429],[103.856077,1.339431],[103.856077,1.339451],[103.85611,1.339451],[103.85611,1.339431],[103.856136,1.339429],[103.856135,1.339473],[103.856162,1.339473],[103.856162,1.339429],[103.856187,1.339431],[103.856187,1.339451],[103.85622,1.339451],[103.85622,1.339431],[103.856246,1.339429],[103.856245,1.339471],[103.856299,1.33947],[103.856298,1.33943],[103.856324,1.339431],[103.856324,1.339451],[103.856357,1.339451],[103.856357,1.339431],[103.856384,1.339431],[103.856382,1.339473],[103.856396,1.339473],[103.856396,1.339561],[103.855936,1.339561],[103.855925,1.339568],[103.855926,1.33961],[103.855901,1.339609]]]}},{"type":"Feature","properties":{"block_id":"6852","blk_no":"3","postal_code":"310003","region_id":"CR","region":"CENTRAL REGION","planning_area_id":"TP","planning_area":"TOA PAYOH","subzone_id":"TPSZ05","subzone":"LORONG 8 TOA PAYOH","lon":103.8544,"lat":1.3392,"property_match":"MATCHED","property_match_confidence":"HIGH","street":"LOR 7 TOA PAYOH","residential":"Y","year_completed":1968,"building_age_2026":58,"max_floor_lvl":11,"total_dwelling_units":172,"small_flat_share_pct":97.67,"rental_share_pct":0.0,"footprint_area_m2":1494.7,"estimated_residents_2026":387.6,"estimated_elderly_65plus_2026":125.3,"estimated_elderly_share_pct":32.33,"elderly_exposure_score":94.4,"elderly_exposure_class":"VERY HIGH","estimate_confidence":"HIGH","display_name":"Block 3"},"geometry":{"type":"Polygon","coordinates":[[[103.853997,1.339141],[103.85442,1.339141],[103.85442,1.339062],[103.854495,1.339062],[103.854495,1.339141],[103.854916,1.339141],[103.854916,1.339123],[103.854941,1.339123],[103.854941,1.339206],[103.854919,1.339206],[103.854919,1.339233],[103.854901,1.339233],[103.854901,1.339285],[103.854879,1.339285],[103.854879,1.339257],[103.854866,1.339252],[103.854845,1.339257],[103.854845,1.339285],[103.854822,1.339285],[103.854822,1.339232],[103.854792,1.339232],[103.854792,1.339285],[103.854769,1.339285],[103.854769,1.339257],[103.854756,1.339252],[103.854735,1.339257],[103.854735,1.339285],[103.854713,1.339285],[103.854713,1.339232],[103.854682,1.339232],[103.854682,1.339285],[103.85466,1.339285],[103.85466,1.339257],[103.854646,1.339252],[103.854626,1.339257],[103.854626,1.339285],[103.854603,1.339285],[103.854603,1.339232],[103.854573,1.339232],[103.854573,1.339284],[103.85455,1.339284],[103.85455,1.339257],[103.854537,1.339252],[103.854516,1.339257],[103.854516,1.339284],[103.854494,1.339284],[103.854494,1.339232],[103.854419,1.339232],[103.854419,1.339284],[103.854396,1.339284],[103.854396,1.339257],[103.854383,1.339252],[103.854362,1.339257],[103.854362,1.339284],[103.85434,1.339284],[103.85434,1.339232],[103.854309,1.339232],[103.854309,1.339284],[103.854287,1.339284],[103.854287,1.339257],[103.854273,1.339252],[103.854252,1.339257],[103.854252,1.339284],[103.85423,1.339284],[103.85423,1.339232],[103.854199,1.339232],[103.854199,1.339284],[103.854177,1.339284],[103.854177,1.339256],[103.854164,1.339252],[103.854143,1.339256],[103.854143,1.339283],[103.85412,1.339283],[103.85412,1.339232],[103.85409,1.339232],[103.85409,1.339283],[103.854067,1.339283],[103.854067,1.339256],[103.854054,1.339252],[103.854033,1.339256],[103.854033,1.339283],[103.854011,1.339283],[103.854011,1.339233],[103.853994,1.339233],[103.853994,1.339206],[103.853943,1.339213],[103.853943,1.339163],[103.853971,1.339163],[103.853971,1.339123],[103.853997,1.339123],[103.853997,1.339141]]]}},{"type":"Feature","properties":{"block_id":"2800","blk_no":"3A","postal_code":"311003","region_id":"CR","region":"CENTRAL REGION","planning_area_id":"TP","planning_area":"TOA PAYOH","subzone_id":"TPSZ05","subzone":"LORONG 8 TOA PAYOH","lon":103.8545,"lat":1.3395,"property_match":"MATCHED","property_match_confidence":"HIGH","street":"LOR 7 TOA PAYOH","residential":"N","year_completed":1994,"building_age_2026":32,"max_floor_lvl":2,"total_dwelling_units":0,"small_flat_share_pct":null,"rental_share_pct":null,"footprint_area_m2":1775.2,"estimated_residents_2026":0.0,"estimated_elderly_65plus_2026":0.0,"estimated_elderly_share_pct":null,"elderly_exposure_score":null,"elderly_exposure_class":null,"estimate_confidence":"HIGH","display_name":"Block 3A"},"geometry":{"type":"Polygon","coordinates":[[[103.854939,1.339448],[103.854939,1.339554],[103.854994,1.339554],[103.854994,1.3396],[103.854006,1.3396],[103.854006,1.339448],[103.854939,1.339448]]]}},{"type":"Feature","properties":{"block_id":"3288","blk_no":"4","postal_code":"310004","region_id":"CR","region":"CENTRAL REGION","planning_area_id":"TP","planning_area":"TOA PAYOH","subzone_id":"TPSZ05","subzone":"LORONG 8 TOA PAYOH","lon":103.8555,"lat":1.339,"property_match":"MATCHED","property_match_confidence":"HIGH","street":"LOR 7 TOA PAYOH","residential":"Y","year_completed":1969,"building_age_2026":57,"max_floor_lvl":11,"total_dwelling_units":110,"small_flat_share_pct":99.09,"rental_share_pct":0.0,"footprint_area_m2":1216.4,"estimated_residents_2026":246.9,"estimated_elderly_65plus_2026":80.0,"estimated_elderly_share_pct":32.4,"elderly_exposure_score":75.4,"elderly_exposure_class":"HIGH","estimate_confidence":"HIGH","display_name":"Block 4"},"geometry":{"type":"Polygon","coordinates":[[[103.855192,1.339039],[103.855183,1.339039],[103.855183,1.339091],[103.85515,1.339091],[103.85515,1.33904],[103.855164,1.339041],[103.855164,1.338965],[103.855195,1.338965],[103.855195,1.338993],[103.855496,1.338993],[103.855496,1.338902],[103.855578,1.338902],[103.855579,1.338993],[103.855878,1.338993],[103.855878,1.338965],[103.855909,1.338965],[103.85591,1.339052],[103.855929,1.339052],[103.855929,1.339115],[103.855879,1.339115],[103.855879,1.339084],[103.855866,1.339084],[103.855867,1.339131],[103.855841,1.339131],[103.855841,1.339107],[103.855828,1.339102],[103.855808,1.339107],[103.855808,1.339131],[103.855782,1.339131],[103.855783,1.339082],[103.855756,1.339082],[103.855758,1.339131],[103.855732,1.339131],[103.855732,1.339107],[103.855719,1.339102],[103.855698,1.339107],[103.855698,1.339131],[103.855672,1.339131],[103.855674,1.339081],[103.855647,1.339081],[103.855648,1.339131],[103.855622,1.339131],[103.855622,1.339107],[103.855602,1.339102],[103.855589,1.339106],[103.855589,1.339131],[103.855563,1.339131],[103.855563,1.339081],[103.855511,1.339082],[103.855511,1.339131],[103.855485,1.339131],[103.855485,1.339106],[103.855472,1.339102],[103.855452,1.339106],[103.855452,1.339131],[103.855426,1.339131],[103.855426,1.339082],[103.855402,1.339082],[103.855402,1.339131],[103.855376,1.339131],[103.855376,1.339106],[103.855356,1.339102],[103.855343,1.339106],[103.855343,1.339131],[103.855317,1.339131],[103.855317,1.339106],[103.855292,1.339106],[103.855292,1.339131],[103.855266,1.339131],[103.855266,1.339106],[103.855246,1.339102],[103.855233,1.339106],[103.855233,1.339131],[103.855207,1.339131],[103.855207,1.339103],[103.855192,1.339103],[103.855192,1.339039]]]}},{"type":"Feature","properties":{"block_id":"6236","blk_no":"4A","postal_code":"311004","region_id":"CR","region":"CENTRAL REGION","planning_area_id":"TP","planning_area":"TOA PAYOH","subzone_id":"TPSZ05","subzone":"LORONG 8 TOA PAYOH","lon":103.8559,"lat":1.3392,"property_match":"MATCHED","property_match_confidence":"HIGH","street":"LOR 7 TOA PAYOH","residential":"N","year_completed":1998,"building_age_2026":28,"max_floor_lvl":2,"total_dwelling_units":0,"small_flat_share_pct":null,"rental_share_pct":null,"footprint_area_m2":2268.2,"estimated_residents_2026":0.0,"estimated_elderly_65plus_2026":0.0,"estimated_elderly_share_pct":null,"elderly_exposure_score":null,"elderly_exposure_class":null,"estimate_confidence":"HIGH","display_name":"Block 4A"},"geometry":{"type":"Polygon","coordinates":[[[103.856275,1.339333],[103.856275,1.339355],[103.855328,1.339354],[103.855328,1.33917],[103.855398,1.33917],[103.855398,1.339195],[103.856098,1.339196],[103.856098,1.339127],[103.856275,1.339127],[103.856275,1.339195],[103.856376,1.339204],[103.856408,1.339233],[103.856421,1.339273],[103.856407,1.339321],[103.856368,1.339352],[103.856326,1.339355],[103.856275,1.339333]]]}},{"type":"Feature","properties":{"block_id":"2447","blk_no":"5","postal_code":"310005","region_id":"CR","region":"CENTRAL REGION","planning_area_id":"TP","planning_area":"TOA PAYOH","subzone_id":"TPSZ05","subzone":"LORONG 8 TOA PAYOH","lon":103.8558,"lat":1.3387,"property_match":"MATCHED","property_match_confidence":"HIGH","street":"LOR 7 TOA PAYOH","residential":"Y","year_completed":1969,"building_age_2026":57,"max_floor_lvl":11,"total_dwelling_units":258,"small_flat_share_pct":100.0,"rental_share_pct":100.0,"footprint_area_m2":1053.8,"estimated_residents_2026":377.1,"estimated_elderly_65plus_2026":168.7,"estimated_elderly_share_pct":44.74,"elderly_exposure_score":98.3,"elderly_exposure_class":"VERY HIGH","estimate_confidence":"HIGH","display_name":"Block 5"},"geometry":{"type":"Polygon","coordinates":[[[103.855962,1.338712],[103.855888,1.338712],[103.855887,1.338725],[103.855857,1.338729],[103.855836,1.338725],[103.855836,1.338712],[103.855789,1.338712],[103.855789,1.338724],[103.855758,1.338729],[103.855737,1.338724],[103.855737,1.338712],[103.855663,1.338712],[103.855663,1.338725],[103.855633,1.338729],[103.855611,1.338725],[103.855611,1.338712],[103.855564,1.338712],[103.855564,1.338725],[103.855534,1.338729],[103.855513,1.338725],[103.855513,1.338714],[103.855486,1.338714],[103.855486,1.338671],[103.855471,1.338671],[103.855471,1.338715],[103.855443,1.338715],[103.855443,1.338654],[103.855413,1.338653],[103.855413,1.338603],[103.855472,1.338607],[103.855472,1.33865],[103.855486,1.33865],[103.855486,1.338606],[103.855513,1.338609],[103.855513,1.338596],[103.855534,1.338591],[103.855564,1.338596],[103.855564,1.338608],[103.855611,1.338608],[103.855611,1.338596],[103.855642,1.338591],[103.855663,1.338596],[103.855663,1.338608],[103.855737,1.338609],[103.855738,1.338596],[103.855768,1.338591],[103.855789,1.338596],[103.855789,1.338609],[103.855836,1.338609],[103.855836,1.338596],[103.855866,1.338591],[103.855888,1.338596],[103.855888,1.338609],[103.855962,1.338608],[103.855962,1.338596],[103.855992,1.338591],[103.856014,1.338596],[103.856014,1.338609],[103.856061,1.338609],[103.856061,1.338596],[103.856091,1.338591],[103.856113,1.338596],[103.856113,1.338609],[103.856139,1.338606],[103.856139,1.338649],[103.856149,1.338649],[103.856149,1.338602],[103.856182,1.338602],[103.856182,1.338715],[103.856154,1.338715],[103.856154,1.338669],[103.856139,1.338669],[103.856139,1.338715],[103.856112,1.338712],[103.856112,1.338725],[103.856082,1.338729],[103.85606,1.338725],[103.85606,1.338712],[103.856014,1.338712],[103.856014,1.338725],[103.855983,1.338729],[103.855962,1.338725],[103.855962,1.338712]]]}},{"type":"Feature","properties":{"block_id":"1031","blk_no":"10","postal_code":"310010","region_id":"CR","region":"CENTRAL REGION","planning_area_id":"TP","planning_area":"TOA PAYOH","subzone_id":"TPSZ06","subzone":"PEI CHUN","lon":103.8572,"lat":1.3372,"property_match":"MATCHED","property_match_confidence":"HIGH","street":"LOR 7 TOA PAYOH","residential":"Y","year_completed":1997,"building_age_2026":29,"max_floor_lvl":25,"total_dwelling_units":96,"small_flat_share_pct":0.0,"rental_share_pct":0.0,"footprint_area_m2":614.3,"estimated_residents_2026":285.6,"estimated_elderly_65plus_2026":69.7,"estimated_elderly_share_pct":24.41,"elderly_exposure_score":65.0,"elderly_exposure_class":"HIGH","estimate_confidence":"HIGH","display_name":"Block 10"},"geometry":{"type":"Polygon","coordinates":[[[103.857188,1.337127],[103.857108,1.337122],[103.857108,1.33703],[103.857168,1.33703],[103.857168,1.337048],[103.857284,1.337048],[103.857284,1.33703],[103.857344,1.33703],[103.857344,1.337122],[103.857288,1.337122],[103.857287,1.337136],[103.857305,1.337136],[103.857305,1.337189],[103.857287,1.337189],[103.857287,1.337203],[103.857344,1.337203],[103.857344,1.337295],[103.857254,1.337295],[103.857254,1.337277],[103.857198,1.337277],[103.857198,1.337295],[103.857108,1.337295],[103.857108,1.337203],[103.857188,1.337199],[103.857179,1.33719],[103.857179,1.337136],[103.857188,1.337127]]]}},{"type":"Feature","properties":{"block_id":"11054928","blk_no":"10A","postal_code":"311010","region_id":"CR","region":"CENTRAL REGION","planning_area_id":"TP","planning_area":"TOA PAYOH","subzone_id":"TPSZ06","subzone":"PEI CHUN","lon":103.8578,"lat":1.3372,"property_match":"MATCHED","property_match_confidence":"HIGH","street":"LOR 7 TOA PAYOH","residential":"N","year_completed":1997,"building_age_2026":29,"max_floor_lvl":5,"total_dwelling_units":0,"small_flat_share_pct":null,"rental_share_pct":null,"footprint_area_m2":2132.1,"estimated_residents_2026":0.0,"estimated_elderly_65plus_2026":0.0,"estimated_elderly_share_pct":null,"elderly_exposure_score":null,"elderly_exposure_class":null,"estimate_confidence":"HIGH","display_name":"Block 10A"},"geometry":{"type":"Polygon","coordinates":[[[103.857486,1.33703],[103.858098,1.33703],[103.858098,1.337182],[103.858119,1.337182],[103.858119,1.33721],[103.858098,1.337211],[103.858097,1.337312],[103.857486,1.337313],[103.857486,1.33703]]]}},{"type":"Feature","properties":{"block_id":"11054849","blk_no":"10B","postal_code":"312010","region_id":"CR","region":"CENTRAL REGION","planning_area_id":"TP","planning_area":"TOA PAYOH","subzone_id":"TPSZ06","subzone":"PEI CHUN","lon":103.8584,"lat":1.3372,"property_match":"MATCHED","property_match_confidence":"HIGH","street":"LOR 7 TOA PAYOH","residential":"Y","year_completed":1997,"building_age_2026":29,"max_floor_lvl":25,"total_dwelling_units":96,"small_flat_share_pct":0.0,"rental_share_pct":0.0,"footprint_area_m2":570.3,"estimated_residents_2026":285.6,"estimated_elderly_65plus_2026":69.7,"estimated_elderly_share_pct":24.41,"elderly_exposure_score":65.0,"elderly_exposure_class":"HIGH","estimate_confidence":"HIGH","display_name":"Block 10B"},"geometry":{"type":"Polygon","coordinates":[[[103.858414,1.337206],[103.858471,1.337203],[103.858471,1.337294],[103.858411,1.337294],[103.858412,1.337261],[103.858387,1.337261],[103.858384,1.337275],[103.858384,1.337261],[103.858355,1.337261],[103.858352,1.337275],[103.858352,1.337261],[103.858322,1.337261],[103.858319,1.337275],[103.858319,1.337261],[103.858295,1.337261],[103.858295,1.337294],[103.858235,1.337295],[103.858235,1.337203],[103.858292,1.337206],[103.858292,1.337199],[103.858319,1.337199],[103.858319,1.337189],[103.858307,1.337189],[103.858307,1.337136],[103.858319,1.337136],[103.858319,1.337125],[103.858235,1.337122],[103.858235,1.33703],[103.858295,1.33703],[103.858295,1.337053],[103.858411,1.337053],[103.858411,1.33703],[103.858471,1.33703],[103.858471,1.337122],[103.858414,1.337118],[103.858414,1.337136],[103.858432,1.337136],[103.858433,1.337189],[103.858414,1.337189],[103.858414,1.337206]]]}},{"type":"Feature","properties":{"block_id":"11054852","blk_no":"10C","postal_code":"313010","region_id":"CR","region":"CENTRAL REGION","planning_area_id":"TP","planning_area":"TOA PAYOH","subzone_id":"TPSZ06","subzone":"PEI CHUN","lon":103.8581,"lat":1.3369,"property_match":"MATCHED","property_match_confidence":"HIGH","street":"LOR 7 TOA PAYOH","residential":"N","year_completed":1997,"building_age_2026":29,"max_floor_lvl":1,"total_dwelling_units":0,"small_flat_share_pct":null,"rental_share_pct":null,"footprint_area_m2":212.3,"estimated_residents_2026":0.0,"estimated_elderly_65plus_2026":0.0,"estimated_elderly_share_pct":null,"elderly_exposure_score":null,"elderly_exposure_class":null,"estimate_confidence":"HIGH","display_name":"Block 10C"},"geometry":{"type":"Polygon","coordinates":[[[103.858002,1.336818],[103.858096,1.336818],[103.858097,1.337002],[103.858004,1.337003],[103.858002,1.336818]]]}},{"type":"Feature","properties":{"block_id":"4486","blk_no":"11","postal_code":"310011","region_id":"CR","region":"CENTRAL REGION","planning_area_id":"TP","planning_area":"TOA PAYOH","subzone_id":"TPSZ06","subzone":"PEI CHUN","lon":103.8591,"lat":1.3371,"property_match":"MATCHED","property_match_confidence":"HIGH","street":"LOR 8 TOA PAYOH","residential":"Y","year_completed":1996,"building_age_2026":30,"max_floor_lvl":16,"total_dwelling_units":124,"small_flat_share_pct":0.0,"rental_share_pct":0.0,"footprint_area_m2":1119.9,"estimated_residents_2026":366.1,"estimated_elderly_65plus_2026":90.4,"estimated_elderly_share_pct":24.69,"elderly_exposure_score":82.7,"elderly_exposure_class":"VERY HIGH","estimate_confidence":"HIGH","display_name":"Block 11"},"geometry":{"type":"Polygon","coordinates":[[[103.858993,1.33719],[103.859005,1.337178],[103.858992,1.337166],[103.859054,1.337104],[103.859067,1.337116],[103.859092,1.337091],[103.85908,1.337078],[103.859123,1.337034],[103.859136,1.337048],[103.859148,1.337036],[103.859161,1.33705],[103.859173,1.337039],[103.859173,1.337014],[103.859153,1.337014],[103.859153,1.336998],[103.859135,1.336998],[103.859135,1.336943],[103.859246,1.336943],[103.859244,1.33707],[103.859026,1.337289],[103.858706,1.337293],[103.858706,1.337195],[103.858729,1.337195],[103.858729,1.337159],[103.858706,1.337159],[103.858706,1.336967],[103.858814,1.336967],[103.858814,1.337065],[103.858802,1.337065],[103.858802,1.337187],[103.858813,1.337187],[103.858813,1.337197],[103.858827,1.337197],[103.858827,1.337178],[103.858964,1.337178],[103.858964,1.337196],[103.85898,1.337196],[103.85898,1.337216],[103.858996,1.337216],[103.859007,1.337204],[103.858993,1.33719]]]}},{"type":"Feature","properties":{"block_id":"11054925","blk_no":"11A","postal_code":"311011","region_id":"CR","region":"CENTRAL REGION","planning_area_id":"TP","planning_area":"TOA PAYOH","subzone_id":"TPSZ06","subzone":"PEI CHUN","lon":103.8593,"lat":1.3367,"property_match":"MATCHED","property_match_confidence":"HIGH","street":"LOR 8 TOA PAYOH","residential":"N","year_completed":1996,"building_age_2026":30,"max_floor_lvl":5,"total_dwelling_units":0,"small_flat_share_pct":null,"rental_share_pct":null,"footprint_area_m2":2135.4,"estimated_residents_2026":0.0,"estimated_elderly_65plus_2026":0.0,"estimated_elderly_share_pct":null,"elderly_exposure_score":null,"elderly_exposure_class":null,"estimate_confidence":"HIGH","display_name":"Block 11A"},"geometry":{"type":"Polygon","coordinates":[[[103.858987,1.33679],[103.858988,1.336508],[103.859599,1.336507],[103.859599,1.33661],[103.85962,1.33661],[103.85962,1.336638],[103.859599,1.336638],[103.8596,1.336789],[103.858987,1.33679]]]}},{"type":"Feature","properties":{"block_id":"11054853","blk_no":"12","postal_code":"310012","region_id":"CR","region":"CENTRAL REGION","planning_area_id":"TP","planning_area":"TOA PAYOH","subzone_id":"TPSZ06","subzone":"PEI CHUN","lon":103.8578,"lat":1.3365,"property_match":"MATCHED","property_match_confidence":"HIGH","street":"LOR 7 TOA PAYOH","residential":"Y","year_completed":1969,"building_age_2026":57,"max_floor_lvl":11,"total_dwelling_units":176,"small_flat_share_pct":100.0,"rental_share_pct":0.0,"footprint_area_m2":1526.8,"estimated_residents_2026":385.4,"estimated_elderly_65plus_2026":118.1,"estimated_elderly_share_pct":30.66,"elderly_exposure_score":92.9,"elderly_exposure_class":"VERY HIGH","estimate_confidence":"HIGH","display_name":"Block 12"},"geometry":{"type":"Polygon","coordinates":[[[103.857777,1.336663],[103.857783,1.33625],[103.857775,1.33625],[103.857775,1.336221],[103.85788,1.336216],[103.857873,1.336263],[103.85792,1.336261],[103.85792,1.336288],[103.857892,1.336288],[103.857892,1.336322],[103.85792,1.336322],[103.85792,1.336349],[103.857871,1.336347],[103.857871,1.336373],[103.85792,1.336372],[103.85792,1.336398],[103.857892,1.336398],[103.857892,1.336432],[103.85792,1.336433],[103.85792,1.336459],[103.857871,1.336458],[103.857871,1.336483],[103.85792,1.336482],[103.85792,1.336508],[103.857892,1.336508],[103.857892,1.336543],[103.85792,1.336543],[103.85792,1.336569],[103.857871,1.336568],[103.857871,1.336594],[103.85792,1.336592],[103.85792,1.336619],[103.857892,1.336619],[103.857893,1.336653],[103.85792,1.336653],[103.85792,1.336679],[103.857873,1.336678],[103.857873,1.336694],[103.857839,1.336694],[103.857839,1.336773],[103.857877,1.336775],[103.857876,1.336859],[103.857781,1.336859],[103.857781,1.33678],[103.857771,1.33678],[103.857771,1.336829],[103.857745,1.336829],[103.857744,1.336802],[103.85771,1.336802],[103.85771,1.336829],[103.857684,1.336829],[103.857685,1.33678],[103.85766,1.33678],[103.857661,1.336829],[103.857635,1.336829],[103.857635,1.336802],[103.857613,1.336801],[103.857601,1.336801],[103.857601,1.336829],[103.857575,1.336829],[103.857576,1.33678],[103.85755,1.33678],[103.857551,1.336829],[103.857526,1.336829],[103.857525,1.336802],[103.857491,1.336802],[103.857491,1.336829],[103.857465,1.336829],[103.857465,1.33678],[103.857442,1.33678],[103.857442,1.336829],[103.857416,1.336829],[103.857416,1.336801],[103.857382,1.336801],[103.857382,1.336829],[103.857355,1.336829],[103.857357,1.336781],[103.857311,1.336789],[103.857316,1.336684],[103.857345,1.336683],[103.857345,1.336691],[103.857754,1.336691],[103.857759,1.336674],[103.857777,1.336663]]]}},{"type":"Feature","properties":{"block_id":"2581","blk_no":"13","postal_code":"310013","region_id":"CR","region":"CENTRAL REGION","planning_area_id":"TP","planning_area":"TOA PAYOH","subzone_id":"TPSZ06","subzone":"PEI CHUN","lon":103.8588,"lat":1.3365,"property_match":"MATCHED","property_match_confidence":"HIGH","street":"LOR 7 TOA PAYOH","residential":"Y","year_completed":1969,"building_age_2026":57,"max_floor_lvl":11,"total_dwelling_units":176,"small_flat_share_pct":100.0,"rental_share_pct":0.0,"footprint_area_m2":1498.4,"estimated_residents_2026":385.4,"estimated_elderly_65plus_2026":118.1,"estimated_elderly_share_pct":30.66,"elderly_exposure_score":92.9,"elderly_exposure_class":"VERY HIGH","estimate_confidence":"HIGH","display_name":"Block 13"},"geometry":{"type":"Polygon","coordinates":[[[103.858859,1.336338],[103.858858,1.336779],[103.858866,1.336779],[103.858858,1.336798],[103.858866,1.336808],[103.858762,1.336814],[103.858771,1.336767],[103.858722,1.336768],[103.858722,1.336742],[103.858746,1.336742],[103.85875,1.336729],[103.858746,1.336707],[103.858722,1.336707],[103.858722,1.336681],[103.858771,1.336683],[103.858771,1.336657],[103.858722,1.336658],[103.858722,1.336632],[103.858747,1.336632],[103.85875,1.336619],[103.858747,1.336597],[103.858722,1.336597],[103.858722,1.336571],[103.858771,1.336572],[103.858771,1.336547],[103.858722,1.336548],[103.858722,1.336521],[103.858747,1.336522],[103.85875,1.336509],[103.858747,1.336487],[103.858722,1.336487],[103.858722,1.336461],[103.858771,1.336462],[103.858771,1.336436],[103.858722,1.336437],[103.858722,1.336411],[103.858747,1.336411],[103.85875,1.336398],[103.858747,1.336377],[103.858722,1.336377],[103.858722,1.33635],[103.858769,1.336352],[103.858769,1.336338],[103.858801,1.336338],[103.858801,1.336255],[103.858766,1.336255],[103.858766,1.336187],[103.858861,1.336187],[103.858861,1.33625],[103.858873,1.33625],[103.858871,1.336201],[103.858897,1.336201],[103.858897,1.336225],[103.85891,1.336229],[103.858932,1.336225],[103.858932,1.336201],[103.858958,1.336201],[103.858956,1.33625],[103.858982,1.33625],[103.858981,1.336201],[103.859007,1.336201],[103.859007,1.336225],[103.85902,1.336228],[103.859041,1.336225],[103.859041,1.336201],[103.859067,1.336201],[103.859066,1.33625],[103.859092,1.33625],[103.859091,1.336201],[103.859117,1.336201],[103.859116,1.336226],[103.859129,1.336229],[103.859151,1.336226],[103.859151,1.336201],[103.859177,1.336201],[103.859175,1.33625],[103.859201,1.33625],[103.8592,1.336201],[103.859226,1.336201],[103.859226,1.336226],[103.859239,1.336229],[103.85926,1.336226],[103.85926,1.336201],[103.859286,1.336201],[103.859284,1.336248],[103.859332,1.336241],[103.859326,1.336346],[103.859316,1.336338],[103.859297,1.336346],[103.859297,1.336338],[103.858859,1.336338]]]}},{"type":"Feature","properties":{"block_id":"11054851","blk_no":"14","postal_code":"310014","region_id":"CR","region":"CENTRAL REGION","planning_area_id":"TP","planning_area":"TOA PAYOH","subzone_id":"TPSZ06","subzone":"PEI CHUN","lon":103.8584,"lat":1.3367,"property_match":"MATCHED","property_match_confidence":"HIGH","street":"LOR 7 TOA PAYOH","residential":"Y","year_completed":1997,"building_age_2026":29,"max_floor_lvl":25,"total_dwelling_units":96,"small_flat_share_pct":0.0,"rental_share_pct":0.0,"footprint_area_m2":586.9,"estimated_residents_2026":285.6,"estimated_elderly_65plus_2026":69.7,"estimated_elderly_share_pct":24.41,"elderly_exposure_score":65.0,"elderly_exposure_class":"HIGH","estimate_confidence":"HIGH","display_name":"Block 14"},"geometry":{"type":"Polygon","coordinates":[[[103.858411,1.336779],[103.858295,1.336779],[103.858296,1.336802],[103.858235,1.336802],[103.858235,1.336711],[103.858319,1.336707],[103.858319,1.336696],[103.858307,1.336696],[103.858307,1.336673],[103.858307,1.336643],[103.858319,1.336643],[103.858319,1.336633],[103.858235,1.336629],[103.858235,1.336537],[103.858295,1.336537],[103.858295,1.33656],[103.858389,1.33656],[103.858411,1.33656],[103.858411,1.336537],[103.858471,1.336537],[103.858471,1.336629],[103.858414,1.336625],[103.858414,1.336643],[103.858432,1.336643],[103.858432,1.336696],[103.858414,1.336696],[103.858414,1.336714],[103.858471,1.33671],[103.858471,1.336802],[103.858411,1.336802],[103.858411,1.336779]]]}},{"type":"Feature","properties":{"block_id":"11054854","blk_no":"14A","postal_code":"311014","region_id":"CR","region":"CENTRAL REGION","planning_area_id":"TP","planning_area":"TOA PAYOH","subzone_id":"TPSZ06","subzone":"PEI CHUN","lon":103.8582,"lat":1.3362,"property_match":"MATCHED","property_match_confidence":"HIGH","street":"LOR 7 TOA PAYOH","residential":"Y","year_completed":1997,"building_age_2026":29,"max_floor_lvl":25,"total_dwelling_units":117,"small_flat_share_pct":0.0,"rental_share_pct":0.0,"footprint_area_m2":1030.0,"estimated_residents_2026":376.0,"estimated_elderly_65plus_2026":81.7,"estimated_elderly_share_pct":21.72,"elderly_exposure_score":76.7,"elderly_exposure_class":"HIGH","estimate_confidence":"HIGH","display_name":"Block 14A"},"geometry":{"type":"Polygon","coordinates":[[[103.858594,1.336213],[103.858594,1.336305],[103.858578,1.336305],[103.858577,1.336325],[103.858496,1.336325],[103.858496,1.336316],[103.858474,1.336316],[103.858474,1.336325],[103.858395,1.336325],[103.858396,1.336304],[103.858366,1.336305],[103.858366,1.336325],[103.858288,1.336325],[103.858288,1.336308],[103.858201,1.336308],[103.858201,1.336289],[103.85814,1.336288],[103.85814,1.336307],[103.858052,1.336307],[103.858053,1.336216],[103.858137,1.336212],[103.858137,1.336202],[103.858125,1.336202],[103.858125,1.336149],[103.858137,1.336149],[103.858137,1.336138],[103.858093,1.336138],[103.858093,1.336117],[103.858037,1.336117],[103.858037,1.336075],[103.858053,1.336075],[103.858053,1.336043],[103.85814,1.336042],[103.85814,1.336061],[103.858202,1.336062],[103.858202,1.336043],[103.858289,1.336043],[103.858289,1.336076],[103.858305,1.336075],[103.858305,1.336117],[103.858249,1.336117],[103.858249,1.336138],[103.85823,1.336138],[103.85823,1.336148],[103.85825,1.336149],[103.85825,1.336202],[103.858218,1.336201],[103.858218,1.336212],[103.858594,1.336213]]]}},{"type":"Feature","properties":{"block_id":"11054855","blk_no":"14B","postal_code":"312014","region_id":"CR","region":"CENTRAL REGION","planning_area_id":"TP","planning_area":"TOA PAYOH","subzone_id":"TPSZ06","subzone":"PEI CHUN","lon":103.8584,"lat":1.3357,"property_match":"MATCHED","property_match_confidence":"HIGH","street":"LOR 7 TOA PAYOH","residential":"Y","year_completed":1996,"building_age_2026":30,"max_floor_lvl":25,"total_dwelling_units":96,"small_flat_share_pct":0.0,"rental_share_pct":0.0,"footprint_area_m2":566.6,"estimated_residents_2026":285.6,"estimated_elderly_65plus_2026":69.7,"estimated_elderly_share_pct":24.41,"elderly_exposure_score":65.0,"elderly_exposure_class":"HIGH","estimate_confidence":"HIGH","display_name":"Block 14B"},"geometry":{"type":"Polygon","coordinates":[[[103.858464,1.335604],[103.858524,1.335604],[103.858524,1.335696],[103.858467,1.335692],[103.858467,1.33571],[103.858486,1.33571],[103.858486,1.335763],[103.858467,1.335763],[103.858467,1.335781],[103.858524,1.335777],[103.858524,1.335869],[103.858464,1.335869],[103.858466,1.335833],[103.85844,1.335833],[103.85844,1.33585],[103.858437,1.335833],[103.858408,1.335833],[103.858407,1.335851],[103.858405,1.335836],[103.858375,1.335836],[103.858372,1.33585],[103.858372,1.335836],[103.858348,1.335836],[103.858348,1.335869],[103.858288,1.335869],[103.858288,1.335777],[103.858372,1.335774],[103.858372,1.335763],[103.85836,1.335763],[103.85836,1.33571],[103.858372,1.335711],[103.858372,1.3357],[103.858288,1.335696],[103.858288,1.335604],[103.858348,1.335604],[103.858348,1.335627],[103.858364,1.335627],[103.858463,1.335627],[103.858464,1.335604]]]}},{"type":"Feature","properties":{"block_id":"5938","blk_no":"15","postal_code":"310015","region_id":"CR","region":"CENTRAL REGION","planning_area_id":"TP","planning_area":"TOA PAYOH","subzone_id":"TPSZ06","subzone":"PEI CHUN","lon":103.8591,"lat":1.3359,"property_match":"MATCHED","property_match_confidence":"HIGH","street":"LOR 7 TOA PAYOH","residential":"Y","year_completed":1969,"building_age_2026":57,"max_floor_lvl":11,"total_dwelling_units":257,"small_flat_share_pct":100.0,"rental_share_pct":100.0,"footprint_area_m2":1052.7,"estimated_residents_2026":326.2,"estimated_elderly_65plus_2026":177.9,"estimated_elderly_share_pct":54.55,"elderly_exposure_score":98.7,"elderly_exposure_class":"VERY HIGH","estimate_confidence":"HIGH","display_name":"Block 15"},"geometry":{"type":"Polygon","coordinates":[[[103.858903,1.335987],[103.858851,1.335987],[103.858851,1.335974],[103.858804,1.335974],[103.858804,1.335987],[103.858783,1.335992],[103.858753,1.335987],[103.858753,1.335974],[103.858729,1.335974],[103.858729,1.33593],[103.858708,1.33593],[103.858708,1.335977],[103.85868,1.335977],[103.858681,1.335864],[103.858713,1.335864],[103.858713,1.335914],[103.858726,1.335914],[103.858726,1.335869],[103.858753,1.335871],[103.858753,1.335859],[103.858774,1.335854],[103.858804,1.335858],[103.858804,1.335871],[103.858851,1.335871],[103.858851,1.335858],[103.858882,1.335853],[103.858902,1.335857],[103.858902,1.335871],[103.858977,1.335871],[103.858977,1.335859],[103.859008,1.335854],[103.859029,1.335858],[103.859029,1.335871],[103.859076,1.335871],[103.859076,1.335859],[103.859106,1.335854],[103.859127,1.335858],[103.859127,1.335871],[103.859202,1.335871],[103.859202,1.335858],[103.859232,1.335854],[103.859254,1.335859],[103.859254,1.335871],[103.8593,1.335871],[103.859301,1.335859],[103.859331,1.335854],[103.859352,1.335858],[103.859352,1.335871],[103.859379,1.335869],[103.859379,1.335914],[103.859393,1.335914],[103.859393,1.335869],[103.859452,1.335865],[103.859452,1.335916],[103.859422,1.335916],[103.859422,1.335977],[103.859394,1.335977],[103.859394,1.335929],[103.859379,1.335929],[103.859379,1.335977],[103.859352,1.335974],[103.859352,1.335987],[103.859331,1.335992],[103.8593,1.335987],[103.8593,1.335975],[103.859254,1.335975],[103.859254,1.335987],[103.859233,1.335992],[103.859202,1.335987],[103.859202,1.335975],[103.859127,1.335975],[103.859127,1.335987],[103.859106,1.335992],[103.859075,1.335987],[103.859075,1.335974],[103.859029,1.335974],[103.859029,1.335987],[103.859007,1.335992],[103.858977,1.335987],[103.858977,1.335974],[103.858903,1.335974],[103.858903,1.335987]]]}},{"type":"Feature","properties":{"block_id":"11054840","blk_no":"17","postal_code":"310017","region_id":"CR","region":"CENTRAL REGION","planning_area_id":"TP","planning_area":"TOA PAYOH","subzone_id":"TPSZ06","subzone":"PEI CHUN","lon":103.8564,"lat":1.3363,"property_match":"MATCHED","property_match_confidence":"HIGH","street":"LOR 7 TOA PAYOH","residential":"Y","year_completed":1970,"building_age_2026":56,"max_floor_lvl":20,"total_dwelling_units":320,"small_flat_share_pct":100.0,"rental_share_pct":0.0,"footprint_area_m2":1509.5,"estimated_residents_2026":700.7,"estimated_elderly_65plus_2026":214.8,"estimated_elderly_share_pct":30.66,"elderly_exposure_score":99.5,"elderly_exposure_class":"VERY HIGH","estimate_confidence":"HIGH","display_name":"Block 17"},"geometry":{"type":"Polygon","coordinates":[[[103.856863,1.336377],[103.856865,1.336468],[103.856763,1.336468],[103.856763,1.336477],[103.856728,1.336479],[103.856719,1.336468],[103.856376,1.336468],[103.856367,1.336501],[103.85632,1.336501],[103.85632,1.33645],[103.85634,1.336449],[103.85634,1.336329],[103.856079,1.336329],[103.856079,1.336338],[103.856044,1.33634],[103.856034,1.336329],[103.855932,1.336329],[103.855932,1.336316],[103.855835,1.336316],[103.855835,1.336263],[103.855932,1.336263],[103.855932,1.336238],[103.855946,1.336241],[103.855948,1.336196],[103.855972,1.336195],[103.855972,1.336218],[103.855993,1.336218],[103.856005,1.336218],[103.856005,1.336196],[103.856029,1.336196],[103.856029,1.336241],[103.856068,1.336243],[103.856083,1.336241],[103.856085,1.336197],[103.856109,1.336196],[103.856109,1.336219],[103.85613,1.336219],[103.856142,1.336219],[103.856142,1.336196],[103.856166,1.336196],[103.856166,1.336241],[103.856192,1.336241],[103.856194,1.336197],[103.856217,1.336197],[103.856218,1.33622],[103.856251,1.33622],[103.856251,1.336197],[103.856274,1.336197],[103.856276,1.336241],[103.856303,1.336241],[103.856304,1.336197],[103.856328,1.336196],[103.856328,1.336215],[103.856349,1.336215],[103.856361,1.336215],[103.856361,1.336196],[103.856385,1.336197],[103.856386,1.336241],[103.8564,1.336239],[103.8564,1.336379],[103.856412,1.336379],[103.856413,1.336334],[103.856432,1.336333],[103.856437,1.336356],[103.85647,1.336357],[103.856471,1.336334],[103.856494,1.336335],[103.856495,1.336378],[103.856521,1.336378],[103.856523,1.336334],[103.856546,1.336334],[103.856546,1.336357],[103.85658,1.336357],[103.85658,1.336334],[103.856603,1.336334],[103.856603,1.336379],[103.85663,1.336379],[103.856632,1.336335],[103.856656,1.336334],[103.856656,1.336357],[103.85669,1.336357],[103.85669,1.336334],[103.856713,1.336335],[103.856714,1.336379],[103.856728,1.336381],[103.856768,1.336379],[103.856769,1.336335],[103.856793,1.336334],[103.856793,1.336357],[103.856826,1.336357],[103.856826,1.336334],[103.85685,1.336335],[103.856851,1.336379],[103.856863,1.336377]]]}},{"type":"Feature","properties":{"block_id":"11054841","blk_no":"17A","postal_code":"311017","region_id":"CR","region":"CENTRAL REGION","planning_area_id":"TP","planning_area":"TOA PAYOH","subzone_id":"TPSZ06","subzone":"PEI CHUN","lon":103.857,"lat":1.3362,"property_match":"MATCHED","property_match_confidence":"HIGH","street":"LOR 7 TOA PAYOH","residential":"N","year_completed":1991,"building_age_2026":35,"max_floor_lvl":3,"total_dwelling_units":0,"small_flat_share_pct":null,"rental_share_pct":null,"footprint_area_m2":1351.5,"estimated_residents_2026":0.0,"estimated_elderly_65plus_2026":0.0,"estimated_elderly_share_pct":null,"elderly_exposure_score":null,"elderly_exposure_class":null,"estimate_confidence":"HIGH","display_name":"Block 17A"},"geometry":{"type":"Polygon","coordinates":[[[103.857048,1.335931],[103.857334,1.335932],[103.857238,1.336051],[103.85721,1.336031],[103.857171,1.336025],[103.857115,1.336053],[103.857097,1.336092],[103.857121,1.336124],[103.857135,1.336168],[103.857123,1.336245],[103.857073,1.336302],[103.857002,1.336323],[103.857015,1.336329],[103.856907,1.336463],[103.856912,1.33629],[103.856875,1.336239],[103.856865,1.336176],[103.856886,1.336112],[103.856933,1.33607],[103.856933,1.336008],[103.856908,1.336008],[103.856908,1.335931],[103.856954,1.335931],[103.856954,1.335973],[103.856976,1.335938],[103.857008,1.33593],[103.857035,1.335947],[103.857048,1.335973],[103.857048,1.335931]]]}},{"type":"Feature","properties":{"block_id":"11054842","blk_no":"18","postal_code":"310018","region_id":"CR","region":"CENTRAL REGION","planning_area_id":"TP","planning_area":"TOA PAYOH","subzone_id":"TPSZ06","subzone":"PEI CHUN","lon":103.8568,"lat":1.3357,"property_match":"MATCHED","property_match_confidence":"HIGH","street":"LOR 7 TOA PAYOH","residential":"Y","year_completed":1969,"building_age_2026":57,"max_floor_lvl":11,"total_dwelling_units":146,"small_flat_share_pct":98.63,"rental_share_pct":0.0,"footprint_area_m2":1650.7,"estimated_residents_2026":321.9,"estimated_elderly_65plus_2026":98.0,"estimated_elderly_share_pct":30.46,"elderly_exposure_score":86.8,"elderly_exposure_class":"VERY HIGH","estimate_confidence":"HIGH","display_name":"Block 18"},"geometry":{"type":"Polygon","coordinates":[[[103.857066,1.335823],[103.857051,1.335823],[103.857051,1.3358],[103.857012,1.335802],[103.85701,1.335845],[103.856987,1.335846],[103.856987,1.335823],[103.856953,1.335823],[103.856953,1.335846],[103.85693,1.335845],[103.856928,1.335802],[103.856902,1.335802],[103.856901,1.335845],[103.856877,1.335846],[103.856877,1.335823],[103.856844,1.335823],[103.856844,1.335845],[103.85682,1.335845],[103.856819,1.335802],[103.85679,1.335801],[103.856789,1.335845],[103.856766,1.335845],[103.856766,1.335823],[103.856732,1.335823],[103.856732,1.335846],[103.856709,1.335845],[103.856707,1.335802],[103.856681,1.335802],[103.856679,1.335845],[103.856656,1.335846],[103.856656,1.335823],[103.856622,1.335823],[103.856622,1.335845],[103.856599,1.335845],[103.856598,1.335801],[103.856558,1.335799],[103.856544,1.335801],[103.856542,1.335845],[103.856519,1.335846],[103.856519,1.335823],[103.856485,1.335823],[103.85648,1.335845],[103.856462,1.335845],[103.856461,1.335801],[103.856434,1.335801],[103.856433,1.335845],[103.85641,1.335845],[103.856409,1.335823],[103.856376,1.335823],[103.856376,1.335845],[103.856353,1.335845],[103.856351,1.335801],[103.856334,1.335803],[103.856334,1.335818],[103.856271,1.335818],[103.856271,1.335765],[103.856308,1.335765],[103.856314,1.335694],[103.856547,1.335694],[103.856555,1.335634],[103.856587,1.335634],[103.856595,1.335694],[103.857306,1.335694],[103.857301,1.33576],[103.857275,1.33576],[103.857274,1.335824],[103.857257,1.335824],[103.857257,1.335846],[103.857233,1.335846],[103.857234,1.335824],[103.857199,1.335824],[103.857195,1.335846],[103.857176,1.335846],[103.857176,1.335824],[103.857148,1.335824],[103.857147,1.335846],[103.857124,1.335846],[103.857124,1.335823],[103.85709,1.335823],[103.85709,1.335846],[103.857066,1.335846],[103.857066,1.335823]]]}},{"type":"Feature","properties":{"block_id":"7800","blk_no":"18A","postal_code":"311018","region_id":"CR","region":"CENTRAL REGION","planning_area_id":"TP","planning_area":"TOA PAYOH","subzone_id":"TPSZ06","subzone":"PEI CHUN","lon":103.8566,"lat":1.3361,"property_match":"MATCHED","property_match_confidence":"HIGH","street":"LOR 6 TOA PAYOH","residential":"N","year_completed":2004,"building_age_2026":22,"max_floor_lvl":3,"total_dwelling_units":0,"small_flat_share_pct":null,"rental_share_pct":null,"footprint_area_m2":1663.7,"estimated_residents_2026":0.0,"estimated_elderly_65plus_2026":0.0,"estimated_elderly_share_pct":null,"elderly_exposure_score":null,"elderly_exposure_class":null,"estimate_confidence":"HIGH","display_name":"Block 18A"},"geometry":{"type":"Polygon","coordinates":[[[103.856799,1.335928],[103.856799,1.336249],[103.85645,1.336247],[103.85645,1.336084],[103.856316,1.336084],[103.856316,1.336094],[103.85629,1.336094],[103.856292,1.336018],[103.856305,1.335971],[103.856314,1.335971],[103.856314,1.335928],[103.856799,1.335928]]]}},{"type":"Feature","properties":{"block_id":"11054843","blk_no":"19","postal_code":"310019","region_id":"CR","region":"CENTRAL REGION","planning_area_id":"TP","planning_area":"TOA PAYOH","subzone_id":"TPSZ06","subzone":"PEI CHUN","lon":103.8565,"lat":1.3353,"property_match":"MATCHED","property_match_confidence":"HIGH","street":"LOR 7 TOA PAYOH","residential":"N","year_completed":1969,"building_age_2026":57,"max_floor_lvl":2,"total_dwelling_units":0,"small_flat_share_pct":null,"rental_share_pct":null,"footprint_area_m2":949.4,"estimated_residents_2026":0.0,"estimated_elderly_65plus_2026":0.0,"estimated_elderly_share_pct":null,"elderly_exposure_score":null,"elderly_exposure_class":null,"estimate_confidence":"HIGH","display_name":"Block 19"},"geometry":{"type":"Polygon","coordinates":[[[103.856463,1.335024],[103.856578,1.335023],[103.856577,1.335568],[103.856335,1.335568],[103.856334,1.335548],[103.856302,1.335548],[103.856301,1.335495],[103.856334,1.335495],[103.856334,1.335465],[103.856464,1.335465],[103.856463,1.335024]]]}},{"type":"Feature","properties":{"block_id":"11054847","blk_no":"19A","postal_code":"311019","region_id":"CR","region":"CENTRAL REGION","planning_area_id":"TP","planning_area":"TOA PAYOH","subzone_id":"TPSZ06","subzone":"PEI CHUN","lon":103.8565,"lat":1.3348,"property_match":"MATCHED","property_match_confidence":"HIGH","street":"LOR 7 TOA PAYOH","residential":"N","year_completed":2005,"building_age_2026":21,"max_floor_lvl":1,"total_dwelling_units":0,"small_flat_share_pct":null,"rental_share_pct":null,"footprint_area_m2":271.3,"estimated_residents_2026":0.0,"estimated_elderly_65plus_2026":0.0,"estimated_elderly_share_pct":null,"elderly_exposure_score":null,"elderly_exposure_class":null,"estimate_confidence":"HIGH","display_name":"Block 19A"},"geometry":{"type":"Polygon","coordinates":[[[103.856478,1.334664],[103.856589,1.334665],[103.856589,1.334863],[103.856478,1.334863],[103.856478,1.334664]]]}},{"type":"Feature","properties":{"block_id":"11054845","blk_no":"20","postal_code":"310020","region_id":"CR","region":"CENTRAL REGION","planning_area_id":"TP","planning_area":"TOA PAYOH","subzone_id":"TPSZ06","subzone":"PEI CHUN","lon":103.8572,"lat":1.335,"property_match":"MATCHED","property_match_confidence":"HIGH","street":"LOR 7 TOA PAYOH","residential":"Y","year_completed":1969,"building_age_2026":57,"max_floor_lvl":11,"total_dwelling_units":146,"small_flat_share_pct":98.63,"rental_share_pct":0.0,"footprint_area_m2":1651.3,"estimated_residents_2026":321.9,"estimated_elderly_65plus_2026":98.0,"estimated_elderly_share_pct":30.46,"elderly_exposure_score":86.8,"elderly_exposure_class":"VERY HIGH","estimate_confidence":"HIGH","display_name":"Block 20"},"geometry":{"type":"Polygon","coordinates":[[[103.856927,1.334892],[103.856927,1.334914],[103.856943,1.334914],[103.856943,1.334938],[103.856968,1.334938],[103.856982,1.334936],[103.856984,1.334893],[103.857007,1.334892],[103.857007,1.334914],[103.857041,1.334914],[103.857041,1.334892],[103.857064,1.334893],[103.857066,1.334936],[103.857092,1.334936],[103.857093,1.334893],[103.857117,1.334892],[103.857117,1.334915],[103.85715,1.334915],[103.857151,1.334892],[103.857174,1.334893],[103.857175,1.334936],[103.857204,1.334936],[103.857205,1.334893],[103.857229,1.334892],[103.857229,1.334915],[103.857263,1.334915],[103.857262,1.334892],[103.857286,1.334893],[103.857287,1.334936],[103.857313,1.334936],[103.857315,1.334893],[103.857338,1.334892],[103.857338,1.334915],[103.857372,1.334915],[103.857372,1.334892],[103.857395,1.334893],[103.857397,1.334936],[103.857436,1.334939],[103.85745,1.334936],[103.857452,1.334893],[103.857475,1.334892],[103.857475,1.334915],[103.857509,1.334915],[103.857509,1.334892],[103.857532,1.334893],[103.857534,1.334936],[103.85756,1.334936],[103.857561,1.334893],[103.857585,1.334892],[103.857585,1.334915],[103.857618,1.334915],[103.857618,1.334892],[103.857642,1.334893],[103.857643,1.334936],[103.85766,1.334934],[103.85766,1.33492],[103.857723,1.33492],[103.857722,1.334972],[103.857685,1.334972],[103.857681,1.335044],[103.857447,1.335044],[103.857439,1.335054],[103.857439,1.335103],[103.857408,1.335103],[103.8574,1.335044],[103.856687,1.335044],[103.856694,1.334978],[103.856719,1.334978],[103.85672,1.334914],[103.856737,1.334914],[103.856737,1.334891],[103.856761,1.334891],[103.856761,1.334914],[103.856794,1.334914],[103.856795,1.334891],[103.856818,1.334892],[103.856818,1.334914],[103.856847,1.334914],[103.856847,1.334892],[103.85687,1.334891],[103.85687,1.334914],[103.856904,1.334914],[103.856904,1.334892],[103.856927,1.334892]]]}},{"type":"Feature","properties":{"block_id":"11054844","blk_no":"21","postal_code":"310021","region_id":"CR","region":"CENTRAL REGION","planning_area_id":"TP","planning_area":"TOA PAYOH","subzone_id":"TPSZ06","subzone":"PEI CHUN","lon":103.8575,"lat":1.3354,"property_match":"MATCHED","property_match_confidence":"HIGH","street":"LOR 7 TOA PAYOH","residential":"N","year_completed":1969,"building_age_2026":57,"max_floor_lvl":2,"total_dwelling_units":0,"small_flat_share_pct":null,"rental_share_pct":null,"footprint_area_m2":946.9,"estimated_residents_2026":0.0,"estimated_elderly_65plus_2026":0.0,"estimated_elderly_share_pct":null,"elderly_exposure_score":null,"elderly_exposure_class":null,"estimate_confidence":"HIGH","display_name":"Block 21"},"geometry":{"type":"Polygon","coordinates":[[[103.857659,1.33517],[103.857659,1.33519],[103.857693,1.33519],[103.857693,1.335243],[103.85766,1.335243],[103.85766,1.335273],[103.857531,1.335273],[103.857531,1.335714],[103.857418,1.335714],[103.857417,1.335169],[103.857659,1.33517]]]}},{"type":"Feature","properties":{"block_id":"11054848","blk_no":"22","postal_code":"310022","region_id":"CR","region":"CENTRAL REGION","planning_area_id":"TP","planning_area":"TOA PAYOH","subzone_id":"TPSZ06","subzone":"PEI CHUN","lon":103.857,"lat":1.3355,"property_match":"MATCHED","property_match_confidence":"HIGH","street":"LOR 7 TOA PAYOH","residential":"N","year_completed":2004,"building_age_2026":22,"max_floor_lvl":1,"total_dwelling_units":0,"small_flat_share_pct":null,"rental_share_pct":null,"footprint_area_m2":4061.5,"estimated_residents_2026":0.0,"estimated_elderly_65plus_2026":0.0,"estimated_elderly_share_pct":null,"elderly_exposure_score":null,"elderly_exposure_class":null,"estimate_confidence":"HIGH","display_name":"Block 22"},"geometry":{"type":"Polygon","coordinates":[[[103.856687,1.335356],[103.856681,1.335122],[103.857321,1.335122],[103.857315,1.335357],[103.857346,1.335355],[103.857346,1.335642],[103.856656,1.335641],[103.856655,1.335356],[103.856687,1.335356]],[[103.857279,1.335357],[103.857279,1.335322],[103.857139,1.335322],[103.857139,1.335356],[103.857279,1.335357]],[[103.856723,1.335322],[103.856723,1.335356],[103.856864,1.335356],[103.856863,1.335322],[103.856723,1.335322]],[[103.857102,1.335356],[103.857103,1.335322],[103.856899,1.335322],[103.856901,1.335356],[103.857102,1.335356]]]}},{"type":"Feature","properties":{"block_id":"7987","blk_no":"226","postal_code":"310226","region_id":"CR","region":"CENTRAL REGION","planning_area_id":"TP","planning_area":"TOA PAYOH","subzone_id":"TPSZ06","subzone":"PEI CHUN","lon":103.857,"lat":1.3395,"property_match":"MATCHED","property_match_confidence":"HIGH","street":"LOR 8 TOA PAYOH","residential":"Y","year_completed":1975,"building_age_2026":51,"max_floor_lvl":16,"total_dwelling_units":150,"small_flat_share_pct":0.0,"rental_share_pct":0.0,"footprint_area_m2":1120.0,"estimated_residents_2026":426.4,"estimated_elderly_65plus_2026":111.2,"estimated_elderly_share_pct":26.09,"elderly_exposure_score":91.5,"elderly_exposure_class":"VERY HIGH","estimate_confidence":"HIGH","display_name":"Block 226"},"geometry":{"type":"Polygon","coordinates":[[[103.857358,1.339562],[103.857223,1.339567],[103.857223,1.339604],[103.8572,1.339604],[103.8572,1.339566],[103.857191,1.339562],[103.857064,1.339562],[103.857064,1.339595],[103.857036,1.339595],[103.857036,1.339562],[103.856909,1.339562],[103.856899,1.339567],[103.856899,1.339604],[103.856876,1.339604],[103.856877,1.339567],[103.856867,1.339562],[103.856741,1.339562],[103.856741,1.339594],[103.856712,1.339595],[103.856712,1.339547],[103.856644,1.339549],[103.856644,1.339462],[103.856686,1.339462],[103.856686,1.339442],[103.856766,1.339442],[103.856767,1.339464],[103.856848,1.339464],[103.856848,1.339442],[103.856928,1.339442],[103.856929,1.339465],[103.85701,1.339465],[103.85701,1.339442],[103.85709,1.339441],[103.85709,1.339465],[103.857171,1.339464],[103.857171,1.339442],[103.857251,1.339441],[103.857251,1.339465],[103.857332,1.339464],[103.857332,1.339442],[103.857413,1.339442],[103.857412,1.339465],[103.857454,1.339463],[103.857454,1.339549],[103.857386,1.339547],[103.857387,1.339595],[103.857358,1.339595],[103.857358,1.339562]]]}},{"type":"Feature","properties":{"block_id":"5794","blk_no":"227","postal_code":"310227","region_id":"CR","region":"CENTRAL REGION","planning_area_id":"TP","planning_area":"TOA PAYOH","subzone_id":"TPSZ06","subzone":"PEI CHUN","lon":103.858,"lat":1.3395,"property_match":"MATCHED","property_match_confidence":"HIGH","street":"LOR 8 TOA PAYOH","residential":"Y","year_completed":1975,"building_age_2026":51,"max_floor_lvl":16,"total_dwelling_units":150,"small_flat_share_pct":0.0,"rental_share_pct":0.0,"footprint_area_m2":1127.3,"estimated_residents_2026":426.4,"estimated_elderly_65plus_2026":111.2,"estimated_elderly_share_pct":26.09,"elderly_exposure_score":91.5,"elderly_exposure_class":"VERY HIGH","estimate_confidence":"HIGH","display_name":"Block 227"},"geometry":{"type":"Polygon","coordinates":[[[103.858171,1.339441],[103.858171,1.339464],[103.858252,1.339464],[103.858252,1.339441],[103.858333,1.339441],[103.858333,1.339462],[103.858374,1.339462],[103.858374,1.339548],[103.858306,1.339548],[103.858307,1.339594],[103.858278,1.339594],[103.858278,1.339562],[103.858151,1.339562],[103.858142,1.339567],[103.858142,1.339604],[103.858119,1.339604],[103.858119,1.339567],[103.85811,1.339561],[103.857984,1.339561],[103.857984,1.339594],[103.857955,1.339594],[103.857954,1.339562],[103.857829,1.339561],[103.857818,1.339567],[103.857819,1.339604],[103.857796,1.339604],[103.857797,1.339566],[103.857787,1.339561],[103.857661,1.339561],[103.85766,1.339595],[103.857631,1.339594],[103.857631,1.339546],[103.857563,1.339548],[103.857563,1.339462],[103.857605,1.339464],[103.857605,1.339442],[103.857686,1.339442],[103.857686,1.339464],[103.857767,1.339464],[103.857767,1.339441],[103.857848,1.339441],[103.857848,1.339464],[103.857929,1.339464],[103.857929,1.339441],[103.858009,1.339441],[103.858009,1.339457],[103.858028,1.339464],[103.858091,1.339463],[103.858091,1.339441],[103.858171,1.339441]]]}},{"type":"Feature","properties":{"block_id":"7663","blk_no":"227A","postal_code":"311227","region_id":"CR","region":"CENTRAL REGION","planning_area_id":"TP","planning_area":"TOA PAYOH","subzone_id":"TPSZ06","subzone":"PEI CHUN","lon":103.858,"lat":1.339,"property_match":"MATCHED","property_match_confidence":"HIGH","street":"LOR 8 TOA PAYOH","residential":"N","year_completed":2006,"building_age_2026":20,"max_floor_lvl":3,"total_dwelling_units":0,"small_flat_share_pct":null,"rental_share_pct":null,"footprint_area_m2":2370.9,"estimated_residents_2026":0.0,"estimated_elderly_65plus_2026":0.0,"estimated_elderly_share_pct":null,"elderly_exposure_score":null,"elderly_exposure_class":null,"estimate_confidence":"HIGH","display_name":"Block 227A"},"geometry":{"type":"Polygon","coordinates":[[[103.858268,1.339195],[103.857644,1.339195],[103.857644,1.338888],[103.857783,1.338888],[103.857789,1.338876],[103.857841,1.338879],[103.857841,1.338888],[103.858269,1.338889],[103.858268,1.339195]]]}},{"type":"Feature","properties":{"block_id":"585","blk_no":"228","postal_code":"310228","region_id":"CR","region":"CENTRAL REGION","planning_area_id":"TP","planning_area":"TOA PAYOH","subzone_id":"TPSZ06","subzone":"PEI CHUN","lon":103.8588,"lat":1.3391,"property_match":"MATCHED","property_match_confidence":"HIGH","street":"LOR 8 TOA PAYOH","residential":"Y","year_completed":1975,"building_age_2026":51,"max_floor_lvl":16,"total_dwelling_units":150,"small_flat_share_pct":0.0,"rental_share_pct":0.0,"footprint_area_m2":1126.5,"estimated_residents_2026":426.4,"estimated_elderly_65plus_2026":111.2,"estimated_elderly_share_pct":26.09,"elderly_exposure_score":91.5,"elderly_exposure_class":"VERY HIGH","estimate_confidence":"HIGH","display_name":"Block 228"},"geometry":{"type":"Polygon","coordinates":[[[103.859088,1.339195],[103.858951,1.3392],[103.858952,1.339237],[103.858929,1.339237],[103.858929,1.3392],[103.85892,1.339195],[103.858793,1.339195],[103.858793,1.339228],[103.858764,1.339228],[103.858764,1.339195],[103.858638,1.339194],[103.858628,1.3392],[103.858629,1.339237],[103.858605,1.339237],[103.858606,1.3392],[103.858596,1.339195],[103.85847,1.339195],[103.85847,1.339228],[103.858442,1.339229],[103.858442,1.339182],[103.858373,1.339182],[103.858373,1.339096],[103.858415,1.339096],[103.858415,1.339075],[103.858496,1.339075],[103.858496,1.339097],[103.858577,1.339097],[103.858577,1.339075],[103.858657,1.339075],[103.858658,1.339098],[103.858738,1.339098],[103.858738,1.339075],[103.858819,1.339075],[103.858819,1.339097],[103.8589,1.339098],[103.8589,1.339075],[103.858981,1.339075],[103.858981,1.339097],[103.859062,1.339097],[103.859062,1.339075],[103.859142,1.339075],[103.859142,1.339096],[103.859185,1.339096],[103.859184,1.339182],[103.859116,1.339181],[103.859116,1.339228],[103.859088,1.339228],[103.859088,1.339195]]]}},{"type":"Feature","properties":{"block_id":"3196","blk_no":"228A","postal_code":"311228","region_id":"CR","region":"CENTRAL REGION","planning_area_id":"TP","planning_area":"TOA PAYOH","subzone_id":"TPSZ06","subzone":"PEI CHUN","lon":103.8586,"lat":1.3389,"property_match":"MATCHED","property_match_confidence":"HIGH","street":"LOR 8 TOA PAYOH","residential":"N","year_completed":2007,"building_age_2026":19,"max_floor_lvl":1,"total_dwelling_units":0,"small_flat_share_pct":null,"rental_share_pct":null,"footprint_area_m2":291.8,"estimated_residents_2026":0.0,"estimated_elderly_65plus_2026":0.0,"estimated_elderly_share_pct":null,"elderly_exposure_score":null,"elderly_exposure_class":null,"estimate_confidence":"HIGH","display_name":"Block 228A"},"geometry":{"type":"Polygon","coordinates":[[[103.858563,1.338802],[103.858628,1.338868],[103.858658,1.338851],[103.858686,1.338952],[103.858706,1.338957],[103.858526,1.338957],[103.858518,1.338928],[103.858496,1.338908],[103.858451,1.338907],[103.85842,1.338828],[103.858453,1.338901],[103.858472,1.338898],[103.858475,1.338814],[103.858545,1.338834],[103.858563,1.338802]]]}},{"type":"Feature","properties":{"block_id":"4090","blk_no":"229","postal_code":"310229","region_id":"CR","region":"CENTRAL REGION","planning_area_id":"TP","planning_area":"TOA PAYOH","subzone_id":"TPSZ06","subzone":"PEI CHUN","lon":103.8592,"lat":1.3387,"property_match":"MATCHED","property_match_confidence":"HIGH","street":"LOR 8 TOA PAYOH","residential":"Y","year_completed":1976,"building_age_2026":50,"max_floor_lvl":25,"total_dwelling_units":96,"small_flat_share_pct":0.0,"rental_share_pct":0.0,"footprint_area_m2":573.0,"estimated_residents_2026":316.3,"estimated_elderly_65plus_2026":66.1,"estimated_elderly_share_pct":20.9,"elderly_exposure_score":61.0,"elderly_exposure_class":"HIGH","estimate_confidence":"HIGH","display_name":"Block 229"},"geometry":{"type":"Polygon","coordinates":[[[103.859182,1.338828],[103.859074,1.338828],[103.859074,1.33874],[103.859135,1.338739],[103.859135,1.338701],[103.859074,1.338701],[103.859074,1.338612],[103.859315,1.338612],[103.859315,1.338701],[103.859255,1.338701],[103.859255,1.338739],[103.859315,1.338739],[103.859315,1.338828],[103.859208,1.338829],[103.859208,1.338792],[103.859181,1.338792],[103.859182,1.338828]]]}},{"type":"Feature","properties":{"block_id":"11054846","blk_no":"23","postal_code":"310023","region_id":"CR","region":"CENTRAL REGION","planning_area_id":"TP","planning_area":"TOA PAYOH","subzone_id":"TPSZ06","subzone":"PEI CHUN","lon":103.8572,"lat":1.3346,"property_match":"MATCHED","property_match_confidence":"HIGH","street":"TOA PAYOH EAST","residential":"Y","year_completed":1969,"building_age_2026":57,"max_floor_lvl":11,"total_dwelling_units":176,"small_flat_share_pct":100.0,"rental_share_pct":0.0,"footprint_area_m2":1427.1,"estimated_residents_2026":385.4,"estimated_elderly_65plus_2026":118.1,"estimated_elderly_share_pct":30.66,"elderly_exposure_score":92.9,"elderly_exposure_class":"VERY HIGH","estimate_confidence":"HIGH","display_name":"Block 23"},"geometry":{"type":"Polygon","coordinates":[[[103.856696,1.334559],[103.856696,1.334507],[103.856713,1.334502],[103.856722,1.334509],[103.856933,1.334509],[103.856942,1.334499],[103.856977,1.334501],[103.856977,1.334509],[103.857399,1.33451],[103.857407,1.33445],[103.857438,1.33445],[103.857446,1.33451],[103.857658,1.334509],[103.857658,1.334501],[103.857684,1.334509],[103.857687,1.334618],[103.857654,1.334618],[103.857655,1.334604],[103.857641,1.334602],[103.857639,1.334645],[103.857615,1.334646],[103.857615,1.334623],[103.857582,1.334623],[103.857582,1.334646],[103.857558,1.334645],[103.857556,1.334602],[103.857531,1.334602],[103.85753,1.334645],[103.857506,1.334646],[103.857506,1.334623],[103.857472,1.334623],[103.857472,1.334646],[103.857449,1.334645],[103.857447,1.334602],[103.857408,1.334599],[103.857394,1.334602],[103.857392,1.334645],[103.857369,1.334645],[103.857369,1.334623],[103.857335,1.334623],[103.857335,1.334645],[103.857312,1.334645],[103.85731,1.334602],[103.857285,1.334602],[103.857283,1.334645],[103.857259,1.334645],[103.857259,1.334623],[103.857226,1.334623],[103.857221,1.334645],[103.857202,1.334645],[103.8572,1.334601],[103.857174,1.334601],[103.857172,1.334645],[103.857149,1.334645],[103.857149,1.334623],[103.857115,1.334623],[103.85711,1.334645],[103.857091,1.334645],[103.85709,1.334601],[103.857064,1.334601],[103.857063,1.334644],[103.857039,1.334645],[103.857039,1.334622],[103.857005,1.334622],[103.857,1.334646],[103.856982,1.334645],[103.85698,1.334601],[103.856941,1.334599],[103.856927,1.334601],[103.856926,1.334645],[103.856902,1.334645],[103.856902,1.334623],[103.856868,1.334622],[103.856863,1.334645],[103.856845,1.334644],[103.856843,1.334601],[103.856818,1.334601],[103.856816,1.334644],[103.856793,1.334645],[103.856793,1.334622],[103.856759,1.334622],[103.856758,1.334645],[103.856735,1.334644],[103.856734,1.334601],[103.85672,1.334603],[103.85672,1.334559],[103.856696,1.334559]]]}},{"type":"Feature","properties":{"block_id":"206","blk_no":"230","postal_code":"310230","region_id":"CR","region":"CENTRAL REGION","planning_area_id":"TP","planning_area":"TOA PAYOH","subzone_id":"TPSZ06","subzone":"PEI CHUN","lon":103.8593,"lat":1.3383,"property_match":"MATCHED","property_match_confidence":"HIGH","street":"LOR 8 TOA PAYOH","residential":"Y","year_completed":1976,"building_age_2026":50,"max_floor_lvl":25,"total_dwelling_units":96,"small_flat_share_pct":0.0,"rental_share_pct":0.0,"footprint_area_m2":560.4,"estimated_residents_2026":316.3,"estimated_elderly_65plus_2026":66.1,"estimated_elderly_share_pct":20.9,"elderly_exposure_score":61.0,"elderly_exposure_class":"HIGH","estimate_confidence":"HIGH","display_name":"Block 230"},"geometry":{"type":"Polygon","coordinates":[[[103.859424,1.338147],[103.859424,1.338236],[103.859363,1.338236],[103.859363,1.338275],[103.859424,1.338275],[103.859424,1.338364],[103.859317,1.338364],[103.859317,1.338327],[103.859289,1.338328],[103.85929,1.338364],[103.859182,1.338364],[103.859182,1.338275],[103.859243,1.338275],[103.859243,1.338236],[103.859182,1.338236],[103.859182,1.338148],[103.85929,1.338148],[103.859289,1.338184],[103.859317,1.338184],[103.859317,1.338147],[103.859424,1.338147]]]}},{"type":"Feature","properties":{"block_id":"7671","blk_no":"231","postal_code":"310231","region_id":"CR","region":"CENTRAL REGION","planning_area_id":"TP","planning_area":"TOA PAYOH","subzone_id":"TPSZ06","subzone":"PEI CHUN","lon":103.8595,"lat":1.3374,"property_match":"MATCHED","property_match_confidence":"HIGH","street":"LOR 8 TOA PAYOH","residential":"Y","year_completed":1976,"building_age_2026":50,"max_floor_lvl":12,"total_dwelling_units":176,"small_flat_share_pct":100.0,"rental_share_pct":0.0,"footprint_area_m2":1360.5,"estimated_residents_2026":385.4,"estimated_elderly_65plus_2026":118.1,"estimated_elderly_share_pct":30.66,"elderly_exposure_score":92.9,"elderly_exposure_class":"VERY HIGH","estimate_confidence":"HIGH","display_name":"Block 231"},"geometry":{"type":"Polygon","coordinates":[[[103.859417,1.337335],[103.859416,1.337307],[103.859437,1.337308],[103.859437,1.337274],[103.859416,1.337274],[103.859415,1.337248],[103.859458,1.337248],[103.859459,1.337222],[103.859415,1.337223],[103.859416,1.337197],[103.859437,1.337197],[103.859437,1.337164],[103.859416,1.337164],[103.859415,1.337139],[103.859458,1.337138],[103.859459,1.337112],[103.859415,1.337111],[103.859416,1.337086],[103.859437,1.337087],[103.859437,1.337054],[103.859416,1.337053],[103.859415,1.337027],[103.859456,1.337028],[103.859456,1.336974],[103.859415,1.336974],[103.859416,1.336948],[103.859436,1.336948],[103.859436,1.336915],[103.859416,1.336915],[103.859415,1.336888],[103.859456,1.33689],[103.859456,1.336876],[103.859548,1.336876],[103.859546,1.337339],[103.859552,1.33735],[103.859594,1.337349],[103.859594,1.337374],[103.859552,1.337374],[103.859546,1.337382],[103.859547,1.337845],[103.859456,1.337846],[103.859456,1.337831],[103.859414,1.337831],[103.859416,1.337806],[103.859436,1.337806],[103.859436,1.337772],[103.859416,1.337773],[103.859415,1.337746],[103.859456,1.337747],[103.859456,1.337693],[103.859415,1.337694],[103.859416,1.337668],[103.859436,1.337668],[103.859436,1.337635],[103.859416,1.337635],[103.859415,1.33761],[103.859458,1.337609],[103.859458,1.337583],[103.859415,1.337583],[103.859416,1.337558],[103.859436,1.337558],[103.859436,1.337524],[103.859416,1.337524],[103.859415,1.337498],[103.859458,1.337499],[103.859458,1.337472],[103.859415,1.337473],[103.859416,1.337447],[103.859437,1.337447],[103.859437,1.337414],[103.859416,1.337414],[103.859415,1.33739],[103.859458,1.337389],[103.859457,1.337333],[103.859452,1.337341],[103.859417,1.337335]]]}},{"type":"Feature","properties":{"block_id":"5346","blk_no":"232","postal_code":"310232","region_id":"CR","region":"CENTRAL REGION","planning_area_id":"TP","planning_area":"TOA PAYOH","subzone_id":"TPSZ06","subzone":"PEI CHUN","lon":103.8588,"lat":1.3376,"property_match":"MATCHED","property_match_confidence":"HIGH","street":"LOR 8 TOA PAYOH","residential":"Y","year_completed":1976,"building_age_2026":50,"max_floor_lvl":12,"total_dwelling_units":174,"small_flat_share_pct":98.85,"rental_share_pct":0.57,"footprint_area_m2":1360.7,"estimated_residents_2026":383.2,"estimated_elderly_65plus_2026":116.8,"estimated_elderly_share_pct":30.49,"elderly_exposure_score":92.5,"elderly_exposure_class":"VERY HIGH","estimate_confidence":"HIGH","display_name":"Block 232"},"geometry":{"type":"Polygon","coordinates":[[[103.858866,1.337625],[103.858855,1.337632],[103.858854,1.337675],[103.858832,1.337674],[103.858832,1.337633],[103.858824,1.337625],[103.858495,1.337632],[103.858363,1.337626],[103.858363,1.337536],[103.858377,1.337536],[103.858377,1.337493],[103.858403,1.337495],[103.858402,1.337516],[103.858435,1.337516],[103.858435,1.337495],[103.858461,1.337494],[103.858461,1.337535],[103.858514,1.337536],[103.858513,1.337494],[103.85854,1.337495],[103.85854,1.337516],[103.858572,1.337516],[103.858572,1.337495],[103.858597,1.337494],[103.858598,1.337536],[103.858624,1.337536],[103.858625,1.337494],[103.858649,1.337495],[103.858649,1.337516],[103.858682,1.337516],[103.858682,1.337495],[103.858709,1.337495],[103.858707,1.337536],[103.858734,1.337536],[103.858733,1.337494],[103.858759,1.337495],[103.858759,1.337515],[103.858792,1.337515],[103.858791,1.337495],[103.858817,1.337494],[103.858817,1.337536],[103.858873,1.337535],[103.858872,1.337494],[103.858898,1.337495],[103.858898,1.337516],[103.858931,1.337516],[103.858931,1.337495],[103.858955,1.337494],[103.858956,1.337537],[103.858982,1.337537],[103.858981,1.337494],[103.859007,1.337495],[103.859007,1.337516],[103.85904,1.337516],[103.85904,1.337495],[103.859064,1.337494],[103.859066,1.337538],[103.859092,1.337538],[103.859091,1.337494],[103.859117,1.337495],[103.859117,1.337516],[103.85915,1.337516],[103.85915,1.337495],[103.859176,1.337494],[103.859175,1.337535],[103.859229,1.337536],[103.859229,1.337494],[103.859254,1.337495],[103.859254,1.337516],[103.859287,1.337516],[103.859287,1.337495],[103.859311,1.337493],[103.859312,1.337535],[103.859326,1.337535],[103.859326,1.337627],[103.858866,1.337625]]]}},{"type":"Feature","properties":{"block_id":"3880","blk_no":"233","postal_code":"310233","region_id":"CR","region":"CENTRAL REGION","planning_area_id":"TP","planning_area":"TOA PAYOH","subzone_id":"TPSZ06","subzone":"PEI CHUN","lon":103.8585,"lat":1.3383,"property_match":"MATCHED","property_match_confidence":"HIGH","street":"LOR 8 TOA PAYOH","residential":"Y","year_completed":1976,"building_age_2026":50,"max_floor_lvl":12,"total_dwelling_units":121,"small_flat_share_pct":98.35,"rental_share_pct":0.0,"footprint_area_m2":1255.2,"estimated_residents_2026":267.2,"estimated_elderly_65plus_2026":81.3,"estimated_elderly_share_pct":30.41,"elderly_exposure_score":76.3,"elderly_exposure_class":"HIGH","estimate_confidence":"HIGH","display_name":"Block 233"},"geometry":{"type":"Polygon","coordinates":[[[103.858398,1.338521],[103.858381,1.338519],[103.858383,1.338495],[103.858398,1.338495],[103.858398,1.338461],[103.858383,1.338461],[103.858381,1.338436],[103.858398,1.338435],[103.858398,1.338416],[103.858422,1.338416],[103.858422,1.338382],[103.858382,1.338383],[103.858382,1.338356],[103.858398,1.338357],[103.858397,1.338323],[103.858382,1.338323],[103.858381,1.338299],[103.858422,1.338298],[103.858422,1.338272],[103.858381,1.338272],[103.858382,1.338246],[103.858397,1.338247],[103.858397,1.338213],[103.858382,1.338213],[103.85838,1.338189],[103.858422,1.338188],[103.858422,1.338134],[103.858381,1.338135],[103.858382,1.338108],[103.858398,1.338109],[103.858397,1.338075],[103.858382,1.338076],[103.85838,1.338051],[103.858422,1.33805],[103.858422,1.338024],[103.858381,1.338025],[103.858382,1.337999],[103.858397,1.337999],[103.858397,1.337965],[103.858382,1.337965],[103.858381,1.33794],[103.858422,1.33794],[103.858428,1.33792],[103.858406,1.33792],[103.858406,1.337891],[103.858492,1.337891],[103.858492,1.337925],[103.858531,1.337919],[103.858531,1.33839],[103.858579,1.338396],[103.858579,1.338422],[103.858531,1.338425],[103.858531,1.33865],[103.858397,1.338649],[103.858398,1.338631],[103.858381,1.33863],[103.858383,1.338605],[103.858398,1.338605],[103.858398,1.338572],[103.858383,1.338572],[103.858381,1.338547],[103.858398,1.338545],[103.858398,1.338521]]]}},{"type":"Feature","properties":{"block_id":"7335","blk_no":"233A","postal_code":"311233","region_id":"CR","region":"CENTRAL REGION","planning_area_id":"TP","planning_area":"TOA PAYOH","subzone_id":"TPSZ06","subzone":"PEI CHUN","lon":103.8589,"lat":1.3382,"property_match":"MATCHED","property_match_confidence":"HIGH","street":"LOR 8 TOA PAYOH","residential":"N","year_completed":2005,"building_age_2026":21,"max_floor_lvl":3,"total_dwelling_units":0,"small_flat_share_pct":null,"rental_share_pct":null,"footprint_area_m2":2674.3,"estimated_residents_2026":0.0,"estimated_elderly_65plus_2026":0.0,"estimated_elderly_share_pct":null,"elderly_exposure_score":null,"elderly_exposure_class":null,"estimate_confidence":"HIGH","display_name":"Block 233A"},"geometry":{"type":"Polygon","coordinates":[[[103.858738,1.337892],[103.859042,1.337892],[103.859042,1.338079],[103.859055,1.338087],[103.859051,1.338136],[103.859042,1.338137],[103.859042,1.338521],[103.858984,1.338521],[103.858984,1.338585],[103.858994,1.338585],[103.858994,1.338613],[103.858884,1.338613],[103.858874,1.338652],[103.858851,1.338651],[103.858845,1.338614],[103.858737,1.338614],[103.858738,1.337892]]]}},{"type":"Feature","properties":{"block_id":"4801","blk_no":"234","postal_code":"310234","region_id":"CR","region":"CENTRAL REGION","planning_area_id":"TP","planning_area":"TOA PAYOH","subzone_id":"TPSZ06","subzone":"PEI CHUN","lon":103.8579,"lat":1.3386,"property_match":"MATCHED","property_match_confidence":"HIGH","street":"LOR 8 TOA PAYOH","residential":"Y","year_completed":1976,"building_age_2026":50,"max_floor_lvl":12,"total_dwelling_units":117,"small_flat_share_pct":97.44,"rental_share_pct":0.0,"footprint_area_m2":1233.4,"estimated_residents_2026":259.5,"estimated_elderly_65plus_2026":78.6,"estimated_elderly_share_pct":30.28,"elderly_exposure_score":73.9,"elderly_exposure_class":"HIGH","estimate_confidence":"HIGH","display_name":"Block 234"},"geometry":{"type":"Polygon","coordinates":[[[103.85822,1.33853],[103.858253,1.33853],[103.858253,1.338514],[103.858281,1.338515],[103.858278,1.338555],[103.858293,1.338555],[103.858298,1.338664],[103.857721,1.338664],[103.857715,1.338713],[103.85769,1.338714],[103.857685,1.338664],[103.857573,1.338664],[103.857578,1.338625],[103.857544,1.338625],[103.857545,1.338539],[103.857574,1.338539],[103.857574,1.338562],[103.857592,1.338557],[103.857593,1.338514],[103.857618,1.338515],[103.857618,1.33853],[103.857651,1.33853],[103.857651,1.338515],[103.857677,1.338514],[103.857676,1.338555],[103.85773,1.338555],[103.85773,1.338513],[103.857755,1.338515],[103.857755,1.33853],[103.857788,1.33853],[103.857788,1.338515],[103.857813,1.338513],[103.857813,1.338555],[103.857839,1.338555],[103.85784,1.338513],[103.857864,1.338515],[103.857864,1.33853],[103.857897,1.33853],[103.857897,1.338515],[103.857923,1.338513],[103.857922,1.338555],[103.857949,1.338555],[103.857949,1.338513],[103.857974,1.338515],[103.857974,1.33853],[103.858007,1.33853],[103.858007,1.338515],[103.858033,1.338514],[103.858032,1.338555],[103.858058,1.338555],[103.858058,1.338513],[103.858084,1.338515],[103.858083,1.33853],[103.858116,1.33853],[103.858116,1.338515],[103.858143,1.338514],[103.858142,1.338555],[103.858195,1.338555],[103.858195,1.338513],[103.858221,1.338514],[103.85822,1.33853]]]}},{"type":"Feature","properties":{"block_id":"7061","blk_no":"235","postal_code":"310235","region_id":"CR","region":"CENTRAL REGION","planning_area_id":"TP","planning_area":"TOA PAYOH","subzone_id":"TPSZ06","subzone":"PEI CHUN","lon":103.8571,"lat":1.339,"property_match":"MATCHED","property_match_confidence":"HIGH","street":"LOR 8 TOA PAYOH","residential":"Y","year_completed":1975,"building_age_2026":51,"max_floor_lvl":12,"total_dwelling_units":129,"small_flat_share_pct":97.67,"rental_share_pct":0.0,"footprint_area_m2":1051.2,"estimated_residents_2026":285.8,"estimated_elderly_65plus_2026":86.6,"estimated_elderly_share_pct":30.32,"elderly_exposure_score":80.4,"elderly_exposure_class":"VERY HIGH","estimate_confidence":"HIGH","display_name":"Block 235"},"geometry":{"type":"Polygon","coordinates":[[[103.857521,1.339003],[103.856951,1.339003],[103.856943,1.339009],[103.856944,1.339051],[103.856919,1.339051],[103.85692,1.33901],[103.856911,1.339002],[103.856806,1.339002],[103.856806,1.338983],[103.856773,1.338983],[103.856773,1.338897],[103.856802,1.338897],[103.856806,1.33892],[103.856821,1.338914],[103.856821,1.33887],[103.856846,1.338871],[103.856846,1.338892],[103.856879,1.338892],[103.856879,1.338872],[103.856904,1.33887],[103.856904,1.338912],[103.856958,1.338912],[103.856958,1.33887],[103.856983,1.338871],[103.856983,1.338892],[103.857016,1.338893],[103.857016,1.338872],[103.857039,1.33887],[103.857041,1.338914],[103.857067,1.338914],[103.857067,1.33887],[103.857093,1.338872],[103.857092,1.338893],[103.857126,1.338893],[103.857126,1.338872],[103.85715,1.33887],[103.857151,1.338914],[103.857177,1.338915],[103.857177,1.338871],[103.857202,1.338872],[103.857202,1.338892],[103.857235,1.338893],[103.857235,1.338872],[103.85726,1.33887],[103.857261,1.338914],[103.857287,1.338914],[103.857286,1.338871],[103.857312,1.338872],[103.857312,1.338893],[103.857345,1.338893],[103.857345,1.338872],[103.857369,1.33887],[103.85737,1.338912],[103.857423,1.338913],[103.857423,1.33887],[103.857449,1.338872],[103.857448,1.338893],[103.857481,1.338893],[103.857481,1.338872],[103.857508,1.338871],[103.857507,1.338915],[103.857522,1.338921],[103.857521,1.339003]]]}},{"type":"Feature","properties":{"block_id":"5383","blk_no":"6","postal_code":"310006","region_id":"CR","region":"CENTRAL REGION","planning_area_id":"TP","planning_area":"TOA PAYOH","subzone_id":"TPSZ06","subzone":"PEI CHUN","lon":103.8571,"lat":1.3385,"property_match":"MATCHED","property_match_confidence":"HIGH","street":"LOR 7 TOA PAYOH","residential":"Y","year_completed":1997,"building_age_2026":29,"max_floor_lvl":25,"total_dwelling_units":117,"small_flat_share_pct":0.0,"rental_share_pct":0.0,"footprint_area_m2":1012.1,"estimated_residents_2026":376.0,"estimated_elderly_65plus_2026":81.7,"estimated_elderly_share_pct":21.72,"elderly_exposure_score":76.7,"elderly_exposure_class":"HIGH","estimate_confidence":"HIGH","display_name":"Block 6"},"geometry":{"type":"Polygon","coordinates":[[[103.857017,1.338375],[103.857079,1.338375],[103.857079,1.338357],[103.857165,1.338357],[103.857165,1.338389],[103.857182,1.338389],[103.857182,1.338431],[103.857126,1.338431],[103.857126,1.338452],[103.857081,1.338452],[103.857081,1.338463],[103.857108,1.338463],[103.857108,1.338515],[103.857096,1.338526],[103.857471,1.338527],[103.857471,1.338619],[103.857454,1.338619],[103.857454,1.338639],[103.857373,1.338639],[103.857368,1.338629],[103.857351,1.338629],[103.857351,1.338639],[103.857272,1.338639],[103.857272,1.338618],[103.857243,1.338618],[103.857243,1.338639],[103.857165,1.338639],[103.857165,1.338621],[103.857078,1.338621],[103.857078,1.338602],[103.857017,1.338602],[103.857017,1.338621],[103.85693,1.338621],[103.85693,1.338529],[103.857013,1.338526],[103.857013,1.338515],[103.857002,1.338515],[103.857002,1.338462],[103.857013,1.338462],[103.857013,1.338452],[103.85697,1.338452],[103.85697,1.33843],[103.856914,1.338431],[103.856914,1.338389],[103.85693,1.338389],[103.85693,1.338357],[103.857017,1.338357],[103.857017,1.338375]]]}},{"type":"Feature","properties":{"block_id":"3721","blk_no":"7","postal_code":"310007","region_id":"CR","region":"CENTRAL REGION","planning_area_id":"TP","planning_area":"TOA PAYOH","subzone_id":"TPSZ06","subzone":"PEI CHUN","lon":103.8573,"lat":1.3381,"property_match":"MATCHED","property_match_confidence":"HIGH","street":"LOR 7 TOA PAYOH","residential":"Y","year_completed":1997,"building_age_2026":29,"max_floor_lvl":25,"total_dwelling_units":96,"small_flat_share_pct":0.0,"rental_share_pct":0.0,"footprint_area_m2":614.2,"estimated_residents_2026":303.7,"estimated_elderly_65plus_2026":67.6,"estimated_elderly_share_pct":22.26,"elderly_exposure_score":62.9,"elderly_exposure_class":"HIGH","estimate_confidence":"HIGH","display_name":"Block 7"},"geometry":{"type":"Polygon","coordinates":[[[103.857166,1.337919],[103.857226,1.337919],[103.857226,1.337937],[103.857342,1.337937],[103.857342,1.337919],[103.857402,1.337919],[103.857402,1.33801],[103.857346,1.33801],[103.857346,1.338025],[103.857364,1.338025],[103.857363,1.338077],[103.857345,1.338077],[103.857345,1.338091],[103.857402,1.338092],[103.857402,1.338183],[103.857312,1.338183],[103.857312,1.338165],[103.857256,1.338165],[103.857256,1.338183],[103.857166,1.338183],[103.857166,1.338092],[103.857246,1.338087],[103.857237,1.338078],[103.857237,1.338024],[103.857246,1.338024],[103.857246,1.338015],[103.857225,1.338011],[103.857166,1.338011],[103.857166,1.337919]]]}},{"type":"Feature","properties":{"block_id":"3619","blk_no":"7A","postal_code":"311007","region_id":"CR","region":"CENTRAL REGION","planning_area_id":"TP","planning_area":"TOA PAYOH","subzone_id":"TPSZ06","subzone":"PEI CHUN","lon":103.857,"lat":1.338,"property_match":"MATCHED","property_match_confidence":"HIGH","street":"LOR 7 TOA PAYOH","residential":"N","year_completed":1997,"building_age_2026":29,"max_floor_lvl":1,"total_dwelling_units":0,"small_flat_share_pct":null,"rental_share_pct":null,"footprint_area_m2":179.7,"estimated_residents_2026":0.0,"estimated_elderly_65plus_2026":0.0,"estimated_elderly_share_pct":null,"elderly_exposure_score":null,"elderly_exposure_class":null,"estimate_confidence":"HIGH","display_name":"Block 7A"},"geometry":{"type":"Polygon","coordinates":[[[103.85705,1.338064],[103.85696,1.338063],[103.856963,1.337901],[103.857052,1.337901],[103.85705,1.338064]]]}},{"type":"Feature","properties":{"block_id":"3775","blk_no":"8","postal_code":"310008","region_id":"CR","region":"CENTRAL REGION","planning_area_id":"TP","planning_area":"TOA PAYOH","subzone_id":"TPSZ06","subzone":"PEI CHUN","lon":103.8568,"lat":1.3377,"property_match":"MATCHED","property_match_confidence":"HIGH","street":"LOR 7 TOA PAYOH","residential":"Y","year_completed":1969,"building_age_2026":57,"max_floor_lvl":11,"total_dwelling_units":144,"small_flat_share_pct":96.53,"rental_share_pct":0.0,"footprint_area_m2":1750.7,"estimated_residents_2026":320.9,"estimated_elderly_65plus_2026":96.8,"estimated_elderly_share_pct":30.15,"elderly_exposure_score":86.2,"elderly_exposure_class":"VERY HIGH","estimate_confidence":"HIGH","display_name":"Block 8"},"geometry":{"type":"Polygon","coordinates":[[[103.856304,1.337881],[103.856318,1.337881],[103.856318,1.337806],[103.856349,1.337806],[103.856349,1.337814],[103.856733,1.337814],[103.856743,1.337791],[103.856766,1.337782],[103.856766,1.337392],[103.856757,1.337392],[103.856757,1.337361],[103.856883,1.337355],[103.856876,1.337405],[103.856922,1.337403],[103.856922,1.33743],[103.856897,1.33743],[103.856894,1.337443],[103.856898,1.337463],[103.856922,1.337463],[103.856922,1.33749],[103.856873,1.337488],[103.856873,1.337515],[103.856922,1.337514],[103.856922,1.33754],[103.856898,1.33754],[103.856895,1.33756],[103.856898,1.337573],[103.856922,1.337573],[103.856922,1.3376],[103.856873,1.337598],[103.856872,1.337625],[103.856922,1.337624],[103.856922,1.33765],[103.856897,1.33765],[103.856894,1.337663],[103.856897,1.337684],[103.856922,1.337684],[103.856922,1.33771],[103.856872,1.337709],[103.856872,1.337736],[103.856922,1.337735],[103.856922,1.337761],[103.856897,1.337761],[103.856894,1.33778],[103.856897,1.337794],[103.856922,1.337794],[103.856922,1.33782],[103.856875,1.337819],[103.856875,1.337836],[103.856852,1.337836],[103.856852,1.337916],[103.856887,1.337916],[103.856887,1.337985],[103.856785,1.337984],[103.856785,1.337922],[103.856772,1.337922],[103.856774,1.337971],[103.856748,1.337971],[103.856748,1.337947],[103.856735,1.337943],[103.856715,1.337947],[103.856715,1.337971],[103.856689,1.337971],[103.85669,1.337922],[103.856663,1.337922],[103.856665,1.337971],[103.856638,1.337971],[103.856638,1.337947],[103.856618,1.337944],[103.856605,1.337947],[103.856605,1.337971],[103.856579,1.337971],[103.85658,1.337922],[103.856553,1.337922],[103.856554,1.337971],[103.856528,1.337971],[103.856528,1.337947],[103.856516,1.337943],[103.856495,1.337947],[103.856496,1.337971],[103.85647,1.337971],[103.856471,1.337917],[103.856443,1.337917],[103.856445,1.337971],[103.856419,1.337971],[103.856419,1.337947],[103.856405,1.337943],[103.856385,1.337947],[103.856386,1.337971],[103.856359,1.337971],[103.856359,1.337943],[103.856345,1.337943],[103.856344,1.337881],[103.856336,1.337881],[103.856336,1.337931],[103.856304,1.337931],[103.856304,1.337881]]]}},{"type":"Feature","properties":{"block_id":"11054850","blk_no":"9","postal_code":"310009","region_id":"CR","region":"CENTRAL REGION","planning_area_id":"TP","planning_area":"TOA PAYOH","subzone_id":"TPSZ06","subzone":"PEI CHUN","lon":103.8576,"lat":1.3377,"property_match":"MATCHED","property_match_confidence":"HIGH","street":"LOR 7 TOA PAYOH","residential":"Y","year_completed":1969,"building_age_2026":57,"max_floor_lvl":11,"total_dwelling_units":176,"small_flat_share_pct":100.0,"rental_share_pct":0.0,"footprint_area_m2":1520.1,"estimated_residents_2026":385.4,"estimated_elderly_65plus_2026":118.1,"estimated_elderly_share_pct":30.66,"elderly_exposure_score":92.9,"elderly_exposure_class":"VERY HIGH","estimate_confidence":"HIGH","display_name":"Block 9"},"geometry":{"type":"Polygon","coordinates":[[[103.857819,1.337424],[103.857819,1.337451],[103.857853,1.337452],[103.857853,1.337424],[103.857879,1.337424],[103.857878,1.337473],[103.857904,1.337473],[103.857902,1.337424],[103.857928,1.337424],[103.857929,1.337451],[103.857963,1.337452],[103.857963,1.337424],[103.857989,1.337424],[103.857987,1.337473],[103.858013,1.337473],[103.858012,1.337424],[103.858038,1.337424],[103.858038,1.337452],[103.858072,1.337452],[103.858073,1.337424],[103.858099,1.337424],[103.858097,1.337471],[103.858143,1.337463],[103.858138,1.337569],[103.858109,1.337569],[103.858109,1.337561],[103.8577,1.337561],[103.857691,1.337583],[103.857671,1.337591],[103.857671,1.338003],[103.857678,1.338003],[103.857678,1.338032],[103.857574,1.338037],[103.857581,1.33799],[103.857534,1.337992],[103.857534,1.337965],[103.857562,1.337965],[103.857562,1.337931],[103.857534,1.337931],[103.857534,1.337905],[103.857583,1.337906],[103.857583,1.33788],[103.857534,1.337881],[103.857534,1.337855],[103.857562,1.337855],[103.857562,1.337821],[103.857534,1.337821],[103.857534,1.337794],[103.857583,1.337796],[103.857583,1.33777],[103.857534,1.337771],[103.857534,1.337745],[103.857562,1.337745],[103.857562,1.337711],[103.857534,1.337711],[103.857534,1.337684],[103.857583,1.337686],[103.857583,1.337659],[103.857534,1.337661],[103.857534,1.337635],[103.857562,1.337635],[103.857562,1.3376],[103.857534,1.3376],[103.857534,1.337574],[103.857581,1.337575],[103.857581,1.337562],[103.857613,1.337561],[103.857613,1.337479],[103.857578,1.337479],[103.857578,1.337419],[103.857673,1.337419],[103.857673,1.337471],[103.857684,1.337471],[103.857683,1.337424],[103.85771,1.337424],[103.857709,1.337452],[103.857744,1.337452],[103.857744,1.337424],[103.85777,1.337424],[103.857768,1.337473],[103.857794,1.337473],[103.857793,1.337424],[103.857819,1.337424]]]}},{"type":"Feature","properties":{"block_id":"6729","blk_no":"101","postal_code":"350101","region_id":"CR","region":"CENTRAL REGION","planning_area_id":"TP","planning_area":"TOA PAYOH","subzone_id":"TPSZ09","subzone":"POTONG PASIR","lon":103.8685,"lat":1.3331,"property_match":"MATCHED","property_match_confidence":"HIGH","street":"POTONG PASIR AVE 1","residential":"Y","year_completed":1984,"building_age_2026":42,"max_floor_lvl":16,"total_dwelling_units":120,"small_flat_share_pct":100.0,"rental_share_pct":0.0,"footprint_area_m2":853.0,"estimated_residents_2026":232.8,"estimated_elderly_65plus_2026":87.4,"estimated_elderly_share_pct":37.53,"elderly_exposure_score":81.0,"elderly_exposure_class":"VERY HIGH","estimate_confidence":"HIGH","display_name":"Block 101"},"geometry":{"type":"Polygon","coordinates":[[[103.868308,1.333267],[103.868267,1.333126],[103.868296,1.333119],[103.868303,1.333146],[103.868461,1.333107],[103.868451,1.333065],[103.868479,1.333058],[103.868471,1.333029],[103.868432,1.333039],[103.868426,1.333014],[103.868403,1.333019],[103.868381,1.332931],[103.868439,1.332917],[103.868446,1.332969],[103.868491,1.332958],[103.868474,1.332909],[103.868588,1.332881],[103.868596,1.33294],[103.868646,1.332927],[103.868641,1.33291],[103.868631,1.332912],[103.868622,1.332872],[103.86868,1.332857],[103.868721,1.332996],[103.868693,1.333003],[103.868685,1.332973],[103.868524,1.333013],[103.868538,1.333069],[103.868516,1.333075],[103.868521,1.333094],[103.868558,1.333085],[103.868562,1.333102],[103.868586,1.333096],[103.86861,1.333191],[103.868547,1.333206],[103.868538,1.333147],[103.868495,1.333157],[103.868513,1.333215],[103.868397,1.333243],[103.868387,1.333186],[103.868345,1.333196],[103.868364,1.333252],[103.868308,1.333267]]]}},{"type":"Feature","properties":{"block_id":"5560","blk_no":"102","postal_code":"350102","region_id":"CR","region":"CENTRAL REGION","planning_area_id":"TP","planning_area":"TOA PAYOH","subzone_id":"TPSZ09","subzone":"POTONG PASIR","lon":103.869,"lat":1.3336,"property_match":"MATCHED","property_match_confidence":"HIGH","street":"POTONG PASIR AVE 1","residential":"Y","year_completed":1983,"building_age_2026":43,"max_floor_lvl":16,"total_dwelling_units":167,"small_flat_share_pct":86.23,"rental_share_pct":0.0,"footprint_area_m2":1558.0,"estimated_residents_2026":343.8,"estimated_elderly_65plus_2026":125.3,"estimated_elderly_share_pct":36.45,"elderly_exposure_score":94.3,"elderly_exposure_class":"VERY HIGH","estimate_confidence":"HIGH","display_name":"Block 102"},"geometry":{"type":"Polygon","coordinates":[[[103.868492,1.333512],[103.868501,1.333577],[103.868546,1.333566],[103.868527,1.333506],[103.868646,1.333476],[103.868655,1.333537],[103.868696,1.333527],[103.868676,1.333467],[103.868736,1.333453],[103.868758,1.333544],[103.86872,1.333553],[103.868738,1.333628],[103.868715,1.333634],[103.868721,1.333659],[103.869289,1.333517],[103.869306,1.333587],[103.869323,1.333582],[103.869334,1.333627],[103.86925,1.333648],[103.869239,1.333585],[103.869193,1.333597],[103.869216,1.333657],[103.869156,1.333671],[103.869153,1.333656],[103.869129,1.333662],[103.869133,1.333679],[103.869073,1.333693],[103.869063,1.333633],[103.869021,1.333644],[103.86904,1.333703],[103.868926,1.333731],[103.868913,1.33367],[103.868869,1.333681],[103.868891,1.33374],[103.868833,1.333754],[103.868829,1.333739],[103.868808,1.333744],[103.868812,1.33376],[103.868753,1.333775],[103.868744,1.333716],[103.8687,1.333727],[103.868721,1.333782],[103.868633,1.333804],[103.868622,1.333759],[103.868642,1.333754],[103.868625,1.333685],[103.868667,1.333675],[103.868651,1.333609],[103.868676,1.333602],[103.868673,1.333591],[103.868341,1.333674],[103.868348,1.333702],[103.868318,1.333709],[103.868287,1.333565],[103.868344,1.333551],[103.868354,1.333615],[103.868397,1.333604],[103.868376,1.333541],[103.868492,1.333512]]]}},{"type":"Feature","properties":{"block_id":"2795","blk_no":"103","postal_code":"350103","region_id":"CR","region":"CENTRAL REGION","planning_area_id":"TP","planning_area":"TOA PAYOH","subzone_id":"TPSZ09","subzone":"POTONG PASIR","lon":103.8695,"lat":1.3342,"property_match":"MATCHED","property_match_confidence":"HIGH","street":"POTONG PASIR AVE 1","residential":"Y","year_completed":1983,"building_age_2026":43,"max_floor_lvl":4,"total_dwelling_units":63,"small_flat_share_pct":98.41,"rental_share_pct":0.0,"footprint_area_m2":1644.4,"estimated_residents_2026":123.6,"estimated_elderly_65plus_2026":46.0,"estimated_elderly_share_pct":37.17,"elderly_exposure_score":36.1,"elderly_exposure_class":"LOW","estimate_confidence":"HIGH","display_name":"Block 103"},"geometry":{"type":"Polygon","coordinates":[[[103.869449,1.33414],[103.869421,1.334126],[103.869414,1.334103],[103.869463,1.334085],[103.869449,1.334051],[103.869401,1.334068],[103.869392,1.334045],[103.869408,1.334018],[103.869385,1.334014],[103.869374,1.333991],[103.869422,1.333974],[103.869401,1.333918],[103.869356,1.333935],[103.869343,1.333911],[103.869362,1.333893],[103.869333,1.33388],[103.869326,1.333858],[103.869374,1.333843],[103.869363,1.333807],[103.869314,1.333826],[103.869303,1.333801],[103.869322,1.333779],[103.869295,1.333774],[103.869285,1.33375],[103.869299,1.333744],[103.869295,1.33373],[103.869361,1.333704],[103.869377,1.333715],[103.869391,1.333709],[103.869387,1.333696],[103.869426,1.333682],[103.869762,1.334605],[103.869724,1.334623],[103.869715,1.334607],[103.869694,1.334631],[103.86963,1.334656],[103.869623,1.334639],[103.869611,1.334643],[103.8696,1.334616],[103.869617,1.334596],[103.86959,1.334589],[103.869583,1.334565],[103.869631,1.334547],[103.869618,1.334516],[103.869573,1.334534],[103.869561,1.334511],[103.86958,1.334494],[103.869554,1.334484],[103.869542,1.334459],[103.86959,1.33444],[103.869568,1.33438],[103.869521,1.334398],[103.869512,1.334373],[103.869529,1.334357],[103.869502,1.334346],[103.869494,1.334322],[103.869541,1.334302],[103.869531,1.334273],[103.869483,1.334291],[103.869472,1.334265],[103.86949,1.334246],[103.869462,1.334236],[103.869454,1.334215],[103.869499,1.334199],[103.869487,1.334164],[103.869443,1.33418],[103.869431,1.334154],[103.869449,1.33414]]]}},{"type":"Feature","properties":{"block_id":"11056470","blk_no":"104","postal_code":"350104","region_id":"CR","region":"CENTRAL REGION","planning_area_id":"TP","planning_area":"TOA PAYOH","subzone_id":"TPSZ09","subzone":"POTONG PASIR","lon":103.8691,"lat":1.3343,"property_match":"MATCHED","property_match_confidence":"HIGH","street":"POTONG PASIR AVE 1","residential":"Y","year_completed":1984,"building_age_2026":42,"max_floor_lvl":16,"total_dwelling_units":174,"small_flat_share_pct":70.11,"rental_share_pct":0.0,"footprint_area_m2":1592.6,"estimated_residents_2026":380.7,"estimated_elderly_65plus_2026":135.4,"estimated_elderly_share_pct":35.56,"elderly_exposure_score":95.8,"elderly_exposure_class":"VERY HIGH","estimate_confidence":"HIGH","display_name":"Block 104"},"geometry":{"type":"Polygon","coordinates":[[[103.869148,1.33422],[103.869171,1.334243],[103.869156,1.334258],[103.869176,1.334279],[103.869191,1.334264],[103.869229,1.334314],[103.869235,1.334308],[103.869248,1.334321],[103.869221,1.334347],[103.869286,1.334413],[103.869297,1.334424],[103.869324,1.334398],[103.869363,1.334449],[103.869369,1.334443],[103.869381,1.334455],[103.869354,1.334482],[103.869378,1.334506],[103.869405,1.334479],[103.869417,1.334492],[103.869411,1.334498],[103.869461,1.334535],[103.869446,1.33455],[103.86946,1.334564],[103.869475,1.33455],[103.869488,1.334562],[103.869414,1.334636],[103.869391,1.334613],[103.869367,1.334637],[103.869402,1.334672],[103.86936,1.334715],[103.869317,1.334668],[103.869288,1.334697],[103.869334,1.33474],[103.869291,1.334783],[103.869184,1.334681],[103.869205,1.33466],[103.869227,1.334682],[103.869317,1.334591],[103.868933,1.334198],[103.868899,1.334204],[103.868894,1.334182],[103.868926,1.334173],[103.868876,1.333971],[103.86892,1.33396],[103.868915,1.333942],[103.868896,1.333947],[103.868888,1.333916],[103.869001,1.333887],[103.869005,1.333904],[103.868984,1.333909],[103.868991,1.333937],[103.869011,1.333931],[103.869015,1.333946],[103.869007,1.333948],[103.869031,1.334008],[103.868994,1.334017],[103.869002,1.33405],[103.869039,1.334041],[103.869046,1.334105],[103.869054,1.334103],[103.869058,1.33412],[103.869022,1.33413],[103.869026,1.334145],[103.869044,1.334169],[103.869071,1.334142],[103.869083,1.334155],[103.869077,1.334161],[103.869127,1.334199],[103.869112,1.334214],[103.869133,1.334235],[103.869148,1.33422]]]}},{"type":"Feature","properties":{"block_id":"7564","blk_no":"105","postal_code":"350105","region_id":"CR","region":"CENTRAL REGION","planning_area_id":"TP","planning_area":"TOA PAYOH","subzone_id":"TPSZ09","subzone":"POTONG PASIR","lon":103.8687,"lat":1.3345,"property_match":"MATCHED","property_match_confidence":"HIGH","street":"POTONG PASIR AVE 1","residential":"Y","year_completed":1984,"building_age_2026":42,"max_floor_lvl":16,"total_dwelling_units":178,"small_flat_share_pct":85.39,"rental_share_pct":0.0,"footprint_area_m2":1498.1,"estimated_residents_2026":365.6,"estimated_elderly_65plus_2026":134.1,"estimated_elderly_share_pct":36.68,"elderly_exposure_score":95.7,"elderly_exposure_class":"VERY HIGH","estimate_confidence":"HIGH","display_name":"Block 105"},"geometry":{"type":"Polygon","coordinates":[[[103.868459,1.334288],[103.868485,1.334261],[103.868461,1.334237],[103.868435,1.334263],[103.868422,1.334251],[103.868431,1.334242],[103.868398,1.334209],[103.868389,1.334217],[103.868378,1.334206],[103.868394,1.334191],[103.868374,1.334171],[103.868359,1.334186],[103.868348,1.334174],[103.86843,1.33409],[103.868452,1.334112],[103.868434,1.334131],[103.86845,1.334147],[103.868485,1.334111],[103.868853,1.334477],[103.868753,1.334578],[103.868859,1.334683],[103.868949,1.334592],[103.868927,1.334571],[103.868947,1.334551],[103.869046,1.334658],[103.869003,1.334701],[103.868964,1.334656],[103.868932,1.334688],[103.868976,1.334729],[103.868934,1.334772],[103.868901,1.334738],[103.86888,1.33476],[103.868902,1.334782],[103.868829,1.334854],[103.868818,1.334844],[103.868832,1.33483],[103.868816,1.334814],[103.868803,1.334827],[103.868791,1.334816],[103.868798,1.334809],[103.868764,1.334776],[103.868757,1.334783],[103.868745,1.334771],[103.868771,1.334745],[103.868747,1.334721],[103.868721,1.334747],[103.86871,1.334736],[103.868717,1.33473],[103.868664,1.334688],[103.868689,1.334663],[103.868676,1.33465],[103.868696,1.334631],[103.868678,1.334614],[103.86876,1.334518],[103.868748,1.334506],[103.868738,1.334516],[103.868725,1.334503],[103.8687,1.334528],[103.868685,1.334514],[103.868693,1.334506],[103.868661,1.334474],[103.868654,1.334481],[103.868641,1.334468],[103.868666,1.334442],[103.868645,1.334421],[103.86862,1.334446],[103.868605,1.334432],[103.868612,1.334424],[103.86858,1.334393],[103.868573,1.3344],[103.868559,1.334386],[103.868584,1.33436],[103.868542,1.334319],[103.868517,1.334344],[103.868504,1.334331],[103.868511,1.334324],[103.868478,1.334291],[103.86847,1.334299],[103.868459,1.334288]]]}},{"type":"Feature","properties":{"block_id":"3566","blk_no":"106","postal_code":"350106","region_id":"CR","region":"CENTRAL REGION","planning_area_id":"TP","planning_area":"TOA PAYOH","subzone_id":"TPSZ09","subzone":"POTONG PASIR","lon":103.8681,"lat":1.3341,"property_match":"MATCHED","property_match_confidence":"HIGH","street":"POTONG PASIR AVE 1","residential":"Y","year_completed":1983,"building_age_2026":43,"max_floor_lvl":4,"total_dwelling_units":38,"small_flat_share_pct":94.74,"rental_share_pct":0.0,"footprint_area_m2":1090.4,"estimated_residents_2026":76.5,"estimated_elderly_65plus_2026":27.8,"estimated_elderly_share_pct":36.37,"elderly_exposure_score":16.0,"elderly_exposure_class":"VERY LOW","estimate_confidence":"HIGH","display_name":"Block 106"},"geometry":{"type":"Polygon","coordinates":[[[103.868001,1.334368],[103.867994,1.334373],[103.867947,1.334325],[103.86795,1.334302],[103.867941,1.334292],[103.867928,1.334305],[103.867896,1.334273],[103.868342,1.333823],[103.868374,1.333856],[103.868364,1.333867],[103.868375,1.333879],[103.868396,1.333875],[103.868442,1.333922],[103.868446,1.333944],[103.868423,1.333966],[103.868403,1.333961],[103.868405,1.333985],[103.868379,1.334009],[103.868349,1.333969],[103.868308,1.33401],[103.868334,1.334037],[103.868339,1.334032],[103.868343,1.33405],[103.868323,1.334067],[103.868296,1.334068],[103.868304,1.334088],[103.868279,1.334111],[103.868248,1.334069],[103.868224,1.334096],[103.868251,1.334121],[103.868257,1.334113],[103.868262,1.334133],[103.86824,1.334152],[103.868221,1.334144],[103.868222,1.33417],[103.868195,1.334194],[103.868169,1.334153],[103.868144,1.334177],[103.868185,1.334207],[103.868159,1.334233],[103.868139,1.334227],[103.868141,1.334251],[103.868114,1.334275],[103.868086,1.334236],[103.868044,1.334278],[103.868068,1.334303],[103.868075,1.334297],[103.868085,1.334306],[103.868059,1.334332],[103.868034,1.334334],[103.86804,1.334354],[103.868019,1.334374],[103.868012,1.334379],[103.868001,1.334368]]]}},{"type":"Feature","properties":{"block_id":"4714","blk_no":"107","postal_code":"350107","region_id":"CR","region":"CENTRAL REGION","planning_area_id":"TP","planning_area":"TOA PAYOH","subzone_id":"TPSZ09","subzone":"POTONG PASIR","lon":103.8683,"lat":1.3346,"property_match":"MATCHED","property_match_confidence":"HIGH","street":"POTONG PASIR AVE 1","residential":"Y","year_completed":1984,"building_age_2026":42,"max_floor_lvl":14,"total_dwelling_units":104,"small_flat_share_pct":62.5,"rental_share_pct":0.0,"footprint_area_m2":893.7,"estimated_residents_2026":232.2,"estimated_elderly_65plus_2026":82.5,"estimated_elderly_share_pct":35.52,"elderly_exposure_score":77.3,"elderly_exposure_class":"HIGH","estimate_confidence":"HIGH","display_name":"Block 107"},"geometry":{"type":"Polygon","coordinates":[[[103.868239,1.334799],[103.868265,1.334825],[103.868355,1.334734],[103.868109,1.334488],[103.868147,1.33445],[103.868133,1.334436],[103.868111,1.334457],[103.86809,1.334437],[103.868172,1.334355],[103.868181,1.334365],[103.868169,1.334377],[103.868191,1.334398],[103.868203,1.334386],[103.868212,1.334395],[103.868205,1.334402],[103.868239,1.334435],[103.868245,1.334428],[103.868256,1.334438],[103.86823,1.334464],[103.868274,1.334508],[103.8683,1.334482],[103.868312,1.334495],[103.868305,1.334502],[103.868339,1.334535],[103.868345,1.334529],[103.868356,1.33454],[103.868345,1.334551],[103.868365,1.334572],[103.868377,1.334559],[103.868391,1.334573],[103.868364,1.3346],[103.868384,1.33462],[103.868346,1.334658],[103.868362,1.334674],[103.868394,1.334642],[103.868408,1.334656],[103.86844,1.334623],[103.868452,1.334636],[103.868444,1.334644],[103.868477,1.334676],[103.868485,1.334668],[103.868496,1.334679],[103.868482,1.334692],[103.868497,1.334707],[103.868511,1.334693],[103.868521,1.334704],[103.868448,1.334777],[103.868426,1.334756],[103.868402,1.33478],[103.868438,1.334816],[103.868399,1.334856],[103.868353,1.334806],[103.868322,1.334837],[103.868372,1.334881],[103.868331,1.334923],[103.868219,1.334815],[103.868239,1.334799]]]}},{"type":"Feature","properties":{"block_id":"6714","blk_no":"108","postal_code":"350108","region_id":"CR","region":"CENTRAL REGION","planning_area_id":"TP","planning_area":"TOA PAYOH","subzone_id":"TPSZ09","subzone":"POTONG PASIR","lon":103.868,"lat":1.3349,"property_match":"MATCHED","property_match_confidence":"HIGH","street":"POTONG PASIR AVE 1","residential":"Y","year_completed":1984,"building_age_2026":42,"max_floor_lvl":14,"total_dwelling_units":142,"small_flat_share_pct":80.99,"rental_share_pct":0.0,"footprint_area_m2":1197.3,"estimated_residents_2026":297.2,"estimated_elderly_65plus_2026":108.0,"estimated_elderly_share_pct":36.33,"elderly_exposure_score":90.6,"elderly_exposure_class":"VERY HIGH","estimate_confidence":"HIGH","display_name":"Block 108"},"geometry":{"type":"Polygon","coordinates":[[[103.867703,1.335099],[103.867631,1.335172],[103.867595,1.335137],[103.867581,1.335151],[103.867597,1.335167],[103.867576,1.335189],[103.867496,1.335109],[103.867506,1.335098],[103.867521,1.335113],[103.867542,1.335092],[103.867527,1.335077],[103.867575,1.335037],[103.867581,1.335021],[103.867607,1.335047],[103.867637,1.335012],[103.867668,1.335043],[103.867678,1.335033],[103.867652,1.335007],[103.867704,1.334964],[103.867712,1.334946],[103.867738,1.334972],[103.86775,1.33496],[103.867785,1.334995],[103.867795,1.334985],[103.867769,1.334959],[103.867821,1.334916],[103.867829,1.334898],[103.867855,1.334924],[103.867867,1.334912],[103.867901,1.334946],[103.867911,1.334936],[103.867885,1.33491],[103.867901,1.334905],[103.867941,1.334852],[103.867954,1.334865],[103.867974,1.334841],[103.867934,1.334815],[103.86796,1.334789],[103.867935,1.334764],[103.867909,1.334791],[103.867897,1.334778],[103.867903,1.334772],[103.867855,1.334737],[103.867869,1.334722],[103.867848,1.334702],[103.867834,1.334716],[103.867823,1.334706],[103.867903,1.334624],[103.867924,1.334645],[103.867907,1.334663],[103.867921,1.334677],[103.867957,1.33464],[103.868072,1.334755],[103.868031,1.334797],[103.868073,1.334839],[103.868038,1.334875],[103.868023,1.33486],[103.86801,1.334872],[103.868066,1.334927],[103.867963,1.335033],[103.867928,1.334999],[103.867848,1.33508],[103.867813,1.335045],[103.867732,1.335128],[103.867703,1.335099]]]}},{"type":"Feature","properties":{"block_id":"6426","blk_no":"109","postal_code":"350109","region_id":"CR","region":"CENTRAL REGION","planning_area_id":"TP","planning_area":"TOA PAYOH","subzone_id":"TPSZ09","subzone":"POTONG PASIR","lon":103.8674,"lat":1.3349,"property_match":"MATCHED","property_match_confidence":"HIGH","street":"POTONG PASIR AVE 1","residential":"Y","year_completed":1983,"building_age_2026":43,"max_floor_lvl":4,"total_dwelling_units":72,"small_flat_share_pct":100.0,"rental_share_pct":0.0,"footprint_area_m2":1920.5,"estimated_residents_2026":139.7,"estimated_elderly_65plus_2026":52.4,"estimated_elderly_share_pct":37.53,"elderly_exposure_score":44.4,"elderly_exposure_class":"MODERATE","estimate_confidence":"HIGH","display_name":"Block 109"},"geometry":{"type":"Polygon","coordinates":[[[103.867299,1.335101],[103.867272,1.335123],[103.867244,1.335085],[103.867204,1.335128],[103.867244,1.335153],[103.867239,1.335161],[103.867221,1.335179],[103.867193,1.335177],[103.8672,1.335201],[103.867174,1.335223],[103.867146,1.335184],[103.867123,1.335209],[103.867147,1.335235],[103.867162,1.335235],[103.867141,1.335261],[103.867115,1.335255],[103.867118,1.335284],[103.867092,1.335307],[103.867079,1.335296],[103.867073,1.335303],[103.867026,1.335253],[103.867018,1.335221],[103.867005,1.335233],[103.866974,1.335202],[103.867742,1.334422],[103.867777,1.334453],[103.867766,1.334467],[103.8678,1.334477],[103.867846,1.334526],[103.867847,1.334548],[103.867828,1.334567],[103.8678,1.334567],[103.867805,1.33459],[103.867778,1.334613],[103.867772,1.334605],[103.867779,1.334598],[103.867752,1.334571],[103.86773,1.334594],[103.867756,1.334622],[103.867768,1.334622],[103.867746,1.33465],[103.867717,1.334649],[103.867724,1.334672],[103.867707,1.334688],[103.867699,1.334692],[103.867669,1.334654],[103.867627,1.334697],[103.867667,1.334724],[103.867663,1.334733],[103.867647,1.334749],[103.867623,1.334744],[103.867625,1.334772],[103.867605,1.334792],[103.867569,1.334756],[103.867546,1.334779],[103.867586,1.334807],[103.867565,1.334832],[103.867541,1.334826],[103.867542,1.334854],[103.867526,1.334872],[103.867517,1.334876],[103.867515,1.334861],[103.867488,1.334838],[103.867464,1.334861],[103.867505,1.334888],[103.867499,1.334897],[103.867484,1.334914],[103.867461,1.334908],[103.867462,1.334937],[103.867444,1.334954],[103.867428,1.334951],[103.867432,1.334944],[103.867407,1.33492],[103.867384,1.334943],[103.867424,1.334969],[103.86742,1.334977],[103.867402,1.334996],[103.867379,1.33499],[103.867382,1.335018],[103.867356,1.335039],[103.867328,1.335002],[103.867303,1.335028],[103.867329,1.335051],[103.867334,1.335046],[103.867338,1.335061],[103.867324,1.335077],[103.867299,1.335071],[103.867299,1.335101]]]}},{"type":"Feature","properties":{"block_id":"11766","blk_no":"113","postal_code":"350113","region_id":"CR","region":"CENTRAL REGION","planning_area_id":"TP","planning_area":"TOA PAYOH","subzone_id":"TPSZ09","subzone":"POTONG PASIR","lon":103.8634,"lat":1.3363,"property_match":"MATCHED","property_match_confidence":"HIGH","street":"POTONG PASIR AVE 1","residential":"Y","year_completed":1984,"building_age_2026":42,"max_floor_lvl":13,"total_dwelling_units":160,"small_flat_share_pct":57.5,"rental_share_pct":0.0,"footprint_area_m2":1580.7,"estimated_residents_2026":363.5,"estimated_elderly_65plus_2026":128.3,"estimated_elderly_share_pct":35.29,"elderly_exposure_score":94.8,"elderly_exposure_class":"VERY HIGH","estimate_confidence":"HIGH","display_name":"Block 113"},"geometry":{"type":"Polygon","coordinates":[[[103.863705,1.336139],[103.86362,1.336137],[103.863621,1.336111],[103.863571,1.336109],[103.863571,1.336135],[103.863507,1.336133],[103.863484,1.336107],[103.86346,1.336131],[103.863483,1.336155],[103.863482,1.336219],[103.863452,1.336218],[103.863452,1.336228],[103.86346,1.336228],[103.863452,1.336298],[103.863479,1.336298],[103.863477,1.33636],[103.863445,1.336393],[103.863468,1.336418],[103.863489,1.336395],[103.86348,1.336385],[103.863495,1.336371],[103.863523,1.336385],[103.863531,1.336373],[103.863563,1.336373],[103.863563,1.336402],[103.863612,1.336404],[103.863613,1.336375],[103.863645,1.336376],[103.863652,1.33639],[103.863666,1.336377],[103.863692,1.336378],[103.863692,1.336407],[103.86372,1.336407],[103.86372,1.336393],[103.863735,1.336393],[103.863732,1.336494],[103.863681,1.336491],[103.86368,1.336526],[103.863459,1.336517],[103.863347,1.336393],[103.863356,1.336112],[103.863473,1.336001],[103.863805,1.336008],[103.863804,1.33605],[103.863852,1.336052],[103.863854,1.336044],[103.863851,1.336144],[103.863829,1.336143],[103.86383,1.336128],[103.863808,1.336127],[103.863808,1.336142],[103.863729,1.33614],[103.863729,1.336115],[103.863706,1.336114],[103.863705,1.336139]]]}},{"type":"Feature","properties":{"block_id":"11737","blk_no":"114","postal_code":"350114","region_id":"CR","region":"CENTRAL REGION","planning_area_id":"TP","planning_area":"TOA PAYOH","subzone_id":"TPSZ09","subzone":"POTONG PASIR","lon":103.8631,"lat":1.3369,"property_match":"MATCHED","property_match_confidence":"HIGH","street":"POTONG PASIR AVE 1","residential":"Y","year_completed":1984,"building_age_2026":42,"max_floor_lvl":13,"total_dwelling_units":136,"small_flat_share_pct":67.65,"rental_share_pct":0.0,"footprint_area_m2":1342.6,"estimated_residents_2026":298.2,"estimated_elderly_65plus_2026":106.7,"estimated_elderly_share_pct":35.76,"elderly_exposure_score":90.2,"elderly_exposure_class":"VERY HIGH","estimate_confidence":"HIGH","display_name":"Block 114"},"geometry":{"type":"Polygon","coordinates":[[[103.863326,1.336855],[103.863327,1.336829],[103.863305,1.336829],[103.863304,1.336854],[103.863219,1.336851],[103.86322,1.336827],[103.86318,1.336825],[103.863173,1.336833],[103.863191,1.336852],[103.863144,1.336895],[103.86311,1.336893],[103.863109,1.336925],[103.863132,1.336926],[103.863132,1.336914],[103.863149,1.336915],[103.863159,1.336946],[103.863175,1.336941],[103.863196,1.336965],[103.863174,1.336986],[103.863207,1.337023],[103.863231,1.337001],[103.863252,1.337025],[103.863247,1.33704],[103.863267,1.337042],[103.863284,1.33706],[103.863263,1.337081],[103.863283,1.337101],[103.863294,1.33709],[103.863304,1.337101],[103.863231,1.33717],[103.863197,1.337134],[103.863172,1.337157],[103.863025,1.336993],[103.863028,1.336827],[103.863147,1.336712],[103.863538,1.336727],[103.863538,1.336762],[103.863588,1.336763],[103.863584,1.336863],[103.863569,1.336863],[103.863569,1.336848],[103.863544,1.336847],[103.863544,1.336862],[103.863461,1.336859],[103.863462,1.336834],[103.863413,1.336833],[103.863412,1.336858],[103.863326,1.336855]]]}},{"type":"Feature","properties":{"block_id":"11736","blk_no":"115","postal_code":"350115","region_id":"CR","region":"CENTRAL REGION","planning_area_id":"TP","planning_area":"TOA PAYOH","subzone_id":"TPSZ09","subzone":"POTONG PASIR","lon":103.8626,"lat":1.3374,"property_match":"MATCHED","property_match_confidence":"HIGH","street":"POTONG PASIR AVE 1","residential":"Y","year_completed":1984,"building_age_2026":42,"max_floor_lvl":13,"total_dwelling_units":135,"small_flat_share_pct":66.67,"rental_share_pct":0.0,"footprint_area_m2":1338.0,"estimated_residents_2026":297.7,"estimated_elderly_65plus_2026":106.0,"estimated_elderly_share_pct":35.61,"elderly_exposure_score":90.0,"elderly_exposure_class":"VERY HIGH","estimate_confidence":"HIGH","display_name":"Block 115"},"geometry":{"type":"Polygon","coordinates":[[[103.863042,1.337357],[103.862963,1.337355],[103.862964,1.337329],[103.862914,1.337327],[103.862913,1.337353],[103.862827,1.337351],[103.862829,1.337324],[103.862806,1.337324],[103.862805,1.33735],[103.86272,1.337347],[103.862721,1.337325],[103.862681,1.337321],[103.862674,1.337328],[103.862692,1.337347],[103.862645,1.337391],[103.862612,1.337389],[103.862611,1.337414],[103.86265,1.33741],[103.862661,1.337421],[103.862656,1.337436],[103.862676,1.337437],[103.862697,1.337461],[103.862668,1.337488],[103.8627,1.337525],[103.862732,1.337498],[103.862753,1.337521],[103.862753,1.33754],[103.862768,1.337536],[103.862785,1.337555],[103.862764,1.337576],[103.862785,1.337596],[103.862795,1.337586],[103.862805,1.337597],[103.862733,1.337666],[103.862701,1.337628],[103.862674,1.337653],[103.862524,1.337487],[103.862528,1.337322],[103.862648,1.337207],[103.863039,1.337223],[103.863039,1.337265],[103.863087,1.337266],[103.863089,1.337258],[103.863085,1.337359],[103.86307,1.337358],[103.863071,1.337344],[103.863043,1.337343],[103.863042,1.337357]]]}},{"type":"Feature","properties":{"block_id":"11739","blk_no":"116","postal_code":"350116","region_id":"CR","region":"CENTRAL REGION","planning_area_id":"TP","planning_area":"TOA PAYOH","subzone_id":"TPSZ09","subzone":"POTONG PASIR","lon":103.8626,"lat":1.3368,"property_match":"MATCHED","property_match_confidence":"HIGH","street":"POTONG PASIR AVE 1","residential":"Y","year_completed":1984,"building_age_2026":42,"max_floor_lvl":4,"total_dwelling_units":40,"small_flat_share_pct":80.0,"rental_share_pct":0.0,"footprint_area_m2":1030.6,"estimated_residents_2026":83.9,"estimated_elderly_65plus_2026":30.5,"estimated_elderly_share_pct":36.39,"elderly_exposure_score":18.6,"elderly_exposure_class":"VERY LOW","estimate_confidence":"HIGH","display_name":"Block 116"},"geometry":{"type":"Polygon","coordinates":[[[103.862687,1.336501],[103.862687,1.336516],[103.86267,1.336515],[103.862669,1.336544],[103.8627,1.336545],[103.862699,1.336571],[103.862684,1.336579],[103.862698,1.336594],[103.862696,1.336625],[103.862658,1.336624],[103.862656,1.336673],[103.862695,1.336675],[103.862695,1.336707],[103.862681,1.336714],[103.862694,1.336729],[103.862693,1.336761],[103.862653,1.33676],[103.862653,1.336782],[103.862692,1.336784],[103.862691,1.336815],[103.862678,1.336829],[103.862691,1.336838],[103.86269,1.33687],[103.862651,1.336869],[103.86265,1.336892],[103.862689,1.336893],[103.862688,1.336924],[103.862674,1.336939],[103.862687,1.336946],[103.862686,1.336978],[103.862645,1.336977],[103.862644,1.337027],[103.862685,1.337027],[103.862684,1.337059],[103.86267,1.337073],[103.862684,1.337082],[103.862683,1.337096],[103.862669,1.33711],[103.86266,1.3371],[103.862646,1.337115],[103.862656,1.337128],[103.862602,1.337178],[103.862551,1.337124],[103.862555,1.337081],[103.862539,1.337081],[103.862542,1.337011],[103.862512,1.33701],[103.862513,1.336985],[103.862542,1.336986],[103.862552,1.336547],[103.862586,1.336548],[103.862587,1.336498],[103.862687,1.336501]]]}},{"type":"Feature","properties":{"block_id":"11767","blk_no":"117","postal_code":"350117","region_id":"CR","region":"CENTRAL REGION","planning_area_id":"TP","planning_area":"TOA PAYOH","subzone_id":"TPSZ09","subzone":"POTONG PASIR","lon":103.8631,"lat":1.3362,"property_match":"MATCHED","property_match_confidence":"HIGH","street":"POTONG PASIR AVE 1","residential":"Y","year_completed":1984,"building_age_2026":42,"max_floor_lvl":13,"total_dwelling_units":156,"small_flat_share_pct":57.69,"rental_share_pct":0.0,"footprint_area_m2":1561.9,"estimated_residents_2026":354.2,"estimated_elderly_65plus_2026":125.0,"estimated_elderly_share_pct":35.3,"elderly_exposure_score":94.3,"elderly_exposure_class":"VERY HIGH","estimate_confidence":"HIGH","display_name":"Block 117"},"geometry":{"type":"Polygon","coordinates":[[[103.862811,1.335942],[103.863035,1.335953],[103.863145,1.336072],[103.863137,1.336355],[103.863017,1.336467],[103.862687,1.336461],[103.862688,1.336426],[103.862638,1.336425],[103.862642,1.336325],[103.862657,1.336325],[103.862657,1.33634],[103.862678,1.33634],[103.862678,1.336326],[103.862765,1.336329],[103.862764,1.336355],[103.862786,1.336355],[103.862787,1.336329],[103.862873,1.336332],[103.862872,1.336358],[103.862921,1.336359],[103.862922,1.336333],[103.862985,1.336335],[103.863008,1.33636],[103.863033,1.336338],[103.86301,1.336313],[103.863011,1.336249],[103.863033,1.336249],[103.863035,1.33617],[103.863013,1.33617],[103.863016,1.336107],[103.86304,1.336082],[103.863016,1.336059],[103.862993,1.336083],[103.862929,1.336081],[103.862931,1.336053],[103.862881,1.336051],[103.86288,1.336079],[103.8628,1.336076],[103.862801,1.336058],[103.862773,1.336057],[103.862773,1.336075],[103.862757,1.336075],[103.86276,1.335974],[103.86281,1.335976],[103.862811,1.335942]]]}},{"type":"Feature","properties":{"block_id":"11738","blk_no":"118","postal_code":"350118","region_id":"CR","region":"CENTRAL REGION","planning_area_id":"TP","planning_area":"TOA PAYOH","subzone_id":"TPSZ09","subzone":"POTONG PASIR","lon":103.8626,"lat":1.3355,"property_match":"MATCHED","property_match_confidence":"HIGH","street":"POTONG PASIR AVE 1","residential":"Y","year_completed":1984,"building_age_2026":42,"max_floor_lvl":4,"total_dwelling_units":96,"small_flat_share_pct":75.0,"rental_share_pct":0.0,"footprint_area_m2":2481.0,"estimated_residents_2026":205.0,"estimated_elderly_65plus_2026":74.1,"estimated_elderly_share_pct":36.13,"elderly_exposure_score":69.7,"elderly_exposure_class":"HIGH","estimate_confidence":"HIGH","display_name":"Block 118"},"geometry":{"type":"Polygon","coordinates":[[[103.862754,1.334751],[103.862754,1.334778],[103.862739,1.334791],[103.862753,1.3348],[103.862752,1.334831],[103.862713,1.33483],[103.862712,1.334853],[103.862751,1.334854],[103.86275,1.334885],[103.862736,1.334899],[103.862749,1.334907],[103.862748,1.334939],[103.86271,1.334938],[103.862708,1.334987],[103.862747,1.334989],[103.862746,1.335022],[103.862732,1.335034],[103.862745,1.335043],[103.862744,1.335075],[103.862706,1.335074],[103.862706,1.335096],[103.862744,1.335097],[103.862743,1.33513],[103.862729,1.335144],[103.862742,1.335152],[103.862741,1.33518],[103.862702,1.33518],[103.862699,1.335262],[103.862738,1.335263],[103.862737,1.335292],[103.862724,1.335306],[103.862737,1.335315],[103.862736,1.335346],[103.862704,1.335346],[103.862704,1.33537],[103.862735,1.335371],[103.862734,1.335403],[103.86272,1.335417],[103.862733,1.335425],[103.862732,1.335457],[103.862693,1.335455],[103.862693,1.335505],[103.862731,1.335506],[103.86273,1.33554],[103.862716,1.335546],[103.862729,1.33556],[103.862728,1.335592],[103.862692,1.335592],[103.862692,1.335614],[103.862727,1.335615],[103.862726,1.335647],[103.862714,1.335652],[103.862726,1.335668],[103.862725,1.335698],[103.862696,1.335697],[103.862693,1.335779],[103.862722,1.335781],[103.862721,1.33581],[103.862707,1.335823],[103.862721,1.335831],[103.86272,1.335863],[103.862692,1.335862],[103.862691,1.335886],[103.862719,1.335887],[103.862718,1.335919],[103.862704,1.335925],[103.862717,1.335941],[103.862716,1.335972],[103.862678,1.33597],[103.862676,1.33602],[103.862715,1.336022],[103.862713,1.336053],[103.862699,1.336067],[103.862713,1.336075],[103.862712,1.336107],[103.862684,1.336106],[103.862684,1.336129],[103.862711,1.33613],[103.86271,1.336162],[103.862696,1.336176],[103.862709,1.336186],[103.862709,1.336211],[103.86268,1.33621],[103.862679,1.336238],[103.862694,1.336238],[103.862694,1.336254],[103.862594,1.33625],[103.862596,1.336201],[103.862562,1.336199],[103.862569,1.336004],[103.862542,1.336004],[103.862543,1.335979],[103.862573,1.335979],[103.862588,1.33549],[103.862558,1.335489],[103.862559,1.335464],[103.862589,1.335465],[103.862596,1.335218],[103.862604,1.334972],[103.862574,1.334971],[103.862575,1.334946],[103.862604,1.334947],[103.862607,1.334753],[103.862641,1.334753],[103.862643,1.334703],[103.862742,1.334707],[103.862742,1.334722],[103.862726,1.334722],[103.862725,1.334749],[103.862754,1.334751]]]}},{"type":"Feature","properties":{"block_id":"11768","blk_no":"119","postal_code":"350119","region_id":"CR","region":"CENTRAL REGION","planning_area_id":"TP","planning_area":"TOA PAYOH","subzone_id":"TPSZ09","subzone":"POTONG PASIR","lon":103.8631,"lat":1.3348,"property_match":"MATCHED","property_match_confidence":"HIGH","street":"POTONG PASIR AVE 1","residential":"Y","year_completed":1984,"building_age_2026":42,"max_floor_lvl":13,"total_dwelling_units":160,"small_flat_share_pct":57.5,"rental_share_pct":0.0,"footprint_area_m2":1578.3,"estimated_residents_2026":363.5,"estimated_elderly_65plus_2026":128.3,"estimated_elderly_share_pct":35.29,"elderly_exposure_score":94.8,"elderly_exposure_class":"VERY HIGH","estimate_confidence":"HIGH","display_name":"Block 119"},"geometry":{"type":"Polygon","coordinates":[[[103.862997,1.334882],[103.863012,1.334897],[103.863021,1.334883],[103.863035,1.334884],[103.863053,1.334922],[103.863077,1.334899],[103.863053,1.334875],[103.863055,1.334811],[103.863077,1.334812],[103.86308,1.334733],[103.863058,1.334732],[103.86306,1.334669],[103.863087,1.334644],[103.863064,1.334618],[103.863037,1.334644],[103.862975,1.334643],[103.862975,1.334617],[103.862925,1.334615],[103.862925,1.334642],[103.86284,1.334638],[103.862841,1.334612],[103.862819,1.334611],[103.862817,1.334638],[103.862738,1.334635],[103.862739,1.334621],[103.86271,1.33462],[103.86271,1.334634],[103.862694,1.334634],[103.862696,1.334533],[103.862746,1.334535],[103.862748,1.334501],[103.863079,1.334516],[103.863189,1.334634],[103.863182,1.334918],[103.863065,1.335029],[103.86284,1.335026],[103.862841,1.334991],[103.862791,1.33499],[103.862794,1.33489],[103.862809,1.33489],[103.862809,1.334906],[103.862837,1.334907],[103.862838,1.334878],[103.862863,1.334879],[103.862879,1.334892],[103.862887,1.334879],[103.862918,1.33488],[103.862916,1.33492],[103.862966,1.334921],[103.862967,1.334882],[103.862997,1.334882]]]}},{"type":"Feature","properties":{"block_id":"11740","blk_no":"120","postal_code":"350120","region_id":"CR","region":"CENTRAL REGION","planning_area_id":"TP","planning_area":"TOA PAYOH","subzone_id":"TPSZ09","subzone":"POTONG PASIR","lon":103.8635,"lat":1.3356,"property_match":"MATCHED","property_match_confidence":"HIGH","street":"POTONG PASIR AVE 1","residential":"Y","year_completed":1984,"building_age_2026":42,"max_floor_lvl":13,"total_dwelling_units":146,"small_flat_share_pct":58.22,"rental_share_pct":0.0,"footprint_area_m2":1707.4,"estimated_residents_2026":330.9,"estimated_elderly_65plus_2026":116.9,"estimated_elderly_share_pct":35.32,"elderly_exposure_score":92.6,"elderly_exposure_class":"VERY HIGH","estimate_confidence":"HIGH","display_name":"Block 120"},"geometry":{"type":"Polygon","coordinates":[[[103.863262,1.33551],[103.862996,1.335499],[103.863,1.335366],[103.863408,1.335382],[103.863519,1.335501],[103.863507,1.335789],[103.863392,1.335898],[103.863115,1.335893],[103.863119,1.33576],[103.863254,1.335762],[103.863253,1.335801],[103.863277,1.335801],[103.863279,1.335764],[103.863361,1.335773],[103.863385,1.335751],[103.86338,1.335667],[103.863407,1.335667],[103.863409,1.335601],[103.863383,1.3356],[103.863392,1.33553],[103.863369,1.335506],[103.863286,1.33551],[103.863287,1.33547],[103.863263,1.335469],[103.863262,1.33551]]]}},{"type":"Feature","properties":{"block_id":"11204","blk_no":"121","postal_code":"350121","region_id":"CR","region":"CENTRAL REGION","planning_area_id":"TP","planning_area":"TOA PAYOH","subzone_id":"TPSZ09","subzone":"POTONG PASIR","lon":103.8658,"lat":1.3356,"property_match":"MATCHED","property_match_confidence":"HIGH","street":"POTONG PASIR AVE 1","residential":"Y","year_completed":1984,"building_age_2026":42,"max_floor_lvl":21,"total_dwelling_units":177,"small_flat_share_pct":29.38,"rental_share_pct":0.0,"footprint_area_m2":1787.4,"estimated_residents_2026":480.3,"estimated_elderly_65plus_2026":145.0,"estimated_elderly_share_pct":30.18,"elderly_exposure_score":97.0,"elderly_exposure_class":"VERY HIGH","estimate_confidence":"HIGH","display_name":"Block 121"},"geometry":{"type":"Polygon","coordinates":[[[103.866104,1.335468],[103.866104,1.335591],[103.865822,1.335591],[103.865822,1.335638],[103.865807,1.335638],[103.865806,1.335684],[103.865899,1.335684],[103.865899,1.335809],[103.86509,1.335809],[103.86509,1.335724],[103.865122,1.335724],[103.865132,1.335711],[103.865128,1.335681],[103.865202,1.33568],[103.865222,1.335687],[103.865222,1.335711],[103.865293,1.335712],[103.865293,1.335687],[103.865368,1.335681],[103.865387,1.335687],[103.865387,1.335712],[103.86541,1.335712],[103.86541,1.335748],[103.865437,1.335748],[103.865437,1.335711],[103.865459,1.335711],[103.865458,1.335687],[103.865477,1.335681],[103.865552,1.335687],[103.865553,1.335712],[103.865624,1.335711],[103.865624,1.335687],[103.8657,1.33568],[103.8657,1.335688],[103.86572,1.335687],[103.86572,1.335715],[103.865737,1.335714],[103.865737,1.335649],[103.865766,1.335649],[103.865766,1.335591],[103.865656,1.33559],[103.865655,1.335468],[103.865751,1.335468],[103.86575,1.335543],[103.865804,1.335542],[103.865804,1.335531],[103.865792,1.335531],[103.865792,1.335478],[103.865967,1.335478],[103.865967,1.335533],[103.865955,1.335533],[103.865955,1.335544],[103.866008,1.335545],[103.866009,1.335468],[103.866104,1.335468]]]}},{"type":"Feature","properties":{"block_id":"2340","blk_no":"122","postal_code":"350122","region_id":"CR","region":"CENTRAL REGION","planning_area_id":"TP","planning_area":"TOA PAYOH","subzone_id":"TPSZ09","subzone":"POTONG PASIR","lon":103.8662,"lat":1.335,"property_match":"MATCHED","property_match_confidence":"HIGH","street":"POTONG PASIR AVE 1","residential":"Y","year_completed":1983,"building_age_2026":43,"max_floor_lvl":23,"total_dwelling_units":123,"small_flat_share_pct":0.0,"rental_share_pct":0.0,"footprint_area_m2":932.8,"estimated_residents_2026":385.1,"estimated_elderly_65plus_2026":103.7,"estimated_elderly_share_pct":26.92,"elderly_exposure_score":89.0,"elderly_exposure_class":"VERY HIGH","estimate_confidence":"HIGH","display_name":"Block 122"},"geometry":{"type":"Polygon","coordinates":[[[103.866186,1.334989],[103.866072,1.335001],[103.866072,1.334975],[103.866045,1.334975],[103.866045,1.335001],[103.866015,1.335],[103.866015,1.334875],[103.866201,1.334875],[103.866194,1.33494],[103.866246,1.33494],[103.866243,1.334865],[103.866338,1.334865],[103.866338,1.334988],[103.866253,1.334988],[103.866252,1.335013],[103.866274,1.335013],[103.866274,1.335079],[103.866353,1.335079],[103.866353,1.335067],[103.866401,1.335067],[103.8664,1.335093],[103.866426,1.335092],[103.866426,1.335067],[103.866456,1.335067],[103.866455,1.335191],[103.866269,1.33519],[103.866269,1.335126],[103.866228,1.335125],[103.866227,1.335201],[103.866132,1.3352],[103.866132,1.335078],[103.866214,1.335078],[103.866214,1.335015],[103.866186,1.335015],[103.866186,1.334989]]]}},{"type":"Feature","properties":{"block_id":"1728","blk_no":"123","postal_code":"350123","region_id":"CR","region":"CENTRAL REGION","planning_area_id":"TP","planning_area":"TOA PAYOH","subzone_id":"TPSZ09","subzone":"POTONG PASIR","lon":103.8658,"lat":1.3352,"property_match":"MATCHED","property_match_confidence":"HIGH","street":"POTONG PASIR AVE 1","residential":"Y","year_completed":1983,"building_age_2026":43,"max_floor_lvl":4,"total_dwelling_units":8,"small_flat_share_pct":0.0,"rental_share_pct":0.0,"footprint_area_m2":439.3,"estimated_residents_2026":26.8,"estimated_elderly_65plus_2026":6.5,"estimated_elderly_share_pct":24.3,"elderly_exposure_score":1.9,"elderly_exposure_class":"VERY LOW","estimate_confidence":"HIGH","display_name":"Block 123"},"geometry":{"type":"Polygon","coordinates":[[[103.865715,1.33536],[103.865716,1.335061],[103.865851,1.335061],[103.865851,1.33511],[103.865802,1.33511],[103.865803,1.335151],[103.865851,1.335151],[103.865851,1.335198],[103.865799,1.335198],[103.865799,1.335223],[103.865851,1.335223],[103.865851,1.335271],[103.865803,1.335271],[103.865803,1.335311],[103.865851,1.335311],[103.865851,1.33536],[103.865715,1.33536]]]}},{"type":"Feature","properties":{"block_id":"1729","blk_no":"124","postal_code":"350124","region_id":"CR","region":"CENTRAL REGION","planning_area_id":"TP","planning_area":"TOA PAYOH","subzone_id":"TPSZ09","subzone":"POTONG PASIR","lon":103.8655,"lat":1.3353,"property_match":"MATCHED","property_match_confidence":"HIGH","street":"POTONG PASIR AVE 1","residential":"Y","year_completed":1983,"building_age_2026":43,"max_floor_lvl":4,"total_dwelling_units":8,"small_flat_share_pct":0.0,"rental_share_pct":0.0,"footprint_area_m2":433.8,"estimated_residents_2026":26.8,"estimated_elderly_65plus_2026":6.5,"estimated_elderly_share_pct":24.3,"elderly_exposure_score":1.9,"elderly_exposure_class":"VERY LOW","estimate_confidence":"HIGH","display_name":"Block 124"},"geometry":{"type":"Polygon","coordinates":[[[103.8656,1.335389],[103.865303,1.335389],[103.865303,1.335253],[103.865351,1.335253],[103.865351,1.335301],[103.865392,1.335302],[103.865392,1.335253],[103.865439,1.335253],[103.865439,1.335305],[103.865464,1.335305],[103.865464,1.335253],[103.865511,1.335253],[103.865511,1.335302],[103.865552,1.335302],[103.865552,1.335253],[103.8656,1.335253],[103.8656,1.335389]]]}},{"type":"Feature","properties":{"block_id":"2179","blk_no":"125","postal_code":"350125","region_id":"CR","region":"CENTRAL REGION","planning_area_id":"TP","planning_area":"TOA PAYOH","subzone_id":"TPSZ09","subzone":"POTONG PASIR","lon":103.8652,"lat":1.3354,"property_match":"MATCHED","property_match_confidence":"HIGH","street":"POTONG PASIR AVE 1","residential":"Y","year_completed":1983,"building_age_2026":43,"max_floor_lvl":4,"total_dwelling_units":8,"small_flat_share_pct":0.0,"rental_share_pct":0.0,"footprint_area_m2":442.9,"estimated_residents_2026":26.8,"estimated_elderly_65plus_2026":6.5,"estimated_elderly_share_pct":24.3,"elderly_exposure_score":1.9,"elderly_exposure_class":"VERY LOW","estimate_confidence":"HIGH","display_name":"Block 125"},"geometry":{"type":"Polygon","coordinates":[[[103.865153,1.335314],[103.865105,1.335314],[103.865105,1.335265],[103.865241,1.335266],[103.86524,1.33543],[103.865219,1.33543],[103.865219,1.335565],[103.865083,1.335565],[103.865084,1.335516],[103.865132,1.335516],[103.865132,1.335475],[103.865084,1.335475],[103.865084,1.335427],[103.865136,1.335427],[103.865136,1.335403],[103.865104,1.335403],[103.865105,1.335355],[103.865153,1.335355],[103.865153,1.335314]]]}},{"type":"Feature","properties":{"block_id":"1726","blk_no":"126","postal_code":"350126","region_id":"CR","region":"CENTRAL REGION","planning_area_id":"TP","planning_area":"TOA PAYOH","subzone_id":"TPSZ09","subzone":"POTONG PASIR","lon":103.8652,"lat":1.335,"property_match":"MATCHED","property_match_confidence":"HIGH","street":"POTONG PASIR AVE 1","residential":"Y","year_completed":1983,"building_age_2026":43,"max_floor_lvl":4,"total_dwelling_units":12,"small_flat_share_pct":0.0,"rental_share_pct":0.0,"footprint_area_m2":680.6,"estimated_residents_2026":40.1,"estimated_elderly_65plus_2026":9.8,"estimated_elderly_share_pct":24.3,"elderly_exposure_score":3.6,"elderly_exposure_class":"VERY LOW","estimate_confidence":"HIGH","display_name":"Block 126"},"geometry":{"type":"Polygon","coordinates":[[[103.86518,1.334832],[103.865228,1.334833],[103.865228,1.334791],[103.86518,1.334791],[103.86518,1.334743],[103.865316,1.334743],[103.865316,1.334907],[103.865295,1.334907],[103.865295,1.335068],[103.865274,1.335068],[103.865274,1.335203],[103.865138,1.335203],[103.865139,1.335154],[103.865187,1.335155],[103.865187,1.335113],[103.865138,1.335113],[103.865138,1.335065],[103.86519,1.335066],[103.86519,1.335041],[103.865159,1.33504],[103.865159,1.334993],[103.865203,1.334993],[103.865203,1.334952],[103.865159,1.334952],[103.865159,1.334904],[103.865211,1.334904],[103.865211,1.33488],[103.86518,1.33488],[103.86518,1.334832]]]}},{"type":"Feature","properties":{"block_id":"1727","blk_no":"127","postal_code":"350127","region_id":"CR","region":"CENTRAL REGION","planning_area_id":"TP","planning_area":"TOA PAYOH","subzone_id":"TPSZ09","subzone":"POTONG PASIR","lon":103.8655,"lat":1.335,"property_match":"MATCHED","property_match_confidence":"HIGH","street":"POTONG PASIR AVE 1","residential":"Y","year_completed":1983,"building_age_2026":43,"max_floor_lvl":4,"total_dwelling_units":8,"small_flat_share_pct":0.0,"rental_share_pct":0.0,"footprint_area_m2":433.6,"estimated_residents_2026":26.8,"estimated_elderly_65plus_2026":6.5,"estimated_elderly_share_pct":24.3,"elderly_exposure_score":1.9,"elderly_exposure_class":"VERY LOW","estimate_confidence":"HIGH","display_name":"Block 127"},"geometry":{"type":"Polygon","coordinates":[[[103.865446,1.33508],[103.865405,1.33508],[103.865405,1.335129],[103.865357,1.335128],[103.865357,1.334992],[103.865654,1.334992],[103.865654,1.335129],[103.865605,1.335129],[103.865605,1.335077],[103.865565,1.335077],[103.865565,1.335129],[103.865517,1.335129],[103.865517,1.335077],[103.865493,1.335077],[103.865493,1.335129],[103.865446,1.335129],[103.865446,1.33508]]]}},{"type":"Feature","properties":{"block_id":"2176","blk_no":"128","postal_code":"350128","region_id":"CR","region":"CENTRAL REGION","planning_area_id":"TP","planning_area":"TOA PAYOH","subzone_id":"TPSZ09","subzone":"POTONG PASIR","lon":103.8658,"lat":1.3348,"property_match":"MATCHED","property_match_confidence":"HIGH","street":"POTONG PASIR AVE 1","residential":"Y","year_completed":1983,"building_age_2026":43,"max_floor_lvl":4,"total_dwelling_units":8,"small_flat_share_pct":0.0,"rental_share_pct":0.0,"footprint_area_m2":435.2,"estimated_residents_2026":26.8,"estimated_elderly_65plus_2026":6.5,"estimated_elderly_share_pct":24.3,"elderly_exposure_score":1.9,"elderly_exposure_class":"VERY LOW","estimate_confidence":"HIGH","display_name":"Block 128"},"geometry":{"type":"Polygon","coordinates":[[[103.86584,1.334703],[103.865841,1.334744],[103.865889,1.334743],[103.86589,1.334791],[103.865837,1.334792],[103.865837,1.334816],[103.865889,1.334816],[103.86589,1.334864],[103.865841,1.334864],[103.865841,1.334905],[103.86589,1.334904],[103.86589,1.334953],[103.865754,1.334954],[103.865754,1.334654],[103.865889,1.334654],[103.86589,1.334703],[103.86584,1.334703]]]}},{"type":"Feature","properties":{"block_id":"2175","blk_no":"129","postal_code":"350129","region_id":"CR","region":"CENTRAL REGION","planning_area_id":"TP","planning_area":"TOA PAYOH","subzone_id":"TPSZ09","subzone":"POTONG PASIR","lon":103.8655,"lat":1.3347,"property_match":"MATCHED","property_match_confidence":"HIGH","street":"POTONG PASIR AVE 1","residential":"Y","year_completed":1983,"building_age_2026":43,"max_floor_lvl":4,"total_dwelling_units":8,"small_flat_share_pct":0.0,"rental_share_pct":0.0,"footprint_area_m2":435.0,"estimated_residents_2026":26.8,"estimated_elderly_65plus_2026":6.5,"estimated_elderly_share_pct":24.3,"elderly_exposure_score":1.9,"elderly_exposure_class":"VERY LOW","estimate_confidence":"HIGH","display_name":"Block 129"},"geometry":{"type":"Polygon","coordinates":[[[103.865691,1.334803],[103.865394,1.334803],[103.865394,1.334667],[103.865442,1.334667],[103.865442,1.334715],[103.865483,1.334715],[103.865483,1.334667],[103.86553,1.334667],[103.86553,1.334719],[103.865555,1.33472],[103.865555,1.334667],[103.865602,1.334667],[103.865602,1.334716],[103.865643,1.334716],[103.865643,1.334667],[103.865691,1.334667],[103.865691,1.334803]]]}},{"type":"Feature","properties":{"block_id":"2174","blk_no":"130","postal_code":"350130","region_id":"CR","region":"CENTRAL REGION","planning_area_id":"TP","planning_area":"TOA PAYOH","subzone_id":"TPSZ09","subzone":"POTONG PASIR","lon":103.8656,"lat":1.3344,"property_match":"MATCHED","property_match_confidence":"HIGH","street":"POTONG PASIR AVE 1","residential":"Y","year_completed":1983,"building_age_2026":43,"max_floor_lvl":4,"total_dwelling_units":8,"small_flat_share_pct":0.0,"rental_share_pct":0.0,"footprint_area_m2":432.3,"estimated_residents_2026":26.8,"estimated_elderly_65plus_2026":6.5,"estimated_elderly_share_pct":24.3,"elderly_exposure_score":1.9,"elderly_exposure_class":"VERY LOW","estimate_confidence":"HIGH","display_name":"Block 130"},"geometry":{"type":"Polygon","coordinates":[[[103.865551,1.334491],[103.865551,1.334543],[103.865503,1.334543],[103.865503,1.334496],[103.865463,1.334496],[103.865463,1.334543],[103.865415,1.334543],[103.865416,1.334409],[103.865713,1.334408],[103.865713,1.334543],[103.865663,1.334543],[103.865663,1.334496],[103.865623,1.334496],[103.865622,1.334543],[103.865575,1.334543],[103.865575,1.334491],[103.865551,1.334491]]]}},{"type":"Feature","properties":{"block_id":"2173","blk_no":"131","postal_code":"350131","region_id":"CR","region":"CENTRAL REGION","planning_area_id":"TP","planning_area":"TOA PAYOH","subzone_id":"TPSZ09","subzone":"POTONG PASIR","lon":103.8653,"lat":1.3344,"property_match":"MATCHED","property_match_confidence":"HIGH","street":"POTONG PASIR AVE 1","residential":"Y","year_completed":1983,"building_age_2026":43,"max_floor_lvl":4,"total_dwelling_units":16,"small_flat_share_pct":0.0,"rental_share_pct":0.0,"footprint_area_m2":882.5,"estimated_residents_2026":53.5,"estimated_elderly_65plus_2026":13.0,"estimated_elderly_share_pct":24.3,"elderly_exposure_score":5.7,"elderly_exposure_class":"VERY LOW","estimate_confidence":"HIGH","display_name":"Block 131"},"geometry":{"type":"Polygon","coordinates":[[[103.865296,1.334336],[103.865296,1.334296],[103.865248,1.334296],[103.865248,1.334248],[103.8653,1.334248],[103.865299,1.334223],[103.865268,1.334224],[103.865269,1.334176],[103.865317,1.334175],[103.865317,1.334135],[103.865268,1.334135],[103.865269,1.334086],[103.865404,1.334086],[103.865404,1.334251],[103.865384,1.33425],[103.865383,1.334402],[103.865362,1.334402],[103.865362,1.334546],[103.865342,1.334545],[103.865341,1.334681],[103.865206,1.33468],[103.865206,1.334631],[103.865254,1.334631],[103.865254,1.334591],[103.865206,1.334591],[103.865206,1.334543],[103.865258,1.334543],[103.865258,1.334518],[103.865227,1.334518],[103.865227,1.334471],[103.865275,1.33447],[103.865275,1.33443],[103.865227,1.334429],[103.865227,1.334382],[103.865248,1.334382],[103.865248,1.334336],[103.865296,1.334336]]]}},{"type":"Feature","properties":{"block_id":"2168","blk_no":"132","postal_code":"350132","region_id":"CR","region":"CENTRAL REGION","planning_area_id":"TP","planning_area":"TOA PAYOH","subzone_id":"TPSZ09","subzone":"POTONG PASIR","lon":103.8656,"lat":1.3342,"property_match":"MATCHED","property_match_confidence":"HIGH","street":"POTONG PASIR AVE 1","residential":"Y","year_completed":1983,"building_age_2026":43,"max_floor_lvl":4,"total_dwelling_units":8,"small_flat_share_pct":0.0,"rental_share_pct":0.0,"footprint_area_m2":436.3,"estimated_residents_2026":26.8,"estimated_elderly_65plus_2026":6.5,"estimated_elderly_share_pct":24.3,"elderly_exposure_score":1.9,"elderly_exposure_class":"VERY LOW","estimate_confidence":"HIGH","display_name":"Block 132"},"geometry":{"type":"Polygon","coordinates":[[[103.865599,1.334133],[103.865623,1.334133],[103.865623,1.33408],[103.86567,1.334081],[103.86567,1.33413],[103.865711,1.33413],[103.865711,1.334081],[103.865759,1.334081],[103.86576,1.334217],[103.865462,1.334217],[103.865462,1.334081],[103.865511,1.334081],[103.865511,1.33413],[103.865551,1.33413],[103.865551,1.334081],[103.865599,1.334081],[103.865599,1.334133]]]}},{"type":"Feature","properties":{"block_id":"2338","blk_no":"133","postal_code":"350133","region_id":"CR","region":"CENTRAL REGION","planning_area_id":"TP","planning_area":"TOA PAYOH","subzone_id":"TPSZ09","subzone":"POTONG PASIR","lon":103.8659,"lat":1.3343,"property_match":"MATCHED","property_match_confidence":"HIGH","street":"POTONG PASIR AVE 1","residential":"Y","year_completed":1983,"building_age_2026":43,"max_floor_lvl":4,"total_dwelling_units":12,"small_flat_share_pct":0.0,"rental_share_pct":0.0,"footprint_area_m2":668.8,"estimated_residents_2026":40.1,"estimated_elderly_65plus_2026":9.8,"estimated_elderly_share_pct":24.3,"elderly_exposure_score":3.6,"elderly_exposure_class":"VERY LOW","estimate_confidence":"HIGH","display_name":"Block 133"},"geometry":{"type":"Polygon","coordinates":[[[103.865955,1.334385],[103.865904,1.334386],[103.865904,1.334409],[103.865955,1.334409],[103.865955,1.334457],[103.865906,1.334457],[103.865906,1.334498],[103.865955,1.334498],[103.865956,1.334547],[103.865818,1.334547],[103.865818,1.334087],[103.865954,1.334087],[103.865954,1.334135],[103.865905,1.334135],[103.865905,1.334176],[103.865954,1.334176],[103.865954,1.334224],[103.865902,1.334224],[103.865902,1.334248],[103.865954,1.334248],[103.865955,1.334296],[103.865906,1.334296],[103.865906,1.334337],[103.865954,1.334337],[103.865955,1.334385]]]}},{"type":"Feature","properties":{"block_id":"2961","blk_no":"134","postal_code":"350134","region_id":"CR","region":"CENTRAL REGION","planning_area_id":"TP","planning_area":"TOA PAYOH","subzone_id":"TPSZ09","subzone":"POTONG PASIR","lon":103.8664,"lat":1.3346,"property_match":"MATCHED","property_match_confidence":"HIGH","street":"POTONG PASIR AVE 3","residential":"Y","year_completed":1984,"building_age_2026":42,"max_floor_lvl":14,"total_dwelling_units":89,"small_flat_share_pct":51.69,"rental_share_pct":0.0,"footprint_area_m2":917.9,"estimated_residents_2026":209.4,"estimated_elderly_65plus_2026":71.8,"estimated_elderly_share_pct":34.3,"elderly_exposure_score":67.1,"elderly_exposure_class":"HIGH","estimate_confidence":"HIGH","display_name":"Block 134"},"geometry":{"type":"Polygon","coordinates":[[[103.866002,1.334356],[103.866032,1.334356],[103.866045,1.334344],[103.866039,1.334312],[103.866115,1.334312],[103.866133,1.334318],[103.866134,1.334342],[103.866155,1.334341],[103.866155,1.334352],[103.86621,1.334352],[103.866249,1.334392],[103.866266,1.334375],[103.866284,1.334384],[103.866333,1.334442],[103.866316,1.334459],[103.866331,1.334475],[103.86631,1.334496],[103.86633,1.334516],[103.866351,1.334494],[103.866366,1.33451],[103.866384,1.334493],[103.866401,1.334501],[103.86645,1.334559],[103.866433,1.334576],[103.866483,1.334627],[103.866501,1.33461],[103.866519,1.334619],[103.866572,1.334673],[103.866542,1.334698],[103.866567,1.334731],[103.866512,1.334788],[103.866167,1.334445],[103.866001,1.334441],[103.866002,1.334356]]]}},{"type":"Feature","properties":{"block_id":"2339","blk_no":"135","postal_code":"350135","region_id":"CR","region":"CENTRAL REGION","planning_area_id":"TP","planning_area":"TOA PAYOH","subzone_id":"TPSZ09","subzone":"POTONG PASIR","lon":103.8668,"lat":1.3347,"property_match":"MATCHED","property_match_confidence":"HIGH","street":"POTONG PASIR AVE 3","residential":"Y","year_completed":1983,"building_age_2026":43,"max_floor_lvl":4,"total_dwelling_units":32,"small_flat_share_pct":0.0,"rental_share_pct":0.0,"footprint_area_m2":1038.2,"estimated_residents_2026":87.1,"estimated_elderly_65plus_2026":28.9,"estimated_elderly_share_pct":33.13,"elderly_exposure_score":16.8,"elderly_exposure_class":"VERY LOW","estimate_confidence":"HIGH","display_name":"Block 135"},"geometry":{"type":"Polygon","coordinates":[[[103.866952,1.334441],[103.866975,1.334418],[103.867014,1.334456],[103.867043,1.334435],[103.867107,1.334499],[103.866645,1.334965],[103.866592,1.334964],[103.866592,1.334868],[103.866554,1.334839],[103.866576,1.334815],[103.866607,1.334817],[103.866599,1.334793],[103.866623,1.334769],[103.86665,1.334803],[103.866669,1.334808],[103.866709,1.334767],[103.866708,1.334752],[103.866671,1.334721],[103.866694,1.334697],[103.866722,1.334696],[103.866716,1.334675],[103.86674,1.334651],[103.866767,1.334686],[103.866785,1.33469],[103.866825,1.334651],[103.866825,1.334635],[103.866787,1.334604],[103.866811,1.334579],[103.866832,1.334585],[103.866833,1.334558],[103.866857,1.334534],[103.866884,1.334568],[103.866902,1.334573],[103.866943,1.334533],[103.866943,1.334513],[103.866931,1.334513],[103.866904,1.334486],[103.866929,1.334462],[103.866951,1.334468],[103.866952,1.334441]]]}},{"type":"Feature","properties":{"block_id":"11161","blk_no":"136","postal_code":"350136","region_id":"CR","region":"CENTRAL REGION","planning_area_id":"TP","planning_area":"TOA PAYOH","subzone_id":"TPSZ09","subzone":"POTONG PASIR","lon":103.8666,"lat":1.3341,"property_match":"MATCHED","property_match_confidence":"HIGH","street":"POTONG PASIR AVE 3","residential":"Y","year_completed":1984,"building_age_2026":42,"max_floor_lvl":14,"total_dwelling_units":82,"small_flat_share_pct":51.22,"rental_share_pct":0.0,"footprint_area_m2":1198.1,"estimated_residents_2026":193.4,"estimated_elderly_65plus_2026":66.2,"estimated_elderly_share_pct":34.22,"elderly_exposure_score":61.1,"elderly_exposure_class":"HIGH","estimate_confidence":"HIGH","display_name":"Block 136"},"geometry":{"type":"Polygon","coordinates":[[[103.866453,1.333814],[103.866954,1.33432],[103.866868,1.334406],[103.866855,1.334393],[103.866838,1.33441],[103.866732,1.334295],[103.866749,1.334278],[103.866731,1.33426],[103.866713,1.334277],[103.866639,1.334211],[103.866617,1.334179],[103.866655,1.33414],[103.866636,1.334121],[103.866597,1.334159],[103.866523,1.334095],[103.866492,1.334035],[103.866482,1.334044],[103.866376,1.333945],[103.866393,1.333927],[103.866384,1.333917],[103.866398,1.333903],[103.86638,1.333887],[103.866453,1.333814]]]}},{"type":"Feature","properties":{"block_id":"11045","blk_no":"137","postal_code":"350137","region_id":"CR","region":"CENTRAL REGION","planning_area_id":"TP","planning_area":"TOA PAYOH","subzone_id":"TPSZ09","subzone":"POTONG PASIR","lon":103.8663,"lat":1.3338,"property_match":"MATCHED","property_match_confidence":"HIGH","street":"POTONG PASIR AVE 3","residential":"Y","year_completed":1983,"building_age_2026":43,"max_floor_lvl":14,"total_dwelling_units":82,"small_flat_share_pct":51.22,"rental_share_pct":0.0,"footprint_area_m2":1213.0,"estimated_residents_2026":193.4,"estimated_elderly_65plus_2026":66.2,"estimated_elderly_share_pct":34.22,"elderly_exposure_score":61.1,"elderly_exposure_class":"HIGH","estimate_confidence":"HIGH","display_name":"Block 137"},"geometry":{"type":"Polygon","coordinates":[[[103.866391,1.333748],[103.866225,1.333914],[103.865664,1.333916],[103.865665,1.333813],[103.86569,1.333813],[103.86569,1.333794],[103.865703,1.333794],[103.865703,1.333769],[103.865819,1.333775],[103.865818,1.333799],[103.865847,1.333799],[103.865847,1.333775],[103.865887,1.333769],[103.865984,1.333775],[103.865984,1.333828],[103.866012,1.333828],[103.866012,1.333775],[103.866109,1.333769],[103.866149,1.333775],[103.866149,1.333831],[103.86619,1.333832],[103.866208,1.333813],[103.866169,1.333773],[103.866274,1.33366],[103.866306,1.333693],[103.86632,1.333678],[103.866391,1.333748]]]}},{"type":"Feature","properties":{"block_id":"11159","blk_no":"138","postal_code":"350138","region_id":"CR","region":"CENTRAL REGION","planning_area_id":"TP","planning_area":"TOA PAYOH","subzone_id":"TPSZ09","subzone":"POTONG PASIR","lon":103.8654,"lat":1.3336,"property_match":"MATCHED","property_match_confidence":"HIGH","street":"POTONG PASIR AVE 3","residential":"Y","year_completed":1983,"building_age_2026":43,"max_floor_lvl":4,"total_dwelling_units":32,"small_flat_share_pct":0.0,"rental_share_pct":0.0,"footprint_area_m2":1073.1,"estimated_residents_2026":87.1,"estimated_elderly_65plus_2026":28.9,"estimated_elderly_share_pct":33.13,"elderly_exposure_score":16.8,"elderly_exposure_class":"VERY LOW","estimate_confidence":"HIGH","display_name":"Block 138"},"geometry":{"type":"Polygon","coordinates":[[[103.865502,1.33352],[103.865488,1.333534],[103.865488,1.333591],[103.865502,1.333604],[103.865548,1.333596],[103.865548,1.33363],[103.86553,1.333642],[103.865548,1.33366],[103.865549,1.333695],[103.865502,1.333686],[103.865488,1.3337],[103.865488,1.333757],[103.865503,1.33377],[103.865548,1.333762],[103.865548,1.333796],[103.865529,1.333816],[103.865548,1.333827],[103.865548,1.333861],[103.865506,1.333851],[103.865488,1.333867],[103.865488,1.333897],[103.865396,1.333897],[103.86539,1.333228],[103.865488,1.333228],[103.865488,1.333258],[103.865503,1.333272],[103.86551,1.333263],[103.865548,1.333263],[103.865548,1.333297],[103.865529,1.333308],[103.865548,1.333328],[103.865548,1.333362],[103.86551,1.333362],[103.865502,1.333353],[103.865488,1.333367],[103.865487,1.333424],[103.865503,1.333437],[103.865548,1.333429],[103.865548,1.333463],[103.865529,1.333483],[103.865548,1.333494],[103.865548,1.333528],[103.865502,1.33352]]]}},{"type":"Feature","properties":{"block_id":"11160","blk_no":"139","postal_code":"350139","region_id":"CR","region":"CENTRAL REGION","planning_area_id":"TP","planning_area":"TOA PAYOH","subzone_id":"TPSZ09","subzone":"POTONG PASIR","lon":103.8665,"lat":1.3332,"property_match":"MATCHED","property_match_confidence":"HIGH","street":"POTONG PASIR AVE 3","residential":"Y","year_completed":1984,"building_age_2026":42,"max_floor_lvl":17,"total_dwelling_units":156,"small_flat_share_pct":51.28,"rental_share_pct":0.0,"footprint_area_m2":1415.3,"estimated_residents_2026":367.0,"estimated_elderly_65plus_2026":126.1,"estimated_elderly_share_pct":34.35,"elderly_exposure_score":94.5,"elderly_exposure_class":"VERY HIGH","estimate_confidence":"HIGH","display_name":"Block 139"},"geometry":{"type":"Polygon","coordinates":[[[103.866314,1.333325],[103.866293,1.333325],[103.866292,1.333297],[103.866264,1.333296],[103.866264,1.333325],[103.866243,1.333324],[103.866243,1.33335],[103.866224,1.333356],[103.866148,1.33335],[103.866149,1.333325],[103.866077,1.333325],[103.866078,1.33335],[103.866002,1.333356],[103.865984,1.33335],[103.865983,1.333325],[103.865962,1.333325],[103.865962,1.333297],[103.865933,1.333296],[103.865934,1.333325],[103.865911,1.333325],[103.865912,1.33335],[103.865893,1.333356],[103.865818,1.33335],[103.865818,1.333325],[103.865747,1.333325],[103.865747,1.33335],[103.865728,1.333356],[103.865652,1.333356],[103.865658,1.333323],[103.865645,1.33331],[103.865615,1.333311],[103.865615,1.333227],[103.866373,1.333227],[103.866542,1.333057],[103.866601,1.333116],[103.866579,1.333136],[103.866579,1.333156],[103.866606,1.333175],[103.866535,1.333237],[103.866517,1.333219],[103.866489,1.333248],[103.866506,1.333266],[103.866474,1.333307],[103.866453,1.333285],[103.866412,1.333325],[103.866362,1.333326],[103.866366,1.333356],[103.866314,1.33335],[103.866314,1.333325]]]}},{"type":"Feature","properties":{"block_id":"11173","blk_no":"140","postal_code":"350140","region_id":"CR","region":"CENTRAL REGION","planning_area_id":"TP","planning_area":"TOA PAYOH","subzone_id":"TPSZ09","subzone":"POTONG PASIR","lon":103.8668,"lat":1.3338,"property_match":"MATCHED","property_match_confidence":"HIGH","street":"POTONG PASIR AVE 3","residential":"Y","year_completed":1984,"building_age_2026":42,"max_floor_lvl":16,"total_dwelling_units":122,"small_flat_share_pct":61.48,"rental_share_pct":0.0,"footprint_area_m2":1157.6,"estimated_residents_2026":277.8,"estimated_elderly_65plus_2026":96.4,"estimated_elderly_share_pct":34.69,"elderly_exposure_score":85.9,"elderly_exposure_class":"VERY HIGH","estimate_confidence":"HIGH","display_name":"Block 140"},"geometry":{"type":"Polygon","coordinates":[[[103.866745,1.333634],[103.866794,1.333692],[103.866777,1.33371],[103.866827,1.33376],[103.866844,1.333743],[103.866902,1.333792],[103.866911,1.33381],[103.866893,1.333828],[103.866909,1.333843],[103.866889,1.333864],[103.866908,1.333884],[103.866929,1.333863],[103.866943,1.333879],[103.866961,1.333861],[103.866979,1.33387],[103.867027,1.333928],[103.86701,1.333945],[103.86706,1.333996],[103.867078,1.333979],[103.867135,1.334027],[103.867144,1.334045],[103.867122,1.33406],[103.867122,1.334079],[103.867144,1.334099],[103.867085,1.334159],[103.866481,1.33355],[103.86654,1.33349],[103.86656,1.333513],[103.86658,1.333514],[103.866598,1.333486],[103.86666,1.333558],[103.866642,1.333575],[103.866658,1.33359],[103.866636,1.333612],[103.866653,1.33363],[103.866685,1.333598],[103.866707,1.333621],[103.866699,1.33363],[103.86671,1.333643],[103.866727,1.333625],[103.866745,1.333634]]]}},{"type":"Feature","properties":{"block_id":"11175","blk_no":"141","postal_code":"350141","region_id":"CR","region":"CENTRAL REGION","planning_area_id":"TP","planning_area":"TOA PAYOH","subzone_id":"TPSZ09","subzone":"POTONG PASIR","lon":103.8675,"lat":1.3341,"property_match":"MATCHED","property_match_confidence":"HIGH","street":"POTONG PASIR AVE 3","residential":"Y","year_completed":1983,"building_age_2026":43,"max_floor_lvl":4,"total_dwelling_units":32,"small_flat_share_pct":0.0,"rental_share_pct":0.0,"footprint_area_m2":1071.3,"estimated_residents_2026":87.1,"estimated_elderly_65plus_2026":28.9,"estimated_elderly_share_pct":33.13,"elderly_exposure_score":16.8,"elderly_exposure_class":"VERY LOW","estimate_confidence":"HIGH","display_name":"Block 141"},"geometry":{"type":"Polygon","coordinates":[[[103.86737,1.334019],[103.867401,1.334057],[103.867416,1.334057],[103.867455,1.334017],[103.867455,1.334002],[103.867417,1.333971],[103.867441,1.333947],[103.867468,1.333947],[103.867462,1.333926],[103.867487,1.333901],[103.867516,1.333939],[103.867533,1.33394],[103.867573,1.333901],[103.867571,1.333885],[103.867534,1.333854],[103.867558,1.333829],[103.867585,1.333829],[103.867579,1.333808],[103.867604,1.333784],[103.867626,1.333823],[103.867647,1.333825],[103.867671,1.3338],[103.867735,1.333865],[103.867265,1.33434],[103.867201,1.334275],[103.867222,1.334244],[103.867183,1.334206],[103.867207,1.334182],[103.867234,1.334181],[103.867228,1.334161],[103.867252,1.334136],[103.867283,1.334175],[103.867298,1.334175],[103.867338,1.334135],[103.867337,1.33412],[103.867299,1.334088],[103.867324,1.334064],[103.867345,1.334069],[103.867345,1.334043],[103.86737,1.334019]]]}},{"type":"Feature","properties":{"block_id":"11174","blk_no":"142","postal_code":"350142","region_id":"CR","region":"CENTRAL REGION","planning_area_id":"TP","planning_area":"TOA PAYOH","subzone_id":"TPSZ09","subzone":"POTONG PASIR","lon":103.8672,"lat":1.3334,"property_match":"MATCHED","property_match_confidence":"HIGH","street":"POTONG PASIR AVE 3","residential":"Y","year_completed":1984,"building_age_2026":42,"max_floor_lvl":18,"total_dwelling_units":159,"small_flat_share_pct":51.57,"rental_share_pct":0.0,"footprint_area_m2":1413.2,"estimated_residents_2026":374.2,"estimated_elderly_65plus_2026":128.3,"estimated_elderly_share_pct":34.29,"elderly_exposure_score":94.8,"elderly_exposure_class":"VERY HIGH","estimate_confidence":"HIGH","display_name":"Block 142"},"geometry":{"type":"Polygon","coordinates":[[[103.867463,1.333774],[103.867402,1.333703],[103.867421,1.333684],[103.867371,1.333633],[103.867352,1.333652],[103.867294,1.333603],[103.867285,1.333585],[103.867303,1.333568],[103.867287,1.333553],[103.867309,1.333531],[103.86729,1.333511],[103.867268,1.333533],[103.867252,1.333517],[103.867235,1.333535],[103.867217,1.333526],[103.867168,1.333467],[103.867186,1.33345],[103.867136,1.333399],[103.867118,1.333417],[103.86706,1.333368],[103.867051,1.33335],[103.867069,1.333332],[103.867054,1.333317],[103.867073,1.333297],[103.867054,1.333277],[103.867034,1.333297],[103.867019,1.333281],[103.867001,1.333299],[103.866984,1.33329],[103.866905,1.333211],[103.866896,1.333193],[103.866914,1.333176],[103.866885,1.333147],[103.866867,1.333164],[103.866849,1.333155],[103.866796,1.333102],[103.866823,1.333084],[103.866823,1.333064],[103.866801,1.333044],[103.86686,1.332984],[103.867582,1.33371],[103.867522,1.33377],[103.867499,1.333746],[103.86748,1.333746],[103.867463,1.333774]]]}},{"type":"Feature","properties":{"block_id":"11191","blk_no":"143","postal_code":"350143","region_id":"CR","region":"CENTRAL REGION","planning_area_id":"TP","planning_area":"TOA PAYOH","subzone_id":"TPSZ09","subzone":"POTONG PASIR","lon":103.8665,"lat":1.3328,"property_match":"MATCHED","property_match_confidence":"HIGH","street":"POTONG PASIR AVE 2","residential":"Y","year_completed":1983,"building_age_2026":43,"max_floor_lvl":17,"total_dwelling_units":156,"small_flat_share_pct":51.28,"rental_share_pct":0.0,"footprint_area_m2":1440.3,"estimated_residents_2026":367.0,"estimated_elderly_65plus_2026":126.1,"estimated_elderly_share_pct":34.35,"elderly_exposure_score":94.5,"elderly_exposure_class":"VERY HIGH","estimate_confidence":"HIGH","display_name":"Block 143"},"geometry":{"type":"Polygon","coordinates":[[[103.866429,1.332828],[103.86647,1.332796],[103.866488,1.332813],[103.866509,1.332791],[103.866516,1.332784],[103.866499,1.332767],[103.866508,1.33275],[103.866561,1.332696],[103.86658,1.332718],[103.866603,1.332718],[103.866619,1.3327],[103.866678,1.33276],[103.866482,1.332955],[103.865659,1.332957],[103.865659,1.332872],[103.865689,1.332874],[103.865703,1.33286],[103.865697,1.332828],[103.865772,1.332828],[103.865791,1.332834],[103.865791,1.332859],[103.865863,1.332858],[103.865863,1.332834],[103.865938,1.332828],[103.865957,1.332834],[103.865957,1.332859],[103.865978,1.332859],[103.865978,1.332888],[103.866006,1.332888],[103.866006,1.332859],[103.866028,1.332858],[103.866028,1.332834],[103.866047,1.332828],[103.866122,1.332834],[103.866122,1.332859],[103.866192,1.332859],[103.866193,1.332834],[103.866269,1.332828],[103.866287,1.332834],[103.866287,1.332858],[103.866309,1.332859],[103.866309,1.332889],[103.866337,1.332889],[103.866337,1.332859],[103.866358,1.332859],[103.866358,1.332835],[103.866377,1.332828],[103.86641,1.332828],[103.86641,1.332869],[103.866432,1.33287],[103.86645,1.332853],[103.866429,1.332828]]]}},{"type":"Feature","properties":{"block_id":"11193","blk_no":"144","postal_code":"350144","region_id":"CR","region":"CENTRAL REGION","planning_area_id":"TP","planning_area":"TOA PAYOH","subzone_id":"TPSZ09","subzone":"POTONG PASIR","lon":103.8655,"lat":1.3326,"property_match":"MATCHED","property_match_confidence":"HIGH","street":"POTONG PASIR AVE 2","residential":"Y","year_completed":1983,"building_age_2026":43,"max_floor_lvl":4,"total_dwelling_units":32,"small_flat_share_pct":0.0,"rental_share_pct":0.0,"footprint_area_m2":1077.4,"estimated_residents_2026":87.1,"estimated_elderly_65plus_2026":28.9,"estimated_elderly_share_pct":33.13,"elderly_exposure_score":16.8,"elderly_exposure_class":"VERY LOW","estimate_confidence":"HIGH","display_name":"Block 144"},"geometry":{"type":"Polygon","coordinates":[[[103.865586,1.3327],[103.865603,1.33272],[103.865603,1.332754],[103.865555,1.332748],[103.865543,1.332759],[103.865543,1.332816],[103.865557,1.33283],[103.865564,1.332822],[103.865603,1.332822],[103.865603,1.332856],[103.865585,1.332867],[103.865603,1.332887],[103.865603,1.332921],[103.865557,1.332912],[103.865542,1.332926],[103.865543,1.332957],[103.865451,1.332957],[103.865446,1.332294],[103.86549,1.332262],[103.865557,1.332332],[103.865566,1.332323],[103.865604,1.332323],[103.865604,1.332357],[103.865586,1.332377],[103.865604,1.332388],[103.865603,1.332421],[103.865566,1.332421],[103.865558,1.332412],[103.865543,1.332427],[103.865543,1.332483],[103.865557,1.332497],[103.865603,1.332489],[103.865604,1.332523],[103.865585,1.332534],[103.865604,1.332554],[103.865603,1.332587],[103.865566,1.332588],[103.865558,1.332578],[103.865543,1.332593],[103.865543,1.33265],[103.865557,1.332664],[103.865603,1.332656],[103.865604,1.332689],[103.865586,1.3327]]]}},{"type":"Feature","properties":{"block_id":"11192","blk_no":"145","postal_code":"350145","region_id":"CR","region":"CENTRAL REGION","planning_area_id":"TP","planning_area":"TOA PAYOH","subzone_id":"TPSZ09","subzone":"POTONG PASIR","lon":103.8665,"lat":1.3323,"property_match":"MATCHED","property_match_confidence":"HIGH","street":"POTONG PASIR AVE 2","residential":"Y","year_completed":1984,"building_age_2026":42,"max_floor_lvl":17,"total_dwelling_units":156,"small_flat_share_pct":51.28,"rental_share_pct":0.0,"footprint_area_m2":1420.3,"estimated_residents_2026":367.0,"estimated_elderly_65plus_2026":126.1,"estimated_elderly_share_pct":34.35,"elderly_exposure_score":94.5,"elderly_exposure_class":"VERY HIGH","estimate_confidence":"HIGH","display_name":"Block 145"},"geometry":{"type":"Polygon","coordinates":[[[103.866297,1.332447],[103.866203,1.332447],[103.866203,1.332422],[103.866132,1.332422],[103.866132,1.332447],[103.866057,1.332453],[103.866038,1.332447],[103.866038,1.332422],[103.866017,1.332423],[103.866016,1.332393],[103.865988,1.332393],[103.865988,1.332422],[103.865966,1.332422],[103.865967,1.332447],[103.865948,1.332453],[103.865873,1.332447],[103.865872,1.332422],[103.865801,1.332422],[103.865801,1.332447],[103.865782,1.332453],[103.865707,1.332453],[103.865712,1.332422],[103.8657,1.332407],[103.86567,1.332409],[103.86567,1.332325],[103.866427,1.332325],[103.866596,1.332154],[103.866656,1.332213],[103.866634,1.332234],[103.866633,1.332253],[103.866661,1.332272],[103.866607,1.332325],[103.866589,1.332335],[103.86657,1.332315],[103.866546,1.33234],[103.866561,1.332363],[103.866528,1.332405],[103.866508,1.332384],[103.866467,1.332423],[103.866417,1.332422],[103.866421,1.332453],[103.866387,1.332453],[103.866365,1.332447],[103.866365,1.332423],[103.866347,1.332423],[103.866347,1.332395],[103.866319,1.332394],[103.866319,1.332423],[103.866297,1.332422],[103.866297,1.332447]]]}},{"type":"Feature","properties":{"block_id":"11044","blk_no":"146","postal_code":"350146","region_id":"CR","region":"CENTRAL REGION","planning_area_id":"TP","planning_area":"TOA PAYOH","subzone_id":"TPSZ09","subzone":"POTONG PASIR","lon":103.8671,"lat":1.3319,"property_match":"MATCHED","property_match_confidence":"HIGH","street":"POTONG PASIR AVE 1","residential":"Y","year_completed":1985,"building_age_2026":41,"max_floor_lvl":4,"total_dwelling_units":43,"small_flat_share_pct":60.47,"rental_share_pct":9.3,"footprint_area_m2":2655.6,"estimated_residents_2026":96.7,"estimated_elderly_65plus_2026":34.3,"estimated_elderly_share_pct":35.43,"elderly_exposure_score":22.0,"elderly_exposure_class":"LOW","estimate_confidence":"HIGH","display_name":"Block 146"},"geometry":{"type":"Polygon","coordinates":[[[103.867244,1.332036],[103.867224,1.33205],[103.867244,1.332077],[103.867263,1.332057],[103.867324,1.33212],[103.867307,1.332137],[103.867323,1.332153],[103.86734,1.332136],[103.867404,1.3322],[103.867419,1.332183],[103.8674,1.332164],[103.867409,1.332155],[103.86739,1.332136],[103.8674,1.332125],[103.867388,1.332113],[103.867462,1.332039],[103.867476,1.332053],[103.867493,1.332036],[103.867479,1.332022],[103.867613,1.331887],[103.867698,1.331973],[103.867353,1.332319],[103.867142,1.332102],[103.867007,1.331875],[103.867746,1.331423],[103.867833,1.331562],[103.867951,1.331682],[103.867928,1.331706],[103.867908,1.331687],[103.867847,1.331749],[103.867759,1.331661],[103.867772,1.331647],[103.867731,1.331594],[103.867715,1.331604],[103.867669,1.331528],[103.867652,1.331538],[103.867665,1.331561],[103.867655,1.331568],[103.867669,1.331591],[103.867656,1.3316],[103.867664,1.331614],[103.867585,1.331663],[103.867572,1.331642],[103.867559,1.331645],[103.867533,1.331668],[103.867544,1.331688],[103.867333,1.331817],[103.867324,1.331801],[103.867281,1.331827],[103.867291,1.331843],[103.867213,1.331891],[103.867204,1.331876],[103.867189,1.331885],[103.867175,1.331862],[103.867164,1.331869],[103.86715,1.331846],[103.867135,1.331855],[103.867244,1.332036]]]}},{"type":"Feature","properties":{"block_id":"11122","blk_no":"147","postal_code":"350147","region_id":"CR","region":"CENTRAL REGION","planning_area_id":"TP","planning_area":"TOA PAYOH","subzone_id":"TPSZ09","subzone":"POTONG PASIR","lon":103.8679,"lat":1.3319,"property_match":"MATCHED","property_match_confidence":"HIGH","street":"POTONG PASIR AVE 1","residential":"N","year_completed":1985,"building_age_2026":41,"max_floor_lvl":2,"total_dwelling_units":0,"small_flat_share_pct":null,"rental_share_pct":null,"footprint_area_m2":1240.0,"estimated_residents_2026":0.0,"estimated_elderly_65plus_2026":0.0,"estimated_elderly_share_pct":null,"elderly_exposure_score":null,"elderly_exposure_class":null,"estimate_confidence":"HIGH","display_name":"Block 147"},"geometry":{"type":"Polygon","coordinates":[[[103.86774,1.331894],[103.867951,1.331682],[103.868064,1.331796],[103.867954,1.331908],[103.867978,1.331933],[103.868053,1.331858],[103.868195,1.332002],[103.868021,1.332177],[103.867878,1.332034],[103.867927,1.331984],[103.867901,1.331961],[103.867853,1.332009],[103.86774,1.331894]]]}},{"type":"Feature","properties":{"block_id":"694","blk_no":"148","postal_code":"350148","region_id":"CR","region":"CENTRAL REGION","planning_area_id":"TP","planning_area":"TOA PAYOH","subzone_id":"TPSZ09","subzone":"POTONG PASIR","lon":103.8682,"lat":1.3324,"property_match":"MATCHED","property_match_confidence":"HIGH","street":"POTONG PASIR AVE 1","residential":"Y","year_completed":1985,"building_age_2026":41,"max_floor_lvl":4,"total_dwelling_units":46,"small_flat_share_pct":71.74,"rental_share_pct":2.17,"footprint_area_m2":2674.2,"estimated_residents_2026":99.4,"estimated_elderly_65plus_2026":35.7,"estimated_elderly_share_pct":35.96,"elderly_exposure_score":23.4,"elderly_exposure_class":"LOW","estimate_confidence":"HIGH","display_name":"Block 148"},"geometry":{"type":"Polygon","coordinates":[[[103.868195,1.332002],[103.868483,1.332294],[103.868334,1.332451],[103.868316,1.332434],[103.868198,1.332552],[103.867956,1.332872],[103.867723,1.332695],[103.867538,1.332507],[103.867884,1.332159],[103.867968,1.332245],[103.867834,1.33238],[103.86782,1.332366],[103.867803,1.332383],[103.867817,1.332398],[103.867743,1.332471],[103.867732,1.33246],[103.86772,1.33247],[103.867702,1.332451],[103.867692,1.33246],[103.867673,1.33244],[103.867658,1.332456],[103.867721,1.33252],[103.867705,1.332536],[103.867721,1.332552],[103.867737,1.332536],[103.867798,1.332597],[103.867781,1.332614],[103.867806,1.332637],[103.867821,1.332618],[103.867989,1.332747],[103.868001,1.332731],[103.86798,1.332714],[103.867987,1.332704],[103.867966,1.332688],[103.867974,1.332675],[103.867961,1.332665],[103.868016,1.332591],[103.868035,1.332605],[103.868049,1.332585],[103.868031,1.332571],[103.868084,1.332502],[103.868101,1.332515],[103.86814,1.332473],[103.868124,1.332455],[103.868265,1.332313],[103.868278,1.332325],[103.868288,1.332315],[103.868307,1.332334],[103.868316,1.332325],[103.868335,1.332343],[103.86835,1.332329],[103.868236,1.332215],[103.868249,1.332202],[103.868226,1.332178],[103.868213,1.332191],[103.868124,1.332103],[103.868187,1.33204],[103.868172,1.332025],[103.868195,1.332002]]]}},{"type":"Feature","properties":{"block_id":"10107605","blk_no":"101","postal_code":"340101","region_id":"CR","region":"CENTRAL REGION","planning_area_id":"TP","planning_area":"TOA PAYOH","subzone_id":"TPSZ11","subzone":"SENNETT","lon":103.8713,"lat":1.3363,"property_match":"MATCHED","property_match_confidence":"HIGH","street":"BIDADARI PK DR","residential":"N","year_completed":2019,"building_age_2026":7,"max_floor_lvl":2,"total_dwelling_units":0,"small_flat_share_pct":null,"rental_share_pct":null,"footprint_area_m2":8060.1,"estimated_residents_2026":0.0,"estimated_elderly_65plus_2026":0.0,"estimated_elderly_share_pct":null,"elderly_exposure_score":null,"elderly_exposure_class":null,"estimate_confidence":"HIGH","display_name":"Block 101"},"geometry":{"type":"Polygon","coordinates":[[[103.871273,1.337317],[103.870991,1.335243],[103.871218,1.335212],[103.87133,1.335313],[103.871581,1.337171],[103.871414,1.337194],[103.871425,1.337281],[103.871316,1.337296],[103.871318,1.337311],[103.871273,1.337317]]]}},{"type":"Feature","properties":{"block_id":"12036","blk_no":"101A","postal_code":"341101","region_id":"CR","region":"CENTRAL REGION","planning_area_id":"TP","planning_area":"TOA PAYOH","subzone_id":"TPSZ11","subzone":"SENNETT","lon":103.8711,"lat":1.3368,"property_match":"MATCHED","property_match_confidence":"HIGH","street":"BIDADARI PK DR","residential":"Y","year_completed":2020,"building_age_2026":6,"max_floor_lvl":16,"total_dwelling_units":295,"small_flat_share_pct":60.0,"rental_share_pct":0.0,"footprint_area_m2":2769.2,"estimated_residents_2026":713.1,"estimated_elderly_65plus_2026":131.1,"estimated_elderly_share_pct":18.38,"elderly_exposure_score":95.2,"elderly_exposure_class":"VERY HIGH","estimate_confidence":"HIGH","display_name":"Block 101A"},"geometry":{"type":"Polygon","coordinates":[[[103.870766,1.336402],[103.870764,1.336387],[103.870721,1.336393],[103.870712,1.336328],[103.870777,1.336319],[103.870779,1.336331],[103.870809,1.336327],[103.870825,1.336376],[103.870852,1.336373],[103.870843,1.336308],[103.870896,1.336301],[103.870895,1.33629],[103.870928,1.336285],[103.870929,1.336296],[103.870959,1.336292],[103.870968,1.336357],[103.871023,1.336349],[103.871014,1.336285],[103.871069,1.336277],[103.871067,1.336266],[103.871099,1.336262],[103.871101,1.336273],[103.871132,1.336269],[103.871152,1.336418],[103.871121,1.336422],[103.871122,1.336432],[103.871034,1.336434],[103.871025,1.336367],[103.870981,1.336373],[103.870988,1.336426],[103.870933,1.336443],[103.87094,1.336494],[103.871001,1.336486],[103.871025,1.336593],[103.870955,1.336603],[103.870958,1.336631],[103.871029,1.336622],[103.871037,1.336679],[103.871027,1.33668],[103.871034,1.336731],[103.870973,1.336739],[103.87098,1.33679],[103.871038,1.336793],[103.871045,1.336844],[103.87109,1.336838],[103.871081,1.336773],[103.871135,1.336766],[103.871133,1.336755],[103.871198,1.336757],[103.871218,1.336906],[103.871187,1.336911],[103.871188,1.336921],[103.871102,1.336922],[103.871093,1.336856],[103.871036,1.336864],[103.871045,1.33693],[103.871013,1.336934],[103.871015,1.336945],[103.871001,1.336947],[103.871005,1.336972],[103.871066,1.336963],[103.87109,1.337069],[103.871019,1.337079],[103.871023,1.337108],[103.871094,1.337098],[103.871099,1.337207],[103.871038,1.337216],[103.871045,1.337268],[103.871103,1.33727],[103.87111,1.337322],[103.871171,1.337314],[103.871168,1.337293],[103.871152,1.337295],[103.871146,1.33725],[103.87123,1.337228],[103.871231,1.337239],[103.871262,1.337234],[103.871282,1.337383],[103.871251,1.337388],[103.871253,1.337399],[103.871221,1.337403],[103.871219,1.337392],[103.871166,1.337399],[103.871157,1.337333],[103.8711,1.337341],[103.871109,1.337407],[103.871078,1.337411],[103.87108,1.337423],[103.871048,1.337427],[103.871046,1.337416],[103.870993,1.337423],[103.870991,1.337356],[103.870955,1.33736],[103.870954,1.337415],[103.870925,1.337419],[103.870926,1.33743],[103.870863,1.337438],[103.870854,1.337372],[103.870893,1.337367],[103.870891,1.337353],[103.870852,1.337359],[103.870843,1.337293],[103.870906,1.337285],[103.870908,1.337296],[103.870938,1.337292],[103.870953,1.337343],[103.870981,1.337339],[103.870973,1.337277],[103.871026,1.33727],[103.871019,1.337218],[103.870959,1.337226],[103.870952,1.337175],[103.870943,1.337177],[103.870935,1.33712],[103.871005,1.33711],[103.871001,1.337081],[103.870931,1.337091],[103.870926,1.336982],[103.870986,1.336974],[103.870981,1.336939],[103.870929,1.336946],[103.87092,1.33688],[103.870892,1.336884],[103.870891,1.336937],[103.870861,1.336941],[103.870863,1.336953],[103.870798,1.336962],[103.870786,1.336875],[103.870828,1.336869],[103.870826,1.336854],[103.870784,1.33686],[103.870778,1.336817],[103.870843,1.336808],[103.870845,1.336819],[103.870874,1.336815],[103.87089,1.336865],[103.870917,1.336862],[103.870909,1.336802],[103.870962,1.336795],[103.870955,1.336742],[103.870894,1.33675],[103.87087,1.336643],[103.870941,1.336634],[103.870937,1.336605],[103.870867,1.336615],[103.870859,1.336559],[103.870869,1.336557],[103.870862,1.336505],[103.870923,1.336496],[103.870916,1.336446],[103.870863,1.336453],[103.870855,1.33639],[103.870827,1.336394],[103.870825,1.336448],[103.870795,1.336452],[103.870796,1.336463],[103.870731,1.336472],[103.870723,1.336408],[103.870766,1.336402]]]}},{"type":"Feature","properties":{"block_id":"12176","blk_no":"102A","postal_code":"341102","region_id":"CR","region":"CENTRAL REGION","planning_area_id":"TP","planning_area":"TOA PAYOH","subzone_id":"TPSZ11","subzone":"SENNETT","lon":103.872,"lat":1.3372,"property_match":"MATCHED","property_match_confidence":"HIGH","street":"BIDADARI PK DR","residential":"Y","year_completed":2020,"building_age_2026":6,"max_floor_lvl":16,"total_dwelling_units":205,"small_flat_share_pct":32.2,"rental_share_pct":0.0,"footprint_area_m2":1724.7,"estimated_residents_2026":526.9,"estimated_elderly_65plus_2026":80.5,"estimated_elderly_share_pct":15.28,"elderly_exposure_score":75.8,"elderly_exposure_class":"HIGH","estimate_confidence":"HIGH","display_name":"Block 102A"},"geometry":{"type":"Polygon","coordinates":[[[103.872009,1.336952],[103.872029,1.336949],[103.872034,1.336982],[103.872013,1.336984],[103.872021,1.337038],[103.871955,1.337047],[103.871957,1.337065],[103.871989,1.33706],[103.871996,1.337113],[103.871964,1.337117],[103.871967,1.337137],[103.872033,1.337128],[103.87204,1.337182],[103.87206,1.337179],[103.872065,1.337211],[103.872044,1.337214],[103.872048,1.337245],[103.871982,1.337254],[103.871985,1.337278],[103.872012,1.337274],[103.872014,1.337289],[103.872054,1.337284],[103.872063,1.33735],[103.872032,1.337355],[103.872035,1.337375],[103.872002,1.337379],[103.871999,1.337359],[103.871946,1.337366],[103.871937,1.3373],[103.87191,1.337304],[103.871919,1.33737],[103.871866,1.337377],[103.871869,1.337397],[103.871836,1.337402],[103.871833,1.337382],[103.871803,1.337386],[103.871794,1.33732],[103.871778,1.337322],[103.871781,1.337344],[103.871729,1.337351],[103.871726,1.337329],[103.87171,1.337331],[103.871719,1.337397],[103.871688,1.337402],[103.871691,1.337422],[103.871659,1.337426],[103.871656,1.337406],[103.871603,1.337413],[103.871594,1.337348],[103.87159,1.337357],[103.871541,1.337356],[103.87155,1.337426],[103.87144,1.337441],[103.871437,1.33742],[103.871388,1.337427],[103.87139,1.337447],[103.871176,1.337476],[103.871166,1.337399],[103.871251,1.337388],[103.871249,1.337373],[103.87128,1.337369],[103.871283,1.337389],[103.871336,1.337382],[103.871317,1.337348],[103.871316,1.337296],[103.871425,1.337281],[103.871435,1.337351],[103.871462,1.337347],[103.871453,1.337287],[103.871558,1.337273],[103.871567,1.337335],[103.871592,1.337331],[103.871583,1.337264],[103.871636,1.337257],[103.871635,1.337245],[103.871666,1.337241],[103.871668,1.337252],[103.871699,1.337248],[103.871708,1.337316],[103.871735,1.337312],[103.871726,1.337245],[103.871788,1.337225],[103.871789,1.337236],[103.871843,1.337229],[103.871852,1.337296],[103.871919,1.337287],[103.871911,1.337228],[103.871962,1.337221],[103.871958,1.337193],[103.871892,1.337202],[103.871873,1.33714],[103.871883,1.337139],[103.871876,1.337085],[103.871943,1.337076],[103.871939,1.337049],[103.871873,1.337058],[103.871865,1.337005],[103.871854,1.337006],[103.871857,1.336941],[103.871923,1.336931],[103.871929,1.336972],[103.871945,1.33697],[103.871939,1.336929],[103.872005,1.33692],[103.872009,1.336952]]]}},{"type":"Feature","properties":{"block_id":"11734","blk_no":"102B","postal_code":"342102","region_id":"CR","region":"CENTRAL REGION","planning_area_id":"TP","planning_area":"TOA PAYOH","subzone_id":"TPSZ11","subzone":"SENNETT","lon":103.8719,"lat":1.3365,"property_match":"MATCHED","property_match_confidence":"HIGH","street":"BIDADARI PK DR","residential":"Y","year_completed":2020,"building_age_2026":6,"max_floor_lvl":16,"total_dwelling_units":200,"small_flat_share_pct":26.0,"rental_share_pct":0.0,"footprint_area_m2":1696.3,"estimated_residents_2026":599.9,"estimated_elderly_65plus_2026":32.0,"estimated_elderly_share_pct":5.34,"elderly_exposure_score":20.2,"elderly_exposure_class":"LOW","estimate_confidence":"HIGH","display_name":"Block 102B"},"geometry":{"type":"Polygon","coordinates":[[[103.871452,1.336224],[103.871549,1.336211],[103.871563,1.336253],[103.871586,1.33625],[103.871589,1.336274],[103.87162,1.33627],[103.87161,1.336202],[103.871672,1.336183],[103.871674,1.336194],[103.871727,1.336187],[103.871729,1.336255],[103.871791,1.336247],[103.871784,1.336195],[103.871808,1.336192],[103.87181,1.33621],[103.871825,1.336208],[103.87182,1.336168],[103.871887,1.336159],[103.871891,1.336191],[103.871902,1.336189],[103.871906,1.336222],[103.871896,1.336223],[103.871903,1.336276],[103.871836,1.336278],[103.871845,1.336348],[103.87191,1.336332],[103.871917,1.336384],[103.871928,1.336383],[103.871932,1.336415],[103.871922,1.336416],[103.871926,1.336448],[103.87186,1.336457],[103.871867,1.33651],[103.871933,1.336501],[103.871937,1.336533],[103.871948,1.336531],[103.871952,1.336563],[103.871942,1.336565],[103.871949,1.336619],[103.871882,1.336621],[103.871892,1.33669],[103.871956,1.336673],[103.871963,1.336727],[103.871974,1.336725],[103.871972,1.33679],[103.871905,1.336799],[103.871899,1.336759],[103.871884,1.336761],[103.871887,1.336779],[103.871837,1.336781],[103.871831,1.336736],[103.871794,1.336741],[103.871811,1.336804],[103.871757,1.336812],[103.871759,1.336823],[103.871727,1.336827],[103.871725,1.336816],[103.871692,1.33682],[103.871683,1.336755],[103.871655,1.336759],[103.871658,1.336782],[103.871634,1.336785],[103.871631,1.336829],[103.871536,1.336842],[103.871517,1.336696],[103.871581,1.336687],[103.871582,1.336698],[103.871612,1.336694],[103.871628,1.336745],[103.871655,1.336741],[103.871639,1.336676],[103.871692,1.336669],[103.871691,1.336659],[103.871755,1.336661],[103.871764,1.336729],[103.871804,1.336723],[103.871799,1.336686],[103.871873,1.336676],[103.871864,1.336609],[103.871799,1.336626],[103.871791,1.336571],[103.87178,1.336573],[103.871776,1.336541],[103.871787,1.336539],[103.871783,1.336508],[103.871849,1.336499],[103.871845,1.336472],[103.871779,1.336481],[103.871775,1.33645],[103.871764,1.336451],[103.871759,1.336419],[103.871771,1.336418],[103.871763,1.336364],[103.871831,1.336363],[103.871822,1.336296],[103.871747,1.336306],[103.871742,1.33627],[103.871703,1.336275],[103.871712,1.336341],[103.871651,1.336361],[103.871649,1.336349],[103.871596,1.336357],[103.871594,1.33629],[103.871567,1.336294],[103.871566,1.336348],[103.871536,1.336352],[103.871537,1.336363],[103.871473,1.336372],[103.871452,1.336224]]]}},{"type":"Feature","properties":{"block_id":"11735","blk_no":"103A","postal_code":"341103","region_id":"CR","region":"CENTRAL REGION","planning_area_id":"TP","planning_area":"TOA PAYOH","subzone_id":"TPSZ11","subzone":"SENNETT","lon":103.8717,"lat":1.3358,"property_match":"MATCHED","property_match_confidence":"HIGH","street":"BIDADARI PK DR","residential":"Y","year_completed":2020,"building_age_2026":6,"max_floor_lvl":17,"total_dwelling_units":116,"small_flat_share_pct":48.28,"rental_share_pct":0.0,"footprint_area_m2":889.9,"estimated_residents_2026":330.3,"estimated_elderly_65plus_2026":25.3,"estimated_elderly_share_pct":7.65,"elderly_exposure_score":14.3,"elderly_exposure_class":"VERY LOW","estimate_confidence":"HIGH","display_name":"Block 103A"},"geometry":{"type":"Polygon","coordinates":[[[103.87167,1.335575],[103.871683,1.335614],[103.871696,1.335609],[103.871683,1.33557],[103.871745,1.335548],[103.871766,1.33561],[103.871755,1.335613],[103.871766,1.335643],[103.871718,1.335668],[103.871726,1.335694],[103.871791,1.335681],[103.871815,1.335742],[103.871804,1.335744],[103.871815,1.335797],[103.871749,1.335803],[103.871756,1.335849],[103.871785,1.335845],[103.871787,1.335859],[103.871828,1.335853],[103.871837,1.335921],[103.871806,1.335926],[103.871808,1.335936],[103.87172,1.335938],[103.871719,1.33587],[103.871684,1.335875],[103.871693,1.335941],[103.871663,1.335946],[103.871664,1.335956],[103.871576,1.335958],[103.871575,1.335889],[103.871537,1.335895],[103.87154,1.335919],[103.871517,1.335922],[103.871514,1.335965],[103.871419,1.335978],[103.87141,1.335914],[103.871451,1.335908],[103.871449,1.335891],[103.871408,1.335896],[103.8714,1.335832],[103.871464,1.335823],[103.871465,1.335833],[103.871495,1.335829],[103.87151,1.335882],[103.871536,1.335879],[103.871519,1.335813],[103.871604,1.33579],[103.871606,1.335801],[103.871636,1.335796],[103.871645,1.335864],[103.871699,1.335856],[103.871691,1.335795],[103.871716,1.335792],[103.871713,1.335774],[103.871688,1.335777],[103.871681,1.335724],[103.871713,1.33572],[103.871702,1.335673],[103.871649,1.335683],[103.871639,1.335654],[103.871628,1.335657],[103.871607,1.335596],[103.87167,1.335575]]]}},{"type":"Feature","properties":{"block_id":"11052653","blk_no":"103B","postal_code":"342103","region_id":"CR","region":"CENTRAL REGION","planning_area_id":"TP","planning_area":"TOA PAYOH","subzone_id":"TPSZ11","subzone":"SENNETT","lon":103.8714,"lat":1.3352,"property_match":"MATCHED","property_match_confidence":"HIGH","street":"BIDADARI PK DR","residential":"Y","year_completed":2020,"building_age_2026":6,"max_floor_lvl":16,"total_dwelling_units":152,"small_flat_share_pct":50.0,"rental_share_pct":0.0,"footprint_area_m2":1344.6,"estimated_residents_2026":431.0,"estimated_elderly_65plus_2026":33.8,"estimated_elderly_share_pct":7.84,"elderly_exposure_score":21.7,"elderly_exposure_class":"LOW","estimate_confidence":"HIGH","display_name":"Block 103B"},"geometry":{"type":"Polygon","coordinates":[[[103.871648,1.335524],[103.871589,1.335556],[103.871574,1.335528],[103.871565,1.335533],[103.871534,1.335451],[103.871597,1.335427],[103.87158,1.335399],[103.871555,1.335416],[103.871541,1.335396],[103.871501,1.335412],[103.871448,1.335332],[103.871497,1.3353],[103.871469,1.335268],[103.871477,1.33526],[103.871467,1.335249],[103.871425,1.335302],[103.871387,1.335264],[103.87138,1.335272],[103.871342,1.335218],[103.87139,1.335171],[103.871377,1.335158],[103.871351,1.335138],[103.871312,1.335176],[103.871288,1.335157],[103.871281,1.335166],[103.87123,1.335127],[103.871269,1.335076],[103.871259,1.335082],[103.871224,1.335059],[103.87123,1.33505],[103.871219,1.335044],[103.871194,1.335107],[103.871113,1.335075],[103.871118,1.335065],[103.871091,1.335051],[103.871122,1.334992],[103.871101,1.334982],[103.871089,1.33501],[103.871067,1.335],[103.871042,1.335036],[103.870954,1.335],[103.870979,1.33494],[103.871008,1.334952],[103.871021,1.33492],[103.870991,1.334908],[103.871016,1.334848],[103.871104,1.334884],[103.871096,1.334927],[103.871119,1.334936],[103.871106,1.334966],[103.87113,1.334977],[103.871162,1.334918],[103.871189,1.334933],[103.871194,1.334924],[103.871223,1.334939],[103.871218,1.334949],[103.871265,1.334975],[103.871227,1.33503],[103.871279,1.335062],[103.871319,1.335009],[103.871395,1.335067],[103.871377,1.335106],[103.871396,1.335121],[103.871382,1.33514],[103.871401,1.335159],[103.871448,1.335112],[103.871501,1.335151],[103.871494,1.335158],[103.871531,1.335196],[103.871479,1.335237],[103.87152,1.335284],[103.871583,1.335241],[103.871636,1.33532],[103.871607,1.335351],[103.87162,1.335372],[103.871593,1.33539],[103.871611,1.335419],[103.871666,1.335381],[103.871716,1.335453],[103.871706,1.335458],[103.871721,1.335486],[103.871661,1.335517],[103.871642,1.335481],[103.871629,1.335487],[103.871648,1.335524]]]}},{"type":"Feature","properties":{"block_id":"11765","blk_no":"104A","postal_code":"341104","region_id":"CR","region":"CENTRAL REGION","planning_area_id":"TP","planning_area":"TOA PAYOH","subzone_id":"TPSZ11","subzone":"SENNETT","lon":103.8708,"lat":1.3353,"property_match":"MATCHED","property_match_confidence":"HIGH","street":"BIDADARI PK DR","residential":"Y","year_completed":2020,"building_age_2026":6,"max_floor_lvl":17,"total_dwelling_units":290,"small_flat_share_pct":46.21,"rental_share_pct":0.0,"footprint_area_m2":2537.2,"estimated_residents_2026":781.8,"estimated_elderly_65plus_2026":88.5,"estimated_elderly_share_pct":11.32,"elderly_exposure_score":81.7,"elderly_exposure_class":"VERY HIGH","estimate_confidence":"HIGH","display_name":"Block 104A"},"geometry":{"type":"Polygon","coordinates":[[[103.870981,1.335397],[103.870982,1.335407],[103.870951,1.335412],[103.870949,1.335401],[103.870896,1.335409],[103.870887,1.335343],[103.870832,1.335351],[103.870841,1.335416],[103.870796,1.335433],[103.8708,1.335459],[103.870861,1.335451],[103.870885,1.335556],[103.870814,1.335566],[103.870818,1.335596],[103.87089,1.335586],[103.870897,1.335642],[103.870887,1.335643],[103.870894,1.335695],[103.870833,1.335704],[103.870839,1.335751],[103.870898,1.335751],[103.870906,1.335805],[103.870949,1.335798],[103.87094,1.335733],[103.870994,1.335726],[103.870992,1.335715],[103.871024,1.335711],[103.871025,1.335722],[103.871056,1.335717],[103.871076,1.335866],[103.871015,1.335887],[103.871014,1.335875],[103.870961,1.335882],[103.870952,1.335817],[103.870897,1.335825],[103.870906,1.33589],[103.870875,1.335894],[103.870877,1.335906],[103.870844,1.33591],[103.870843,1.335899],[103.87079,1.335906],[103.870788,1.33584],[103.870751,1.335845],[103.870751,1.335898],[103.870719,1.335902],[103.870721,1.335913],[103.870658,1.335922],[103.870649,1.335857],[103.870689,1.335851],[103.870687,1.335837],[103.870647,1.335842],[103.870638,1.335777],[103.870701,1.335769],[103.870703,1.33578],[103.870734,1.335776],[103.870749,1.335826],[103.870777,1.335822],[103.870768,1.335761],[103.870823,1.335753],[103.870817,1.335706],[103.870755,1.335714],[103.87073,1.335608],[103.870802,1.335598],[103.870798,1.335568],[103.870726,1.335578],[103.870719,1.335523],[103.870729,1.335522],[103.870722,1.33547],[103.870783,1.335461],[103.870778,1.335425],[103.870724,1.335432],[103.87071,1.335368],[103.870688,1.335371],[103.870686,1.335423],[103.870655,1.335427],[103.870656,1.335439],[103.870593,1.335448],[103.870584,1.335383],[103.870624,1.335377],[103.870622,1.335362],[103.870582,1.335367],[103.870574,1.335304],[103.870637,1.335295],[103.870638,1.335306],[103.87067,1.335301],[103.870685,1.335353],[103.870713,1.335349],[103.870704,1.335287],[103.870758,1.33528],[103.870751,1.335223],[103.870686,1.33524],[103.870679,1.335187],[103.870669,1.335189],[103.87067,1.335124],[103.870736,1.335115],[103.870732,1.335087],[103.870669,1.335096],[103.87066,1.335032],[103.870672,1.33503],[103.870668,1.335001],[103.870718,1.334985],[103.87071,1.334923],[103.870687,1.334926],[103.870681,1.334887],[103.870643,1.334893],[103.870642,1.334882],[103.870628,1.334884],[103.870643,1.33495],[103.870559,1.334972],[103.870558,1.334962],[103.870528,1.334966],[103.870518,1.334898],[103.870558,1.334892],[103.870556,1.334878],[103.870516,1.334883],[103.870507,1.334816],[103.870537,1.334812],[103.870536,1.334802],[103.870623,1.3348],[103.870625,1.334867],[103.870696,1.334857],[103.87068,1.334792],[103.870763,1.33477],[103.870765,1.33478],[103.870796,1.334776],[103.870805,1.334843],[103.870768,1.334848],[103.87077,1.334863],[103.870801,1.334859],[103.870808,1.33491],[103.870726,1.334921],[103.870731,1.334954],[103.870785,1.334957],[103.870789,1.334988],[103.870801,1.334986],[103.87081,1.33505],[103.870745,1.335058],[103.870752,1.335112],[103.870819,1.335103],[103.870823,1.335134],[103.870834,1.335132],[103.870838,1.335165],[103.870827,1.335167],[103.870835,1.33522],[103.870768,1.335229],[103.870775,1.335277],[103.870834,1.335277],[103.870841,1.335332],[103.870885,1.335326],[103.870876,1.335259],[103.870929,1.335252],[103.870927,1.335242],[103.870991,1.335243],[103.871012,1.335393],[103.870981,1.335397]]]}},{"type":"Feature","properties":{"block_id":"11053329","blk_no":"105","postal_code":"340105","region_id":"CR","region":"CENTRAL REGION","planning_area_id":"TP","planning_area":"TOA PAYOH","subzone_id":"TPSZ11","subzone":"SENNETT","lon":103.8704,"lat":1.3338,"property_match":"MATCHED","property_match_confidence":"HIGH","street":"BIDADARI PK DR","residential":"N","year_completed":2019,"building_age_2026":7,"max_floor_lvl":1,"total_dwelling_units":0,"small_flat_share_pct":null,"rental_share_pct":null,"footprint_area_m2":252.8,"estimated_residents_2026":0.0,"estimated_elderly_65plus_2026":0.0,"estimated_elderly_share_pct":null,"elderly_exposure_score":null,"elderly_exposure_class":null,"estimate_confidence":"HIGH","display_name":"Block 105"},"geometry":{"type":"Polygon","coordinates":[[[103.870494,1.333804],[103.870341,1.333857],[103.870308,1.333837],[103.870298,1.333809],[103.870311,1.333773],[103.870467,1.333709],[103.8705,1.333718],[103.870508,1.333739],[103.870494,1.333804]]]}},{"type":"Feature","properties":{"block_id":"11053331","blk_no":"105A","postal_code":"341105","region_id":"CR","region":"CENTRAL REGION","planning_area_id":"TP","planning_area":"TOA PAYOH","subzone_id":"TPSZ11","subzone":"SENNETT","lon":103.8704,"lat":1.334,"property_match":"MATCHED","property_match_confidence":"HIGH","street":"BIDADARI PK DR","residential":"Y","year_completed":2019,"building_age_2026":7,"max_floor_lvl":17,"total_dwelling_units":64,"small_flat_share_pct":0.0,"rental_share_pct":0.0,"footprint_area_m2":772.4,"estimated_residents_2026":219.5,"estimated_elderly_65plus_2026":11.1,"estimated_elderly_share_pct":5.04,"elderly_exposure_score":4.6,"elderly_exposure_class":"VERY LOW","estimate_confidence":"HIGH","display_name":"Block 105A"},"geometry":{"type":"Polygon","coordinates":[[[103.870574,1.334161],[103.870317,1.334111],[103.870326,1.334064],[103.870339,1.334067],[103.870344,1.334041],[103.870369,1.334048],[103.870375,1.334032],[103.870306,1.334021],[103.870294,1.333987],[103.870272,1.333995],[103.870219,1.333873],[103.870263,1.333856],[103.87027,1.333874],[103.870294,1.333865],[103.870303,1.333894],[103.870341,1.333881],[103.870376,1.333978],[103.870406,1.333984],[103.870409,1.333971],[103.870386,1.333967],[103.870391,1.333896],[103.870472,1.333911],[103.870469,1.333924],[103.870501,1.333924],[103.870499,1.333934],[103.870519,1.333938],[103.870521,1.333928],[103.870551,1.33394],[103.870554,1.333927],[103.870634,1.333943],[103.870613,1.334012],[103.87059,1.334006],[103.870583,1.33402],[103.870545,1.334012],[103.870534,1.334031],[103.870453,1.334011],[103.870449,1.334034],[103.870508,1.334042],[103.870505,1.33406],[103.870547,1.334068],[103.870549,1.334083],[103.870574,1.334086],[103.870569,1.334112],[103.870583,1.334115],[103.870574,1.334161]]]}},{"type":"Feature","properties":{"block_id":"11053330","blk_no":"105B","postal_code":"342105","region_id":"CR","region":"CENTRAL REGION","planning_area_id":"TP","planning_area":"TOA PAYOH","subzone_id":"TPSZ11","subzone":"SENNETT","lon":103.8704,"lat":1.3336,"property_match":"MATCHED","property_match_confidence":"HIGH","street":"BIDADARI PK DR","residential":"Y","year_completed":2019,"building_age_2026":7,"max_floor_lvl":17,"total_dwelling_units":92,"small_flat_share_pct":0.0,"rental_share_pct":0.0,"footprint_area_m2":1010.4,"estimated_residents_2026":309.4,"estimated_elderly_65plus_2026":14.0,"estimated_elderly_share_pct":4.51,"elderly_exposure_score":6.4,"elderly_exposure_class":"VERY LOW","estimate_confidence":"HIGH","display_name":"Block 105B"},"geometry":{"type":"Polygon","coordinates":[[[103.870615,1.333527],[103.870585,1.333562],[103.870579,1.333556],[103.87056,1.333574],[103.870545,1.333556],[103.870536,1.333564],[103.870545,1.333574],[103.870527,1.333592],[103.870487,1.333549],[103.87047,1.333558],[103.87046,1.333574],[103.870469,1.333584],[103.870491,1.333576],[103.870523,1.333639],[103.870387,1.333678],[103.870391,1.333688],[103.870313,1.333717],[103.870297,1.333647],[103.870319,1.333639],[103.870315,1.333628],[103.870247,1.333658],[103.870258,1.333689],[103.870248,1.333695],[103.870267,1.333748],[103.870254,1.333759],[103.870266,1.333787],[103.870241,1.333796],[103.870248,1.333814],[103.870204,1.333831],[103.870152,1.333644],[103.87018,1.333633],[103.870168,1.33361],[103.870145,1.333619],[103.870136,1.333596],[103.870123,1.333601],[103.870107,1.333556],[103.870235,1.333518],[103.87024,1.333534],[103.87026,1.333527],[103.870254,1.333511],[103.870376,1.333456],[103.870392,1.333501],[103.870379,1.333506],[103.870388,1.333529],[103.870364,1.333538],[103.870364,1.333554],[103.870325,1.333568],[103.87033,1.333586],[103.870251,1.333615],[103.870255,1.33363],[103.870442,1.333562],[103.870479,1.33352],[103.870449,1.333495],[103.870454,1.33348],[103.870429,1.333453],[103.870435,1.333439],[103.870418,1.333423],[103.870464,1.333367],[103.870521,1.333427],[103.870511,1.333436],[103.870552,1.33348],[103.870561,1.33347],[103.870615,1.333527]]]}},{"type":"Feature","properties":{"block_id":"11053333","blk_no":"106","postal_code":"340106","region_id":"CR","region":"CENTRAL REGION","planning_area_id":"TP","planning_area":"TOA PAYOH","subzone_id":"TPSZ11","subzone":"SENNETT","lon":103.8708,"lat":1.3337,"property_match":"MATCHED","property_match_confidence":"HIGH","street":"BIDADARI PK DR","residential":"N","year_completed":2019,"building_age_2026":7,"max_floor_lvl":3,"total_dwelling_units":0,"small_flat_share_pct":null,"rental_share_pct":null,"footprint_area_m2":4479.4,"estimated_residents_2026":0.0,"estimated_elderly_65plus_2026":0.0,"estimated_elderly_share_pct":null,"elderly_exposure_score":null,"elderly_exposure_class":null,"estimate_confidence":"HIGH","display_name":"Block 106"},"geometry":{"type":"Polygon","coordinates":[[[103.871148,1.333929],[103.871115,1.333923],[103.871113,1.333933],[103.870894,1.333889],[103.870884,1.333943],[103.870906,1.333947],[103.870877,1.334097],[103.870829,1.334088],[103.870827,1.3341],[103.870898,1.334115],[103.870865,1.334209],[103.870629,1.334162],[103.870649,1.334053],[103.870563,1.334036],[103.870587,1.333912],[103.870635,1.333921],[103.870639,1.333895],[103.870663,1.3339],[103.870673,1.333846],[103.87065,1.333842],[103.870652,1.33383],[103.870561,1.333819],[103.870618,1.333531],[103.870561,1.33347],[103.870552,1.33348],[103.870511,1.333436],[103.870521,1.333427],[103.870464,1.333367],[103.870511,1.333322],[103.870523,1.333265],[103.871065,1.333371],[103.871052,1.333438],[103.871067,1.333441],[103.871047,1.33354],[103.871024,1.333535],[103.871015,1.33358],[103.871029,1.333583],[103.871021,1.333652],[103.870974,1.333643],[103.870954,1.33375],[103.871035,1.333766],[103.871038,1.333751],[103.871095,1.333763],[103.871093,1.333777],[103.871174,1.333793],[103.871148,1.333929]]]}},{"type":"Feature","properties":{"block_id":"11053332","blk_no":"106A","postal_code":"341106","region_id":"CR","region":"CENTRAL REGION","planning_area_id":"TP","planning_area":"TOA PAYOH","subzone_id":"TPSZ11","subzone":"SENNETT","lon":103.871,"lat":1.3342,"property_match":"MATCHED","property_match_confidence":"HIGH","street":"BIDADARI PK DR","residential":"Y","year_completed":2019,"building_age_2026":7,"max_floor_lvl":17,"total_dwelling_units":107,"small_flat_share_pct":0.0,"rental_share_pct":0.0,"footprint_area_m2":976.8,"estimated_residents_2026":360.2,"estimated_elderly_65plus_2026":16.3,"estimated_elderly_share_pct":4.54,"elderly_exposure_score":7.8,"elderly_exposure_class":"VERY LOW","estimate_confidence":"HIGH","display_name":"Block 106A"},"geometry":{"type":"Polygon","coordinates":[[[103.8714,1.334134],[103.871369,1.3342],[103.871347,1.334191],[103.871337,1.334203],[103.871302,1.334191],[103.87129,1.334202],[103.871255,1.33419],[103.871242,1.334226],[103.871259,1.334232],[103.87127,1.334216],[103.871343,1.334246],[103.871335,1.33427],[103.871322,1.334265],[103.871318,1.334277],[103.871341,1.334283],[103.871326,1.334354],[103.871114,1.334283],[103.871145,1.334219],[103.871167,1.334226],[103.871171,1.334214],[103.871138,1.334203],[103.871078,1.334183],[103.871074,1.334195],[103.871098,1.334203],[103.87109,1.334226],[103.871103,1.334231],[103.871088,1.334276],[103.87084,1.334192],[103.870855,1.334147],[103.870868,1.334151],[103.870876,1.334126],[103.8709,1.334136],[103.870909,1.334124],[103.870949,1.334138],[103.870961,1.334122],[103.870975,1.334127],[103.870997,1.334061],[103.871068,1.334078],[103.871071,1.334071],[103.871149,1.334097],[103.871134,1.334141],[103.871116,1.334136],[103.871108,1.334159],[103.871079,1.334149],[103.871075,1.334163],[103.871118,1.334177],[103.871142,1.334181],[103.871157,1.334161],[103.871181,1.334174],[103.871196,1.33414],[103.871173,1.334132],[103.871188,1.334063],[103.871265,1.334089],[103.871261,1.334102],[103.871317,1.334121],[103.871321,1.334108],[103.8714,1.334134]]]}},{"type":"Feature","properties":{"block_id":"11053334","blk_no":"106B","postal_code":"342106","region_id":"CR","region":"CENTRAL REGION","planning_area_id":"TP","planning_area":"TOA PAYOH","subzone_id":"TPSZ11","subzone":"SENNETT","lon":103.8711,"lat":1.3337,"property_match":"MATCHED","property_match_confidence":"HIGH","street":"BIDADARI PK DR","residential":"Y","year_completed":2019,"building_age_2026":7,"max_floor_lvl":17,"total_dwelling_units":87,"small_flat_share_pct":0.0,"rental_share_pct":0.0,"footprint_area_m2":914.0,"estimated_residents_2026":290.8,"estimated_elderly_65plus_2026":12.6,"estimated_elderly_share_pct":4.35,"elderly_exposure_score":5.5,"elderly_exposure_class":"VERY LOW","estimate_confidence":"HIGH","display_name":"Block 106B"},"geometry":{"type":"Polygon","coordinates":[[[103.871042,1.333611],[103.871019,1.333608],[103.871024,1.333535],[103.871105,1.333551],[103.871102,1.333564],[103.871135,1.333563],[103.871132,1.333576],[103.871152,1.33358],[103.871155,1.333567],[103.871184,1.33358],[103.871187,1.333567],[103.871376,1.333602],[103.871319,1.333897],[103.871235,1.33388],[103.871244,1.33383],[103.871258,1.333833],[103.871263,1.333809],[103.871224,1.333811],[103.871235,1.333724],[103.871158,1.333705],[103.871155,1.333717],[103.871179,1.333722],[103.871174,1.333793],[103.871093,1.333777],[103.871095,1.333763],[103.871038,1.333751],[103.871035,1.333766],[103.870954,1.33375],[103.870975,1.33368],[103.870999,1.333687],[103.871006,1.333673],[103.871043,1.333681],[103.871048,1.333661],[103.871121,1.333675],[103.871129,1.333658],[103.871086,1.333649],[103.871081,1.333633],[103.87104,1.333623],[103.871042,1.333611]],[[103.871275,1.333671],[103.871278,1.333654],[103.871223,1.333646],[103.871217,1.333688],[103.871254,1.333705],[103.871256,1.333668],[103.871275,1.333671]]]}},{"type":"Feature","properties":{"block_id":"12538","blk_no":"107","postal_code":"340107","region_id":"CR","region":"CENTRAL REGION","planning_area_id":"TP","planning_area":"TOA PAYOH","subzone_id":"TPSZ11","subzone":"SENNETT","lon":103.8722,"lat":1.3345,"property_match":"MATCHED","property_match_confidence":"HIGH","street":"BIDADARI PK DR","residential":"N","year_completed":2021,"building_age_2026":5,"max_floor_lvl":1,"total_dwelling_units":0,"small_flat_share_pct":null,"rental_share_pct":null,"footprint_area_m2":200.4,"estimated_residents_2026":0.0,"estimated_elderly_65plus_2026":0.0,"estimated_elderly_share_pct":null,"elderly_exposure_score":null,"elderly_exposure_class":null,"estimate_confidence":"HIGH","display_name":"Block 107"},"geometry":{"type":"Polygon","coordinates":[[[103.87218,1.334622],[103.872137,1.334528],[103.872279,1.334462],[103.872322,1.334557],[103.87218,1.334622]]]}},{"type":"Feature","properties":{"block_id":"12209","blk_no":"107A","postal_code":"341107","region_id":"CR","region":"CENTRAL REGION","planning_area_id":"TP","planning_area":"TOA PAYOH","subzone_id":"TPSZ11","subzone":"SENNETT","lon":103.8724,"lat":1.3348,"property_match":"MATCHED","property_match_confidence":"HIGH","street":"BIDADARI PK DR","residential":"Y","year_completed":2021,"building_age_2026":5,"max_floor_lvl":16,"total_dwelling_units":145,"small_flat_share_pct":53.79,"rental_share_pct":0.0,"footprint_area_m2":1238.9,"estimated_residents_2026":414.2,"estimated_elderly_65plus_2026":35.8,"estimated_elderly_share_pct":8.64,"elderly_exposure_score":23.4,"elderly_exposure_class":"LOW","estimate_confidence":"HIGH","display_name":"Block 107A"},"geometry":{"type":"Polygon","coordinates":[[[103.872074,1.334803],[103.872111,1.334785],[103.87212,1.334804],[103.872164,1.334784],[103.872183,1.334827],[103.872284,1.334781],[103.872279,1.334769],[103.872255,1.334779],[103.872226,1.334716],[103.872355,1.334664],[103.87238,1.334718],[103.872359,1.334727],[103.872366,1.334743],[103.87243,1.334714],[103.872399,1.33463],[103.872432,1.334615],[103.872422,1.334593],[103.87248,1.334557],[103.872518,1.334631],[103.872505,1.334637],[103.872531,1.334694],[103.872544,1.334688],[103.872575,1.334765],[103.872511,1.334786],[103.872501,1.334764],[103.872487,1.334765],[103.872468,1.334723],[103.872438,1.334727],[103.87241,1.33474],[103.872415,1.334751],[103.872437,1.334741],[103.872473,1.334799],[103.872399,1.334837],[103.872393,1.334825],[103.872337,1.33485],[103.872343,1.334863],[103.872266,1.334894],[103.872245,1.334829],[103.872267,1.334819],[103.872262,1.334808],[103.872209,1.334832],[103.872188,1.334842],[103.872194,1.334855],[103.872214,1.334846],[103.872241,1.334904],[103.87219,1.334928],[103.872186,1.334918],[103.872083,1.334977],[103.872057,1.334919],[103.872076,1.33491],[103.87207,1.334898],[103.872054,1.334905],[103.872044,1.334883],[103.872091,1.334861],[103.872077,1.334831],[103.872043,1.334791],[103.872033,1.3348],[103.872046,1.334817],[103.871997,1.334858],[103.871961,1.334814],[103.871969,1.334807],[103.871948,1.334782],[103.871956,1.334776],[103.871916,1.334743],[103.871907,1.33475],[103.871871,1.334706],[103.87192,1.334665],[103.871934,1.334682],[103.871945,1.334673],[103.871966,1.334696],[103.871977,1.334687],[103.87196,1.334667],[103.871969,1.334653],[103.871954,1.334635],[103.872002,1.334595],[103.872039,1.334638],[103.872031,1.334645],[103.872114,1.33473],[103.872065,1.334771],[103.872051,1.334753],[103.87204,1.334763],[103.872074,1.334803]]]}},{"type":"Feature","properties":{"block_id":"12537","blk_no":"107B","postal_code":"342107","region_id":"CR","region":"CENTRAL REGION","planning_area_id":"TP","planning_area":"TOA PAYOH","subzone_id":"TPSZ11","subzone":"SENNETT","lon":103.8723,"lat":1.3343,"property_match":"MATCHED","property_match_confidence":"HIGH","street":"BIDADARI PK DR","residential":"Y","year_completed":2021,"building_age_2026":5,"max_floor_lvl":16,"total_dwelling_units":78,"small_flat_share_pct":0.0,"rental_share_pct":0.0,"footprint_area_m2":874.1,"estimated_residents_2026":269.4,"estimated_elderly_65plus_2026":14.1,"estimated_elderly_share_pct":5.23,"elderly_exposure_score":6.5,"elderly_exposure_class":"VERY LOW","estimate_confidence":"HIGH","display_name":"Block 107B"},"geometry":{"type":"Polygon","coordinates":[[[103.872407,1.334548],[103.872397,1.334524],[103.872383,1.33453],[103.872378,1.334517],[103.872357,1.334527],[103.872275,1.334349],[103.872256,1.334357],[103.872243,1.334328],[103.87219,1.334353],[103.872195,1.334364],[103.872216,1.334353],[103.872252,1.334411],[103.872178,1.334449],[103.872173,1.334437],[103.872117,1.334463],[103.872122,1.334475],[103.872046,1.334506],[103.872025,1.334442],[103.872047,1.334432],[103.872046,1.334418],[103.872087,1.334399],[103.87208,1.334383],[103.872058,1.334394],[103.872052,1.33438],[103.872028,1.334391],[103.872,1.334329],[103.872129,1.334275],[103.872154,1.334329],[103.872132,1.334339],[103.872137,1.33436],[103.872182,1.334339],[103.872165,1.33429],[103.872249,1.334251],[103.872227,1.334204],[103.872237,1.334194],[103.872226,1.33417],[103.872288,1.334132],[103.872322,1.334206],[103.872311,1.334211],[103.872396,1.334369],[103.872352,1.334389],[103.872348,1.33438],[103.872327,1.33439],[103.872316,1.334367],[103.872304,1.334373],[103.872341,1.334452],[103.872362,1.334438],[103.872353,1.334418],[103.872407,1.334394],[103.87247,1.334519],[103.872407,1.334548]]]}},{"type":"Feature","properties":{"block_id":"12536","blk_no":"108A","postal_code":"341108","region_id":"CR","region":"CENTRAL REGION","planning_area_id":"TP","planning_area":"TOA PAYOH","subzone_id":"TPSZ11","subzone":"SENNETT","lon":103.8719,"lat":1.3342,"property_match":"MATCHED","property_match_confidence":"HIGH","street":"BIDADARI PK DR","residential":"Y","year_completed":2021,"building_age_2026":5,"max_floor_lvl":16,"total_dwelling_units":156,"small_flat_share_pct":61.54,"rental_share_pct":0.0,"footprint_area_m2":1170.0,"estimated_residents_2026":430.1,"estimated_elderly_65plus_2026":39.3,"estimated_elderly_share_pct":9.15,"elderly_exposure_score":27.3,"elderly_exposure_class":"LOW","estimate_confidence":"HIGH","display_name":"Block 108A"},"geometry":{"type":"Polygon","coordinates":[[[103.871757,1.334605],[103.871709,1.334576],[103.871714,1.334567],[103.871687,1.33455],[103.871693,1.334541],[103.871642,1.334523],[103.871636,1.334532],[103.871588,1.334502],[103.87162,1.334448],[103.87164,1.33446],[103.871647,1.334448],[103.871672,1.33446],[103.871702,1.334409],[103.871691,1.334403],[103.871679,1.334423],[103.871617,1.334395],[103.871657,1.334323],[103.871669,1.33433],[103.871701,1.334277],[103.871689,1.33427],[103.871734,1.3342],[103.871787,1.334242],[103.871775,1.334262],[103.871785,1.334269],[103.871828,1.334198],[103.871802,1.334191],[103.871794,1.334204],[103.871745,1.334175],[103.871769,1.334135],[103.871753,1.334125],[103.87177,1.334096],[103.871786,1.334106],[103.871818,1.334054],[103.871807,1.334048],[103.871794,1.334069],[103.871733,1.334041],[103.871773,1.333969],[103.871784,1.333975],[103.871816,1.333922],[103.871805,1.333915],[103.87185,1.333845],[103.871903,1.333887],[103.871891,1.333908],[103.871899,1.333919],[103.871876,1.333958],[103.871888,1.333965],[103.871901,1.333942],[103.871917,1.333946],[103.871929,1.333926],[103.871984,1.33396],[103.871954,1.334008],[103.871945,1.334003],[103.871929,1.33403],[103.871921,1.334024],[103.871902,1.334075],[103.871911,1.334081],[103.871881,1.33413],[103.871827,1.334097],[103.871839,1.334077],[103.871827,1.334069],[103.871798,1.334118],[103.871868,1.334161],[103.871836,1.334215],[103.871848,1.334223],[103.871859,1.334205],[103.871913,1.334237],[103.871843,1.334333],[103.871853,1.334339],[103.871824,1.334388],[103.871769,1.334355],[103.871781,1.334335],[103.871769,1.334328],[103.87169,1.33446],[103.871742,1.334487],[103.871769,1.33445],[103.871785,1.334453],[103.871796,1.334434],[103.871851,1.334467],[103.871821,1.334516],[103.871812,1.334511],[103.871795,1.334538],[103.871778,1.334527],[103.871771,1.334539],[103.87179,1.33455],[103.871757,1.334605]]]}},{"type":"Feature","properties":{"block_id":"12503","blk_no":"108B","postal_code":"342108","region_id":"CR","region":"CENTRAL REGION","planning_area_id":"TP","planning_area":"TOA PAYOH","subzone_id":"TPSZ11","subzone":"SENNETT","lon":103.872,"lat":1.3337,"property_match":"MATCHED","property_match_confidence":"HIGH","street":"BIDADARI PK DR","residential":"Y","year_completed":2021,"building_age_2026":5,"max_floor_lvl":17,"total_dwelling_units":62,"small_flat_share_pct":0.0,"rental_share_pct":0.0,"footprint_area_m2":534.0,"estimated_residents_2026":210.5,"estimated_elderly_65plus_2026":10.0,"estimated_elderly_share_pct":4.77,"elderly_exposure_score":3.9,"elderly_exposure_class":"VERY LOW","estimate_confidence":"HIGH","display_name":"Block 108B"},"geometry":{"type":"Polygon","coordinates":[[[103.872165,1.333605],[103.872119,1.333675],[103.872109,1.333667],[103.872066,1.333739],[103.872072,1.333743],[103.872059,1.333737],[103.872042,1.333762],[103.872053,1.33377],[103.872004,1.333835],[103.871954,1.33379],[103.871967,1.33377],[103.871959,1.333758],[103.871985,1.333721],[103.871974,1.333714],[103.871944,1.333755],[103.871931,1.333752],[103.871916,1.333772],[103.871852,1.333739],[103.871899,1.333672],[103.871909,1.333679],[103.871937,1.333638],[103.871955,1.333651],[103.871967,1.333633],[103.871949,1.333621],[103.871978,1.33358],[103.871968,1.333573],[103.872014,1.333506],[103.872068,1.333555],[103.872054,1.333576],[103.872062,1.333588],[103.87204,1.333619],[103.872051,1.333626],[103.872077,1.333588],[103.872091,1.333592],[103.872104,1.333572],[103.872165,1.333605]]]}},{"type":"Feature","properties":{"block_id":"11052297","blk_no":"109","postal_code":"340109","region_id":"CR","region":"CENTRAL REGION","planning_area_id":"TP","planning_area":"TOA PAYOH","subzone_id":"TPSZ11","subzone":"SENNETT","lon":103.8726,"lat":1.3343,"property_match":"MATCHED","property_match_confidence":"HIGH","street":"BIDADARI PK DR","residential":"N","year_completed":2021,"building_age_2026":5,"max_floor_lvl":5,"total_dwelling_units":0,"small_flat_share_pct":null,"rental_share_pct":null,"footprint_area_m2":6532.7,"estimated_residents_2026":0.0,"estimated_elderly_65plus_2026":0.0,"estimated_elderly_share_pct":null,"elderly_exposure_score":null,"elderly_exposure_class":null,"estimate_confidence":"HIGH","display_name":"Block 109"},"geometry":{"type":"Polygon","coordinates":[[[103.872636,1.333717],[103.872685,1.33381],[103.872665,1.333819],[103.872786,1.334084],[103.872824,1.334067],[103.872855,1.334135],[103.872817,1.334153],[103.872895,1.334324],[103.872852,1.334344],[103.872872,1.334386],[103.87288,1.334383],[103.872927,1.334507],[103.872957,1.334497],[103.87297,1.334525],[103.872942,1.334538],[103.873,1.334666],[103.872612,1.334847],[103.872544,1.334688],[103.872531,1.334694],[103.872505,1.334637],[103.872518,1.334631],[103.872438,1.334443],[103.872431,1.334447],[103.872407,1.334394],[103.872392,1.3344],[103.872381,1.334376],[103.872396,1.334369],[103.872311,1.334211],[103.872322,1.334206],[103.872288,1.334132],[103.872215,1.334164],[103.872186,1.334099],[103.872177,1.334104],[103.872087,1.333906],[103.872226,1.333842],[103.872218,1.333824],[103.872331,1.333771],[103.872339,1.333789],[103.872432,1.333747],[103.872424,1.333729],[103.872493,1.333697],[103.872501,1.333715],[103.872628,1.333657],[103.872652,1.33371],[103.872636,1.333717]]]}},{"type":"Feature","properties":{"block_id":"12502","blk_no":"109A","postal_code":"341109","region_id":"CR","region":"CENTRAL REGION","planning_area_id":"TP","planning_area":"TOA PAYOH","subzone_id":"TPSZ11","subzone":"SENNETT","lon":103.8723,"lat":1.3335,"property_match":"MATCHED","property_match_confidence":"HIGH","street":"BIDADARI PK DR","residential":"Y","year_completed":2021,"building_age_2026":5,"max_floor_lvl":17,"total_dwelling_units":62,"small_flat_share_pct":0.0,"rental_share_pct":0.0,"footprint_area_m2":534.0,"estimated_residents_2026":210.5,"estimated_elderly_65plus_2026":10.0,"estimated_elderly_share_pct":4.77,"elderly_exposure_score":3.9,"elderly_exposure_class":"VERY LOW","estimate_confidence":"HIGH","display_name":"Block 109A"},"geometry":{"type":"Polygon","coordinates":[[[103.872488,1.333489],[103.872412,1.33352],[103.872407,1.333508],[103.872331,1.333542],[103.872334,1.333549],[103.872327,1.333536],[103.872299,1.333547],[103.872303,1.33356],[103.872225,1.333585],[103.87221,1.333519],[103.872232,1.333511],[103.872232,1.333496],[103.872274,1.333481],[103.87227,1.333468],[103.872222,1.333485],[103.872213,1.333474],[103.872189,1.333483],[103.872156,1.333419],[103.872233,1.333391],[103.872237,1.333402],[103.872283,1.333385],[103.87229,1.333406],[103.87231,1.333399],[103.872303,1.333378],[103.872349,1.333361],[103.872345,1.333349],[103.872421,1.333321],[103.872438,1.333393],[103.872414,1.333401],[103.872414,1.333416],[103.872379,1.333429],[103.872383,1.333441],[103.872426,1.333425],[103.872435,1.333436],[103.872458,1.333427],[103.872488,1.333489]]]}},{"type":"Feature","properties":{"block_id":"12501","blk_no":"109B","postal_code":"342109","region_id":"CR","region":"CENTRAL REGION","planning_area_id":"TP","planning_area":"TOA PAYOH","subzone_id":"TPSZ11","subzone":"SENNETT","lon":103.8727,"lat":1.3334,"property_match":"MATCHED","property_match_confidence":"HIGH","street":"BIDADARI PK DR","residential":"Y","year_completed":2021,"building_age_2026":5,"max_floor_lvl":17,"total_dwelling_units":62,"small_flat_share_pct":0.0,"rental_share_pct":0.0,"footprint_area_m2":534.0,"estimated_residents_2026":210.5,"estimated_elderly_65plus_2026":10.0,"estimated_elderly_share_pct":4.77,"elderly_exposure_score":3.9,"elderly_exposure_class":"VERY LOW","estimate_confidence":"HIGH","display_name":"Block 109B"},"geometry":{"type":"Polygon","coordinates":[[[103.872814,1.333495],[103.872731,1.333498],[103.872731,1.333485],[103.872648,1.333491],[103.872648,1.333498],[103.872646,1.333484],[103.872616,1.333484],[103.872616,1.333498],[103.872534,1.333495],[103.872542,1.333427],[103.872565,1.333427],[103.87257,1.333414],[103.872615,1.333414],[103.872615,1.3334],[103.872565,1.3334],[103.87256,1.333387],[103.872534,1.333387],[103.872525,1.333315],[103.872606,1.333315],[103.872606,1.333327],[103.872656,1.333327],[103.872656,1.333349],[103.872677,1.333349],[103.872677,1.333327],[103.872726,1.333327],[103.872726,1.333314],[103.872807,1.333314],[103.872799,1.333387],[103.872773,1.333387],[103.872768,1.3334],[103.872731,1.3334],[103.872731,1.333413],[103.872777,1.333413],[103.872782,1.333427],[103.872805,1.333427],[103.872814,1.333495]]]}},{"type":"Feature","properties":{"block_id":"12571","blk_no":"110","postal_code":"340110","region_id":"CR","region":"CENTRAL REGION","planning_area_id":"TP","planning_area":"TOA PAYOH","subzone_id":"TPSZ11","subzone":"SENNETT","lon":103.8729,"lat":1.3341,"property_match":"MATCHED","property_match_confidence":"HIGH","street":"BIDADARI PK DR","residential":"N","year_completed":2021,"building_age_2026":5,"max_floor_lvl":1,"total_dwelling_units":0,"small_flat_share_pct":null,"rental_share_pct":null,"footprint_area_m2":200.2,"estimated_residents_2026":0.0,"estimated_elderly_65plus_2026":0.0,"estimated_elderly_share_pct":null,"elderly_exposure_score":null,"elderly_exposure_class":null,"estimate_confidence":"HIGH","display_name":"Block 110"},"geometry":{"type":"Polygon","coordinates":[[[103.873018,1.334144],[103.872923,1.334187],[103.872858,1.334045],[103.872953,1.334001],[103.873018,1.334144]]]}},{"type":"Feature","properties":{"block_id":"12570","blk_no":"110A","postal_code":"341110","region_id":"CR","region":"CENTRAL REGION","planning_area_id":"TP","planning_area":"TOA PAYOH","subzone_id":"TPSZ11","subzone":"SENNETT","lon":103.8732,"lat":1.3336,"property_match":"MATCHED","property_match_confidence":"HIGH","street":"BIDADARI PK DR","residential":"Y","year_completed":2021,"building_age_2026":5,"max_floor_lvl":16,"total_dwelling_units":140,"small_flat_share_pct":0.0,"rental_share_pct":0.0,"footprint_area_m2":1309.2,"estimated_residents_2026":464.1,"estimated_elderly_65plus_2026":19.1,"estimated_elderly_share_pct":4.12,"elderly_exposure_score":9.8,"elderly_exposure_class":"VERY LOW","estimate_confidence":"HIGH","display_name":"Block 110A"},"geometry":{"type":"Polygon","coordinates":[[[103.873116,1.333627],[103.873132,1.333662],[103.873143,1.333657],[103.873133,1.333635],[103.873191,1.3336],[103.873228,1.333674],[103.873216,1.33368],[103.873242,1.333737],[103.873254,1.333731],[103.873285,1.333808],[103.873221,1.333828],[103.873211,1.333806],[103.873197,1.333807],[103.873178,1.333766],[103.873165,1.333772],[103.873149,1.333737],[103.873128,1.333747],[103.873106,1.3337],[103.873031,1.333735],[103.873043,1.333749],[103.873064,1.333739],[103.873089,1.333793],[103.872964,1.333857],[103.872936,1.333794],[103.872959,1.333783],[103.872953,1.33377],[103.872926,1.333783],[103.8729,1.333795],[103.872922,1.333842],[103.872902,1.333852],[103.872909,1.333867],[103.872879,1.333881],[103.872885,1.333893],[103.872809,1.333925],[103.872788,1.33386],[103.87281,1.33385],[103.872809,1.333836],[103.872851,1.333817],[103.872845,1.333804],[103.872805,1.333822],[103.872795,1.333811],[103.872772,1.333822],[103.872735,1.333761],[103.8729,1.333697],[103.872895,1.333687],[103.872969,1.333653],[103.872992,1.333722],[103.872968,1.333733],[103.872974,1.333744],[103.873041,1.333713],[103.87305,1.333703],[103.873037,1.333674],[103.873088,1.33365],[103.873075,1.333621],[103.873101,1.333609],[103.873121,1.333548],[103.873107,1.333525],[103.873097,1.333531],[103.873109,1.333551],[103.873055,1.333593],[103.87301,1.333523],[103.873022,1.333516],[103.872991,1.333463],[103.872979,1.33347],[103.872939,1.333397],[103.873001,1.33337],[103.873013,1.33339],[103.873027,1.333388],[103.873051,1.333428],[103.873063,1.33342],[103.873039,1.333381],[103.873048,1.333369],[103.873036,1.333349],[103.873089,1.333307],[103.873133,1.333377],[103.873122,1.333383],[103.873138,1.333411],[103.873128,1.333417],[103.873138,1.333435],[103.873149,1.333429],[103.873166,1.333457],[103.873177,1.33345],[103.873217,1.333522],[103.873155,1.333551],[103.873142,1.33353],[103.873132,1.333536],[103.873143,1.33355],[103.873116,1.333627]]]}},{"type":"Feature","properties":{"block_id":"12589","blk_no":"110B","postal_code":"342110","region_id":"CR","region":"CENTRAL REGION","planning_area_id":"TP","planning_area":"TOA PAYOH","subzone_id":"TPSZ11","subzone":"SENNETT","lon":103.8733,"lat":1.3342,"property_match":"MATCHED","property_match_confidence":"HIGH","street":"BIDADARI PK DR","residential":"Y","year_completed":2021,"building_age_2026":5,"max_floor_lvl":16,"total_dwelling_units":132,"small_flat_share_pct":0.0,"rental_share_pct":0.0,"footprint_area_m2":1313.3,"estimated_residents_2026":437.4,"estimated_elderly_65plus_2026":18.0,"estimated_elderly_share_pct":4.11,"elderly_exposure_score":9.0,"elderly_exposure_class":"VERY LOW","estimate_confidence":"HIGH","display_name":"Block 110B"},"geometry":{"type":"Polygon","coordinates":[[[103.873249,1.334245],[103.87326,1.33424],[103.87325,1.334218],[103.873308,1.334182],[103.873346,1.334256],[103.873333,1.334262],[103.873359,1.334319],[103.873372,1.334313],[103.873404,1.334391],[103.873339,1.334411],[103.873329,1.334389],[103.873315,1.334391],[103.873296,1.334349],[103.873282,1.334355],[103.873266,1.334319],[103.873246,1.334329],[103.873225,1.334283],[103.873149,1.334317],[103.87316,1.334333],[103.873182,1.334323],[103.873206,1.334376],[103.873081,1.334439],[103.873054,1.334376],[103.873077,1.334365],[103.873071,1.334353],[103.873018,1.334377],[103.87304,1.334425],[103.873019,1.334434],[103.873026,1.33445],[103.872997,1.334463],[103.873003,1.334476],[103.872927,1.334507],[103.872907,1.334442],[103.872927,1.334433],[103.872926,1.334418],[103.872968,1.334399],[103.872962,1.334387],[103.872923,1.334405],[103.872913,1.334394],[103.87289,1.334405],[103.872852,1.334344],[103.873018,1.334279],[103.873014,1.334269],[103.873087,1.334235],[103.873109,1.334304],[103.873086,1.334315],[103.873091,1.334326],[103.873159,1.334295],[103.873168,1.334285],[103.873155,1.334257],[103.873206,1.334233],[103.873193,1.334204],[103.873217,1.334193],[103.873239,1.334131],[103.873225,1.334107],[103.873214,1.334113],[103.873226,1.334134],[103.873173,1.334176],[103.873128,1.334105],[103.873139,1.334099],[103.873108,1.334045],[103.873097,1.334052],[103.873056,1.333979],[103.873119,1.333952],[103.873131,1.333973],[103.873145,1.333969],[103.873168,1.334009],[103.873179,1.334002],[103.873156,1.333963],[103.873165,1.333952],[103.873153,1.333931],[103.873207,1.333889],[103.873252,1.333959],[103.87324,1.333966],[103.873257,1.333994],[103.873246,1.334001],[103.873257,1.334019],[103.873267,1.334012],[103.873283,1.33404],[103.873295,1.334033],[103.873334,1.334106],[103.873272,1.334134],[103.87326,1.334113],[103.87325,1.334119],[103.873259,1.334132],[103.873231,1.334201],[103.873249,1.334245]]]}},{"type":"Feature","properties":{"block_id":"12590","blk_no":"111A","postal_code":"341111","region_id":"CR","region":"CENTRAL REGION","planning_area_id":"TP","planning_area":"TOA PAYOH","subzone_id":"TPSZ11","subzone":"SENNETT","lon":103.8731,"lat":1.3347,"property_match":"MATCHED","property_match_confidence":"HIGH","street":"ALKAFF CRES","residential":"Y","year_completed":2021,"building_age_2026":5,"max_floor_lvl":16,"total_dwelling_units":99,"small_flat_share_pct":46.46,"rental_share_pct":0.0,"footprint_area_m2":776.6,"estimated_residents_2026":227.8,"estimated_elderly_65plus_2026":52.0,"estimated_elderly_share_pct":22.84,"elderly_exposure_score":43.9,"elderly_exposure_class":"MODERATE","estimate_confidence":"HIGH","display_name":"Block 111A"},"geometry":{"type":"Polygon","coordinates":[[[103.873267,1.334587],[103.873295,1.334571],[103.873288,1.334559],[103.873361,1.334519],[103.873388,1.334581],[103.873322,1.334647],[103.873331,1.334665],[103.873377,1.334641],[103.873403,1.334686],[103.873392,1.334693],[103.873402,1.334708],[103.873414,1.334701],[103.873427,1.334722],[103.873414,1.33473],[103.873423,1.334745],[103.873434,1.334738],[103.873461,1.334783],[103.873418,1.334812],[103.873405,1.33479],[103.873394,1.334797],[103.87341,1.334824],[103.873389,1.334837],[103.873379,1.33482],[103.87334,1.334843],[103.873283,1.334747],[103.873321,1.334724],[103.873312,1.334707],[103.873332,1.334695],[103.873319,1.334672],[103.8733,1.334667],[103.87325,1.33469],[103.873259,1.334708],[103.87323,1.334721],[103.873245,1.334754],[103.873177,1.334781],[103.873182,1.334793],[103.873153,1.334806],[103.873158,1.334818],[103.873082,1.33485],[103.873062,1.334785],[103.873083,1.334775],[103.873083,1.334761],[103.873124,1.334742],[103.873118,1.334729],[103.873076,1.334749],[103.873067,1.334739],[103.873045,1.334749],[103.87301,1.334691],[103.873083,1.334654],[103.873089,1.334666],[103.873146,1.33464],[103.87314,1.334628],[103.873216,1.334595],[103.873237,1.334661],[103.873215,1.334671],[103.87322,1.334681],[103.87328,1.334654],[103.873254,1.334609],[103.873273,1.334598],[103.873267,1.334587]]]}},{"type":"Feature","properties":{"block_id":"12210","blk_no":"111B","postal_code":"342111","region_id":"CR","region":"CENTRAL REGION","planning_area_id":"TP","planning_area":"TOA PAYOH","subzone_id":"TPSZ11","subzone":"SENNETT","lon":103.8732,"lat":1.3351,"property_match":"MATCHED","property_match_confidence":"HIGH","street":"ALKAFF CRES","residential":"Y","year_completed":2021,"building_age_2026":5,"max_floor_lvl":16,"total_dwelling_units":114,"small_flat_share_pct":67.54,"rental_share_pct":0.0,"footprint_area_m2":798.5,"estimated_residents_2026":217.1,"estimated_elderly_65plus_2026":82.3,"estimated_elderly_share_pct":37.92,"elderly_exposure_score":77.2,"elderly_exposure_class":"HIGH","estimate_confidence":"HIGH","display_name":"Block 111B"},"geometry":{"type":"Polygon","coordinates":[[[103.873432,1.334923],[103.873461,1.334972],[103.873445,1.334981],[103.873456,1.335],[103.873472,1.33499],[103.873501,1.335039],[103.873462,1.335062],[103.873472,1.335078],[103.873451,1.335091],[103.873433,1.33506],[103.873382,1.33509],[103.873404,1.335129],[103.873424,1.335116],[103.873434,1.335133],[103.873472,1.33511],[103.873501,1.335159],[103.873488,1.335167],[103.873498,1.335185],[103.873511,1.335177],[103.87354,1.335226],[103.873502,1.335249],[103.873511,1.335266],[103.873491,1.335278],[103.873473,1.335247],[103.873458,1.335256],[103.873469,1.335274],[103.873424,1.335298],[103.873398,1.335254],[103.87341,1.335247],[103.873391,1.335215],[103.87338,1.335222],[103.873353,1.335177],[103.873394,1.335149],[103.873342,1.335066],[103.873322,1.335069],[103.873331,1.335127],[103.87326,1.33514],[103.873262,1.33515],[103.873229,1.335156],[103.873232,1.335169],[103.873151,1.33518],[103.873148,1.335112],[103.87317,1.335108],[103.873173,1.335093],[103.873218,1.335085],[103.873216,1.335072],[103.87317,1.33508],[103.873163,1.335068],[103.873141,1.335072],[103.873121,1.335006],[103.873202,1.334989],[103.873204,1.335003],[103.873265,1.334993],[103.873263,1.334979],[103.873345,1.334969],[103.873347,1.335036],[103.873324,1.33504],[103.873326,1.335052],[103.873353,1.335046],[103.873361,1.33506],[103.873387,1.335044],[103.873401,1.335057],[103.873409,1.335052],[103.873373,1.334989],[103.873382,1.334975],[103.873363,1.334942],[103.873384,1.33493],[103.873394,1.334946],[103.873432,1.334923]]]}},{"type":"Feature","properties":{"block_id":"12236","blk_no":"112A","postal_code":"341112","region_id":"CR","region":"CENTRAL REGION","planning_area_id":"TP","planning_area":"TOA PAYOH","subzone_id":"TPSZ11","subzone":"SENNETT","lon":103.8733,"lat":1.3355,"property_match":"MATCHED","property_match_confidence":"HIGH","street":"ALKAFF CRES","residential":"Y","year_completed":2021,"building_age_2026":5,"max_floor_lvl":16,"total_dwelling_units":112,"small_flat_share_pct":66.96,"rental_share_pct":0.0,"footprint_area_m2":798.5,"estimated_residents_2026":214.5,"estimated_elderly_65plus_2026":80.3,"estimated_elderly_share_pct":37.42,"elderly_exposure_score":75.7,"elderly_exposure_class":"HIGH","estimate_confidence":"HIGH","display_name":"Block 112A"},"geometry":{"type":"Polygon","coordinates":[[[103.873498,1.335732],[103.873471,1.335687],[103.873482,1.335681],[103.873463,1.335649],[103.873452,1.335655],[103.873426,1.335611],[103.873467,1.335584],[103.873417,1.3355],[103.873396,1.335504],[103.873405,1.335561],[103.873332,1.335575],[103.873334,1.335584],[103.873302,1.33559],[103.873304,1.335603],[103.873223,1.335614],[103.87322,1.335545],[103.873243,1.335541],[103.873245,1.335528],[103.873291,1.33552],[103.873289,1.335506],[103.873243,1.335514],[103.873236,1.335502],[103.873213,1.335506],[103.873194,1.335442],[103.873275,1.335425],[103.873277,1.335438],[103.873338,1.335427],[103.873336,1.335414],[103.873418,1.335403],[103.873421,1.33547],[103.873398,1.335474],[103.8734,1.335487],[103.873418,1.335479],[103.873434,1.335494],[103.873459,1.335479],[103.873474,1.335493],[103.873483,1.335487],[103.873445,1.335423],[103.873455,1.335409],[103.873436,1.335376],[103.873457,1.335363],[103.873467,1.33538],[103.873505,1.335358],[103.873534,1.335407],[103.873519,1.335416],[103.873529,1.335434],[103.873545,1.335425],[103.873574,1.335473],[103.873535,1.335496],[103.873545,1.335512],[103.873523,1.335525],[103.873505,1.335494],[103.873456,1.335524],[103.873458,1.335532],[103.873476,1.335562],[103.873497,1.33555],[103.873507,1.335567],[103.873545,1.335545],[103.873573,1.335593],[103.87356,1.335601],[103.873571,1.33562],[103.873584,1.335612],[103.873613,1.335661],[103.873575,1.335683],[103.873585,1.3357],[103.873563,1.335713],[103.873545,1.335682],[103.87353,1.33569],[103.873541,1.335709],[103.873498,1.335732]]]}},{"type":"Feature","properties":{"block_id":"12264","blk_no":"112B","postal_code":"342112","region_id":"CR","region":"CENTRAL REGION","planning_area_id":"TP","planning_area":"TOA PAYOH","subzone_id":"TPSZ11","subzone":"SENNETT","lon":103.8735,"lat":1.3359,"property_match":"MATCHED","property_match_confidence":"HIGH","street":"ALKAFF CRES","residential":"Y","year_completed":2021,"building_age_2026":5,"max_floor_lvl":16,"total_dwelling_units":90,"small_flat_share_pct":16.67,"rental_share_pct":0.0,"footprint_area_m2":719.3,"estimated_residents_2026":275.7,"estimated_elderly_65plus_2026":12.2,"estimated_elderly_share_pct":4.44,"elderly_exposure_score":5.4,"elderly_exposure_class":"VERY LOW","estimate_confidence":"HIGH","display_name":"Block 112B"},"geometry":{"type":"Polygon","coordinates":[[[103.873387,1.336012],[103.873305,1.336024],[103.873301,1.335956],[103.873325,1.335952],[103.873323,1.335939],[103.873374,1.335931],[103.873371,1.335917],[103.873334,1.335923],[103.873328,1.335911],[103.873304,1.335915],[103.873285,1.33585],[103.873367,1.335833],[103.873369,1.335846],[103.873401,1.335841],[103.873403,1.335854],[103.873423,1.33585],[103.873421,1.335837],[103.873452,1.335832],[103.87345,1.335819],[103.873532,1.335808],[103.873535,1.335876],[103.873512,1.33588],[103.873514,1.335892],[103.873533,1.335889],[103.873572,1.335882],[103.873563,1.335824],[103.873585,1.33582],[103.873583,1.335808],[103.873614,1.335803],[103.873612,1.335789],[103.873694,1.335779],[103.873697,1.335846],[103.873674,1.33585],[103.873671,1.335865],[103.873626,1.335873],[103.873628,1.335885],[103.873673,1.335878],[103.87368,1.33589],[103.873703,1.335886],[103.873723,1.335952],[103.873642,1.335968],[103.87364,1.335955],[103.873524,1.335985],[103.873514,1.335923],[103.873537,1.335919],[103.873534,1.335904],[103.873486,1.335912],[103.87349,1.335933],[103.87346,1.335938],[103.873466,1.335973],[103.873415,1.335982],[103.873417,1.335995],[103.873385,1.336],[103.873387,1.336012]]]}},{"type":"Feature","properties":{"block_id":"12305","blk_no":"113","postal_code":"340113","region_id":"CR","region":"CENTRAL REGION","planning_area_id":"TP","planning_area":"TOA PAYOH","subzone_id":"TPSZ11","subzone":"SENNETT","lon":103.873,"lat":1.3353,"property_match":"MATCHED","property_match_confidence":"HIGH","street":"ALKAFF CRES","residential":"N","year_completed":2021,"building_age_2026":5,"max_floor_lvl":3,"total_dwelling_units":0,"small_flat_share_pct":null,"rental_share_pct":null,"footprint_area_m2":6195.2,"estimated_residents_2026":0.0,"estimated_elderly_65plus_2026":0.0,"estimated_elderly_share_pct":null,"elderly_exposure_score":null,"elderly_exposure_class":null,"estimate_confidence":"HIGH","display_name":"Block 113"},"geometry":{"type":"Polygon","coordinates":[[[103.873,1.334666],[103.873072,1.334808],[103.873065,1.334811],[103.873082,1.33485],[103.873126,1.334833],[103.873147,1.334879],[103.873159,1.334954],[103.873144,1.334957],[103.873151,1.334998],[103.873121,1.335006],[103.873128,1.33505],[103.873137,1.335048],[103.873151,1.33518],[103.873178,1.335175],[103.873185,1.335203],[103.873236,1.335195],[103.873241,1.335292],[103.873217,1.335296],[103.87324,1.335431],[103.873194,1.335442],[103.873224,1.335571],[103.873215,1.335572],[103.873223,1.335614],[103.873254,1.335612],[103.873262,1.335664],[103.873276,1.335662],[103.873288,1.335735],[103.873244,1.335742],[103.873243,1.335732],[103.872832,1.335803],[103.872834,1.335811],[103.87279,1.335819],[103.872777,1.335739],[103.872816,1.335732],[103.872806,1.335649],[103.872792,1.335652],[103.872782,1.335591],[103.872796,1.335588],[103.872787,1.335534],[103.872779,1.335507],[103.872737,1.335514],[103.872656,1.335031],[103.872636,1.334986],[103.872622,1.334993],[103.872631,1.335012],[103.872607,1.335023],[103.872556,1.33491],[103.872626,1.334878],[103.872612,1.334847],[103.873,1.334666]]]}},{"type":"Feature","properties":{"block_id":"12265","blk_no":"113A","postal_code":"341113","region_id":"CR","region":"CENTRAL REGION","planning_area_id":"TP","planning_area":"TOA PAYOH","subzone_id":"TPSZ11","subzone":"SENNETT","lon":103.873,"lat":1.336,"property_match":"MATCHED","property_match_confidence":"HIGH","street":"ALKAFF CRES","residential":"Y","year_completed":2021,"building_age_2026":5,"max_floor_lvl":16,"total_dwelling_units":85,"small_flat_share_pct":15.29,"rental_share_pct":0.0,"footprint_area_m2":718.5,"estimated_residents_2026":261.2,"estimated_elderly_65plus_2026":11.3,"estimated_elderly_share_pct":4.31,"elderly_exposure_score":4.8,"elderly_exposure_class":"VERY LOW","estimate_confidence":"HIGH","display_name":"Block 113A"},"geometry":{"type":"Polygon","coordinates":[[[103.872934,1.33609],[103.872853,1.3361],[103.872849,1.336033],[103.872872,1.336029],[103.872875,1.336015],[103.872919,1.336008],[103.872916,1.335994],[103.872872,1.336001],[103.872866,1.335989],[103.872842,1.335993],[103.872823,1.335927],[103.872904,1.335911],[103.872906,1.335924],[103.873021,1.335894],[103.873032,1.335957],[103.87301,1.33596],[103.873012,1.335975],[103.873045,1.33597],[103.873061,1.335967],[103.873058,1.335947],[103.873087,1.335942],[103.873081,1.335907],[103.87313,1.335898],[103.873128,1.335885],[103.873161,1.33588],[103.873159,1.335867],[103.87324,1.335856],[103.873244,1.335923],[103.87322,1.335927],[103.873218,1.335942],[103.873172,1.335949],[103.873174,1.335962],[103.873211,1.335956],[103.873218,1.335968],[103.873241,1.335964],[103.87326,1.33603],[103.87318,1.336047],[103.873177,1.336033],[103.873145,1.336039],[103.873143,1.336027],[103.873123,1.33603],[103.873125,1.336043],[103.873093,1.336048],[103.873095,1.336062],[103.873014,1.336072],[103.873011,1.336004],[103.873034,1.336],[103.873032,1.335989],[103.872974,1.335998],[103.872984,1.336055],[103.872961,1.336059],[103.872963,1.336071],[103.872931,1.336077],[103.872934,1.33609]]]}},{"type":"Feature","properties":{"block_id":"12286","blk_no":"113B","postal_code":"342113","region_id":"CR","region":"CENTRAL REGION","planning_area_id":"TP","planning_area":"TOA PAYOH","subzone_id":"TPSZ11","subzone":"SENNETT","lon":103.8726,"lat":1.336,"property_match":"MATCHED","property_match_confidence":"HIGH","street":"ALKAFF CRES","residential":"Y","year_completed":2021,"building_age_2026":5,"max_floor_lvl":16,"total_dwelling_units":68,"small_flat_share_pct":63.24,"rental_share_pct":0.0,"footprint_area_m2":554.8,"estimated_residents_2026":186.7,"estimated_elderly_65plus_2026":17.4,"estimated_elderly_share_pct":9.34,"elderly_exposure_score":8.7,"elderly_exposure_class":"VERY LOW","estimate_confidence":"HIGH","display_name":"Block 113B"},"geometry":{"type":"Polygon","coordinates":[[[103.872438,1.335975],[103.872409,1.335926],[103.872465,1.335893],[103.872476,1.335912],[103.872492,1.335908],[103.872506,1.335932],[103.872517,1.335925],[103.87251,1.335908],[103.872522,1.335901],[103.87251,1.335881],[103.872565,1.335848],[103.872615,1.335955],[103.872625,1.33595],[103.872654,1.335999],[103.872599,1.336032],[103.872588,1.336012],[103.872576,1.336019],[103.8726,1.336054],[103.872693,1.336059],[103.872712,1.336124],[103.872632,1.336141],[103.872629,1.336128],[103.872597,1.336133],[103.872596,1.336124],[103.872545,1.336142],[103.872547,1.336156],[103.872466,1.336167],[103.872462,1.336099],[103.872486,1.336094],[103.872489,1.33608],[103.872557,1.336062],[103.872541,1.336036],[103.87251,1.336055],[103.872473,1.335991],[103.872464,1.335997],[103.872448,1.335969],[103.872438,1.335975]]]}},{"type":"Feature","properties":{"block_id":"12263","blk_no":"114A","postal_code":"341114","region_id":"CR","region":"CENTRAL REGION","planning_area_id":"TP","planning_area":"TOA PAYOH","subzone_id":"TPSZ11","subzone":"SENNETT","lon":103.8727,"lat":1.3356,"property_match":"MATCHED","property_match_confidence":"HIGH","street":"ALKAFF CRES","residential":"Y","year_completed":2021,"building_age_2026":5,"max_floor_lvl":16,"total_dwelling_units":96,"small_flat_share_pct":61.46,"rental_share_pct":0.0,"footprint_area_m2":904.7,"estimated_residents_2026":252.7,"estimated_elderly_65plus_2026":30.9,"estimated_elderly_share_pct":12.23,"elderly_exposure_score":18.9,"elderly_exposure_class":"VERY LOW","estimate_confidence":"HIGH","display_name":"Block 114A"},"geometry":{"type":"Polygon","coordinates":[[[103.872486,1.335813],[103.872457,1.335765],[103.872466,1.335759],[103.872396,1.335662],[103.872451,1.33563],[103.872462,1.335649],[103.872479,1.335645],[103.872492,1.335668],[103.872547,1.335635],[103.872512,1.335585],[103.872491,1.335597],[103.872481,1.33558],[103.872443,1.335603],[103.872386,1.335507],[103.872424,1.335484],[103.872415,1.335467],[103.872435,1.335455],[103.872453,1.335486],[103.872474,1.33546],[103.872463,1.335441],[103.872516,1.335408],[103.872545,1.335457],[103.872536,1.335462],[103.872555,1.335514],[103.872513,1.335546],[103.872564,1.335633],[103.872592,1.335617],[103.872602,1.335633],[103.872636,1.33563],[103.872634,1.335618],[103.872611,1.335622],[103.872591,1.335556],[103.872672,1.335539],[103.872674,1.335553],[103.872717,1.33555],[103.872713,1.335527],[103.872779,1.335507],[103.872796,1.335588],[103.872782,1.335591],[103.872792,1.335652],[103.872806,1.335649],[103.872816,1.335732],[103.872748,1.335735],[103.872744,1.335711],[103.872731,1.335713],[103.872723,1.335663],[103.87271,1.335665],[103.872714,1.335691],[103.872693,1.335694],[103.872695,1.335704],[103.872662,1.33571],[103.872664,1.335721],[103.872609,1.33573],[103.872598,1.335667],[103.87262,1.335663],[103.872614,1.335648],[103.872542,1.335701],[103.872571,1.335758],[103.87255,1.33577],[103.872541,1.335755],[103.872529,1.335761],[103.87254,1.33578],[103.872486,1.335813]]]}},{"type":"Feature","properties":{"block_id":"12237","blk_no":"114B","postal_code":"342114","region_id":"CR","region":"CENTRAL REGION","planning_area_id":"TP","planning_area":"TOA PAYOH","subzone_id":"TPSZ11","subzone":"SENNETT","lon":103.8726,"lat":1.3352,"property_match":"MATCHED","property_match_confidence":"HIGH","street":"ALKAFF CRES","residential":"Y","year_completed":2021,"building_age_2026":5,"max_floor_lvl":16,"total_dwelling_units":93,"small_flat_share_pct":60.22,"rental_share_pct":0.0,"footprint_area_m2":906.9,"estimated_residents_2026":245.2,"estimated_elderly_65plus_2026":29.9,"estimated_elderly_share_pct":12.18,"elderly_exposure_score":18.0,"elderly_exposure_class":"VERY LOW","estimate_confidence":"HIGH","display_name":"Block 114B"},"geometry":{"type":"Polygon","coordinates":[[[103.872489,1.335219],[103.872523,1.335215],[103.872521,1.335203],[103.872497,1.335207],[103.872478,1.335142],[103.872559,1.335125],[103.872561,1.335138],[103.872604,1.335136],[103.8726,1.335112],[103.872666,1.335091],[103.872682,1.335173],[103.872669,1.335175],[103.87268,1.335237],[103.872693,1.335235],[103.872704,1.335318],[103.872635,1.33532],[103.872631,1.335297],[103.872618,1.335294],[103.87261,1.33525],[103.872598,1.335252],[103.872602,1.335276],[103.872579,1.33528],[103.872581,1.33529],[103.872496,1.335315],[103.872485,1.335252],[103.872507,1.335248],[103.872501,1.335235],[103.872428,1.335287],[103.872458,1.335344],[103.872436,1.335357],[103.872426,1.33534],[103.872415,1.335347],[103.872426,1.335366],[103.872371,1.335399],[103.872342,1.33535],[103.872352,1.335345],[103.872282,1.335249],[103.872338,1.335215],[103.872349,1.335235],[103.872364,1.335231],[103.872378,1.335255],[103.872434,1.335221],[103.872405,1.335172],[103.872377,1.335183],[103.872367,1.335166],[103.872329,1.335189],[103.872273,1.335093],[103.872312,1.33507],[103.872302,1.335053],[103.872323,1.33504],[103.872341,1.335072],[103.872352,1.335065],[103.872348,1.335053],[103.87236,1.335046],[103.872348,1.335026],[103.872402,1.334994],[103.872431,1.335043],[103.872422,1.335048],[103.872442,1.3351],[103.872399,1.335131],[103.87245,1.335219],[103.872478,1.335202],[103.872489,1.335219]]]}},{"type":"Feature","properties":{"block_id":"11051275","blk_no":"115A","postal_code":"341115","region_id":"CR","region":"CENTRAL REGION","planning_area_id":"TP","planning_area":"TOA PAYOH","subzone_id":"TPSZ11","subzone":"SENNETT","lon":103.8726,"lat":1.3365,"property_match":"MATCHED","property_match_confidence":"HIGH","street":"ALKAFF CRES","residential":"Y","year_completed":2019,"building_age_2026":7,"max_floor_lvl":17,"total_dwelling_units":96,"small_flat_share_pct":50.0,"rental_share_pct":0.0,"footprint_area_m2":1216.5,"estimated_residents_2026":272.2,"estimated_elderly_65plus_2026":21.3,"estimated_elderly_share_pct":7.84,"elderly_exposure_score":11.6,"elderly_exposure_class":"VERY LOW","estimate_confidence":"HIGH","display_name":"Block 115A"},"geometry":{"type":"Polygon","coordinates":[[[103.873025,1.336332],[103.87305,1.33648],[103.872957,1.336496],[103.872951,1.336486],[103.872953,1.336496],[103.872899,1.336506],[103.872901,1.336516],[103.872868,1.336522],[103.872867,1.336511],[103.872712,1.336538],[103.872738,1.336696],[103.872648,1.336711],[103.872617,1.336523],[103.872595,1.336527],[103.872592,1.336569],[103.872498,1.336585],[103.872488,1.336521],[103.872529,1.336514],[103.872523,1.336483],[103.872483,1.33649],[103.872472,1.336426],[103.872649,1.336396],[103.872648,1.336385],[103.87268,1.336379],[103.872682,1.33639],[103.872815,1.336368],[103.872813,1.336357],[103.872845,1.336351],[103.872847,1.336362],[103.873025,1.336332]]]}},{"type":"Feature","properties":{"block_id":"12175","blk_no":"115B","postal_code":"342115","region_id":"CR","region":"CENTRAL REGION","planning_area_id":"TP","planning_area":"TOA PAYOH","subzone_id":"TPSZ11","subzone":"SENNETT","lon":103.8726,"lat":1.3369,"property_match":"MATCHED","property_match_confidence":"HIGH","street":"ALKAFF CRES","residential":"N","year_completed":2020,"building_age_2026":6,"max_floor_lvl":2,"total_dwelling_units":0,"small_flat_share_pct":null,"rental_share_pct":null,"footprint_area_m2":582.5,"estimated_residents_2026":0.0,"estimated_elderly_65plus_2026":0.0,"estimated_elderly_share_pct":null,"elderly_exposure_score":null,"elderly_exposure_class":null,"estimate_confidence":"HIGH","display_name":"Block 115B"},"geometry":{"type":"Polygon","coordinates":[[[103.872629,1.337158],[103.872532,1.336581],[103.87261,1.336567],[103.87266,1.336862],[103.872672,1.33686],[103.872682,1.336921],[103.87267,1.336924],[103.872707,1.337145],[103.872629,1.337158]]]}},{"type":"Feature","properties":{"block_id":"11051313","blk_no":"115C","postal_code":"343115","region_id":"CR","region":"CENTRAL REGION","planning_area_id":"TP","planning_area":"TOA PAYOH","subzone_id":"TPSZ11","subzone":"SENNETT","lon":103.8729,"lat":1.3372,"property_match":"MATCHED","property_match_confidence":"HIGH","street":"ALKAFF CRES","residential":"Y","year_completed":2019,"building_age_2026":7,"max_floor_lvl":17,"total_dwelling_units":96,"small_flat_share_pct":50.0,"rental_share_pct":0.0,"footprint_area_m2":956.6,"estimated_residents_2026":272.2,"estimated_elderly_65plus_2026":21.3,"estimated_elderly_share_pct":7.84,"elderly_exposure_score":11.6,"elderly_exposure_class":"VERY LOW","estimate_confidence":"HIGH","display_name":"Block 115C"},"geometry":{"type":"Polygon","coordinates":[[[103.873,1.33727],[103.873002,1.337281],[103.872923,1.33728],[103.872838,1.337297],[103.872838,1.337309],[103.872805,1.337315],[103.872802,1.337303],[103.872774,1.337309],[103.87276,1.337233],[103.872739,1.337237],[103.872743,1.337261],[103.872719,1.337265],[103.872718,1.337309],[103.872657,1.337329],[103.872655,1.33732],[103.872624,1.337325],[103.872613,1.337261],[103.872653,1.337255],[103.872648,1.337221],[103.872608,1.337227],[103.872597,1.337165],[103.872691,1.337149],[103.872707,1.337189],[103.87273,1.337185],[103.872736,1.337221],[103.872758,1.337217],[103.872746,1.337151],[103.872776,1.337146],[103.872775,1.337135],[103.872808,1.337129],[103.872809,1.33714],[103.872862,1.337132],[103.87287,1.337175],[103.872923,1.337165],[103.872916,1.337122],[103.872969,1.337113],[103.872967,1.337102],[103.872999,1.337097],[103.873,1.337108],[103.873031,1.337103],[103.873042,1.337169],[103.873062,1.337166],[103.873053,1.33712],[103.873062,1.337118],[103.873059,1.337098],[103.873151,1.337082],[103.873162,1.337146],[103.873122,1.337153],[103.873126,1.337172],[103.873165,1.337166],[103.873176,1.337231],[103.873116,1.337251],[103.873115,1.337241],[103.873084,1.337246],[103.873067,1.337205],[103.873037,1.337206],[103.873053,1.337261],[103.873,1.33727]]]}},{"type":"Feature","properties":{"block_id":"13040","blk_no":"117","postal_code":"340117","region_id":"CR","region":"CENTRAL REGION","planning_area_id":"TP","planning_area":"TOA PAYOH","subzone_id":"TPSZ11","subzone":"SENNETT","lon":103.8731,"lat":1.3369,"property_match":"MATCHED","property_match_confidence":"HIGH","street":"ALKAFF CRES","residential":"N","year_completed":2019,"building_age_2026":7,"max_floor_lvl":3,"total_dwelling_units":0,"small_flat_share_pct":null,"rental_share_pct":null,"footprint_area_m2":4114.1,"estimated_residents_2026":0.0,"estimated_elderly_65plus_2026":0.0,"estimated_elderly_share_pct":null,"elderly_exposure_score":null,"elderly_exposure_class":null,"estimate_confidence":"HIGH","display_name":"Block 117"},"geometry":{"type":"Polygon","coordinates":[[[103.873428,1.3372],[103.873431,1.33726],[103.873372,1.33727],[103.873239,1.337268],[103.873237,1.337256],[103.8732,1.337262],[103.873196,1.33724],[103.873177,1.337243],[103.873141,1.33703],[103.872758,1.337096],[103.872711,1.336817],[103.873094,1.336752],[103.873062,1.336566],[103.87337,1.336514],[103.873484,1.337191],[103.873428,1.3372]]]}},{"type":"Feature","properties":{"block_id":"12088","blk_no":"118","postal_code":"340118","region_id":"CR","region":"CENTRAL REGION","planning_area_id":"TP","planning_area":"TOA PAYOH","subzone_id":"TPSZ11","subzone":"SENNETT","lon":103.8739,"lat":1.3373,"property_match":"MATCHED","property_match_confidence":"HIGH","street":"ALKAFF CRES","residential":"N","year_completed":2019,"building_age_2026":7,"max_floor_lvl":1,"total_dwelling_units":0,"small_flat_share_pct":null,"rental_share_pct":null,"footprint_area_m2":199.9,"estimated_residents_2026":0.0,"estimated_elderly_65plus_2026":0.0,"estimated_elderly_share_pct":null,"elderly_exposure_score":null,"elderly_exposure_class":null,"estimate_confidence":"HIGH","display_name":"Block 118"},"geometry":{"type":"Polygon","coordinates":[[[103.873801,1.33727],[103.87394,1.337246],[103.873959,1.337359],[103.87382,1.337383],[103.873801,1.33727]]]}},{"type":"Feature","properties":{"block_id":"12133","blk_no":"118A","postal_code":"341118","region_id":"CR","region":"CENTRAL REGION","planning_area_id":"TP","planning_area":"TOA PAYOH","subzone_id":"TPSZ11","subzone":"SENNETT","lon":103.8738,"lat":1.3368,"property_match":"MATCHED","property_match_confidence":"HIGH","street":"ALKAFF CRES","residential":"Y","year_completed":2019,"building_age_2026":7,"max_floor_lvl":17,"total_dwelling_units":339,"small_flat_share_pct":30.09,"rental_share_pct":0.0,"footprint_area_m2":2654.1,"estimated_residents_2026":1007.4,"estimated_elderly_65plus_2026":57.9,"estimated_elderly_share_pct":5.75,"elderly_exposure_score":50.9,"elderly_exposure_class":"MODERATE","estimate_confidence":"HIGH","display_name":"Block 118A"},"geometry":{"type":"Polygon","coordinates":[[[103.87375,1.337097],[103.873806,1.337087],[103.873791,1.336998],[103.873711,1.337012],[103.873691,1.336897],[103.873734,1.33689],[103.873737,1.336905],[103.873761,1.336901],[103.873765,1.336925],[103.873778,1.336922],[103.873756,1.336793],[103.873703,1.336803],[103.873691,1.336752],[103.873649,1.336752],[103.873651,1.336764],[103.873675,1.33676],[103.873685,1.336821],[103.873594,1.336837],[103.873582,1.336764],[103.873529,1.336773],[103.873541,1.336846],[103.873428,1.336866],[103.873421,1.336822],[103.873435,1.336819],[103.873431,1.336795],[103.873455,1.336791],[103.87345,1.336764],[103.873426,1.336768],[103.873423,1.336746],[103.873408,1.336748],[103.873401,1.336704],[103.873514,1.336685],[103.873526,1.336757],[103.873559,1.336751],[103.87355,1.336698],[103.873571,1.336695],[103.873567,1.336676],[103.873658,1.336661],[103.873668,1.336722],[103.873644,1.336726],[103.873646,1.336736],[103.873688,1.336729],[103.873681,1.336692],[103.873737,1.336683],[103.873719,1.336575],[103.873639,1.336589],[103.87362,1.336474],[103.873662,1.336466],[103.873665,1.336483],[103.873689,1.336479],[103.873693,1.336502],[103.873706,1.3365],[103.873684,1.336373],[103.873628,1.336382],[103.873618,1.336324],[103.873578,1.336331],[103.87358,1.336342],[103.873602,1.336338],[103.873612,1.336399],[103.873523,1.336414],[103.873512,1.336343],[103.873458,1.336352],[103.87347,1.336423],[103.873355,1.336443],[103.873348,1.336398],[103.873364,1.336395],[103.87336,1.336374],[103.873384,1.33637],[103.873379,1.336342],[103.873356,1.336346],[103.873352,1.336322],[103.873335,1.336325],[103.873328,1.336282],[103.873443,1.336262],[103.873456,1.336336],[103.873487,1.33633],[103.873478,1.336276],[103.8735,1.336273],[103.873497,1.336253],[103.873585,1.336238],[103.873595,1.336299],[103.873573,1.336303],[103.873575,1.336315],[103.873617,1.336308],[103.873605,1.336235],[103.873649,1.336227],[103.873655,1.336262],[103.873696,1.336262],[103.873692,1.336239],[103.873716,1.336234],[103.873713,1.336216],[103.873756,1.336209],[103.873775,1.336326],[103.873695,1.336339],[103.873711,1.336434],[103.873725,1.336431],[103.873721,1.336407],[103.873745,1.336403],[103.873742,1.336387],[103.873785,1.33638],[103.873823,1.336608],[103.87378,1.336616],[103.873778,1.336599],[103.873753,1.336604],[103.87375,1.336582],[103.873736,1.336584],[103.873758,1.336716],[103.873772,1.336714],[103.873768,1.336689],[103.873792,1.336685],[103.873789,1.33667],[103.873832,1.336663],[103.873851,1.336777],[103.873771,1.336791],[103.873785,1.336872],[103.873798,1.33687],[103.873794,1.336846],[103.873818,1.336841],[103.873816,1.336826],[103.873858,1.336818],[103.873898,1.337047],[103.873855,1.337054],[103.873852,1.337038],[103.873828,1.337043],[103.873824,1.33702],[103.873811,1.337022],[103.873827,1.337117],[103.873907,1.337103],[103.873927,1.337217],[103.873884,1.337224],[103.873881,1.33721],[103.873858,1.337214],[103.873854,1.337189],[103.87384,1.337191],[103.873814,1.337201],[103.87382,1.337236],[103.873775,1.337243],[103.873763,1.33717],[103.87372,1.337177],[103.873722,1.33719],[103.873746,1.337186],[103.873756,1.337245],[103.873698,1.337256],[103.873699,1.337267],[103.873668,1.337272],[103.873663,1.337242],[103.873643,1.337245],[103.873634,1.337192],[103.873602,1.337198],[103.873616,1.337281],[103.873581,1.337287],[103.873579,1.337276],[103.873499,1.33729],[103.873491,1.337245],[103.873507,1.337243],[103.873504,1.33722],[103.873527,1.337216],[103.873522,1.337189],[103.873499,1.337193],[103.873495,1.337169],[103.873481,1.337172],[103.873473,1.337129],[103.873586,1.33711],[103.873599,1.337182],[103.873652,1.337172],[103.87364,1.3371],[103.873728,1.337085],[103.873739,1.337146],[103.873716,1.33715],[103.873717,1.337161],[103.87376,1.337153],[103.87375,1.337097]]]}},{"type":"Feature","properties":{"block_id":"11051557","blk_no":"119","postal_code":"340119","region_id":"CR","region":"CENTRAL REGION","planning_area_id":"TP","planning_area":"TOA PAYOH","subzone_id":"TPSZ11","subzone":"SENNETT","lon":103.8745,"lat":1.3367,"property_match":"MATCHED","property_match_confidence":"HIGH","street":"ALKAFF CRES","residential":"N","year_completed":2024,"building_age_2026":2,"max_floor_lvl":6,"total_dwelling_units":0,"small_flat_share_pct":null,"rental_share_pct":null,"footprint_area_m2":1997.1,"estimated_residents_2026":0.0,"estimated_elderly_65plus_2026":0.0,"estimated_elderly_share_pct":null,"elderly_exposure_score":null,"elderly_exposure_class":null,"estimate_confidence":"HIGH","display_name":"Block 119"},"geometry":{"type":"Polygon","coordinates":[[[103.874727,1.336967],[103.874424,1.33702],[103.87442,1.336997],[103.874406,1.336999],[103.874324,1.336524],[103.874641,1.336469],[103.874727,1.336967]]]}},{"type":"Feature","properties":{"block_id":"11051556","blk_no":"119A","postal_code":"341119","region_id":"CR","region":"CENTRAL REGION","planning_area_id":"TP","planning_area":"TOA PAYOH","subzone_id":"TPSZ11","subzone":"SENNETT","lon":103.8747,"lat":1.3363,"property_match":"MATCHED","property_match_confidence":"HIGH","street":"ALKAFF CRES","residential":"Y","year_completed":2024,"building_age_2026":2,"max_floor_lvl":16,"total_dwelling_units":175,"small_flat_share_pct":0.0,"rental_share_pct":0.0,"footprint_area_m2":1660.2,"estimated_residents_2026":588.0,"estimated_elderly_65plus_2026":26.4,"estimated_elderly_share_pct":4.48,"elderly_exposure_score":15.0,"elderly_exposure_class":"VERY LOW","estimate_confidence":"HIGH","display_name":"Block 119A"},"geometry":{"type":"Polygon","coordinates":[[[103.874409,1.336213],[103.874417,1.336257],[103.874407,1.336259],[103.874411,1.336283],[103.874388,1.336287],[103.87439,1.336299],[103.874509,1.336278],[103.874507,1.336266],[103.874484,1.33627],[103.87448,1.336246],[103.87447,1.336248],[103.874462,1.336204],[103.874544,1.33619],[103.874545,1.336198],[103.874686,1.336165],[103.874693,1.336209],[103.874683,1.336211],[103.874688,1.336235],[103.874665,1.336239],[103.874667,1.336251],[103.87469,1.336246],[103.874692,1.33626],[103.874731,1.336255],[103.874734,1.33627],[103.874762,1.336265],[103.874758,1.336243],[103.874782,1.336239],[103.87478,1.336229],[103.874826,1.336221],[103.874871,1.336483],[103.874826,1.336491],[103.874824,1.336481],[103.8748,1.336486],[103.874796,1.336463],[103.874782,1.336465],[103.87476,1.336349],[103.874722,1.336347],[103.87472,1.336339],[103.874592,1.336367],[103.874584,1.336321],[103.874594,1.336319],[103.87459,1.336295],[103.874612,1.336291],[103.87461,1.336279],[103.874492,1.3363],[103.874494,1.336312],[103.874517,1.336308],[103.874521,1.336332],[103.874531,1.33633],[103.874538,1.336374],[103.874457,1.336388],[103.874456,1.33638],[103.874315,1.336413],[103.874307,1.336369],[103.874317,1.336368],[103.874313,1.336344],[103.874336,1.33634],[103.874334,1.336328],[103.874248,1.336343],[103.874259,1.336409],[103.874235,1.336413],[103.874223,1.336347],[103.874164,1.336357],[103.874166,1.336369],[103.874189,1.336365],[103.874193,1.336389],[103.874203,1.336388],[103.87421,1.336431],[103.874129,1.336446],[103.874128,1.336437],[103.873987,1.33647],[103.873979,1.336427],[103.873989,1.336425],[103.873985,1.336401],[103.874008,1.336397],[103.874006,1.336385],[103.873992,1.336387],[103.874004,1.336383],[103.874,1.33636],[103.874063,1.336349],[103.874052,1.336287],[103.873991,1.336298],[103.873988,1.336284],[103.873966,1.336288],[103.873944,1.336219],[103.874205,1.336174],[103.874213,1.33622],[103.874203,1.336222],[103.874207,1.336246],[103.874184,1.33625],[103.874187,1.336264],[103.874072,1.336286],[103.874084,1.336352],[103.874227,1.336326],[103.874221,1.336289],[103.874249,1.336285],[103.874243,1.336249],[103.874409,1.336213]]]}},{"type":"Feature","properties":{"block_id":"11051555","blk_no":"119B","postal_code":"342119","region_id":"CR","region":"CENTRAL REGION","planning_area_id":"TP","planning_area":"TOA PAYOH","subzone_id":"TPSZ11","subzone":"SENNETT","lon":103.8741,"lat":1.3367,"property_match":"MATCHED","property_match_confidence":"HIGH","street":"ALKAFF CRES","residential":"Y","year_completed":2024,"building_age_2026":2,"max_floor_lvl":16,"total_dwelling_units":56,"small_flat_share_pct":0.0,"rental_share_pct":0.0,"footprint_area_m2":924.7,"estimated_residents_2026":189.6,"estimated_elderly_65plus_2026":8.9,"estimated_elderly_share_pct":4.7,"elderly_exposure_score":3.2,"elderly_exposure_class":"VERY LOW","estimate_confidence":"HIGH","display_name":"Block 119B"},"geometry":{"type":"Polygon","coordinates":[[[103.87407,1.336765],[103.874049,1.336769],[103.874043,1.336736],[103.874033,1.336738],[103.874004,1.336567],[103.874291,1.336517],[103.874321,1.336688],[103.874147,1.33672],[103.874159,1.336792],[103.874237,1.336782],[103.87424,1.336796],[103.874262,1.336792],[103.874284,1.336858],[103.874202,1.336872],[103.874201,1.336864],[103.87406,1.336897],[103.874059,1.336827],[103.874081,1.336823],[103.874079,1.336811],[103.874061,1.336815],[103.874073,1.33681],[103.87407,1.336765]]]}},{"type":"Feature","properties":{"block_id":"11051554","blk_no":"119C","postal_code":"343119","region_id":"CR","region":"CENTRAL REGION","planning_area_id":"TP","planning_area":"TOA PAYOH","subzone_id":"TPSZ11","subzone":"SENNETT","lon":103.8743,"lat":1.3372,"property_match":"MATCHED","property_match_confidence":"HIGH","street":"ALKAFF CRES","residential":"Y","year_completed":2024,"building_age_2026":2,"max_floor_lvl":16,"total_dwelling_units":122,"small_flat_share_pct":0.0,"rental_share_pct":0.0,"footprint_area_m2":1428.4,"estimated_residents_2026":401.1,"estimated_elderly_65plus_2026":15.6,"estimated_elderly_share_pct":3.89,"elderly_exposure_score":7.5,"elderly_exposure_class":"VERY LOW","estimate_confidence":"HIGH","display_name":"Block 119C"},"geometry":{"type":"Polygon","coordinates":[[[103.874367,1.33715],[103.874402,1.337144],[103.874408,1.337182],[103.874434,1.337183],[103.874572,1.337147],[103.87458,1.337191],[103.87457,1.337193],[103.874574,1.337217],[103.874552,1.337221],[103.874554,1.337233],[103.874651,1.337216],[103.874642,1.337164],[103.874665,1.337161],[103.874661,1.33714],[103.874773,1.337112],[103.874775,1.337182],[103.874752,1.337186],[103.874755,1.3372],[103.874727,1.337205],[103.874729,1.337219],[103.874775,1.337211],[103.874777,1.337225],[103.8748,1.337221],[103.874804,1.337245],[103.874814,1.337243],[103.874821,1.337287],[103.874759,1.337298],[103.874763,1.337317],[103.874774,1.337311],[103.874787,1.337386],[103.874613,1.337416],[103.8746,1.337341],[103.874613,1.337343],[103.87461,1.337324],[103.874598,1.337326],[103.87459,1.337282],[103.8746,1.337281],[103.874596,1.337257],[103.874619,1.337253],[103.874617,1.337241],[103.874525,1.337257],[103.874527,1.337269],[103.87455,1.337265],[103.874554,1.337289],[103.874564,1.337287],[103.874571,1.337331],[103.87449,1.337345],[103.874488,1.337337],[103.874434,1.337341],[103.874409,1.3372],[103.87435,1.337211],[103.874352,1.337223],[103.874375,1.337219],[103.874379,1.337243],[103.874389,1.337241],[103.874397,1.337287],[103.874136,1.337333],[103.874134,1.337261],[103.874156,1.337257],[103.874146,1.337221],[103.874208,1.33721],[103.874197,1.337147],[103.874149,1.337155],[103.874147,1.337141],[103.874124,1.337145],[103.874102,1.337079],[103.874184,1.337064],[103.874185,1.337072],[103.874326,1.33704],[103.874327,1.337109],[103.874305,1.337113],[103.874307,1.337127],[103.874218,1.337145],[103.874229,1.337212],[103.874374,1.337187],[103.874367,1.33715]]]}},{"type":"Feature","properties":{"block_id":"8145","blk_no":"138","postal_code":"310138","region_id":"CR","region":"CENTRAL REGION","planning_area_id":"TP","planning_area":"TOA PAYOH","subzone_id":"TPSZ02","subzone":"TOA PAYOH CENTRAL","lon":103.8448,"lat":1.3367,"property_match":"MATCHED","property_match_confidence":"HIGH","street":"LOR 1A TOA PAYOH","residential":"N","year_completed":2012,"building_age_2026":14,"max_floor_lvl":7,"total_dwelling_units":0,"small_flat_share_pct":null,"rental_share_pct":null,"footprint_area_m2":3967.7,"estimated_residents_2026":0.0,"estimated_elderly_65plus_2026":0.0,"estimated_elderly_share_pct":null,"elderly_exposure_score":null,"elderly_exposure_class":null,"estimate_confidence":"HIGH","display_name":"Block 138"},"geometry":{"type":"Polygon","coordinates":[[[103.844586,1.336541],[103.84475,1.336541],[103.84475,1.336503],[103.844834,1.336503],[103.844834,1.336542],[103.845004,1.336542],[103.845004,1.336504],[103.845078,1.336504],[103.845078,1.33655],[103.84512,1.33655],[103.84512,1.336489],[103.845253,1.336489],[103.845261,1.336674],[103.84524,1.336674],[103.84524,1.336873],[103.844353,1.336873],[103.844353,1.336672],[103.844332,1.336672],[103.844337,1.336488],[103.844472,1.336488],[103.844472,1.336544],[103.844496,1.336544],[103.844496,1.336512],[103.844586,1.336512],[103.844586,1.336541]]]}},{"type":"Feature","properties":{"block_id":"5259","blk_no":"138A","postal_code":"311138","region_id":"CR","region":"CENTRAL REGION","planning_area_id":"TP","planning_area":"TOA PAYOH","subzone_id":"TPSZ02","subzone":"TOA PAYOH CENTRAL","lon":103.8456,"lat":1.3367,"property_match":"MATCHED","property_match_confidence":"HIGH","street":"LOR 1A TOA PAYOH","residential":"Y","year_completed":2012,"building_age_2026":14,"max_floor_lvl":42,"total_dwelling_units":246,"small_flat_share_pct":7.72,"rental_share_pct":0.0,"footprint_area_m2":847.0,"estimated_residents_2026":737.5,"estimated_elderly_65plus_2026":138.0,"estimated_elderly_share_pct":18.71,"elderly_exposure_score":96.0,"elderly_exposure_class":"VERY HIGH","estimate_confidence":"HIGH","display_name":"Block 138A"},"geometry":{"type":"Polygon","coordinates":[[[103.845381,1.336614],[103.845442,1.336665],[103.845454,1.336653],[103.84544,1.336641],[103.845451,1.33663],[103.845439,1.336617],[103.845466,1.336589],[103.845556,1.336656],[103.845539,1.336673],[103.845561,1.33669],[103.84557,1.33669],[103.84557,1.336673],[103.845619,1.336673],[103.845619,1.33669],[103.845669,1.33669],[103.845659,1.336659],[103.845614,1.336608],[103.845637,1.336585],[103.845645,1.336592],[103.845659,1.336578],[103.845676,1.336596],[103.845687,1.336585],[103.845723,1.336621],[103.845732,1.336612],[103.845804,1.336684],[103.845795,1.336693],[103.845831,1.33673],[103.84582,1.336741],[103.845837,1.336758],[103.845823,1.336772],[103.845831,1.33678],[103.845807,1.336803],[103.845747,1.336753],[103.845735,1.336765],[103.845749,1.336777],[103.845738,1.336788],[103.84575,1.336801],[103.845722,1.336829],[103.845661,1.336779],[103.845656,1.336785],[103.845633,1.336762],[103.84565,1.336745],[103.845619,1.336728],[103.845619,1.336742],[103.845573,1.336742],[103.845596,1.336765],[103.845568,1.336792],[103.845575,1.336809],[103.845552,1.336833],[103.845544,1.336825],[103.84553,1.336839],[103.845492,1.336823],[103.84548,1.336834],[103.84546,1.336813],[103.845471,1.336802],[103.845456,1.336806],[103.845385,1.336734],[103.845394,1.336724],[103.845358,1.336688],[103.845369,1.336677],[103.845351,1.33666],[103.845365,1.336646],[103.845358,1.336638],[103.845381,1.336614]]]}},{"type":"Feature","properties":{"block_id":"5430","blk_no":"138B","postal_code":"312138","region_id":"CR","region":"CENTRAL REGION","planning_area_id":"TP","planning_area":"TOA PAYOH","subzone_id":"TPSZ02","subzone":"TOA PAYOH CENTRAL","lon":103.8455,"lat":1.3363,"property_match":"MATCHED","property_match_confidence":"HIGH","street":"LOR 1A TOA PAYOH","residential":"Y","year_completed":2012,"building_age_2026":14,"max_floor_lvl":40,"total_dwelling_units":237,"small_flat_share_pct":8.02,"rental_share_pct":0.0,"footprint_area_m2":833.1,"estimated_residents_2026":710.1,"estimated_elderly_65plus_2026":133.0,"estimated_elderly_share_pct":18.73,"elderly_exposure_score":95.5,"elderly_exposure_class":"VERY HIGH","estimate_confidence":"HIGH","display_name":"Block 138B"},"geometry":{"type":"Polygon","coordinates":[[[103.845292,1.336172],[103.845352,1.336222],[103.845364,1.33621],[103.84535,1.336199],[103.845362,1.336187],[103.845349,1.336174],[103.845377,1.336146],[103.845466,1.336214],[103.845449,1.336231],[103.845459,1.33624],[103.84548,1.336247],[103.84548,1.336231],[103.845507,1.336231],[103.845507,1.336247],[103.84554,1.336247],[103.845516,1.336223],[103.845545,1.336194],[103.845524,1.336166],[103.845569,1.336136],[103.845607,1.336152],[103.845619,1.336141],[103.84564,1.336162],[103.845628,1.336173],[103.845643,1.336169],[103.845715,1.336241],[103.845705,1.336251],[103.845741,1.336287],[103.84573,1.336298],[103.845748,1.336315],[103.845734,1.336329],[103.845741,1.336337],[103.845718,1.336361],[103.845657,1.33631],[103.845645,1.336322],[103.845659,1.336334],[103.845648,1.336345],[103.845661,1.336358],[103.845633,1.336386],[103.845543,1.336319],[103.84556,1.336302],[103.845538,1.336285],[103.845529,1.336285],[103.845529,1.336301],[103.84548,1.336301],[103.84548,1.336285],[103.84543,1.336285],[103.84544,1.336316],[103.845486,1.336367],[103.845462,1.33639],[103.845454,1.336383],[103.84544,1.336397],[103.845423,1.33638],[103.845412,1.33639],[103.845376,1.336354],[103.845367,1.336364],[103.845295,1.336291],[103.845304,1.336282],[103.845268,1.336245],[103.845279,1.336234],[103.845262,1.336217],[103.845276,1.336203],[103.845268,1.336195],[103.845292,1.336172]]]}},{"type":"Feature","properties":{"block_id":"6443","blk_no":"138C","postal_code":"313138","region_id":"CR","region":"CENTRAL REGION","planning_area_id":"TP","planning_area":"TOA PAYOH","subzone_id":"TPSZ02","subzone":"TOA PAYOH CENTRAL","lon":103.8448,"lat":1.3363,"property_match":"MATCHED","property_match_confidence":"HIGH","street":"LOR 1A TOA PAYOH","residential":"Y","year_completed":2012,"building_age_2026":14,"max_floor_lvl":40,"total_dwelling_units":237,"small_flat_share_pct":8.02,"rental_share_pct":0.0,"footprint_area_m2":833.1,"estimated_residents_2026":710.1,"estimated_elderly_65plus_2026":133.0,"estimated_elderly_share_pct":18.73,"elderly_exposure_score":95.5,"elderly_exposure_class":"VERY HIGH","estimate_confidence":"HIGH","display_name":"Block 138C"},"geometry":{"type":"Polygon","coordinates":[[[103.844573,1.336172],[103.844633,1.336222],[103.844645,1.33621],[103.844631,1.336199],[103.844643,1.336187],[103.84463,1.336174],[103.844658,1.336146],[103.844747,1.336214],[103.844731,1.336231],[103.84474,1.33624],[103.844762,1.336247],[103.844762,1.336231],[103.844788,1.336231],[103.844788,1.336247],[103.844821,1.336247],[103.844797,1.336223],[103.844827,1.336194],[103.844805,1.336166],[103.84485,1.336136],[103.844888,1.336152],[103.8449,1.336141],[103.844921,1.336162],[103.844909,1.336173],[103.844924,1.336169],[103.844996,1.336241],[103.844986,1.336251],[103.845023,1.336287],[103.845012,1.336298],[103.845029,1.336315],[103.845015,1.336329],[103.845023,1.336337],[103.844999,1.336361],[103.844939,1.33631],[103.844927,1.336322],[103.844941,1.336334],[103.844929,1.336345],[103.844942,1.336358],[103.844914,1.336386],[103.844825,1.336319],[103.844841,1.336302],[103.844819,1.336285],[103.84481,1.336285],[103.84481,1.336301],[103.844762,1.336301],[103.844762,1.336285],[103.844711,1.336285],[103.844722,1.336316],[103.844767,1.336367],[103.844743,1.33639],[103.844736,1.336383],[103.844722,1.336397],[103.844704,1.33638],[103.844694,1.33639],[103.844657,1.336354],[103.844648,1.336364],[103.844576,1.336291],[103.844586,1.336282],[103.844549,1.336245],[103.84456,1.336234],[103.844543,1.336217],[103.844557,1.336203],[103.844549,1.336195],[103.844573,1.336172]]]}},{"type":"Feature","properties":{"block_id":"8613","blk_no":"139","postal_code":"310139","region_id":"CR","region":"CENTRAL REGION","planning_area_id":"TP","planning_area":"TOA PAYOH","subzone_id":"TPSZ02","subzone":"TOA PAYOH CENTRAL","lon":103.8443,"lat":1.3362,"property_match":"MATCHED","property_match_confidence":"HIGH","street":"LOR 1A TOA PAYOH","residential":"N","year_completed":2012,"building_age_2026":14,"max_floor_lvl":1,"total_dwelling_units":0,"small_flat_share_pct":null,"rental_share_pct":null,"footprint_area_m2":275.9,"estimated_residents_2026":0.0,"estimated_elderly_65plus_2026":0.0,"estimated_elderly_share_pct":null,"elderly_exposure_score":null,"elderly_exposure_class":null,"estimate_confidence":"HIGH","display_name":"Block 139"},"geometry":{"type":"Polygon","coordinates":[[[103.844446,1.33618],[103.844446,1.336288],[103.84424,1.336288],[103.84424,1.33618],[103.844446,1.33618]]]}},{"type":"Feature","properties":{"block_id":"8887","blk_no":"139A","postal_code":"311139","region_id":"CR","region":"CENTRAL REGION","planning_area_id":"TP","planning_area":"TOA PAYOH","subzone_id":"TPSZ02","subzone":"TOA PAYOH CENTRAL","lon":103.8439,"lat":1.3363,"property_match":"MATCHED","property_match_confidence":"HIGH","street":"LOR 1A TOA PAYOH","residential":"Y","year_completed":2012,"building_age_2026":14,"max_floor_lvl":40,"total_dwelling_units":237,"small_flat_share_pct":8.02,"rental_share_pct":0.0,"footprint_area_m2":833.1,"estimated_residents_2026":710.1,"estimated_elderly_65plus_2026":133.0,"estimated_elderly_share_pct":18.73,"elderly_exposure_score":95.5,"elderly_exposure_class":"VERY HIGH","estimate_confidence":"HIGH","display_name":"Block 139A"},"geometry":{"type":"Polygon","coordinates":[[[103.84371,1.336185],[103.843771,1.336236],[103.843783,1.336224],[103.843769,1.336212],[103.84378,1.336201],[103.843768,1.336188],[103.843796,1.33616],[103.843885,1.336227],[103.843868,1.336244],[103.843878,1.336254],[103.843899,1.336261],[103.843899,1.336245],[103.843925,1.336245],[103.843925,1.336261],[103.843959,1.336261],[103.843935,1.336237],[103.843964,1.336207],[103.843943,1.336179],[103.843988,1.336149],[103.844026,1.336166],[103.844037,1.336154],[103.844058,1.336176],[103.844047,1.336187],[103.844061,1.336183],[103.844133,1.336255],[103.844124,1.336264],[103.84416,1.336301],[103.844149,1.336312],[103.844166,1.336329],[103.844152,1.336343],[103.84416,1.336351],[103.844136,1.336374],[103.844076,1.336324],[103.844064,1.336336],[103.844078,1.336348],[103.844067,1.336359],[103.844079,1.336372],[103.844051,1.3364],[103.843962,1.336333],[103.843979,1.336316],[103.843957,1.336299],[103.843948,1.336299],[103.843948,1.336315],[103.843899,1.336315],[103.843899,1.336299],[103.843849,1.336299],[103.843859,1.33633],[103.843904,1.33638],[103.843881,1.336404],[103.843873,1.336396],[103.843859,1.33641],[103.843842,1.336393],[103.843831,1.336404],[103.843795,1.336368],[103.843785,1.336377],[103.843714,1.336305],[103.843723,1.336295],[103.843687,1.336259],[103.843698,1.336248],[103.843681,1.336231],[103.843695,1.336217],[103.843687,1.336209],[103.84371,1.336185]]]}},{"type":"Feature","properties":{"block_id":"4937","blk_no":"139B","postal_code":"312139","region_id":"CR","region":"CENTRAL REGION","planning_area_id":"TP","planning_area":"TOA PAYOH","subzone_id":"TPSZ02","subzone":"TOA PAYOH CENTRAL","lon":103.844,"lat":1.3367,"property_match":"MATCHED","property_match_confidence":"HIGH","street":"LOR 1A TOA PAYOH","residential":"Y","year_completed":2012,"building_age_2026":14,"max_floor_lvl":42,"total_dwelling_units":246,"small_flat_share_pct":7.72,"rental_share_pct":0.0,"footprint_area_m2":847.0,"estimated_residents_2026":737.5,"estimated_elderly_65plus_2026":138.0,"estimated_elderly_share_pct":18.71,"elderly_exposure_score":96.0,"elderly_exposure_class":"VERY HIGH","estimate_confidence":"HIGH","display_name":"Block 139B"},"geometry":{"type":"Polygon","coordinates":[[[103.843787,1.336614],[103.843847,1.336665],[103.843859,1.336653],[103.843845,1.336641],[103.843856,1.33663],[103.843844,1.336617],[103.843872,1.336589],[103.843961,1.336656],[103.843944,1.336673],[103.843966,1.33669],[103.843975,1.33669],[103.843975,1.336673],[103.844024,1.336673],[103.844024,1.33669],[103.844075,1.33669],[103.844064,1.336659],[103.844019,1.336608],[103.844042,1.336585],[103.84405,1.336592],[103.844064,1.336578],[103.844081,1.336596],[103.844092,1.336585],[103.844128,1.336621],[103.844138,1.336612],[103.844209,1.336684],[103.8442,1.336693],[103.844236,1.33673],[103.844225,1.336741],[103.844243,1.336758],[103.844229,1.336772],[103.844236,1.33678],[103.844213,1.336803],[103.844152,1.336753],[103.84414,1.336765],[103.844154,1.336777],[103.844143,1.336788],[103.844155,1.336801],[103.844128,1.336829],[103.844067,1.336779],[103.844061,1.336785],[103.844038,1.336762],[103.844055,1.336745],[103.844024,1.336728],[103.844024,1.336742],[103.843978,1.336742],[103.844001,1.336765],[103.843974,1.336792],[103.84398,1.336809],[103.843957,1.336833],[103.843949,1.336825],[103.843935,1.33684],[103.843897,1.336823],[103.843886,1.336834],[103.843865,1.336813],[103.843876,1.336802],[103.843862,1.336806],[103.84379,1.336734],[103.843799,1.336724],[103.843763,1.336688],[103.843774,1.336677],[103.843757,1.33666],[103.843771,1.336646],[103.843763,1.336638],[103.843787,1.336614]]]}},{"type":"Feature","properties":{"block_id":"7548","blk_no":"141","postal_code":"311141","region_id":"CR","region":"CENTRAL REGION","planning_area_id":"TP","planning_area":"TOA PAYOH","subzone_id":"TPSZ02","subzone":"TOA PAYOH CENTRAL","lon":103.8459,"lat":1.3357,"property_match":"MATCHED","property_match_confidence":"HIGH","street":"LOR 2 TOA PAYOH","residential":"Y","year_completed":1999,"building_age_2026":27,"max_floor_lvl":30,"total_dwelling_units":173,"small_flat_share_pct":0.0,"rental_share_pct":0.0,"footprint_area_m2":1027.3,"estimated_residents_2026":492.3,"estimated_elderly_65plus_2026":99.1,"estimated_elderly_share_pct":20.12,"elderly_exposure_score":87.2,"elderly_exposure_class":"VERY HIGH","estimate_confidence":"HIGH","display_name":"Block 141"},"geometry":{"type":"Polygon","coordinates":[[[103.845878,1.33577],[103.845817,1.335763],[103.845817,1.335714],[103.84584,1.335714],[103.84584,1.335679],[103.845804,1.335679],[103.845804,1.335663],[103.845788,1.335663],[103.845788,1.335675],[103.845747,1.335677],[103.845747,1.335584],[103.845833,1.335584],[103.845833,1.335597],[103.845896,1.335597],[103.845896,1.335584],[103.845982,1.335584],[103.845982,1.335677],[103.845941,1.335675],[103.845941,1.335661],[103.845928,1.335661],[103.845925,1.335679],[103.845886,1.335679],[103.845886,1.335693],[103.845948,1.335693],[103.845948,1.33571],[103.845975,1.33571],[103.845975,1.335759],[103.845948,1.335759],[103.845948,1.335778],[103.845913,1.335778],[103.845913,1.335791],[103.845934,1.335791],[103.845934,1.335812],[103.84595,1.335812],[103.84595,1.335794],[103.845959,1.335791],[103.846015,1.335791],[103.846015,1.335873],[103.845975,1.335873],[103.845975,1.335884],[103.845882,1.335897],[103.845882,1.335884],[103.845498,1.335887],[103.845486,1.335885],[103.845486,1.335872],[103.845447,1.335872],[103.845447,1.335791],[103.845512,1.335794],[103.845512,1.335813],[103.845528,1.335813],[103.845528,1.335791],[103.845631,1.335791],[103.84564,1.335794],[103.84564,1.33581],[103.845655,1.33581],[103.845655,1.335791],[103.845701,1.335791],[103.845701,1.33581],[103.845716,1.33581],[103.845716,1.335794],[103.845725,1.335791],[103.845836,1.335791],[103.845836,1.335813],[103.84586,1.335813],[103.84586,1.335791],[103.845875,1.335791],[103.845878,1.33577]]]}},{"type":"Feature","properties":{"block_id":"3928","blk_no":"141A","postal_code":"310141","region_id":"CR","region":"CENTRAL REGION","planning_area_id":"TP","planning_area":"TOA PAYOH","subzone_id":"TPSZ02","subzone":"TOA PAYOH CENTRAL","lon":103.8456,"lat":1.3352,"property_match":"MATCHED","property_match_confidence":"HIGH","street":"LOR 2 TOA PAYOH","residential":"N","year_completed":1999,"building_age_2026":27,"max_floor_lvl":6,"total_dwelling_units":0,"small_flat_share_pct":null,"rental_share_pct":null,"footprint_area_m2":2788.2,"estimated_residents_2026":0.0,"estimated_elderly_65plus_2026":0.0,"estimated_elderly_share_pct":null,"elderly_exposure_score":null,"elderly_exposure_class":null,"estimate_confidence":"HIGH","display_name":"Block 141A"},"geometry":{"type":"Polygon","coordinates":[[[103.845842,1.334987],[103.845842,1.335463],[103.845366,1.335463],[103.845366,1.334987],[103.845842,1.334987]]]}},{"type":"Feature","properties":{"block_id":"2618","blk_no":"142","postal_code":"310142","region_id":"CR","region":"CENTRAL REGION","planning_area_id":"TP","planning_area":"TOA PAYOH","subzone_id":"TPSZ02","subzone":"TOA PAYOH CENTRAL","lon":103.845,"lat":1.3357,"property_match":"MATCHED","property_match_confidence":"HIGH","street":"LOR 2 TOA PAYOH","residential":"Y","year_completed":1999,"building_age_2026":27,"max_floor_lvl":30,"total_dwelling_units":173,"small_flat_share_pct":0.0,"rental_share_pct":0.0,"footprint_area_m2":1027.4,"estimated_residents_2026":492.3,"estimated_elderly_65plus_2026":99.1,"estimated_elderly_share_pct":20.12,"elderly_exposure_score":87.2,"elderly_exposure_class":"VERY HIGH","estimate_confidence":"HIGH","display_name":"Block 142"},"geometry":{"type":"Polygon","coordinates":[[[103.845447,1.335872],[103.845408,1.335872],[103.845408,1.335885],[103.845396,1.335887],[103.845013,1.335884],[103.845013,1.335897],[103.844919,1.335885],[103.844919,1.335873],[103.844879,1.335873],[103.844879,1.335792],[103.844936,1.335792],[103.844945,1.335794],[103.844945,1.335812],[103.84496,1.335812],[103.84496,1.335791],[103.844981,1.335791],[103.844981,1.335778],[103.844946,1.335778],[103.844946,1.335759],[103.844919,1.335759],[103.844919,1.335711],[103.844946,1.335711],[103.844946,1.335693],[103.845008,1.335693],[103.845008,1.33568],[103.844969,1.33568],[103.844966,1.335662],[103.844953,1.335662],[103.844953,1.335675],[103.844912,1.335677],[103.844912,1.335584],[103.844999,1.335584],[103.844999,1.335597],[103.845061,1.335597],[103.845061,1.335584],[103.845147,1.335584],[103.845147,1.335677],[103.845106,1.335675],[103.845106,1.335664],[103.845091,1.335664],[103.845091,1.335679],[103.845054,1.335679],[103.845054,1.335714],[103.845077,1.335714],[103.845077,1.335763],[103.845016,1.335763],[103.845013,1.33578],[103.845019,1.335791],[103.845034,1.335791],[103.845034,1.335813],[103.845058,1.335813],[103.845058,1.335791],[103.845169,1.335791],[103.845178,1.335794],[103.845178,1.33581],[103.845193,1.33581],[103.845193,1.335791],[103.845239,1.335791],[103.845239,1.33581],[103.845255,1.33581],[103.845255,1.335794],[103.845263,1.335791],[103.845367,1.335791],[103.845367,1.335813],[103.845382,1.335813],[103.845382,1.335794],[103.845447,1.335791],[103.845447,1.335872]]]}},{"type":"Feature","properties":{"block_id":"4222","blk_no":"142A","postal_code":"311142","region_id":"CR","region":"CENTRAL REGION","planning_area_id":"TP","planning_area":"TOA PAYOH","subzone_id":"TPSZ02","subzone":"TOA PAYOH CENTRAL","lon":103.8447,"lat":1.3356,"property_match":"MATCHED","property_match_confidence":"HIGH","street":"LOR 2 TOA PAYOH","residential":"N","year_completed":1999,"building_age_2026":27,"max_floor_lvl":1,"total_dwelling_units":0,"small_flat_share_pct":null,"rental_share_pct":null,"footprint_area_m2":280.7,"estimated_residents_2026":0.0,"estimated_elderly_65plus_2026":0.0,"estimated_elderly_share_pct":null,"elderly_exposure_score":null,"elderly_exposure_class":null,"estimate_confidence":"HIGH","display_name":"Block 142A"},"geometry":{"type":"Polygon","coordinates":[[[103.844782,1.335594],[103.844782,1.335704],[103.844575,1.335704],[103.844575,1.335594],[103.844782,1.335594]]]}},{"type":"Feature","properties":{"block_id":"6846","blk_no":"143","postal_code":"310143","region_id":"CR","region":"CENTRAL REGION","planning_area_id":"TP","planning_area":"TOA PAYOH","subzone_id":"TPSZ02","subzone":"TOA PAYOH CENTRAL","lon":103.8438,"lat":1.3358,"property_match":"MATCHED","property_match_confidence":"HIGH","street":"LOR 2 TOA PAYOH","residential":"Y","year_completed":2000,"building_age_2026":26,"max_floor_lvl":30,"total_dwelling_units":183,"small_flat_share_pct":0.0,"rental_share_pct":0.0,"footprint_area_m2":1175.4,"estimated_residents_2026":529.7,"estimated_elderly_65plus_2026":104.1,"estimated_elderly_share_pct":19.65,"elderly_exposure_score":89.2,"elderly_exposure_class":"VERY HIGH","estimate_confidence":"HIGH","display_name":"Block 143"},"geometry":{"type":"Polygon","coordinates":[[[103.843999,1.335932],[103.843754,1.335941],[103.843754,1.335931],[103.843702,1.335931],[103.843702,1.335914],[103.843648,1.335914],[103.843648,1.335839],[103.843714,1.335841],[103.843714,1.33586],[103.843729,1.33586],[103.843729,1.335839],[103.843754,1.335839],[103.843754,1.335824],[103.843718,1.335824],[103.843718,1.335806],[103.843691,1.335806],[103.843691,1.335756],[103.843718,1.335757],[103.843718,1.335739],[103.84378,1.335739],[103.84378,1.335724],[103.843741,1.335724],[103.843741,1.335706],[103.843725,1.335706],[103.843725,1.335721],[103.843684,1.335722],[103.843684,1.335632],[103.84377,1.335632],[103.84377,1.335647],[103.843832,1.335647],[103.843832,1.335632],[103.843918,1.335632],[103.843918,1.335722],[103.843877,1.335721],[103.843877,1.335706],[103.843862,1.335706],[103.843862,1.335724],[103.843825,1.335724],[103.843825,1.33576],[103.843848,1.33576],[103.843848,1.335809],[103.843783,1.335814],[103.843791,1.335836],[103.843805,1.335837],[103.843805,1.335857],[103.843821,1.335857],[103.843821,1.335838],[103.84383,1.335836],[103.843945,1.335836],[103.843954,1.335838],[103.843955,1.335857],[103.84397,1.335857],[103.84397,1.335836],[103.844016,1.335836],[103.844016,1.335857],[103.844031,1.335857],[103.844031,1.335838],[103.84404,1.335836],[103.844156,1.335836],[103.844165,1.335838],[103.844165,1.335857],[103.84418,1.335857],[103.84418,1.335836],[103.844251,1.335836],[103.844251,1.335857],[103.844266,1.335857],[103.844266,1.335838],[103.844335,1.335836],[103.844335,1.335921],[103.844308,1.335921],[103.844308,1.335939],[103.843999,1.335932]]]}},{"type":"Feature","properties":{"block_id":"3221","blk_no":"144","postal_code":"310144","region_id":"CR","region":"CENTRAL REGION","planning_area_id":"TP","planning_area":"TOA PAYOH","subzone_id":"TPSZ02","subzone":"TOA PAYOH CENTRAL","lon":103.8442,"lat":1.3355,"property_match":"MATCHED","property_match_confidence":"HIGH","street":"LOR 2 TOA PAYOH","residential":"Y","year_completed":2000,"building_age_2026":26,"max_floor_lvl":30,"total_dwelling_units":183,"small_flat_share_pct":0.0,"rental_share_pct":0.0,"footprint_area_m2":1175.4,"estimated_residents_2026":529.7,"estimated_elderly_65plus_2026":104.1,"estimated_elderly_share_pct":19.65,"elderly_exposure_score":89.2,"elderly_exposure_class":"VERY HIGH","estimate_confidence":"HIGH","display_name":"Block 144"},"geometry":{"type":"Polygon","coordinates":[[[103.844189,1.335399],[103.844064,1.335397],[103.844064,1.335378],[103.844049,1.335378],[103.844049,1.335399],[103.844003,1.335399],[103.844003,1.335378],[103.843988,1.335378],[103.843988,1.335397],[103.843979,1.335399],[103.843863,1.335399],[103.843854,1.335397],[103.843854,1.335378],[103.843838,1.335378],[103.843838,1.335399],[103.843767,1.335399],[103.843767,1.335378],[103.843752,1.335378],[103.843752,1.335397],[103.843684,1.335399],[103.843684,1.335314],[103.843711,1.335314],[103.843711,1.335297],[103.844156,1.335303],[103.844156,1.335296],[103.844264,1.335294],[103.844264,1.335304],[103.844317,1.335304],[103.844317,1.335321],[103.84437,1.335321],[103.84437,1.335396],[103.844305,1.335394],[103.844305,1.335375],[103.84429,1.335375],[103.84429,1.335396],[103.844264,1.335396],[103.844264,1.335411],[103.8443,1.335411],[103.8443,1.335429],[103.844327,1.335429],[103.844327,1.335479],[103.8443,1.335479],[103.8443,1.335496],[103.844238,1.335496],[103.844238,1.335511],[103.844278,1.335511],[103.844278,1.335529],[103.844293,1.335529],[103.844293,1.335514],[103.844335,1.335514],[103.844335,1.335603],[103.844248,1.335603],[103.844248,1.335588],[103.844186,1.335588],[103.844186,1.335603],[103.8441,1.335603],[103.8441,1.335514],[103.844141,1.335514],[103.844141,1.335529],[103.844157,1.335529],[103.844157,1.335511],[103.844193,1.335511],[103.844193,1.335476],[103.844171,1.335476],[103.844171,1.335426],[103.844231,1.335426],[103.844236,1.33541],[103.844213,1.335399],[103.844213,1.335378],[103.844198,1.335378],[103.844198,1.335397],[103.844189,1.335399]]]}},{"type":"Feature","properties":{"block_id":"5095","blk_no":"145","postal_code":"310145","region_id":"CR","region":"CENTRAL REGION","planning_area_id":"TP","planning_area":"TOA PAYOH","subzone_id":"TPSZ02","subzone":"TOA PAYOH CENTRAL","lon":103.8462,"lat":1.3352,"property_match":"MATCHED","property_match_confidence":"HIGH","street":"LOR 2 TOA PAYOH","residential":"Y","year_completed":2005,"building_age_2026":21,"max_floor_lvl":40,"total_dwelling_units":234,"small_flat_share_pct":0.0,"rental_share_pct":0.0,"footprint_area_m2":818.1,"estimated_residents_2026":641.7,"estimated_elderly_65plus_2026":135.9,"estimated_elderly_share_pct":21.18,"elderly_exposure_score":95.9,"elderly_exposure_class":"VERY HIGH","estimate_confidence":"HIGH","display_name":"Block 145"},"geometry":{"type":"Polygon","coordinates":[[[103.846178,1.335148],[103.84614,1.335148],[103.846138,1.335106],[103.84617,1.335106],[103.846167,1.335079],[103.846229,1.335079],[103.846227,1.335103],[103.846278,1.335103],[103.846275,1.335074],[103.846337,1.335074],[103.846334,1.3351],[103.846367,1.3351],[103.846364,1.335148],[103.846326,1.335148],[103.846326,1.335171],[103.846288,1.335171],[103.846298,1.33521],[103.846337,1.33521],[103.84634,1.335252],[103.846307,1.335252],[103.84631,1.335282],[103.846248,1.335282],[103.846251,1.335258],[103.846169,1.335256],[103.846169,1.335276],[103.846207,1.335276],[103.84621,1.335323],[103.846177,1.335323],[103.84618,1.33535],[103.846118,1.33535],[103.846121,1.335321],[103.846069,1.335321],[103.846072,1.33535],[103.84601,1.33535],[103.846013,1.335324],[103.84598,1.335324],[103.845983,1.335276],[103.846021,1.335276],[103.846021,1.335253],[103.846054,1.335253],[103.846054,1.335237],[103.846012,1.335237],[103.846012,1.335214],[103.845975,1.335214],[103.845972,1.335163],[103.846005,1.335163],[103.846002,1.335135],[103.846064,1.335135],[103.846061,1.335148],[103.846135,1.335139],[103.846135,1.335168],[103.846178,1.335168],[103.846178,1.335148]]]}},{"type":"Feature","properties":{"block_id":"512","blk_no":"146","postal_code":"310146","region_id":"CR","region":"CENTRAL REGION","planning_area_id":"TP","planning_area":"TOA PAYOH","subzone_id":"TPSZ02","subzone":"TOA PAYOH CENTRAL","lon":103.8464,"lat":1.3347,"property_match":"MATCHED","property_match_confidence":"HIGH","street":"LOR 2 TOA PAYOH","residential":"Y","year_completed":2005,"building_age_2026":21,"max_floor_lvl":40,"total_dwelling_units":234,"small_flat_share_pct":0.0,"rental_share_pct":0.0,"footprint_area_m2":818.1,"estimated_residents_2026":641.7,"estimated_elderly_65plus_2026":135.9,"estimated_elderly_share_pct":21.18,"elderly_exposure_score":95.9,"elderly_exposure_class":"VERY HIGH","estimate_confidence":"HIGH","display_name":"Block 146"},"geometry":{"type":"Polygon","coordinates":[[[103.846458,1.33456],[103.846456,1.334533],[103.846518,1.334533],[103.846515,1.334557],[103.846566,1.334557],[103.846564,1.334528],[103.846596,1.334525],[103.846626,1.334528],[103.846623,1.334554],[103.846655,1.334554],[103.846652,1.334602],[103.846615,1.334602],[103.846615,1.334625],[103.846577,1.334625],[103.846586,1.334664],[103.846626,1.334664],[103.846628,1.334706],[103.846596,1.334706],[103.846599,1.334736],[103.846569,1.334739],[103.846537,1.334736],[103.846539,1.334712],[103.846457,1.334709],[103.846457,1.334729],[103.846495,1.334729],[103.846498,1.334777],[103.846466,1.334777],[103.846468,1.334803],[103.846406,1.334803],[103.846409,1.334775],[103.846358,1.334775],[103.84636,1.334803],[103.846298,1.334803],[103.846301,1.334777],[103.846269,1.334777],[103.846271,1.334729],[103.846309,1.334729],[103.846309,1.334707],[103.846343,1.334707],[103.846343,1.33469],[103.8463,1.33469],[103.8463,1.334667],[103.846263,1.334667],[103.846261,1.334617],[103.846293,1.334617],[103.84629,1.334589],[103.846323,1.334586],[103.846352,1.334589],[103.84635,1.334602],[103.846423,1.334593],[103.846423,1.334622],[103.846466,1.334622],[103.846466,1.334602],[103.846429,1.334602],[103.846426,1.33456],[103.846458,1.33456]]]}},{"type":"Feature","properties":{"block_id":"5184","blk_no":"146A","postal_code":"311146","region_id":"CR","region":"CENTRAL REGION","planning_area_id":"TP","planning_area":"TOA PAYOH","subzone_id":"TPSZ02","subzone":"TOA PAYOH CENTRAL","lon":103.8457,"lat":1.3345,"property_match":"MATCHED","property_match_confidence":"HIGH","street":"LOR 2 TOA PAYOH","residential":"N","year_completed":2004,"building_age_2026":22,"max_floor_lvl":5,"total_dwelling_units":0,"small_flat_share_pct":null,"rental_share_pct":null,"footprint_area_m2":5370.3,"estimated_residents_2026":0.0,"estimated_elderly_65plus_2026":0.0,"estimated_elderly_share_pct":null,"elderly_exposure_score":null,"elderly_exposure_class":null,"estimate_confidence":"HIGH","display_name":"Block 146A"},"geometry":{"type":"Polygon","coordinates":[[[103.845143,1.33451],[103.845143,1.334211],[103.845211,1.334211],[103.845211,1.334201],[103.845718,1.334201],[103.845718,1.334166],[103.845836,1.334177],[103.845836,1.334206],[103.845825,1.334206],[103.845823,1.33454],[103.846187,1.334539],[103.846187,1.334857],[103.845777,1.334851],[103.845777,1.334841],[103.845712,1.334841],[103.845712,1.334851],[103.845607,1.334851],[103.845607,1.334862],[103.845505,1.334862],[103.845505,1.33454],[103.845618,1.33454],[103.845618,1.334512],[103.845251,1.334513],[103.845251,1.334548],[103.845191,1.334548],[103.845191,1.334538],[103.845165,1.334538],[103.845165,1.33451],[103.845143,1.33451]]]}},{"type":"Feature","properties":{"block_id":"7735","blk_no":"147","postal_code":"310147","region_id":"CR","region":"CENTRAL REGION","planning_area_id":"TP","planning_area":"TOA PAYOH","subzone_id":"TPSZ02","subzone":"TOA PAYOH CENTRAL","lon":103.8451,"lat":1.3345,"property_match":"MATCHED","property_match_confidence":"HIGH","street":"LOR 2 TOA PAYOH","residential":"Y","year_completed":2004,"building_age_2026":22,"max_floor_lvl":40,"total_dwelling_units":229,"small_flat_share_pct":0.0,"rental_share_pct":0.0,"footprint_area_m2":840.5,"estimated_residents_2026":649.3,"estimated_elderly_65plus_2026":131.3,"estimated_elderly_share_pct":20.22,"elderly_exposure_score":95.3,"elderly_exposure_class":"VERY HIGH","estimate_confidence":"HIGH","display_name":"Block 147"},"geometry":{"type":"Polygon","coordinates":[[[103.84513,1.334483],[103.845165,1.334483],[103.845162,1.334469],[103.845224,1.334469],[103.845222,1.334497],[103.845254,1.334497],[103.845251,1.334548],[103.845214,1.334548],[103.845214,1.334571],[103.845203,1.334571],[103.845203,1.334587],[103.84524,1.334587],[103.84524,1.33461],[103.845278,1.33461],[103.845281,1.334658],[103.845249,1.334658],[103.845251,1.334684],[103.845189,1.334684],[103.845192,1.334658],[103.845141,1.334658],[103.845143,1.334679],[103.845081,1.334679],[103.845084,1.334652],[103.845052,1.334652],[103.845054,1.33461],[103.845092,1.33461],[103.845092,1.33459],[103.845046,1.33459],[103.845046,1.334619],[103.844973,1.33461],[103.844975,1.334623],[103.844946,1.334626],[103.844913,1.334623],[103.844916,1.334595],[103.844884,1.334595],[103.844886,1.334545],[103.844923,1.334545],[103.844923,1.334522],[103.844966,1.334522],[103.844966,1.334505],[103.844932,1.334505],[103.844932,1.334483],[103.844894,1.334483],[103.844892,1.334435],[103.844924,1.334435],[103.844921,1.334409],[103.844983,1.334409],[103.844981,1.334435],[103.845032,1.334435],[103.845029,1.334409],[103.845091,1.334409],[103.845089,1.334435],[103.845121,1.334435],[103.845118,1.334483],[103.84508,1.334483],[103.84508,1.334503],[103.84513,1.334503],[103.84513,1.334483]]]}},{"type":"Feature","properties":{"block_id":"4121","blk_no":"147A","postal_code":"311147","region_id":"CR","region":"CENTRAL REGION","planning_area_id":"TP","planning_area":"TOA PAYOH","subzone_id":"TPSZ02","subzone":"TOA PAYOH CENTRAL","lon":103.8454,"lat":1.3347,"property_match":"MATCHED","property_match_confidence":"HIGH","street":"LOR 2 TOA PAYOH","residential":"N","year_completed":2005,"building_age_2026":21,"max_floor_lvl":1,"total_dwelling_units":0,"small_flat_share_pct":null,"rental_share_pct":null,"footprint_area_m2":234.1,"estimated_residents_2026":0.0,"estimated_elderly_65plus_2026":0.0,"estimated_elderly_share_pct":null,"elderly_exposure_score":null,"elderly_exposure_class":null,"estimate_confidence":"HIGH","display_name":"Block 147A"},"geometry":{"type":"Polygon","coordinates":[[[103.845417,1.334573],[103.845417,1.334749],[103.845309,1.334749],[103.845309,1.334573],[103.845417,1.334573]]]}},{"type":"Feature","properties":{"block_id":"3217","blk_no":"147B","postal_code":"312147","region_id":"CR","region":"CENTRAL REGION","planning_area_id":"TP","planning_area":"TOA PAYOH","subzone_id":"TPSZ02","subzone":"TOA PAYOH CENTRAL","lon":103.8452,"lat":1.334,"property_match":"MATCHED","property_match_confidence":"HIGH","street":"LOR 2 TOA PAYOH","residential":"N","year_completed":2005,"building_age_2026":21,"max_floor_lvl":1,"total_dwelling_units":0,"small_flat_share_pct":null,"rental_share_pct":null,"footprint_area_m2":234.1,"estimated_residents_2026":0.0,"estimated_elderly_65plus_2026":0.0,"estimated_elderly_share_pct":null,"elderly_exposure_score":null,"elderly_exposure_class":null,"estimate_confidence":"HIGH","display_name":"Block 147B"},"geometry":{"type":"Polygon","coordinates":[[[103.84523,1.333897],[103.84523,1.334073],[103.845122,1.334073],[103.845122,1.333897],[103.84523,1.333897]]]}},{"type":"Feature","properties":{"block_id":"5719","blk_no":"148","postal_code":"310148","region_id":"CR","region":"CENTRAL REGION","planning_area_id":"TP","planning_area":"TOA PAYOH","subzone_id":"TPSZ02","subzone":"TOA PAYOH CENTRAL","lon":103.8435,"lat":1.3349,"property_match":"MATCHED","property_match_confidence":"HIGH","street":"LOR 1 TOA PAYOH","residential":"Y","year_completed":1971,"building_age_2026":55,"max_floor_lvl":11,"total_dwelling_units":180,"small_flat_share_pct":100.0,"rental_share_pct":100.0,"footprint_area_m2":1187.8,"estimated_residents_2026":387.0,"estimated_elderly_65plus_2026":106.5,"estimated_elderly_share_pct":27.52,"elderly_exposure_score":90.1,"elderly_exposure_class":"VERY HIGH","estimate_confidence":"HIGH","display_name":"Block 148"},"geometry":{"type":"Polygon","coordinates":[[[103.844014,1.334626],[103.844016,1.334741],[103.843516,1.334742],[103.843516,1.334776],[103.843587,1.334772],[103.843588,1.335089],[103.843473,1.33509],[103.843474,1.334757],[103.843493,1.334757],[103.843493,1.334637],[103.84353,1.334636],[103.84353,1.334627],[103.844014,1.334626]]]}},{"type":"Feature","properties":{"block_id":"4237","blk_no":"149","postal_code":"310149","region_id":"CR","region":"CENTRAL REGION","planning_area_id":"TP","planning_area":"TOA PAYOH","subzone_id":"TPSZ02","subzone":"TOA PAYOH CENTRAL","lon":103.8437,"lat":1.334,"property_match":"MATCHED","property_match_confidence":"HIGH","street":"LOR 1 TOA PAYOH","residential":"Y","year_completed":1971,"building_age_2026":55,"max_floor_lvl":11,"total_dwelling_units":180,"small_flat_share_pct":100.0,"rental_share_pct":100.0,"footprint_area_m2":1183.5,"estimated_residents_2026":387.0,"estimated_elderly_65plus_2026":106.5,"estimated_elderly_share_pct":27.52,"elderly_exposure_score":90.1,"elderly_exposure_class":"VERY HIGH","estimate_confidence":"HIGH","display_name":"Block 149"},"geometry":{"type":"Polygon","coordinates":[[[103.843644,1.333859],[103.843644,1.333736],[103.843681,1.333736],[103.843682,1.333727],[103.844167,1.333726],[103.844168,1.33384],[103.843667,1.333843],[103.843667,1.333878],[103.843738,1.333873],[103.843738,1.334191],[103.843625,1.334191],[103.843625,1.333859],[103.843644,1.333859]]]}},{"type":"Feature","properties":{"block_id":"4526","blk_no":"150","postal_code":"310150","region_id":"CR","region":"CENTRAL REGION","planning_area_id":"TP","planning_area":"TOA PAYOH","subzone_id":"TPSZ02","subzone":"TOA PAYOH CENTRAL","lon":103.8444,"lat":1.334,"property_match":"MATCHED","property_match_confidence":"HIGH","street":"LOR 1 TOA PAYOH","residential":"Y","year_completed":1971,"building_age_2026":55,"max_floor_lvl":11,"total_dwelling_units":180,"small_flat_share_pct":100.0,"rental_share_pct":100.0,"footprint_area_m2":1184.7,"estimated_residents_2026":387.0,"estimated_elderly_65plus_2026":106.5,"estimated_elderly_share_pct":27.52,"elderly_exposure_score":90.1,"elderly_exposure_class":"VERY HIGH","estimate_confidence":"HIGH","display_name":"Block 150"},"geometry":{"type":"Polygon","coordinates":[[[103.844495,1.334189],[103.844381,1.33419],[103.844381,1.333857],[103.8444,1.333857],[103.8444,1.333737],[103.844437,1.333736],[103.844437,1.333727],[103.844922,1.333728],[103.844923,1.333842],[103.844423,1.333843],[103.844423,1.333876],[103.844494,1.333873],[103.844495,1.334189]]]}},{"type":"Feature","properties":{"block_id":"5117","blk_no":"152","postal_code":"310152","region_id":"CR","region":"CENTRAL REGION","planning_area_id":"TP","planning_area":"TOA PAYOH","subzone_id":"TPSZ02","subzone":"TOA PAYOH CENTRAL","lon":103.8459,"lat":1.3342,"property_match":"MATCHED","property_match_confidence":"HIGH","street":"LOR 2 TOA PAYOH","residential":"Y","year_completed":2005,"building_age_2026":21,"max_floor_lvl":40,"total_dwelling_units":229,"small_flat_share_pct":0.0,"rental_share_pct":0.0,"footprint_area_m2":840.5,"estimated_residents_2026":649.3,"estimated_elderly_65plus_2026":131.3,"estimated_elderly_share_pct":20.22,"elderly_exposure_score":95.3,"elderly_exposure_class":"VERY HIGH","estimate_confidence":"HIGH","display_name":"Block 152"},"geometry":{"type":"Polygon","coordinates":[[[103.845839,1.334214],[103.845839,1.334231],[103.845804,1.334231],[103.845807,1.334245],[103.845777,1.334247],[103.845745,1.334245],[103.845747,1.334217],[103.845715,1.334217],[103.845718,1.334166],[103.845754,1.334166],[103.845754,1.334143],[103.845766,1.334143],[103.845766,1.334127],[103.845728,1.334127],[103.845728,1.334104],[103.845691,1.334104],[103.845688,1.334056],[103.84572,1.334056],[103.845718,1.33403],[103.84578,1.33403],[103.845777,1.334056],[103.845828,1.334056],[103.845825,1.334034],[103.845887,1.334034],[103.845885,1.334062],[103.845917,1.334062],[103.845914,1.334104],[103.845877,1.334104],[103.845877,1.334124],[103.845922,1.334124],[103.845922,1.334095],[103.845996,1.334104],[103.845993,1.33409],[103.846023,1.334088],[103.846055,1.33409],[103.846053,1.334119],[103.846085,1.334118],[103.846082,1.334169],[103.846046,1.334169],[103.846046,1.334192],[103.846003,1.334192],[103.846003,1.334209],[103.846037,1.334209],[103.846037,1.334231],[103.846074,1.334231],[103.846077,1.334279],[103.846045,1.334279],[103.846047,1.334305],[103.845985,1.334305],[103.845988,1.334279],[103.845937,1.334279],[103.84594,1.334305],[103.845878,1.334305],[103.84588,1.334279],[103.845848,1.334279],[103.845851,1.334231],[103.845888,1.334231],[103.845888,1.334211],[103.845839,1.334214]]]}},{"type":"Feature","properties":{"block_id":"6987","blk_no":"153","postal_code":"310153","region_id":"CR","region":"CENTRAL REGION","planning_area_id":"TP","planning_area":"TOA PAYOH","subzone_id":"TPSZ02","subzone":"TOA PAYOH CENTRAL","lon":103.8456,"lat":1.3337,"property_match":"MATCHED","property_match_confidence":"HIGH","street":"LOR 2 TOA PAYOH","residential":"Y","year_completed":1998,"building_age_2026":28,"max_floor_lvl":30,"total_dwelling_units":140,"small_flat_share_pct":0.0,"rental_share_pct":0.0,"footprint_area_m2":816.6,"estimated_residents_2026":437.7,"estimated_elderly_65plus_2026":77.1,"estimated_elderly_share_pct":17.62,"elderly_exposure_score":72.8,"elderly_exposure_class":"HIGH","estimate_confidence":"HIGH","display_name":"Block 153"},"geometry":{"type":"Polygon","coordinates":[[[103.845684,1.333785],[103.845621,1.333785],[103.845621,1.333808],[103.845534,1.333804],[103.845534,1.333766],[103.845514,1.333766],[103.845514,1.333732],[103.845573,1.333732],[103.84558,1.333636],[103.845632,1.333636],[103.845632,1.333619],[103.845573,1.333619],[103.845573,1.333595],[103.845514,1.333595],[103.845514,1.333561],[103.845533,1.333561],[103.845533,1.333523],[103.845621,1.333519],[103.845621,1.333534],[103.845651,1.333534],[103.845651,1.333519],[103.845752,1.333522],[103.845752,1.333548],[103.845768,1.333548],[103.845768,1.333523],[103.845796,1.333523],[103.845796,1.33354],[103.845827,1.33354],[103.845827,1.333523],[103.845913,1.333523],[103.845913,1.333561],[103.845934,1.333561],[103.845934,1.333595],[103.845875,1.333595],[103.845875,1.333618],[103.845676,1.333619],[103.845676,1.333635],[103.845717,1.333635],[103.845717,1.333691],[103.845692,1.333691],[103.845692,1.333708],[103.845732,1.333708],[103.845732,1.333732],[103.845791,1.333732],[103.845791,1.333766],[103.845771,1.333766],[103.845771,1.333804],[103.845684,1.333808],[103.845684,1.333785]]]}},{"type":"Feature","properties":{"block_id":"3804","blk_no":"153A","postal_code":"311153","region_id":"CR","region":"CENTRAL REGION","planning_area_id":"TP","planning_area":"TOA PAYOH","subzone_id":"TPSZ02","subzone":"TOA PAYOH CENTRAL","lon":103.8452,"lat":1.3337,"property_match":"MATCHED","property_match_confidence":"HIGH","street":"LOR 1 TOA PAYOH","residential":"Y","year_completed":1997,"building_age_2026":29,"max_floor_lvl":19,"total_dwelling_units":72,"small_flat_share_pct":0.0,"rental_share_pct":0.0,"footprint_area_m2":568.0,"estimated_residents_2026":212.2,"estimated_elderly_65plus_2026":40.7,"estimated_elderly_share_pct":19.17,"elderly_exposure_score":29.2,"elderly_exposure_class":"LOW","estimate_confidence":"HIGH","display_name":"Block 153A"},"geometry":{"type":"Polygon","coordinates":[[[103.84516,1.33362],[103.84516,1.333638],[103.845193,1.333638],[103.845193,1.333654],[103.845263,1.333654],[103.845274,1.333654],[103.845274,1.333638],[103.845307,1.333638],[103.845307,1.33362],[103.845366,1.33362],[103.845366,1.333644],[103.845395,1.333644],[103.845395,1.333691],[103.845353,1.333691],[103.845353,1.333732],[103.845409,1.333732],[103.845409,1.333766],[103.845393,1.333766],[103.845393,1.333804],[103.845307,1.333804],[103.845307,1.333785],[103.845274,1.333791],[103.845274,1.333735],[103.845256,1.333735],[103.845256,1.333758],[103.845211,1.333758],[103.845211,1.333735],[103.845193,1.333735],[103.845193,1.333791],[103.84516,1.333787],[103.84516,1.333804],[103.845073,1.333804],[103.845073,1.333766],[103.845058,1.333766],[103.845058,1.333732],[103.845113,1.333732],[103.845113,1.333691],[103.845072,1.333691],[103.845072,1.333644],[103.845101,1.333644],[103.845101,1.33362],[103.84516,1.33362]]]}},{"type":"Feature","properties":{"block_id":"4505","blk_no":"154","postal_code":"310154","region_id":"CR","region":"CENTRAL REGION","planning_area_id":"TP","planning_area":"TOA PAYOH","subzone_id":"TPSZ02","subzone":"TOA PAYOH CENTRAL","lon":103.8462,"lat":1.3332,"property_match":"MATCHED","property_match_confidence":"HIGH","street":"LOR 2 TOA PAYOH","residential":"Y","year_completed":1999,"building_age_2026":27,"max_floor_lvl":30,"total_dwelling_units":140,"small_flat_share_pct":0.0,"rental_share_pct":0.0,"footprint_area_m2":798.8,"estimated_residents_2026":423.0,"estimated_elderly_65plus_2026":78.2,"estimated_elderly_share_pct":18.5,"elderly_exposure_score":73.8,"elderly_exposure_class":"HIGH","estimate_confidence":"HIGH","display_name":"Block 154"},"geometry":{"type":"Polygon","coordinates":[[[103.846044,1.333111],[103.846027,1.333111],[103.846027,1.333051],[103.846048,1.333051],[103.846048,1.333022],[103.846097,1.333022],[103.846097,1.333059],[103.846117,1.333059],[103.846122,1.333263],[103.84614,1.333263],[103.84614,1.333213],[103.846211,1.333222],[103.846211,1.333206],[103.846234,1.333206],[103.846234,1.333147],[103.846268,1.333147],[103.846268,1.333167],[103.846306,1.333167],[103.846311,1.333255],[103.846288,1.333255],[103.846288,1.333282],[103.846288,1.333318],[103.846311,1.333318],[103.846306,1.333406],[103.846269,1.333406],[103.846269,1.333426],[103.846234,1.333426],[103.846234,1.333367],[103.846211,1.333367],[103.846211,1.333318],[103.846193,1.333318],[103.846193,1.333358],[103.84614,1.333358],[103.84614,1.333308],[103.846122,1.333308],[103.846122,1.333367],[103.846099,1.333367],[103.846099,1.333426],[103.846065,1.333426],[103.846065,1.333405],[103.846027,1.333405],[103.84602,1.333318],[103.846034,1.333318],[103.846034,1.333288],[103.84602,1.333288],[103.846026,1.333185],[103.846049,1.333185],[103.846049,1.333169],[103.846027,1.333169],[103.846027,1.33314],[103.846044,1.33314],[103.846044,1.333111]]]}},{"type":"Feature","properties":{"block_id":"3109","blk_no":"155","postal_code":"310155","region_id":"CR","region":"CENTRAL REGION","planning_area_id":"TP","planning_area":"TOA PAYOH","subzone_id":"TPSZ02","subzone":"TOA PAYOH CENTRAL","lon":103.8456,"lat":1.3328,"property_match":"MATCHED","property_match_confidence":"HIGH","street":"LOR 1 TOA PAYOH","residential":"Y","year_completed":1998,"building_age_2026":28,"max_floor_lvl":30,"total_dwelling_units":140,"small_flat_share_pct":0.0,"rental_share_pct":0.0,"footprint_area_m2":726.1,"estimated_residents_2026":369.6,"estimated_elderly_65plus_2026":82.4,"estimated_elderly_share_pct":22.3,"elderly_exposure_score":77.3,"elderly_exposure_class":"HIGH","estimate_confidence":"HIGH","display_name":"Block 155"},"geometry":{"type":"Polygon","coordinates":[[[103.845569,1.332755],[103.84558,1.332738],[103.845624,1.332776],[103.845639,1.332758],[103.8456,1.332725],[103.845652,1.332675],[103.845641,1.332666],[103.845655,1.332651],[103.845623,1.332625],[103.845654,1.332587],[103.845676,1.332606],[103.84569,1.332589],[103.845735,1.332627],[103.845726,1.332639],[103.845773,1.332679],[103.845783,1.332667],[103.845829,1.332706],[103.845815,1.332722],[103.845837,1.332741],[103.845806,1.332778],[103.845774,1.332752],[103.845763,1.332768],[103.845728,1.332739],[103.845717,1.332752],[103.845743,1.332774],[103.845708,1.332816],[103.845673,1.332786],[103.845661,1.3328],[103.845813,1.332934],[103.845798,1.332948],[103.84583,1.332975],[103.845799,1.333012],[103.845777,1.332994],[103.845763,1.33301],[103.845718,1.332972],[103.845728,1.33296],[103.845705,1.332941],[103.845695,1.332953],[103.845673,1.332935],[103.845689,1.332916],[103.845677,1.332906],[103.845661,1.332925],[103.845582,1.332858],[103.845591,1.332849],[103.845568,1.332829],[103.84556,1.332839],[103.845514,1.332801],[103.845528,1.332784],[103.845506,1.332766],[103.845537,1.332728],[103.845569,1.332755]]]}},{"type":"Feature","properties":{"block_id":"7195","blk_no":"156","postal_code":"310156","region_id":"CR","region":"CENTRAL REGION","planning_area_id":"TP","planning_area":"TOA PAYOH","subzone_id":"TPSZ02","subzone":"TOA PAYOH CENTRAL","lon":103.845,"lat":1.3326,"property_match":"MATCHED","property_match_confidence":"HIGH","street":"LOR 1 TOA PAYOH","residential":"Y","year_completed":1997,"building_age_2026":29,"max_floor_lvl":18,"total_dwelling_units":120,"small_flat_share_pct":0.0,"rental_share_pct":0.0,"footprint_area_m2":989.4,"estimated_residents_2026":336.4,"estimated_elderly_65plus_2026":69.1,"estimated_elderly_share_pct":20.54,"elderly_exposure_score":64.5,"elderly_exposure_class":"HIGH","estimate_confidence":"HIGH","display_name":"Block 156"},"geometry":{"type":"Polygon","coordinates":[[[103.845041,1.332676],[103.844938,1.332747],[103.844881,1.332668],[103.844871,1.332675],[103.844853,1.33265],[103.844879,1.332631],[103.844866,1.332612],[103.844908,1.332582],[103.84493,1.332613],[103.845019,1.332554],[103.845029,1.332575],[103.845058,1.332562],[103.845048,1.33254],[103.8452,1.332494],[103.845204,1.332517],[103.845236,1.332512],[103.845232,1.332489],[103.845314,1.332482],[103.845314,1.332501],[103.845355,1.332502],[103.845355,1.332483],[103.845383,1.332485],[103.845381,1.332511],[103.845397,1.332513],[103.845399,1.332487],[103.845554,1.332523],[103.845545,1.332544],[103.845561,1.33255],[103.845527,1.332639],[103.845405,1.332607],[103.84528,1.332603],[103.845157,1.332626],[103.845041,1.332676]]]}},{"type":"Feature","properties":{"block_id":"4022","blk_no":"156A","postal_code":"311156","region_id":"CR","region":"CENTRAL REGION","planning_area_id":"TP","planning_area":"TOA PAYOH","subzone_id":"TPSZ02","subzone":"TOA PAYOH CENTRAL","lon":103.8453,"lat":1.3331,"property_match":"MATCHED","property_match_confidence":"HIGH","street":"LOR 1 TOA PAYOH","residential":"N","year_completed":1997,"building_age_2026":29,"max_floor_lvl":5,"total_dwelling_units":0,"small_flat_share_pct":null,"rental_share_pct":null,"footprint_area_m2":3095.2,"estimated_residents_2026":0.0,"estimated_elderly_65plus_2026":0.0,"estimated_elderly_share_pct":null,"elderly_exposure_score":null,"elderly_exposure_class":null,"estimate_confidence":"HIGH","display_name":"Block 156A"},"geometry":{"type":"Polygon","coordinates":[[[103.845071,1.332796],[103.845173,1.332796],[103.845173,1.332774],[103.845201,1.332774],[103.845201,1.332796],[103.845352,1.332796],[103.845352,1.333024],[103.845488,1.333024],[103.845488,1.333067],[103.845512,1.333067],[103.845512,1.333136],[103.845535,1.333136],[103.845535,1.333274],[103.845512,1.333274],[103.845512,1.333343],[103.845488,1.333343],[103.845488,1.333387],[103.845352,1.333387],[103.845352,1.333479],[103.845071,1.333479],[103.845071,1.332796]]]}},{"type":"Feature","properties":{"block_id":"2448","blk_no":"157","postal_code":"310157","region_id":"CR","region":"CENTRAL REGION","planning_area_id":"TP","planning_area":"TOA PAYOH","subzone_id":"TPSZ02","subzone":"TOA PAYOH CENTRAL","lon":103.8461,"lat":1.3326,"property_match":"MATCHED","property_match_confidence":"HIGH","street":"LOR 1 TOA PAYOH","residential":"Y","year_completed":1971,"building_age_2026":55,"max_floor_lvl":11,"total_dwelling_units":353,"small_flat_share_pct":98.02,"rental_share_pct":0.0,"footprint_area_m2":3031.5,"estimated_residents_2026":708.5,"estimated_elderly_65plus_2026":226.7,"estimated_elderly_share_pct":31.99,"elderly_exposure_score":99.6,"elderly_exposure_class":"VERY HIGH","estimate_confidence":"HIGH","display_name":"Block 157"},"geometry":{"type":"Polygon","coordinates":[[[103.844728,1.332511],[103.844709,1.332525],[103.844697,1.332509],[103.84468,1.332519],[103.844671,1.332528],[103.844683,1.332544],[103.844663,1.332558],[103.844637,1.332526],[103.844626,1.332534],[103.844574,1.33246],[103.844826,1.332284],[103.844956,1.332222],[103.845077,1.332184],[103.845071,1.332148],[103.845082,1.332129],[103.845123,1.332129],[103.845138,1.33217],[103.845352,1.332153],[103.845558,1.332181],[103.84557,1.332163],[103.845602,1.332155],[103.845626,1.332177],[103.845627,1.3322],[103.845818,1.332282],[103.845994,1.332407],[103.846032,1.332379],[103.846063,1.332401],[103.846062,1.332425],[103.84604,1.33245],[103.846124,1.332545],[103.846204,1.332665],[103.846332,1.332946],[103.846249,1.332982],[103.846244,1.33297],[103.846205,1.332985],[103.846196,1.332962],[103.846214,1.332955],[103.846211,1.332942],[103.846201,1.332925],[103.846183,1.332933],[103.846173,1.332911],[103.846213,1.332891],[103.846192,1.332842],[103.846151,1.332858],[103.846141,1.332836],[103.846159,1.332829],[103.846154,1.332809],[103.846148,1.332801],[103.84613,1.33281],[103.84612,1.332787],[103.846159,1.332768],[103.846147,1.332744],[103.846109,1.332765],[103.846097,1.332743],[103.846114,1.332733],[103.846108,1.332717],[103.846101,1.33271],[103.846084,1.33272],[103.846071,1.332699],[103.846108,1.332675],[103.846101,1.332664],[103.846093,1.332653],[103.846057,1.332678],[103.846043,1.332658],[103.846059,1.332646],[103.846051,1.332631],[103.846043,1.332624],[103.846028,1.332636],[103.846013,1.332617],[103.846047,1.332589],[103.84603,1.332569],[103.845997,1.332597],[103.84598,1.332579],[103.845995,1.332566],[103.845986,1.332551],[103.845977,1.332546],[103.845963,1.33256],[103.845946,1.332542],[103.845976,1.332511],[103.845968,1.332499],[103.845937,1.332474],[103.845908,1.332507],[103.845889,1.332491],[103.845902,1.332476],[103.845896,1.332467],[103.845881,1.332459],[103.845869,1.332475],[103.845849,1.332459],[103.845875,1.332424],[103.845854,1.332409],[103.845829,1.332445],[103.845809,1.332431],[103.84582,1.332414],[103.845807,1.332403],[103.845797,1.3324],[103.845787,1.332417],[103.845766,1.332404],[103.845788,1.332367],[103.845765,1.332354],[103.845745,1.332393],[103.845722,1.332381],[103.845731,1.332363],[103.845724,1.332357],[103.845707,1.332352],[103.845699,1.33237],[103.845677,1.33236],[103.845694,1.332319],[103.84567,1.332309],[103.845654,1.33235],[103.845631,1.332342],[103.845638,1.332323],[103.845623,1.332315],[103.845613,1.332314],[103.845606,1.332333],[103.845583,1.332325],[103.845596,1.332283],[103.845558,1.332269],[103.845543,1.332268],[103.845533,1.332311],[103.845509,1.332306],[103.845513,1.332286],[103.845504,1.332282],[103.845487,1.332281],[103.845483,1.332301],[103.845459,1.332296],[103.845466,1.332253],[103.84544,1.332249],[103.845435,1.332293],[103.84541,1.33229],[103.845412,1.33227],[103.845396,1.332266],[103.845386,1.332268],[103.845384,1.332288],[103.84536,1.332286],[103.845362,1.332242],[103.845336,1.332242],[103.845335,1.332285],[103.845311,1.332286],[103.845311,1.332266],[103.8453,1.332263],[103.845284,1.332266],[103.845285,1.332286],[103.84526,1.332287],[103.845257,1.332244],[103.845231,1.332246],[103.845236,1.33229],[103.845211,1.332293],[103.845209,1.332273],[103.845192,1.332272],[103.845182,1.332277],[103.845185,1.332296],[103.845161,1.3323],[103.845153,1.332257],[103.845113,1.332263],[103.8451,1.332269],[103.845111,1.332311],[103.845087,1.332318],[103.845082,1.332298],[103.845072,1.332299],[103.845056,1.332306],[103.845062,1.332325],[103.845039,1.332333],[103.845025,1.332291],[103.845,1.3323],[103.845016,1.332341],[103.844993,1.33235],[103.844985,1.332332],[103.844975,1.332333],[103.84496,1.332342],[103.844969,1.33236],[103.844946,1.332371],[103.844927,1.332331],[103.844916,1.332336],[103.844904,1.332343],[103.844924,1.332382],[103.844902,1.332393],[103.844893,1.332376],[103.844883,1.332378],[103.844869,1.332389],[103.844879,1.332406],[103.844858,1.332419],[103.844835,1.332382],[103.844825,1.332388],[103.844813,1.332396],[103.844837,1.332432],[103.844817,1.332447],[103.844806,1.33243],[103.844796,1.332434],[103.844782,1.332448],[103.844793,1.332464],[103.844774,1.332478],[103.844747,1.332443],[103.844704,1.332474],[103.844728,1.332511]]]}},{"type":"Feature","properties":{"block_id":"7491","blk_no":"158","postal_code":"310158","region_id":"CR","region":"CENTRAL REGION","planning_area_id":"TP","planning_area":"TOA PAYOH","subzone_id":"TPSZ02","subzone":"TOA PAYOH CENTRAL","lon":103.8451,"lat":1.3315,"property_match":"MATCHED","property_match_confidence":"HIGH","street":"LOR 1 TOA PAYOH","residential":"Y","year_completed":1971,"building_age_2026":55,"max_floor_lvl":12,"total_dwelling_units":151,"small_flat_share_pct":98.01,"rental_share_pct":0.0,"footprint_area_m2":1398.4,"estimated_residents_2026":303.1,"estimated_elderly_65plus_2026":97.0,"estimated_elderly_share_pct":31.99,"elderly_exposure_score":86.3,"elderly_exposure_class":"VERY HIGH","estimate_confidence":"HIGH","display_name":"Block 158"},"geometry":{"type":"Polygon","coordinates":[[[103.844698,1.331668],[103.844659,1.331566],[103.844675,1.331562],[103.844659,1.331521],[103.844681,1.331513],[103.844688,1.331533],[103.844722,1.331521],[103.844714,1.3315],[103.844735,1.331492],[103.844751,1.331533],[103.844803,1.331514],[103.844788,1.331472],[103.844809,1.331464],[103.844817,1.331485],[103.84485,1.331472],[103.844842,1.331452],[103.844864,1.331443],[103.84488,1.331485],[103.844906,1.331475],[103.844891,1.331433],[103.844912,1.331425],[103.84492,1.331446],[103.844953,1.331434],[103.844945,1.331413],[103.844967,1.331405],[103.844982,1.331446],[103.845008,1.331436],[103.844993,1.331395],[103.845015,1.331387],[103.845022,1.331408],[103.845055,1.331395],[103.845048,1.331375],[103.845069,1.331367],[103.845085,1.331407],[103.845111,1.331398],[103.845095,1.331357],[103.845117,1.331349],[103.845125,1.33137],[103.845158,1.331357],[103.84515,1.331336],[103.845171,1.331328],[103.845187,1.331369],[103.845213,1.331359],[103.845198,1.331318],[103.84522,1.33131],[103.845227,1.331331],[103.845261,1.331318],[103.845253,1.331298],[103.845274,1.33129],[103.84529,1.33133],[103.845342,1.331311],[103.845327,1.33127],[103.845348,1.331262],[103.845356,1.331283],[103.845389,1.33127],[103.845381,1.331249],[103.845403,1.331241],[103.845418,1.331282],[103.845432,1.331274],[103.845444,1.331305],[103.845469,1.331296],[103.845487,1.331345],[103.845462,1.331354],[103.845468,1.331376],[103.844854,1.331609],[103.844872,1.331659],[103.844792,1.331689],[103.844774,1.331639],[103.844698,1.331668]]]}},{"type":"Feature","properties":{"block_id":"4893","blk_no":"159","postal_code":"310159","region_id":"CR","region":"CENTRAL REGION","planning_area_id":"TP","planning_area":"TOA PAYOH","subzone_id":"TPSZ02","subzone":"TOA PAYOH CENTRAL","lon":103.8456,"lat":1.3307,"property_match":"MATCHED","property_match_confidence":"HIGH","street":"LOR 1 TOA PAYOH","residential":"Y","year_completed":1971,"building_age_2026":55,"max_floor_lvl":12,"total_dwelling_units":154,"small_flat_share_pct":100.0,"rental_share_pct":0.0,"footprint_area_m2":1418.2,"estimated_residents_2026":305.2,"estimated_elderly_65plus_2026":99.2,"estimated_elderly_share_pct":32.5,"elderly_exposure_score":87.2,"elderly_exposure_class":"VERY HIGH","estimate_confidence":"HIGH","display_name":"Block 159"},"geometry":{"type":"Polygon","coordinates":[[[103.845558,1.330329],[103.845555,1.330312],[103.845665,1.330315],[103.845665,1.330979],[103.845716,1.330978],[103.845716,1.331065],[103.845665,1.331064],[103.845665,1.331144],[103.845602,1.331147],[103.845602,1.331174],[103.845558,1.331174],[103.845557,1.33113],[103.845514,1.33113],[103.845514,1.331106],[103.845536,1.331106],[103.845536,1.331072],[103.845514,1.331072],[103.845514,1.331047],[103.845557,1.331047],[103.845557,1.330993],[103.845514,1.330993],[103.845514,1.330968],[103.845536,1.330968],[103.845536,1.330934],[103.845514,1.330934],[103.845514,1.33091],[103.845558,1.33091],[103.845558,1.330883],[103.845514,1.330883],[103.845514,1.330858],[103.845536,1.330858],[103.845536,1.330824],[103.845514,1.330824],[103.845514,1.330799],[103.845558,1.330799],[103.845558,1.330772],[103.845514,1.330772],[103.845514,1.330747],[103.845536,1.330747],[103.845536,1.330713],[103.845514,1.330713],[103.845514,1.330687],[103.845558,1.330687],[103.845558,1.33066],[103.845514,1.33066],[103.845514,1.330635],[103.845536,1.330635],[103.845536,1.330602],[103.845514,1.330602],[103.845514,1.330577],[103.845558,1.330577],[103.845558,1.33055],[103.845514,1.33055],[103.845514,1.330525],[103.845536,1.330525],[103.845536,1.330491],[103.845514,1.330491],[103.845514,1.330467],[103.845558,1.330467],[103.845558,1.330412],[103.845514,1.330412],[103.845514,1.330388],[103.845536,1.330388],[103.845536,1.330354],[103.845514,1.330354],[103.845514,1.330329],[103.845558,1.330329]]]}},{"type":"Feature","properties":{"block_id":"2917","blk_no":"160","postal_code":"310160","region_id":"CR","region":"CENTRAL REGION","planning_area_id":"TP","planning_area":"TOA PAYOH","subzone_id":"TPSZ02","subzone":"TOA PAYOH CENTRAL","lon":103.845,"lat":1.3309,"property_match":"MATCHED","property_match_confidence":"HIGH","street":"LOR 1 TOA PAYOH","residential":"Y","year_completed":1971,"building_age_2026":55,"max_floor_lvl":12,"total_dwelling_units":176,"small_flat_share_pct":100.0,"rental_share_pct":71.59,"footprint_area_m2":1098.1,"estimated_residents_2026":378.4,"estimated_elderly_65plus_2026":104.1,"estimated_elderly_share_pct":27.52,"elderly_exposure_score":89.3,"elderly_exposure_class":"VERY HIGH","estimate_confidence":"HIGH","display_name":"Block 160"},"geometry":{"type":"Polygon","coordinates":[[[103.845144,1.330842],[103.84523,1.330842],[103.84523,1.330892],[103.845372,1.330892],[103.845372,1.330912],[103.845404,1.330912],[103.845404,1.330972],[103.845371,1.330972],[103.845371,1.331005],[103.845196,1.331005],[103.845196,1.330996],[103.845178,1.330996],[103.845178,1.331005],[103.844828,1.331004],[103.844828,1.330995],[103.844811,1.330995],[103.844811,1.331004],[103.844634,1.331004],[103.844634,1.330891],[103.845144,1.330892],[103.845144,1.330842]]]}},{"type":"Feature","properties":{"block_id":"4628","blk_no":"161","postal_code":"310161","region_id":"CR","region":"CENTRAL REGION","planning_area_id":"TP","planning_area":"TOA PAYOH","subzone_id":"TPSZ02","subzone":"TOA PAYOH CENTRAL","lon":103.845,"lat":1.3305,"property_match":"MATCHED","property_match_confidence":"HIGH","street":"LOR 1 TOA PAYOH","residential":"Y","year_completed":1971,"building_age_2026":55,"max_floor_lvl":12,"total_dwelling_units":176,"small_flat_share_pct":100.0,"rental_share_pct":66.48,"footprint_area_m2":1098.1,"estimated_residents_2026":378.4,"estimated_elderly_65plus_2026":104.1,"estimated_elderly_share_pct":27.52,"elderly_exposure_score":89.3,"elderly_exposure_class":"VERY HIGH","estimate_confidence":"HIGH","display_name":"Block 161"},"geometry":{"type":"Polygon","coordinates":[[[103.844634,1.33056],[103.844634,1.330535],[103.844603,1.330535],[103.844603,1.33047],[103.844634,1.33047],[103.844634,1.330448],[103.844811,1.330448],[103.844811,1.330458],[103.844827,1.330458],[103.844827,1.330448],[103.845178,1.330449],[103.845178,1.330458],[103.845194,1.330458],[103.845194,1.330449],[103.845371,1.330449],[103.845371,1.330561],[103.845229,1.330561],[103.845229,1.330618],[103.845144,1.330617],[103.845144,1.330561],[103.844634,1.33056]]]}},{"type":"Feature","properties":{"block_id":"3280","blk_no":"161A","postal_code":"311161","region_id":"CR","region":"CENTRAL REGION","planning_area_id":"TP","planning_area":"TOA PAYOH","subzone_id":"TPSZ02","subzone":"TOA PAYOH CENTRAL","lon":103.845,"lat":1.3302,"property_match":"MATCHED","property_match_confidence":"HIGH","street":"LOR 1 TOA PAYOH","residential":"N","year_completed":1998,"building_age_2026":28,"max_floor_lvl":4,"total_dwelling_units":0,"small_flat_share_pct":null,"rental_share_pct":null,"footprint_area_m2":2151.4,"estimated_residents_2026":0.0,"estimated_elderly_65plus_2026":0.0,"estimated_elderly_share_pct":null,"elderly_exposure_score":null,"elderly_exposure_class":null,"estimate_confidence":"HIGH","display_name":"Block 161A"},"geometry":{"type":"Polygon","coordinates":[[[103.845282,1.330143],[103.845282,1.330157],[103.845346,1.330157],[103.845346,1.330339],[103.844602,1.330339],[103.844602,1.330219],[103.844585,1.330219],[103.844585,1.330162],[103.844602,1.330162],[103.844602,1.330078],[103.844807,1.330078],[103.845282,1.330143]]]}},{"type":"Feature","properties":{"block_id":"7056","blk_no":"163","postal_code":"310163","region_id":"CR","region":"CENTRAL REGION","planning_area_id":"TP","planning_area":"TOA PAYOH","subzone_id":"TPSZ02","subzone":"TOA PAYOH CENTRAL","lon":103.8441,"lat":1.3321,"property_match":"MATCHED","property_match_confidence":"HIGH","street":"LOR 1 TOA PAYOH","residential":"Y","year_completed":1972,"building_age_2026":54,"max_floor_lvl":12,"total_dwelling_units":131,"small_flat_share_pct":99.24,"rental_share_pct":0.0,"footprint_area_m2":1251.1,"estimated_residents_2026":260.9,"estimated_elderly_65plus_2026":84.3,"estimated_elderly_share_pct":32.3,"elderly_exposure_score":78.5,"elderly_exposure_class":"HIGH","estimate_confidence":"HIGH","display_name":"Block 163"},"geometry":{"type":"Polygon","coordinates":[[[103.843779,1.332249],[103.843791,1.332243],[103.843764,1.332207],[103.843784,1.332192],[103.843797,1.332211],[103.843824,1.332191],[103.84381,1.332172],[103.84383,1.332157],[103.843857,1.332193],[103.8439,1.33216],[103.843873,1.332125],[103.843893,1.33211],[103.843907,1.332128],[103.843933,1.332108],[103.84392,1.332089],[103.843939,1.332075],[103.843966,1.33211],[103.843988,1.332094],[103.843961,1.332058],[103.843981,1.332043],[103.843994,1.332062],[103.844021,1.332041],[103.844007,1.332023],[103.844027,1.332008],[103.844054,1.332044],[103.844076,1.332027],[103.844049,1.331992],[103.844069,1.331977],[103.844082,1.331995],[103.844109,1.331975],[103.844095,1.331956],[103.844115,1.331941],[103.844142,1.331977],[103.844163,1.331961],[103.844136,1.331925],[103.844156,1.33191],[103.84417,1.331929],[103.844197,1.331908],[103.844183,1.33189],[103.844203,1.331875],[103.844229,1.331911],[103.844272,1.331878],[103.844246,1.331842],[103.844265,1.331827],[103.844279,1.331846],[103.844306,1.331826],[103.844292,1.331807],[103.844312,1.331792],[103.844339,1.331828],[103.844376,1.331798],[103.84441,1.331844],[103.844385,1.331863],[103.844416,1.331905],[103.844348,1.331956],[103.84438,1.331999],[103.844312,1.332051],[103.84428,1.332007],[103.843843,1.332339],[103.843779,1.332249]]]}},{"type":"Feature","properties":{"block_id":"5500","blk_no":"168","postal_code":"310168","region_id":"CR","region":"CENTRAL REGION","planning_area_id":"TP","planning_area":"TOA PAYOH","subzone_id":"TPSZ02","subzone":"TOA PAYOH CENTRAL","lon":103.8435,"lat":1.3319,"property_match":"MATCHED","property_match_confidence":"HIGH","street":"LOR 1 TOA PAYOH","residential":"Y","year_completed":1972,"building_age_2026":54,"max_floor_lvl":12,"total_dwelling_units":122,"small_flat_share_pct":98.36,"rental_share_pct":0.0,"footprint_area_m2":1318.9,"estimated_residents_2026":244.3,"estimated_elderly_65plus_2026":78.4,"estimated_elderly_share_pct":32.08,"elderly_exposure_score":73.8,"elderly_exposure_class":"HIGH","estimate_confidence":"HIGH","display_name":"Block 168"},"geometry":{"type":"Polygon","coordinates":[[[103.843424,1.331665],[103.843644,1.33196],[103.843684,1.331931],[103.843735,1.331999],[103.843695,1.332028],[103.843743,1.332093],[103.843655,1.332163],[103.843649,1.332146],[103.843613,1.332173],[103.843598,1.332153],[103.843616,1.33214],[103.843596,1.332113],[103.843578,1.332126],[103.843563,1.332107],[103.843599,1.332079],[103.843567,1.332036],[103.843531,1.332063],[103.843516,1.332043],[103.843534,1.332029],[103.843514,1.332002],[103.843496,1.332016],[103.843481,1.331996],[103.843516,1.331969],[103.8435,1.331947],[103.843465,1.331974],[103.84345,1.331954],[103.843468,1.33194],[103.843448,1.331914],[103.843429,1.331927],[103.843414,1.331907],[103.84345,1.33188],[103.843435,1.331859],[103.843399,1.331886],[103.843384,1.331866],[103.843402,1.331853],[103.843382,1.331826],[103.843364,1.33184],[103.843349,1.33182],[103.843385,1.331793],[103.843376,1.331782],[103.843344,1.331774],[103.843344,1.331819],[103.843319,1.331819],[103.843319,1.331796],[103.843286,1.331796],[103.843286,1.331819],[103.84326,1.331819],[103.84326,1.331776],[103.843233,1.331776],[103.843233,1.331819],[103.843208,1.331819],[103.843208,1.331796],[103.843175,1.331796],[103.843175,1.331819],[103.84315,1.331819],[103.84315,1.331796],[103.843137,1.331796],[103.843135,1.331754],[103.843103,1.331754],[103.843104,1.331696],[103.843135,1.331696],[103.843137,1.331666],[103.843424,1.331665]]]}},{"type":"Feature","properties":{"block_id":"7411","blk_no":"169","postal_code":"310169","region_id":"CR","region":"CENTRAL REGION","planning_area_id":"TP","planning_area":"TOA PAYOH","subzone_id":"TPSZ02","subzone":"TOA PAYOH CENTRAL","lon":103.8427,"lat":1.3317,"property_match":"MATCHED","property_match_confidence":"HIGH","street":"LOR 1 TOA PAYOH","residential":"Y","year_completed":1972,"building_age_2026":54,"max_floor_lvl":12,"total_dwelling_units":130,"small_flat_share_pct":98.46,"rental_share_pct":9.23,"footprint_area_m2":1240.4,"estimated_residents_2026":260.2,"estimated_elderly_65plus_2026":83.5,"estimated_elderly_share_pct":32.1,"elderly_exposure_score":78.1,"elderly_exposure_class":"HIGH","estimate_confidence":"HIGH","display_name":"Block 169"},"geometry":{"type":"Polygon","coordinates":[[[103.84287,1.331666],[103.84287,1.331618],[103.842955,1.331618],[103.842955,1.331667],[103.843037,1.331667],[103.843039,1.331776],[103.843023,1.331774],[103.843023,1.331819],[103.842998,1.331819],[103.842998,1.331796],[103.842964,1.331796],[103.842964,1.331819],[103.842939,1.331819],[103.842939,1.331774],[103.842885,1.331774],[103.842885,1.331819],[103.842861,1.331819],[103.842861,1.331796],[103.842827,1.331796],[103.842827,1.331819],[103.842802,1.331819],[103.842802,1.331774],[103.842776,1.331774],[103.842776,1.331819],[103.842751,1.331819],[103.842751,1.331795],[103.842718,1.331795],[103.842718,1.331819],[103.842693,1.331819],[103.842693,1.331774],[103.842667,1.331774],[103.842667,1.331819],[103.842642,1.331819],[103.842642,1.331795],[103.842609,1.331795],[103.842609,1.331819],[103.842584,1.331819],[103.842584,1.331774],[103.842558,1.331774],[103.842558,1.331819],[103.842533,1.331819],[103.842533,1.331795],[103.842499,1.331795],[103.842499,1.331818],[103.842474,1.331818],[103.842474,1.331774],[103.842421,1.331774],[103.842421,1.331818],[103.842396,1.331818],[103.842396,1.331795],[103.842362,1.331795],[103.842362,1.331818],[103.842337,1.331818],[103.842337,1.331774],[103.842321,1.331776],[103.842321,1.331741],[103.842289,1.331741],[103.842289,1.331683],[103.842323,1.331683],[103.842323,1.331666],[103.84287,1.331666]]]}},{"type":"Feature","properties":{"block_id":"9478","blk_no":"170","postal_code":"310170","region_id":"CR","region":"CENTRAL REGION","planning_area_id":"TP","planning_area":"TOA PAYOH","subzone_id":"TPSZ02","subzone":"TOA PAYOH CENTRAL","lon":103.8427,"lat":1.3313,"property_match":"MATCHED","property_match_confidence":"HIGH","street":"LOR 1 TOA PAYOH","residential":"Y","year_completed":1972,"building_age_2026":54,"max_floor_lvl":12,"total_dwelling_units":308,"small_flat_share_pct":100.0,"rental_share_pct":100.0,"footprint_area_m2":1460.8,"estimated_residents_2026":662.2,"estimated_elderly_65plus_2026":182.2,"estimated_elderly_share_pct":27.52,"elderly_exposure_score":98.9,"elderly_exposure_class":"VERY HIGH","estimate_confidence":"HIGH","display_name":"Block 170"},"geometry":{"type":"Polygon","coordinates":[[[103.842255,1.331369],[103.84223,1.331369],[103.84223,1.331338],[103.84222,1.331327],[103.84223,1.331316],[103.84223,1.331278],[103.842261,1.331278],[103.842261,1.331248],[103.843081,1.33125],[103.843081,1.33128],[103.843108,1.33128],[103.843108,1.331318],[103.843118,1.331328],[103.843108,1.33134],[103.843108,1.331371],[103.84308,1.331371],[103.84308,1.331405],[103.843021,1.331405],[103.843021,1.331371],[103.842968,1.33137],[103.842968,1.331405],[103.842915,1.331404],[103.842915,1.33137],[103.842807,1.33137],[103.842807,1.331404],[103.84275,1.331404],[103.84275,1.33137],[103.842697,1.33137],[103.842697,1.331404],[103.842638,1.331404],[103.842638,1.33137],[103.842583,1.33137],[103.842583,1.331404],[103.842525,1.331404],[103.842525,1.33137],[103.842496,1.33137],[103.842419,1.33137],[103.842419,1.331404],[103.842363,1.331403],[103.842363,1.331369],[103.842312,1.331369],[103.842312,1.331403],[103.842255,1.331403],[103.842255,1.331369]]]}},{"type":"Feature","properties":{"block_id":"2102","blk_no":"171","postal_code":"310171","region_id":"CR","region":"CENTRAL REGION","planning_area_id":"TP","planning_area":"TOA PAYOH","subzone_id":"TPSZ02","subzone":"TOA PAYOH CENTRAL","lon":103.8427,"lat":1.3308,"property_match":"MATCHED","property_match_confidence":"HIGH","street":"LOR 1 TOA PAYOH","residential":"Y","year_completed":1994,"building_age_2026":32,"max_floor_lvl":23,"total_dwelling_units":160,"small_flat_share_pct":0.0,"rental_share_pct":0.0,"footprint_area_m2":1924.2,"estimated_residents_2026":479.4,"estimated_elderly_65plus_2026":89.7,"estimated_elderly_share_pct":18.72,"elderly_exposure_score":82.5,"elderly_exposure_class":"VERY HIGH","estimate_confidence":"HIGH","display_name":"Block 171"},"geometry":{"type":"Polygon","coordinates":[[[103.843091,1.330871],[103.843053,1.330908],[103.843032,1.330887],[103.843024,1.330895],[103.843049,1.33092],[103.843035,1.330935],[103.843066,1.330962],[103.842914,1.331115],[103.842886,1.331084],[103.842832,1.331084],[103.842835,1.331125],[103.84262,1.331125],[103.84262,1.331105],[103.842587,1.331105],[103.842587,1.331125],[103.842479,1.331125],[103.842479,1.331031],[103.842605,1.331032],[103.842603,1.330975],[103.842596,1.330975],[103.842603,1.33086],[103.842628,1.33086],[103.842634,1.330822],[103.84269,1.330822],[103.842658,1.330789],[103.842635,1.330812],[103.842569,1.330746],[103.842578,1.330737],[103.842567,1.330726],[103.84255,1.330743],[103.842563,1.330757],[103.842541,1.33078],[103.842474,1.330712],[103.842558,1.330628],[103.842577,1.330648],[103.842592,1.33062],[103.842582,1.33061],[103.842635,1.330556],[103.842689,1.33061],[103.842687,1.330631],[103.842698,1.330642],[103.842713,1.330628],[103.842797,1.330713],[103.84273,1.33078],[103.842707,1.330756],[103.84272,1.330743],[103.842703,1.330726],[103.84269,1.330739],[103.842674,1.330723],[103.842666,1.330731],[103.842682,1.330747],[103.842665,1.330764],[103.84273,1.330833],[103.842711,1.330851],[103.842711,1.331031],[103.842865,1.331031],[103.84302,1.330875],[103.843023,1.33086],[103.843006,1.330843],[103.843022,1.330827],[103.843012,1.330817],[103.842996,1.330833],[103.842985,1.330822],[103.842968,1.330839],[103.842981,1.330853],[103.842959,1.330876],[103.842892,1.330809],[103.842976,1.330724],[103.842995,1.330744],[103.84301,1.330716],[103.843,1.330706],[103.843053,1.330652],[103.843107,1.330706],[103.843105,1.330727],[103.843116,1.330738],[103.843131,1.330724],[103.843215,1.330809],[103.843148,1.330876],[103.843125,1.330852],[103.843138,1.330839],[103.843121,1.330822],[103.843108,1.330835],[103.843092,1.330819],[103.843084,1.330827],[103.8431,1.330843],[103.843083,1.33086],[103.843091,1.330871]]]}},{"type":"Feature","properties":{"block_id":"3881","blk_no":"171A","postal_code":"311171","region_id":"CR","region":"CENTRAL REGION","planning_area_id":"TP","planning_area":"TOA PAYOH","subzone_id":"TPSZ02","subzone":"TOA PAYOH CENTRAL","lon":103.8422,"lat":1.3307,"property_match":"MATCHED","property_match_confidence":"HIGH","street":"LOR 1 TOA PAYOH","residential":"N","year_completed":1993,"building_age_2026":33,"max_floor_lvl":5,"total_dwelling_units":0,"small_flat_share_pct":null,"rental_share_pct":null,"footprint_area_m2":2077.9,"estimated_residents_2026":0.0,"estimated_elderly_65plus_2026":0.0,"estimated_elderly_share_pct":null,"elderly_exposure_score":null,"elderly_exposure_class":null,"estimate_confidence":"HIGH","display_name":"Block 171A"},"geometry":{"type":"Polygon","coordinates":[[[103.842101,1.330474],[103.842376,1.330474],[103.842376,1.331089],[103.842101,1.331089],[103.842101,1.330474]]]}},{"type":"Feature","properties":{"block_id":"9016","blk_no":"172","postal_code":"310172","region_id":"CR","region":"CENTRAL REGION","planning_area_id":"TP","planning_area":"TOA PAYOH","subzone_id":"TPSZ02","subzone":"TOA PAYOH CENTRAL","lon":103.8431,"lat":1.3303,"property_match":"MATCHED","property_match_confidence":"HIGH","street":"LOR 1 TOA PAYOH","residential":"Y","year_completed":1994,"building_age_2026":32,"max_floor_lvl":25,"total_dwelling_units":69,"small_flat_share_pct":0.0,"rental_share_pct":0.0,"footprint_area_m2":482.1,"estimated_residents_2026":211.6,"estimated_elderly_65plus_2026":38.3,"estimated_elderly_share_pct":18.11,"elderly_exposure_score":26.0,"elderly_exposure_class":"LOW","estimate_confidence":"HIGH","display_name":"Block 172"},"geometry":{"type":"Polygon","coordinates":[[[103.843138,1.330408],[103.843121,1.330391],[103.843108,1.330404],[103.843092,1.330388],[103.843084,1.330396],[103.8431,1.330412],[103.843083,1.330429],[103.843092,1.330438],[103.843053,1.330477],[103.843015,1.330438],[103.843023,1.330429],[103.843006,1.330412],[103.843022,1.330396],[103.843012,1.330386],[103.842996,1.330402],[103.842985,1.330391],[103.842968,1.330408],[103.842981,1.330422],[103.842959,1.330445],[103.842892,1.330377],[103.843053,1.330221],[103.843215,1.330377],[103.843148,1.330445],[103.843125,1.330421],[103.843138,1.330408]]]}},{"type":"Feature","properties":{"block_id":"600","blk_no":"172A","postal_code":"311172","region_id":"CR","region":"CENTRAL REGION","planning_area_id":"TP","planning_area":"TOA PAYOH","subzone_id":"TPSZ02","subzone":"TOA PAYOH CENTRAL","lon":103.8424,"lat":1.3303,"property_match":"MATCHED","property_match_confidence":"HIGH","street":"LOR 1 TOA PAYOH","residential":"Y","year_completed":1993,"building_age_2026":33,"max_floor_lvl":6,"total_dwelling_units":35,"small_flat_share_pct":0.0,"rental_share_pct":0.0,"footprint_area_m2":1021.1,"estimated_residents_2026":98.5,"estimated_elderly_65plus_2026":20.1,"estimated_elderly_share_pct":20.42,"elderly_exposure_score":10.6,"elderly_exposure_class":"VERY LOW","estimate_confidence":"HIGH","display_name":"Block 172A"},"geometry":{"type":"Polygon","coordinates":[[[103.842101,1.330193],[103.842221,1.330193],[103.842221,1.330219],[103.842614,1.330219],[103.842617,1.33021],[103.842634,1.330209],[103.842646,1.330222],[103.842642,1.330231],[103.842726,1.330315],[103.842751,1.33029],[103.842797,1.330336],[103.842682,1.330452],[103.842636,1.330405],[103.842648,1.330393],[103.842602,1.33035],[103.842614,1.330336],[103.842579,1.330311],[103.842561,1.330311],[103.842561,1.330329],[103.842541,1.330336],[103.842451,1.330329],[103.842451,1.330336],[103.842385,1.330329],[103.842385,1.330336],[103.842267,1.330329],[103.842237,1.330336],[103.842218,1.330329],[103.842218,1.330311],[103.842166,1.330311],[103.842166,1.330356],[103.842101,1.330356],[103.842101,1.330193]]]}},{"type":"Feature","properties":{"block_id":"5960","blk_no":"173","postal_code":"310173","region_id":"CR","region":"CENTRAL REGION","planning_area_id":"TP","planning_area":"TOA PAYOH","subzone_id":"TPSZ02","subzone":"TOA PAYOH CENTRAL","lon":103.8425,"lat":1.33,"property_match":"MATCHED","property_match_confidence":"HIGH","street":"LOR 1 TOA PAYOH","residential":"Y","year_completed":1972,"building_age_2026":54,"max_floor_lvl":12,"total_dwelling_units":219,"small_flat_share_pct":99.54,"rental_share_pct":0.46,"footprint_area_m2":1968.4,"estimated_residents_2026":435.3,"estimated_elderly_65plus_2026":141.0,"estimated_elderly_share_pct":32.38,"elderly_exposure_score":96.3,"elderly_exposure_class":"VERY HIGH","estimate_confidence":"HIGH","display_name":"Block 173"},"geometry":{"type":"Polygon","coordinates":[[[103.842161,1.330062],[103.842161,1.330107],[103.842136,1.330107],[103.842136,1.330084],[103.842102,1.330084],[103.842102,1.330107],[103.842077,1.330107],[103.842077,1.330062],[103.842024,1.330062],[103.842024,1.330107],[103.841999,1.330107],[103.841999,1.330084],[103.841966,1.330084],[103.841966,1.330107],[103.84194,1.330107],[103.84194,1.330062],[103.841925,1.330064],[103.841926,1.329954],[103.842504,1.329954],[103.842504,1.32994],[103.842531,1.32994],[103.842531,1.329954],[103.843109,1.329954],[103.843109,1.329972],[103.843142,1.329972],[103.843142,1.330037],[103.84311,1.330037],[103.84311,1.330064],[103.843094,1.330062],[103.843094,1.330107],[103.843069,1.330107],[103.843069,1.330084],[103.843036,1.330084],[103.843036,1.330107],[103.843011,1.330107],[103.843011,1.330062],[103.842958,1.330062],[103.842958,1.330107],[103.842933,1.330107],[103.842933,1.330084],[103.842899,1.330084],[103.842899,1.330107],[103.842874,1.330107],[103.842874,1.330062],[103.842848,1.330062],[103.842848,1.330107],[103.842823,1.330107],[103.842823,1.330084],[103.84279,1.330084],[103.84279,1.330107],[103.842765,1.330107],[103.842765,1.330062],[103.842739,1.330062],[103.842739,1.330107],[103.842714,1.330107],[103.842714,1.330084],[103.84268,1.330084],[103.84268,1.330107],[103.842655,1.330107],[103.842655,1.330062],[103.842629,1.330062],[103.842629,1.330107],[103.842604,1.330107],[103.842604,1.330084],[103.84257,1.330084],[103.84257,1.330107],[103.842545,1.330107],[103.842545,1.330062],[103.84249,1.330062],[103.84249,1.330107],[103.842465,1.330107],[103.842465,1.330084],[103.842431,1.330084],[103.842431,1.330107],[103.842406,1.330107],[103.842406,1.330062],[103.84238,1.330062],[103.84238,1.330107],[103.842355,1.330107],[103.842355,1.330084],[103.842322,1.330084],[103.842322,1.330107],[103.842296,1.330107],[103.842296,1.330062],[103.84227,1.330062],[103.84227,1.330107],[103.842245,1.330107],[103.842245,1.330084],[103.842212,1.330084],[103.842212,1.330107],[103.842187,1.330107],[103.842187,1.330062],[103.842161,1.330062]]]}},{"type":"Feature","properties":{"block_id":"4719","blk_no":"174","postal_code":"310174","region_id":"CR","region":"CENTRAL REGION","planning_area_id":"TP","planning_area":"TOA PAYOH","subzone_id":"TPSZ02","subzone":"TOA PAYOH CENTRAL","lon":103.8419,"lat":1.3307,"property_match":"MATCHED","property_match_confidence":"HIGH","street":"LOR 1 TOA PAYOH","residential":"Y","year_completed":1972,"building_age_2026":54,"max_floor_lvl":12,"total_dwelling_units":127,"small_flat_share_pct":96.06,"rental_share_pct":0.0,"footprint_area_m2":1202.9,"estimated_residents_2026":258.1,"estimated_elderly_65plus_2026":81.3,"estimated_elderly_share_pct":31.5,"elderly_exposure_score":76.3,"elderly_exposure_class":"HIGH","estimate_confidence":"HIGH","display_name":"Block 174"},"geometry":{"type":"Polygon","coordinates":[[[103.841856,1.330484],[103.841833,1.330484],[103.841833,1.330458],[103.841877,1.330459],[103.841877,1.330404],[103.841833,1.330404],[103.841833,1.330379],[103.841856,1.330379],[103.841856,1.330345],[103.841833,1.330345],[103.841833,1.33032],[103.841877,1.33032],[103.841875,1.330303],[103.841984,1.330306],[103.841984,1.330418],[103.841998,1.330418],[103.841998,1.330445],[103.841984,1.330445],[103.841985,1.331025],[103.841968,1.331024],[103.841968,1.33106],[103.841908,1.33106],[103.841908,1.331027],[103.841875,1.331027],[103.841877,1.33101],[103.841833,1.33101],[103.841833,1.330985],[103.841856,1.330985],[103.841856,1.330951],[103.841833,1.330951],[103.841833,1.330926],[103.841877,1.330927],[103.841877,1.330872],[103.841833,1.330872],[103.841833,1.330847],[103.841856,1.330847],[103.841856,1.330814],[103.841833,1.330814],[103.841833,1.330788],[103.841877,1.330789],[103.841877,1.330762],[103.841833,1.330762],[103.841833,1.330737],[103.841856,1.330737],[103.841856,1.330704],[103.841833,1.330704],[103.841833,1.330679],[103.841877,1.330679],[103.841877,1.330652],[103.841833,1.330652],[103.841833,1.330627],[103.841856,1.330627],[103.841856,1.330594],[103.841833,1.330594],[103.841833,1.330569],[103.841877,1.330569],[103.841877,1.330543],[103.841833,1.330542],[103.841833,1.330517],[103.841856,1.330517],[103.841856,1.330484]]]}},{"type":"Feature","properties":{"block_id":"11056340","blk_no":"175","postal_code":"310175","region_id":"CR","region":"CENTRAL REGION","planning_area_id":"TP","planning_area":"TOA PAYOH","subzone_id":"TPSZ02","subzone":"TOA PAYOH CENTRAL","lon":103.8471,"lat":1.3334,"property_match":"MATCHED","property_match_confidence":"HIGH","street":"LOR 2 TOA PAYOH","residential":"Y","year_completed":1973,"building_age_2026":53,"max_floor_lvl":25,"total_dwelling_units":96,"small_flat_share_pct":0.0,"rental_share_pct":0.0,"footprint_area_m2":425.7,"estimated_residents_2026":253.4,"estimated_elderly_65plus_2026":56.5,"estimated_elderly_share_pct":22.3,"elderly_exposure_score":49.1,"elderly_exposure_class":"MODERATE","estimate_confidence":"HIGH","display_name":"Block 175"},"geometry":{"type":"Polygon","coordinates":[[[103.846944,1.333316],[103.846957,1.333316],[103.846957,1.333306],[103.847042,1.333306],[103.847042,1.333319],[103.847065,1.333319],[103.847065,1.333306],[103.84715,1.333306],[103.84715,1.333316],[103.847163,1.333316],[103.847163,1.333374],[103.847122,1.333374],[103.847123,1.333418],[103.847163,1.333418],[103.847163,1.333476],[103.84715,1.333476],[103.84715,1.333485],[103.847065,1.333485],[103.847065,1.333473],[103.847042,1.333473],[103.847042,1.333485],[103.846957,1.333485],[103.846957,1.333476],[103.846944,1.333476],[103.846944,1.333418],[103.846985,1.333418],[103.846985,1.333374],[103.846944,1.333374],[103.846944,1.333316]]]}},{"type":"Feature","properties":{"block_id":"11056341","blk_no":"177","postal_code":"310177","region_id":"CR","region":"CENTRAL REGION","planning_area_id":"TP","planning_area":"TOA PAYOH","subzone_id":"TPSZ02","subzone":"TOA PAYOH CENTRAL","lon":103.8479,"lat":1.3337,"property_match":"MATCHED","property_match_confidence":"HIGH","street":"TOA PAYOH CTRL","residential":"Y","year_completed":1971,"building_age_2026":55,"max_floor_lvl":4,"total_dwelling_units":81,"small_flat_share_pct":77.78,"rental_share_pct":0.0,"footprint_area_m2":3213.3,"estimated_residents_2026":173.0,"estimated_elderly_65plus_2026":51.1,"estimated_elderly_share_pct":29.55,"elderly_exposure_score":42.9,"elderly_exposure_class":"MODERATE","estimate_confidence":"HIGH","display_name":"Block 177"},"geometry":{"type":"Polygon","coordinates":[[[103.849682,1.333843],[103.849682,1.333853],[103.849808,1.333853],[103.849791,1.333844],[103.849791,1.333834],[103.849805,1.333834],[103.849819,1.333853],[103.8499,1.333853],[103.8499,1.333925],[103.84989,1.333925],[103.84989,1.33395],[103.84781,1.333948],[103.847811,1.333528],[103.848211,1.333528],[103.84821,1.333626],[103.848152,1.333625],[103.848141,1.333644],[103.848124,1.333644],[103.848124,1.333634],[103.848142,1.333625],[103.848016,1.333625],[103.848001,1.333644],[103.847987,1.333644],[103.847988,1.333633],[103.848003,1.333633],[103.848005,1.333625],[103.847934,1.333625],[103.847934,1.333547],[103.847907,1.333547],[103.847898,1.333602],[103.847914,1.333619],[103.847915,1.333602],[103.847926,1.333601],[103.847926,1.333615],[103.84792,1.333628],[103.847898,1.333632],[103.847898,1.333649],[103.847907,1.333649],[103.847902,1.33374],[103.847924,1.333749],[103.847926,1.333771],[103.847915,1.333771],[103.847914,1.333754],[103.847898,1.33377],[103.847907,1.333826],[103.847832,1.333825],[103.847831,1.333852],[103.847868,1.333852],[103.847868,1.33386],[103.847885,1.33386],[103.847889,1.333839],[103.847902,1.333833],[103.847915,1.333833],[103.847915,1.333844],[103.847898,1.333845],[103.847914,1.33386],[103.847931,1.33386],[103.847931,1.333852],[103.848024,1.333852],[103.848039,1.333833],[103.848052,1.333833],[103.848052,1.333844],[103.848035,1.333845],[103.848051,1.33386],[103.848068,1.33386],[103.848068,1.333852],[103.848142,1.333852],[103.848142,1.33386],[103.848159,1.33386],[103.848163,1.333839],[103.848176,1.333833],[103.848189,1.333833],[103.848189,1.333844],[103.848172,1.333845],[103.848188,1.33386],[103.848205,1.33386],[103.848205,1.333852],[103.848295,1.33386],[103.848311,1.333845],[103.848294,1.333844],[103.848294,1.333833],[103.848308,1.333833],[103.84832,1.333839],[103.848325,1.33386],[103.848342,1.33386],[103.848342,1.333852],[103.848415,1.333852],[103.848415,1.33386],[103.848432,1.33386],[103.848437,1.333839],[103.84845,1.333833],[103.848463,1.333833],[103.848463,1.333844],[103.848446,1.333845],[103.848462,1.33386],[103.848555,1.333852],[103.848555,1.33386],[103.848571,1.33386],[103.848576,1.333839],[103.848589,1.333833],[103.848602,1.333833],[103.848602,1.333844],[103.848585,1.333845],[103.848601,1.33386],[103.848618,1.33386],[103.848618,1.333852],[103.848691,1.333852],[103.848691,1.33386],[103.848708,1.33386],[103.848725,1.333845],[103.848708,1.333843],[103.848708,1.333833],[103.848732,1.333837],[103.848738,1.333861],[103.848755,1.333861],[103.848755,1.333852],[103.848845,1.33386],[103.84885,1.333839],[103.848863,1.333833],[103.848876,1.333833],[103.848876,1.333844],[103.848859,1.333845],[103.848875,1.33386],[103.848965,1.333852],[103.848965,1.333861],[103.848982,1.333861],[103.848987,1.333839],[103.848999,1.333833],[103.849013,1.333833],[103.849013,1.333844],[103.848996,1.333845],[103.849012,1.33386],[103.849029,1.33386],[103.849029,1.333852],[103.849119,1.333861],[103.849135,1.333845],[103.849118,1.333844],[103.849118,1.333834],[103.849143,1.333837],[103.849149,1.333861],[103.849166,1.333861],[103.849166,1.333852],[103.849241,1.333853],[103.849241,1.333861],[103.849258,1.333861],[103.849263,1.33384],[103.849275,1.333834],[103.849289,1.333834],[103.849289,1.333845],[103.849272,1.333845],[103.849288,1.333861],[103.849305,1.333861],[103.849305,1.333853],[103.849395,1.333861],[103.8494,1.33384],[103.849412,1.333834],[103.849426,1.333834],[103.849426,1.333845],[103.849409,1.333846],[103.849425,1.333861],[103.849442,1.333861],[103.849442,1.333853],[103.849532,1.333861],[103.849548,1.333845],[103.849531,1.333844],[103.849531,1.333833],[103.849556,1.333838],[103.849562,1.333861],[103.849579,1.333861],[103.849579,1.333853],[103.849669,1.333861],[103.849671,1.333846],[103.849654,1.333844],[103.849655,1.333834],[103.849682,1.333843]]]}},{"type":"Feature","properties":{"block_id":"11056466","blk_no":"178","postal_code":"310178","region_id":"CR","region":"CENTRAL REGION","planning_area_id":"TP","planning_area":"TOA PAYOH","subzone_id":"TPSZ02","subzone":"TOA PAYOH CENTRAL","lon":103.8492,"lat":1.3336,"property_match":"MATCHED","property_match_confidence":"HIGH","street":"TOA PAYOH CTRL","residential":"Y","year_completed":1971,"building_age_2026":55,"max_floor_lvl":4,"total_dwelling_units":46,"small_flat_share_pct":93.48,"rental_share_pct":0.0,"footprint_area_m2":1860.1,"estimated_residents_2026":94.4,"estimated_elderly_65plus_2026":29.4,"estimated_elderly_share_pct":31.12,"elderly_exposure_score":17.3,"elderly_exposure_class":"VERY LOW","estimate_confidence":"HIGH","display_name":"Block 178"},"geometry":{"type":"Polygon","coordinates":[[[103.848568,1.333616],[103.848554,1.333644],[103.848537,1.333644],[103.848537,1.333633],[103.848554,1.333632],[103.848538,1.333616],[103.848484,1.333625],[103.848483,1.333528],[103.849999,1.333529],[103.849999,1.333688],[103.849925,1.333688],[103.849924,1.333697],[103.849884,1.333697],[103.849885,1.333649],[103.849893,1.333649],[103.849893,1.333633],[103.849885,1.333633],[103.849893,1.333586],[103.849884,1.333586],[103.849884,1.33355],[103.849858,1.33355],[103.849858,1.333626],[103.84982,1.333626],[103.84982,1.333617],[103.849773,1.333625],[103.849773,1.333617],[103.849756,1.333617],[103.849756,1.333625],[103.849682,1.333625],[103.849682,1.333616],[103.849636,1.333625],[103.849636,1.333616],[103.849619,1.333616],[103.849619,1.333625],[103.849546,1.333625],[103.849546,1.333617],[103.849529,1.333617],[103.849529,1.333625],[103.849482,1.333617],[103.849482,1.333625],[103.849408,1.333626],[103.849408,1.333617],[103.849392,1.333617],[103.849392,1.333626],[103.849362,1.333626],[103.849362,1.333617],[103.849345,1.333617],[103.849345,1.333626],[103.849272,1.333625],[103.849272,1.333617],[103.849255,1.333617],[103.849255,1.333625],[103.849226,1.333625],[103.849226,1.333616],[103.849209,1.333616],[103.849209,1.333625],[103.848585,1.333625],[103.848585,1.333616],[103.848568,1.333616]]]}},{"type":"Feature","properties":{"block_id":"11056342","blk_no":"179","postal_code":"310179","region_id":"CR","region":"CENTRAL REGION","planning_area_id":"TP","planning_area":"TOA PAYOH","subzone_id":"TPSZ02","subzone":"TOA PAYOH CENTRAL","lon":103.8501,"lat":1.3339,"property_match":"MATCHED","property_match_confidence":"HIGH","street":"TOA PAYOH CTRL","residential":"Y","year_completed":1973,"building_age_2026":53,"max_floor_lvl":25,"total_dwelling_units":96,"small_flat_share_pct":0.0,"rental_share_pct":0.0,"footprint_area_m2":430.2,"estimated_residents_2026":253.4,"estimated_elderly_65plus_2026":56.5,"estimated_elderly_share_pct":22.3,"elderly_exposure_score":49.1,"elderly_exposure_class":"MODERATE","estimate_confidence":"HIGH","display_name":"Block 179"},"geometry":{"type":"Polygon","coordinates":[[[103.85019,1.333991],[103.849997,1.333991],[103.849996,1.333982],[103.849983,1.333981],[103.849983,1.333923],[103.850024,1.333923],[103.850024,1.33388],[103.849983,1.333879],[103.849983,1.333821],[103.849997,1.333821],[103.849997,1.333811],[103.850082,1.333811],[103.850082,1.333836],[103.850105,1.333836],[103.850105,1.333811],[103.85019,1.333811],[103.85019,1.333821],[103.850203,1.333821],[103.850203,1.333879],[103.850163,1.333879],[103.850163,1.333923],[103.850203,1.333923],[103.850203,1.333982],[103.85019,1.333982],[103.85019,1.333991]]]}},{"type":"Feature","properties":{"block_id":"2748","blk_no":"181","postal_code":"310181","region_id":"CR","region":"CENTRAL REGION","planning_area_id":"TP","planning_area":"TOA PAYOH","subzone_id":"TPSZ02","subzone":"TOA PAYOH CENTRAL","lon":103.851,"lat":1.3336,"property_match":"MATCHED","property_match_confidence":"HIGH","street":"LOR 4 TOA PAYOH","residential":"N","year_completed":1973,"building_age_2026":53,"max_floor_lvl":2,"total_dwelling_units":0,"small_flat_share_pct":null,"rental_share_pct":null,"footprint_area_m2":1408.3,"estimated_residents_2026":0.0,"estimated_elderly_65plus_2026":0.0,"estimated_elderly_share_pct":null,"elderly_exposure_score":null,"elderly_exposure_class":null,"estimate_confidence":"HIGH","display_name":"Block 181"},"geometry":{"type":"Polygon","coordinates":[[[103.85084,1.333412],[103.851115,1.333416],[103.851115,1.333832],[103.850842,1.33383],[103.85084,1.333412]]]}},{"type":"Feature","properties":{"block_id":"4878","blk_no":"183","postal_code":"310183","region_id":"CR","region":"CENTRAL REGION","planning_area_id":"TP","planning_area":"TOA PAYOH","subzone_id":"TPSZ02","subzone":"TOA PAYOH CENTRAL","lon":103.8489,"lat":1.3334,"property_match":"MATCHED","property_match_confidence":"HIGH","street":"TOA PAYOH CTRL","residential":"Y","year_completed":1971,"building_age_2026":55,"max_floor_lvl":4,"total_dwelling_units":70,"small_flat_share_pct":74.29,"rental_share_pct":0.0,"footprint_area_m2":2756.3,"estimated_residents_2026":151.2,"estimated_elderly_65plus_2026":44.0,"estimated_elderly_share_pct":29.13,"elderly_exposure_score":33.7,"elderly_exposure_class":"LOW","estimate_confidence":"HIGH","display_name":"Block 183"},"geometry":{"type":"Polygon","coordinates":[[[103.85004,1.333404],[103.847687,1.333402],[103.847686,1.333305],[103.847724,1.333305],[103.847724,1.333314],[103.847771,1.333306],[103.847771,1.333315],[103.847788,1.333315],[103.847788,1.333306],[103.847862,1.333306],[103.847862,1.333315],[103.847878,1.333315],[103.847878,1.333306],[103.847908,1.333306],[103.847908,1.333315],[103.847925,1.333315],[103.847925,1.333306],[103.847999,1.333306],[103.847999,1.333315],[103.848045,1.333306],[103.848045,1.333315],[103.848062,1.333315],[103.848062,1.333306],[103.848136,1.333306],[103.848136,1.333315],[103.848182,1.333306],[103.848182,1.333315],[103.848199,1.333315],[103.848199,1.333306],[103.848272,1.333306],[103.848272,1.333315],[103.848289,1.333315],[103.848289,1.333306],[103.848319,1.333306],[103.848319,1.333315],[103.848335,1.333315],[103.848335,1.333306],[103.848405,1.333306],[103.848405,1.333315],[103.848422,1.333315],[103.848422,1.333306],[103.848452,1.333306],[103.848452,1.333315],[103.848468,1.333315],[103.848468,1.333306],[103.848545,1.333306],[103.848545,1.333315],[103.848561,1.333315],[103.848561,1.333306],[103.848596,1.333306],[103.848596,1.333315],[103.848612,1.333315],[103.848612,1.333306],[103.848686,1.333306],[103.848686,1.333315],[103.848732,1.333306],[103.848732,1.333315],[103.848748,1.333315],[103.848748,1.333306],[103.848822,1.333306],[103.848822,1.333315],[103.848869,1.333306],[103.848869,1.333315],[103.848885,1.333315],[103.848885,1.333307],[103.848959,1.333307],[103.848959,1.333315],[103.849005,1.333307],[103.849005,1.333315],[103.849021,1.333315],[103.849021,1.333307],[103.849095,1.333307],[103.849095,1.333315],[103.849112,1.333315],[103.849112,1.333307],[103.849142,1.333307],[103.849142,1.333315],[103.849234,1.333307],[103.849234,1.333315],[103.849281,1.333307],[103.849281,1.333316],[103.849298,1.333316],[103.849298,1.333307],[103.849372,1.333307],[103.849372,1.333316],[103.849418,1.333307],[103.849418,1.333316],[103.849435,1.333316],[103.849435,1.333307],[103.849509,1.333307],[103.849509,1.333316],[103.849525,1.333316],[103.849525,1.333307],[103.849645,1.333307],[103.849645,1.333316],[103.849692,1.333307],[103.849692,1.333316],[103.849708,1.333316],[103.849708,1.333307],[103.849782,1.333307],[103.849782,1.333316],[103.849799,1.333316],[103.849799,1.333308],[103.850039,1.333308],[103.85004,1.333404]]]}},{"type":"Feature","properties":{"block_id":"8780","blk_no":"184","postal_code":"310184","region_id":"CR","region":"CENTRAL REGION","planning_area_id":"TP","planning_area":"TOA PAYOH","subzone_id":"TPSZ02","subzone":"TOA PAYOH CENTRAL","lon":103.8497,"lat":1.3326,"property_match":"MATCHED","property_match_confidence":"HIGH","street":"TOA PAYOH CTRL","residential":"Y","year_completed":1971,"building_age_2026":55,"max_floor_lvl":4,"total_dwelling_units":27,"small_flat_share_pct":77.78,"rental_share_pct":0.0,"footprint_area_m2":968.9,"estimated_residents_2026":57.5,"estimated_elderly_65plus_2026":17.1,"estimated_elderly_share_pct":29.69,"elderly_exposure_score":8.4,"elderly_exposure_class":"VERY LOW","estimate_confidence":"HIGH","display_name":"Block 184"},"geometry":{"type":"Polygon","coordinates":[[[103.849718,1.332551],[103.849727,1.332551],[103.849727,1.332625],[103.849718,1.332625],[103.849718,1.332642],[103.849727,1.332642],[103.849727,1.332672],[103.849718,1.332672],[103.849718,1.332689],[103.849727,1.332689],[103.849727,1.332763],[103.849718,1.332763],[103.849718,1.33278],[103.849727,1.33278],[103.849727,1.333003],[103.84963,1.333003],[103.84963,1.332173],[103.849727,1.332173],[103.849718,1.332228],[103.849727,1.332228],[103.849727,1.332258],[103.849718,1.332258],[103.849718,1.332275],[103.849727,1.332275],[103.849727,1.332349],[103.849718,1.332349],[103.849718,1.332366],[103.849727,1.332366],[103.849727,1.332396],[103.849718,1.332396],[103.849718,1.332413],[103.849727,1.332413],[103.849727,1.332487],[103.849718,1.332487],[103.849718,1.332504],[103.849727,1.332504],[103.849727,1.332533],[103.849718,1.332533],[103.849718,1.332551]]]}},{"type":"Feature","properties":{"block_id":"5775","blk_no":"185","postal_code":"310185","region_id":"CR","region":"CENTRAL REGION","planning_area_id":"TP","planning_area":"TOA PAYOH","subzone_id":"TPSZ02","subzone":"TOA PAYOH CENTRAL","lon":103.85,"lat":1.3327,"property_match":"MATCHED","property_match_confidence":"HIGH","street":"TOA PAYOH CTRL","residential":"Y","year_completed":1971,"building_age_2026":55,"max_floor_lvl":4,"total_dwelling_units":23,"small_flat_share_pct":95.65,"rental_share_pct":0.0,"footprint_area_m2":1287.6,"estimated_residents_2026":46.9,"estimated_elderly_65plus_2026":14.7,"estimated_elderly_share_pct":31.4,"elderly_exposure_score":7.0,"elderly_exposure_class":"VERY LOW","estimate_confidence":"HIGH","display_name":"Block 185"},"geometry":{"type":"Polygon","coordinates":[[[103.849945,1.33295],[103.849945,1.33292],[103.849953,1.33292],[103.849953,1.332903],[103.849945,1.332903],[103.849945,1.332829],[103.849953,1.332829],[103.849953,1.332812],[103.849945,1.332812],[103.849945,1.332782],[103.849953,1.332782],[103.849953,1.332765],[103.849945,1.332765],[103.849945,1.332688],[103.849953,1.332688],[103.849953,1.332671],[103.849945,1.332671],[103.849945,1.332641],[103.849953,1.332641],[103.849953,1.332624],[103.849945,1.332624],[103.849945,1.33255],[103.849953,1.33255],[103.849953,1.332533],[103.849945,1.332533],[103.849945,1.332503],[103.849953,1.332503],[103.849953,1.332486],[103.849945,1.332486],[103.849945,1.332412],[103.849953,1.332412],[103.849953,1.332395],[103.849945,1.332395],[103.849945,1.332365],[103.849953,1.332365],[103.849945,1.332274],[103.849954,1.332274],[103.849945,1.332173],[103.850041,1.332173],[103.850042,1.333281],[103.849945,1.333281],[103.849945,1.333242],[103.849953,1.333242],[103.849953,1.333226],[103.849945,1.333226],[103.849945,1.333196],[103.849953,1.333196],[103.849953,1.333178],[103.849945,1.333178],[103.849945,1.333105],[103.849953,1.333105],[103.849945,1.333058],[103.849953,1.333058],[103.849945,1.332966],[103.849953,1.332966],[103.849953,1.33295],[103.849945,1.33295]]]}},{"type":"Feature","properties":{"block_id":"7821","blk_no":"186","postal_code":"310186","region_id":"CR","region":"CENTRAL REGION","planning_area_id":"TP","planning_area":"TOA PAYOH","subzone_id":"TPSZ02","subzone":"TOA PAYOH CENTRAL","lon":103.8502,"lat":1.3327,"property_match":"MATCHED","property_match_confidence":"HIGH","street":"TOA PAYOH CTRL","residential":"Y","year_completed":1971,"building_age_2026":55,"max_floor_lvl":4,"total_dwelling_units":36,"small_flat_share_pct":77.78,"rental_share_pct":0.0,"footprint_area_m2":1776.7,"estimated_residents_2026":76.6,"estimated_elderly_65plus_2026":22.7,"estimated_elderly_share_pct":29.69,"elderly_exposure_score":12.8,"elderly_exposure_class":"VERY LOW","estimate_confidence":"HIGH","display_name":"Block 186"},"geometry":{"type":"Polygon","coordinates":[[[103.850164,1.333419],[103.850165,1.331897],[103.850233,1.331888],[103.850233,1.331898],[103.850261,1.331898],[103.850261,1.33212],[103.850252,1.33212],[103.850252,1.332138],[103.850261,1.332138],[103.850261,1.332212],[103.850253,1.332212],[103.850261,1.332259],[103.850252,1.332259],[103.850252,1.332276],[103.850261,1.332276],[103.850261,1.33235],[103.850252,1.33235],[103.850261,1.332396],[103.850252,1.332396],[103.850252,1.332413],[103.850261,1.332413],[103.850261,1.332487],[103.850252,1.332487],[103.850252,1.332504],[103.850261,1.332504],[103.850261,1.332534],[103.850252,1.332534],[103.850261,1.332625],[103.850252,1.332625],[103.850261,1.332672],[103.850252,1.332672],[103.850252,1.332689],[103.850261,1.332689],[103.850261,1.332766],[103.850252,1.332766],[103.850252,1.332783],[103.850261,1.332783],[103.850261,1.332812],[103.850252,1.332812],[103.850261,1.332904],[103.850252,1.332904],[103.850252,1.33292],[103.850261,1.33292],[103.850261,1.33295],[103.850252,1.33295],[103.850261,1.333041],[103.850252,1.333041],[103.850261,1.333088],[103.850252,1.333088],[103.850252,1.333105],[103.850261,1.333105],[103.850261,1.333179],[103.850252,1.333179],[103.85026,1.333226],[103.850252,1.333226],[103.850252,1.333243],[103.85026,1.333243],[103.85026,1.333317],[103.850252,1.333317],[103.85026,1.333363],[103.850252,1.333363],[103.85026,1.333419],[103.850164,1.333419]]]}},{"type":"Feature","properties":{"block_id":"8728","blk_no":"190","postal_code":"310190","region_id":"CR","region":"CENTRAL REGION","planning_area_id":"TP","planning_area":"TOA PAYOH","subzone_id":"TPSZ02","subzone":"TOA PAYOH CENTRAL","lon":103.8483,"lat":1.333,"property_match":"MATCHED","property_match_confidence":"HIGH","street":"LOR 6 TOA PAYOH","residential":"N","year_completed":1986,"building_age_2026":40,"max_floor_lvl":5,"total_dwelling_units":0,"small_flat_share_pct":null,"rental_share_pct":null,"footprint_area_m2":6577.8,"estimated_residents_2026":0.0,"estimated_elderly_65plus_2026":0.0,"estimated_elderly_share_pct":null,"elderly_exposure_score":null,"elderly_exposure_class":null,"estimate_confidence":"HIGH","display_name":"Block 190"},"geometry":{"type":"Polygon","coordinates":[[[103.847795,1.332823],[103.849038,1.332823],[103.849038,1.333002],[103.849162,1.333002],[103.849162,1.332823],[103.849524,1.332824],[103.849524,1.333052],[103.849624,1.333052],[103.849624,1.33302],[103.849728,1.33302],[103.849728,1.333138],[103.848906,1.333138],[103.848906,1.332972],[103.848873,1.332972],[103.848865,1.333102],[103.848825,1.333145],[103.848797,1.333154],[103.84874,1.333141],[103.848704,1.333097],[103.848674,1.333097],[103.848673,1.333138],[103.847997,1.333138],[103.847997,1.333097],[103.847964,1.333097],[103.847929,1.333141],[103.847875,1.333156],[103.847822,1.333133],[103.847794,1.333084],[103.847795,1.332823]]]}},{"type":"Feature","properties":{"block_id":"11056462","blk_no":"191","postal_code":"310191","region_id":"CR","region":"CENTRAL REGION","planning_area_id":"TP","planning_area":"TOA PAYOH","subzone_id":"TPSZ02","subzone":"TOA PAYOH CENTRAL","lon":103.851,"lat":1.3319,"property_match":"MATCHED","property_match_confidence":"HIGH","street":"LOR 4 TOA PAYOH","residential":"Y","year_completed":1973,"building_age_2026":53,"max_floor_lvl":25,"total_dwelling_units":96,"small_flat_share_pct":0.0,"rental_share_pct":0.0,"footprint_area_m2":427.2,"estimated_residents_2026":253.4,"estimated_elderly_65plus_2026":56.5,"estimated_elderly_share_pct":22.3,"elderly_exposure_score":49.1,"elderly_exposure_class":"MODERATE","estimate_confidence":"HIGH","display_name":"Block 191"},"geometry":{"type":"Polygon","coordinates":[[[103.851135,1.331871],[103.851094,1.331871],[103.851095,1.331915],[103.851135,1.331915],[103.851135,1.331973],[103.851122,1.331973],[103.851122,1.331983],[103.851037,1.331983],[103.851037,1.331973],[103.851014,1.331973],[103.851014,1.331983],[103.850929,1.331983],[103.850929,1.331973],[103.850916,1.331973],[103.850916,1.331915],[103.850957,1.331915],[103.850957,1.331871],[103.850916,1.331871],[103.850916,1.331813],[103.850929,1.331813],[103.850929,1.331803],[103.851014,1.331803],[103.851014,1.331813],[103.851037,1.331813],[103.851037,1.331803],[103.851122,1.331803],[103.851122,1.331813],[103.851135,1.331813],[103.851135,1.331871]]]}},{"type":"Feature","properties":{"block_id":"3756","blk_no":"192","postal_code":"310192","region_id":"CR","region":"CENTRAL REGION","planning_area_id":"TP","planning_area":"TOA PAYOH","subzone_id":"TPSZ02","subzone":"TOA PAYOH CENTRAL","lon":103.8505,"lat":1.3316,"property_match":"MATCHED","property_match_confidence":"HIGH","street":"LOR 4 TOA PAYOH","residential":"N","year_completed":1973,"building_age_2026":53,"max_floor_lvl":2,"total_dwelling_units":0,"small_flat_share_pct":null,"rental_share_pct":null,"footprint_area_m2":2873.2,"estimated_residents_2026":0.0,"estimated_elderly_65plus_2026":0.0,"estimated_elderly_share_pct":null,"elderly_exposure_score":null,"elderly_exposure_class":null,"estimate_confidence":"HIGH","display_name":"Block 192"},"geometry":{"type":"Polygon","coordinates":[[[103.850166,1.331486],[103.85081,1.331488],[103.850809,1.331849],[103.850165,1.331849],[103.850166,1.331486]]]}},{"type":"Feature","properties":{"block_id":"11056463","blk_no":"193","postal_code":"310193","region_id":"CR","region":"CENTRAL REGION","planning_area_id":"TP","planning_area":"TOA PAYOH","subzone_id":"TPSZ02","subzone":"TOA PAYOH CENTRAL","lon":103.8513,"lat":1.3316,"property_match":"MATCHED","property_match_confidence":"HIGH","street":"LOR 4 TOA PAYOH","residential":"Y","year_completed":1973,"building_age_2026":53,"max_floor_lvl":25,"total_dwelling_units":96,"small_flat_share_pct":0.0,"rental_share_pct":0.0,"footprint_area_m2":427.2,"estimated_residents_2026":253.4,"estimated_elderly_65plus_2026":56.5,"estimated_elderly_share_pct":22.3,"elderly_exposure_score":49.1,"elderly_exposure_class":"MODERATE","estimate_confidence":"HIGH","display_name":"Block 193"},"geometry":{"type":"Polygon","coordinates":[[[103.851405,1.331568],[103.851364,1.331568],[103.851365,1.331612],[103.851405,1.331612],[103.851405,1.33167],[103.851392,1.33167],[103.851392,1.33168],[103.851307,1.33168],[103.851307,1.33167],[103.851284,1.33167],[103.851284,1.33168],[103.851199,1.33168],[103.851199,1.33167],[103.851186,1.33167],[103.851186,1.331612],[103.851227,1.331612],[103.851227,1.331568],[103.851186,1.331568],[103.851186,1.33151],[103.851199,1.33151],[103.851199,1.331501],[103.851284,1.331501],[103.851284,1.33151],[103.851307,1.33151],[103.851307,1.331501],[103.851392,1.331501],[103.851392,1.33151],[103.851405,1.33151],[103.851405,1.331568]]]}},{"type":"Feature","properties":{"block_id":"11056512","blk_no":"460","postal_code":"310460","region_id":"CR","region":"CENTRAL REGION","planning_area_id":"TP","planning_area":"TOA PAYOH","subzone_id":"TPSZ02","subzone":"TOA PAYOH CENTRAL","lon":103.8498,"lat":1.332,"property_match":"MATCHED","property_match_confidence":"HIGH","street":"LOR 6 TOA PAYOH","residential":"N","year_completed":2003,"building_age_2026":23,"max_floor_lvl":3,"total_dwelling_units":0,"small_flat_share_pct":null,"rental_share_pct":null,"footprint_area_m2":1456.6,"estimated_residents_2026":0.0,"estimated_elderly_65plus_2026":0.0,"estimated_elderly_share_pct":null,"elderly_exposure_score":null,"elderly_exposure_class":null,"estimate_confidence":"HIGH","display_name":"Block 460"},"geometry":{"type":"Polygon","coordinates":[[[103.850042,1.332129],[103.849611,1.332129],[103.849604,1.332049],[103.849627,1.332049],[103.849627,1.332062],[103.849641,1.332062],[103.849641,1.331942],[103.849657,1.331921],[103.849641,1.331907],[103.84972,1.331843],[103.849816,1.331814],[103.849908,1.331821],[103.850007,1.331868],[103.850043,1.331868],[103.850042,1.332129]]]}},{"type":"Feature","properties":{"block_id":"11056511","blk_no":"470","postal_code":"310470","region_id":"CR","region":"CENTRAL REGION","planning_area_id":"TP","planning_area":"TOA PAYOH","subzone_id":"TPSZ02","subzone":"TOA PAYOH CENTRAL","lon":103.8494,"lat":1.3321,"property_match":"MATCHED","property_match_confidence":"HIGH","street":"LOR 6 TOA PAYOH","residential":"N","year_completed":2002,"building_age_2026":24,"max_floor_lvl":3,"total_dwelling_units":0,"small_flat_share_pct":null,"rental_share_pct":null,"footprint_area_m2":1508.9,"estimated_residents_2026":0.0,"estimated_elderly_65plus_2026":0.0,"estimated_elderly_share_pct":null,"elderly_exposure_score":null,"elderly_exposure_class":null,"estimate_confidence":"HIGH","display_name":"Block 470"},"geometry":{"type":"Polygon","coordinates":[[[103.849272,1.332204],[103.849175,1.332204],[103.849175,1.332105],[103.849197,1.332105],[103.849197,1.332051],[103.849175,1.33205],[103.849176,1.331889],[103.849589,1.33189],[103.849589,1.332017],[103.849563,1.332015],[103.849563,1.332047],[103.849591,1.332051],[103.849533,1.332139],[103.849468,1.332188],[103.849408,1.332211],[103.84933,1.332219],[103.849272,1.332204]]]}},{"type":"Feature","properties":{"block_id":"4589","blk_no":"480","postal_code":"310480","region_id":"CR","region":"CENTRAL REGION","planning_area_id":"TP","planning_area":"TOA PAYOH","subzone_id":"TPSZ02","subzone":"TOA PAYOH CENTRAL","lon":103.8485,"lat":1.332,"property_match":"MATCHED","property_match_confidence":"HIGH","street":"LOR 6 TOA PAYOH","residential":"N","year_completed":2002,"building_age_2026":24,"max_floor_lvl":33,"total_dwelling_units":0,"small_flat_share_pct":null,"rental_share_pct":null,"footprint_area_m2":8520.4,"estimated_residents_2026":0.0,"estimated_elderly_65plus_2026":0.0,"estimated_elderly_share_pct":null,"elderly_exposure_score":null,"elderly_exposure_class":null,"estimate_confidence":"HIGH","display_name":"Block 480"},"geometry":{"type":"Polygon","coordinates":[[[103.848151,1.332477],[103.848147,1.332104],[103.848198,1.331869],[103.848159,1.331869],[103.848156,1.331882],[103.848135,1.331882],[103.848135,1.331549],[103.848318,1.331547],[103.848318,1.331534],[103.848405,1.331534],[103.848405,1.331554],[103.848461,1.331554],[103.848461,1.331667],[103.848587,1.331667],[103.848587,1.331636],[103.848643,1.331636],[103.848643,1.331616],[103.848729,1.331616],[103.848729,1.331628],[103.848913,1.331631],[103.848913,1.331964],[103.848834,1.331964],[103.848834,1.332053],[103.84899,1.332088],[103.84899,1.332413],[103.848981,1.332413],[103.848981,1.332477],[103.848151,1.332477]]]}},{"type":"Feature","properties":{"block_id":"4639","blk_no":"490","postal_code":"310490","region_id":"CR","region":"CENTRAL REGION","planning_area_id":"TP","planning_area":"TOA PAYOH","subzone_id":"TPSZ02","subzone":"TOA PAYOH CENTRAL","lon":103.8484,"lat":1.3325,"property_match":"MATCHED","property_match_confidence":"HIGH","street":"LOR 6 TOA PAYOH","residential":"N","year_completed":2002,"building_age_2026":24,"max_floor_lvl":9,"total_dwelling_units":0,"small_flat_share_pct":null,"rental_share_pct":null,"footprint_area_m2":2936.8,"estimated_residents_2026":0.0,"estimated_elderly_65plus_2026":0.0,"estimated_elderly_share_pct":null,"elderly_exposure_score":null,"elderly_exposure_class":null,"estimate_confidence":"HIGH","display_name":"Block 490"},"geometry":{"type":"Polygon","coordinates":[[[103.848983,1.332477],[103.848983,1.332657],[103.848831,1.332657],[103.848831,1.332666],[103.848745,1.332666],[103.848745,1.332657],[103.848227,1.332657],[103.848227,1.332666],[103.848141,1.332666],[103.848141,1.332657],[103.847835,1.332657],[103.847839,1.33264],[103.8478,1.332632],[103.847797,1.332616],[103.847846,1.332392],[103.848147,1.332392],[103.848151,1.332477],[103.848983,1.332477]]]}},{"type":"Feature","properties":{"block_id":"6494","blk_no":"500","postal_code":"310500","region_id":"CR","region":"CENTRAL REGION","planning_area_id":"TP","planning_area":"TOA PAYOH","subzone_id":"TPSZ02","subzone":"TOA PAYOH CENTRAL","lon":103.8471,"lat":1.333,"property_match":"MATCHED","property_match_confidence":"HIGH","street":"LOR 6 TOA PAYOH","residential":"N","year_completed":2002,"building_age_2026":24,"max_floor_lvl":4,"total_dwelling_units":0,"small_flat_share_pct":null,"rental_share_pct":null,"footprint_area_m2":3504.6,"estimated_residents_2026":0.0,"estimated_elderly_65plus_2026":0.0,"estimated_elderly_share_pct":null,"elderly_exposure_score":null,"elderly_exposure_class":null,"estimate_confidence":"HIGH","display_name":"Block 500"},"geometry":{"type":"Polygon","coordinates":[[[103.847179,1.332503],[103.847197,1.332526],[103.847262,1.332468],[103.84731,1.33251],[103.847374,1.332537],[103.847354,1.332627],[103.847354,1.33282],[103.847423,1.33282],[103.847346,1.333155],[103.847216,1.333155],[103.847204,1.333206],[103.847187,1.333218],[103.847163,1.333204],[103.847169,1.333157],[103.8469,1.333162],[103.846905,1.332715],[103.846891,1.332696],[103.847179,1.332503]]]}},{"type":"Feature","properties":{"block_id":"6502","blk_no":"520","postal_code":"310520","region_id":"CR","region":"CENTRAL REGION","planning_area_id":"TP","planning_area":"TOA PAYOH","subzone_id":"TPSZ02","subzone":"TOA PAYOH CENTRAL","lon":103.8475,"lat":1.3331,"property_match":"MATCHED","property_match_confidence":"HIGH","street":"LOR 6 TOA PAYOH","residential":"N","year_completed":2002,"building_age_2026":24,"max_floor_lvl":2,"total_dwelling_units":0,"small_flat_share_pct":null,"rental_share_pct":null,"footprint_area_m2":2016.1,"estimated_residents_2026":0.0,"estimated_elderly_65plus_2026":0.0,"estimated_elderly_share_pct":null,"elderly_exposure_score":null,"elderly_exposure_class":null,"estimate_confidence":"HIGH","display_name":"Block 520"},"geometry":{"type":"Polygon","coordinates":[[[103.847277,1.333433],[103.847423,1.33282],[103.847768,1.33282],[103.847768,1.332976],[103.847612,1.332976],[103.847569,1.333169],[103.847584,1.333173],[103.847548,1.333336],[103.847533,1.333332],[103.84751,1.333435],[103.847322,1.333435],[103.847311,1.333457],[103.847292,1.333459],[103.847277,1.333433]]]}},{"type":"Feature","properties":{"block_id":"2948","blk_no":"530","postal_code":"310530","region_id":"CR","region":"CENTRAL REGION","planning_area_id":"TP","planning_area":"TOA PAYOH","subzone_id":"TPSZ02","subzone":"TOA PAYOH CENTRAL","lon":103.8471,"lat":1.3322,"property_match":"MATCHED","property_match_confidence":"HIGH","street":"LOR 6 TOA PAYOH","residential":"N","year_completed":2002,"building_age_2026":24,"max_floor_lvl":5,"total_dwelling_units":0,"small_flat_share_pct":null,"rental_share_pct":null,"footprint_area_m2":9379.9,"estimated_residents_2026":0.0,"estimated_elderly_65plus_2026":0.0,"estimated_elderly_share_pct":null,"elderly_exposure_score":null,"elderly_exposure_class":null,"estimate_confidence":"HIGH","display_name":"Block 530"},"geometry":{"type":"Polygon","coordinates":[[[103.847336,1.332523],[103.847262,1.332468],[103.847006,1.332697],[103.846928,1.332697],[103.846928,1.332715],[103.846904,1.332715],[103.846891,1.332696],[103.84683,1.332733],[103.846807,1.332717],[103.846813,1.332694],[103.846867,1.33266],[103.846823,1.33257],[103.846792,1.332469],[103.846778,1.332338],[103.846788,1.332214],[103.846774,1.332189],[103.846798,1.332171],[103.846841,1.332053],[103.846894,1.331962],[103.846961,1.33188],[103.847056,1.3318],[103.847063,1.331773],[103.847093,1.331776],[103.847206,1.331723],[103.847307,1.331696],[103.847438,1.331686],[103.847536,1.331697],[103.847553,1.331629],[103.847568,1.331621],[103.847585,1.331627],[103.847592,1.331648],[103.847467,1.332187],[103.847516,1.332214],[103.847553,1.332261],[103.848029,1.332261],[103.848037,1.332271],[103.848118,1.331903],[103.84814,1.331903],[103.848159,1.331869],[103.848198,1.331869],[103.848147,1.332104],[103.848147,1.332392],[103.847846,1.332392],[103.8478,1.332632],[103.847336,1.332523]]]}},{"type":"Feature","properties":{"block_id":"6182","blk_no":"78A","postal_code":"311078","region_id":"CR","region":"CENTRAL REGION","planning_area_id":"TP","planning_area":"TOA PAYOH","subzone_id":"TPSZ02","subzone":"TOA PAYOH CENTRAL","lon":103.8476,"lat":1.3349,"property_match":"MATCHED","property_match_confidence":"HIGH","street":"TOA PAYOH CTRL","residential":"N","year_completed":2008,"building_age_2026":18,"max_floor_lvl":1,"total_dwelling_units":0,"small_flat_share_pct":null,"rental_share_pct":null,"footprint_area_m2":276.6,"estimated_residents_2026":0.0,"estimated_elderly_65plus_2026":0.0,"estimated_elderly_share_pct":null,"elderly_exposure_score":null,"elderly_exposure_class":null,"estimate_confidence":"HIGH","display_name":"Block 78A"},"geometry":{"type":"Polygon","coordinates":[[[103.847615,1.334894],[103.847656,1.334909],[103.847681,1.334938],[103.847674,1.334968],[103.847634,1.334994],[103.84757,1.335005],[103.847517,1.335001],[103.847465,1.334984],[103.847443,1.334962],[103.847448,1.334921],[103.847489,1.334899],[103.847538,1.334888],[103.847615,1.334894]]]}},{"type":"Feature","properties":{"block_id":"22","blk_no":"78B","postal_code":"312078","region_id":"CR","region":"CENTRAL REGION","planning_area_id":"TP","planning_area":"TOA PAYOH","subzone_id":"TPSZ02","subzone":"TOA PAYOH CENTRAL","lon":103.8486,"lat":1.3348,"property_match":"MATCHED","property_match_confidence":"HIGH","street":"TOA PAYOH CTRL","residential":"N","year_completed":2007,"building_age_2026":19,"max_floor_lvl":7,"total_dwelling_units":0,"small_flat_share_pct":null,"rental_share_pct":null,"footprint_area_m2":3459.9,"estimated_residents_2026":0.0,"estimated_elderly_65plus_2026":0.0,"estimated_elderly_share_pct":null,"elderly_exposure_score":null,"elderly_exposure_class":null,"estimate_confidence":"HIGH","display_name":"Block 78B"},"geometry":{"type":"Polygon","coordinates":[[[103.848163,1.334732],[103.849013,1.334732],[103.849013,1.335049],[103.848163,1.335049],[103.84807,1.33504],[103.848032,1.335007],[103.84803,1.33499],[103.848046,1.334961],[103.848093,1.33494],[103.848163,1.334939],[103.848163,1.334732]]]}},{"type":"Feature","properties":{"block_id":"2431","blk_no":"78C","postal_code":"313078","region_id":"CR","region":"CENTRAL REGION","planning_area_id":"TP","planning_area":"TOA PAYOH","subzone_id":"TPSZ02","subzone":"TOA PAYOH CENTRAL","lon":103.8498,"lat":1.3345,"property_match":"MATCHED","property_match_confidence":"HIGH","street":"TOA PAYOH CTRL","residential":"N","year_completed":2007,"building_age_2026":19,"max_floor_lvl":1,"total_dwelling_units":0,"small_flat_share_pct":null,"rental_share_pct":null,"footprint_area_m2":339.2,"estimated_residents_2026":0.0,"estimated_elderly_65plus_2026":0.0,"estimated_elderly_share_pct":null,"elderly_exposure_score":null,"elderly_exposure_class":null,"estimate_confidence":"HIGH","display_name":"Block 78C"},"geometry":{"type":"Polygon","coordinates":[[[103.849654,1.334447],[103.849727,1.334427],[103.849711,1.334454],[103.849775,1.334429],[103.849837,1.334433],[103.849892,1.334463],[103.849916,1.334456],[103.849933,1.334511],[103.849911,1.334544],[103.849855,1.334563],[103.849777,1.334549],[103.849728,1.334515],[103.849673,1.33453],[103.849654,1.334447]]]}},{"type":"Feature","properties":{"block_id":"7900","blk_no":"79A","postal_code":"311079","region_id":"CR","region":"CENTRAL REGION","planning_area_id":"TP","planning_area":"TOA PAYOH","subzone_id":"TPSZ02","subzone":"TOA PAYOH CENTRAL","lon":103.8474,"lat":1.3346,"property_match":"MATCHED","property_match_confidence":"HIGH","street":"TOA PAYOH CTRL","residential":"Y","year_completed":2008,"building_age_2026":18,"max_floor_lvl":40,"total_dwelling_units":308,"small_flat_share_pct":0.0,"rental_share_pct":0.0,"footprint_area_m2":1079.8,"estimated_residents_2026":837.1,"estimated_elderly_65plus_2026":179.4,"estimated_elderly_share_pct":21.44,"elderly_exposure_score":98.8,"elderly_exposure_class":"VERY HIGH","estimate_confidence":"HIGH","display_name":"Block 79A"},"geometry":{"type":"Polygon","coordinates":[[[103.847362,1.334805],[103.84732,1.334798],[103.84732,1.334822],[103.847285,1.334822],[103.847285,1.334843],[103.847234,1.334843],[103.847234,1.33483],[103.847205,1.33483],[103.847205,1.334777],[103.847258,1.334777],[103.847258,1.334758],[103.847236,1.334758],[103.847236,1.334734],[103.847283,1.334734],[103.847277,1.334693],[103.847305,1.334693],[103.847305,1.334673],[103.847267,1.334673],[103.847267,1.334645],[103.847286,1.334645],[103.847286,1.334614],[103.847335,1.334614],[103.847335,1.334645],[103.847373,1.334645],[103.847373,1.334614],[103.847422,1.334614],[103.847422,1.334645],[103.847441,1.334645],[103.847441,1.334673],[103.847404,1.334673],[103.847404,1.334693],[103.847431,1.334693],[103.847437,1.334715],[103.847472,1.334715],[103.847481,1.334707],[103.847481,1.334646],[103.84752,1.33464],[103.847514,1.334588],[103.847475,1.33458],[103.84748,1.334556],[103.847502,1.33456],[103.847507,1.334537],[103.847482,1.334532],[103.847504,1.334447],[103.84756,1.334458],[103.847563,1.334445],[103.847608,1.334454],[103.847605,1.334468],[103.847686,1.334484],[103.847672,1.334557],[103.847652,1.334553],[103.847649,1.334567],[103.847603,1.334558],[103.847599,1.334578],[103.847638,1.334586],[103.847633,1.334608],[103.847647,1.334616],[103.847644,1.334632],[103.847541,1.334616],[103.847544,1.334646],[103.847571,1.334646],[103.847576,1.334719],[103.847607,1.334719],[103.847607,1.334694],[103.84767,1.334695],[103.84767,1.334736],[103.847634,1.334736],[103.847634,1.334757],[103.847607,1.334757],[103.847607,1.334776],[103.847644,1.334776],[103.847644,1.334804],[103.847625,1.334804],[103.847625,1.334836],[103.847576,1.334836],[103.847576,1.334805],[103.847556,1.334798],[103.847514,1.334805],[103.847514,1.334836],[103.847466,1.334836],[103.847466,1.334804],[103.847447,1.334804],[103.847447,1.334776],[103.847484,1.334776],[103.847484,1.334757],[103.847457,1.334757],[103.847457,1.334735],[103.847425,1.334735],[103.84742,1.334757],[103.847392,1.334757],[103.847392,1.334776],[103.847429,1.334776],[103.847429,1.334804],[103.84741,1.334804],[103.84741,1.334836],[103.847362,1.334836],[103.847362,1.334805]]]}},{"type":"Feature","properties":{"block_id":"4229","blk_no":"79B","postal_code":"312079","region_id":"CR","region":"CENTRAL REGION","planning_area_id":"TP","planning_area":"TOA PAYOH","subzone_id":"TPSZ02","subzone":"TOA PAYOH CENTRAL","lon":103.8481,"lat":1.3347,"property_match":"MATCHED","property_match_confidence":"HIGH","street":"TOA PAYOH CTRL","residential":"Y","year_completed":2007,"building_age_2026":19,"max_floor_lvl":40,"total_dwelling_units":191,"small_flat_share_pct":0.0,"rental_share_pct":0.0,"footprint_area_m2":1495.1,"estimated_residents_2026":504.3,"estimated_elderly_65plus_2026":112.4,"estimated_elderly_share_pct":22.3,"elderly_exposure_score":91.7,"elderly_exposure_class":"VERY HIGH","estimate_confidence":"HIGH","display_name":"Block 79B"},"geometry":{"type":"Polygon","coordinates":[[[103.847686,1.334484],[103.84797,1.334536],[103.847972,1.334523],[103.848041,1.334532],[103.848039,1.334546],[103.848102,1.334554],[103.848304,1.334554],[103.848304,1.334593],[103.848334,1.334593],[103.848334,1.334631],[103.848313,1.334631],[103.848313,1.334645],[103.848269,1.334645],[103.848269,1.334665],[103.848297,1.334665],[103.848297,1.334687],[103.848314,1.334703],[103.848301,1.334713],[103.848048,1.334704],[103.848043,1.334741],[103.848065,1.334744],[103.848061,1.334769],[103.848023,1.334764],[103.84802,1.334787],[103.848067,1.334793],[103.848065,1.334809],[103.848082,1.334811],[103.848077,1.334847],[103.848051,1.334844],[103.848049,1.334857],[103.847996,1.33485],[103.848002,1.334813],[103.84798,1.33481],[103.847979,1.334822],[103.847933,1.334803],[103.847928,1.33484],[103.847875,1.334833],[103.847877,1.334819],[103.847851,1.334815],[103.847857,1.33478],[103.847873,1.334782],[103.847875,1.334766],[103.847922,1.334773],[103.847925,1.33475],[103.847888,1.334745],[103.847897,1.334678],[103.847729,1.334646],[103.847725,1.334669],[103.847689,1.334662],[103.847692,1.334647],[103.847673,1.334641],[103.847669,1.334626],[103.847687,1.334619],[103.847692,1.334597],[103.847731,1.334604],[103.847735,1.334584],[103.847689,1.334575],[103.847691,1.334561],[103.847672,1.334557],[103.847686,1.334484]]]}},{"type":"Feature","properties":{"block_id":"6894","blk_no":"79C","postal_code":"313079","region_id":"CR","region":"CENTRAL REGION","planning_area_id":"TP","planning_area":"TOA PAYOH","subzone_id":"TPSZ02","subzone":"TOA PAYOH CENTRAL","lon":103.8486,"lat":1.3346,"property_match":"MATCHED","property_match_confidence":"HIGH","street":"TOA PAYOH CTRL","residential":"Y","year_completed":2007,"building_age_2026":19,"max_floor_lvl":40,"total_dwelling_units":160,"small_flat_share_pct":0.0,"rental_share_pct":0.0,"footprint_area_m2":872.0,"estimated_residents_2026":470.2,"estimated_elderly_65plus_2026":90.5,"estimated_elderly_share_pct":19.24,"elderly_exposure_score":82.8,"elderly_exposure_class":"VERY HIGH","estimate_confidence":"HIGH","display_name":"Block 79C"},"geometry":{"type":"Polygon","coordinates":[[[103.848369,1.334593],[103.848368,1.334555],[103.848422,1.334555],[103.848422,1.334618],[103.848481,1.334618],[103.848481,1.334596],[103.848504,1.334596],[103.848504,1.334573],[103.848463,1.334581],[103.848463,1.334558],[103.848451,1.334558],[103.848451,1.33452],[103.848479,1.33452],[103.848479,1.334508],[103.848506,1.334515],[103.848562,1.334507],[103.848562,1.334598],[103.84858,1.334598],[103.848585,1.334507],[103.84864,1.334515],[103.848667,1.334508],[103.848667,1.33452],[103.848696,1.33452],[103.848696,1.334559],[103.848727,1.334588],[103.848705,1.334614],[103.848734,1.334618],[103.848734,1.334577],[103.848787,1.334577],[103.848787,1.334593],[103.848821,1.334593],[103.848821,1.334631],[103.848787,1.334631],[103.848787,1.334653],[103.848749,1.334645],[103.848749,1.334688],[103.848695,1.334688],[103.848695,1.334665],[103.848667,1.334665],[103.848667,1.334688],[103.848637,1.334688],[103.848637,1.334713],[103.84869,1.334713],[103.84869,1.334765],[103.848609,1.334775],[103.848609,1.334739],[103.848585,1.334739],[103.848585,1.334723],[103.848567,1.334723],[103.848562,1.334739],[103.848537,1.334739],[103.848537,1.334775],[103.848484,1.334775],[103.848484,1.334765],[103.848456,1.334765],[103.848456,1.334713],[103.848509,1.334713],[103.848509,1.334688],[103.84848,1.334688],[103.84848,1.334665],[103.84846,1.334665],[103.84846,1.334688],[103.848406,1.334688],[103.848406,1.334645],[103.848369,1.334653],[103.848369,1.334631],[103.848334,1.334631],[103.848334,1.334593],[103.848369,1.334593]]]}},{"type":"Feature","properties":{"block_id":"8590","blk_no":"79D","postal_code":"314079","region_id":"CR","region":"CENTRAL REGION","planning_area_id":"TP","planning_area":"TOA PAYOH","subzone_id":"TPSZ02","subzone":"TOA PAYOH CENTRAL","lon":103.8491,"lat":1.3347,"property_match":"MATCHED","property_match_confidence":"HIGH","street":"TOA PAYOH CTRL","residential":"Y","year_completed":2007,"building_age_2026":19,"max_floor_lvl":40,"total_dwelling_units":191,"small_flat_share_pct":0.0,"rental_share_pct":0.0,"footprint_area_m2":1495.8,"estimated_residents_2026":504.3,"estimated_elderly_65plus_2026":112.4,"estimated_elderly_share_pct":22.3,"elderly_exposure_score":91.7,"elderly_exposure_class":"VERY HIGH","estimate_confidence":"HIGH","display_name":"Block 79D"},"geometry":{"type":"Polygon","coordinates":[[[103.84947,1.334484],[103.849484,1.334557],[103.849464,1.334561],[103.849467,1.334575],[103.84942,1.334584],[103.849424,1.334604],[103.849464,1.334597],[103.849468,1.334619],[103.849487,1.334626],[103.849472,1.334645],[103.849474,1.334659],[103.849434,1.334667],[103.849426,1.334647],[103.849259,1.334678],[103.849268,1.334745],[103.84923,1.33475],[103.849233,1.334773],[103.84928,1.334766],[103.849283,1.334782],[103.849299,1.33478],[103.849304,1.334815],[103.849278,1.334819],[103.84928,1.334833],[103.849228,1.33484],[103.849222,1.334803],[103.849177,1.334822],[103.849175,1.33481],[103.849154,1.334813],[103.849159,1.33485],[103.849107,1.334857],[103.849105,1.334844],[103.849079,1.334847],[103.849074,1.334811],[103.84909,1.334809],[103.849088,1.334793],[103.849135,1.334787],[103.849132,1.334764],[103.849094,1.334769],[103.849091,1.334744],[103.849112,1.334741],[103.849107,1.334704],[103.848855,1.334713],[103.848842,1.334703],[103.848859,1.334687],[103.848859,1.334665],[103.848887,1.334665],[103.848887,1.334645],[103.848843,1.334645],[103.848843,1.334631],[103.848821,1.334631],[103.848821,1.334593],[103.848852,1.334593],[103.848851,1.334554],[103.84905,1.334555],[103.849117,1.334545],[103.849115,1.334532],[103.849183,1.334522],[103.849185,1.334536],[103.84947,1.334484]]]}},{"type":"Feature","properties":{"block_id":"2499","blk_no":"79E","postal_code":"315079","region_id":"CR","region":"CENTRAL REGION","planning_area_id":"TP","planning_area":"TOA PAYOH","subzone_id":"TPSZ02","subzone":"TOA PAYOH CENTRAL","lon":103.8498,"lat":1.3347,"property_match":"MATCHED","property_match_confidence":"HIGH","street":"TOA PAYOH CTRL","residential":"Y","year_completed":2007,"building_age_2026":19,"max_floor_lvl":40,"total_dwelling_units":308,"small_flat_share_pct":0.0,"rental_share_pct":0.0,"footprint_area_m2":1081.5,"estimated_residents_2026":813.2,"estimated_elderly_65plus_2026":181.3,"estimated_elderly_share_pct":22.3,"elderly_exposure_score":98.9,"elderly_exposure_class":"VERY HIGH","estimate_confidence":"HIGH","display_name":"Block 79E"},"geometry":{"type":"Polygon","coordinates":[[[103.84947,1.334484],[103.849551,1.334469],[103.849548,1.334454],[103.849593,1.334445],[103.849595,1.334458],[103.849651,1.334447],[103.849674,1.334532],[103.849649,1.334536],[103.849653,1.33456],[103.849676,1.334556],[103.84968,1.33458],[103.849641,1.334588],[103.849636,1.33464],[103.849674,1.334646],[103.849674,1.334707],[103.849683,1.334715],[103.849739,1.334715],[103.849744,1.334693],[103.849772,1.334693],[103.849772,1.334673],[103.849735,1.334673],[103.849735,1.334645],[103.849754,1.334645],[103.849754,1.334614],[103.849802,1.334614],[103.849802,1.334645],[103.849841,1.334645],[103.849841,1.334614],[103.849889,1.334614],[103.849889,1.334645],[103.849908,1.334645],[103.849908,1.334673],[103.849871,1.334673],[103.849871,1.334693],[103.849899,1.334693],[103.849891,1.334734],[103.849938,1.334734],[103.849938,1.334758],[103.849916,1.334758],[103.849916,1.334783],[103.849941,1.334783],[103.849934,1.334848],[103.849878,1.334848],[103.849878,1.334809],[103.849854,1.334809],[103.849854,1.334798],[103.849809,1.334809],[103.849809,1.334846],[103.849756,1.334846],[103.849756,1.334831],[103.849726,1.334831],[103.849726,1.334795],[103.849746,1.334795],[103.849746,1.33478],[103.849794,1.33478],[103.849794,1.334759],[103.849754,1.334759],[103.849749,1.334735],[103.849699,1.334735],[103.849699,1.334757],[103.849671,1.334757],[103.849671,1.334776],[103.849708,1.334776],[103.849708,1.334804],[103.84969,1.334804],[103.84969,1.334836],[103.849641,1.334836],[103.849641,1.334805],[103.84962,1.334798],[103.849579,1.334805],[103.849579,1.334836],[103.849531,1.334836],[103.849531,1.334804],[103.849512,1.334804],[103.849512,1.334776],[103.849549,1.334776],[103.849549,1.334757],[103.849521,1.334757],[103.849521,1.334736],[103.849486,1.334736],[103.849486,1.334695],[103.849549,1.334695],[103.849549,1.334719],[103.849579,1.334719],[103.849584,1.334646],[103.849612,1.334646],[103.849616,1.334616],[103.849511,1.334632],[103.849508,1.334616],[103.849522,1.334608],[103.849518,1.334586],[103.849557,1.334578],[103.849553,1.334558],[103.849506,1.334567],[103.849503,1.334553],[103.849484,1.334557],[103.84947,1.334484]]]}},{"type":"Feature","properties":{"block_id":"7843","blk_no":"80","postal_code":"310080","region_id":"CR","region":"CENTRAL REGION","planning_area_id":"TP","planning_area":"TOA PAYOH","subzone_id":"TPSZ02","subzone":"TOA PAYOH CENTRAL","lon":103.8483,"lat":1.3353,"property_match":"MATCHED","property_match_confidence":"HIGH","street":"LOR 4 TOA PAYOH","residential":"Y","year_completed":1994,"building_age_2026":32,"max_floor_lvl":13,"total_dwelling_units":75,"small_flat_share_pct":0.0,"rental_share_pct":0.0,"footprint_area_m2":891.4,"estimated_residents_2026":212.7,"estimated_elderly_65plus_2026":43.0,"estimated_elderly_share_pct":20.21,"elderly_exposure_score":32.3,"elderly_exposure_class":"LOW","estimate_confidence":"HIGH","display_name":"Block 80"},"geometry":{"type":"Polygon","coordinates":[[[103.848349,1.335447],[103.848255,1.335447],[103.848255,1.335345],[103.848278,1.335345],[103.848278,1.33531],[103.848255,1.33531],[103.848255,1.335204],[103.848778,1.335204],[103.848778,1.335355],[103.848708,1.335355],[103.848708,1.335301],[103.848686,1.335301],[103.848686,1.335323],[103.848608,1.335323],[103.848607,1.335298],[103.848578,1.335298],[103.848578,1.335323],[103.848424,1.335323],[103.848424,1.335299],[103.848375,1.335299],[103.848375,1.335315],[103.848349,1.335315],[103.848349,1.335447]]]}},{"type":"Feature","properties":{"block_id":"4611","blk_no":"80A","postal_code":"311080","region_id":"CR","region":"CENTRAL REGION","planning_area_id":"TP","planning_area":"TOA PAYOH","subzone_id":"TPSZ02","subzone":"TOA PAYOH CENTRAL","lon":103.8493,"lat":1.3353,"property_match":"MATCHED","property_match_confidence":"HIGH","street":"LOR 4 TOA PAYOH","residential":"Y","year_completed":1994,"building_age_2026":32,"max_floor_lvl":13,"total_dwelling_units":72,"small_flat_share_pct":0.0,"rental_share_pct":0.0,"footprint_area_m2":883.4,"estimated_residents_2026":204.8,"estimated_elderly_65plus_2026":41.2,"estimated_elderly_share_pct":20.13,"elderly_exposure_score":30.0,"elderly_exposure_class":"LOW","estimate_confidence":"HIGH","display_name":"Block 80A"},"geometry":{"type":"Polygon","coordinates":[[[103.849306,1.33533],[103.849306,1.335355],[103.849152,1.335355],[103.849152,1.33533],[103.849122,1.33533],[103.849122,1.335355],[103.849044,1.335355],[103.849044,1.335339],[103.849022,1.335339],[103.849022,1.335355],[103.848949,1.335355],[103.848949,1.335204],[103.849022,1.335204],[103.849022,1.335238],[103.849566,1.335237],[103.849567,1.335335],[103.849551,1.335335],[103.84955,1.335355],[103.849396,1.335355],[103.849396,1.33533],[103.849347,1.33533],[103.849347,1.335346],[103.849319,1.335346],[103.849319,1.33533],[103.849306,1.33533]]]}},{"type":"Feature","properties":{"block_id":"7845","blk_no":"80B","postal_code":"312080","region_id":"CR","region":"CENTRAL REGION","planning_area_id":"TP","planning_area":"TOA PAYOH","subzone_id":"TPSZ02","subzone":"TOA PAYOH CENTRAL","lon":103.8499,"lat":1.3353,"property_match":"MATCHED","property_match_confidence":"HIGH","street":"LOR 4 TOA PAYOH","residential":"Y","year_completed":1994,"building_age_2026":32,"max_floor_lvl":13,"total_dwelling_units":72,"small_flat_share_pct":0.0,"rental_share_pct":0.0,"footprint_area_m2":885.0,"estimated_residents_2026":204.8,"estimated_elderly_65plus_2026":41.2,"estimated_elderly_share_pct":20.13,"elderly_exposure_score":30.0,"elderly_exposure_class":"LOW","estimate_confidence":"HIGH","display_name":"Block 80B"},"geometry":{"type":"Polygon","coordinates":[[[103.849567,1.335237],[103.850206,1.335237],[103.850206,1.335355],[103.850111,1.335355],[103.850111,1.33534],[103.850089,1.33534],[103.850089,1.335355],[103.85001,1.335355],[103.850011,1.33533],[103.849981,1.33533],[103.849981,1.335355],[103.849827,1.335355],[103.849827,1.33533],[103.849814,1.33533],[103.849814,1.335346],[103.849786,1.335346],[103.849786,1.33533],[103.849737,1.33533],[103.849737,1.335355],[103.849583,1.335355],[103.849583,1.335335],[103.849567,1.335335],[103.849567,1.335237]]]}},{"type":"Feature","properties":{"block_id":"4567","blk_no":"81","postal_code":"310081","region_id":"CR","region":"CENTRAL REGION","planning_area_id":"TP","planning_area":"TOA PAYOH","subzone_id":"TPSZ02","subzone":"TOA PAYOH CENTRAL","lon":103.8504,"lat":1.3354,"property_match":"MATCHED","property_match_confidence":"HIGH","street":"LOR 4 TOA PAYOH","residential":"Y","year_completed":1995,"building_age_2026":31,"max_floor_lvl":25,"total_dwelling_units":69,"small_flat_share_pct":0.0,"rental_share_pct":0.0,"footprint_area_m2":481.5,"estimated_residents_2026":210.4,"estimated_elderly_65plus_2026":38.4,"estimated_elderly_share_pct":18.26,"elderly_exposure_score":26.2,"elderly_exposure_class":"LOW","estimate_confidence":"HIGH","display_name":"Block 81"},"geometry":{"type":"Polygon","coordinates":[[[103.850376,1.335429],[103.850376,1.335406],[103.850301,1.335406],[103.850301,1.335323],[103.850315,1.335309],[103.850388,1.335309],[103.850388,1.335319],[103.85042,1.33532],[103.85042,1.335332],[103.850444,1.335332],[103.850444,1.335309],[103.850508,1.335309],[103.850523,1.335323],[103.850523,1.335379],[103.850512,1.335379],[103.850523,1.335518],[103.850508,1.335532],[103.850426,1.335532],[103.850426,1.335475],[103.850403,1.335475],[103.850403,1.33551],[103.850363,1.33551],[103.850363,1.335497],[103.850337,1.335497],[103.850336,1.335429],[103.850376,1.335429]]]}},{"type":"Feature","properties":{"block_id":"7223","blk_no":"81A","postal_code":"311081","region_id":"CR","region":"CENTRAL REGION","planning_area_id":"TP","planning_area":"TOA PAYOH","subzone_id":"TPSZ02","subzone":"TOA PAYOH CENTRAL","lon":103.8501,"lat":1.3357,"property_match":"MATCHED","property_match_confidence":"HIGH","street":"LOR 4 TOA PAYOH","residential":"Y","year_completed":1995,"building_age_2026":31,"max_floor_lvl":25,"total_dwelling_units":82,"small_flat_share_pct":0.0,"rental_share_pct":0.0,"footprint_area_m2":591.9,"estimated_residents_2026":245.9,"estimated_elderly_65plus_2026":46.0,"estimated_elderly_share_pct":18.69,"elderly_exposure_score":36.2,"elderly_exposure_class":"LOW","estimate_confidence":"HIGH","display_name":"Block 81A"},"geometry":{"type":"Polygon","coordinates":[[[103.850191,1.335548],[103.850206,1.335563],[103.850206,1.335636],[103.850196,1.335636],[103.850196,1.335669],[103.850183,1.335669],[103.850183,1.335693],[103.850206,1.335693],[103.850206,1.335757],[103.850192,1.335772],[103.850071,1.335762],[103.850071,1.335772],[103.849998,1.335772],[103.849984,1.335758],[103.849984,1.335675],[103.850042,1.335675],[103.850041,1.33565],[103.849907,1.335643],[103.849907,1.335563],[103.849922,1.335549],[103.849968,1.335548],[103.849968,1.335566],[103.850021,1.335566],[103.850021,1.335585],[103.850086,1.335585],[103.850086,1.335624],[103.85011,1.335624],[103.85011,1.335548],[103.850191,1.335548]]]}},{"type":"Feature","properties":{"block_id":"5356","blk_no":"81B","postal_code":"312081","region_id":"CR","region":"CENTRAL REGION","planning_area_id":"TP","planning_area":"TOA PAYOH","subzone_id":"TPSZ02","subzone":"TOA PAYOH CENTRAL","lon":103.8497,"lat":1.336,"property_match":"MATCHED","property_match_confidence":"HIGH","street":"LOR 4 TOA PAYOH","residential":"Y","year_completed":1995,"building_age_2026":31,"max_floor_lvl":25,"total_dwelling_units":82,"small_flat_share_pct":0.0,"rental_share_pct":0.0,"footprint_area_m2":591.9,"estimated_residents_2026":245.9,"estimated_elderly_65plus_2026":46.0,"estimated_elderly_share_pct":18.69,"elderly_exposure_score":36.2,"elderly_exposure_class":"LOW","estimate_confidence":"HIGH","display_name":"Block 81B"},"geometry":{"type":"Polygon","coordinates":[[[103.849663,1.335856],[103.849784,1.335866],[103.849784,1.335856],[103.849856,1.335856],[103.849871,1.335871],[103.849871,1.335953],[103.849813,1.335953],[103.849813,1.335978],[103.849947,1.335985],[103.849947,1.336065],[103.849933,1.33608],[103.849887,1.33608],[103.849887,1.336062],[103.849834,1.336062],[103.849834,1.336043],[103.849768,1.336043],[103.849768,1.336004],[103.849745,1.336004],[103.849745,1.33608],[103.849663,1.33608],[103.849649,1.336065],[103.849649,1.335992],[103.849659,1.335992],[103.849659,1.335959],[103.849672,1.335959],[103.849672,1.335935],[103.849649,1.335935],[103.849649,1.335871],[103.849663,1.335856]]]}},{"type":"Feature","properties":{"block_id":"8686","blk_no":"81C","postal_code":"313081","region_id":"CR","region":"CENTRAL REGION","planning_area_id":"TP","planning_area":"TOA PAYOH","subzone_id":"TPSZ02","subzone":"TOA PAYOH CENTRAL","lon":103.8493,"lat":1.3359,"property_match":"MATCHED","property_match_confidence":"HIGH","street":"LOR 4 TOA PAYOH","residential":"N","year_completed":1994,"building_age_2026":32,"max_floor_lvl":5,"total_dwelling_units":0,"small_flat_share_pct":null,"rental_share_pct":null,"footprint_area_m2":2087.1,"estimated_residents_2026":0.0,"estimated_elderly_65plus_2026":0.0,"estimated_elderly_share_pct":null,"elderly_exposure_score":null,"elderly_exposure_class":null,"estimate_confidence":"HIGH","display_name":"Block 81C"},"geometry":{"type":"Polygon","coordinates":[[[103.849462,1.33548],[103.849462,1.336098],[103.849187,1.336098],[103.849187,1.33548],[103.849462,1.33548]]]}},{"type":"Feature","properties":{"block_id":"6157","blk_no":"82","postal_code":"310082","region_id":"CR","region":"CENTRAL REGION","planning_area_id":"TP","planning_area":"TOA PAYOH","subzone_id":"TPSZ02","subzone":"TOA PAYOH CENTRAL","lon":103.8483,"lat":1.3358,"property_match":"MATCHED","property_match_confidence":"HIGH","street":"LOR 4 TOA PAYOH","residential":"Y","year_completed":1994,"building_age_2026":32,"max_floor_lvl":10,"total_dwelling_units":55,"small_flat_share_pct":0.0,"rental_share_pct":0.0,"footprint_area_m2":1202.0,"estimated_residents_2026":153.2,"estimated_elderly_65plus_2026":31.8,"estimated_elderly_share_pct":20.73,"elderly_exposure_score":19.9,"elderly_exposure_class":"VERY LOW","estimate_confidence":"HIGH","display_name":"Block 82"},"geometry":{"type":"Polygon","coordinates":[[[103.848255,1.33557],[103.84836,1.33557],[103.84836,1.335592],[103.848395,1.335592],[103.848395,1.33557],[103.848496,1.33557],[103.848496,1.335664],[103.848349,1.335664],[103.848349,1.335787],[103.848324,1.335787],[103.848324,1.335822],[103.848349,1.335822],[103.848349,1.335962],[103.848365,1.335962],[103.848365,1.335986],[103.848772,1.335986],[103.848772,1.33608],[103.84867,1.33608],[103.84867,1.336055],[103.848635,1.336055],[103.848635,1.33608],[103.848528,1.33608],[103.848528,1.336054],[103.848504,1.336054],[103.848504,1.33608],[103.848397,1.33608],[103.848397,1.336055],[103.848361,1.336055],[103.848361,1.33608],[103.848255,1.33608],[103.848255,1.33557]]]}},{"type":"Feature","properties":{"block_id":"6146","blk_no":"82A","postal_code":"311082","region_id":"CR","region":"CENTRAL REGION","planning_area_id":"TP","planning_area":"TOA PAYOH","subzone_id":"TPSZ02","subzone":"TOA PAYOH CENTRAL","lon":103.849,"lat":1.336,"property_match":"MATCHED","property_match_confidence":"HIGH","street":"LOR 4 TOA PAYOH","residential":"Y","year_completed":1995,"building_age_2026":31,"max_floor_lvl":25,"total_dwelling_units":72,"small_flat_share_pct":0.0,"rental_share_pct":0.0,"footprint_area_m2":476.7,"estimated_residents_2026":219.5,"estimated_elderly_65plus_2026":40.1,"estimated_elderly_share_pct":18.26,"elderly_exposure_score":28.3,"elderly_exposure_class":"LOW","estimate_confidence":"HIGH","display_name":"Block 82A"},"geometry":{"type":"Polygon","coordinates":[[[103.849038,1.335856],[103.849053,1.335871],[103.849053,1.335944],[103.849042,1.335944],[103.849042,1.335955],[103.84905,1.335963],[103.849042,1.336009],[103.849053,1.336009],[103.849053,1.336066],[103.849038,1.33608],[103.848974,1.33608],[103.848974,1.336056],[103.84895,1.336056],[103.84895,1.336069],[103.848937,1.336077],[103.848918,1.336069],[103.848918,1.33608],[103.848845,1.33608],[103.848831,1.336065],[103.848831,1.335983],[103.848905,1.335983],[103.848905,1.33596],[103.848867,1.33596],[103.848867,1.335891],[103.848933,1.335891],[103.848933,1.335914],[103.848956,1.335914],[103.848956,1.335856],[103.849038,1.335856]]]}},{"type":"Feature","properties":{"block_id":"2817","blk_no":"82B","postal_code":"312082","region_id":"CR","region":"CENTRAL REGION","planning_area_id":"TP","planning_area":"TOA PAYOH","subzone_id":"TPSZ02","subzone":"TOA PAYOH CENTRAL","lon":103.8488,"lat":1.3356,"property_match":"MATCHED","property_match_confidence":"HIGH","street":"LOR 4 TOA PAYOH","residential":"Y","year_completed":1995,"building_age_2026":31,"max_floor_lvl":25,"total_dwelling_units":72,"small_flat_share_pct":0.0,"rental_share_pct":0.0,"footprint_area_m2":476.7,"estimated_residents_2026":219.5,"estimated_elderly_65plus_2026":40.1,"estimated_elderly_share_pct":18.26,"elderly_exposure_score":28.3,"elderly_exposure_class":"LOW","estimate_confidence":"HIGH","display_name":"Block 82B"},"geometry":{"type":"Polygon","coordinates":[[[103.848855,1.335545],[103.848869,1.335525],[103.848887,1.335533],[103.848887,1.335522],[103.84896,1.335522],[103.848975,1.335536],[103.848975,1.335619],[103.8489,1.335619],[103.8489,1.335642],[103.848939,1.335642],[103.848939,1.335711],[103.848872,1.335711],[103.848872,1.335688],[103.848849,1.335688],[103.848849,1.335745],[103.848767,1.335745],[103.848753,1.335731],[103.848753,1.335658],[103.848764,1.335658],[103.848753,1.335536],[103.848767,1.335522],[103.848831,1.335522],[103.848831,1.335546],[103.848855,1.335545]]]}},{"type":"Feature","properties":{"block_id":"166","blk_no":"83","postal_code":"310083","region_id":"CR","region":"CENTRAL REGION","planning_area_id":"TP","planning_area":"TOA PAYOH","subzone_id":"TPSZ02","subzone":"TOA PAYOH CENTRAL","lon":103.848,"lat":1.3358,"property_match":"MATCHED","property_match_confidence":"HIGH","street":"LOR 2 TOA PAYOH","residential":"Y","year_completed":1970,"building_age_2026":56,"max_floor_lvl":10,"total_dwelling_units":77,"small_flat_share_pct":96.1,"rental_share_pct":0.0,"footprint_area_m2":1059.2,"estimated_residents_2026":156.4,"estimated_elderly_65plus_2026":49.3,"estimated_elderly_share_pct":31.51,"elderly_exposure_score":40.4,"elderly_exposure_class":"MODERATE","estimate_confidence":"HIGH","display_name":"Block 83"},"geometry":{"type":"Polygon","coordinates":[[[103.847925,1.335997],[103.847894,1.335998],[103.847893,1.335912],[103.847926,1.335911],[103.847926,1.335469],[103.848037,1.335471],[103.848037,1.335485],[103.848081,1.335485],[103.848081,1.33551],[103.848059,1.33551],[103.848059,1.335544],[103.848081,1.335544],[103.848081,1.335569],[103.848032,1.335569],[103.848032,1.335623],[103.848081,1.335623],[103.848081,1.335648],[103.848059,1.335648],[103.848059,1.335682],[103.848081,1.335682],[103.848081,1.335706],[103.848032,1.335706],[103.848032,1.335734],[103.848081,1.335733],[103.848081,1.335758],[103.848059,1.335758],[103.848059,1.335792],[103.848081,1.335792],[103.848081,1.335817],[103.848033,1.335817],[103.848033,1.335844],[103.848081,1.335844],[103.848081,1.335868],[103.84806,1.335869],[103.84806,1.335903],[103.848081,1.335903],[103.848081,1.335928],[103.848033,1.335928],[103.848033,1.335982],[103.848081,1.335982],[103.848081,1.336006],[103.84806,1.336006],[103.84806,1.33604],[103.848081,1.33604],[103.848081,1.336065],[103.848037,1.336065],[103.848036,1.336113],[103.847986,1.336113],[103.847986,1.33608],[103.847925,1.33608],[103.847925,1.335997]]]}},{"type":"Feature","properties":{"block_id":"5401","blk_no":"84","postal_code":"310084","region_id":"CR","region":"CENTRAL REGION","planning_area_id":"TP","planning_area":"TOA PAYOH","subzone_id":"TPSZ02","subzone":"TOA PAYOH CENTRAL","lon":103.848,"lat":1.3353,"property_match":"MATCHED","property_match_confidence":"HIGH","street":"LOR 2 TOA PAYOH","residential":"Y","year_completed":1994,"building_age_2026":32,"max_floor_lvl":13,"total_dwelling_units":87,"small_flat_share_pct":0.0,"rental_share_pct":0.0,"footprint_area_m2":1073.2,"estimated_residents_2026":244.4,"estimated_elderly_65plus_2026":50.1,"estimated_elderly_share_pct":20.48,"elderly_exposure_score":41.4,"elderly_exposure_class":"MODERATE","estimate_confidence":"HIGH","display_name":"Block 84"},"geometry":{"type":"Polygon","coordinates":[[[103.847248,1.335175],[103.848059,1.335174],[103.848059,1.335278],[103.848037,1.335278],[103.848037,1.335314],[103.848059,1.335314],[103.848059,1.335417],[103.847966,1.335417],[103.847966,1.335268],[103.847847,1.335268],[103.847847,1.335243],[103.847811,1.335243],[103.847811,1.335268],[103.847535,1.335269],[103.847535,1.335243],[103.847499,1.335243],[103.847499,1.335269],[103.847366,1.335269],[103.847366,1.335243],[103.84735,1.335243],[103.84735,1.335269],[103.847248,1.335269],[103.847248,1.335175]]]}},{"type":"Feature","properties":{"block_id":"3991","blk_no":"84A","postal_code":"311084","region_id":"CR","region":"CENTRAL REGION","planning_area_id":"TP","planning_area":"TOA PAYOH","subzone_id":"TPSZ02","subzone":"TOA PAYOH CENTRAL","lon":103.847,"lat":1.3354,"property_match":"MATCHED","property_match_confidence":"HIGH","street":"LOR 2 TOA PAYOH","residential":"Y","year_completed":1995,"building_age_2026":31,"max_floor_lvl":25,"total_dwelling_units":72,"small_flat_share_pct":0.0,"rental_share_pct":0.0,"footprint_area_m2":479.8,"estimated_residents_2026":219.5,"estimated_elderly_65plus_2026":40.1,"estimated_elderly_share_pct":18.26,"elderly_exposure_score":28.3,"elderly_exposure_class":"LOW","estimate_confidence":"HIGH","display_name":"Block 84A"},"geometry":{"type":"Polygon","coordinates":[[[103.846942,1.335326],[103.846931,1.335326],[103.846931,1.335255],[103.84701,1.335255],[103.84701,1.335278],[103.847034,1.335278],[103.847034,1.335266],[103.847047,1.33526],[103.847066,1.335266],[103.847066,1.335255],[103.847153,1.335255],[103.847153,1.335352],[103.847079,1.33535],[103.847079,1.335374],[103.847118,1.335374],[103.847118,1.335444],[103.847051,1.335443],[103.847051,1.33542],[103.847028,1.33542],[103.847028,1.335478],[103.846932,1.335478],[103.846942,1.335326]]]}},{"type":"Feature","properties":{"block_id":"7783","blk_no":"84B","postal_code":"312084","region_id":"CR","region":"CENTRAL REGION","planning_area_id":"TP","planning_area":"TOA PAYOH","subzone_id":"TPSZ02","subzone":"TOA PAYOH CENTRAL","lon":103.8468,"lat":1.3358,"property_match":"MATCHED","property_match_confidence":"HIGH","street":"LOR 2 TOA PAYOH","residential":"Y","year_completed":1995,"building_age_2026":31,"max_floor_lvl":25,"total_dwelling_units":82,"small_flat_share_pct":0.0,"rental_share_pct":0.0,"footprint_area_m2":611.1,"estimated_residents_2026":245.9,"estimated_elderly_65plus_2026":46.0,"estimated_elderly_share_pct":18.69,"elderly_exposure_score":36.2,"elderly_exposure_class":"LOW","estimate_confidence":"HIGH","display_name":"Block 84B"},"geometry":{"type":"Polygon","coordinates":[[[103.84682,1.335656],[103.846932,1.335649],[103.846932,1.335728],[103.846908,1.335728],[103.846908,1.335752],[103.846921,1.335752],[103.846926,1.335766],[103.846921,1.335785],[103.846932,1.335785],[103.846932,1.335873],[103.846835,1.335873],[103.846837,1.335797],[103.846812,1.335797],[103.846812,1.335855],[103.846693,1.335855],[103.846693,1.335873],[103.846633,1.335873],[103.846633,1.335778],[103.846767,1.335771],[103.846767,1.335746],[103.84671,1.335746],[103.84671,1.335649],[103.84682,1.335656]]]}},{"type":"Feature","properties":{"block_id":"3541","blk_no":"84C","postal_code":"313084","region_id":"CR","region":"CENTRAL REGION","planning_area_id":"TP","planning_area":"TOA PAYOH","subzone_id":"TPSZ02","subzone":"TOA PAYOH CENTRAL","lon":103.8473,"lat":1.3358,"property_match":"MATCHED","property_match_confidence":"HIGH","street":"LOR 2 TOA PAYOH","residential":"N","year_completed":1994,"building_age_2026":32,"max_floor_lvl":5,"total_dwelling_units":0,"small_flat_share_pct":null,"rental_share_pct":null,"footprint_area_m2":2078.0,"estimated_residents_2026":0.0,"estimated_elderly_65plus_2026":0.0,"estimated_elderly_share_pct":null,"elderly_exposure_score":null,"elderly_exposure_class":null,"estimate_confidence":"HIGH","display_name":"Block 84C"},"geometry":{"type":"Polygon","coordinates":[[[103.847463,1.335465],[103.847463,1.33608],[103.847189,1.33608],[103.847188,1.335465],[103.847463,1.335465]]]}},{"type":"Feature","properties":{"block_id":"4914","blk_no":"85","postal_code":"310085","region_id":"CR","region":"CENTRAL REGION","planning_area_id":"TP","planning_area":"TOA PAYOH","subzone_id":"TPSZ02","subzone":"TOA PAYOH CENTRAL","lon":103.8484,"lat":1.3363,"property_match":"MATCHED","property_match_confidence":"HIGH","street":"LOR 4 TOA PAYOH","residential":"Y","year_completed":1971,"building_age_2026":55,"max_floor_lvl":2,"total_dwelling_units":10,"small_flat_share_pct":100.0,"rental_share_pct":0.0,"footprint_area_m2":3903.9,"estimated_residents_2026":19.8,"estimated_elderly_65plus_2026":6.4,"estimated_elderly_share_pct":32.5,"elderly_exposure_score":1.8,"elderly_exposure_class":"VERY LOW","estimate_confidence":"HIGH","display_name":"Block 85"},"geometry":{"type":"Polygon","coordinates":[[[103.847199,1.336361],[103.847139,1.336358],[103.84714,1.336337],[103.847074,1.336337],[103.847075,1.336278],[103.847125,1.336278],[103.847125,1.336248],[103.847336,1.336248],[103.847338,1.336219],[103.847357,1.336219],[103.847359,1.336248],[103.847425,1.336248],[103.847425,1.33622],[103.847531,1.33622],[103.847531,1.336248],[103.847597,1.336248],[103.847599,1.336219],[103.847618,1.336219],[103.84762,1.336248],[103.848302,1.336248],[103.848303,1.336218],[103.848323,1.336218],[103.848324,1.336248],[103.84839,1.336248],[103.84839,1.33622],[103.848496,1.33622],[103.848496,1.336248],[103.848563,1.336248],[103.848564,1.336217],[103.848584,1.336218],[103.848585,1.336248],[103.849266,1.336247],[103.849267,1.336217],[103.849287,1.336217],[103.849288,1.336247],[103.849355,1.336247],[103.849354,1.336219],[103.849461,1.336219],[103.849461,1.336246],[103.849527,1.336246],[103.849528,1.336217],[103.849548,1.336217],[103.849549,1.336246],[103.849761,1.336246],[103.849761,1.336284],[103.849783,1.336284],[103.849783,1.336329],[103.849747,1.336335],[103.849747,1.336357],[103.849688,1.33636],[103.849688,1.336381],[103.849664,1.336381],[103.849664,1.336337],[103.849635,1.336337],[103.849635,1.336381],[103.84961,1.336381],[103.84961,1.336362],[103.849577,1.336362],[103.849577,1.336382],[103.849552,1.336382],[103.849552,1.336337],[103.849525,1.336337],[103.849525,1.336382],[103.8495,1.336382],[103.8495,1.336362],[103.849467,1.336362],[103.849467,1.336382],[103.849442,1.336382],[103.849442,1.336337],[103.849425,1.336337],[103.849425,1.336351],[103.849391,1.336351],[103.849391,1.336337],[103.849374,1.336337],[103.849374,1.336382],[103.849349,1.336382],[103.849349,1.336362],[103.849315,1.336362],[103.849315,1.336382],[103.84929,1.336382],[103.84929,1.336337],[103.849264,1.336337],[103.849264,1.336382],[103.849239,1.336382],[103.849239,1.336362],[103.849206,1.336362],[103.849206,1.336382],[103.849181,1.336382],[103.849181,1.336337],[103.849152,1.336337],[103.849152,1.336382],[103.849127,1.336382],[103.849127,1.336362],[103.849067,1.336362],[103.849067,1.336337],[103.849042,1.336337],[103.849042,1.336382],[103.849018,1.336382],[103.849018,1.336363],[103.848957,1.336363],[103.848957,1.336337],[103.848891,1.336337],[103.848891,1.336363],[103.848833,1.336363],[103.848833,1.336382],[103.848808,1.336382],[103.848808,1.336337],[103.848781,1.336337],[103.848781,1.336363],[103.848723,1.336363],[103.848723,1.336382],[103.848699,1.336382],[103.848699,1.336337],[103.84867,1.336337],[103.848671,1.336383],[103.848645,1.336383],[103.848645,1.336363],[103.848612,1.336363],[103.848612,1.336382],[103.848587,1.336382],[103.848587,1.336338],[103.848559,1.336338],[103.848559,1.336382],[103.848536,1.336382],[103.848536,1.336363],[103.848502,1.336363],[103.848502,1.336382],[103.848478,1.336382],[103.848478,1.336338],[103.848461,1.336338],[103.848461,1.336351],[103.848426,1.336351],[103.848426,1.336338],[103.848409,1.336338],[103.848409,1.336382],[103.848384,1.336383],[103.848384,1.336363],[103.84835,1.336363],[103.84835,1.336383],[103.848326,1.336382],[103.848326,1.336338],[103.8483,1.336338],[103.8483,1.336382],[103.848275,1.336383],[103.848275,1.336363],[103.848241,1.336363],[103.848241,1.336383],[103.848217,1.336383],[103.848217,1.336338],[103.848188,1.336338],[103.848188,1.336383],[103.848163,1.336383],[103.848163,1.336363],[103.848105,1.336363],[103.848105,1.336338],[103.848078,1.336338],[103.848078,1.336383],[103.848053,1.336383],[103.848053,1.336363],[103.847996,1.336363],[103.847996,1.336338],[103.847927,1.336338],[103.847927,1.336363],[103.847868,1.336363],[103.847868,1.336384],[103.847843,1.336384],[103.847843,1.336338],[103.847818,1.336338],[103.847818,1.336363],[103.847759,1.336363],[103.847759,1.336383],[103.847734,1.336383],[103.847734,1.336338],[103.847705,1.336338],[103.847705,1.336383],[103.847681,1.336383],[103.847681,1.336363],[103.847647,1.336363],[103.847647,1.336383],[103.847622,1.336383],[103.847622,1.336338],[103.847595,1.336338],[103.847595,1.336383],[103.847571,1.336383],[103.847571,1.336363],[103.847537,1.336363],[103.847537,1.336383],[103.847513,1.336383],[103.847513,1.336338],[103.847497,1.336338],[103.847497,1.336351],[103.847459,1.336351],[103.847459,1.336338],[103.847444,1.336338],[103.847444,1.336383],[103.84742,1.336383],[103.84742,1.336363],[103.847386,1.336363],[103.847386,1.336383],[103.847361,1.336383],[103.847361,1.336338],[103.847334,1.336338],[103.847334,1.336383],[103.84731,1.336383],[103.84731,1.336363],[103.847277,1.336363],[103.847277,1.336384],[103.847251,1.336383],[103.847251,1.336338],[103.847223,1.336338],[103.847223,1.336383],[103.847199,1.336384],[103.847199,1.336361]]]}},{"type":"Feature","properties":{"block_id":"78","blk_no":"85A","postal_code":"311085","region_id":"CR","region":"CENTRAL REGION","planning_area_id":"TP","planning_area":"TOA PAYOH","subzone_id":"TPSZ02","subzone":"TOA PAYOH CENTRAL","lon":103.8494,"lat":1.3363,"property_match":"MATCHED","property_match_confidence":"HIGH","street":"LOR 4 TOA PAYOH","residential":"Y","year_completed":1971,"building_age_2026":55,"max_floor_lvl":22,"total_dwelling_units":151,"small_flat_share_pct":96.03,"rental_share_pct":0.0,"footprint_area_m2":747.8,"estimated_residents_2026":306.9,"estimated_elderly_65plus_2026":96.6,"estimated_elderly_share_pct":31.49,"elderly_exposure_score":86.1,"elderly_exposure_class":"VERY HIGH","estimate_confidence":"HIGH","display_name":"Block 85A"},"geometry":{"type":"Polygon","coordinates":[[[103.849649,1.336337],[103.849635,1.336337],[103.849635,1.336381],[103.84961,1.336381],[103.84961,1.336362],[103.849577,1.336362],[103.849577,1.336382],[103.849552,1.336382],[103.849552,1.336337],[103.849525,1.336337],[103.849525,1.336382],[103.8495,1.336382],[103.8495,1.336362],[103.849467,1.336362],[103.849467,1.336382],[103.849442,1.336382],[103.849442,1.336337],[103.849425,1.336337],[103.849425,1.336351],[103.849391,1.336351],[103.849391,1.336337],[103.849374,1.336337],[103.849374,1.336382],[103.849349,1.336382],[103.849349,1.336362],[103.849315,1.336362],[103.849315,1.336382],[103.84929,1.336382],[103.84929,1.336337],[103.849264,1.336337],[103.849264,1.336382],[103.849239,1.336382],[103.849239,1.336362],[103.849206,1.336362],[103.849206,1.336382],[103.849181,1.336382],[103.849181,1.336337],[103.849163,1.336337],[103.849163,1.336247],[103.849266,1.336247],[103.849267,1.336217],[103.849287,1.336217],[103.849288,1.336247],[103.849355,1.336247],[103.849354,1.336219],[103.849461,1.336219],[103.849461,1.336246],[103.849527,1.336246],[103.849528,1.336217],[103.849548,1.336217],[103.849549,1.336246],[103.849649,1.336246],[103.849649,1.336337]]]}},{"type":"Feature","properties":{"block_id":"5441","blk_no":"85B","postal_code":"312085","region_id":"CR","region":"CENTRAL REGION","planning_area_id":"TP","planning_area":"TOA PAYOH","subzone_id":"TPSZ02","subzone":"TOA PAYOH CENTRAL","lon":103.8484,"lat":1.3363,"property_match":"MATCHED","property_match_confidence":"HIGH","street":"LOR 4 TOA PAYOH","residential":"Y","year_completed":1971,"building_age_2026":55,"max_floor_lvl":22,"total_dwelling_units":155,"small_flat_share_pct":99.35,"rental_share_pct":0.0,"footprint_area_m2":742.1,"estimated_residents_2026":308.5,"estimated_elderly_65plus_2026":99.7,"estimated_elderly_share_pct":32.33,"elderly_exposure_score":87.4,"elderly_exposure_class":"VERY HIGH","estimate_confidence":"HIGH","display_name":"Block 85B"},"geometry":{"type":"Polygon","coordinates":[[[103.848685,1.336337],[103.84867,1.336337],[103.848671,1.336383],[103.848645,1.336383],[103.848645,1.336363],[103.848612,1.336363],[103.848612,1.336382],[103.848587,1.336382],[103.848587,1.336338],[103.848559,1.336338],[103.848559,1.336382],[103.848536,1.336382],[103.848536,1.336363],[103.848502,1.336363],[103.848502,1.336382],[103.848478,1.336382],[103.848478,1.336338],[103.848461,1.336338],[103.848461,1.336351],[103.848426,1.336351],[103.848426,1.336338],[103.848409,1.336338],[103.848409,1.336382],[103.848384,1.336383],[103.848384,1.336363],[103.84835,1.336363],[103.84835,1.336383],[103.848326,1.336382],[103.848326,1.336338],[103.8483,1.336338],[103.8483,1.336382],[103.848275,1.336383],[103.848275,1.336363],[103.848241,1.336363],[103.848241,1.336383],[103.848217,1.336383],[103.848217,1.336338],[103.848201,1.336338],[103.848201,1.336248],[103.848302,1.336248],[103.848303,1.336218],[103.848323,1.336218],[103.848324,1.336248],[103.84839,1.336248],[103.84839,1.33622],[103.848496,1.33622],[103.848496,1.336248],[103.848563,1.336248],[103.848564,1.336217],[103.848584,1.336218],[103.848585,1.336248],[103.848685,1.336248],[103.848685,1.336337]]]}},{"type":"Feature","properties":{"block_id":"5977","blk_no":"85C","postal_code":"313085","region_id":"CR","region":"CENTRAL REGION","planning_area_id":"TP","planning_area":"TOA PAYOH","subzone_id":"TPSZ02","subzone":"TOA PAYOH CENTRAL","lon":103.8475,"lat":1.3363,"property_match":"MATCHED","property_match_confidence":"HIGH","street":"LOR 4 TOA PAYOH","residential":"Y","year_completed":1971,"building_age_2026":55,"max_floor_lvl":22,"total_dwelling_units":149,"small_flat_share_pct":95.3,"rental_share_pct":0.0,"footprint_area_m2":740.3,"estimated_residents_2026":304.2,"estimated_elderly_65plus_2026":95.3,"estimated_elderly_share_pct":31.31,"elderly_exposure_score":85.5,"elderly_exposure_class":"VERY HIGH","estimate_confidence":"HIGH","display_name":"Block 85C"},"geometry":{"type":"Polygon","coordinates":[[[103.84772,1.336338],[103.847705,1.336338],[103.847705,1.336383],[103.847681,1.336383],[103.847681,1.336363],[103.847647,1.336363],[103.847647,1.336383],[103.847622,1.336383],[103.847622,1.336338],[103.847595,1.336338],[103.847595,1.336383],[103.847571,1.336383],[103.847571,1.336363],[103.847537,1.336363],[103.847537,1.336383],[103.847513,1.336383],[103.847513,1.336338],[103.847497,1.336338],[103.847497,1.336351],[103.847459,1.336351],[103.847459,1.336338],[103.847444,1.336338],[103.847444,1.336383],[103.84742,1.336383],[103.84742,1.336363],[103.847386,1.336363],[103.847386,1.336383],[103.847361,1.336383],[103.847361,1.336338],[103.847334,1.336338],[103.847334,1.336383],[103.84731,1.336383],[103.84731,1.336363],[103.847277,1.336363],[103.847277,1.336384],[103.847251,1.336383],[103.847251,1.336338],[103.847239,1.336338],[103.847239,1.336248],[103.847336,1.336248],[103.847338,1.336219],[103.847357,1.336219],[103.847359,1.336248],[103.847425,1.336248],[103.847425,1.33622],[103.847531,1.33622],[103.847531,1.336248],[103.847597,1.336248],[103.847599,1.336219],[103.847618,1.336219],[103.84762,1.336248],[103.84772,1.336248],[103.84772,1.336338]]]}},{"type":"Feature","properties":{"block_id":"3908","blk_no":"86","postal_code":"310086","region_id":"CR","region":"CENTRAL REGION","planning_area_id":"TP","planning_area":"TOA PAYOH","subzone_id":"TPSZ02","subzone":"TOA PAYOH CENTRAL","lon":103.8476,"lat":1.3357,"property_match":"MATCHED","property_match_confidence":"HIGH","street":"LOR 2 TOA PAYOH","residential":"Y","year_completed":1994,"building_age_2026":32,"max_floor_lvl":10,"total_dwelling_units":72,"small_flat_share_pct":0.0,"rental_share_pct":0.0,"footprint_area_m2":1158.6,"estimated_residents_2026":201.1,"estimated_elderly_65plus_2026":41.5,"estimated_elderly_share_pct":20.65,"elderly_exposure_score":30.2,"elderly_exposure_class":"LOW","estimate_confidence":"HIGH","display_name":"Block 86"},"geometry":{"type":"Polygon","coordinates":[[[103.847674,1.335444],[103.847674,1.335467],[103.847709,1.335467],[103.847709,1.335444],[103.847812,1.335444],[103.847812,1.335538],[103.847689,1.335538],[103.847689,1.335632],[103.847664,1.335632],[103.847664,1.335661],[103.847689,1.335661],[103.847689,1.335817],[103.847664,1.335817],[103.847664,1.335846],[103.847689,1.335846],[103.847689,1.335926],[103.84767,1.335926],[103.84767,1.33596],[103.847681,1.33596],[103.84768,1.335986],[103.847812,1.335986],[103.847812,1.33608],[103.847709,1.33608],[103.847709,1.336058],[103.847674,1.336058],[103.847674,1.33608],[103.847571,1.33608],[103.847571,1.335444],[103.847674,1.335444]]]}},{"type":"Feature","properties":{"block_id":"6620","blk_no":"107","postal_code":"310107","region_id":"CR","region":"CENTRAL REGION","planning_area_id":"TP","planning_area":"TOA PAYOH","subzone_id":"TPSZ01","subzone":"TOA PAYOH WEST","lon":103.8473,"lat":1.3412,"property_match":"MATCHED","property_match_confidence":"HIGH","street":"LOR 1 TOA PAYOH","residential":"Y","year_completed":1968,"building_age_2026":58,"max_floor_lvl":10,"total_dwelling_units":96,"small_flat_share_pct":100.0,"rental_share_pct":0.0,"footprint_area_m2":1325.1,"estimated_residents_2026":193.9,"estimated_elderly_65plus_2026":61.1,"estimated_elderly_share_pct":31.53,"elderly_exposure_score":55.6,"elderly_exposure_class":"MODERATE","estimate_confidence":"HIGH","display_name":"Block 107"},"geometry":{"type":"Polygon","coordinates":[[[103.847041,1.341302],[103.847027,1.341302],[103.847034,1.341335],[103.847014,1.341335],[103.847014,1.341307],[103.847002,1.341302],[103.846983,1.341307],[103.846983,1.341335],[103.846964,1.341335],[103.846971,1.341302],[103.846957,1.341302],[103.846957,1.34128],[103.846942,1.34128],[103.846942,1.341242],[103.846916,1.341241],[103.846916,1.341167],[103.847254,1.341167],[103.847254,1.341157],[103.84724,1.341157],[103.84724,1.34112],[103.847266,1.34112],[103.847266,1.341103],[103.84731,1.341103],[103.84731,1.34112],[103.847336,1.341121],[103.847336,1.341157],[103.847321,1.341157],[103.847321,1.341167],[103.847662,1.341167],[103.847656,1.34123],[103.847666,1.341236],[103.847666,1.341292],[103.847635,1.341292],[103.847635,1.341279],[103.847621,1.341279],[103.847621,1.341301],[103.847607,1.341301],[103.847615,1.341335],[103.847594,1.341335],[103.847594,1.341307],[103.847582,1.341302],[103.847563,1.341307],[103.847563,1.341335],[103.847544,1.341335],[103.847551,1.341302],[103.847537,1.341302],[103.847537,1.34128],[103.847511,1.34128],[103.847511,1.341302],[103.847497,1.341302],[103.847504,1.341335],[103.847484,1.341335],[103.847484,1.341307],[103.847466,1.341302],[103.847453,1.341307],[103.847453,1.341335],[103.847434,1.341335],[103.847441,1.341302],[103.847427,1.341302],[103.847427,1.34128],[103.847401,1.34128],[103.847401,1.341302],[103.847387,1.341302],[103.847394,1.341335],[103.847374,1.341335],[103.847374,1.341307],[103.847356,1.341302],[103.847343,1.341307],[103.847343,1.341335],[103.847324,1.341335],[103.847331,1.341302],[103.847318,1.341302],[103.847318,1.34128],[103.847301,1.341276],[103.847261,1.34128],[103.847261,1.341302],[103.847247,1.341302],[103.847254,1.341335],[103.847235,1.341335],[103.847235,1.341307],[103.847216,1.341302],[103.847203,1.341307],[103.847203,1.341335],[103.847184,1.341335],[103.847192,1.341302],[103.847177,1.341302],[103.847177,1.34128],[103.847151,1.34128],[103.847151,1.341302],[103.847137,1.341302],[103.847144,1.341335],[103.847124,1.341335],[103.847124,1.341307],[103.847112,1.341302],[103.847093,1.341307],[103.847093,1.341335],[103.847074,1.341335],[103.847081,1.341302],[103.847067,1.341302],[103.847067,1.34128],[103.847041,1.34128],[103.847041,1.341302]]]}},{"type":"Feature","properties":{"block_id":"5941","blk_no":"108","postal_code":"310108","region_id":"CR","region":"CENTRAL REGION","planning_area_id":"TP","planning_area":"TOA PAYOH","subzone_id":"TPSZ01","subzone":"TOA PAYOH WEST","lon":103.8473,"lat":1.3416,"property_match":"MATCHED","property_match_confidence":"HIGH","street":"LOR 1 TOA PAYOH","residential":"Y","year_completed":1969,"building_age_2026":57,"max_floor_lvl":10,"total_dwelling_units":118,"small_flat_share_pct":98.31,"rental_share_pct":0.85,"footprint_area_m2":1123.4,"estimated_residents_2026":241.2,"estimated_elderly_65plus_2026":75.1,"estimated_elderly_share_pct":31.15,"elderly_exposure_score":70.9,"elderly_exposure_class":"HIGH","estimate_confidence":"HIGH","display_name":"Block 108"},"geometry":{"type":"Polygon","coordinates":[[[103.846916,1.341554],[103.846942,1.341554],[103.846942,1.341516],[103.846957,1.341516],[103.846957,1.341494],[103.846971,1.341494],[103.846964,1.34146],[103.846983,1.34146],[103.846983,1.341489],[103.846996,1.341495],[103.847014,1.341489],[103.847014,1.34146],[103.847034,1.34146],[103.847027,1.341494],[103.847041,1.341494],[103.847041,1.341516],[103.847067,1.341516],[103.847067,1.341494],[103.847081,1.341494],[103.847074,1.34146],[103.847093,1.341461],[103.847093,1.341489],[103.847106,1.341495],[103.847124,1.341489],[103.847124,1.34146],[103.847144,1.341461],[103.847137,1.341494],[103.847151,1.341495],[103.847151,1.341516],[103.847177,1.341516],[103.847177,1.341495],[103.847191,1.341495],[103.847184,1.341461],[103.847203,1.341461],[103.847203,1.341489],[103.847216,1.341495],[103.847234,1.341489],[103.847234,1.341461],[103.847254,1.341461],[103.847247,1.341495],[103.847261,1.341495],[103.847261,1.341516],[103.847278,1.34152],[103.847317,1.341516],[103.847317,1.341495],[103.847331,1.341495],[103.847324,1.341461],[103.847343,1.341461],[103.847343,1.341489],[103.847356,1.341495],[103.847374,1.341489],[103.847374,1.341461],[103.847394,1.341461],[103.847387,1.341495],[103.847401,1.341495],[103.847401,1.341516],[103.847427,1.341516],[103.847427,1.341495],[103.847441,1.341495],[103.847434,1.341461],[103.847453,1.341461],[103.847453,1.341489],[103.847466,1.341495],[103.847484,1.341489],[103.847484,1.341461],[103.847504,1.341461],[103.847496,1.341495],[103.847511,1.341495],[103.847511,1.341516],[103.847537,1.341516],[103.847537,1.341495],[103.847551,1.341495],[103.847544,1.341461],[103.847563,1.341461],[103.847563,1.341489],[103.847582,1.341495],[103.847594,1.341489],[103.847594,1.341461],[103.847614,1.341461],[103.847607,1.341495],[103.847621,1.341495],[103.847621,1.341516],[103.847635,1.341516],[103.847635,1.341505],[103.847666,1.341505],[103.847666,1.34156],[103.847656,1.341567],[103.847662,1.341606],[103.847323,1.341605],[103.847323,1.34162],[103.847337,1.34162],[103.847337,1.341654],[103.847323,1.341654],[103.847311,1.341692],[103.847267,1.341692],[103.847255,1.341654],[103.84724,1.341654],[103.84724,1.34162],[103.847255,1.34162],[103.847255,1.341605],[103.846916,1.341605],[103.846916,1.341554]]]}},{"type":"Feature","properties":{"block_id":"6997","blk_no":"109","postal_code":"310109","region_id":"CR","region":"CENTRAL REGION","planning_area_id":"TP","planning_area":"TOA PAYOH","subzone_id":"TPSZ01","subzone":"TOA PAYOH WEST","lon":103.8464,"lat":1.3412,"property_match":"MATCHED","property_match_confidence":"HIGH","street":"LOR 1 TOA PAYOH","residential":"Y","year_completed":1968,"building_age_2026":58,"max_floor_lvl":10,"total_dwelling_units":99,"small_flat_share_pct":100.0,"rental_share_pct":0.0,"footprint_area_m2":1337.6,"estimated_residents_2026":200.0,"estimated_elderly_65plus_2026":63.1,"estimated_elderly_share_pct":31.53,"elderly_exposure_score":57.6,"elderly_exposure_class":"MODERATE","estimate_confidence":"HIGH","display_name":"Block 109"},"geometry":{"type":"Polygon","coordinates":[[[103.846357,1.341336],[103.846337,1.341336],[103.846337,1.341308],[103.846319,1.341303],[103.846307,1.341308],[103.846307,1.341336],[103.846287,1.341336],[103.846294,1.341302],[103.84628,1.341302],[103.84628,1.341281],[103.846253,1.341281],[103.846253,1.341303],[103.84624,1.341303],[103.846247,1.341336],[103.846227,1.341336],[103.846227,1.341308],[103.846215,1.341303],[103.846197,1.341308],[103.846197,1.341336],[103.846177,1.341336],[103.846184,1.341302],[103.84613,1.341302],[103.846137,1.341336],[103.846117,1.341336],[103.846117,1.341308],[103.846099,1.341303],[103.846086,1.341308],[103.846086,1.341336],[103.846066,1.341336],[103.846074,1.341302],[103.846015,1.341289],[103.846015,1.341234],[103.846025,1.341227],[103.846018,1.341167],[103.846356,1.341166],[103.846356,1.341157],[103.846342,1.341157],[103.846342,1.341122],[103.846368,1.341119],[103.846437,1.341122],[103.846437,1.341157],[103.846423,1.341157],[103.846423,1.341166],[103.846764,1.341166],[103.846765,1.341242],[103.846739,1.341242],[103.846739,1.341281],[103.846724,1.341281],[103.846724,1.341302],[103.84671,1.341302],[103.846717,1.341336],[103.846698,1.341336],[103.846698,1.341308],[103.846679,1.341302],[103.846666,1.341308],[103.846667,1.341336],[103.846647,1.341336],[103.846654,1.341302],[103.84664,1.341302],[103.84664,1.341281],[103.846613,1.341281],[103.846614,1.341303],[103.846599,1.341303],[103.846607,1.341336],[103.846587,1.341336],[103.846587,1.341308],[103.846575,1.341302],[103.846557,1.341308],[103.846557,1.341336],[103.846537,1.341336],[103.846544,1.341303],[103.84653,1.341303],[103.84653,1.341281],[103.846503,1.341281],[103.846503,1.341302],[103.846489,1.341302],[103.846497,1.341336],[103.846477,1.341336],[103.846477,1.341308],[103.846459,1.341302],[103.846446,1.341308],[103.846446,1.341336],[103.846426,1.341336],[103.846434,1.341303],[103.84642,1.341303],[103.84642,1.341281],[103.846378,1.341276],[103.846365,1.341281],[103.846366,1.341303],[103.84635,1.341303],[103.846357,1.341336]]]}},{"type":"Feature","properties":{"block_id":"8623","blk_no":"110","postal_code":"310110","region_id":"CR","region":"CENTRAL REGION","planning_area_id":"TP","planning_area":"TOA PAYOH","subzone_id":"TPSZ01","subzone":"TOA PAYOH WEST","lon":103.8464,"lat":1.3416,"property_match":"MATCHED","property_match_confidence":"HIGH","street":"LOR 1 TOA PAYOH","residential":"Y","year_completed":1967,"building_age_2026":59,"max_floor_lvl":10,"total_dwelling_units":118,"small_flat_share_pct":98.31,"rental_share_pct":0.85,"footprint_area_m2":1123.3,"estimated_residents_2026":241.2,"estimated_elderly_65plus_2026":75.1,"estimated_elderly_share_pct":31.15,"elderly_exposure_score":70.9,"elderly_exposure_class":"HIGH","estimate_confidence":"HIGH","display_name":"Block 110"},"geometry":{"type":"Polygon","coordinates":[[[103.846446,1.341489],[103.846477,1.341489],[103.846477,1.341461],[103.846497,1.341461],[103.846489,1.341495],[103.846503,1.341495],[103.846503,1.341517],[103.84653,1.341517],[103.84653,1.341494],[103.846544,1.341495],[103.846537,1.341461],[103.846557,1.341461],[103.846557,1.341489],[103.846575,1.341495],[103.846587,1.341489],[103.846587,1.341461],[103.846607,1.341461],[103.846599,1.341495],[103.846614,1.341495],[103.846613,1.341516],[103.84664,1.341516],[103.84664,1.341495],[103.846654,1.341495],[103.846647,1.341461],[103.846667,1.341461],[103.846666,1.341489],[103.846679,1.341495],[103.846697,1.341489],[103.846698,1.341461],[103.846717,1.341461],[103.84671,1.341495],[103.846724,1.341495],[103.846724,1.341516],[103.846739,1.341516],[103.846739,1.341555],[103.846765,1.341555],[103.846765,1.341606],[103.846427,1.341606],[103.846427,1.34162],[103.846441,1.34162],[103.846441,1.341654],[103.846427,1.341654],[103.846414,1.341692],[103.846371,1.341692],[103.846359,1.341654],[103.846344,1.341654],[103.846344,1.34162],[103.846359,1.34162],[103.846359,1.341606],[103.846019,1.341605],[103.846025,1.341566],[103.846015,1.34156],[103.846015,1.341505],[103.846046,1.341505],[103.846046,1.341517],[103.84606,1.341517],[103.84606,1.341495],[103.846074,1.341495],[103.846066,1.341461],[103.846086,1.341461],[103.846086,1.341489],[103.846099,1.341495],[103.846117,1.341489],[103.846117,1.341461],[103.846137,1.341461],[103.84613,1.341495],[103.846143,1.341495],[103.846143,1.341517],[103.84617,1.341517],[103.84617,1.341495],[103.846184,1.341495],[103.846176,1.341461],[103.846197,1.341461],[103.846196,1.341489],[103.846215,1.341495],[103.846227,1.341489],[103.846227,1.341461],[103.846247,1.341461],[103.84624,1.341495],[103.846253,1.341495],[103.846253,1.341517],[103.84628,1.341517],[103.84628,1.341495],[103.846294,1.341495],[103.846287,1.341461],[103.846307,1.341461],[103.846307,1.341489],[103.846319,1.341495],[103.846337,1.341489],[103.846337,1.341461],[103.846357,1.341461],[103.84635,1.341495],[103.846363,1.341495],[103.846363,1.341516],[103.84638,1.341521],[103.84642,1.341517],[103.84642,1.341494],[103.846434,1.341494],[103.846426,1.341461],[103.846446,1.341461],[103.846446,1.341489]]]}},{"type":"Feature","properties":{"block_id":"7626","blk_no":"110A","postal_code":"311110","region_id":"CR","region":"CENTRAL REGION","planning_area_id":"TP","planning_area":"TOA PAYOH","subzone_id":"TPSZ01","subzone":"TOA PAYOH WEST","lon":103.8462,"lat":1.3419,"property_match":"MATCHED","property_match_confidence":"HIGH","street":"LOR 1 TOA PAYOH","residential":"N","year_completed":1998,"building_age_2026":28,"max_floor_lvl":4,"total_dwelling_units":0,"small_flat_share_pct":null,"rental_share_pct":null,"footprint_area_m2":3734.2,"estimated_residents_2026":0.0,"estimated_elderly_65plus_2026":0.0,"estimated_elderly_share_pct":null,"elderly_exposure_score":null,"elderly_exposure_class":null,"estimate_confidence":"HIGH","display_name":"Block 110A"},"geometry":{"type":"Polygon","coordinates":[[[103.845649,1.341801],[103.846666,1.341799],[103.846666,1.342098],[103.845649,1.342099],[103.845649,1.341801]]]}},{"type":"Feature","properties":{"block_id":"8536","blk_no":"111","postal_code":"310111","region_id":"CR","region":"CENTRAL REGION","planning_area_id":"TP","planning_area":"TOA PAYOH","subzone_id":"TPSZ01","subzone":"TOA PAYOH WEST","lon":103.8455,"lat":1.3412,"property_match":"MATCHED","property_match_confidence":"HIGH","street":"LOR 1 TOA PAYOH","residential":"Y","year_completed":1969,"building_age_2026":57,"max_floor_lvl":10,"total_dwelling_units":96,"small_flat_share_pct":96.88,"rental_share_pct":1.04,"footprint_area_m2":1334.1,"estimated_residents_2026":198.2,"estimated_elderly_65plus_2026":61.1,"estimated_elderly_share_pct":30.83,"elderly_exposure_score":55.6,"elderly_exposure_class":"MODERATE","estimate_confidence":"HIGH","display_name":"Block 111"},"geometry":{"type":"Polygon","coordinates":[[[103.845467,1.34128],[103.845467,1.341302],[103.845453,1.341302],[103.845461,1.341336],[103.845441,1.341336],[103.845441,1.341307],[103.845423,1.341302],[103.845411,1.341307],[103.845411,1.341336],[103.845391,1.341336],[103.845399,1.341302],[103.845384,1.341302],[103.845384,1.34128],[103.845357,1.34128],[103.845357,1.341302],[103.845344,1.341302],[103.845351,1.341336],[103.845332,1.341336],[103.845332,1.341307],[103.845319,1.341302],[103.845301,1.341307],[103.845301,1.341336],[103.845281,1.341336],[103.845289,1.341302],[103.845234,1.341302],[103.845242,1.341336],[103.845222,1.341336],[103.845222,1.341308],[103.84521,1.341302],[103.845192,1.341307],[103.845192,1.341336],[103.845172,1.341336],[103.845179,1.341303],[103.845119,1.341291],[103.845119,1.341236],[103.845129,1.341229],[103.845124,1.341167],[103.84546,1.341167],[103.84546,1.341157],[103.845446,1.341157],[103.845446,1.341119],[103.845472,1.341119],[103.845472,1.341102],[103.845515,1.341102],[103.845515,1.34112],[103.845542,1.34112],[103.845542,1.341157],[103.845527,1.341157],[103.845527,1.341167],[103.845867,1.341167],[103.845867,1.341241],[103.845841,1.341241],[103.845841,1.34128],[103.845826,1.34128],[103.845826,1.341302],[103.845812,1.341302],[103.84582,1.341336],[103.8458,1.341336],[103.8458,1.341308],[103.845787,1.341302],[103.845769,1.341307],[103.845769,1.341336],[103.84575,1.341336],[103.845757,1.341302],[103.845743,1.341302],[103.845743,1.34128],[103.845716,1.34128],[103.845716,1.341302],[103.845702,1.341302],[103.84571,1.341336],[103.84569,1.341336],[103.84569,1.341307],[103.845678,1.341302],[103.845659,1.341307],[103.845659,1.341336],[103.84564,1.341336],[103.845648,1.341302],[103.845633,1.341302],[103.845633,1.34128],[103.845607,1.34128],[103.845607,1.341302],[103.845593,1.341302],[103.8456,1.341336],[103.845581,1.341336],[103.845581,1.341307],[103.845562,1.341302],[103.84555,1.341307],[103.84555,1.341336],[103.84553,1.341336],[103.845538,1.341302],[103.845524,1.341302],[103.845524,1.34128],[103.845467,1.34128]]]}},{"type":"Feature","properties":{"block_id":"6379","blk_no":"112","postal_code":"310112","region_id":"CR","region":"CENTRAL REGION","planning_area_id":"TP","planning_area":"TOA PAYOH","subzone_id":"TPSZ01","subzone":"TOA PAYOH WEST","lon":103.8455,"lat":1.3416,"property_match":"MATCHED","property_match_confidence":"HIGH","street":"LOR 1 TOA PAYOH","residential":"Y","year_completed":1967,"building_age_2026":59,"max_floor_lvl":10,"total_dwelling_units":119,"small_flat_share_pct":99.16,"rental_share_pct":0.0,"footprint_area_m2":1121.8,"estimated_residents_2026":241.8,"estimated_elderly_65plus_2026":75.8,"estimated_elderly_share_pct":31.34,"elderly_exposure_score":71.7,"elderly_exposure_class":"HIGH","estimate_confidence":"HIGH","display_name":"Block 112"},"geometry":{"type":"Polygon","coordinates":[[[103.845358,1.341495],[103.845358,1.341517],[103.845385,1.341517],[103.845385,1.341495],[103.845399,1.341495],[103.845392,1.341461],[103.845411,1.341461],[103.845411,1.341489],[103.845423,1.341495],[103.845442,1.341489],[103.845442,1.341461],[103.845461,1.341461],[103.845454,1.341495],[103.845468,1.341495],[103.845468,1.341517],[103.845509,1.341521],[103.845524,1.341517],[103.845524,1.341495],[103.845539,1.341495],[103.845531,1.341461],[103.84555,1.341461],[103.84555,1.341489],[103.845563,1.341495],[103.845581,1.341489],[103.845581,1.341461],[103.845601,1.341461],[103.845593,1.341495],[103.845607,1.341495],[103.845607,1.341517],[103.845634,1.341517],[103.845634,1.341495],[103.845648,1.341495],[103.84564,1.341461],[103.84566,1.341461],[103.84566,1.341489],[103.845678,1.341495],[103.845691,1.341489],[103.845691,1.341461],[103.84571,1.341461],[103.845703,1.341495],[103.845716,1.341495],[103.845716,1.341517],[103.845743,1.341517],[103.845743,1.341495],[103.845757,1.341495],[103.84575,1.341461],[103.84577,1.341461],[103.84577,1.341489],[103.845788,1.341495],[103.8458,1.341489],[103.8458,1.341461],[103.84582,1.341461],[103.845812,1.341495],[103.845826,1.341495],[103.845826,1.341517],[103.845841,1.341517],[103.845841,1.341555],[103.845868,1.341555],[103.845867,1.341607],[103.845531,1.341606],[103.845531,1.341621],[103.845545,1.341621],[103.845545,1.341655],[103.84553,1.341655],[103.845518,1.341693],[103.845474,1.341693],[103.845462,1.341655],[103.845448,1.341655],[103.845448,1.34162],[103.845463,1.34162],[103.845463,1.341606],[103.845124,1.341607],[103.84513,1.341567],[103.84512,1.341561],[103.84512,1.341506],[103.845151,1.341506],[103.845151,1.341517],[103.845166,1.341517],[103.845166,1.341495],[103.84518,1.341495],[103.845172,1.341461],[103.845192,1.341461],[103.845192,1.341489],[103.84521,1.341495],[103.845223,1.34149],[103.845223,1.341461],[103.845242,1.341461],[103.845234,1.341495],[103.845249,1.341495],[103.845249,1.341517],[103.845275,1.341517],[103.845275,1.341495],[103.84529,1.341495],[103.845282,1.341461],[103.845301,1.341461],[103.845301,1.341489],[103.84532,1.341495],[103.845332,1.341489],[103.845332,1.341461],[103.845352,1.341461],[103.845344,1.341495],[103.845358,1.341495]]]}},{"type":"Feature","properties":{"block_id":"5115","blk_no":"113","postal_code":"310113","region_id":"CR","region":"CENTRAL REGION","planning_area_id":"TP","planning_area":"TOA PAYOH","subzone_id":"TPSZ01","subzone":"TOA PAYOH WEST","lon":103.8446,"lat":1.3413,"property_match":"MATCHED","property_match_confidence":"HIGH","street":"LOR 1 TOA PAYOH","residential":"Y","year_completed":1967,"building_age_2026":59,"max_floor_lvl":10,"total_dwelling_units":119,"small_flat_share_pct":99.16,"rental_share_pct":0.0,"footprint_area_m2":1122.0,"estimated_residents_2026":241.8,"estimated_elderly_65plus_2026":75.8,"estimated_elderly_share_pct":31.34,"elderly_exposure_score":71.7,"elderly_exposure_class":"HIGH","estimate_confidence":"HIGH","display_name":"Block 113"},"geometry":{"type":"Polygon","coordinates":[[[103.844502,1.341225],[103.844494,1.341191],[103.844514,1.341191],[103.844514,1.341219],[103.844532,1.341225],[103.844544,1.341219],[103.844545,1.341191],[103.844564,1.341191],[103.844556,1.341225],[103.84457,1.341225],[103.84457,1.341247],[103.844612,1.341251],[103.844627,1.341247],[103.844627,1.341225],[103.844641,1.341225],[103.844634,1.341191],[103.844653,1.341191],[103.844653,1.341219],[103.844672,1.341225],[103.844684,1.341219],[103.844684,1.341191],[103.844703,1.341191],[103.844696,1.341225],[103.84471,1.341225],[103.84471,1.341247],[103.844737,1.341247],[103.844737,1.341225],[103.844751,1.341225],[103.844743,1.341191],[103.844763,1.341191],[103.844763,1.341219],[103.844775,1.341225],[103.844794,1.341219],[103.844794,1.341191],[103.844813,1.341191],[103.844805,1.341225],[103.84482,1.341225],[103.84482,1.341247],[103.844846,1.341247],[103.844846,1.341225],[103.84486,1.341225],[103.844853,1.341191],[103.844872,1.341191],[103.844872,1.34122],[103.844885,1.341225],[103.844903,1.341219],[103.844903,1.341191],[103.844923,1.341191],[103.844915,1.341225],[103.844929,1.341225],[103.844929,1.341247],[103.844944,1.341247],[103.844944,1.341236],[103.844975,1.341236],[103.844975,1.341291],[103.844965,1.341297],[103.844971,1.341337],[103.844634,1.341336],[103.844634,1.34135],[103.844649,1.34135],[103.844649,1.341385],[103.844634,1.341385],[103.844622,1.341423],[103.844578,1.341423],[103.844567,1.341385],[103.844552,1.341385],[103.844552,1.341351],[103.844566,1.341351],[103.844566,1.341336],[103.844228,1.341337],[103.844227,1.341285],[103.844253,1.341285],[103.844253,1.341247],[103.844269,1.341247],[103.844269,1.341225],[103.844283,1.341225],[103.844275,1.341191],[103.844295,1.341191],[103.844295,1.341219],[103.844307,1.341225],[103.844325,1.341219],[103.844325,1.341191],[103.844345,1.341191],[103.844338,1.341225],[103.844351,1.341225],[103.844351,1.341247],[103.844379,1.341247],[103.844379,1.341225],[103.844392,1.341225],[103.844385,1.341191],[103.844404,1.341191],[103.844404,1.341219],[103.844416,1.341225],[103.844435,1.341219],[103.844435,1.341191],[103.844455,1.341191],[103.844447,1.341225],[103.844461,1.341225],[103.844461,1.341247],[103.844488,1.341247],[103.844488,1.341225],[103.844502,1.341225]]]}},{"type":"Feature","properties":{"block_id":"2657","blk_no":"114","postal_code":"310114","region_id":"CR","region":"CENTRAL REGION","planning_area_id":"TP","planning_area":"TOA PAYOH","subzone_id":"TPSZ01","subzone":"TOA PAYOH WEST","lon":103.8443,"lat":1.341,"property_match":"MATCHED","property_match_confidence":"HIGH","street":"LOR 1 TOA PAYOH","residential":"Y","year_completed":1967,"building_age_2026":59,"max_floor_lvl":10,"total_dwelling_units":119,"small_flat_share_pct":99.16,"rental_share_pct":0.0,"footprint_area_m2":1122.3,"estimated_residents_2026":241.8,"estimated_elderly_65plus_2026":75.8,"estimated_elderly_share_pct":31.34,"elderly_exposure_score":71.7,"elderly_exposure_class":"HIGH","estimate_confidence":"HIGH","display_name":"Block 114"},"geometry":{"type":"Polygon","coordinates":[[[103.844636,1.340848],[103.844628,1.340882],[103.844643,1.340882],[103.844643,1.340904],[103.844658,1.340904],[103.844658,1.340942],[103.844684,1.340942],[103.844684,1.340994],[103.844347,1.340993],[103.844347,1.341008],[103.844362,1.341008],[103.844362,1.341042],[103.844347,1.341042],[103.844335,1.34108],[103.844292,1.34108],[103.84428,1.341042],[103.844265,1.341042],[103.844265,1.341008],[103.844279,1.341008],[103.844279,1.340993],[103.843941,1.340995],[103.843946,1.340954],[103.843936,1.340948],[103.843936,1.340892],[103.843967,1.340892],[103.843967,1.340904],[103.843982,1.340904],[103.843982,1.340882],[103.843996,1.340882],[103.843989,1.340848],[103.844009,1.340848],[103.844009,1.340877],[103.84402,1.340882],[103.844039,1.340876],[103.844039,1.340848],[103.844059,1.340848],[103.844051,1.340882],[103.844065,1.340882],[103.844065,1.340904],[103.844092,1.340904],[103.844092,1.340882],[103.844106,1.340882],[103.844098,1.340848],[103.844118,1.340848],[103.844118,1.340877],[103.844136,1.340882],[103.844149,1.340876],[103.844149,1.340848],[103.844168,1.340848],[103.84416,1.340882],[103.844174,1.340882],[103.844174,1.340904],[103.844201,1.340904],[103.844201,1.340882],[103.844215,1.340882],[103.844208,1.340848],[103.844228,1.340848],[103.844228,1.340877],[103.844246,1.340882],[103.844258,1.340876],[103.844258,1.340848],[103.844278,1.340848],[103.84427,1.340882],[103.844284,1.340882],[103.844284,1.340904],[103.844301,1.340908],[103.844341,1.340904],[103.844341,1.340882],[103.844355,1.340882],[103.844347,1.340848],[103.844367,1.340848],[103.844367,1.340876],[103.844385,1.340882],[103.844398,1.340876],[103.844398,1.340848],[103.844417,1.340848],[103.844409,1.340882],[103.844423,1.340882],[103.844423,1.340904],[103.84445,1.340904],[103.84445,1.340882],[103.844464,1.340882],[103.844457,1.340848],[103.844476,1.340848],[103.844476,1.340877],[103.844489,1.340882],[103.844507,1.340876],[103.844507,1.340848],[103.844527,1.340848],[103.844519,1.340882],[103.844533,1.340882],[103.844533,1.340904],[103.84456,1.340904],[103.84456,1.340882],[103.844574,1.340882],[103.844567,1.340848],[103.844586,1.340848],[103.844586,1.340876],[103.844598,1.340882],[103.844617,1.340877],[103.844617,1.340848],[103.844636,1.340848]]]}},{"type":"Feature","properties":{"block_id":"3173","blk_no":"115","postal_code":"310115","region_id":"CR","region":"CENTRAL REGION","planning_area_id":"TP","planning_area":"TOA PAYOH","subzone_id":"TPSZ01","subzone":"TOA PAYOH WEST","lon":103.8443,"lat":1.3406,"property_match":"MATCHED","property_match_confidence":"HIGH","street":"LOR 1 TOA PAYOH","residential":"Y","year_completed":1967,"building_age_2026":59,"max_floor_lvl":10,"total_dwelling_units":120,"small_flat_share_pct":100.0,"rental_share_pct":0.0,"footprint_area_m2":1123.0,"estimated_residents_2026":242.4,"estimated_elderly_65plus_2026":76.4,"estimated_elderly_share_pct":31.53,"elderly_exposure_score":72.4,"elderly_exposure_class":"HIGH","estimate_confidence":"HIGH","display_name":"Block 115"},"geometry":{"type":"Polygon","coordinates":[[[103.844417,1.340724],[103.844397,1.340724],[103.844397,1.340696],[103.844385,1.34069],[103.844367,1.340696],[103.844367,1.340724],[103.844347,1.340724],[103.844354,1.34069],[103.84434,1.34069],[103.84434,1.340668],[103.844298,1.340664],[103.844284,1.340668],[103.844284,1.34069],[103.84427,1.34069],[103.844277,1.340724],[103.844258,1.340724],[103.844258,1.340696],[103.844245,1.34069],[103.844227,1.340695],[103.844227,1.340724],[103.844207,1.340724],[103.844215,1.340689],[103.844201,1.340689],[103.844201,1.340668],[103.844174,1.340668],[103.844174,1.34069],[103.84416,1.34069],[103.844168,1.340724],[103.844148,1.340724],[103.844148,1.340695],[103.84413,1.34069],[103.844117,1.340695],[103.844117,1.340723],[103.844098,1.340723],[103.844106,1.340689],[103.844092,1.340689],[103.844092,1.340668],[103.844065,1.340668],[103.844065,1.34069],[103.84405,1.34069],[103.844058,1.340723],[103.844039,1.340723],[103.844039,1.340695],[103.84402,1.34069],[103.844008,1.340695],[103.844008,1.340723],[103.843988,1.340723],[103.843996,1.34069],[103.843982,1.34069],[103.843982,1.340668],[103.843967,1.340668],[103.843967,1.340679],[103.843935,1.340679],[103.843935,1.340624],[103.843946,1.340617],[103.84394,1.340577],[103.844276,1.340578],[103.844276,1.340564],[103.844262,1.340564],[103.844262,1.34053],[103.844277,1.34053],[103.844289,1.340492],[103.844332,1.340492],[103.844344,1.34053],[103.844359,1.34053],[103.844359,1.340564],[103.844344,1.340564],[103.844344,1.340578],[103.844684,1.340578],[103.844684,1.34063],[103.844658,1.34063],[103.844658,1.340668],[103.844642,1.340668],[103.844642,1.34069],[103.844628,1.34069],[103.844636,1.340724],[103.844616,1.340724],[103.844616,1.340695],[103.844598,1.34069],[103.844586,1.340696],[103.844586,1.340724],[103.844566,1.340724],[103.844574,1.34069],[103.844559,1.34069],[103.844559,1.340668],[103.844533,1.340668],[103.844533,1.34069],[103.844519,1.34069],[103.844526,1.340723],[103.844507,1.340723],[103.844507,1.340696],[103.844488,1.34069],[103.844476,1.340695],[103.844476,1.340724],[103.844457,1.340724],[103.844464,1.34069],[103.84445,1.34069],[103.84445,1.340668],[103.844423,1.340668],[103.844423,1.34069],[103.844409,1.34069],[103.844417,1.340724]]]}},{"type":"Feature","properties":{"block_id":"4282","blk_no":"116","postal_code":"310116","region_id":"CR","region":"CENTRAL REGION","planning_area_id":"TP","planning_area":"TOA PAYOH","subzone_id":"TPSZ01","subzone":"TOA PAYOH WEST","lon":103.8461,"lat":1.3405,"property_match":"MATCHED","property_match_confidence":"HIGH","street":"LOR 2 TOA PAYOH","residential":"Y","year_completed":1969,"building_age_2026":57,"max_floor_lvl":20,"total_dwelling_units":291,"small_flat_share_pct":100.0,"rental_share_pct":1.72,"footprint_area_m2":1455.3,"estimated_residents_2026":587.9,"estimated_elderly_65plus_2026":185.3,"estimated_elderly_share_pct":31.53,"elderly_exposure_score":99.0,"elderly_exposure_class":"VERY HIGH","estimate_confidence":"HIGH","display_name":"Block 116"},"geometry":{"type":"Polygon","coordinates":[[[103.84613,1.340574],[103.846097,1.340581],[103.846097,1.340567],[103.84609,1.340573],[103.846101,1.340496],[103.84581,1.340547],[103.845612,1.340512],[103.845632,1.3404],[103.845663,1.34041],[103.84566,1.340424],[103.845713,1.340434],[103.845715,1.340419],[103.845742,1.340419],[103.845776,1.34043],[103.845774,1.340444],[103.84581,1.340451],[103.845847,1.340444],[103.845845,1.34043],[103.84587,1.340421],[103.845906,1.340419],[103.845908,1.340434],[103.845963,1.340424],[103.84596,1.340409],[103.845985,1.3404],[103.846021,1.340399],[103.846024,1.340413],[103.846076,1.340404],[103.846073,1.340389],[103.846136,1.340373],[103.846199,1.340389],[103.846197,1.340404],[103.846249,1.340413],[103.846252,1.340399],[103.846279,1.340399],[103.846313,1.34041],[103.84631,1.340424],[103.846365,1.340434],[103.846367,1.340419],[103.846394,1.340419],[103.846428,1.34043],[103.846426,1.340445],[103.846462,1.340451],[103.846472,1.340449],[103.846468,1.34043],[103.84664,1.3404],[103.84666,1.340512],[103.846462,1.340548],[103.846172,1.340496],[103.846183,1.340573],[103.846176,1.340567],[103.846176,1.340581],[103.84613,1.340574]]]}},{"type":"Feature","properties":{"block_id":"6974","blk_no":"117","postal_code":"310117","region_id":"CR","region":"CENTRAL REGION","planning_area_id":"TP","planning_area":"TOA PAYOH","subzone_id":"TPSZ01","subzone":"TOA PAYOH WEST","lon":103.8452,"lat":1.34,"property_match":"MATCHED","property_match_confidence":"HIGH","street":"LOR 1 TOA PAYOH","residential":"Y","year_completed":1967,"building_age_2026":59,"max_floor_lvl":10,"total_dwelling_units":116,"small_flat_share_pct":96.55,"rental_share_pct":0.86,"footprint_area_m2":1082.7,"estimated_residents_2026":240.0,"estimated_elderly_65plus_2026":73.8,"estimated_elderly_share_pct":30.76,"elderly_exposure_score":69.5,"elderly_exposure_class":"HIGH","estimate_confidence":"HIGH","display_name":"Block 117"},"geometry":{"type":"Polygon","coordinates":[[[103.845333,1.33994],[103.845333,1.339989],[103.84536,1.339989],[103.84536,1.33994],[103.845385,1.33994],[103.845385,1.339962],[103.845404,1.339967],[103.845418,1.339962],[103.845418,1.33994],[103.845443,1.33994],[103.845443,1.339989],[103.84547,1.339989],[103.84547,1.33994],[103.845494,1.33994],[103.845494,1.339962],[103.845508,1.339968],[103.845528,1.339962],[103.845528,1.33994],[103.845552,1.33994],[103.845552,1.339989],[103.845568,1.339987],[103.845567,1.339972],[103.845599,1.339972],[103.845588,1.340079],[103.845239,1.340079],[103.845239,1.340099],[103.845266,1.340099],[103.845266,1.340123],[103.845182,1.340123],[103.845182,1.340099],[103.845209,1.340099],[103.845209,1.340079],[103.844858,1.340079],[103.844858,1.340032],[103.844878,1.340032],[103.844878,1.339987],[103.844894,1.339989],[103.844894,1.339941],[103.844919,1.339941],[103.844919,1.339962],[103.844932,1.339968],[103.844952,1.339962],[103.844952,1.339941],[103.844977,1.339941],[103.844977,1.339989],[103.845004,1.339989],[103.845004,1.339941],[103.845028,1.339941],[103.845028,1.339962],[103.845042,1.339968],[103.845062,1.339962],[103.845062,1.339941],[103.845086,1.339941],[103.845086,1.339989],[103.845113,1.339989],[103.845113,1.339941],[103.845138,1.33994],[103.845138,1.339962],[103.845158,1.339968],[103.845171,1.339962],[103.845171,1.33994],[103.845196,1.33994],[103.845196,1.339989],[103.845235,1.339993],[103.84525,1.339989],[103.84525,1.33994],[103.845275,1.33994],[103.845275,1.339962],[103.845295,1.339968],[103.845308,1.339962],[103.845308,1.33994],[103.845333,1.33994]]]}},{"type":"Feature","properties":{"block_id":"5749","blk_no":"118","postal_code":"310118","region_id":"CR","region":"CENTRAL REGION","planning_area_id":"TP","planning_area":"TOA PAYOH","subzone_id":"TPSZ01","subzone":"TOA PAYOH WEST","lon":103.8449,"lat":1.3396,"property_match":"MATCHED","property_match_confidence":"HIGH","street":"LOR 1 TOA PAYOH","residential":"Y","year_completed":1967,"building_age_2026":59,"max_floor_lvl":10,"total_dwelling_units":118,"small_flat_share_pct":98.31,"rental_share_pct":0.0,"footprint_area_m2":1089.8,"estimated_residents_2026":241.2,"estimated_elderly_65plus_2026":75.1,"estimated_elderly_share_pct":31.15,"elderly_exposure_score":70.9,"elderly_exposure_class":"HIGH","estimate_confidence":"HIGH","display_name":"Block 118"},"geometry":{"type":"Polygon","coordinates":[[[103.844521,1.339573],[103.84454,1.339573],[103.84454,1.339527],[103.844556,1.339529],[103.844556,1.339481],[103.844581,1.339481],[103.844581,1.339502],[103.844595,1.339508],[103.844614,1.339502],[103.844614,1.339481],[103.844639,1.339481],[103.844639,1.339529],[103.844666,1.339529],[103.844666,1.339481],[103.844691,1.339481],[103.844691,1.339502],[103.844704,1.339508],[103.844724,1.339502],[103.844724,1.339481],[103.844749,1.339481],[103.844749,1.339529],[103.844776,1.339529],[103.844776,1.339481],[103.8448,1.339481],[103.8448,1.339503],[103.844814,1.339508],[103.844834,1.339503],[103.844834,1.339481],[103.844858,1.339481],[103.844858,1.339529],[103.844873,1.339533],[103.844913,1.339529],[103.844913,1.339481],[103.844937,1.339481],[103.844937,1.339502],[103.844951,1.339508],[103.844971,1.339502],[103.844971,1.339481],[103.844995,1.339481],[103.844995,1.339529],[103.845022,1.339529],[103.845022,1.339481],[103.845047,1.339481],[103.845047,1.339502],[103.845067,1.339508],[103.84508,1.339502],[103.84508,1.33948],[103.845105,1.33948],[103.845105,1.339529],[103.845132,1.339529],[103.845132,1.33948],[103.845157,1.339481],[103.845157,1.339502],[103.84517,1.339508],[103.84519,1.339502],[103.84519,1.339481],[103.845215,1.339481],[103.845215,1.339529],[103.84523,1.339527],[103.84523,1.339512],[103.845261,1.339512],[103.84525,1.339619],[103.844901,1.339618],[103.844901,1.33966],[103.844922,1.33966],[103.844922,1.339701],[103.84485,1.3397],[103.84485,1.33966],[103.844871,1.33966],[103.844871,1.339618],[103.844521,1.339618],[103.844521,1.339573]]]}},{"type":"Feature","properties":{"block_id":"6230","blk_no":"118A","postal_code":"311118","region_id":"CR","region":"CENTRAL REGION","planning_area_id":"TP","planning_area":"TOA PAYOH","subzone_id":"TPSZ01","subzone":"TOA PAYOH WEST","lon":103.8455,"lat":1.3397,"property_match":"MATCHED","property_match_confidence":"HIGH","street":"LOR 1 TOA PAYOH","residential":"N","year_completed":1997,"building_age_2026":29,"max_floor_lvl":1,"total_dwelling_units":0,"small_flat_share_pct":null,"rental_share_pct":null,"footprint_area_m2":210.5,"estimated_residents_2026":0.0,"estimated_elderly_65plus_2026":0.0,"estimated_elderly_share_pct":null,"elderly_exposure_score":null,"elderly_exposure_class":null,"estimate_confidence":"HIGH","display_name":"Block 118A"},"geometry":{"type":"Polygon","coordinates":[[[103.845414,1.339621],[103.845455,1.339579],[103.845515,1.339579],[103.845557,1.339621],[103.845557,1.339681],[103.845515,1.339723],[103.845455,1.339723],[103.845413,1.339681],[103.845414,1.339621]]]}},{"type":"Feature","properties":{"block_id":"7196","blk_no":"119","postal_code":"310119","region_id":"CR","region":"CENTRAL REGION","planning_area_id":"TP","planning_area":"TOA PAYOH","subzone_id":"TPSZ01","subzone":"TOA PAYOH WEST","lon":103.8447,"lat":1.3391,"property_match":"MATCHED","property_match_confidence":"HIGH","street":"LOR 1 TOA PAYOH","residential":"Y","year_completed":1967,"building_age_2026":59,"max_floor_lvl":10,"total_dwelling_units":117,"small_flat_share_pct":97.44,"rental_share_pct":0.0,"footprint_area_m2":1089.9,"estimated_residents_2026":240.6,"estimated_elderly_65plus_2026":74.5,"estimated_elderly_share_pct":30.95,"elderly_exposure_score":70.1,"elderly_exposure_class":"HIGH","estimate_confidence":"HIGH","display_name":"Block 119"},"geometry":{"type":"Polygon","coordinates":[[[103.844334,1.339119],[103.844334,1.339073],[103.84435,1.339075],[103.84435,1.339027],[103.844375,1.339027],[103.844375,1.339049],[103.844388,1.339054],[103.844408,1.339049],[103.844408,1.339027],[103.844433,1.339027],[103.844433,1.339076],[103.84446,1.339076],[103.84446,1.339027],[103.844485,1.339027],[103.844485,1.339048],[103.844498,1.339054],[103.844518,1.339049],[103.844518,1.339027],[103.844542,1.339027],[103.844542,1.339076],[103.844569,1.339076],[103.844569,1.339027],[103.844594,1.339027],[103.844594,1.339049],[103.844608,1.339054],[103.844627,1.339049],[103.844627,1.339027],[103.844652,1.339027],[103.844652,1.339076],[103.844667,1.339079],[103.844706,1.339076],[103.844706,1.339027],[103.844731,1.339027],[103.844731,1.339048],[103.844745,1.339054],[103.844764,1.339048],[103.844764,1.339027],[103.844789,1.339027],[103.844789,1.339076],[103.844816,1.339076],[103.844816,1.339027],[103.844841,1.339027],[103.844841,1.339048],[103.844861,1.339054],[103.844874,1.339048],[103.844874,1.339027],[103.844899,1.339027],[103.844899,1.339075],[103.844926,1.339076],[103.844926,1.339027],[103.84495,1.339027],[103.84495,1.339048],[103.844964,1.339054],[103.844984,1.339048],[103.844984,1.339027],[103.845008,1.339027],[103.845008,1.339075],[103.845024,1.339074],[103.845024,1.339058],[103.845055,1.339058],[103.845044,1.339165],[103.844695,1.339165],[103.844695,1.339206],[103.844716,1.339206],[103.844716,1.339247],[103.844644,1.339247],[103.844644,1.339206],[103.844665,1.339206],[103.844665,1.339165],[103.844314,1.339164],[103.844314,1.339119],[103.844334,1.339119]]]}},{"type":"Feature","properties":{"block_id":"2645","blk_no":"120","postal_code":"310120","region_id":"CR","region":"CENTRAL REGION","planning_area_id":"TP","planning_area":"TOA PAYOH","subzone_id":"TPSZ01","subzone":"TOA PAYOH WEST","lon":103.8456,"lat":1.3392,"property_match":"MATCHED","property_match_confidence":"HIGH","street":"LOR 2 TOA PAYOH","residential":"Y","year_completed":1967,"building_age_2026":59,"max_floor_lvl":10,"total_dwelling_units":160,"small_flat_share_pct":100.0,"rental_share_pct":0.0,"footprint_area_m2":926.3,"estimated_residents_2026":202.9,"estimated_elderly_65plus_2026":140.0,"estimated_elderly_share_pct":69.01,"elderly_exposure_score":96.3,"elderly_exposure_class":"VERY HIGH","estimate_confidence":"HIGH","display_name":"Block 120"},"geometry":{"type":"Polygon","coordinates":[[[103.845814,1.339079],[103.845814,1.339093],[103.845842,1.339093],[103.845842,1.339079],[103.845869,1.339079],[103.845869,1.339087],[103.845957,1.339079],[103.845957,1.339136],[103.845925,1.339136],[103.845925,1.33918],[103.845322,1.33918],[103.845322,1.339222],[103.845344,1.339222],[103.845344,1.339264],[103.845271,1.339264],[103.845271,1.339222],[103.845292,1.339222],[103.845292,1.33918],[103.84521,1.33918],[103.84521,1.339079],[103.845239,1.339079],[103.845239,1.339087],[103.845294,1.339079],[103.845294,1.339094],[103.845321,1.339094],[103.845321,1.339079],[103.845349,1.339079],[103.845349,1.339087],[103.845431,1.339079],[103.845431,1.339087],[103.845513,1.339079],[103.845513,1.339087],[103.84554,1.339087],[103.84554,1.339079],[103.845595,1.339079],[103.845595,1.339087],[103.845677,1.339079],[103.845677,1.339087],[103.845814,1.339079]]]}},{"type":"Feature","properties":{"block_id":"3929","blk_no":"120A","postal_code":"311120","region_id":"CR","region":"CENTRAL REGION","planning_area_id":"TP","planning_area":"TOA PAYOH","subzone_id":"TPSZ01","subzone":"TOA PAYOH WEST","lon":103.8459,"lat":1.3398,"property_match":"MATCHED","property_match_confidence":"HIGH","street":"LOR 2 TOA PAYOH","residential":"N","year_completed":1996,"building_age_2026":30,"max_floor_lvl":5,"total_dwelling_units":0,"small_flat_share_pct":null,"rental_share_pct":null,"footprint_area_m2":2359.7,"estimated_residents_2026":0.0,"estimated_elderly_65plus_2026":0.0,"estimated_elderly_share_pct":null,"elderly_exposure_score":null,"elderly_exposure_class":null,"estimate_confidence":"HIGH","display_name":"Block 120A"},"geometry":{"type":"Polygon","coordinates":[[[103.845869,1.339493],[103.845869,1.339475],[103.845896,1.339475],[103.845896,1.339493],[103.845999,1.339493],[103.846,1.340174],[103.845719,1.340174],[103.845719,1.339493],[103.845869,1.339493]]]}},{"type":"Feature","properties":{"block_id":"6151","blk_no":"121","postal_code":"310121","region_id":"CR","region":"CENTRAL REGION","planning_area_id":"TP","planning_area":"TOA PAYOH","subzone_id":"TPSZ01","subzone":"TOA PAYOH WEST","lon":103.8463,"lat":1.3392,"property_match":"MATCHED","property_match_confidence":"HIGH","street":"LOR 2 TOA PAYOH","residential":"Y","year_completed":1998,"building_age_2026":28,"max_floor_lvl":30,"total_dwelling_units":106,"small_flat_share_pct":0.0,"rental_share_pct":0.0,"footprint_area_m2":688.8,"estimated_residents_2026":332.0,"estimated_elderly_65plus_2026":48.9,"estimated_elderly_share_pct":14.73,"elderly_exposure_score":40.0,"elderly_exposure_class":"LOW","estimate_confidence":"HIGH","display_name":"Block 121"},"geometry":{"type":"Polygon","coordinates":[[[103.84611,1.339048],[103.84611,1.339061],[103.846102,1.339062],[103.846068,1.339047],[103.846012,1.339047],[103.846012,1.338946],[103.84607,1.338946],[103.84607,1.338967],[103.846093,1.338967],[103.846093,1.338946],[103.846124,1.338946],[103.846124,1.338963],[103.846148,1.338963],[103.846148,1.338946],[103.846175,1.338946],[103.846175,1.338967],[103.846198,1.338967],[103.846198,1.338946],[103.846259,1.338946],[103.846259,1.339061],[103.846276,1.339068],[103.846283,1.339085],[103.846306,1.339085],[103.846306,1.339281],[103.84632,1.339281],[103.846321,1.339292],[103.846305,1.339324],[103.846305,1.33938],[103.846205,1.33938],[103.846205,1.339322],[103.846226,1.339322],[103.846226,1.339298],[103.846205,1.339298],[103.846205,1.339242],[103.846226,1.339242],[103.846226,1.33922],[103.846205,1.33922],[103.846205,1.339133],[103.846232,1.339133],[103.846232,1.339106],[103.846187,1.339106],[103.846187,1.339059],[103.846215,1.339059],[103.846215,1.339048],[103.84611,1.339048]]]}},{"type":"Feature","properties":{"block_id":"3762","blk_no":"122","postal_code":"310122","region_id":"CR","region":"CENTRAL REGION","planning_area_id":"TP","planning_area":"TOA PAYOH","subzone_id":"TPSZ01","subzone":"TOA PAYOH WEST","lon":103.8464,"lat":1.3398,"property_match":"MATCHED","property_match_confidence":"HIGH","street":"LOR 2 TOA PAYOH","residential":"Y","year_completed":1998,"building_age_2026":28,"max_floor_lvl":20,"total_dwelling_units":168,"small_flat_share_pct":0.0,"rental_share_pct":0.0,"footprint_area_m2":1640.1,"estimated_residents_2026":516.2,"estimated_elderly_65plus_2026":72.1,"estimated_elderly_share_pct":13.97,"elderly_exposure_score":67.5,"elderly_exposure_class":"HIGH","estimate_confidence":"HIGH","display_name":"Block 122"},"geometry":{"type":"Polygon","coordinates":[[[103.846221,1.339599],[103.846242,1.339599],[103.846242,1.339576],[103.846221,1.339576],[103.846221,1.339523],[103.846242,1.339523],[103.846242,1.3395],[103.846221,1.3395],[103.846221,1.339434],[103.846306,1.339434],[103.846306,1.339461],[103.846356,1.339461],[103.846356,1.339438],[103.846382,1.339438],[103.846382,1.339463],[103.846406,1.339463],[103.846406,1.339438],[103.846468,1.339438],[103.846468,1.339486],[103.84646,1.339486],[103.846448,1.339523],[103.846448,1.339552],[103.846322,1.339541],[103.846322,1.339675],[103.846284,1.339675],[103.846284,1.33976],[103.846303,1.33976],[103.846303,1.339776],[103.846323,1.339776],[103.846323,1.33976],[103.846338,1.33975],[103.846356,1.33976],[103.846366,1.33975],[103.846383,1.33976],[103.846383,1.339781],[103.846407,1.339781],[103.846407,1.339757],[103.846458,1.339757],[103.846458,1.339781],[103.846483,1.339781],[103.846483,1.339757],[103.846545,1.339757],[103.846545,1.339805],[103.846537,1.339805],[103.846525,1.339841],[103.846525,1.339871],[103.84646,1.339871],[103.84646,1.339859],[103.846284,1.339859],[103.846284,1.339948],[103.846322,1.339948],[103.846322,1.340087],[103.846492,1.340087],[103.846492,1.340075],[103.846556,1.340075],[103.846556,1.340105],[103.846568,1.340141],[103.846576,1.340141],[103.846576,1.340189],[103.846514,1.340189],[103.846514,1.340165],[103.84649,1.340165],[103.84649,1.340189],[103.846439,1.340189],[103.846439,1.340165],[103.846414,1.340165],[103.846414,1.340189],[103.846356,1.340189],[103.846356,1.340163],[103.846332,1.340163],[103.846332,1.340177],[103.846268,1.340177],[103.846268,1.340189],[103.846221,1.340189],[103.846221,1.340123],[103.846242,1.340123],[103.846242,1.340101],[103.846221,1.340101],[103.846221,1.340047],[103.846242,1.340047],[103.846242,1.340025],[103.846221,1.340025],[103.846221,1.339967],[103.846183,1.339967],[103.846183,1.339906],[103.846204,1.339906],[103.846204,1.339883],[103.846183,1.339883],[103.846183,1.339856],[103.846258,1.339856],[103.846258,1.339843],[103.846207,1.339843],[103.846207,1.33979],[103.846226,1.33979],[103.846226,1.339767],[103.846183,1.339767],[103.846183,1.33974],[103.846204,1.33974],[103.846204,1.339717],[103.846183,1.339717],[103.846183,1.339657],[103.846221,1.339657],[103.846221,1.339599]]]}},{"type":"Feature","properties":{"block_id":"5135","blk_no":"123","postal_code":"310123","region_id":"CR","region":"CENTRAL REGION","planning_area_id":"TP","planning_area":"TOA PAYOH","subzone_id":"TPSZ01","subzone":"TOA PAYOH WEST","lon":103.8457,"lat":1.3386,"property_match":"MATCHED","property_match_confidence":"HIGH","street":"LOR 1 TOA PAYOH","residential":"Y","year_completed":1969,"building_age_2026":57,"max_floor_lvl":10,"total_dwelling_units":128,"small_flat_share_pct":100.0,"rental_share_pct":0.0,"footprint_area_m2":1706.0,"estimated_residents_2026":258.6,"estimated_elderly_65plus_2026":81.5,"estimated_elderly_share_pct":31.53,"elderly_exposure_score":76.6,"elderly_exposure_class":"HIGH","estimate_confidence":"HIGH","display_name":"Block 123"},"geometry":{"type":"Polygon","coordinates":[[[103.845332,1.338705],[103.845333,1.33875],[103.845308,1.33875],[103.845308,1.338726],[103.845273,1.338726],[103.845273,1.33875],[103.845249,1.33875],[103.84525,1.338705],[103.845202,1.338705],[103.845202,1.338652],[103.845233,1.338652],[103.845235,1.338593],[103.845422,1.338593],[103.845422,1.338531],[103.845515,1.338531],[103.845515,1.338593],[103.846171,1.338593],[103.846171,1.338614],[103.846206,1.338614],[103.846206,1.338698],[103.846158,1.338704],[103.846159,1.338751],[103.846134,1.338751],[103.846134,1.338727],[103.846094,1.338727],[103.846094,1.338751],[103.846069,1.338751],[103.846071,1.338706],[103.846045,1.338706],[103.846046,1.338751],[103.846021,1.338751],[103.846021,1.338727],[103.845988,1.338727],[103.845988,1.338751],[103.845963,1.338751],[103.845964,1.338705],[103.845923,1.338696],[103.845923,1.338705],[103.845908,1.338705],[103.84591,1.338751],[103.845885,1.338751],[103.845885,1.338727],[103.84585,1.338727],[103.84585,1.338751],[103.845825,1.338751],[103.845826,1.338706],[103.845797,1.338706],[103.845799,1.33875],[103.845774,1.33875],[103.845774,1.338727],[103.845741,1.338727],[103.845741,1.33875],[103.845716,1.33875],[103.845717,1.338705],[103.845689,1.338705],[103.845691,1.33875],[103.845665,1.33875],[103.845665,1.338726],[103.845631,1.338726],[103.845631,1.33875],[103.845606,1.33875],[103.845607,1.338705],[103.84558,1.338705],[103.845581,1.33875],[103.845556,1.33875],[103.845556,1.338726],[103.84552,1.338726],[103.84552,1.33875],[103.845494,1.33875],[103.845496,1.338704],[103.845454,1.338696],[103.845454,1.338705],[103.84544,1.338705],[103.845441,1.33875],[103.845416,1.33875],[103.845416,1.338726],[103.845384,1.338726],[103.845384,1.33875],[103.845359,1.33875],[103.84536,1.338705],[103.845332,1.338705]]]}},{"type":"Feature","properties":{"block_id":"2839","blk_no":"123A","postal_code":"311123","region_id":"CR","region":"CENTRAL REGION","planning_area_id":"TP","planning_area":"TOA PAYOH","subzone_id":"TPSZ01","subzone":"TOA PAYOH WEST","lon":103.846,"lat":1.3383,"property_match":"MATCHED","property_match_confidence":"HIGH","street":"LOR 1 TOA PAYOH","residential":"N","year_completed":2003,"building_age_2026":23,"max_floor_lvl":1,"total_dwelling_units":0,"small_flat_share_pct":null,"rental_share_pct":null,"footprint_area_m2":265.9,"estimated_residents_2026":0.0,"estimated_elderly_65plus_2026":0.0,"estimated_elderly_share_pct":null,"elderly_exposure_score":null,"elderly_exposure_class":null,"estimate_confidence":"HIGH","display_name":"Block 123A"},"geometry":{"type":"Polygon","coordinates":[[[103.845951,1.338381],[103.845951,1.33828],[103.846113,1.33828],[103.846113,1.33838],[103.846077,1.33843],[103.846032,1.338415],[103.845988,1.338431],[103.845951,1.338381]]]}},{"type":"Feature","properties":{"block_id":"471","blk_no":"124","postal_code":"310124","region_id":"CR","region":"CENTRAL REGION","planning_area_id":"TP","planning_area":"TOA PAYOH","subzone_id":"TPSZ01","subzone":"TOA PAYOH WEST","lon":103.8446,"lat":1.3386,"property_match":"MATCHED","property_match_confidence":"HIGH","street":"LOR 1 TOA PAYOH","residential":"Y","year_completed":1969,"building_age_2026":57,"max_floor_lvl":10,"total_dwelling_units":131,"small_flat_share_pct":99.24,"rental_share_pct":0.0,"footprint_area_m2":1726.0,"estimated_residents_2026":266.1,"estimated_elderly_65plus_2026":83.4,"estimated_elderly_share_pct":31.35,"elderly_exposure_score":78.1,"elderly_exposure_class":"HIGH","estimate_confidence":"HIGH","display_name":"Block 124"},"geometry":{"type":"Polygon","coordinates":[[[103.844125,1.338704],[103.844125,1.338594],[103.844816,1.338594],[103.844816,1.338532],[103.844909,1.338532],[103.844909,1.338593],[103.845096,1.338593],[103.845099,1.338652],[103.845129,1.338652],[103.845129,1.338704],[103.845082,1.338704],[103.845082,1.338751],[103.845058,1.338751],[103.845058,1.338727],[103.845025,1.338727],[103.845025,1.338751],[103.845,1.338751],[103.845001,1.338703],[103.844973,1.338703],[103.844975,1.338751],[103.84495,1.338751],[103.84495,1.338727],[103.844915,1.338727],[103.844915,1.338751],[103.84489,1.338751],[103.844891,1.338704],[103.844876,1.338704],[103.844876,1.338712],[103.844835,1.338704],[103.844836,1.33875],[103.844811,1.33875],[103.844811,1.338726],[103.844777,1.338726],[103.844777,1.33875],[103.844752,1.33875],[103.844754,1.338704],[103.844725,1.338704],[103.844727,1.33875],[103.844702,1.33875],[103.844702,1.338726],[103.844669,1.338726],[103.844669,1.33875],[103.844644,1.33875],[103.844645,1.338704],[103.844614,1.338704],[103.844615,1.33875],[103.84459,1.33875],[103.84459,1.338726],[103.844555,1.338726],[103.844555,1.33875],[103.84453,1.33875],[103.844531,1.338703],[103.844503,1.338703],[103.844505,1.33875],[103.844479,1.33875],[103.844479,1.338726],[103.844445,1.338726],[103.844445,1.33875],[103.84442,1.33875],[103.844422,1.338712],[103.844407,1.338712],[103.844407,1.338703],[103.844382,1.338703],[103.844369,1.33875],[103.844344,1.33875],[103.844344,1.338726],[103.84431,1.338726],[103.84431,1.33875],[103.844285,1.33875],[103.844285,1.338726],[103.844257,1.338726],[103.844257,1.33875],[103.844232,1.33875],[103.844232,1.338726],[103.844198,1.338726],[103.844198,1.33875],[103.844174,1.33875],[103.844174,1.338726],[103.844161,1.338726],[103.844158,1.338698],[103.844125,1.338704]]]}},{"type":"Feature","properties":{"block_id":"4843","blk_no":"125","postal_code":"310125","region_id":"CR","region":"CENTRAL REGION","planning_area_id":"TP","planning_area":"TOA PAYOH","subzone_id":"TPSZ01","subzone":"TOA PAYOH WEST","lon":103.8458,"lat":1.3382,"property_match":"MATCHED","property_match_confidence":"HIGH","street":"LOR 1 TOA PAYOH","residential":"Y","year_completed":1969,"building_age_2026":57,"max_floor_lvl":16,"total_dwelling_units":164,"small_flat_share_pct":100.0,"rental_share_pct":0.61,"footprint_area_m2":1421.7,"estimated_residents_2026":331.3,"estimated_elderly_65plus_2026":104.4,"estimated_elderly_share_pct":31.53,"elderly_exposure_score":89.4,"elderly_exposure_class":"VERY HIGH","estimate_confidence":"HIGH","display_name":"Block 125"},"geometry":{"type":"Polygon","coordinates":[[[103.845847,1.337921],[103.845847,1.337934],[103.845896,1.337934],[103.845897,1.33831],[103.845884,1.33831],[103.845884,1.338392],[103.845815,1.338392],[103.845803,1.338401],[103.845265,1.338401],[103.845259,1.338294],[103.84531,1.338284],[103.84531,1.338261],[103.845335,1.338261],[103.845334,1.338306],[103.845361,1.338306],[103.845359,1.338261],[103.845384,1.338261],[103.845384,1.338285],[103.845419,1.338285],[103.845419,1.338261],[103.845444,1.338261],[103.845443,1.338306],[103.845469,1.338306],[103.845467,1.338261],[103.845493,1.338261],[103.845493,1.338285],[103.845558,1.338285],[103.845558,1.338262],[103.845583,1.338262],[103.845582,1.338306],[103.845605,1.338306],[103.845604,1.338262],[103.845629,1.338262],[103.845629,1.338286],[103.845665,1.338286],[103.845665,1.338262],[103.84569,1.338262],[103.845689,1.338306],[103.845718,1.338306],[103.845717,1.338262],[103.845742,1.338262],[103.845742,1.338286],[103.845762,1.338286],[103.845762,1.338312],[103.845785,1.338312],[103.845785,1.338276],[103.845765,1.338276],[103.845765,1.338246],[103.845808,1.338253],[103.845808,1.338225],[103.845762,1.338226],[103.845762,1.338201],[103.845785,1.338201],[103.845786,1.338164],[103.845762,1.338164],[103.845762,1.338139],[103.845786,1.338139],[103.845786,1.338113],[103.845762,1.338113],[103.845762,1.338088],[103.845786,1.338088],[103.845786,1.338054],[103.845762,1.338054],[103.845762,1.338029],[103.845786,1.338029],[103.845786,1.338003],[103.845762,1.338003],[103.845762,1.337978],[103.845786,1.337978],[103.845795,1.337921],[103.845847,1.337921]]]}},{"type":"Feature","properties":{"block_id":"7075","blk_no":"125A","postal_code":"311125","region_id":"CR","region":"CENTRAL REGION","planning_area_id":"TP","planning_area":"TOA PAYOH","subzone_id":"TPSZ01","subzone":"TOA PAYOH WEST","lon":103.8457,"lat":1.3376,"property_match":"MATCHED","property_match_confidence":"HIGH","street":"LOR 2 TOA PAYOH","residential":"N","year_completed":1990,"building_age_2026":36,"max_floor_lvl":3,"total_dwelling_units":0,"small_flat_share_pct":null,"rental_share_pct":null,"footprint_area_m2":1439.5,"estimated_residents_2026":0.0,"estimated_elderly_65plus_2026":0.0,"estimated_elderly_share_pct":null,"elderly_exposure_score":null,"elderly_exposure_class":null,"estimate_confidence":"HIGH","display_name":"Block 125A"},"geometry":{"type":"Polygon","coordinates":[[[103.845768,1.337296],[103.845903,1.337296],[103.845865,1.337499],[103.845865,1.337603],[103.845902,1.337807],[103.845768,1.337807],[103.845768,1.337741],[103.845607,1.337741],[103.845607,1.337362],[103.845768,1.337362],[103.845768,1.337296]]]}},{"type":"Feature","properties":{"block_id":"8829","blk_no":"126","postal_code":"310126","region_id":"CR","region":"CENTRAL REGION","planning_area_id":"TP","planning_area":"TOA PAYOH","subzone_id":"TPSZ01","subzone":"TOA PAYOH WEST","lon":103.8451,"lat":1.3381,"property_match":"MATCHED","property_match_confidence":"HIGH","street":"LOR 1 TOA PAYOH","residential":"Y","year_completed":1969,"building_age_2026":57,"max_floor_lvl":16,"total_dwelling_units":198,"small_flat_share_pct":98.99,"rental_share_pct":1.01,"footprint_area_m2":1471.4,"estimated_residents_2026":402.8,"estimated_elderly_65plus_2026":126.1,"estimated_elderly_share_pct":31.3,"elderly_exposure_score":94.5,"elderly_exposure_class":"VERY HIGH","estimate_confidence":"HIGH","display_name":"Block 126"},"geometry":{"type":"Polygon","coordinates":[[[103.845013,1.337854],[103.845024,1.337854],[103.845023,1.337772],[103.845103,1.337773],[103.845103,1.337755],[103.845481,1.337755],[103.845484,1.337861],[103.845433,1.337871],[103.845433,1.3379],[103.845408,1.3379],[103.84541,1.33785],[103.845382,1.33785],[103.845384,1.3379],[103.845358,1.3379],[103.845358,1.337876],[103.845324,1.337876],[103.845324,1.3379],[103.845299,1.3379],[103.845301,1.337849],[103.845273,1.337849],[103.845274,1.337899],[103.845249,1.337899],[103.845249,1.337875],[103.845215,1.337875],[103.845215,1.337899],[103.84519,1.337899],[103.845192,1.33785],[103.845164,1.337849],[103.84517,1.337895],[103.84514,1.337895],[103.84514,1.337875],[103.845108,1.337875],[103.845108,1.337901],[103.84513,1.337901],[103.84513,1.337918],[103.845154,1.337918],[103.845154,1.337943],[103.845107,1.337942],[103.845107,1.337971],[103.845154,1.33797],[103.845154,1.337995],[103.84513,1.337995],[103.84513,1.338028],[103.845154,1.338028],[103.845154,1.338053],[103.845108,1.338052],[103.845108,1.33808],[103.845154,1.338079],[103.845154,1.338104],[103.84513,1.338104],[103.84513,1.338166],[103.845154,1.338166],[103.845154,1.338191],[103.84513,1.338191],[103.84513,1.338217],[103.845154,1.338217],[103.845154,1.338242],[103.84513,1.338242],[103.84513,1.338276],[103.845154,1.338276],[103.845154,1.338301],[103.84513,1.338301],[103.84513,1.338326],[103.845154,1.338326],[103.845154,1.338351],[103.84513,1.338351],[103.845121,1.338411],[103.845069,1.338412],[103.845057,1.338395],[103.845013,1.338396],[103.845013,1.337854]]]}},{"type":"Feature","properties":{"block_id":"2186","blk_no":"127","postal_code":"310127","region_id":"CR","region":"CENTRAL REGION","planning_area_id":"TP","planning_area":"TOA PAYOH","subzone_id":"TPSZ01","subzone":"TOA PAYOH WEST","lon":103.8448,"lat":1.3381,"property_match":"MATCHED","property_match_confidence":"HIGH","street":"LOR 1 TOA PAYOH","residential":"N","year_completed":2004,"building_age_2026":22,"max_floor_lvl":2,"total_dwelling_units":0,"small_flat_share_pct":null,"rental_share_pct":null,"footprint_area_m2":2412.7,"estimated_residents_2026":0.0,"estimated_elderly_65plus_2026":0.0,"estimated_elderly_share_pct":null,"elderly_exposure_score":null,"elderly_exposure_class":null,"estimate_confidence":"HIGH","display_name":"Block 127"},"geometry":{"type":"Polygon","coordinates":[[[103.844892,1.338133],[103.844872,1.338133],[103.844871,1.338412],[103.84479,1.338448],[103.844731,1.338455],[103.844643,1.338439],[103.84459,1.338412],[103.844589,1.338129],[103.844577,1.338058],[103.844538,1.338057],[103.844541,1.338027],[103.844589,1.338019],[103.844589,1.337797],[103.844671,1.337762],[103.84473,1.337755],[103.84479,1.337762],[103.844872,1.337797],[103.844872,1.337988],[103.844888,1.337991],[103.844889,1.338006],[103.844898,1.338007],[103.844894,1.338082],[103.844923,1.338082],[103.84492,1.338112],[103.844892,1.338117],[103.844892,1.338133]]]}},{"type":"Feature","properties":{"block_id":"2577","blk_no":"128","postal_code":"310128","region_id":"CR","region":"CENTRAL REGION","planning_area_id":"TP","planning_area":"TOA PAYOH","subzone_id":"TPSZ01","subzone":"TOA PAYOH WEST","lon":103.8444,"lat":1.3381,"property_match":"MATCHED","property_match_confidence":"HIGH","street":"LOR 1 TOA PAYOH","residential":"Y","year_completed":1969,"building_age_2026":57,"max_floor_lvl":16,"total_dwelling_units":200,"small_flat_share_pct":100.0,"rental_share_pct":0.0,"footprint_area_m2":1454.8,"estimated_residents_2026":404.0,"estimated_elderly_65plus_2026":127.4,"estimated_elderly_share_pct":31.53,"elderly_exposure_score":94.7,"elderly_exposure_class":"VERY HIGH","estimate_confidence":"HIGH","display_name":"Block 128"},"geometry":{"type":"Polygon","coordinates":[[[103.844343,1.338368],[103.844333,1.338369],[103.844333,1.33835],[103.844309,1.33835],[103.844309,1.338325],[103.844333,1.338325],[103.844333,1.338299],[103.844309,1.338299],[103.844309,1.338274],[103.844333,1.338274],[103.844333,1.33824],[103.844309,1.33824],[103.844309,1.338214],[103.844333,1.338214],[103.844333,1.338189],[103.844309,1.338189],[103.844309,1.338164],[103.844333,1.338164],[103.844333,1.338103],[103.84431,1.338103],[103.84431,1.338078],[103.844354,1.338079],[103.844354,1.338051],[103.84431,1.338053],[103.84431,1.338027],[103.844334,1.338027],[103.844334,1.337993],[103.84431,1.337993],[103.84431,1.337968],[103.844353,1.337969],[103.844353,1.337942],[103.84431,1.337943],[103.84431,1.337918],[103.844334,1.337918],[103.844334,1.337897],[103.844353,1.337897],[103.844352,1.337872],[103.844322,1.337871],[103.844322,1.337892],[103.844292,1.337892],[103.844298,1.33785],[103.844271,1.33785],[103.844272,1.337895],[103.844247,1.337895],[103.844247,1.337871],[103.844211,1.337871],[103.844211,1.337895],[103.844186,1.337895],[103.844188,1.337851],[103.844157,1.337851],[103.844158,1.337894],[103.844133,1.337894],[103.844133,1.33787],[103.8441,1.33787],[103.8441,1.337894],[103.844075,1.337894],[103.844076,1.33785],[103.844049,1.33785],[103.844051,1.337894],[103.844025,1.337894],[103.844025,1.33787],[103.843979,1.337861],[103.843984,1.337755],[103.844359,1.337754],[103.844359,1.337773],[103.84444,1.337772],[103.844438,1.337854],[103.84445,1.337854],[103.84445,1.338395],[103.844406,1.338395],[103.844394,1.338411],[103.844343,1.338411],[103.844343,1.338368]]]}},{"type":"Feature","properties":{"block_id":"4023","blk_no":"128A","postal_code":"311128","region_id":"CR","region":"CENTRAL REGION","planning_area_id":"TP","planning_area":"TOA PAYOH","subzone_id":"TPSZ01","subzone":"TOA PAYOH WEST","lon":103.8441,"lat":1.3382,"property_match":"MATCHED","property_match_confidence":"HIGH","street":"LOR 1 TOA PAYOH","residential":"N","year_completed":2002,"building_age_2026":24,"max_floor_lvl":4,"total_dwelling_units":0,"small_flat_share_pct":null,"rental_share_pct":null,"footprint_area_m2":1361.2,"estimated_residents_2026":0.0,"estimated_elderly_65plus_2026":0.0,"estimated_elderly_share_pct":null,"elderly_exposure_score":null,"elderly_exposure_class":null,"estimate_confidence":"HIGH","display_name":"Block 128A"},"geometry":{"type":"Polygon","coordinates":[[[103.844195,1.338011],[103.844195,1.338386],[103.844162,1.338386],[103.844162,1.338455],[103.84399,1.338456],[103.843898,1.338011],[103.844195,1.338011]]]}},{"type":"Feature","properties":{"block_id":"11050643","blk_no":"130","postal_code":"310130","region_id":"CR","region":"CENTRAL REGION","planning_area_id":"TP","planning_area":"TOA PAYOH","subzone_id":"TPSZ01","subzone":"TOA PAYOH WEST","lon":103.8429,"lat":1.3371,"property_match":"MATCHED","property_match_confidence":"HIGH","street":"LOR 1 TOA PAYOH","residential":"N","year_completed":2017,"building_age_2026":9,"max_floor_lvl":7,"total_dwelling_units":0,"small_flat_share_pct":null,"rental_share_pct":null,"footprint_area_m2":3304.1,"estimated_residents_2026":0.0,"estimated_elderly_65plus_2026":0.0,"estimated_elderly_share_pct":null,"elderly_exposure_score":null,"elderly_exposure_class":null,"estimate_confidence":"HIGH","display_name":"Block 130"},"geometry":{"type":"Polygon","coordinates":[[[103.842364,1.336853],[103.843262,1.336857],[103.843288,1.33688],[103.843301,1.336954],[103.843288,1.336981],[103.843308,1.336992],[103.843217,1.337149],[103.843192,1.337165],[103.843091,1.337165],[103.843091,1.33718],[103.84295,1.337182],[103.84281,1.337182],[103.84281,1.337165],[103.842436,1.337165],[103.842436,1.336901],[103.842364,1.336901],[103.842364,1.336853]]]}},{"type":"Feature","properties":{"block_id":"11050640","blk_no":"130A","postal_code":"311130","region_id":"CR","region":"CENTRAL REGION","planning_area_id":"TP","planning_area":"TOA PAYOH","subzone_id":"TPSZ01","subzone":"TOA PAYOH WEST","lon":103.8433,"lat":1.3375,"property_match":"MATCHED","property_match_confidence":"HIGH","street":"LOR 1 TOA PAYOH","residential":"Y","year_completed":2017,"building_age_2026":9,"max_floor_lvl":40,"total_dwelling_units":231,"small_flat_share_pct":33.33,"rental_share_pct":0.0,"footprint_area_m2":725.9,"estimated_residents_2026":581.2,"estimated_elderly_65plus_2026":89.7,"estimated_elderly_share_pct":15.43,"elderly_exposure_score":82.5,"elderly_exposure_class":"VERY HIGH","estimate_confidence":"HIGH","display_name":"Block 130A"},"geometry":{"type":"Polygon","coordinates":[[[103.84327,1.33767],[103.8432,1.33763],[103.843207,1.337618],[103.843157,1.337588],[103.84315,1.3376],[103.8431,1.337571],[103.843132,1.337516],[103.843151,1.337527],[103.843162,1.337516],[103.843197,1.337537],[103.8432,1.337519],[103.843185,1.337511],[103.843217,1.337458],[103.843132,1.337408],[103.843091,1.337479],[103.843065,1.337464],[103.843058,1.337477],[103.842988,1.337436],[103.843022,1.337376],[103.843042,1.337387],[103.843048,1.337377],[103.843065,1.337384],[103.843075,1.337366],[103.84306,1.337355],[103.843067,1.337344],[103.843047,1.337333],[103.843082,1.337273],[103.843151,1.337313],[103.843144,1.337326],[103.843195,1.337355],[103.843201,1.337344],[103.843251,1.337372],[103.843219,1.337428],[103.843201,1.337417],[103.843195,1.337428],[103.843243,1.337456],[103.843276,1.337398],[103.843303,1.337413],[103.843311,1.337401],[103.843379,1.337441],[103.843344,1.337502],[103.843325,1.337491],[103.843312,1.337526],[103.843273,1.337503],[103.843262,1.337523],[103.843323,1.337558],[103.843302,1.337595],[103.843291,1.337589],[103.843285,1.337599],[103.843304,1.33761],[103.84327,1.33767]]]}},{"type":"Feature","properties":{"block_id":"11050641","blk_no":"130B","postal_code":"312130","region_id":"CR","region":"CENTRAL REGION","planning_area_id":"TP","planning_area":"TOA PAYOH","subzone_id":"TPSZ01","subzone":"TOA PAYOH WEST","lon":103.8426,"lat":1.3375,"property_match":"MATCHED","property_match_confidence":"HIGH","street":"LOR 1 TOA PAYOH","residential":"Y","year_completed":2017,"building_age_2026":9,"max_floor_lvl":40,"total_dwelling_units":234,"small_flat_share_pct":33.33,"rental_share_pct":0.0,"footprint_area_m2":731.5,"estimated_residents_2026":588.7,"estimated_elderly_65plus_2026":90.8,"estimated_elderly_share_pct":15.43,"elderly_exposure_score":82.9,"elderly_exposure_class":"VERY HIGH","estimate_confidence":"HIGH","display_name":"Block 130B"},"geometry":{"type":"Polygon","coordinates":[[[103.842758,1.33767],[103.842689,1.33763],[103.842696,1.337618],[103.842645,1.337588],[103.842638,1.3376],[103.842589,1.337572],[103.842621,1.337516],[103.842638,1.337526],[103.842644,1.337516],[103.842596,1.337488],[103.842563,1.337546],[103.842536,1.337531],[103.842529,1.337543],[103.84246,1.337503],[103.842495,1.337441],[103.842515,1.337453],[103.842531,1.337419],[103.842567,1.33744],[103.842578,1.337421],[103.842518,1.337386],[103.842539,1.337349],[103.842549,1.337355],[103.842555,1.337344],[103.842535,1.337333],[103.84257,1.337273],[103.842639,1.337313],[103.842632,1.337326],[103.842683,1.337355],[103.842689,1.337343],[103.842739,1.337372],[103.842708,1.337427],[103.84269,1.337417],[103.842677,1.337427],[103.842643,1.337407],[103.84264,1.337424],[103.842656,1.337433],[103.842624,1.337482],[103.84271,1.337531],[103.842749,1.337464],[103.842775,1.337479],[103.842782,1.337467],[103.842852,1.337507],[103.842817,1.337567],[103.842797,1.337556],[103.842791,1.337567],[103.842776,1.33756],[103.842766,1.337577],[103.842779,1.337589],[103.842773,1.337598],[103.842793,1.33761],[103.842758,1.33767]]]}},{"type":"Feature","properties":{"block_id":"11050642","blk_no":"130C","postal_code":"313130","region_id":"CR","region":"CENTRAL REGION","planning_area_id":"TP","planning_area":"TOA PAYOH","subzone_id":"TPSZ01","subzone":"TOA PAYOH WEST","lon":103.8433,"lat":1.3371,"property_match":"MATCHED","property_match_confidence":"HIGH","street":"LOR 1 TOA PAYOH","residential":"N","year_completed":2017,"building_age_2026":9,"max_floor_lvl":1,"total_dwelling_units":0,"small_flat_share_pct":null,"rental_share_pct":null,"footprint_area_m2":367.7,"estimated_residents_2026":0.0,"estimated_elderly_65plus_2026":0.0,"estimated_elderly_share_pct":null,"elderly_exposure_score":null,"elderly_exposure_class":null,"estimate_confidence":"HIGH","display_name":"Block 130C"},"geometry":{"type":"Polygon","coordinates":[[[103.843264,1.337219],[103.843252,1.337132],[103.843298,1.337052],[103.84328,1.337041],[103.843301,1.337003],[103.843374,1.337052],[103.84341,1.337262],[103.8434,1.337275],[103.843378,1.337268],[103.843344,1.337281],[103.84328,1.337243],[103.843264,1.337219]]]}},{"type":"Feature","properties":{"block_id":"11050639","blk_no":"131","postal_code":"310131","region_id":"CR","region":"CENTRAL REGION","planning_area_id":"TP","planning_area":"TOA PAYOH","subzone_id":"TPSZ01","subzone":"TOA PAYOH WEST","lon":103.8433,"lat":1.338,"property_match":"MATCHED","property_match_confidence":"HIGH","street":"LOR 1 TOA PAYOH","residential":"N","year_completed":2017,"building_age_2026":9,"max_floor_lvl":3,"total_dwelling_units":0,"small_flat_share_pct":null,"rental_share_pct":null,"footprint_area_m2":1404.8,"estimated_residents_2026":0.0,"estimated_elderly_65plus_2026":0.0,"estimated_elderly_share_pct":null,"elderly_exposure_score":null,"elderly_exposure_class":null,"estimate_confidence":"HIGH","display_name":"Block 131"},"geometry":{"type":"Polygon","coordinates":[[[103.843158,1.338183],[103.843157,1.338046],[103.843144,1.338025],[103.843155,1.33777],[103.843214,1.337751],[103.843401,1.337722],[103.843409,1.337801],[103.843426,1.337805],[103.843426,1.337869],[103.843409,1.337872],[103.843409,1.338101],[103.843382,1.338167],[103.843365,1.33818],[103.843168,1.338189],[103.843158,1.338183]]]}},{"type":"Feature","properties":{"block_id":"11050636","blk_no":"131A","postal_code":"311131","region_id":"CR","region":"CENTRAL REGION","planning_area_id":"TP","planning_area":"TOA PAYOH","subzone_id":"TPSZ01","subzone":"TOA PAYOH WEST","lon":103.8434,"lat":1.3384,"property_match":"MATCHED","property_match_confidence":"HIGH","street":"LOR 1 TOA PAYOH","residential":"Y","year_completed":2017,"building_age_2026":9,"max_floor_lvl":40,"total_dwelling_units":269,"small_flat_share_pct":71.75,"rental_share_pct":0.0,"footprint_area_m2":670.3,"estimated_residents_2026":513.4,"estimated_elderly_65plus_2026":170.4,"estimated_elderly_share_pct":33.18,"elderly_exposure_score":98.4,"elderly_exposure_class":"VERY HIGH","estimate_confidence":"HIGH","display_name":"Block 131A"},"geometry":{"type":"Polygon","coordinates":[[[103.84337,1.338409],[103.843312,1.338375],[103.84333,1.338392],[103.843296,1.338452],[103.843243,1.338418],[103.843236,1.338429],[103.843252,1.338438],[103.843242,1.338457],[103.843227,1.338452],[103.843205,1.338492],[103.84318,1.338477],[103.843186,1.338465],[103.843131,1.338433],[103.843124,1.338445],[103.843074,1.338416],[103.843106,1.338361],[103.843123,1.338371],[103.843136,1.338361],[103.843202,1.338393],[103.843224,1.338355],[103.843167,1.338321],[103.843179,1.338299],[103.843199,1.338311],[103.843205,1.338301],[103.843185,1.338289],[103.84322,1.338228],[103.84329,1.338269],[103.843283,1.338281],[103.843331,1.33831],[103.843339,1.338297],[103.843363,1.338311],[103.843342,1.338347],[103.843355,1.338355],[103.843376,1.338319],[103.8434,1.338333],[103.843393,1.338346],[103.843424,1.338372],[103.843436,1.338352],[103.843496,1.338386],[103.843456,1.338456],[103.843443,1.338449],[103.843414,1.3385],[103.843426,1.338507],[103.843397,1.338557],[103.843342,1.338525],[103.843352,1.338507],[103.843317,1.338492],[103.84337,1.338409]]]}},{"type":"Feature","properties":{"block_id":"11050637","blk_no":"131B","postal_code":"312131","region_id":"CR","region":"CENTRAL REGION","planning_area_id":"TP","planning_area":"TOA PAYOH","subzone_id":"TPSZ01","subzone":"TOA PAYOH WEST","lon":103.8428,"lat":1.3384,"property_match":"MATCHED","property_match_confidence":"HIGH","street":"LOR 1 TOA PAYOH","residential":"Y","year_completed":2017,"building_age_2026":9,"max_floor_lvl":40,"total_dwelling_units":272,"small_flat_share_pct":71.32,"rental_share_pct":0.0,"footprint_area_m2":689.1,"estimated_residents_2026":520.2,"estimated_elderly_65plus_2026":171.8,"estimated_elderly_share_pct":33.02,"elderly_exposure_score":98.5,"elderly_exposure_class":"VERY HIGH","estimate_confidence":"HIGH","display_name":"Block 131B"},"geometry":{"type":"Polygon","coordinates":[[[103.842846,1.338464],[103.842864,1.338474],[103.842832,1.33853],[103.842782,1.338501],[103.842789,1.338489],[103.842739,1.33846],[103.842731,1.338472],[103.842662,1.338432],[103.842696,1.338372],[103.842716,1.338383],[103.842722,1.338372],[103.842694,1.338356],[103.842715,1.338319],[103.842775,1.338354],[103.842786,1.338335],[103.84273,1.338303],[103.842742,1.33828],[103.842758,1.33829],[103.842765,1.338278],[103.842747,1.338268],[103.842779,1.338213],[103.842829,1.338242],[103.842822,1.338254],[103.842871,1.338282],[103.842878,1.33827],[103.842902,1.338284],[103.84288,1.338319],[103.842904,1.338333],[103.842925,1.338288],[103.842961,1.338318],[103.843024,1.338345],[103.842998,1.338387],[103.843011,1.338395],[103.843002,1.338417],[103.842971,1.338399],[103.842964,1.338411],[103.843017,1.338441],[103.843,1.338475],[103.843019,1.338486],[103.842985,1.338546],[103.842916,1.338505],[103.842923,1.338494],[103.842896,1.338478],[103.842941,1.3384],[103.842849,1.338347],[103.842835,1.338362],[103.84285,1.33837],[103.842814,1.338428],[103.842849,1.338449],[103.842846,1.338464]]]}},{"type":"Feature","properties":{"block_id":"11050638","blk_no":"131C","postal_code":"313131","region_id":"CR","region":"CENTRAL REGION","planning_area_id":"TP","planning_area":"TOA PAYOH","subzone_id":"TPSZ01","subzone":"TOA PAYOH WEST","lon":103.8427,"lat":1.338,"property_match":"MATCHED","property_match_confidence":"HIGH","street":"LOR 1 TOA PAYOH","residential":"N","year_completed":2017,"building_age_2026":9,"max_floor_lvl":1,"total_dwelling_units":0,"small_flat_share_pct":null,"rental_share_pct":null,"footprint_area_m2":344.9,"estimated_residents_2026":0.0,"estimated_elderly_65plus_2026":0.0,"estimated_elderly_share_pct":null,"elderly_exposure_score":null,"elderly_exposure_class":null,"estimate_confidence":"HIGH","display_name":"Block 131C"},"geometry":{"type":"Polygon","coordinates":[[[103.842636,1.338067],[103.842625,1.338045],[103.842631,1.337911],[103.842653,1.337894],[103.842751,1.337877],[103.842772,1.337884],[103.842781,1.337904],[103.842774,1.338061],[103.842751,1.338073],[103.842636,1.338067]]]}},{"type":"Feature","properties":{"block_id":"2410","blk_no":"205","postal_code":"310205","region_id":"CR","region":"CENTRAL REGION","planning_area_id":"TP","planning_area":"TOA PAYOH","subzone_id":"TPSZ01","subzone":"TOA PAYOH WEST","lon":103.8482,"lat":1.342,"property_match":"MATCHED","property_match_confidence":"HIGH","street":"TOA PAYOH NTH","residential":"Y","year_completed":1973,"building_age_2026":53,"max_floor_lvl":12,"total_dwelling_units":284,"small_flat_share_pct":99.3,"rental_share_pct":0.35,"footprint_area_m2":2589.0,"estimated_residents_2026":576.6,"estimated_elderly_65plus_2026":180.9,"estimated_elderly_share_pct":31.37,"elderly_exposure_score":98.9,"elderly_exposure_class":"VERY HIGH","estimate_confidence":"HIGH","display_name":"Block 205"},"geometry":{"type":"Polygon","coordinates":[[[103.847731,1.342394],[103.847672,1.342394],[103.847668,1.342277],[103.847389,1.342277],[103.847389,1.342329],[103.847375,1.342329],[103.847375,1.342343],[103.847363,1.342343],[103.847363,1.34236],[103.847322,1.34236],[103.84731,1.342329],[103.847296,1.342329],[103.847296,1.342277],[103.84711,1.34228],[103.847109,1.342262],[103.847077,1.342262],[103.847077,1.342206],[103.847107,1.342206],[103.847107,1.342186],[103.847121,1.342186],[103.847121,1.342165],[103.84713,1.342165],[103.84713,1.342138],[103.847149,1.342138],[103.847149,1.342165],[103.84718,1.342165],[103.84718,1.342138],[103.8472,1.342138],[103.847208,1.342186],[103.847231,1.342186],[103.84724,1.342138],[103.847259,1.342138],[103.847259,1.342165],[103.84729,1.342165],[103.84729,1.342138],[103.847309,1.342138],[103.847318,1.342186],[103.847331,1.342188],[103.847368,1.342186],[103.847377,1.342138],[103.847396,1.342138],[103.847396,1.342165],[103.847426,1.342165],[103.847426,1.342138],[103.847446,1.342138],[103.847455,1.342186],[103.847477,1.342186],[103.847486,1.342138],[103.847506,1.342138],[103.847506,1.342165],[103.847536,1.342165],[103.847536,1.342138],[103.847555,1.342138],[103.847564,1.342186],[103.847589,1.342186],[103.847598,1.342138],[103.847617,1.342138],[103.847617,1.342165],[103.847647,1.342165],[103.847647,1.342138],[103.847667,1.342138],[103.847676,1.342186],[103.847689,1.342188],[103.847726,1.342186],[103.847735,1.342138],[103.847754,1.342138],[103.847754,1.342165],[103.847785,1.342165],[103.847785,1.342138],[103.847804,1.342138],[103.847813,1.342187],[103.847836,1.342187],[103.847845,1.342138],[103.847864,1.342138],[103.847864,1.342165],[103.847895,1.342165],[103.847895,1.342138],[103.847914,1.342138],[103.847923,1.342187],[103.847946,1.342187],[103.847954,1.342138],[103.847974,1.342138],[103.847974,1.342166],[103.848004,1.342166],[103.848004,1.342138],[103.848024,1.342138],[103.848033,1.342187],[103.848045,1.342188],[103.848083,1.342187],[103.848092,1.342138],[103.848111,1.342138],[103.848111,1.342166],[103.84814,1.342166],[103.84814,1.342146],[103.84816,1.342146],[103.84817,1.342187],[103.848182,1.342187],[103.848202,1.342155],[103.848161,1.342145],[103.848161,1.342125],[103.84818,1.342125],[103.84818,1.342096],[103.848153,1.342096],[103.848153,1.342076],[103.8482,1.342068],[103.8482,1.342044],[103.848153,1.342036],[103.848153,1.342016],[103.84818,1.342016],[103.84818,1.341985],[103.848153,1.341985],[103.848153,1.341965],[103.8482,1.341957],[103.848202,1.341919],[103.8482,1.341906],[103.84818,1.341906],[103.84818,1.341897],[103.848153,1.341897],[103.848153,1.341877],[103.84818,1.341877],[103.84818,1.341847],[103.848153,1.341847],[103.848153,1.341827],[103.8482,1.341819],[103.8482,1.341796],[103.848153,1.341787],[103.848153,1.341767],[103.84818,1.341767],[103.84818,1.341737],[103.848153,1.341737],[103.848153,1.341717],[103.84818,1.341717],[103.84818,1.341708],[103.8482,1.341708],[103.8482,1.341694],[103.84822,1.341694],[103.84822,1.341662],[103.848275,1.341662],[103.848275,1.341696],[103.848293,1.341698],[103.848289,1.341885],[103.848343,1.341885],[103.848343,1.3419],[103.848357,1.3419],[103.848357,1.341911],[103.848375,1.341911],[103.848375,1.341953],[103.848357,1.341953],[103.848357,1.341965],[103.848343,1.341965],[103.848343,1.341979],[103.848289,1.341979],[103.848289,1.342183],[103.848207,1.342183],[103.848198,1.342193],[103.848198,1.342277],[103.848107,1.342277],[103.848106,1.34233],[103.848092,1.34233],[103.84808,1.342361],[103.848036,1.342361],[103.848025,1.34233],[103.84801,1.34233],[103.84801,1.342277],[103.847735,1.342277],[103.847731,1.342394]]]}},{"type":"Feature","properties":{"block_id":"8860","blk_no":"206","postal_code":"310206","region_id":"CR","region":"CENTRAL REGION","planning_area_id":"TP","planning_area":"TOA PAYOH","subzone_id":"TPSZ01","subzone":"TOA PAYOH WEST","lon":103.8465,"lat":1.3423,"property_match":"MATCHED","property_match_confidence":"HIGH","street":"TOA PAYOH NTH","residential":"Y","year_completed":1973,"building_age_2026":53,"max_floor_lvl":12,"total_dwelling_units":163,"small_flat_share_pct":99.39,"rental_share_pct":0.0,"footprint_area_m2":1691.7,"estimated_residents_2026":330.7,"estimated_elderly_65plus_2026":103.8,"estimated_elderly_share_pct":31.39,"elderly_exposure_score":89.1,"elderly_exposure_class":"VERY HIGH","estimate_confidence":"HIGH","display_name":"Block 206"},"geometry":{"type":"Polygon","coordinates":[[[103.846179,1.342246],[103.846188,1.342246],[103.846188,1.342217],[103.846207,1.342217],[103.846207,1.342246],[103.846238,1.342246],[103.846238,1.342217],[103.846257,1.342217],[103.846257,1.342246],[103.846266,1.342246],[103.846266,1.342265],[103.846278,1.342267],[103.846317,1.342265],[103.846325,1.342217],[103.846345,1.342217],[103.846345,1.342246],[103.846376,1.342246],[103.846376,1.342217],[103.846396,1.342217],[103.846404,1.342265],[103.846427,1.342265],[103.846436,1.342217],[103.846456,1.342217],[103.846456,1.342246],[103.846486,1.342246],[103.846486,1.342217],[103.846506,1.342217],[103.846515,1.342265],[103.846539,1.342265],[103.846548,1.342217],[103.846568,1.342217],[103.846568,1.342246],[103.846599,1.342246],[103.846599,1.342217],[103.846619,1.342217],[103.846627,1.342265],[103.84665,1.342265],[103.846659,1.342217],[103.846679,1.342217],[103.846679,1.342246],[103.846709,1.342246],[103.846709,1.342217],[103.846729,1.342217],[103.846729,1.342246],[103.846738,1.342246],[103.846738,1.342265],[103.846749,1.342267],[103.846775,1.342267],[103.846776,1.342246],[103.847001,1.342246],[103.84701,1.34238],[103.846325,1.34238],[103.846325,1.342388],[103.846339,1.342388],[103.846339,1.34243],[103.846314,1.34243],[103.846314,1.342448],[103.846268,1.342448],[103.846268,1.34243],[103.846242,1.34243],[103.846243,1.342388],[103.846259,1.342388],[103.846259,1.34238],[103.846044,1.34238],[103.846044,1.342356],[103.846023,1.342356],[103.846023,1.342301],[103.846053,1.342301],[103.846053,1.342265],[103.846068,1.342265],[103.846077,1.342217],[103.846097,1.342217],[103.846097,1.342246],[103.846127,1.342246],[103.846127,1.342217],[103.846147,1.342217],[103.846156,1.342265],[103.846179,1.342265],[103.846179,1.342246]]]}},{"type":"Feature","properties":{"block_id":"4367","blk_no":"207","postal_code":"310207","region_id":"CR","region":"CENTRAL REGION","planning_area_id":"TP","planning_area":"TOA PAYOH","subzone_id":"TPSZ01","subzone":"TOA PAYOH WEST","lon":103.8452,"lat":1.3424,"property_match":"MATCHED","property_match_confidence":"HIGH","street":"TOA PAYOH NTH","residential":"Y","year_completed":1973,"building_age_2026":53,"max_floor_lvl":12,"total_dwelling_units":172,"small_flat_share_pct":97.67,"rental_share_pct":0.0,"footprint_area_m2":1490.7,"estimated_residents_2026":353.1,"estimated_elderly_65plus_2026":109.5,"estimated_elderly_share_pct":31.01,"elderly_exposure_score":91.0,"elderly_exposure_class":"VERY HIGH","estimate_confidence":"HIGH","display_name":"Block 207"},"geometry":{"type":"Polygon","coordinates":[[[103.845569,1.342342],[103.845569,1.342361],[103.845592,1.342361],[103.845601,1.342313],[103.845621,1.342313],[103.845621,1.342342],[103.845651,1.342342],[103.845651,1.342313],[103.845671,1.342313],[103.845679,1.342361],[103.845693,1.342361],[103.845693,1.342342],[103.845725,1.342342],[103.845725,1.342397],[103.845693,1.342397],[103.845691,1.342455],[103.845486,1.342451],[103.845486,1.342536],[103.845427,1.342536],[103.845427,1.342451],[103.845036,1.342451],[103.845036,1.342504],[103.845022,1.342504],[103.84501,1.342536],[103.844966,1.342536],[103.844966,1.342518],[103.844955,1.342518],[103.844955,1.342504],[103.84494,1.342504],[103.84494,1.342451],[103.844753,1.342451],[103.844753,1.342361],[103.844767,1.342361],[103.844776,1.342313],[103.844796,1.342313],[103.844796,1.342342],[103.844826,1.342342],[103.844826,1.342313],[103.844846,1.342313],[103.844854,1.342361],[103.844877,1.342361],[103.844886,1.342313],[103.844906,1.342313],[103.844906,1.342342],[103.844936,1.342342],[103.844936,1.342313],[103.844956,1.342313],[103.844956,1.342342],[103.844964,1.342342],[103.844964,1.342361],[103.844975,1.342363],[103.845014,1.342361],[103.845023,1.342313],[103.845043,1.342313],[103.845043,1.342342],[103.845073,1.342342],[103.845073,1.342313],[103.845093,1.342313],[103.845101,1.342361],[103.845123,1.342361],[103.845133,1.342313],[103.845153,1.342313],[103.845153,1.342342],[103.845183,1.342342],[103.845183,1.342313],[103.845202,1.342313],[103.84521,1.342361],[103.845235,1.342361],[103.845244,1.342313],[103.845264,1.342313],[103.845264,1.342342],[103.845294,1.342342],[103.845294,1.342313],[103.845314,1.342313],[103.845322,1.342361],[103.845345,1.342361],[103.845354,1.342313],[103.845374,1.342313],[103.845374,1.342342],[103.845404,1.342342],[103.845404,1.342313],[103.845424,1.342313],[103.845424,1.342342],[103.845432,1.342342],[103.845432,1.342361],[103.845443,1.342363],[103.845482,1.342361],[103.845492,1.342313],[103.845511,1.342313],[103.845511,1.342342],[103.845541,1.342342],[103.845541,1.342313],[103.845561,1.342313],[103.845561,1.342342],[103.845569,1.342342]]]}},{"type":"Feature","properties":{"block_id":"510","blk_no":"208","postal_code":"310208","region_id":"CR","region":"CENTRAL REGION","planning_area_id":"TP","planning_area":"TOA PAYOH","subzone_id":"TPSZ01","subzone":"TOA PAYOH WEST","lon":103.8452,"lat":1.3419,"property_match":"MATCHED","property_match_confidence":"HIGH","street":"TOA PAYOH NTH","residential":"Y","year_completed":1973,"building_age_2026":53,"max_floor_lvl":16,"total_dwelling_units":90,"small_flat_share_pct":0.0,"rental_share_pct":0.0,"footprint_area_m2":820.9,"estimated_residents_2026":248.8,"estimated_elderly_65plus_2026":23.8,"estimated_elderly_share_pct":9.55,"elderly_exposure_score":13.4,"elderly_exposure_class":"VERY LOW","estimate_confidence":"HIGH","display_name":"Block 208"},"geometry":{"type":"Polygon","coordinates":[[[103.845467,1.341948],[103.844917,1.341947],[103.844916,1.341852],[103.844961,1.341852],[103.844961,1.341809],[103.844975,1.341809],[103.844987,1.341777],[103.84503,1.341777],[103.845042,1.341809],[103.845057,1.341809],[103.845057,1.341845],[103.845328,1.341845],[103.845328,1.341809],[103.845342,1.341809],[103.845353,1.341777],[103.845397,1.341778],[103.845408,1.341809],[103.845424,1.341809],[103.845424,1.341853],[103.845468,1.341853],[103.845468,1.341884],[103.8455,1.341884],[103.8455,1.341939],[103.845467,1.341939],[103.845467,1.341948]]]}},{"type":"Feature","properties":{"block_id":"6152","blk_no":"209","postal_code":"310209","region_id":"CR","region":"CENTRAL REGION","planning_area_id":"TP","planning_area":"TOA PAYOH","subzone_id":"TPSZ01","subzone":"TOA PAYOH WEST","lon":103.8448,"lat":1.3418,"property_match":"MATCHED","property_match_confidence":"HIGH","street":"TOA PAYOH NTH","residential":"Y","year_completed":1973,"building_age_2026":53,"max_floor_lvl":16,"total_dwelling_units":90,"small_flat_share_pct":0.0,"rental_share_pct":0.0,"footprint_area_m2":819.4,"estimated_residents_2026":248.8,"estimated_elderly_65plus_2026":23.8,"estimated_elderly_share_pct":9.55,"elderly_exposure_score":13.4,"elderly_exposure_class":"VERY LOW","estimate_confidence":"HIGH","display_name":"Block 209"},"geometry":{"type":"Polygon","coordinates":[[[103.844751,1.342122],[103.844751,1.341569],[103.844845,1.341569],[103.844845,1.341613],[103.844888,1.341613],[103.844887,1.341628],[103.84492,1.34164],[103.84492,1.341684],[103.844887,1.341695],[103.844887,1.34171],[103.844852,1.341709],[103.844852,1.341981],[103.844888,1.341981],[103.844888,1.341996],[103.84492,1.342007],[103.84492,1.342051],[103.844888,1.342063],[103.844888,1.342078],[103.844845,1.342078],[103.844851,1.342155],[103.844796,1.342155],[103.844796,1.342123],[103.844751,1.342122]]]}},{"type":"Feature","properties":{"block_id":"7969203","blk_no":"401","postal_code":"310401","region_id":"CR","region":"CENTRAL REGION","planning_area_id":"TP","planning_area":"TOA PAYOH","subzone_id":"TPSZ01","subzone":"TOA PAYOH WEST","lon":103.8438,"lat":1.3402,"property_match":"MATCHED","property_match_confidence":"HIGH","street":"LOR 1 TOA PAYOH","residential":"N","year_completed":2025,"building_age_2026":1,"max_floor_lvl":7,"total_dwelling_units":0,"small_flat_share_pct":null,"rental_share_pct":null,"footprint_area_m2":2746.2,"estimated_residents_2026":0.0,"estimated_elderly_65plus_2026":0.0,"estimated_elderly_share_pct":null,"elderly_exposure_score":null,"elderly_exposure_class":null,"estimate_confidence":"HIGH","display_name":"Block 401"},"geometry":{"type":"Polygon","coordinates":[[[103.843945,1.339879],[103.844145,1.340135],[103.844088,1.34018],[103.84411,1.340208],[103.843885,1.340386],[103.843863,1.340358],[103.843623,1.340547],[103.843497,1.340385],[103.843514,1.340369],[103.843442,1.340276],[103.843945,1.339879]]]}},{"type":"Feature","properties":{"block_id":"6986335","blk_no":"401A","postal_code":"311401","region_id":"CR","region":"CENTRAL REGION","planning_area_id":"TP","planning_area":"TOA PAYOH","subzone_id":"TPSZ01","subzone":"TOA PAYOH WEST","lon":103.8435,"lat":1.3399,"property_match":"MATCHED","property_match_confidence":"HIGH","street":"LOR 1 TOA PAYOH","residential":"N","year_completed":2025,"building_age_2026":1,"max_floor_lvl":3,"total_dwelling_units":0,"small_flat_share_pct":null,"rental_share_pct":null,"footprint_area_m2":1078.2,"estimated_residents_2026":0.0,"estimated_elderly_65plus_2026":0.0,"estimated_elderly_share_pct":null,"elderly_exposure_score":null,"elderly_exposure_class":null,"estimate_confidence":"HIGH","display_name":"Block 401A"},"geometry":{"type":"Polygon","coordinates":[[[103.843468,1.340118],[103.843321,1.340001],[103.843402,1.339899],[103.843467,1.339843],[103.843523,1.339811],[103.843616,1.339785],[103.843713,1.33979],[103.843942,1.339881],[103.843917,1.339901],[103.843803,1.339853],[103.843468,1.340118]]]}},{"type":"Feature","properties":{"block_id":"7145719","blk_no":"402","postal_code":"310402","region_id":"CR","region":"CENTRAL REGION","planning_area_id":"TP","planning_area":"TOA PAYOH","subzone_id":"TPSZ01","subzone":"TOA PAYOH WEST","lon":103.843,"lat":1.3403,"property_match":"MATCHED","property_match_confidence":"HIGH","street":"LOR 1 TOA PAYOH","residential":"N","year_completed":2025,"building_age_2026":1,"max_floor_lvl":1,"total_dwelling_units":0,"small_flat_share_pct":null,"rental_share_pct":null,"footprint_area_m2":199.6,"estimated_residents_2026":0.0,"estimated_elderly_65plus_2026":0.0,"estimated_elderly_share_pct":null,"elderly_exposure_score":null,"elderly_exposure_class":null,"estimate_confidence":"HIGH","display_name":"Block 402"},"geometry":{"type":"Polygon","coordinates":[[[103.843011,1.340347],[103.842934,1.340294],[103.842932,1.340272],[103.842995,1.340157],[103.843067,1.340201],[103.843075,1.340233],[103.843011,1.340347]]]}},{"type":"Feature","properties":{"block_id":"7092591","blk_no":"402A","postal_code":"311402","region_id":"CR","region":"CENTRAL REGION","planning_area_id":"TP","planning_area":"TOA PAYOH","subzone_id":"TPSZ01","subzone":"TOA PAYOH WEST","lon":103.8431,"lat":1.3405,"property_match":"MATCHED","property_match_confidence":"HIGH","street":"LOR 1 TOA PAYOH","residential":"Y","year_completed":2025,"building_age_2026":1,"max_floor_lvl":40,"total_dwelling_units":234,"small_flat_share_pct":33.33,"rental_share_pct":0.0,"footprint_area_m2":734.0,"estimated_residents_2026":559.4,"estimated_elderly_65plus_2026":100.1,"estimated_elderly_share_pct":17.9,"elderly_exposure_score":87.6,"elderly_exposure_class":"VERY HIGH","estimate_confidence":"HIGH","display_name":"Block 402A"},"geometry":{"type":"Polygon","coordinates":[[[103.843227,1.340589],[103.843156,1.340547],[103.843165,1.340532],[103.843113,1.340501],[103.843104,1.340517],[103.843033,1.340476],[103.843068,1.340426],[103.843094,1.340441],[103.843105,1.340422],[103.843129,1.340436],[103.843138,1.34042],[103.843091,1.340393],[103.843117,1.340354],[103.843091,1.340338],[103.843098,1.340326],[103.843089,1.34032],[103.843111,1.340281],[103.843205,1.340346],[103.843157,1.340433],[103.843274,1.340503],[103.843317,1.340439],[103.843268,1.340419],[103.843279,1.340399],[103.843256,1.340386],[103.843284,1.340337],[103.843334,1.340366],[103.843327,1.340378],[103.843371,1.340403],[103.843378,1.340392],[103.843426,1.340419],[103.843401,1.340462],[103.843383,1.340451],[103.843369,1.340468],[103.84339,1.340481],[103.843378,1.340502],[103.843458,1.340548],[103.843435,1.340587],[103.843391,1.340562],[103.843377,1.340582],[103.843367,1.340599],[103.843393,1.340614],[103.843385,1.340627],[103.843395,1.340633],[103.843372,1.340672],[103.843279,1.340607],[103.843314,1.340546],[103.843237,1.3405],[103.843227,1.340518],[103.843253,1.340533],[103.843227,1.340589]]]}},{"type":"Feature","properties":{"block_id":"7105873","blk_no":"402B","postal_code":"312402","region_id":"CR","region":"CENTRAL REGION","planning_area_id":"TP","planning_area":"TOA PAYOH","subzone_id":"TPSZ01","subzone":"TOA PAYOH WEST","lon":103.8432,"lat":1.3399,"property_match":"MATCHED","property_match_confidence":"HIGH","street":"LOR 1 TOA PAYOH","residential":"Y","year_completed":2025,"building_age_2026":1,"max_floor_lvl":40,"total_dwelling_units":273,"small_flat_share_pct":42.86,"rental_share_pct":0.0,"footprint_area_m2":806.5,"estimated_residents_2026":608.8,"estimated_elderly_65plus_2026":134.3,"estimated_elderly_share_pct":22.05,"elderly_exposure_score":95.7,"elderly_exposure_class":"VERY HIGH","estimate_confidence":"HIGH","display_name":"Block 402B"},"geometry":{"type":"Polygon","coordinates":[[[103.843038,1.339829],[103.842991,1.339904],[103.84301,1.339915],[103.842981,1.33998],[103.842957,1.339966],[103.842963,1.339955],[103.842894,1.339915],[103.842888,1.339925],[103.842864,1.339911],[103.842905,1.339854],[103.842925,1.339865],[103.842941,1.339829],[103.842862,1.339783],[103.842884,1.339744],[103.842927,1.339769],[103.842939,1.339748],[103.842946,1.339752],[103.842956,1.339734],[103.842933,1.33972],[103.842961,1.339672],[103.843011,1.339701],[103.843005,1.339713],[103.843033,1.339729],[103.843002,1.339784],[103.843079,1.33983],[103.843089,1.339811],[103.843063,1.339796],[103.843089,1.339741],[103.84316,1.339782],[103.843151,1.339798],[103.843203,1.339828],[103.843212,1.339813],[103.843283,1.339854],[103.843248,1.339904],[103.843222,1.339888],[103.843211,1.339908],[103.843186,1.339893],[103.843159,1.33994],[103.843183,1.339963],[103.843201,1.33996],[103.843246,1.339986],[103.843217,1.340024],[103.843243,1.340039],[103.843218,1.340094],[103.843147,1.340053],[103.843156,1.340038],[103.843104,1.340007],[103.843095,1.340022],[103.843024,1.339981],[103.843059,1.339932],[103.843085,1.339947],[103.843096,1.339927],[103.843136,1.33995],[103.843164,1.3399],[103.843038,1.339829]]]}},{"type":"Feature","properties":{"block_id":"6999617","blk_no":"403","postal_code":"310403","region_id":"CR","region":"CENTRAL REGION","planning_area_id":"TP","planning_area":"TOA PAYOH","subzone_id":"TPSZ01","subzone":"TOA PAYOH WEST","lon":103.8434,"lat":1.3391,"property_match":"MATCHED","property_match_confidence":"HIGH","street":"LOR 1 TOA PAYOH","residential":"N","year_completed":2025,"building_age_2026":1,"max_floor_lvl":1,"total_dwelling_units":0,"small_flat_share_pct":null,"rental_share_pct":null,"footprint_area_m2":199.6,"estimated_residents_2026":0.0,"estimated_elderly_65plus_2026":0.0,"estimated_elderly_share_pct":null,"elderly_exposure_score":null,"elderly_exposure_class":null,"estimate_confidence":"HIGH","display_name":"Block 403"},"geometry":{"type":"Polygon","coordinates":[[[103.843445,1.339225],[103.843368,1.339173],[103.843365,1.33915],[103.843429,1.339036],[103.8435,1.33908],[103.843508,1.339111],[103.843445,1.339225]]]}},{"type":"Feature","properties":{"block_id":"7159001","blk_no":"403A","postal_code":"311403","region_id":"CR","region":"CENTRAL REGION","planning_area_id":"TP","planning_area":"TOA PAYOH","subzone_id":"TPSZ01","subzone":"TOA PAYOH WEST","lon":103.843,"lat":1.3394,"property_match":"MATCHED","property_match_confidence":"HIGH","street":"LOR 1 TOA PAYOH","residential":"Y","year_completed":2025,"building_age_2026":1,"max_floor_lvl":36,"total_dwelling_units":245,"small_flat_share_pct":0.0,"rental_share_pct":0.0,"footprint_area_m2":925.2,"estimated_residents_2026":677.2,"estimated_elderly_65plus_2026":64.7,"estimated_elderly_share_pct":9.55,"elderly_exposure_score":59.4,"elderly_exposure_class":"MODERATE","estimate_confidence":"HIGH","display_name":"Block 403A"},"geometry":{"type":"Polygon","coordinates":[[[103.84328,1.339288],[103.843351,1.339329],[103.843317,1.339379],[103.84329,1.339364],[103.843279,1.339383],[103.843253,1.339368],[103.843227,1.33942],[103.843348,1.339481],[103.843319,1.339518],[103.843345,1.339533],[103.84332,1.339588],[103.843249,1.339547],[103.843258,1.339532],[103.843205,1.339502],[103.843197,1.339517],[103.843126,1.339476],[103.843161,1.339426],[103.843187,1.339441],[103.843231,1.339374],[103.843118,1.339306],[103.843105,1.339303],[103.843068,1.339367],[103.843049,1.339356],[103.843042,1.339368],[103.843082,1.339391],[103.843071,1.33941],[103.843097,1.339426],[103.843071,1.339481],[103.843,1.339439],[103.843009,1.339424],[103.842957,1.339394],[103.842948,1.339409],[103.842877,1.339368],[103.842912,1.339318],[103.842938,1.339334],[103.84295,1.339314],[103.842989,1.339337],[103.843008,1.339303],[103.842928,1.339257],[103.842951,1.339219],[103.842994,1.339243],[103.843008,1.339224],[103.843018,1.339206],[103.842992,1.339191],[103.842999,1.339178],[103.84299,1.339172],[103.843012,1.339133],[103.843106,1.339198],[103.843071,1.339259],[103.843147,1.339306],[103.843158,1.339287],[103.843132,1.339272],[103.843157,1.339217],[103.843228,1.339258],[103.84322,1.339273],[103.843272,1.339303],[103.84328,1.339288]]]}},{"type":"Feature","properties":{"block_id":"7052745","blk_no":"403B","postal_code":"312403","region_id":"CR","region":"CENTRAL REGION","planning_area_id":"TP","planning_area":"TOA PAYOH","subzone_id":"TPSZ01","subzone":"TOA PAYOH WEST","lon":103.8437,"lat":1.3395,"property_match":"MATCHED","property_match_confidence":"HIGH","street":"LOR 1 TOA PAYOH","residential":"Y","year_completed":2025,"building_age_2026":1,"max_floor_lvl":25,"total_dwelling_units":168,"small_flat_share_pct":42.86,"rental_share_pct":0.0,"footprint_area_m2":764.3,"estimated_residents_2026":374.7,"estimated_elderly_65plus_2026":82.6,"estimated_elderly_share_pct":22.05,"elderly_exposure_score":77.4,"elderly_exposure_class":"HIGH","estimate_confidence":"HIGH","display_name":"Block 403B"},"geometry":{"type":"Polygon","coordinates":[[[103.843633,1.339361],[103.843704,1.339402],[103.843695,1.339418],[103.843748,1.339448],[103.843756,1.339433],[103.843827,1.339474],[103.843792,1.339524],[103.843766,1.339508],[103.843755,1.339528],[103.843716,1.339505],[103.843708,1.339518],[103.843682,1.339503],[103.843662,1.339538],[103.843661,1.339547],[103.8437,1.33957],[103.843704,1.339562],[103.843762,1.339594],[103.843733,1.339632],[103.843759,1.339647],[103.843734,1.339702],[103.843663,1.339661],[103.843671,1.339646],[103.843619,1.339616],[103.843611,1.339631],[103.84354,1.33959],[103.843574,1.33954],[103.8436,1.339555],[103.843612,1.339536],[103.843637,1.33955],[103.843668,1.339497],[103.84356,1.339432],[103.843531,1.339496],[103.843507,1.339482],[103.843513,1.339472],[103.843444,1.339431],[103.843438,1.339442],[103.843414,1.339428],[103.843439,1.339384],[103.843475,1.33937],[103.843412,1.339333],[103.843434,1.339294],[103.843461,1.33931],[103.843473,1.339289],[103.843481,1.339293],[103.843491,1.339275],[103.843468,1.339261],[103.843496,1.339213],[103.843546,1.339242],[103.843539,1.339254],[103.843568,1.33927],[103.843528,1.33934],[103.843568,1.339366],[103.843551,1.339408],[103.843623,1.33945],[103.843634,1.339431],[103.843608,1.339416],[103.843633,1.339361]]]}}]}