{"type":"FeatureCollection","features":[{"type":"Feature","properties":{"type":"HDB"},"geometry":{"type":"Polygon","coordinates":[[[103.7368347,1.3755205],[103.7368084,1.3754872],[103.7368697,1.375438],[103.7368729,1.3754304],[103.7368884,1.3754138],[103.7369071,1.3754009],[103.7369219,1.3753961],[103.7369833,1.3753469],[103.7370096,1.3753801],[103.7370044,1.3753842],[103.737015,1.3753977],[103.7370287,1.3753868],[103.7370477,1.3754108],[103.7370161,1.3754361],[103.7370026,1.3754191],[103.7369837,1.3754343],[103.7369988,1.3754535],[103.7369778,1.3754703],[103.7369868,1.3754816],[103.7370008,1.3754705],[103.7370332,1.3755114],[103.7370193,1.3755227],[103.7370282,1.375534],[103.7370493,1.3755171],[103.737051,1.3755193],[103.7371015,1.3754786],[103.7371206,1.3755027],[103.7371079,1.3755129],[103.7371185,1.3755263],[103.7371228,1.3755229],[103.7371491,1.3755561],[103.7370627,1.3756255],[103.7370644,1.3756276],[103.7370433,1.3756445],[103.7370281,1.3756254],[103.7370091,1.3756406],[103.7370227,1.3756576],[103.736932,1.3757303],[103.7369185,1.3757133],[103.7368995,1.3757285],[103.7369164,1.3757498],[103.7368763,1.375782],[103.7368595,1.3757607],[103.7368405,1.3757759],[103.736854,1.3757929],[103.7368076,1.3758302],[103.7368043,1.375826],[103.7367825,1.3758434],[103.7367876,1.3758498],[103.7367553,1.3758757],[103.7367032,1.3758099],[103.73672,1.3757963],[103.736705,1.3757773],[103.7366859,1.3757926],[103.7366707,1.3757735],[103.7366746,1.3757703],[103.7366606,1.3757527],[103.7366568,1.3757557],[103.7366416,1.3757367],[103.7366607,1.3757214],[103.7366456,1.3757024],[103.7366286,1.3757159],[103.7365933,1.3756714],[103.7366573,1.37562],[103.7366909,1.3756624],[103.7366979,1.3756568],[103.7367635,1.3757396],[103.736976,1.375569],[103.7369704,1.3755619],[103.736937,1.3755887],[103.7369041,1.3755472],[103.7369188,1.3755353],[103.7369211,1.3755159],[103.7369082,1.3755262],[103.736893,1.375507],[103.7368741,1.3755223],[103.7368876,1.3755394],[103.7368559,1.3755647],[103.7368369,1.3755407],[103.7368505,1.3755297],[103.7368399,1.3755163],[103.7368347,1.3755205]]]}},{"type":"Feature","properties":{"type":"HDB"},"geometry":{"type":"Polygon","coordinates":[[[103.7362971,1.3762035],[103.7364651,1.3759884],[103.7363825,1.3759229],[103.736388,1.3759159],[103.7363456,1.3758823],[103.7363962,1.3758176],[103.7364407,1.3758529],[103.7364273,1.37587],[103.7364464,1.3758851],[103.7364614,1.3758658],[103.7364805,1.3758809],[103.7364774,1.3758848],[103.7364951,1.3758988],[103.7364982,1.3758949],[103.7365172,1.37591],[103.7365022,1.3759292],[103.7365212,1.3759443],[103.7365346,1.3759273],[103.7366003,1.3759792],[103.7365747,1.3760119],[103.7365684,1.3760069],[103.7365512,1.3760289],[103.7365554,1.3760323],[103.7365188,1.3760792],[103.7365017,1.3760657],[103.7364867,1.3760849],[103.7365079,1.3761017],[103.7364763,1.3761422],[103.736455,1.3761254],[103.73644,1.3761447],[103.7364571,1.3761581],[103.7363854,1.3762498],[103.7363684,1.3762363],[103.7363534,1.3762555],[103.7363725,1.3762706],[103.7363558,1.376292],[103.7363537,1.3762903],[103.7362854,1.3763778],[103.7362522,1.3763514],[103.7362556,1.3763472],[103.7362421,1.3763366],[103.7362321,1.3763494],[103.7362081,1.3763303],[103.7362331,1.3762984],[103.7362501,1.3763118],[103.7362652,1.3762927],[103.736246,1.3762775],[103.7362626,1.3762562],[103.7362513,1.3762473],[103.7362402,1.3762614],[103.7361993,1.376229],[103.7362103,1.3762149],[103.736199,1.3762059],[103.7361824,1.3762272],[103.7361633,1.3762121],[103.7361483,1.3762312],[103.7361653,1.3762447],[103.7361403,1.3762766],[103.7361163,1.3762577],[103.7361271,1.3762438],[103.7361136,1.3762332],[103.7361096,1.3762385],[103.7360764,1.3762122],[103.7361249,1.3761502],[103.7361296,1.3761352],[103.7361423,1.3761164],[103.7361586,1.3761006],[103.7361662,1.3760973],[103.7362147,1.3760352],[103.7362479,1.3760615],[103.7362438,1.3760668],[103.7362572,1.3760774],[103.736268,1.3760636],[103.736292,1.3760826],[103.736267,1.3761146],[103.73625,1.3761011],[103.736235,1.3761204],[103.7362541,1.3761355],[103.7362439,1.3761484],[103.7362632,1.3761461],[103.7362749,1.3761312],[103.7363164,1.3761641],[103.73629,1.3761978],[103.7362971,1.3762035]]]}},{"type":"Feature","properties":{"type":"HDB"},"geometry":{"type":"Polygon","coordinates":[[[103.737059,1.3768819],[103.7370397,1.3769081],[103.7370058,1.3768827],[103.7370095,1.3768777],[103.7369857,1.3768599],[103.736982,1.3768649],[103.7365291,1.3765262],[103.7365329,1.3765211],[103.7365092,1.3765034],[103.7365054,1.3765084],[103.7364714,1.376483],[103.7364907,1.3764569],[103.7365073,1.3764693],[103.7365218,1.3764497],[103.7365023,1.3764351],[103.7365162,1.3764163],[103.7365372,1.3764319],[103.7365519,1.376412],[103.736531,1.3763963],[103.7365449,1.3763774],[103.7365644,1.376392],[103.7365778,1.3763738],[103.7365623,1.37636],[103.736596,1.3763142],[103.7366559,1.376359],[103.7365875,1.3764515],[103.7366071,1.3764661],[103.7366119,1.3764596],[103.7366299,1.3764731],[103.7366363,1.3764643],[103.7366681,1.3764881],[103.7366553,1.3765054],[103.7366985,1.3765378],[103.7366867,1.3765538],[103.7366878,1.3765568],[103.7367051,1.3765698],[103.7367195,1.3765502],[103.7367606,1.376581],[103.7367462,1.3766005],[103.7367667,1.3766136],[103.7367785,1.3765977],[103.7368672,1.376664],[103.7368555,1.37668],[103.7368738,1.376696],[103.7368867,1.3766786],[103.7369278,1.3767094],[103.7369149,1.3767268],[103.7369355,1.3767399],[103.7369472,1.376724],[103.7370361,1.3767871],[103.7371045,1.3766945],[103.7371643,1.3767393],[103.7371306,1.376785],[103.7371129,1.376774],[103.7370995,1.3767922],[103.737119,1.3768067],[103.737105,1.3768257],[103.7370842,1.37681],[103.7370694,1.37683],[103.7370903,1.3768456],[103.7370764,1.3768644],[103.7370569,1.3768499],[103.7370425,1.3768695],[103.737059,1.3768819]]]}},{"type":"Feature","properties":{"type":"HDB"},"geometry":{"type":"Polygon","coordinates":[[[103.7361199,1.3771362],[103.7361169,1.3771274],[103.7361183,1.3771213],[103.7361366,1.3770978],[103.7361249,1.3770885],[103.7361275,1.3770853],[103.7359281,1.3769242],[103.7359335,1.376974],[103.735913,1.3769762],[103.7359078,1.3769854],[103.7358962,1.3769929],[103.7358792,1.3769925],[103.735866,1.3769814],[103.7358423,1.376984],[103.7358406,1.3769682],[103.7358175,1.3769708],[103.73579,1.3770052],[103.7357474,1.3769708],[103.7357558,1.3769603],[103.7357411,1.3769484],[103.7357546,1.3769314],[103.7357364,1.3769168],[103.7357274,1.376928],[103.7356966,1.3769031],[103.7357551,1.3768298],[103.7357495,1.3768252],[103.735799,1.3767632],[103.7358291,1.3767875],[103.7358306,1.3768009],[103.7358181,1.3768175],[103.7358196,1.3768319],[103.7358354,1.3768302],[103.7358399,1.3768718],[103.7358542,1.3768702],[103.7358516,1.3768465],[103.7358999,1.3768412],[103.7358979,1.3768233],[103.7359137,1.3768216],[103.7359121,1.376807],[103.7358964,1.3767937],[103.7358949,1.3767797],[103.7359185,1.3767501],[103.7359802,1.3767999],[103.7359757,1.3768055],[103.7360601,1.3768737],[103.7360372,1.3769024],[103.7360246,1.3768921],[103.73601,1.3769105],[103.7360551,1.3769486],[103.7360703,1.3769296],[103.7360577,1.3769194],[103.7360808,1.3768905],[103.7362055,1.3769912],[103.7361824,1.3770202],[103.7361698,1.3770099],[103.7361552,1.3770283],[103.7362014,1.3770657],[103.736216,1.3770473],[103.7362035,1.3770371],[103.7362265,1.3770082],[103.73634,1.3770999],[103.7363153,1.3771309],[103.7363062,1.3771236],[103.736291,1.3771427],[103.7363088,1.3771571],[103.736297,1.3771719],[103.7363075,1.3771804],[103.7362732,1.3772234],[103.7362021,1.3771659],[103.7362119,1.3771536],[103.7361664,1.3771168],[103.7361639,1.3771199],[103.7361583,1.3771154],[103.7361368,1.3771401],[103.7361276,1.3771411],[103.7361199,1.3771362]]]}},{"type":"Feature","properties":{"type":"HDB"},"geometry":{"type":"Polygon","coordinates":[[[103.7352325,1.3773738],[103.7352509,1.3773571],[103.7352344,1.3773392],[103.7352271,1.377346],[103.7352021,1.3773187],[103.7353044,1.3772236],[103.7353293,1.3772508],[103.7353175,1.3772618],[103.7353333,1.3772791],[103.7353769,1.3772386],[103.735361,1.3772214],[103.7353492,1.3772324],[103.7353241,1.3772052],[103.7353835,1.3771499],[103.7353884,1.3771552],[103.7354253,1.3771208],[103.7354205,1.3771155],[103.7354798,1.3770602],[103.7355049,1.3770875],[103.735493,1.3770985],[103.7355089,1.3771158],[103.7355524,1.3770753],[103.7355365,1.377058],[103.7355247,1.377069],[103.7354996,1.3770418],[103.7356065,1.3769424],[103.7356333,1.3769716],[103.7356248,1.3769796],[103.7356412,1.3769975],[103.7356581,1.3769818],[103.7356709,1.3769958],[103.7356808,1.3769866],[103.735718,1.3770271],[103.735651,1.3770894],[103.7356403,1.3770778],[103.7355975,1.3771177],[103.7355996,1.37712],[103.7355943,1.3771249],[103.7356158,1.3771504],[103.7356155,1.3771597],[103.735612,1.3771648],[103.7356036,1.3771685],[103.7355975,1.3771675],[103.7355738,1.3771439],[103.7355686,1.3771489],[103.7355665,1.3771466],[103.7354029,1.3772988],[103.7354056,1.3773018],[103.7354003,1.3773067],[103.7354212,1.3773315],[103.7354209,1.3773408],[103.7354149,1.3773478],[103.7354028,1.3773487],[103.7353798,1.3773257],[103.7353746,1.3773306],[103.7353719,1.3773277],[103.735329,1.3773676],[103.7353346,1.3773737],[103.7352795,1.377425],[103.7352325,1.3773738]]]}},{"type":"Feature","properties":{"type":"HDB"},"geometry":{"type":"Polygon","coordinates":[[[103.7352795,1.377425],[103.7352443,1.3774578],[103.7352441,1.3774641],[103.7352738,1.3774652],[103.7352729,1.377486],[103.7352824,1.3774945],[103.735286,1.3775021],[103.735287,1.3775103],[103.7352836,1.3775223],[103.7352711,1.3775335],[103.7352792,1.3775343],[103.7352784,1.3775533],[103.7352704,1.377553],[103.7352702,1.3775575],[103.7352562,1.3775569],[103.7352554,1.3775803],[103.7352853,1.3776129],[103.7352452,1.3776502],[103.735236,1.3776402],[103.7352222,1.3776531],[103.7352075,1.3776371],[103.7351903,1.3776531],[103.7352001,1.3776637],[103.7351711,1.3776908],[103.7351077,1.3776218],[103.7351024,1.3776267],[103.7350487,1.3775682],[103.735077,1.3775419],[103.7350909,1.3775425],[103.7351046,1.3775573],[103.7351191,1.3775579],[103.7351197,1.3775419],[103.7351386,1.3775427],[103.7351405,1.3774938],[103.7351661,1.3774948],[103.7351666,1.3774804],[103.7351221,1.3774787],[103.7351227,1.3774627],[103.7351082,1.3774622],[103.7350935,1.3774759],[103.7350792,1.3774753],[103.7350534,1.3774473],[103.7351115,1.3773933],[103.7351163,1.3773986],[103.7351804,1.3773389],[103.7352051,1.3773657],[103.7351979,1.3773724],[103.7352143,1.3773904],[103.7352325,1.3773738],[103.7352795,1.377425]]]}},{"type":"Feature","properties":{"type":"HDB"},"geometry":{"type":"Polygon","coordinates":[[[103.7364685,1.3772478],[103.7364566,1.3772397],[103.7364787,1.3772067],[103.7365562,1.3772593],[103.7365602,1.3772533],[103.7366257,1.3772979],[103.7366041,1.37733],[103.736591,1.3773326],[103.7365735,1.3773215],[103.7365594,1.3773242],[103.7365624,1.3773399],[103.7365216,1.3773479],[103.7365243,1.3773621],[103.7365476,1.3773575],[103.7365568,1.3774055],[103.7365744,1.377402],[103.7365774,1.3774177],[103.7365917,1.3774149],[103.7366035,1.377398],[103.7366173,1.3773954],[103.7366486,1.3774166],[103.7366044,1.3774826],[103.7365985,1.3774786],[103.7365379,1.3775688],[103.7365077,1.3775483],[103.7365167,1.3775348],[103.7364974,1.3775216],[103.7364634,1.3775701],[103.7364835,1.3775838],[103.7364925,1.3775702],[103.7365231,1.377591],[103.7364336,1.3777244],[103.736403,1.3777037],[103.7364121,1.3776902],[103.7363927,1.377677],[103.7363595,1.3777265],[103.7363789,1.3777397],[103.736388,1.3777262],[103.7364185,1.3777469],[103.7363371,1.3778684],[103.7363043,1.3778461],[103.7363109,1.3778364],[103.7362907,1.3778227],[103.7362779,1.3778418],[103.7362623,1.3778312],[103.7362548,1.3778425],[103.7362093,1.3778116],[103.7362603,1.3777355],[103.7362734,1.3777444],[103.7363061,1.3776956],[103.7363027,1.3776934],[103.7363067,1.3776874],[103.7362805,1.3776679],[103.7362787,1.3776588],[103.736281,1.377653],[103.7362884,1.3776475],[103.7362976,1.3776477],[103.7363223,1.3776641],[103.7363307,1.3776517],[103.736334,1.377654],[103.736477,1.3774407],[103.7364281,1.3774502],[103.7364242,1.3774299],[103.7364098,1.3774204],[103.7364044,1.3774042],[103.7364081,1.3773909],[103.7364152,1.3773831],[103.7364107,1.3773596],[103.7364262,1.3773566],[103.7364217,1.3773336],[103.7363853,1.3773088],[103.7364158,1.3772633],[103.736427,1.3772709],[103.7364376,1.3772551],[103.7364555,1.3772673],[103.7364685,1.3772478]]]}},{"type":"Feature","properties":{"type":"HDB"},"geometry":{"type":"Polygon","coordinates":[[[103.7442382,1.3725605],[103.7442628,1.3725545],[103.7442514,1.3725074],[103.7442458,1.3725088],[103.7442467,1.3725124],[103.7442259,1.3725175],[103.7442205,1.372495],[103.7442107,1.3724974],[103.744199,1.3724484],[103.7442771,1.3724294],[103.744279,1.3724372],[103.7443423,1.3724219],[103.7443405,1.3724143],[103.7444168,1.3723958],[103.7444286,1.372445],[103.7444189,1.3724474],[103.7444242,1.3724692],[103.7444045,1.372474],[103.7444036,1.3724703],[103.7443979,1.3724717],[103.7444025,1.3724909],[103.7444247,1.3724855],[103.7444628,1.3724843],[103.7444603,1.3724032],[103.7445108,1.3724017],[103.7445105,1.3723922],[103.7445946,1.3723896],[103.7445962,1.3724426],[103.7445792,1.3724431],[103.7445799,1.3724662],[103.7445572,1.3724669],[103.744557,1.3724624],[103.7445511,1.3724626],[103.7445516,1.3724813],[103.7446261,1.372479],[103.7446803,1.3724659],[103.7446761,1.3724481],[103.7446709,1.3724494],[103.7446719,1.3724535],[103.7446487,1.3724591],[103.7446434,1.3724368],[103.7446272,1.3724407],[103.7446149,1.3723892],[103.7446971,1.3723693],[103.7446991,1.3723777],[103.7447959,1.3723543],[103.7447939,1.372346],[103.7448758,1.3723261],[103.7448883,1.3723785],[103.7448725,1.3723823],[103.7448779,1.3724048],[103.7448553,1.3724103],[103.744854,1.3724051],[103.7448477,1.3724066],[103.744852,1.3724246],[103.7448408,1.3724273],[103.7448457,1.3724477],[103.744858,1.3724447],[103.7448622,1.3724626],[103.7448686,1.3724611],[103.7448677,1.3724575],[103.7448899,1.3724521],[103.7448952,1.3724743],[103.7449133,1.3724699],[103.7449257,1.3725217],[103.7448418,1.372542],[103.7448399,1.3725341],[103.7447884,1.3725466],[103.7447696,1.3724679],[103.7447579,1.3724707],[103.7447562,1.3724635],[103.7446822,1.3724814],[103.7446831,1.3725095],[103.7446895,1.3725093],[103.7446893,1.372505],[103.7447116,1.3725043],[103.7447123,1.3725287],[103.7447289,1.3725282],[103.7447305,1.3725809],[103.7446476,1.3725835],[103.7446473,1.3725743],[103.7445478,1.3725774],[103.744548,1.3725866],[103.7444652,1.3725891],[103.7444636,1.372535],[103.7444811,1.3725344],[103.7444804,1.3725114],[103.744502,1.3725107],[103.7445021,1.3725144],[103.7445095,1.3725142],[103.7445089,1.3724971],[103.7444281,1.3724996],[103.7444066,1.3725048],[103.7444237,1.3725765],[103.7443855,1.3725857],[103.7443804,1.3725641],[103.7443674,1.3725673],[103.7443718,1.372586],[103.7443511,1.3725911],[103.7443535,1.3726012],[103.7443207,1.3726091],[103.7443227,1.3726174],[103.7442449,1.3726363],[103.744233,1.3725864],[103.7442437,1.3725838],[103.7442382,1.3725605]]]}},{"type":"Feature","properties":{"type":"HDB"},"geometry":{"type":"Polygon","coordinates":[[[103.7440593,1.3726042],[103.744095,1.3725956],[103.7440862,1.3725651],[103.744166,1.3725471],[103.7441668,1.3725502],[103.7441798,1.372547],[103.7441787,1.3725426],[103.7442215,1.3725322],[103.7442275,1.3725631],[103.7442382,1.3725605],[103.7442437,1.3725838],[103.744233,1.3725864],[103.7442439,1.372632],[103.7442056,1.3726413],[103.7442066,1.3726453],[103.7442045,1.3726458],[103.7442013,1.3726325],[103.7441852,1.3726364],[103.744187,1.372644],[103.7441688,1.3726484],[103.744167,1.3726408],[103.7441513,1.3726446],[103.7441544,1.3726578],[103.7441522,1.3726584],[103.7441512,1.3726542],[103.744113,1.3726635],[103.7441139,1.3726674],[103.7440363,1.3726862],[103.7440343,1.372678],[103.7440032,1.3726855],[103.7440009,1.372676],[103.7439774,1.3726817],[103.7439732,1.3726638],[103.7439607,1.3726668],[103.7439655,1.3726868],[103.7439281,1.3726958],[103.7439114,1.372626],[103.7438882,1.3726316],[103.743813,1.3726681],[103.7438202,1.3726831],[103.7438259,1.3726803],[103.7438246,1.3726775],[103.743844,1.3726681],[103.7438538,1.3726885],[103.7438695,1.3726809],[103.7438924,1.3727289],[103.7438177,1.372765],[103.7438136,1.3727566],[103.7437248,1.3727996],[103.7437288,1.372808],[103.7436541,1.3728442],[103.7436314,1.3727967],[103.743646,1.3727897],[103.7436357,1.3727682],[103.7436564,1.3727582],[103.7436581,1.3727618],[103.7436635,1.3727592],[103.743651,1.372733],[103.7435786,1.3727504],[103.7435803,1.3727575],[103.7435672,1.3727607],[103.7435858,1.3728392],[103.7435366,1.3728511],[103.7435391,1.3728618],[103.7434573,1.3728814],[103.7434448,1.3728286],[103.7434607,1.3728248],[103.7434555,1.3728026],[103.7434772,1.3727974],[103.7434782,1.3728016],[103.743484,1.3728002],[103.7434793,1.3727804],[103.7434931,1.3727771],[103.7434887,1.3727582],[103.7434754,1.3727614],[103.743471,1.3727431],[103.743464,1.3727448],[103.7434649,1.3727487],[103.7434441,1.3727537],[103.7434385,1.3727302],[103.7434216,1.3727342],[103.7434097,1.3726839],[103.7434901,1.3726646],[103.743492,1.3726728],[103.7435881,1.3726497],[103.7435861,1.3726416],[103.7436683,1.3726218],[103.7436805,1.3726733],[103.7436651,1.372677],[103.7436703,1.372699],[103.7436479,1.3727044],[103.743647,1.3727008],[103.7436413,1.3727021],[103.7436453,1.3727191],[103.7437,1.372706],[103.7437677,1.3726732],[103.7437602,1.3726575],[103.7437563,1.3726593],[103.7437583,1.3726634],[103.7437369,1.3726738],[103.7437269,1.3726528],[103.7437109,1.3726605],[103.7436877,1.372612],[103.7437626,1.3725757],[103.7437667,1.3725842],[103.7438126,1.372562],[103.7438473,1.3726346],[103.7438877,1.3726151],[103.7439074,1.3726103],[103.7439031,1.3725923],[103.7438959,1.3725941],[103.7438968,1.3725981],[103.7438761,1.3726031],[103.7438708,1.3725811],[103.743862,1.3725832],[103.7438501,1.3725335],[103.7439276,1.3725147],[103.7439298,1.3725236],[103.7439934,1.3725082],[103.7439913,1.3724993],[103.7440683,1.3724806],[103.74408,1.3725295],[103.7440705,1.3725318],[103.7440758,1.3725539],[103.7440548,1.372559],[103.7440538,1.372555],[103.7440479,1.3725564],[103.7440593,1.3726042]]]}},{"type":"Feature","properties":{"type":"HDB"},"geometry":{"type":"Polygon","coordinates":[[[103.7459155,1.3730363],[103.7459132,1.373035],[103.7459115,1.373038],[103.7458902,1.3730255],[103.7458881,1.3730292],[103.7458406,1.3730013],[103.7458452,1.3729933],[103.7457753,1.3729523],[103.7457765,1.3729502],[103.7457283,1.3729219],[103.7457299,1.3729191],[103.7457088,1.3729068],[103.7457078,1.3729038],[103.7457301,1.3728652],[103.7457489,1.3728762],[103.7457561,1.3728636],[103.7457854,1.3728808],[103.7457967,1.3728613],[103.7458453,1.3728898],[103.7458537,1.3728754],[103.7458115,1.3728507],[103.7458276,1.3728227],[103.7457937,1.3728028],[103.7457958,1.3727992],[103.7457874,1.3727943],[103.7457857,1.3727971],[103.7457509,1.3727767],[103.745753,1.372773],[103.7457466,1.3727693],[103.7457442,1.3727735],[103.745709,1.3727529],[103.7457108,1.3727497],[103.7457035,1.3727454],[103.7457014,1.372749],[103.7456726,1.3727321],[103.7456737,1.3727277],[103.7456613,1.3727492],[103.7456712,1.372755],[103.7456674,1.3727672],[103.7456709,1.3727692],[103.7456669,1.3727761],[103.7456918,1.3727907],[103.7456805,1.3728103],[103.7457057,1.3728251],[103.7456982,1.372838],[103.7457107,1.3728454],[103.7456905,1.3728803],[103.7456875,1.3728785],[103.7456858,1.3728815],[103.7456659,1.3728698],[103.7456638,1.3728735],[103.7456142,1.3728444],[103.7456188,1.3728365],[103.7455491,1.3727956],[103.7455502,1.3727937],[103.7455026,1.3727658],[103.7455041,1.3727632],[103.7454838,1.3727513],[103.7454858,1.3727479],[103.7454831,1.3727463],[103.7455051,1.3727083],[103.7455232,1.3727189],[103.74553,1.372707],[103.7455598,1.3727244],[103.7455717,1.3727039],[103.7456262,1.3727358],[103.7456291,1.3727309],[103.7456396,1.372737],[103.7456627,1.3726946],[103.7456229,1.3726713],[103.7456258,1.3726662],[103.7456237,1.372665],[103.7456304,1.3726534],[103.7456329,1.3726549],[103.7456356,1.3726502],[103.7456755,1.3726736],[103.745685,1.3726571],[103.7456847,1.3726518],[103.7456764,1.372647],[103.7456791,1.3726424],[103.745625,1.3726107],[103.7456362,1.3725913],[103.7456067,1.372574],[103.7456143,1.3725608],[103.7455959,1.37255],[103.7456177,1.3725124],[103.7456201,1.3725138],[103.7456216,1.3725113],[103.7456423,1.3725234],[103.7456441,1.3725203],[103.7456864,1.3725451],[103.7456878,1.3725427],[103.7457633,1.3725869],[103.7457683,1.3725783],[103.7458173,1.372607],[103.7458155,1.37261],[103.7458365,1.3726223],[103.745835,1.3726249],[103.7458375,1.3726263],[103.7458172,1.3726615],[103.7458037,1.3726536],[103.7457959,1.3726671],[103.7457709,1.3726524],[103.7457591,1.3726728],[103.7457349,1.3726587],[103.7457318,1.3726641],[103.7457277,1.372663],[103.7457254,1.3726681],[103.7457215,1.3726679],[103.7457192,1.3726717],[103.7457105,1.3726666],[103.7456876,1.3727062],[103.7456845,1.3727044],[103.745682,1.3727086],[103.7457137,1.3727272],[103.7457121,1.3727301],[103.7457188,1.372734],[103.7457207,1.3727308],[103.7457562,1.3727516],[103.7457546,1.3727543],[103.745761,1.3727581],[103.7457627,1.3727552],[103.7457979,1.3727759],[103.7457963,1.3727786],[103.7458035,1.3727828],[103.7458054,1.3727794],[103.7458406,1.3728001],[103.7458385,1.3728036],[103.745848,1.3728092],[103.7458499,1.3728059],[103.7458775,1.3728221],[103.745876,1.3728247],[103.7458816,1.372828],[103.7458999,1.3727965],[103.7458506,1.3727676],[103.745862,1.3727479],[103.7458322,1.3727305],[103.7458397,1.3727174],[103.7458218,1.3727068],[103.7458438,1.3726688],[103.7458462,1.3726703],[103.7458475,1.372668],[103.7458686,1.3726804],[103.7458701,1.3726777],[103.7459162,1.3727047],[103.7459179,1.3727017],[103.7459885,1.372743],[103.7459934,1.3727346],[103.7460434,1.3727639],[103.7460418,1.3727666],[103.7460653,1.3727804],[103.746043,1.3728189],[103.74603,1.3728112],[103.7460225,1.3728242],[103.7459968,1.3728092],[103.7459854,1.3728289],[103.7459604,1.3728143],[103.7459558,1.3728222],[103.7459514,1.3728196],[103.7459427,1.3728275],[103.7459222,1.3728155],[103.7459186,1.3728166],[103.7459084,1.3728341],[103.7459482,1.3728574],[103.7459411,1.3728748],[103.7459386,1.3728734],[103.7459355,1.3728787],[103.7459336,1.3728776],[103.7459143,1.3729109],[103.745876,1.3728884],[103.7458737,1.3728992],[103.7458967,1.3729128],[103.7458928,1.3729248],[103.7458955,1.3729264],[103.7458918,1.3729328],[103.7459163,1.3729471],[103.7459049,1.3729667],[103.7459293,1.372981],[103.7459218,1.3729939],[103.7459355,1.3730019],[103.7459155,1.3730363]]]}},{"type":"Feature","properties":{"type":"HDB"},"geometry":{"type":"Polygon","coordinates":[[[103.7429955,1.3730203],[103.7429838,1.3729707],[103.7429935,1.3729684],[103.742988,1.372945],[103.743009,1.3729399],[103.7430102,1.3729447],[103.7430159,1.3729434],[103.7430116,1.3729251],[103.7430502,1.3729158],[103.7430324,1.3728525],[103.743016,1.3728565],[103.7430116,1.3728382],[103.743006,1.3728396],[103.743007,1.372844],[103.7429851,1.3728493],[103.7429796,1.3728263],[103.7429623,1.3728305],[103.7429501,1.3727789],[103.7430329,1.372759],[103.7430351,1.3727683],[103.7430834,1.3727567],[103.7431052,1.3728485],[103.7431993,1.3728259],[103.7431976,1.3728188],[103.743203,1.3728175],[103.7431968,1.3727916],[103.7431905,1.3727931],[103.7431889,1.372786],[103.74315,1.3727954],[103.7431464,1.3727799],[103.74312,1.3727862],[103.7431146,1.3727631],[103.7431043,1.3727655],[103.7430929,1.3727173],[103.7431704,1.3726987],[103.7431722,1.3727063],[103.743238,1.3726905],[103.7432363,1.3726833],[103.7433133,1.3726648],[103.743325,1.3727143],[103.743316,1.3727165],[103.743321,1.3727375],[103.7432948,1.3727438],[103.7432986,1.3727599],[103.7432237,1.3727779],[103.7432279,1.3727958],[103.7432783,1.3727837],[103.7432833,1.3728045],[103.7432987,1.3728008],[103.743303,1.3728187],[103.7433084,1.3728174],[103.7433076,1.3728141],[103.7433309,1.3728085],[103.7433362,1.3728312],[103.7433522,1.3728273],[103.7433648,1.3728801],[103.7432825,1.3728999],[103.7432802,1.3728902],[103.7432305,1.3729022],[103.7432172,1.3728463],[103.7431648,1.3728589],[103.7431717,1.3728878],[103.743158,1.3728911],[103.7431619,1.3729074],[103.7431686,1.3729058],[103.7431676,1.3729018],[103.7431889,1.3728967],[103.7431945,1.3729203],[103.7432039,1.372918],[103.7432156,1.3729672],[103.7431388,1.3729857],[103.7431368,1.3729772],[103.7430721,1.3729928],[103.7430742,1.3730014],[103.7429955,1.3730203]]]}},{"type":"Feature","properties":{"type":"HDB"},"geometry":{"type":"Polygon","coordinates":[[[103.7442523,1.3728279],[103.744229,1.3728517],[103.744177,1.3728929],[103.7441189,1.3729248],[103.7440597,1.3727998],[103.7441249,1.3727809],[103.7441923,1.3727729],[103.7442263,1.372773],[103.7442523,1.3728279]]]}},{"type":"Feature","properties":{"type":"HDB"},"geometry":{"type":"Polygon","coordinates":[[[103.7425116,1.373087],[103.7424992,1.3730347],[103.7425147,1.373031],[103.7425093,1.3730083],[103.7425325,1.3730027],[103.7425337,1.3730078],[103.7425385,1.3730066],[103.7425343,1.3729885],[103.742549,1.372985],[103.7425436,1.3729622],[103.742593,1.3729503],[103.7425891,1.3729338],[103.7425159,1.3729513],[103.7425112,1.3729315],[103.7425058,1.3729328],[103.7425067,1.3729363],[103.7424871,1.372941],[103.7424819,1.372919],[103.7424705,1.3729218],[103.7424585,1.3728713],[103.7425358,1.3728527],[103.7425379,1.3728613],[103.7425992,1.3728466],[103.7425971,1.372838],[103.742675,1.3728193],[103.7426868,1.372869],[103.7426771,1.3728714],[103.7426824,1.3728937],[103.7426626,1.3728985],[103.7426619,1.3728955],[103.742656,1.372897],[103.7426603,1.3729149],[103.7426224,1.372924],[103.7426241,1.3729312],[103.7426184,1.3729326],[103.7426247,1.3729591],[103.7426301,1.3729578],[103.7426321,1.3729661],[103.7427231,1.3729442],[103.7427009,1.3728505],[103.7427512,1.3728385],[103.7427489,1.3728287],[103.7428299,1.3728092],[103.7428421,1.3728607],[103.742826,1.3728646],[103.7428314,1.3728875],[103.7428086,1.372893],[103.7428075,1.3728885],[103.7428016,1.37289],[103.742806,1.3729089],[103.7427914,1.3729124],[103.7427967,1.3729349],[103.7427939,1.3729355],[103.7428035,1.3729761],[103.7428429,1.3729666],[103.7428471,1.3729846],[103.7428541,1.3729829],[103.7428532,1.372979],[103.7428743,1.3729739],[103.7428795,1.372996],[103.7428877,1.372994],[103.7428995,1.3730438],[103.7428234,1.3730621],[103.7428215,1.3730542],[103.7427579,1.3730695],[103.7427598,1.3730774],[103.7426825,1.373096],[103.742671,1.3730477],[103.7426799,1.3730456],[103.7426742,1.3730212],[103.7426948,1.3730163],[103.742696,1.373021],[103.7427011,1.3730197],[103.7426971,1.3730028],[103.7426828,1.3730063],[103.7426761,1.3729781],[103.7426244,1.3729905],[103.7426377,1.3730463],[103.7425885,1.3730582],[103.7425908,1.3730679],[103.7425116,1.373087]]]}},{"type":"Feature","properties":{"type":"HDB"},"geometry":{"type":"Polygon","coordinates":[[[103.7444574,1.3728596],[103.7444552,1.3728558],[103.7444499,1.372859],[103.7444599,1.3728762],[103.7443958,1.3729141],[103.7444051,1.3729301],[103.7444482,1.3729045],[103.7444593,1.3729234],[103.744473,1.3729153],[103.7444828,1.3729321],[103.7444885,1.3729287],[103.7444861,1.3729245],[103.7445054,1.372913],[103.7445171,1.372933],[103.7445314,1.3729246],[103.7445583,1.3729706],[103.7444865,1.373013],[103.7444824,1.3730061],[103.7444387,1.373032],[103.7444094,1.3729819],[103.7443635,1.373009],[103.7443781,1.373034],[103.7443661,1.3730411],[103.7443749,1.3730562],[103.7443798,1.3730533],[103.744378,1.3730503],[103.7443964,1.3730394],[103.7444075,1.3730583],[103.7444158,1.3730534],[103.7444417,1.3730979],[103.7443735,1.3731383],[103.7443689,1.3731305],[103.7443136,1.3731633],[103.7443176,1.37317],[103.7442488,1.3732107],[103.7442236,1.3731674],[103.7442324,1.3731621],[103.7442207,1.3731419],[103.7442393,1.3731309],[103.7442411,1.3731339],[103.744246,1.373131],[103.7442361,1.373114],[103.7442716,1.3730929],[103.7442511,1.3730577],[103.7442475,1.3730599],[103.7442366,1.3730413],[103.7442219,1.37305],[103.7442124,1.3730339],[103.7442085,1.3730362],[103.7442102,1.3730391],[103.7441899,1.3730511],[103.7441782,1.373031],[103.7441639,1.3730395],[103.7441369,1.3729932],[103.7442092,1.3729505],[103.7442145,1.3729597],[103.7442584,1.3729338],[103.7443052,1.3730139],[103.7443862,1.3729659],[103.7443836,1.3729614],[103.7443877,1.372959],[103.744374,1.3729357],[103.7443701,1.372938],[103.7443671,1.3729328],[103.744333,1.3729529],[103.7443219,1.372934],[103.7443174,1.3729367],[103.7443202,1.3729414],[103.744301,1.3729527],[103.7442888,1.372932],[103.7442816,1.3729362],[103.7442562,1.3728928],[103.7443237,1.3728529],[103.7443284,1.372861],[103.7443844,1.3728278],[103.7443797,1.3728198],[103.7444471,1.3727799],[103.7444727,1.3728237],[103.7444638,1.3728289],[103.7444755,1.3728489],[103.7444574,1.3728596]]]}},{"type":"Feature","properties":{"type":"HDB"},"geometry":{"type":"Polygon","coordinates":[[[103.745412,1.3731084],[103.745385,1.3731545],[103.7453599,1.3731395],[103.7453486,1.3731588],[103.745329,1.3731473],[103.7453168,1.3731681],[103.7453602,1.3731939],[103.7453433,1.3732227],[103.7453595,1.3732323],[103.7453575,1.3732358],[103.7453604,1.3732375],[103.7453654,1.3732375],[103.7453654,1.3732342],[103.7454045,1.3732342],[103.7454045,1.3732375],[103.7454135,1.3732375],[103.7454135,1.3732339],[103.7454482,1.3732339],[103.7454482,1.3732374],[103.7454516,1.3732374],[103.7454572,1.3732276],[103.7454319,1.3732129],[103.7454438,1.3731921],[103.7454187,1.3731776],[103.7454259,1.3731651],[103.745413,1.3731577],[103.7454339,1.3731213],[103.7454369,1.3731205],[103.7454582,1.3731329],[103.7454601,1.3731296],[103.7455103,1.3731587],[103.7455053,1.3731674],[103.7455573,1.3731975],[103.7455622,1.3731888],[103.7456115,1.3732174],[103.7456097,1.3732206],[103.745631,1.3732329],[103.7456316,1.3732364],[103.7456109,1.3732726],[103.7455981,1.3732651],[103.7455909,1.3732777],[103.745566,1.3732633],[103.7455545,1.3732836],[103.7455293,1.373269],[103.7455234,1.3732793],[103.7455191,1.3732788],[103.7455191,1.3732846],[103.745523,1.3732847],[103.7455228,1.373316],[103.7455696,1.3733163],[103.7455718,1.3733353],[103.7455696,1.3733352],[103.7455695,1.3733404],[103.7455566,1.3733403],[103.7455565,1.373361],[103.7455859,1.3733612],[103.7455859,1.3733758],[103.7456003,1.3733759],[103.7455981,1.3734201],[103.7455738,1.37342],[103.7455738,1.3734237],[103.7455165,1.3734234],[103.7455166,1.373413],[103.7454571,1.3734127],[103.7454571,1.3734235],[103.7453985,1.3734232],[103.7453985,1.3734199],[103.7453765,1.3734198],[103.7453765,1.3734165],[103.7453722,1.3734164],[103.7453725,1.373375],[103.7453872,1.3733751],[103.7453873,1.3733606],[103.7454164,1.3733608],[103.7454165,1.3733382],[103.7454448,1.3733384],[103.7454448,1.3733287],[103.7454508,1.3733287],[103.7454532,1.3733184],[103.7454948,1.3733187],[103.7454957,1.3733219],[103.7455017,1.3733166],[103.7454987,1.3733147],[103.7454989,1.3732749],[103.7455014,1.3732749],[103.7455014,1.3732711],[103.7454996,1.37327],[103.7454977,1.3732734],[103.7454756,1.3732606],[103.7454776,1.373257],[103.7454745,1.3732552],[103.7454701,1.3732552],[103.7454701,1.3732587],[103.7454131,1.3732587],[103.7454131,1.3732553],[103.7454046,1.3732553],[103.7454046,1.3732584],[103.7453615,1.3732584],[103.7453615,1.3732552],[103.7453531,1.3732527],[103.7453509,1.3732565],[103.7453297,1.373244],[103.7453318,1.3732404],[103.7453226,1.3732349],[103.7453205,1.3732385],[103.7452927,1.373222],[103.7452947,1.3732187],[103.74529,1.3732159],[103.7452732,1.3732446],[103.7452938,1.3732568],[103.7452828,1.3732757],[103.7453074,1.3732902],[103.7452808,1.3733356],[103.7452779,1.3733339],[103.7452763,1.3733366],[103.7452559,1.3733245],[103.7452534,1.3733287],[103.7452263,1.3733127],[103.7452311,1.3733045],[103.7451791,1.3732737],[103.7451741,1.3732824],[103.7451475,1.3732666],[103.7451493,1.3732635],[103.7451282,1.373251],[103.7451298,1.3732483],[103.7451268,1.3732466],[103.7451539,1.3732003],[103.7451784,1.3732148],[103.7451898,1.3731952],[103.7452094,1.3732069],[103.7452163,1.3731951],[103.7452569,1.3732192],[103.7452625,1.3732097],[103.7452227,1.3731861],[103.7452251,1.373182],[103.7452233,1.3731809],[103.7452303,1.3731689],[103.7452347,1.373165],[103.7452375,1.3731666],[103.7452568,1.3731336],[103.7452938,1.3731556],[103.7452996,1.3731458],[103.7452592,1.3731219],[103.745266,1.3731104],[103.7452448,1.3730978],[103.7452558,1.3730791],[103.7452312,1.3730645],[103.7452577,1.3730191],[103.7452605,1.3730207],[103.7452619,1.3730183],[103.7452816,1.37303],[103.7452839,1.3730262],[103.7453111,1.3730423],[103.7453061,1.3730508],[103.7453582,1.3730817],[103.7453632,1.3730731],[103.745391,1.3730896],[103.7453895,1.3730922],[103.7454099,1.3731043],[103.7454087,1.3731065],[103.745412,1.3731084]]]}},{"type":"Feature","properties":{"type":"HDB"},"geometry":{"type":"Polygon","coordinates":[[[103.7436725,1.3734748],[103.7432741,1.3735718],[103.7432788,1.3735914],[103.7432285,1.3736037],[103.7432238,1.3735841],[103.7426189,1.3737314],[103.7425036,1.3732516],[103.7431059,1.373105],[103.7431011,1.3730848],[103.7431511,1.3730726],[103.743156,1.3730928],[103.7438268,1.3729294],[103.7438223,1.3729106],[103.7438719,1.3728985],[103.7438765,1.3729174],[103.7439934,1.3728889],[103.7440677,1.3731982],[103.7438545,1.3732531],[103.7438714,1.373323],[103.7436716,1.3733717],[103.7436655,1.3733465],[103.743643,1.373352],[103.7436725,1.3734748]]]}},{"type":"Feature","properties":{"type":"HDB"},"geometry":{"type":"Polygon","coordinates":[[[103.743926,1.3737021],[103.7439006,1.373658],[103.7439085,1.3736533],[103.7438967,1.3736327],[103.743916,1.3736215],[103.7439179,1.3736249],[103.7439222,1.3736224],[103.7439127,1.3736058],[103.7439481,1.3735851],[103.7439273,1.3735492],[103.7439245,1.3735508],[103.7439132,1.3735311],[103.7438993,1.3735392],[103.7438902,1.3735235],[103.7438853,1.3735264],[103.7438867,1.3735288],[103.7438664,1.3735407],[103.7438553,1.3735213],[103.7438402,1.3735301],[103.7438136,1.3734839],[103.743887,1.3734411],[103.7438917,1.3734493],[103.7439358,1.3734235],[103.7439834,1.3735062],[103.7440651,1.3734585],[103.7440617,1.3734525],[103.7440664,1.3734497],[103.7440526,1.3734258],[103.7440479,1.3734285],[103.744045,1.3734234],[103.7440105,1.3734435],[103.744,1.3734253],[103.7439952,1.3734281],[103.7439972,1.3734316],[103.7439783,1.3734427],[103.7439669,1.3734229],[103.7439583,1.3734279],[103.7439331,1.3733841],[103.744002,1.373344],[103.7440064,1.3733516],[103.744062,1.3733192],[103.7440575,1.3733115],[103.7441275,1.3732706],[103.7441531,1.373315],[103.7441451,1.3733196],[103.7441568,1.3733398],[103.7441394,1.37335],[103.7441376,1.3733469],[103.7441315,1.3733504],[103.7441407,1.3733665],[103.7440744,1.3734051],[103.7440836,1.3734211],[103.7441289,1.3733947],[103.7441398,1.3734136],[103.7441533,1.3734057],[103.7441634,1.3734234],[103.7441689,1.3734202],[103.7441663,1.3734156],[103.7441851,1.3734047],[103.744197,1.3734254],[103.7442122,1.3734166],[103.7442385,1.3734622],[103.7441663,1.3735043],[103.7441614,1.3734958],[103.7441168,1.3735218],[103.7440886,1.3734729],[103.7440421,1.3735],[103.7440561,1.3735242],[103.7440445,1.373531],[103.7440533,1.3735464],[103.7440586,1.3735433],[103.744057,1.3735406],[103.7440754,1.3735298],[103.7440868,1.3735496],[103.7440952,1.3735447],[103.7441205,1.3735886],[103.7440514,1.3736289],[103.7440471,1.3736215],[103.7439907,1.3736544],[103.7439949,1.3736619],[103.743926,1.3737021]]]}},{"type":"Feature","properties":{"type":"HDB"},"geometry":{"type":"Polygon","coordinates":[[[103.7460982,1.373496],[103.7460469,1.3735841],[103.7459082,1.3735537],[103.7460032,1.3733896],[103.7460982,1.373496]]]}},{"type":"Feature","properties":{"type":"HDB"},"geometry":{"type":"Polygon","coordinates":[[[103.7419572,1.3732586],[103.7419347,1.3732113],[103.7419497,1.3732041],[103.7419393,1.3731823],[103.7419606,1.373172],[103.7419628,1.3731768],[103.7419673,1.3731746],[103.7419543,1.3731473],[103.7418819,1.3731648],[103.7418836,1.3731719],[103.7418704,1.3731751],[103.7418889,1.3732534],[103.7418393,1.3732653],[103.7418415,1.3732745],[103.7417592,1.3732943],[103.7417468,1.3732419],[103.7417646,1.3732376],[103.7417593,1.3732152],[103.7417813,1.3732099],[103.7417824,1.3732149],[103.7417881,1.3732135],[103.7417837,1.3731954],[103.7417954,1.3731926],[103.7417908,1.373173],[103.7417777,1.3731761],[103.7417733,1.3731576],[103.741768,1.3731589],[103.7417689,1.3731626],[103.7417471,1.3731678],[103.7417418,1.3731453],[103.7417247,1.3731494],[103.7417124,1.3730976],[103.7417933,1.3730781],[103.7417955,1.3730874],[103.7418934,1.3730638],[103.7418912,1.3730546],[103.7419721,1.3730352],[103.7419844,1.3730869],[103.7419698,1.3730904],[103.7419751,1.3731127],[103.7419513,1.3731184],[103.7419504,1.3731147],[103.7419444,1.3731161],[103.7419484,1.3731327],[103.7420074,1.3731186],[103.7420731,1.3730868],[103.7420649,1.3730696],[103.7420597,1.3730721],[103.7420618,1.3730765],[103.742041,1.3730865],[103.7420309,1.3730654],[103.7420149,1.3730731],[103.7419921,1.3730254],[103.742069,1.3729883],[103.7420732,1.372997],[103.742117,1.3729758],[103.7421515,1.3730482],[103.7421843,1.3730324],[103.7422121,1.3730257],[103.7422085,1.3730103],[103.7421818,1.3730167],[103.7421764,1.372994],[103.7421663,1.3729964],[103.7421543,1.3729459],[103.7422311,1.3729274],[103.7422334,1.3729368],[103.742297,1.3729215],[103.7422947,1.3729121],[103.7423719,1.3728936],[103.7423837,1.3729436],[103.742374,1.3729459],[103.7423794,1.3729688],[103.7423547,1.3729747],[103.7423581,1.3729891],[103.7423178,1.3729988],[103.742321,1.3730124],[103.7423603,1.3730029],[103.7423649,1.3730222],[103.7423715,1.3730206],[103.7423707,1.373017],[103.7423909,1.3730122],[103.7423964,1.3730352],[103.7424064,1.3730328],[103.7424179,1.3730812],[103.7423407,1.3730997],[103.742339,1.3730925],[103.7423065,1.3731004],[103.7423043,1.3730912],[103.7422826,1.3730964],[103.7422781,1.3730775],[103.7422659,1.3730805],[103.7422709,1.3731018],[103.7422319,1.3731112],[103.7422149,1.3730395],[103.7421967,1.3730438],[103.7421187,1.3730815],[103.742126,1.3730969],[103.7421311,1.3730944],[103.7421298,1.3730917],[103.7421519,1.373081],[103.7421617,1.3731016],[103.7421761,1.3730947],[103.7421986,1.373142],[103.742123,1.3731786],[103.7421187,1.3731695],[103.7420279,1.3732133],[103.7420323,1.3732223],[103.7419572,1.3732586]]]}},{"type":"Feature","properties":{"type":"HDB"},"geometry":{"type":"Polygon","coordinates":[[[103.74196,1.3737901],[103.7418821,1.373809],[103.7418703,1.3737597],[103.7418801,1.3737574],[103.7418746,1.3737345],[103.7418952,1.3737295],[103.7418961,1.3737332],[103.7419018,1.3737318],[103.7418972,1.3737129],[103.7419376,1.3737031],[103.7419344,1.3736896],[103.7418944,1.3736993],[103.7418899,1.3736805],[103.7418842,1.3736819],[103.7418851,1.3736858],[103.7418644,1.3736908],[103.7418592,1.3736689],[103.7418481,1.3736716],[103.7418361,1.3736218],[103.741914,1.373603],[103.7419161,1.3736118],[103.7419798,1.3735963],[103.7419778,1.3735879],[103.7420563,1.3735689],[103.7420679,1.3736172],[103.7420588,1.3736194],[103.7420643,1.3736425],[103.7420439,1.3736475],[103.742043,1.3736434],[103.7420365,1.373645],[103.7420409,1.3736635],[103.742151,1.3736383],[103.7421508,1.3736205],[103.7421438,1.3736206],[103.7421438,1.3736253],[103.7421218,1.3736255],[103.7421213,1.3735618],[103.7421825,1.3735613],[103.7421825,1.3735679],[103.7422139,1.3735676],[103.7422143,1.3736198],[103.7422117,1.3736199],[103.7422118,1.3736361],[103.7422307,1.373636],[103.7422889,1.3736219],[103.7422845,1.3736034],[103.7422788,1.3736048],[103.7422795,1.373608],[103.7422592,1.373613],[103.742254,1.3735912],[103.7422443,1.3735935],[103.7422325,1.373544],[103.7423094,1.3735254],[103.7423112,1.3735328],[103.7423749,1.3735173],[103.7423731,1.3735099],[103.7424501,1.3734913],[103.7424616,1.3735393],[103.7424524,1.3735416],[103.742458,1.3735647],[103.7424372,1.3735697],[103.7424363,1.3735659],[103.7424311,1.3735671],[103.7424355,1.3735858],[103.742394,1.3735959],[103.7423973,1.3736099],[103.7424387,1.3735998],[103.7424432,1.3736185],[103.742449,1.3736171],[103.742448,1.3736131],[103.7424685,1.3736081],[103.7424742,1.3736316],[103.7424834,1.3736293],[103.7424949,1.3736776],[103.7424184,1.3736962],[103.7424166,1.3736887],[103.7423829,1.3736969],[103.7423804,1.3736866],[103.7423593,1.3736917],[103.7423553,1.373675],[103.7423436,1.3736778],[103.7423483,1.3736977],[103.7423098,1.3737071],[103.7422928,1.3736361],[103.7422333,1.3736506],[103.7422159,1.3736507],[103.742216,1.3736679],[103.7422242,1.3736679],[103.7422242,1.3736635],[103.7422453,1.3736634],[103.7422458,1.3737274],[103.7421866,1.3737278],[103.7421865,1.373721],[103.7421539,1.3737213],[103.7421533,1.3736539],[103.7421451,1.373654],[103.7420667,1.373673],[103.742071,1.3736911],[103.7420767,1.3736898],[103.7420757,1.3736854],[103.742097,1.3736802],[103.7421024,1.3737029],[103.742112,1.3737006],[103.7421239,1.3737504],[103.7420461,1.3737693],[103.7420441,1.3737611],[103.7420108,1.3737691],[103.7420087,1.3737604],[103.7419887,1.3737652],[103.7419909,1.3737744],[103.7419582,1.3737823],[103.74196,1.3737901]]]}},{"type":"Feature","properties":{"type":"HDB"},"geometry":{"type":"Polygon","coordinates":[[[103.7420667,1.3740732],[103.7420174,1.3738999],[103.7421408,1.3738644],[103.7421901,1.3740377],[103.7420667,1.3740732]]]}},{"type":"Feature","properties":{"type":"HDB"},"geometry":{"type":"Polygon","coordinates":[[[103.7386568,1.3742054],[103.7387311,1.3741809],[103.7387452,1.3741704],[103.738761,1.3741639],[103.7387776,1.3741598],[103.7387951,1.3741598],[103.7388694,1.3741353],[103.7388834,1.3741782],[103.7388771,1.3741804],[103.7388824,1.3741967],[103.7388989,1.3741912],[103.7389084,1.3742205],[103.73887,1.3742331],[103.7388633,1.3742124],[103.7388403,1.37422],[103.7388478,1.3742433],[103.7388331,1.3742482],[103.7388338,1.3742504],[103.738849,1.3742581],[103.738869,1.3742516],[103.7388852,1.3743015],[103.7388455,1.3743145],[103.73885,1.3743282],[103.738873,1.3743207],[103.7388806,1.3743439],[103.7389036,1.3743364],[103.7388969,1.3743156],[103.7389353,1.374303],[103.7389449,1.3743322],[103.7389283,1.3743376],[103.7389336,1.374354],[103.7389399,1.3743519],[103.7389539,1.3743949],[103.7388796,1.3744194],[103.7388655,1.3744298],[103.7388497,1.3744364],[103.7388331,1.3744405],[103.7388156,1.3744405],[103.7387413,1.374465],[103.7387273,1.374422],[103.7387336,1.37442],[103.7387283,1.3744036],[103.7387117,1.374409],[103.7387022,1.3743799],[103.7387406,1.3743671],[103.7387474,1.3743879],[103.7387704,1.3743803],[103.7387629,1.3743569],[103.738786,1.3743494],[103.7387815,1.3743356],[103.7387708,1.3743392],[103.7387545,1.3742893],[103.7387652,1.3742858],[103.7387607,1.3742721],[103.7387377,1.3742796],[103.7387292,1.3742566],[103.738707,1.374264],[103.7387138,1.3742846],[103.7386754,1.3742973],[103.7386658,1.3742681],[103.7386824,1.3742626],[103.7386771,1.3742463],[103.7386708,1.3742484],[103.7386568,1.3742054]]]}},{"type":"Feature","properties":{"type":"HDB"},"geometry":{"type":"Polygon","coordinates":[[[103.7382236,1.3747683],[103.7382007,1.3747327],[103.7382063,1.374729],[103.738197,1.3747146],[103.7381824,1.3747241],[103.7381659,1.3746982],[103.7382203,1.374663],[103.7382188,1.3746607],[103.7382414,1.3746461],[103.7382336,1.3746339],[103.7382186,1.3746437],[103.7381904,1.3745995],[103.7382054,1.3745897],[103.7381976,1.3745776],[103.738175,1.3745922],[103.7381618,1.3745716],[103.7381414,1.3745849],[103.7381531,1.3746032],[103.7381192,1.3746252],[103.7381026,1.3745994],[103.7381172,1.3745898],[103.7381081,1.3745755],[103.7381025,1.374579],[103.7380796,1.3745433],[103.7381453,1.3745007],[103.7381564,1.374487],[103.73817,1.3744767],[103.738185,1.3744685],[103.738202,1.374464],[103.7382677,1.3744213],[103.7382906,1.3744572],[103.738285,1.3744608],[103.7382942,1.3744752],[103.7383089,1.3744657],[103.7383254,1.3744915],[103.7382914,1.3745136],[103.7382797,1.3744953],[103.7382593,1.3745085],[103.7382725,1.3745291],[103.7382582,1.3745383],[103.738278,1.3745427],[103.7382939,1.3745325],[103.7383221,1.3745766],[103.7382858,1.3746],[103.7382906,1.3746077],[103.7384339,1.3745148],[103.7384315,1.3745111],[103.7384376,1.3745071],[103.73844,1.3745109],[103.7384517,1.3745033],[103.7384493,1.3744996],[103.7384555,1.3744956],[103.7384579,1.3744993],[103.7385196,1.3744593],[103.7384928,1.3744173],[103.7384893,1.3744196],[103.7384856,1.3744137],[103.738489,1.3744114],[103.7384627,1.3743703],[103.7384702,1.3743654],[103.7384411,1.3743198],[103.7385098,1.3742753],[103.7385405,1.3743231],[103.7385238,1.3743339],[103.7385369,1.3743545],[103.7385557,1.3743423],[103.7385685,1.374362],[103.7385639,1.374365],[103.7385771,1.3743855],[103.7385816,1.3743826],[103.7385943,1.3744023],[103.7385754,1.3744145],[103.7385885,1.374435],[103.7386052,1.3744243],[103.7386504,1.374495],[103.7386157,1.3745175],[103.7386113,1.3745107],[103.7385878,1.3745258],[103.7385907,1.3745304],[103.7385401,1.3745632],[103.7385294,1.3745465],[103.7385096,1.3745593],[103.738522,1.3745782],[103.7384789,1.3746061],[103.7384667,1.3745872],[103.7384464,1.3746004],[103.738457,1.3746171],[103.7383596,1.3746802],[103.7383489,1.3746635],[103.7383285,1.3746768],[103.7383406,1.3746958],[103.738318,1.3747105],[103.7383165,1.3747082],[103.7382236,1.3747683]]]}},{"type":"Feature","properties":{"type":"HDB"},"geometry":{"type":"Polygon","coordinates":[[[103.7388194,1.3747049],[103.7388937,1.3746804],[103.7389078,1.37467],[103.7389236,1.3746634],[103.7389402,1.3746593],[103.7389578,1.3746593],[103.739032,1.3746348],[103.739046,1.3746778],[103.7390397,1.3746798],[103.739045,1.3746962],[103.7390615,1.3746907],[103.7390711,1.3747199],[103.7390326,1.3747326],[103.7390259,1.3747119],[103.7390029,1.3747195],[103.7390104,1.3747428],[103.7389957,1.3747477],[103.7389964,1.3747499],[103.7390116,1.3747576],[103.7390316,1.3747511],[103.7390478,1.3748009],[103.7390081,1.374814],[103.7390126,1.3748277],[103.7390356,1.3748202],[103.7390432,1.3748434],[103.7390662,1.3748358],[103.7390595,1.3748151],[103.7390979,1.3748024],[103.7391074,1.3748317],[103.7390909,1.3748371],[103.7390962,1.3748535],[103.7391025,1.3748514],[103.7391165,1.3748944],[103.7390422,1.3749188],[103.7390281,1.3749294],[103.7390123,1.3749359],[103.7389957,1.37494],[103.7389781,1.37494],[103.7389039,1.3749645],[103.7388899,1.3749215],[103.7388962,1.3749194],[103.7388909,1.3749031],[103.7388743,1.3749085],[103.7388648,1.3748793],[103.7389033,1.3748667],[103.73891,1.3748874],[103.7389331,1.3748797],[103.7389254,1.3748565],[103.7389485,1.3748488],[103.738944,1.3748351],[103.7389334,1.3748386],[103.7389172,1.3747888],[103.7389278,1.3747853],[103.7389233,1.3747715],[103.7389003,1.3747791],[103.7388918,1.3747561],[103.7388696,1.3747634],[103.7388764,1.3747841],[103.738838,1.3747968],[103.7388284,1.3747676],[103.738845,1.3747621],[103.7388397,1.3747458],[103.7388334,1.3747479],[103.7388194,1.3747049]]]}},{"type":"Feature","properties":{"type":"HDB"},"geometry":{"type":"Polygon","coordinates":[[[103.7376636,1.3749205],[103.7376504,1.3748999],[103.7376338,1.3749107],[103.7376032,1.3748628],[103.7376719,1.3748183],[103.7377011,1.3748638],[103.7377087,1.374859],[103.737735,1.3749001],[103.7377385,1.3748979],[103.7377422,1.3749038],[103.7377388,1.3749061],[103.7377656,1.374948],[103.7378273,1.374908],[103.737825,1.3749043],[103.7378312,1.3749003],[103.7378335,1.374904],[103.7378452,1.3748965],[103.7378428,1.3748927],[103.7378489,1.3748887],[103.7378513,1.3748924],[103.7379946,1.3747997],[103.7379897,1.3747921],[103.7379534,1.3748156],[103.7379252,1.3747715],[103.7379411,1.3747612],[103.7379453,1.3747412],[103.737931,1.3747505],[103.7379178,1.3747299],[103.7378975,1.3747431],[103.7379091,1.3747614],[103.7378751,1.3747835],[103.7378586,1.3747576],[103.7378733,1.3747481],[103.737864,1.3747336],[103.7378585,1.3747373],[103.7378356,1.3747015],[103.7379013,1.374659],[103.7379124,1.3746452],[103.737926,1.3746349],[103.7379411,1.3746267],[103.737958,1.3746222],[103.7380238,1.3745796],[103.7380466,1.3746154],[103.738041,1.374619],[103.7380502,1.3746335],[103.7380649,1.374624],[103.7380814,1.3746498],[103.7380474,1.3746718],[103.7380357,1.3746535],[103.7380153,1.3746667],[103.7380285,1.3746874],[103.7380059,1.374702],[103.7380137,1.3747141],[103.7380287,1.3747044],[103.7380569,1.3747485],[103.7380419,1.3747583],[103.7380497,1.3747705],[103.7380722,1.3747558],[103.7380737,1.3747581],[103.7381281,1.3747229],[103.7381446,1.3747487],[103.73813,1.3747582],[103.7381393,1.3747727],[103.7381449,1.374769],[103.7381676,1.3748048],[103.7380748,1.3748649],[103.7380762,1.3748673],[103.7380536,1.3748819],[103.7380414,1.3748629],[103.7380209,1.3748762],[103.7380317,1.3748928],[103.7379342,1.374956],[103.7379235,1.3749393],[103.7379031,1.3749525],[103.7379153,1.3749715],[103.7378722,1.3749994],[103.7378602,1.3749803],[103.7378404,1.3749931],[103.7378511,1.3750099],[103.7378004,1.3750426],[103.7377975,1.375038],[103.7377741,1.3750532],[103.7377785,1.3750601],[103.7377437,1.3750826],[103.7376985,1.3750119],[103.7377151,1.3750011],[103.737702,1.3749806],[103.7376831,1.3749928],[103.7376705,1.374973],[103.737675,1.3749701],[103.7376619,1.3749495],[103.7376573,1.3749525],[103.7376448,1.3749327],[103.7376636,1.3749205]]]}},{"type":"Feature","properties":{"type":"HDB"},"geometry":{"type":"Polygon","coordinates":[[[103.7422616,1.3747765],[103.7423145,1.3747626],[103.742318,1.3747757],[103.742379,1.3747593],[103.7423755,1.3747462],[103.7424284,1.3747316],[103.7424392,1.3747726],[103.7424344,1.374774],[103.7424389,1.3747905],[103.7424184,1.374796],[103.7424241,1.3748156],[103.7424981,1.3747957],[103.7424925,1.3747739],[103.7424702,1.3747798],[103.7424664,1.3747653],[103.7424562,1.3747683],[103.742446,1.3747296],[103.7424734,1.374722],[103.7424723,1.3747174],[103.7425231,1.3747035],[103.7425262,1.374716],[103.7425886,1.3746995],[103.7425853,1.3746871],[103.7426374,1.3746728],[103.7426387,1.3746775],[103.7426659,1.3746703],[103.7426763,1.3747088],[103.7426658,1.3747116],[103.7426694,1.3747258],[103.7426472,1.3747323],[103.7426538,1.3747567],[103.74264,1.3747604],[103.7426548,1.3748188],[103.7426694,1.3748149],[103.742676,1.37484],[103.7426983,1.374834],[103.7427021,1.3748484],[103.7427123,1.3748455],[103.7427223,1.3748837],[103.742695,1.3748911],[103.7426962,1.3748956],[103.7426439,1.3749096],[103.7426406,1.3748975],[103.7425799,1.3749138],[103.7425834,1.3749264],[103.7425311,1.3749402],[103.7425299,1.3749359],[103.7425022,1.3749432],[103.742492,1.3749048],[103.7425027,1.3749018],[103.7424989,1.3748875],[103.7425206,1.3748816],[103.7425143,1.374857],[103.7425276,1.3748531],[103.742516,1.3748108],[103.7424832,1.3748195],[103.7424841,1.3748237],[103.7424786,1.374825],[103.7424775,1.3748212],[103.7424217,1.3748361],[103.7424228,1.37484],[103.7424175,1.3748416],[103.7424164,1.3748377],[103.7423988,1.374843],[103.7424032,1.3748617],[103.7423911,1.3749047],[103.742464,1.3749243],[103.7424582,1.3749468],[103.7424845,1.3749538],[103.7424806,1.3749687],[103.7424898,1.374971],[103.7424772,1.3750183],[103.7422672,1.3749618],[103.7422798,1.3749143],[103.7422891,1.3749165],[103.7422931,1.374902],[103.7423194,1.3749092],[103.7423256,1.3748868],[103.7423691,1.3748986],[103.7423708,1.3748933],[103.7423752,1.3748945],[103.7423836,1.3748601],[103.7423819,1.3748535],[103.7423087,1.3748732],[103.7423022,1.3748492],[103.7423062,1.3748478],[103.7423012,1.3748276],[103.7422818,1.3748325],[103.7422774,1.3748162],[103.7422726,1.3748173],[103.7422616,1.3747765]]]}},{"type":"Feature","properties":{"type":"HDB"},"geometry":{"type":"Polygon","coordinates":[[[103.7385628,1.3748385],[103.7387003,1.3747882],[103.7387972,1.3750702],[103.7386057,1.375142],[103.7384814,1.3751942],[103.7382978,1.3752798],[103.7381759,1.3753426],[103.7380997,1.3751984],[103.7380807,1.3752086],[103.7380676,1.3751839],[103.7380867,1.3751737],[103.7380367,1.3750791],[103.738167,1.375012],[103.7383629,1.3749206],[103.7385628,1.3748385]]]}},{"type":"Feature","properties":{"type":"HDB"},"geometry":{"type":"Polygon","coordinates":[[[103.741654,1.3752144],[103.7416819,1.375181],[103.7416482,1.3751525],[103.7416571,1.3751418],[103.7416329,1.3751212],[103.7416482,1.3751029],[103.7416255,1.3750837],[103.7416347,1.3750727],[103.7416227,1.3750626],[103.7416478,1.3750325],[103.7416691,1.3750506],[103.7416746,1.375044],[103.741713,1.3750765],[103.7417075,1.3750831],[103.7417552,1.3751235],[103.7417607,1.3751169],[103.7417984,1.3751488],[103.7417929,1.3751554],[103.741814,1.3751733],[103.7417889,1.3752033],[103.7417775,1.3751937],[103.7417683,1.3752047],[103.7417463,1.375186],[103.741731,1.3752044],[103.7417014,1.3751793],[103.7416752,1.3752107],[103.7416935,1.3752263],[103.7417125,1.3752037],[103.7417489,1.3752345],[103.7417304,1.3752566],[103.7417361,1.3752614],[103.7417196,1.3752812],[103.7417123,1.375275],[103.7416732,1.3753217],[103.7416805,1.3753279],[103.7416632,1.3753487],[103.7416575,1.3753438],[103.7416392,1.3753657],[103.7416028,1.3753349],[103.7416216,1.3753124],[103.7416032,1.3752968],[103.7416225,1.3752738],[103.7415898,1.3752488],[103.7415995,1.3752372],[103.7415614,1.3752049],[103.7415717,1.3751925],[103.7415447,1.3751697],[103.7414897,1.3751868],[103.7414969,1.3752104],[103.7415255,1.3752015],[103.7415295,1.3752147],[103.741544,1.3752102],[103.7415556,1.375248],[103.741529,1.3752563],[103.7415314,1.3752644],[103.7414829,1.3752794],[103.7414804,1.3752714],[103.7414223,1.3752894],[103.7414248,1.3752975],[103.7413764,1.3753124],[103.741374,1.3753044],[103.7413479,1.3753125],[103.7413364,1.3752746],[103.7413518,1.3752698],[103.7413478,1.3752566],[103.7413759,1.3752479],[103.7413687,1.3752243],[103.7413861,1.3752189],[103.7413812,1.3752029],[103.7413638,1.3752083],[103.7413565,1.3751846],[103.7413284,1.3751934],[103.7413244,1.3751804],[103.741309,1.3751852],[103.7412972,1.3751467],[103.7413232,1.3751386],[103.7413209,1.3751311],[103.7413693,1.3751161],[103.7413716,1.3751236],[103.7414009,1.3751146],[103.7414053,1.3751291],[103.7414254,1.3751229],[103.741421,1.3751083],[103.7414507,1.3750991],[103.7414483,1.3750915],[103.7414969,1.3750765],[103.7414992,1.375084],[103.7415262,1.3750757],[103.741538,1.3751142],[103.7415231,1.3751188],[103.7415271,1.3751317],[103.7414982,1.3751407],[103.7415055,1.3751643],[103.7415445,1.3751522],[103.7415643,1.375169],[103.741578,1.3751648],[103.7415644,1.3751203],[103.7416015,1.3751088],[103.7416268,1.3751913],[103.741654,1.3752144]]]}},{"type":"Feature","properties":{"type":"HDB"},"geometry":{"type":"Polygon","coordinates":[[[103.7463788,1.3733609],[103.7463769,1.3733642],[103.7463301,1.3733367],[103.7463286,1.3733392],[103.746259,1.3732983],[103.7462538,1.3733071],[103.7462055,1.3732787],[103.7462071,1.3732758],[103.7461861,1.3732635],[103.7461877,1.3732607],[103.746185,1.3732591],[103.7462045,1.3732241],[103.7462177,1.3732308],[103.746225,1.3732187],[103.7462503,1.3732335],[103.7462621,1.3732132],[103.7462864,1.3732275],[103.7462908,1.37322],[103.7462941,1.3732219],[103.7463023,1.3732129],[103.7463117,1.3732184],[103.7463351,1.3731778],[103.7463386,1.3731799],[103.7463405,1.3731766],[103.7463082,1.3731577],[103.7463101,1.3731543],[103.7463033,1.3731503],[103.7463011,1.3731541],[103.7462654,1.3731331],[103.7462673,1.3731297],[103.7462606,1.3731258],[103.7462585,1.3731294],[103.7462233,1.3731087],[103.746225,1.3731057],[103.7462187,1.3731019],[103.7462168,1.3731052],[103.7461813,1.3730843],[103.7461832,1.3730812],[103.746174,1.3730758],[103.7461721,1.3730791],[103.7461441,1.3730627],[103.7461461,1.3730593],[103.7461411,1.3730563],[103.7461225,1.3730884],[103.7461716,1.3731173],[103.7461599,1.3731373],[103.7461895,1.3731547],[103.7461821,1.3731674],[103.7462004,1.3731782],[103.7461792,1.3732146],[103.7461772,1.3732134],[103.7461754,1.3732165],[103.7461545,1.3732042],[103.7461524,1.3732077],[103.7461051,1.3731799],[103.7461035,1.3731828],[103.746033,1.3731414],[103.7460279,1.3731504],[103.7459782,1.3731212],[103.74598,1.3731181],[103.7459597,1.3731061],[103.7459615,1.373103],[103.7459587,1.3731014],[103.7459791,1.3730663],[103.7459919,1.3730739],[103.7459995,1.3730608],[103.7460248,1.3730756],[103.7460362,1.3730559],[103.7460607,1.3730703],[103.7460656,1.3730619],[103.7460693,1.3730641],[103.746072,1.3730594],[103.7460756,1.3730615],[103.7460785,1.3730566],[103.7460987,1.3730684],[103.7461043,1.3730669],[103.7461134,1.3730512],[103.7460731,1.3730276],[103.7460761,1.3730224],[103.7460739,1.3730211],[103.7460808,1.3730094],[103.7460829,1.3730106],[103.7460858,1.3730057],[103.7460884,1.3730072],[103.7461074,1.3729745],[103.746145,1.3729966],[103.7461485,1.3729905],[103.7461479,1.3729856],[103.7461252,1.3729722],[103.7461289,1.3729598],[103.7461266,1.3729584],[103.7461302,1.3729522],[103.746106,1.372938],[103.746117,1.372919],[103.746092,1.3729044],[103.7460996,1.3728913],[103.7460866,1.3728836],[103.7461077,1.3728473],[103.746111,1.3728492],[103.7461124,1.3728467],[103.7461319,1.3728581],[103.7461335,1.3728554],[103.7461822,1.372884],[103.7461773,1.3728923],[103.746247,1.3729333],[103.7462458,1.3729353],[103.7462927,1.3729629],[103.7462914,1.3729652],[103.746312,1.3729773],[103.7463104,1.3729801],[103.746313,1.3729816],[103.7462912,1.3730191],[103.7462739,1.3730089],[103.7462665,1.3730216],[103.7462364,1.3730039],[103.7462248,1.373024],[103.7461758,1.3729953],[103.7461677,1.3730092],[103.7462101,1.3730341],[103.7461935,1.3730629],[103.7462288,1.3730837],[103.7462276,1.3730857],[103.7462346,1.3730898],[103.746236,1.3730875],[103.7462714,1.3731083],[103.74627,1.3731107],[103.7462769,1.3731148],[103.7462785,1.373112],[103.7463135,1.3731326],[103.7463114,1.3731362],[103.7463185,1.3731403],[103.746321,1.3731359],[103.7463494,1.3731526],[103.7463494,1.3731564],[103.7463593,1.3731394],[103.7463589,1.3731336],[103.7463512,1.3731291],[103.7463546,1.3731172],[103.7463514,1.3731153],[103.746355,1.3731092],[103.7463297,1.3730943],[103.7463413,1.3730745],[103.7463163,1.3730598],[103.7463236,1.3730471],[103.7463105,1.3730394],[103.7463313,1.3730035],[103.7463341,1.3730052],[103.7463354,1.3730029],[103.7463552,1.3730146],[103.7463569,1.3730117],[103.746407,1.3730412],[103.7464028,1.3730483],[103.7464736,1.3730899],[103.7464722,1.3730923],[103.7465175,1.3731189],[103.7465157,1.3731221],[103.7465357,1.3731339],[103.7465343,1.3731364],[103.7465371,1.3731381],[103.7465158,1.3731748],[103.7464993,1.3731651],[103.746492,1.3731776],[103.7464628,1.3731605],[103.7464508,1.3731811],[103.7463958,1.3731489],[103.7463928,1.3731542],[103.7463831,1.3731485],[103.7463589,1.3731901],[103.7463982,1.3732132],[103.7463956,1.3732177],[103.7463989,1.3732196],[103.746392,1.3732314],[103.746389,1.3732296],[103.7463858,1.3732352],[103.746346,1.3732119],[103.7463361,1.373229],[103.7463366,1.373233],[103.7463443,1.3732375],[103.7463419,1.3732417],[103.746397,1.373274],[103.7463854,1.373294],[103.7464149,1.3733113],[103.7464074,1.3733243],[103.7464254,1.3733349],[103.7464037,1.3733723],[103.7464007,1.3733705],[103.7463994,1.3733729],[103.7463788,1.3733609]]]}},{"type":"Feature","properties":{"type":"HIGHER EDUCATIONAL INSTITUTION"},"geometry":{"type":"Polygon","coordinates":[[[103.7507262,1.3735094],[103.7508065,1.373499],[103.7508277,1.3735772],[103.750414,1.3736214],[103.7503591,1.3731011],[103.7506885,1.3730659],[103.7507058,1.3731746],[103.7506836,1.3731774],[103.7507262,1.3735094]]]}},{"type":"Feature","properties":{"type":"HDB"},"geometry":{"type":"Polygon","coordinates":[[[103.7467889,1.3736951],[103.746789,1.3736505],[103.7468096,1.3736505],[103.7468096,1.3736365],[103.7468431,1.3736365],[103.7468431,1.3736134],[103.7469042,1.3736135],[103.7469042,1.3736053],[103.7469012,1.3736053],[103.7469013,1.3735834],[103.7468986,1.3735834],[103.7468986,1.3735733],[103.7469047,1.3735733],[103.7469047,1.3735661],[103.7469011,1.3735661],[103.7469011,1.3735436],[103.7468919,1.3735387],[103.7468468,1.3735387],[103.7468468,1.3735352],[103.7468388,1.3735325],[103.7468368,1.3735361],[103.7468036,1.3735171],[103.7468058,1.3735132],[103.7467983,1.3735089],[103.7467963,1.3735124],[103.7467618,1.3734927],[103.7467459,1.3735208],[103.7467002,1.3734946],[103.7466947,1.3735042],[103.7467496,1.3735357],[103.7467377,1.3735567],[103.7467683,1.3735743],[103.7467612,1.3735864],[103.7467786,1.3735964],[103.746757,1.3736345],[103.7467539,1.3736327],[103.746752,1.373636],[103.7467325,1.3736247],[103.7467312,1.373627],[103.7465935,1.3735501],[103.7465946,1.3735483],[103.7465476,1.3735206],[103.7465493,1.3735177],[103.7465287,1.3735056],[103.7465303,1.3735027],[103.7465277,1.3735012],[103.7465492,1.3734642],[103.7465672,1.3734748],[103.7465748,1.3734617],[103.7466038,1.3734788],[103.7466156,1.3734585],[103.7466735,1.3734926],[103.7466788,1.3734834],[103.7466405,1.3734608],[103.7466601,1.3734272],[103.7466574,1.3734256],[103.74666,1.3734212],[103.7466579,1.37342],[103.7466645,1.3734086],[103.746667,1.3734101],[103.74667,1.3734051],[103.7467098,1.3734286],[103.7467139,1.3734217],[103.7467177,1.3734218],[103.7467161,1.3734152],[103.7467128,1.3734179],[103.7466725,1.3733942],[103.7466744,1.373391],[103.7466716,1.3733893],[103.7466756,1.3733824],[103.7466707,1.3733796],[103.7466748,1.3733725],[103.7466501,1.3733579],[103.7466616,1.3733381],[103.7466369,1.3733236],[103.7466442,1.3733109],[103.7466316,1.3733035],[103.7466524,1.3732677],[103.7466554,1.373267],[103.7466765,1.3732788],[103.7466783,1.3732756],[103.7467282,1.3733035],[103.7467228,1.3733133],[103.7467754,1.3733439],[103.7467796,1.3733362],[103.7468289,1.3733637],[103.7468275,1.3733663],[103.7468492,1.3733784],[103.7468493,1.3733822],[103.7468295,1.3734181],[103.746815,1.37341],[103.746808,1.3734226],[103.7467823,1.3734083],[103.7467712,1.3734284],[103.7467477,1.3734153],[103.7467289,1.3734494],[103.7467339,1.3734521],[103.7467356,1.3734489],[103.7467644,1.373465],[103.7467621,1.3734692],[103.7467714,1.3734743],[103.7467731,1.3734712],[103.7468087,1.3734911],[103.7468069,1.3734944],[103.746814,1.3734984],[103.7468159,1.373495],[103.7468446,1.3735125],[103.746843,1.3735153],[103.7468475,1.3735179],[103.7468506,1.3735178],[103.7468506,1.3735143],[103.7468742,1.3735141],[103.7468742,1.3735182],[103.7468797,1.3735181],[103.7468811,1.3735156],[103.7468779,1.3735138],[103.7468811,1.3735081],[103.7468567,1.3734945],[103.7468678,1.373475],[103.7468426,1.3734606],[103.7468496,1.3734482],[103.7468354,1.3734401],[103.7468555,1.3734046],[103.7468589,1.3734065],[103.7468608,1.3734031],[103.7468822,1.3734154],[103.7468841,1.3734119],[103.7469328,1.3734399],[103.7469278,1.3734488],[103.7469989,1.3734896],[103.7469975,1.3734922],[103.747044,1.3735189],[103.747042,1.3735224],[103.7470611,1.3735333],[103.7470591,1.3735367],[103.7470638,1.3735394],[103.7470429,1.3735763],[103.7470243,1.3735657],[103.7470171,1.3735784],[103.7469872,1.3735613],[103.7469758,1.3735815],[103.7469267,1.3735534],[103.7469255,1.3735659],[103.7469216,1.3735659],[103.7469216,1.3735737],[103.7469255,1.3735737],[103.7469255,1.3736008],[103.7469506,1.3736008],[103.7469505,1.3736059],[103.7470031,1.3736059],[103.7470031,1.3736113],[103.7470063,1.3736113],[103.7470062,1.3736246],[103.7470029,1.3736246],[103.7470029,1.3736307],[103.7469912,1.3736307],[103.7469911,1.3736516],[103.7470193,1.3736516],[103.7470192,1.3736659],[103.7470351,1.3736659],[103.7470351,1.3737068],[103.7470314,1.3737068],[103.7470313,1.3737098],[103.747007,1.3737098],[103.747007,1.3737134],[103.7469499,1.3737133],[103.7469499,1.373704],[103.7468154,1.3737017],[103.7468154,1.3736976],[103.7467914,1.3736976],[103.7467889,1.3736951]]]}},{"type":"Feature","properties":{"type":"HDB"},"geometry":{"type":"Polygon","coordinates":[[[103.7479874,1.3736487],[103.7479842,1.3736432],[103.7479874,1.3736413],[103.74799,1.373646],[103.7480069,1.3736363],[103.7480042,1.3736316],[103.7480073,1.3736298],[103.7480091,1.3736329],[103.7480262,1.373623],[103.7480244,1.3736198],[103.7480278,1.3736178],[103.7480622,1.3736777],[103.7480701,1.3736732],[103.748068,1.3736695],[103.748073,1.3736665],[103.7480757,1.3736712],[103.7481138,1.3736483],[103.7481124,1.3736459],[103.748109,1.3736479],[103.7481002,1.3736327],[103.7481037,1.3736307],[103.7480769,1.3735841],[103.7480824,1.3735809],[103.7480842,1.373584],[103.7480998,1.373575],[103.748098,1.3735718],[103.7481035,1.3735687],[103.7481073,1.3735753],[103.7481264,1.3735642],[103.7481237,1.3735595],[103.7481263,1.373558],[103.748129,1.3735627],[103.7481509,1.3735499],[103.7481653,1.3735746],[103.7481804,1.3735658],[103.7481824,1.3735693],[103.7481885,1.3735657],[103.7481925,1.3735726],[103.7482014,1.3735674],[103.7481873,1.3735428],[103.748233,1.3735163],[103.7482361,1.3735217],[103.748233,1.3735236],[103.7482425,1.37354],[103.7482456,1.3735382],[103.7482487,1.3735437],[103.7482456,1.3735455],[103.7482556,1.3735629],[103.7482587,1.3735611],[103.7482618,1.3735665],[103.7482474,1.3735749],[103.7482598,1.3735964],[103.7482656,1.373593],[103.7482696,1.3736],[103.7482638,1.3736034],[103.7482761,1.3736249],[103.7482905,1.3736165],[103.7482936,1.373622],[103.7482905,1.3736238],[103.7483005,1.3736412],[103.7483036,1.3736394],[103.7483068,1.3736449],[103.7483037,1.3736467],[103.7483131,1.3736631],[103.7483162,1.3736613],[103.7483193,1.3736668],[103.7482737,1.3736933],[103.7482596,1.3736687],[103.7482506,1.3736739],[103.7482546,1.3736808],[103.7482484,1.3736844],[103.7482504,1.3736879],[103.7482353,1.3736967],[103.7482144,1.3736642],[103.748203,1.3736708],[103.7481897,1.3736501],[103.748186,1.3736522],[103.7481753,1.3736334],[103.7481323,1.3736571],[103.7481672,1.373718],[103.7481638,1.37372],[103.748162,1.3737169],[103.7481449,1.3737268],[103.7481467,1.3737299],[103.7481436,1.3737317],[103.7481409,1.373727],[103.7481241,1.3737368],[103.7481268,1.3737415],[103.7481237,1.3737433],[103.7481205,1.3737378],[103.7481051,1.3737489],[103.7481041,1.3737473],[103.7480909,1.373755],[103.7480941,1.3737605],[103.748091,1.3737623],[103.7480883,1.3737576],[103.7480715,1.3737674],[103.7480742,1.3737721],[103.7480711,1.3737739],[103.7480693,1.3737708],[103.7480521,1.3737807],[103.7480539,1.3737838],[103.7480505,1.3737858],[103.7480159,1.3737255],[103.7479748,1.3737486],[103.7479779,1.3737539],[103.7479658,1.3737609],[103.7479634,1.3737566],[103.7479605,1.3737583],[103.7479447,1.3738128],[103.7479742,1.3738207],[103.7479725,1.373827],[103.7479777,1.3738284],[103.7479755,1.3738367],[103.7480218,1.3738492],[103.7480158,1.3738681],[103.748012,1.3738671],[103.7480105,1.3738726],[103.7480181,1.3738746],[103.7480201,1.3738667],[103.7480438,1.3738731],[103.7480377,1.3738958],[103.7480422,1.373897],[103.74803,1.3739429],[103.7480239,1.3739412],[103.7480249,1.3739378],[103.7480057,1.3739326],[103.7480048,1.3739361],[103.7479987,1.3739344],[103.7479996,1.3739309],[103.7479823,1.3739263],[103.7479813,1.3739298],[103.7479752,1.3739281],[103.7479762,1.3739246],[103.7479569,1.3739194],[103.747956,1.3739229],[103.7479499,1.3739213],[103.7479535,1.3739077],[103.7479308,1.3739016],[103.7479294,1.3739068],[103.7479233,1.3739052],[103.7479247,1.3739],[103.747902,1.3738938],[103.7478983,1.3739074],[103.7478923,1.3739057],[103.7478935,1.3739009],[103.7478743,1.3738957],[103.747873,1.3739005],[103.7478669,1.3738989],[103.7478682,1.3738941],[103.7478508,1.3738894],[103.7478496,1.3738942],[103.7478435,1.3738926],[103.7478448,1.3738878],[103.7478256,1.3738826],[103.7478243,1.3738874],[103.7478182,1.3738858],[103.7478304,1.3738399],[103.747835,1.3738411],[103.747841,1.3738184],[103.7478646,1.3738248],[103.7478625,1.3738326],[103.7478701,1.3738347],[103.7478715,1.3738292],[103.7478677,1.3738281],[103.7478723,1.3738108],[103.7478426,1.373802],[103.7478411,1.3738079],[103.7478249,1.3738036],[103.7478265,1.3737976],[103.7478102,1.3737933],[103.7478023,1.3737923],[103.7477817,1.3738723],[103.7477788,1.3738715],[103.7477803,1.3738658],[103.7477569,1.3738595],[103.747753,1.3738739],[103.7477469,1.3738723],[103.7477479,1.3738688],[103.7477286,1.3738636],[103.7477277,1.3738671],[103.7477216,1.3738654],[103.7477225,1.3738619],[103.7477052,1.3738572],[103.7477042,1.3738607],[103.7476982,1.3738591],[103.7476991,1.3738556],[103.7476799,1.3738504],[103.747679,1.3738539],[103.7476729,1.3738523],[103.7476851,1.3738064],[103.7476896,1.3738076],[103.7476957,1.3737849],[103.7477193,1.3737913],[103.7477172,1.3737992],[103.7477247,1.3738012],[103.7477262,1.3737957],[103.7477224,1.3737947],[103.7477265,1.3737753],[103.7477735,1.3737879],[103.7477748,1.3737831],[103.7477807,1.3737847],[103.7477842,1.3737716],[103.7477318,1.3737556],[103.7477378,1.3737367],[103.7477416,1.3737378],[103.7477431,1.3737323],[103.7477355,1.3737302],[103.7477335,1.3737381],[103.7477098,1.3737317],[103.7477159,1.373709],[103.7477114,1.3737078],[103.7477236,1.3736619],[103.7477297,1.3736636],[103.7477287,1.3736671],[103.7477479,1.3736722],[103.7477488,1.3736688],[103.7477549,1.3736704],[103.747754,1.3736739],[103.7477714,1.3736786],[103.7477723,1.3736751],[103.7477784,1.3736767],[103.7477774,1.3736802],[103.7477967,1.3736854],[103.7477976,1.3736819],[103.7478037,1.3736835],[103.7478,1.3736975],[103.7478234,1.3737038],[103.7478248,1.3736986],[103.7478278,1.3736994],[103.7478246,1.3737113],[103.7478728,1.3737243],[103.747871,1.3737308],[103.7479138,1.3737424],[103.7479078,1.3737646],[103.7479387,1.3737729],[103.7479457,1.373746],[103.7479111,1.3736857],[103.7479145,1.3736837],[103.7479163,1.3736868],[103.7479334,1.3736769],[103.7479316,1.3736737],[103.7479347,1.3736719],[103.7479374,1.3736766],[103.7479543,1.3736668],[103.7479516,1.3736621],[103.7479547,1.3736603],[103.7479578,1.3736659],[103.7479874,1.3736487]]]}},{"type":"Feature","properties":{"type":"HDB"},"geometry":{"type":"Polygon","coordinates":[[[103.7459375,1.3742385],[103.7459698,1.37414],[103.745999,1.3741482],[103.7460148,1.3740977],[103.746031,1.3741022],[103.7461512,1.3738946],[103.7461192,1.3738761],[103.7463101,1.3735446],[103.7468278,1.3738453],[103.7465493,1.3743251],[103.7464968,1.3744204],[103.7459375,1.3742385]],[[103.7462801,1.3739133],[103.7463138,1.3739379],[103.7463387,1.3739725],[103.7463501,1.3740138],[103.746349,1.3740564],[103.7463347,1.3740965],[103.7463086,1.37413],[103.746273,1.3741529],[103.7462474,1.3741613],[103.7462203,1.3741643],[103.7464251,1.3742303],[103.7466114,1.3739034],[103.7463674,1.373761],[103.7462801,1.3739133]]]}},{"type":"Feature","properties":{"type":"HDB"},"geometry":{"type":"Polygon","coordinates":[[[103.7485253,1.3738356],[103.7485285,1.3738411],[103.7485254,1.3738429],[103.7485348,1.3738594],[103.7485379,1.3738575],[103.7485411,1.3738631],[103.748538,1.3738649],[103.7485479,1.3738822],[103.748551,1.3738804],[103.7485542,1.3738859],[103.7485409,1.3738936],[103.7485533,1.373915],[103.7485579,1.3739123],[103.748562,1.3739194],[103.7485573,1.3739221],[103.7485696,1.3739436],[103.7485828,1.3739359],[103.748586,1.3739414],[103.7485829,1.3739432],[103.7485928,1.3739605],[103.748596,1.3739587],[103.7485991,1.3739642],[103.748596,1.373966],[103.7486054,1.3739825],[103.7486085,1.3739807],[103.7486117,1.3739862],[103.748566,1.3740127],[103.7485519,1.3739881],[103.7485429,1.3739933],[103.7485469,1.3740002],[103.7485407,1.3740038],[103.7485427,1.3740072],[103.7485276,1.374016],[103.7485257,1.3740125],[103.7485236,1.3740138],[103.7485063,1.3739838],[103.7484953,1.3739902],[103.748482,1.3739694],[103.7484784,1.3739715],[103.7484676,1.3739528],[103.7484209,1.3739799],[103.7484553,1.3740398],[103.7484519,1.3740418],[103.7484501,1.3740387],[103.748433,1.3740486],[103.7484348,1.3740518],[103.7484316,1.3740536],[103.7484289,1.3740489],[103.7484121,1.3740587],[103.7484148,1.3740633],[103.7484117,1.3740652],[103.7484085,1.3740596],[103.748379,1.3740768],[103.7483821,1.3740823],[103.748379,1.3740841],[103.7483763,1.3740794],[103.7483595,1.3740892],[103.7483622,1.3740939],[103.7483591,1.3740957],[103.7483573,1.3740926],[103.7483402,1.3741025],[103.748342,1.3741057],[103.7483386,1.3741077],[103.7483036,1.3740468],[103.7482622,1.3740708],[103.7482649,1.3740755],[103.7482599,1.3740784],[103.7482577,1.3740747],[103.7482256,1.3740921],[103.7482892,1.3741092],[103.748276,1.3741586],[103.7483071,1.374167],[103.7483063,1.3741699],[103.7483011,1.3741685],[103.7482948,1.3741921],[103.7483087,1.3741959],[103.748307,1.374202],[103.7483036,1.374201],[103.7482984,1.3742204],[103.7483019,1.3742214],[103.7483002,1.3742275],[103.7482968,1.3742266],[103.7482921,1.374244],[103.7482956,1.374245],[103.748294,1.3742511],[103.7482905,1.3742501],[103.7482854,1.3742694],[103.7482888,1.3742704],[103.7482872,1.3742765],[103.7482416,1.3742642],[103.7482428,1.3742597],[103.7482203,1.3742536],[103.7482266,1.3742298],[103.7482344,1.3742319],[103.7482364,1.3742243],[103.748231,1.3742228],[103.7482299,1.3742267],[103.7482131,1.3742222],[103.7482141,1.3742183],[103.748212,1.3742177],[103.7482051,1.3742428],[103.7482013,1.3742418],[103.7482027,1.3742366],[103.7481783,1.37423],[103.7481746,1.374244],[103.7481685,1.3742423],[103.7481695,1.3742388],[103.7481502,1.3742336],[103.7481493,1.3742371],[103.7481432,1.3742355],[103.7481441,1.374232],[103.7481259,1.3742271],[103.748125,1.3742306],[103.7481189,1.3742289],[103.7481325,1.3741777],[103.7481598,1.374185],[103.7481625,1.374175],[103.7481548,1.3741729],[103.7481567,1.374166],[103.7481528,1.374165],[103.7481573,1.374148],[103.7481614,1.3741482],[103.748121,1.3741385],[103.7481197,1.3741435],[103.7481135,1.3741418],[103.7480962,1.3742071],[103.7480932,1.3742063],[103.7480946,1.374201],[103.7480711,1.3741947],[103.7480674,1.3742087],[103.7480614,1.3742071],[103.7480623,1.3742036],[103.748043,1.3741984],[103.7480421,1.3742019],[103.748036,1.3742002],[103.7480369,1.3741967],[103.7480196,1.374192],[103.7480186,1.3741955],[103.7480126,1.3741939],[103.7480135,1.3741904],[103.7479943,1.3741852],[103.7479934,1.3741887],[103.7479873,1.3741871],[103.7479995,1.3741412],[103.748004,1.3741424],[103.7480101,1.3741197],[103.7480337,1.3741261],[103.7480316,1.374134],[103.7480392,1.374136],[103.7480406,1.3741305],[103.7480368,1.3741295],[103.7480414,1.3741121],[103.7480327,1.3741097],[103.7480332,1.3741075],[103.7480384,1.3741089],[103.7480437,1.3740888],[103.7480386,1.3740874],[103.7480392,1.3740853],[103.7480479,1.3740876],[103.7480525,1.3740702],[103.7480564,1.3740713],[103.7480579,1.3740658],[103.7480503,1.3740637],[103.7480482,1.3740716],[103.7480246,1.3740652],[103.7480306,1.3740425],[103.7480261,1.3740413],[103.7480383,1.3739954],[103.7480444,1.3739971],[103.7480435,1.3740006],[103.7480627,1.3740057],[103.7480636,1.3740022],[103.7480697,1.3740039],[103.7480687,1.3740074],[103.7480861,1.3740121],[103.748087,1.3740086],[103.7480931,1.3740102],[103.7480922,1.3740137],[103.7481115,1.3740189],[103.7481124,1.3740154],[103.7481185,1.374017],[103.7481147,1.374031],[103.7481382,1.3740373],[103.7481396,1.3740321],[103.7481425,1.3740329],[103.7481228,1.374107],[103.7481358,1.3741105],[103.7481418,1.3740879],[103.748205,1.374105],[103.7482102,1.374081],[103.7482413,1.3740642],[103.7482064,1.3740033],[103.7482098,1.3740013],[103.7482116,1.3740044],[103.7482287,1.3739945],[103.7482269,1.3739914],[103.74823,1.3739895],[103.7482327,1.3739942],[103.7482495,1.3739845],[103.7482468,1.3739798],[103.74825,1.373978],[103.7482531,1.3739835],[103.7482664,1.3739758],[103.7482827,1.3739663],[103.7482795,1.3739608],[103.7482826,1.373959],[103.7482853,1.3739637],[103.7483021,1.3739539],[103.7482995,1.3739492],[103.7483026,1.3739474],[103.7483043,1.3739505],[103.7483215,1.3739406],[103.7483197,1.3739375],[103.7483231,1.3739354],[103.7483575,1.3739954],[103.7483653,1.3739909],[103.7483632,1.3739872],[103.7483682,1.3739842],[103.7483709,1.3739889],[103.7484059,1.3739673],[103.7484047,1.3739653],[103.7484013,1.3739673],[103.7483926,1.3739521],[103.748396,1.3739501],[103.7483693,1.3739034],[103.7483747,1.3739003],[103.7483765,1.3739034],[103.7483922,1.3738943],[103.7483904,1.3738912],[103.7483958,1.373888],[103.7483996,1.3738947],[103.7484187,1.3738836],[103.748416,1.3738789],[103.7484186,1.3738773],[103.7484263,1.3738907],[103.7484482,1.373878],[103.7484575,1.373894],[103.7484727,1.3738852],[103.7484747,1.3738886],[103.7484809,1.3738851],[103.7484848,1.373892],[103.7484938,1.3738868],[103.7484797,1.3738622],[103.7485253,1.3738356]]]}},{"type":"Feature","properties":{"type":"HDB"},"geometry":{"type":"Polygon","coordinates":[[[103.7486821,1.3742472],[103.7487683,1.3742705],[103.7487503,1.3743378],[103.748685,1.3743202],[103.7486332,1.3745149],[103.7484214,1.3744578],[103.748427,1.3744368],[103.7482569,1.3743909],[103.7482694,1.3743438],[103.7484395,1.3743897],[103.7484987,1.3741673],[103.748691,1.3740556],[103.7487198,1.3741058],[103.7486821,1.3742472]]]}},{"type":"Feature","properties":{"type":"HIGHER EDUCATIONAL INSTITUTION"},"geometry":{"type":"Polygon","coordinates":[[[103.752437,1.3755955],[103.7524953,1.3757315],[103.7528107,1.3755993],[103.7528329,1.375653],[103.7528798,1.3756289],[103.7530628,1.3760579],[103.7526121,1.3762107],[103.7526065,1.3761402],[103.7525963,1.3760702],[103.7525815,1.376001],[103.7525621,1.375933],[103.7525401,1.3758774],[103.752533,1.3759176],[103.7525191,1.3759561],[103.7524987,1.3759915],[103.7524726,1.3760228],[103.7524415,1.3760491],[103.7524063,1.3760695],[103.7523681,1.3760835],[103.7523281,1.3760906],[103.7522874,1.3760906],[103.7522474,1.3760835],[103.7522092,1.3760696],[103.7522647,1.3761437],[103.7523092,1.3761952],[103.7523583,1.3762424],[103.7524115,1.3762849],[103.7525723,1.376393],[103.7524264,1.3765611],[103.7524115,1.376548],[103.7523831,1.3765806],[103.7522534,1.3764665],[103.7520312,1.3766841],[103.7518895,1.3765235],[103.7518484,1.376499],[103.7518162,1.3764635],[103.751721,1.3762833],[103.7519349,1.3761402],[103.7518247,1.3759251],[103.7515717,1.3759843],[103.7515006,1.3756968],[103.7519682,1.3755797],[103.751916,1.3753268],[103.7513729,1.3755697],[103.7512541,1.3753096],[103.751795,1.3750593],[103.7517592,1.3749763],[103.7517178,1.3748959],[103.7516711,1.3748185],[103.7511713,1.3751533],[103.751014,1.3749054],[103.7512493,1.3747541],[103.75112,1.3745504],[103.7509053,1.3746884],[103.7508861,1.3746613],[103.75085,1.3746872],[103.7507512,1.3745476],[103.7507866,1.3745223],[103.7505443,1.3741798],[103.750518,1.3741969],[103.7504415,1.3740778],[103.7508306,1.3738246],[103.7508192,1.3738],[103.7508599,1.3737809],[103.75084,1.373738],[103.7507905,1.3737741],[103.7507684,1.3737428],[103.7507508,1.3737088],[103.750739,1.3736758],[103.7507314,1.3736417],[103.7507281,1.3735879],[103.7508277,1.3735772],[103.7508065,1.373499],[103.7507262,1.3735094],[103.7506836,1.3731774],[103.7507628,1.3731671],[103.7507632,1.3730775],[103.7508366,1.3730859],[103.7512163,1.374095],[103.7511683,1.3741367],[103.7512501,1.3742146],[103.7513361,1.3742878],[103.751426,1.3743561],[103.7515195,1.3744193],[103.7515002,1.3744405],[103.7515934,1.3745269],[103.7516098,1.3745166],[103.7516523,1.3745701],[103.7516905,1.3746268],[103.7517243,1.3746863],[103.7517533,1.3747482],[103.7518796,1.3749919],[103.7519011,1.3750056],[103.7519264,1.3750073],[103.7519495,1.3749965],[103.7519607,1.3749837],[103.7519683,1.3749593],[103.7519592,1.3748857],[103.7519348,1.3748025],[103.7519154,1.3747179],[103.7519011,1.3746323],[103.7518919,1.374546],[103.7518879,1.3744592],[103.7518891,1.3743724],[103.7519108,1.3743756],[103.7519478,1.3741207],[103.7522075,1.374005],[103.752227,1.3740492],[103.7519869,1.3741545],[103.7519609,1.3743512],[103.7521898,1.3742631],[103.7522233,1.3743982],[103.7522628,1.3745316],[103.7523084,1.3746631],[103.7523599,1.3747923],[103.7524172,1.374919],[103.7524802,1.3750429],[103.7525487,1.3751638],[103.7526227,1.3752815],[103.752702,1.3753956],[103.752437,1.3755955]],[[103.7520049,1.3750659],[103.751988,1.3750512],[103.7519662,1.3750463],[103.7519447,1.3750523],[103.7519286,1.3750678],[103.7519228,1.3750816],[103.7519217,1.3750966],[103.7519347,1.3751391],[103.7519506,1.3751558],[103.7519649,1.3751617],[103.7519879,1.375161],[103.7520017,1.3751542],[103.7520126,1.3751432],[103.7520193,1.3751292],[103.752021,1.3751138],[103.7520049,1.3750659]],[[103.7523155,1.3754991],[103.7521035,1.375233],[103.7520843,1.3752213],[103.7520624,1.3752165],[103.7520426,1.3752199],[103.7520176,1.3752365],[103.7520037,1.3752633],[103.7519996,1.3753079],[103.7519997,1.3753451],[103.75201,1.3754636],[103.7520219,1.3755446],[103.7520386,1.3756247],[103.7520754,1.3757607],[103.7520945,1.3758165],[103.7521173,1.3758709],[103.7521456,1.3759272],[103.7521687,1.3759658],[103.7521936,1.3759954],[103.7522211,1.3760149],[103.7522535,1.3760274],[103.7522737,1.3760308],[103.7523235,1.3760296],[103.7523523,1.3760234],[103.7523799,1.376013],[103.7524056,1.3759986],[103.7524289,1.3759805],[103.7524493,1.3759591],[103.7524614,1.3759362],[103.7524698,1.3759117],[103.7524744,1.3758862],[103.7524751,1.3758603],[103.7524697,1.3758258],[103.7524497,1.3757558],[103.7524241,1.3756877],[103.7523931,1.3756219],[103.7523568,1.3755589],[103.7523155,1.3754991]]]}},{"type":"Feature","properties":{"type":"HDB"},"geometry":{"type":"Polygon","coordinates":[[[103.753349,1.377218],[103.7534067,1.3771377],[103.7539969,1.3768714],[103.7542367,1.3769633],[103.7541976,1.3770664],[103.75402,1.3769983],[103.7540309,1.3769691],[103.754007,1.3769599],[103.7539875,1.3769701],[103.7539973,1.3769921],[103.753847,1.3770599],[103.7538383,1.3770399],[103.7537909,1.3770615],[103.7537995,1.3770813],[103.7534779,1.3772265],[103.7534684,1.3772047],[103.7534494,1.3772132],[103.7534345,1.3772339],[103.7534326,1.3772551],[103.7534552,1.3772577],[103.7534381,1.3774244],[103.7533291,1.3774132],[103.753349,1.377218]]]}},{"type":"Feature","properties":{"type":"HDB"},"geometry":{"type":"Polygon","coordinates":[[[103.7525476,1.377226],[103.7526053,1.3771456],[103.7530898,1.376927],[103.7532132,1.377204],[103.7531933,1.3773992],[103.7530842,1.3773879],[103.7531012,1.3772222],[103.753123,1.3772238],[103.7531255,1.3772026],[103.75313,1.3772007],[103.7531199,1.3771778],[103.7530879,1.3771924],[103.7530516,1.3771108],[103.7531084,1.377085],[103.7530894,1.3770415],[103.7530599,1.3770548],[103.7530586,1.3770517],[103.7530438,1.3770584],[103.7530397,1.3770689],[103.7528739,1.3771453],[103.7528661,1.377127],[103.7528181,1.3771488],[103.7528261,1.3771668],[103.7526768,1.3772342],[103.7526674,1.3772134],[103.7526487,1.3772218],[103.7526446,1.3772186],[103.7526292,1.3772396],[103.7526338,1.3772428],[103.7526322,1.3772631],[103.7526538,1.3772654],[103.7526367,1.3774323],[103.7525277,1.3774211],[103.7525476,1.377226]]]}},{"type":"Feature","properties":{"type":"HDB"},"geometry":{"type":"Polygon","coordinates":[[[103.7542427,1.3769656],[103.7545391,1.3770793],[103.754548,1.3770993],[103.7545668,1.3770908],[103.7545852,1.3771321],[103.7545663,1.3771406],[103.7545794,1.3771698],[103.7545275,1.377678],[103.7544185,1.3776667],[103.7544379,1.3774763],[103.7544469,1.3774769],[103.7544488,1.3774562],[103.75444,1.3774553],[103.7544669,1.3771922],[103.7544899,1.3771946],[103.7544917,1.3771739],[103.7545064,1.3771671],[103.7544924,1.3771329],[103.7544801,1.3771279],[103.7544683,1.3771596],[103.7544722,1.377161],[103.7544687,1.3771703],[103.7542036,1.3770687],[103.7542427,1.3769656]]]}},{"type":"Feature","properties":{"type":"HDB"},"geometry":{"type":"Polygon","coordinates":[[[103.751469,1.3776834],[103.7515267,1.3776031],[103.7522701,1.3772676],[103.7523935,1.3775447],[103.7523736,1.3777398],[103.7522645,1.3777286],[103.7522814,1.3775631],[103.7523035,1.377565],[103.7523059,1.3775439],[103.7523105,1.3775418],[103.7523003,1.3775188],[103.7522682,1.3775331],[103.7522322,1.3774522],[103.7522885,1.3774265],[103.7522694,1.3773833],[103.7522406,1.3773965],[103.7522391,1.3773932],[103.7522242,1.3773995],[103.7522203,1.3774104],[103.7520538,1.3774861],[103.7520468,1.377469],[103.751997,1.3774915],[103.7520079,1.3775068],[103.751598,1.3776918],[103.7515892,1.3776717],[103.7515704,1.3776801],[103.7515664,1.3776767],[103.751551,1.3776977],[103.7515554,1.3777003],[103.751554,1.3777211],[103.7515751,1.3777233],[103.7515581,1.3778898],[103.7514491,1.3778785],[103.751469,1.3776834]]]}},{"type":"Feature","properties":{"type":"HDB"},"geometry":{"type":"Polygon","coordinates":[[[103.7525244,1.3774987],[103.7525412,1.3775005],[103.752539,1.377522],[103.752568,1.377525],[103.7525702,1.3775034],[103.7526498,1.3775116],[103.7526467,1.3775424],[103.7526999,1.3775479],[103.752703,1.3775172],[103.7527874,1.3775258],[103.7527843,1.3775566],[103.7528651,1.377565],[103.7528683,1.3775342],[103.7529523,1.3775428],[103.7529492,1.3775727],[103.7529894,1.3775768],[103.7529859,1.3776117],[103.7530129,1.3776144],[103.7530165,1.3775791],[103.7530311,1.3775806],[103.7530341,1.3775513],[103.7531208,1.3775602],[103.7531178,1.3775893],[103.7532012,1.3775979],[103.7532041,1.3775688],[103.7532905,1.3775777],[103.7532874,1.3776077],[103.7533412,1.3776133],[103.7533443,1.3775833],[103.7534251,1.3775916],[103.7534229,1.3776126],[103.7534528,1.3776157],[103.7534549,1.3775947],[103.7534719,1.3775964],[103.7534642,1.377672],[103.7534436,1.3776699],[103.7534398,1.3777078],[103.7534107,1.3777048],[103.7534086,1.3777245],[103.7533744,1.3777209],[103.7533738,1.3777266],[103.7525917,1.377646],[103.7525923,1.3776399],[103.7525592,1.3776366],[103.7525612,1.377617],[103.7525334,1.3776141],[103.7525372,1.3775764],[103.7525167,1.3775743],[103.7525244,1.3774987]]]}},{"type":"Feature","properties":{"type":"HDB"},"geometry":{"type":"Polygon","coordinates":[[[103.7493658,1.3747456],[103.7493597,1.374744],[103.7493606,1.3747405],[103.7493415,1.3747353],[103.7493405,1.3747388],[103.7493345,1.3747371],[103.7493354,1.3747337],[103.749318,1.374729],[103.7493171,1.3747325],[103.749311,1.3747308],[103.749312,1.3747273],[103.7492927,1.3747221],[103.7492918,1.3747256],[103.7492857,1.374724],[103.7492873,1.3747179],[103.7492477,1.3747072],[103.7492463,1.3747124],[103.7492404,1.3747108],[103.7492418,1.3747056],[103.7492023,1.3746949],[103.7492006,1.374701],[103.7491945,1.3746994],[103.7491955,1.3746959],[103.7491762,1.3746907],[103.7491753,1.3746942],[103.7491692,1.3746926],[103.7491701,1.3746891],[103.7491528,1.3746844],[103.7491518,1.3746879],[103.7491458,1.3746863],[103.7491467,1.3746828],[103.7491275,1.3746776],[103.7491266,1.3746811],[103.7491205,1.3746794],[103.7491327,1.3746336],[103.7491372,1.3746348],[103.7491433,1.3746121],[103.7491669,1.3746185],[103.7491648,1.3746263],[103.7491743,1.3746289],[103.7491757,1.3746234],[103.7491719,1.3746223],[103.7491761,1.3746028],[103.7491653,1.3745999],[103.7491771,1.3745553],[103.7491719,1.3745539],[103.7491735,1.3745482],[103.7491773,1.3745493],[103.7491718,1.3745181],[103.7491122,1.3745009],[103.7491108,1.3745061],[103.7491052,1.3745046],[103.7491066,1.3744993],[103.7490783,1.3744925],[103.7490737,1.3745099],[103.7490698,1.3745088],[103.7490684,1.3745143],[103.7490778,1.3745169],[103.7490799,1.374509],[103.7491035,1.3745154],[103.7490975,1.3745381],[103.749102,1.3745393],[103.7490898,1.3745852],[103.7490837,1.3745835],[103.7490847,1.37458],[103.7490655,1.3745749],[103.7490645,1.3745783],[103.7490585,1.3745767],[103.7490594,1.3745732],[103.749042,1.3745685],[103.7490411,1.374572],[103.749035,1.3745704],[103.749036,1.3745669],[103.7490167,1.3745617],[103.7490158,1.3745652],[103.7490097,1.3745636],[103.7490113,1.3745574],[103.7489717,1.3745468],[103.7489703,1.374552],[103.7489644,1.3745504],[103.7489658,1.3745452],[103.7489263,1.3745345],[103.7489246,1.3745406],[103.7489186,1.374539],[103.7489195,1.3745355],[103.7489002,1.3745303],[103.7488993,1.3745338],[103.7488932,1.3745321],[103.7488941,1.3745286],[103.7488768,1.374524],[103.7488759,1.3745275],[103.7488698,1.3745258],[103.7488707,1.3745223],[103.7488515,1.3745172],[103.7488506,1.3745206],[103.7488445,1.374519],[103.7488567,1.3744731],[103.7488612,1.3744744],[103.7488673,1.3744516],[103.7488909,1.374458],[103.7488888,1.3744659],[103.7488983,1.3744684],[103.7488997,1.3744629],[103.7488959,1.3744619],[103.7489001,1.3744425],[103.7489215,1.3744483],[103.7489049,1.3743584],[103.7488914,1.3743548],[103.7488739,1.3744205],[103.748871,1.3744197],[103.7488724,1.3744144],[103.7488496,1.3744083],[103.748846,1.3744219],[103.7488399,1.3744202],[103.7488409,1.3744167],[103.7488216,1.3744115],[103.7488207,1.374415],[103.7488146,1.3744134],[103.7488155,1.3744099],[103.7487982,1.3744052],[103.7487972,1.3744087],[103.7487912,1.3744071],[103.7487921,1.3744036],[103.7487729,1.3743984],[103.748772,1.3744019],[103.7487659,1.3744002],[103.7487781,1.3743544],[103.7487826,1.3743556],[103.7487887,1.3743329],[103.7488123,1.3743393],[103.7488102,1.3743471],[103.7488177,1.3743492],[103.7488192,1.3743437],[103.7488154,1.3743426],[103.7488195,1.3743232],[103.7488711,1.3743371],[103.7488746,1.374324],[103.748823,1.3743101],[103.748829,1.3742912],[103.7488329,1.3742923],[103.7488343,1.3742868],[103.7488268,1.3742847],[103.7488247,1.3742926],[103.7488011,1.3742862],[103.7488071,1.3742635],[103.7488026,1.3742623],[103.7488148,1.3742165],[103.7488209,1.3742181],[103.74882,1.3742216],[103.7488392,1.3742268],[103.7488401,1.3742233],[103.7488462,1.3742249],[103.7488452,1.3742284],[103.7488626,1.3742331],[103.7488635,1.3742296],[103.7488696,1.3742312],[103.7488687,1.3742347],[103.7488879,1.3742399],[103.7488889,1.3742364],[103.748895,1.3742381],[103.7488913,1.3742516],[103.7489141,1.3742577],[103.7489155,1.3742525],[103.7489184,1.3742533],[103.7489147,1.3742674],[103.7489393,1.3742741],[103.7489431,1.3742599],[103.748946,1.3742607],[103.7489446,1.374266],[103.7489674,1.3742721],[103.748971,1.3742586],[103.7489771,1.3742602],[103.7489761,1.3742637],[103.7489954,1.3742689],[103.7489963,1.3742654],[103.7490024,1.374267],[103.7490015,1.3742705],[103.7490188,1.3742752],[103.7490198,1.3742717],[103.7490258,1.3742734],[103.7490249,1.3742769],[103.7490441,1.374282],[103.749045,1.3742785],[103.7490511,1.3742802],[103.7490389,1.374326],[103.7490344,1.3743248],[103.7490283,1.3743475],[103.7490047,1.3743412],[103.7490068,1.3743333],[103.7489993,1.3743313],[103.7489978,1.3743368],[103.7490016,1.3743378],[103.7489975,1.3743572],[103.7489505,1.3743445],[103.7489472,1.3743568],[103.7489244,1.3743509],[103.7489235,1.3743642],[103.7489379,1.3744359],[103.7489452,1.3744378],[103.7489463,1.3744337],[103.7489595,1.3744373],[103.7489581,1.3744425],[103.7490179,1.3744587],[103.7490195,1.3744527],[103.749034,1.3744566],[103.7490324,1.3744626],[103.7490574,1.3744686],[103.749062,1.3744512],[103.7490658,1.3744522],[103.7490673,1.3744467],[103.7490598,1.3744447],[103.7490577,1.3744525],[103.7490341,1.3744462],[103.7490401,1.3744235],[103.7490356,1.3744222],[103.7490478,1.3743764],[103.7490539,1.374378],[103.749053,1.3743815],[103.7490721,1.3743867],[103.7490731,1.3743832],[103.7490791,1.3743848],[103.7490782,1.3743883],[103.7490956,1.374393],[103.7490965,1.3743895],[103.7491026,1.3743911],[103.7491016,1.3743946],[103.7491209,1.3743998],[103.7491218,1.3743963],[103.7491279,1.374398],[103.7491243,1.3744115],[103.7491471,1.3744177],[103.7491484,1.3744124],[103.7491545,1.3744141],[103.7491531,1.3744193],[103.7491759,1.3744254],[103.7491795,1.3744119],[103.7491855,1.3744135],[103.7491846,1.374417],[103.7492039,1.3744222],[103.7492048,1.3744187],[103.7492109,1.3744204],[103.74921,1.3744239],[103.7492273,1.3744285],[103.7492283,1.374425],[103.7492343,1.3744267],[103.7492334,1.3744302],[103.7492526,1.3744353],[103.7492535,1.3744319],[103.7492596,1.3744335],[103.7492474,1.3744794],[103.7492429,1.3744781],[103.7492368,1.3745008],[103.7492132,1.3744945],[103.7492153,1.3744866],[103.7492077,1.3744846],[103.7492063,1.3744901],[103.7492101,1.3744911],[103.749206,1.3745105],[103.7491882,1.3745057],[103.7491966,1.3745521],[103.7492571,1.3745697],[103.7492663,1.3745709],[103.749268,1.3745644],[103.7492756,1.3745664],[103.7492772,1.3745606],[103.7492824,1.374562],[103.7493034,1.3744765],[103.7493074,1.3744776],[103.749306,1.3744829],[103.7493456,1.3744935],[103.7493472,1.3744874],[103.7493533,1.3744891],[103.7493524,1.3744926],[103.7493716,1.3744978],[103.7493726,1.3744943],[103.7493787,1.3744959],[103.7493777,1.3744994],[103.7493951,1.3745041],[103.749396,1.3745006],[103.7494021,1.3745022],[103.7494012,1.3745057],[103.7494203,1.3745109],[103.7494213,1.3745074],[103.7494273,1.374509],[103.7494151,1.3745549],[103.7494106,1.3745537],[103.7494046,1.3745764],[103.749381,1.37457],[103.7493831,1.3745622],[103.7493726,1.3745593],[103.7493712,1.3745649],[103.749376,1.3745662],[103.7493708,1.3745857],[103.7493664,1.3745845],[103.7493551,1.3746269],[103.7493451,1.3746242],[103.7493391,1.3746469],[103.7493557,1.3746514],[103.7493497,1.3746703],[103.7493458,1.3746693],[103.7493444,1.3746747],[103.7493538,1.3746773],[103.7493559,1.3746694],[103.7493795,1.3746758],[103.7493735,1.3746985],[103.749378,1.3746997],[103.7493658,1.3747456]]]}},{"type":"Feature","properties":{"type":"HDB"},"geometry":{"type":"Polygon","coordinates":[[[103.7460712,1.3746899],[103.7459737,1.3746585],[103.7459745,1.3746559],[103.745922,1.374639],[103.7459231,1.3746358],[103.745901,1.3746287],[103.7459022,1.3746249],[103.7458999,1.3746242],[103.7459128,1.3745838],[103.7459324,1.3745901],[103.745937,1.3745757],[103.7459705,1.3745866],[103.7459774,1.3745648],[103.7460402,1.3745851],[103.7460436,1.3745742],[103.746002,1.3745608],[103.7460135,1.3745247],[103.7460113,1.374524],[103.746013,1.3745185],[103.7460105,1.3745177],[103.7460148,1.3745044],[103.7460171,1.3745051],[103.7460185,1.3745006],[103.7460633,1.3745151],[103.7460659,1.3745067],[103.7460699,1.374508],[103.7460658,1.3744995],[103.7460643,1.3745042],[103.7460188,1.3744895],[103.74602,1.3744855],[103.7460172,1.3744846],[103.7460194,1.3744777],[103.746015,1.3744763],[103.7460177,1.3744677],[103.7459898,1.3744587],[103.7459968,1.3744366],[103.7459695,1.3744278],[103.745974,1.3744139],[103.7459597,1.3744093],[103.7459722,1.3743701],[103.7459758,1.3743713],[103.7459767,1.3743682],[103.7459995,1.3743756],[103.7460004,1.3743726],[103.7460539,1.3743898],[103.746051,1.3743989],[103.7461098,1.3744178],[103.7461128,1.3744084],[103.7461672,1.374426],[103.7461657,1.3744307],[103.7461904,1.3744404],[103.7461778,1.37448],[103.7461629,1.3744752],[103.7461582,1.3744901],[103.7461302,1.3744811],[103.7461234,1.3745025],[103.7460981,1.3744943],[103.7460861,1.3745318],[103.7460917,1.3745336],[103.7460931,1.3745294],[103.7461232,1.3745391],[103.7461218,1.3745435],[103.7461329,1.3745471],[103.7461342,1.3745431],[103.7461726,1.3745555],[103.7461714,1.3745592],[103.7461794,1.3745618],[103.7461805,1.3745581],[103.7462129,1.3745686],[103.7462119,1.3745718],[103.7462152,1.3745735],[103.7462185,1.3745728],[103.7462178,1.3745693],[103.7462414,1.3745646],[103.746242,1.3745677],[103.7462483,1.3745663],[103.746249,1.374564],[103.7462448,1.3745627],[103.7462463,1.3745582],[103.7462202,1.3745498],[103.7462273,1.3745274],[103.7461992,1.3745184],[103.7462035,1.374505],[103.7461889,1.3745003],[103.7462015,1.3744604],[103.7462059,1.3744618],[103.7462069,1.3744587],[103.7462291,1.3744658],[103.7462302,1.3744625],[103.7462836,1.3744797],[103.7462803,1.37449],[103.7464091,1.3745342],[103.7464081,1.3745373],[103.7464308,1.3745446],[103.7464323,1.3745474],[103.7464186,1.3745905],[103.7463988,1.3745842],[103.7463944,1.3745981],[103.7463615,1.3745875],[103.7463544,1.3746097],[103.7463003,1.3745923],[103.7463015,1.3746041],[103.7462976,1.3746049],[103.7462992,1.3746123],[103.7463033,1.3746115],[103.746309,1.3746395],[103.7463339,1.3746344],[103.7463348,1.3746388],[103.7463859,1.3746281],[103.7463869,1.3746328],[103.74639,1.3746321],[103.7463916,1.374652],[103.7463791,1.3746546],[103.7463831,1.374674],[103.7464118,1.3746681],[103.7464148,1.3746826],[103.7464298,1.3746795],[103.7464381,1.3747202],[103.746436,1.3747228],[103.746413,1.3747277],[103.7464138,1.3747317],[103.7463576,1.3747438],[103.7463554,1.3747335],[103.7462764,1.3747505],[103.7462759,1.374748],[103.7462223,1.3747595],[103.7462215,1.374756],[103.7461981,1.3747611],[103.7461974,1.3747579],[103.7461947,1.3747585],[103.7461859,1.3747158],[103.7462066,1.3747115],[103.7462036,1.3746972],[103.7462363,1.3746905],[103.7462315,1.3746673],[103.7462911,1.374655],[103.7462894,1.374647],[103.7462857,1.3746478],[103.7462812,1.3746259],[103.7462789,1.3746264],[103.7462772,1.3746179],[103.7462829,1.3746167],[103.7462813,1.3746086],[103.7462777,1.3746093],[103.7462733,1.3745881],[103.7462634,1.3745855],[103.7462195,1.3745943],[103.7462183,1.3745902],[103.7462096,1.3745901],[103.7462082,1.3745947],[103.7461718,1.374583],[103.7461733,1.3745781],[103.7461653,1.3745755],[103.746164,1.3745797],[103.7461251,1.3745672],[103.7461156,1.3745974],[103.7460669,1.3745818],[103.7460631,1.3745935],[103.7461239,1.374613],[103.746117,1.3746346],[103.7461502,1.3746452],[103.7461456,1.3746598],[103.7461649,1.374666],[103.7461522,1.3747061],[103.7461495,1.3747052],[103.7461484,1.3747085],[103.7461255,1.3747011],[103.7461244,1.3747046],[103.7460719,1.3746876],[103.7460712,1.3746899]]]}},{"type":"Feature","properties":{"type":"HDB"},"geometry":{"type":"Polygon","coordinates":[[[103.7496624,1.3746579],[103.7496617,1.3746606],[103.7496826,1.3746663],[103.7496834,1.3746636],[103.7496871,1.3746647],[103.7496864,1.3746674],[103.7497098,1.3746738],[103.7497106,1.3746711],[103.7497175,1.374673],[103.7497167,1.3746758],[103.74974,1.3746822],[103.7497408,1.3746794],[103.7497445,1.3746805],[103.7497438,1.3746832],[103.7497651,1.3746891],[103.7497659,1.3746864],[103.7497691,1.3746872],[103.7497594,1.3747238],[103.7497496,1.3747212],[103.7497457,1.3747359],[103.7497557,1.3747385],[103.7497499,1.3747604],[103.7497607,1.3747633],[103.7497617,1.3747596],[103.7497667,1.374761],[103.749765,1.3747672],[103.7497912,1.3747742],[103.7497926,1.3747688],[103.7497998,1.3747708],[103.7497985,1.3747759],[103.749811,1.3747793],[103.7498241,1.3747299],[103.7498927,1.3747514],[103.7499023,1.3747152],[103.7499451,1.3747267],[103.7499237,1.3748077],[103.7499352,1.3748108],[103.7499361,1.3748072],[103.7499412,1.3748086],[103.7499395,1.3748147],[103.7499741,1.3748213],[103.7499734,1.3748239],[103.7500078,1.3748331],[103.7500093,1.3748276],[103.7500209,1.3748307],[103.7500327,1.3747862],[103.7500605,1.3747937],[103.7500647,1.3747782],[103.7500171,1.3747654],[103.7500232,1.3747426],[103.750017,1.3747409],[103.7500201,1.3747289],[103.7500041,1.3747246],[103.7500002,1.374739],[103.7499815,1.374734],[103.7499956,1.3746806],[103.7500206,1.3746873],[103.7500236,1.3746758],[103.750027,1.3746767],[103.7500264,1.3746791],[103.7500496,1.3746853],[103.7500503,1.3746829],[103.7500538,1.3746839],[103.7500532,1.3746863],[103.750075,1.3746922],[103.7500757,1.3746897],[103.7500789,1.3746906],[103.7500758,1.3747024],[103.7501298,1.3747169],[103.7501329,1.3747051],[103.7501365,1.374706],[103.7501358,1.3747086],[103.7501577,1.3747145],[103.7501584,1.3747119],[103.7501621,1.3747129],[103.7501614,1.3747155],[103.7501846,1.3747217],[103.7501853,1.3747192],[103.7501887,1.3747201],[103.7501856,1.374732],[103.7502107,1.3747388],[103.7501964,1.3747928],[103.7501776,1.3747877],[103.7501816,1.3747727],[103.7501658,1.3747685],[103.7501627,1.3747803],[103.750157,1.3747787],[103.750151,1.3748017],[103.7501091,1.3747904],[103.7501077,1.3747958],[103.7501018,1.3747943],[103.7500991,1.3748045],[103.7501063,1.3748065],[103.7500999,1.3748305],[103.7501266,1.3748376],[103.7501203,1.3748615],[103.7500701,1.374848],[103.7500673,1.3748586],[103.7500734,1.3748603],[103.7500721,1.3748653],[103.7501033,1.3748737],[103.7500974,1.374896],[103.7501031,1.3748975],[103.7501009,1.3749058],[103.7501079,1.3749076],[103.7501069,1.3749114],[103.7501159,1.3749138],[103.7501197,1.3748993],[103.7501382,1.3749043],[103.750124,1.3749577],[103.7500994,1.3749511],[103.7500963,1.3749628],[103.7500928,1.3749618],[103.7500934,1.3749594],[103.7500699,1.3749529],[103.7500692,1.3749555],[103.7500656,1.3749545],[103.7500663,1.3749519],[103.7500445,1.3749459],[103.7500437,1.3749486],[103.7500404,1.3749477],[103.7500436,1.3749357],[103.7499898,1.3749213],[103.7499867,1.3749332],[103.7499837,1.3749324],[103.7499844,1.3749297],[103.7499623,1.3749237],[103.7499616,1.3749264],[103.7499581,1.3749255],[103.7499588,1.3749228],[103.7499353,1.3749165],[103.7499346,1.3749192],[103.7499311,1.3749183],[103.7499342,1.3749065],[103.7499097,1.3748999],[103.7499238,1.3748467],[103.7499427,1.3748518],[103.7499388,1.3748664],[103.749948,1.3748689],[103.749949,1.3748653],[103.7499558,1.3748671],[103.7499579,1.3748589],[103.7499636,1.3748604],[103.7499691,1.3748399],[103.749958,1.374837],[103.7499587,1.3748343],[103.7499306,1.3748267],[103.7499299,1.3748294],[103.7499191,1.3748265],[103.7499198,1.374824],[103.7498947,1.3748173],[103.7498941,1.3748194],[103.7498835,1.3748166],[103.749878,1.3748372],[103.7498627,1.3748331],[103.7498583,1.3748498],[103.749874,1.374854],[103.7498756,1.3748479],[103.7498944,1.3748529],[103.7498812,1.3749028],[103.7498778,1.3749019],[103.7498785,1.3748994],[103.7498571,1.3748937],[103.7498564,1.3748962],[103.7498529,1.3748952],[103.7498535,1.3748927],[103.7498301,1.3748864],[103.7498295,1.3748889],[103.7498261,1.374888],[103.7498302,1.3748727],[103.7497774,1.3748585],[103.7497732,1.3748742],[103.74977,1.3748734],[103.7497707,1.3748705],[103.7497469,1.3748641],[103.7497462,1.374867],[103.7497428,1.374866],[103.7497435,1.3748632],[103.7497223,1.3748575],[103.7497215,1.3748603],[103.749718,1.3748594],[103.7497314,1.3748088],[103.7497505,1.3748139],[103.7497488,1.3748204],[103.7497645,1.3748246],[103.7497689,1.3748079],[103.7497534,1.3748037],[103.7497589,1.3747828],[103.7497451,1.3747791],[103.7497439,1.3747835],[103.7497352,1.3747812],[103.7497371,1.374774],[103.7497135,1.3747703],[103.7497076,1.3747926],[103.749698,1.3747901],[103.7496942,1.3748044],[103.749704,1.374807],[103.7496943,1.3748438],[103.7496908,1.3748429],[103.7496916,1.3748402],[103.7496704,1.3748345],[103.7496697,1.3748372],[103.749666,1.3748362],[103.7496667,1.3748335],[103.7496432,1.3748272],[103.7496425,1.3748299],[103.7496391,1.374829],[103.7496443,1.3748093],[103.7496201,1.3748028],[103.7496335,1.3747522],[103.7496285,1.3747508],[103.7496299,1.3747455],[103.749635,1.3747468],[103.7496452,1.3747083],[103.7496549,1.3747109],[103.7496588,1.3746965],[103.749649,1.3746939],[103.7496588,1.3746569],[103.7496624,1.3746579]]]}},{"type":"Feature","properties":{"type":"HDB"},"geometry":{"type":"Polygon","coordinates":[[[103.7502269,1.3747805],[103.7503493,1.3748142],[103.7503091,1.3749628],[103.750187,1.3749296],[103.7502269,1.3747805]]]}},{"type":"Feature","properties":{"type":"HDB"},"geometry":{"type":"Polygon","coordinates":[[[103.7487711,1.3746952],[103.7493676,1.3748561],[103.7492827,1.3751759],[103.7492161,1.3751579],[103.7492097,1.3751819],[103.7489276,1.3751058],[103.748934,1.3750818],[103.7486417,1.375003],[103.7486579,1.3749423],[103.7487022,1.3749542],[103.7487711,1.3746952]]]}},{"type":"Feature","properties":{"type":"HDB"},"geometry":{"type":"Polygon","coordinates":[[[103.7484771,1.375328],[103.748471,1.3753263],[103.748472,1.3753228],[103.7484528,1.3753177],[103.7484519,1.3753211],[103.7484458,1.3753195],[103.7484467,1.375316],[103.7484294,1.3753113],[103.7484284,1.3753148],[103.7484224,1.3753132],[103.7484233,1.3753097],[103.748404,1.3753045],[103.7484031,1.375308],[103.748397,1.3753064],[103.7483986,1.3753002],[103.7483591,1.3752896],[103.7483577,1.3752948],[103.7483518,1.3752932],[103.7483532,1.375288],[103.7483136,1.3752773],[103.748312,1.3752834],[103.7483059,1.3752818],[103.7483068,1.3752783],[103.7482875,1.3752731],[103.7482866,1.3752766],[103.7482805,1.3752749],[103.7482815,1.3752714],[103.7482641,1.3752668],[103.7482632,1.3752703],[103.7482571,1.3752686],[103.748258,1.3752651],[103.7482388,1.37526],[103.7482379,1.3752634],[103.7482318,1.3752618],[103.7482367,1.3752435],[103.7481535,1.3752204],[103.7481421,1.3752095],[103.7481388,1.3751948],[103.7481683,1.3750831],[103.7481748,1.3750745],[103.7481885,1.3750681],[103.7481995,1.3750687],[103.7482559,1.3750842],[103.7482692,1.3750976],[103.7482707,1.3751159],[103.7482441,1.3752159],[103.7482486,1.3752172],[103.7482546,1.3751945],[103.7482782,1.3752008],[103.7482761,1.3752087],[103.7482856,1.3752112],[103.7482875,1.3752058],[103.7482832,1.3752047],[103.7482874,1.3751853],[103.7483082,1.3751909],[103.7483148,1.3751663],[103.748367,1.3751816],[103.7483686,1.3751757],[103.7483836,1.3751778],[103.7483982,1.375123],[103.748393,1.3751216],[103.7483945,1.3751159],[103.7483986,1.375117],[103.748402,1.3751086],[103.7484152,1.3750593],[103.74841,1.3750578],[103.7484115,1.3750522],[103.7484156,1.3750533],[103.748419,1.3750448],[103.7484305,1.3749972],[103.7483934,1.3749882],[103.7483724,1.3750004],[103.748385,1.3750225],[103.7483403,1.3750485],[103.7483277,1.3750264],[103.7483189,1.3750315],[103.7483139,1.3750227],[103.7483086,1.3750258],[103.7483061,1.3750215],[103.748264,1.375046],[103.748255,1.3750283],[103.7482588,1.3750261],[103.7482556,1.3750214],[103.7482488,1.3750253],[103.7482529,1.3750324],[103.7482317,1.3750447],[103.74822,1.3750243],[103.748216,1.3750267],[103.7481924,1.3749855],[103.7481979,1.3749824],[103.7481996,1.3749855],[103.7482168,1.3749755],[103.748215,1.3749724],[103.7482205,1.3749692],[103.7482223,1.3749723],[103.7482379,1.3749633],[103.7482361,1.3749602],[103.7482415,1.374957],[103.7482433,1.3749601],[103.7482606,1.3749501],[103.7482588,1.374947],[103.7482642,1.3749438],[103.748271,1.3749555],[103.7482914,1.3749437],[103.7482887,1.374939],[103.7482941,1.3749358],[103.7482968,1.3749405],[103.7483172,1.3749287],[103.7483105,1.3749169],[103.7483159,1.3749138],[103.7483177,1.3749169],[103.748335,1.3749069],[103.7483332,1.3749037],[103.7483386,1.3749006],[103.7483404,1.3749037],[103.748356,1.3748947],[103.7483542,1.3748915],[103.7483596,1.3748884],[103.7483614,1.3748915],[103.7483786,1.3748815],[103.7483768,1.3748784],[103.7483823,1.3748752],[103.7484059,1.3749163],[103.7484018,1.3749187],[103.7484135,1.374939],[103.7483923,1.3749513],[103.7483883,1.3749443],[103.7483815,1.3749482],[103.748384,1.3749534],[103.7483878,1.3749512],[103.7483985,1.3749678],[103.7484313,1.3749779],[103.7484342,1.3749667],[103.7484383,1.3749678],[103.7484532,1.3749163],[103.748448,1.3749149],[103.7484495,1.3749093],[103.7484536,1.3749104],[103.7484571,1.3749019],[103.7484695,1.3748551],[103.7484705,1.3748469],[103.7484672,1.3748411],[103.7484481,1.3748521],[103.748416,1.3747961],[103.7483985,1.3748063],[103.748387,1.3747863],[103.7483788,1.3747911],[103.7483548,1.3747492],[103.7483912,1.374728],[103.7483867,1.3747202],[103.7483446,1.3747447],[103.7483356,1.374727],[103.7483394,1.3747248],[103.7483362,1.3747201],[103.7483295,1.374724],[103.7483335,1.3747311],[103.7483123,1.3747434],[103.7483007,1.374723],[103.7482966,1.3747254],[103.748273,1.3746842],[103.7482785,1.3746811],[103.7482803,1.3746842],[103.7482975,1.3746742],[103.7482957,1.3746711],[103.7483011,1.3746679],[103.7483029,1.3746711],[103.7483185,1.374662],[103.7483167,1.3746589],[103.7483221,1.3746557],[103.7483239,1.3746588],[103.7483412,1.3746488],[103.7483394,1.3746457],[103.7483448,1.3746425],[103.7483516,1.3746543],[103.748372,1.3746424],[103.7483693,1.3746377],[103.7483747,1.3746345],[103.7483774,1.3746392],[103.7483978,1.3746274],[103.7483911,1.3746156],[103.7483965,1.3746125],[103.7483983,1.3746156],[103.7484156,1.3746056],[103.7484138,1.3746024],[103.7484192,1.3745993],[103.748421,1.3746024],[103.7484366,1.3745934],[103.7484348,1.3745902],[103.7484403,1.3745871],[103.748442,1.3745901],[103.7484592,1.3745802],[103.7484575,1.3745771],[103.7484629,1.3745739],[103.7484865,1.374615],[103.7484824,1.3746174],[103.7484941,1.3746377],[103.748473,1.37465],[103.7484689,1.374643],[103.7484621,1.3746469],[103.7484627,1.3746489],[103.7484646,1.3746521],[103.7484684,1.3746499],[103.7484774,1.3746654],[103.7484881,1.3746592],[103.7484896,1.3746619],[103.7484849,1.3746646],[103.7484971,1.3746857],[103.7485095,1.3746785],[103.7485127,1.374684],[103.7485095,1.3746858],[103.7485195,1.3747032],[103.7485226,1.3747014],[103.7485258,1.3747069],[103.7485227,1.3747087],[103.7485316,1.3747243],[103.7485348,1.3747225],[103.7485379,1.374728],[103.7485348,1.3747298],[103.7485447,1.3747471],[103.7485478,1.3747453],[103.748551,1.3747508],[103.7485101,1.3747745],[103.7485078,1.3747705],[103.7484876,1.3747822],[103.7484753,1.3747609],[103.7484823,1.3747568],[103.7484784,1.37475],[103.7484733,1.3747525],[103.7484755,1.3747564],[103.74846,1.3747654],[103.7484892,1.3748177],[103.748495,1.3748267],[103.748499,1.3748278],[103.7484975,1.3748334],[103.7484923,1.374832],[103.7484884,1.3748496],[103.7485057,1.3748543],[103.7485045,1.3748586],[103.7485101,1.3748596],[103.7485127,1.3748501],[103.7485048,1.374848],[103.7485112,1.3748242],[103.7485337,1.3748303],[103.7485349,1.3748257],[103.7485805,1.374838],[103.7485789,1.3748442],[103.7485754,1.3748432],[103.7485703,1.3748625],[103.7485737,1.3748635],[103.7485721,1.3748696],[103.7485686,1.3748686],[103.748564,1.3748861],[103.7485675,1.374887],[103.7485658,1.3748932],[103.7485624,1.3748922],[103.7485572,1.3749116],[103.7485607,1.3749126],[103.748559,1.3749187],[103.748553,1.374917],[103.7485424,1.3749569],[103.7485476,1.3749583],[103.748546,1.3749642],[103.7485408,1.3749628],[103.7485302,1.3750026],[103.7485362,1.3750043],[103.7485346,1.3750104],[103.7485311,1.3750094],[103.748526,1.3750288],[103.7485294,1.3750298],[103.7485278,1.3750359],[103.7485243,1.375035],[103.7485197,1.3750524],[103.7485232,1.3750534],[103.7485215,1.3750595],[103.7485181,1.3750585],[103.7485129,1.3750778],[103.7485164,1.3750788],[103.7485148,1.3750849],[103.7484692,1.3750726],[103.7484704,1.3750681],[103.7484478,1.375062],[103.7484542,1.3750382],[103.748462,1.3750403],[103.7484645,1.3750308],[103.7484592,1.3750289],[103.748458,1.3750332],[103.7484408,1.3750285],[103.7484176,1.3751128],[103.7484157,1.3751226],[103.748433,1.3751272],[103.7484318,1.3751315],[103.7484374,1.3751327],[103.74844,1.3751231],[103.7484321,1.3751209],[103.7484385,1.3750972],[103.748461,1.3751033],[103.7484622,1.3750988],[103.7485078,1.3751111],[103.7485062,1.3751172],[103.7485027,1.3751163],[103.7484976,1.3751356],[103.748501,1.3751365],[103.7484994,1.3751426],[103.7484959,1.3751417],[103.7484913,1.3751592],[103.7484947,1.3751601],[103.7484931,1.3751662],[103.7484896,1.3751653],[103.7484845,1.3751847],[103.748488,1.3751856],[103.7484859,1.3751916],[103.7484802,1.3751901],[103.7484696,1.3752299],[103.7484749,1.3752313],[103.7484741,1.3752343],[103.7484689,1.3752329],[103.748468,1.3752359],[103.7484656,1.3752353],[103.748461,1.3752527],[103.7484567,1.3752515],[103.7484558,1.3752551],[103.7484557,1.3752571],[103.7484652,1.3752597],[103.7484673,1.3752518],[103.7484909,1.3752582],[103.7484848,1.3752809],[103.7484893,1.3752821],[103.7484771,1.375328]]]}},{"type":"Feature","properties":{"type":"HDB"},"geometry":{"type":"Polygon","coordinates":[[[103.7500423,1.3750608],[103.7499524,1.3753999],[103.7494148,1.3752537],[103.7494991,1.3749362],[103.7500094,1.375075],[103.7500152,1.3750534],[103.7500423,1.3750608]]]}},{"type":"Feature","properties":{"type":"HDB"},"geometry":{"type":"Polygon","coordinates":[[[103.7504941,1.3751775],[103.7504935,1.3751714],[103.7504961,1.3751699],[103.7504873,1.3751546],[103.7504819,1.3751578],[103.7504738,1.3751457],[103.7504711,1.3751472],[103.7504445,1.3751015],[103.7504658,1.375089],[103.7504714,1.3750987],[103.750492,1.3750866],[103.750489,1.3750815],[103.7504996,1.3750752],[103.7504912,1.3750608],[103.7504785,1.3750683],[103.7504684,1.375051],[103.7505157,1.3750231],[103.7505286,1.3750458],[103.7505392,1.3750397],[103.7505408,1.3750426],[103.7505386,1.3750439],[103.7505508,1.3750654],[103.750553,1.3750641],[103.7505548,1.3750673],[103.7505526,1.3750686],[103.7505639,1.3750885],[103.7505661,1.3750873],[103.750568,1.3750905],[103.7505576,1.3750965],[103.7505854,1.3751456],[103.7505958,1.3751396],[103.7505976,1.3751427],[103.7505953,1.375144],[103.7506066,1.3751638],[103.7506088,1.3751625],[103.7506107,1.3751659],[103.7506085,1.3751672],[103.7506206,1.3751886],[103.7506228,1.3751873],[103.7506246,1.3751903],[103.750614,1.3751964],[103.7506268,1.3752189],[103.7506065,1.3752305],[103.7505992,1.3752176],[103.7505912,1.3752222],[103.7505986,1.3752354],[103.750579,1.3752466],[103.7505694,1.3752296],[103.7505824,1.3752221],[103.7505742,1.3752076],[103.7505635,1.3752137],[103.7505605,1.3752084],[103.7505402,1.37522],[103.7505229,1.3751895],[103.7505116,1.3751972],[103.7505077,1.3751903],[103.7505061,1.3752079],[103.7505032,1.3752072],[103.7504892,1.3752599],[103.750492,1.3752606],[103.7504896,1.3752698],[103.7504868,1.375269],[103.7504851,1.3752755],[103.7504897,1.3752835],[103.7504951,1.3752803],[103.7504977,1.3752849],[103.750528,1.3752674],[103.7505398,1.375288],[103.7505451,1.3752849],[103.7505512,1.3752956],[103.7505653,1.3752874],[103.7505576,1.375274],[103.7505746,1.3752641],[103.7506022,1.3753123],[103.7505803,1.3753255],[103.7505863,1.3753359],[103.7505832,1.3753377],[103.7505818,1.3753353],[103.7505608,1.3753475],[103.7505622,1.3753499],[103.7505589,1.3753518],[103.7505575,1.3753494],[103.7505382,1.3753607],[103.7505396,1.3753631],[103.7505363,1.375365],[103.7505302,1.3753543],[103.750482,1.3753824],[103.7504882,1.375393],[103.750485,1.3753949],[103.7504836,1.3753925],[103.7504639,1.3754039],[103.7504653,1.3754063],[103.7504621,1.3754082],[103.7504607,1.3754058],[103.7504396,1.3754181],[103.750441,1.3754205],[103.7504379,1.3754223],[103.7504318,1.3754117],[103.7504097,1.3754245],[103.750382,1.3753764],[103.7503993,1.3753663],[103.7504068,1.3753795],[103.7504209,1.3753713],[103.7504148,1.3753608],[103.7504203,1.3753576],[103.7504085,1.3753371],[103.7504168,1.3753323],[103.7503846,1.3753236],[103.7503668,1.375389],[103.7503242,1.3753773],[103.7503401,1.3753189],[103.750325,1.3753131],[103.7503264,1.3753079],[103.7503037,1.3753019],[103.7502902,1.3753514],[103.7502603,1.3753432],[103.7502565,1.3753571],[103.7502907,1.3753665],[103.7502844,1.3753895],[103.7502692,1.3753853],[103.7502647,1.3754018],[103.7502801,1.3754061],[103.7502818,1.3753999],[103.7503008,1.3754052],[103.750287,1.3754557],[103.7502838,1.3754548],[103.7502845,1.3754521],[103.7502632,1.3754463],[103.7502625,1.3754489],[103.750259,1.3754479],[103.7502597,1.3754454],[103.7502363,1.375439],[103.7502356,1.3754414],[103.7502322,1.3754404],[103.7502364,1.3754249],[103.7501839,1.3754102],[103.7501794,1.3754265],[103.7501758,1.3754255],[103.7501766,1.3754226],[103.7501532,1.3754163],[103.7501525,1.375419],[103.750149,1.375418],[103.7501497,1.3754154],[103.7501285,1.3754096],[103.7501278,1.3754121],[103.7501244,1.3754111],[103.7501375,1.3753604],[103.7501568,1.3753656],[103.750155,1.3753722],[103.7501707,1.3753764],[103.7501751,1.3753598],[103.7501598,1.3753557],[103.750166,1.3753325],[103.7501938,1.37534],[103.7501952,1.375335],[103.7502014,1.3753367],[103.7502043,1.3753258],[103.7502131,1.3753282],[103.7502196,1.3753041],[103.7501932,1.375297],[103.7501995,1.3752733],[103.7502517,1.3752874],[103.750254,1.375279],[103.7502478,1.3752773],[103.7502492,1.3752721],[103.7502076,1.3752608],[103.7502138,1.3752378],[103.7502076,1.3752361],[103.7502108,1.3752243],[103.7501949,1.37522],[103.750191,1.3752348],[103.7501719,1.3752297],[103.7501863,1.3751759],[103.7502113,1.3751827],[103.7502144,1.3751708],[103.7502179,1.3751718],[103.7502172,1.3751745],[103.7502405,1.3751808],[103.7502412,1.3751781],[103.750245,1.3751791],[103.7502442,1.3751818],[103.7502659,1.3751877],[103.7502666,1.375185],[103.7502701,1.375186],[103.750267,1.3751978],[103.7503206,1.3752124],[103.7503238,1.3752006],[103.7503272,1.3752015],[103.7503265,1.3752041],[103.7503484,1.37521],[103.750349,1.3752075],[103.7503526,1.3752085],[103.750352,1.375211],[103.7503752,1.3752173],[103.7503759,1.3752148],[103.7503793,1.3752157],[103.7503762,1.3752275],[103.7504011,1.3752342],[103.7503871,1.375288],[103.7503682,1.3752831],[103.7503721,1.3752683],[103.750356,1.375264],[103.750353,1.3752758],[103.7503471,1.3752743],[103.7503412,1.375297],[103.750408,1.3753153],[103.7504097,1.3753091],[103.7504149,1.3753106],[103.7504151,1.3753172],[103.7504323,1.3753071],[103.7504291,1.3753016],[103.7504339,1.3752988],[103.7504357,1.3753019],[103.7504435,1.3752973],[103.7504449,1.3752997],[103.7504643,1.3752882],[103.7504631,1.3752861],[103.7504669,1.3752809],[103.7504695,1.3752816],[103.7504969,1.3751783],[103.7504941,1.3751775]]]}},{"type":"Feature","properties":{"type":"HDB"},"geometry":{"type":"Polygon","coordinates":[[[103.7491818,1.3755394],[103.7491827,1.3755359],[103.7491635,1.3755307],[103.7491626,1.3755342],[103.7491565,1.3755325],[103.7491574,1.375529],[103.7491401,1.3755244],[103.7491391,1.3755279],[103.7491331,1.3755262],[103.749134,1.3755227],[103.7491147,1.3755175],[103.7491138,1.375521],[103.7491077,1.3755194],[103.7491094,1.3755133],[103.7490698,1.3755026],[103.7490684,1.3755078],[103.7490625,1.3755062],[103.7490639,1.375501],[103.7490243,1.3754903],[103.7490227,1.3754964],[103.7490166,1.3754948],[103.7490175,1.3754913],[103.7489983,1.3754861],[103.7489973,1.3754896],[103.7489912,1.375488],[103.7489922,1.3754845],[103.7489748,1.3754798],[103.7489739,1.3754833],[103.7489678,1.3754817],[103.7489687,1.3754782],[103.7489496,1.375473],[103.7489486,1.3754765],[103.7489426,1.3754748],[103.7489548,1.375429],[103.7489593,1.3754302],[103.7489653,1.3754075],[103.7489889,1.3754139],[103.7489868,1.3754217],[103.7489963,1.3754243],[103.7489978,1.3754188],[103.7489939,1.3754177],[103.7489981,1.3753983],[103.7490081,1.375401],[103.7490163,1.3753705],[103.7490042,1.3753672],[103.7490055,1.375362],[103.7489042,1.3753346],[103.7489029,1.3753399],[103.7488972,1.3753384],[103.7488983,1.3753343],[103.7488888,1.3753312],[103.7488842,1.3753486],[103.7488803,1.3753476],[103.7488789,1.3753531],[103.7488883,1.3753556],[103.7488904,1.3753478],[103.748914,1.3753541],[103.748908,1.3753769],[103.7489125,1.3753781],[103.7489003,1.3754239],[103.7488942,1.3754223],[103.7488951,1.3754188],[103.748876,1.3754136],[103.748875,1.3754171],[103.748869,1.3754155],[103.7488699,1.375412],[103.7488525,1.3754073],[103.7488516,1.3754108],[103.7488455,1.3754092],[103.7488465,1.3754057],[103.7488272,1.3754005],[103.7488263,1.375404],[103.7488202,1.3754023],[103.7488218,1.3753962],[103.7487822,1.3753855],[103.7487808,1.3753908],[103.7487749,1.3753892],[103.7487763,1.3753839],[103.7487368,1.3753733],[103.7487351,1.3753794],[103.748729,1.3753777],[103.74873,1.3753742],[103.7487107,1.3753691],[103.7487098,1.3753725],[103.7487037,1.3753709],[103.7487046,1.3753674],[103.7486873,1.3753627],[103.7486863,1.3753662],[103.7486803,1.3753646],[103.7486812,1.3753611],[103.748662,1.3753559],[103.7486611,1.3753594],[103.748655,1.3753578],[103.7486672,1.3753119],[103.7486717,1.3753131],[103.7486778,1.3752904],[103.7487014,1.3752968],[103.7486993,1.3753046],[103.7487088,1.3753072],[103.7487102,1.3753017],[103.7487064,1.3753007],[103.7487106,1.3752811],[103.7486908,1.3752758],[103.7487019,1.3752339],[103.7487062,1.3752351],[103.7487077,1.3752296],[103.7486978,1.3752269],[103.7486957,1.3752348],[103.7486721,1.3752284],[103.7486781,1.3752057],[103.7486736,1.3752045],[103.7486858,1.3751586],[103.7486919,1.3751602],[103.748691,1.3751637],[103.7487101,1.3751689],[103.7487111,1.3751654],[103.7487171,1.3751671],[103.7487162,1.3751705],[103.7487336,1.3751752],[103.7487345,1.3751717],[103.7487406,1.3751734],[103.7487396,1.3751769],[103.7487589,1.3751821],[103.7487598,1.3751786],[103.7487659,1.3751802],[103.7487643,1.3751863],[103.7488039,1.375197],[103.7488053,1.3751918],[103.7488093,1.3751928],[103.748786,1.3752804],[103.7487916,1.3752819],[103.7487902,1.3752871],[103.7488687,1.3753075],[103.7488733,1.3752902],[103.7488772,1.3752912],[103.7488786,1.3752857],[103.7488711,1.3752837],[103.748869,1.3752915],[103.7488454,1.3752852],[103.7488514,1.3752624],[103.7488469,1.3752612],[103.7488591,1.3752154],[103.7488652,1.375217],[103.7488643,1.3752205],[103.7488835,1.3752257],[103.7488844,1.3752222],[103.7488905,1.3752238],[103.7488895,1.3752273],[103.7489069,1.375232],[103.7489078,1.3752285],[103.7489139,1.3752301],[103.748913,1.3752336],[103.7489322,1.3752388],[103.7489332,1.3752353],[103.7489392,1.375237],[103.7489356,1.3752505],[103.7489584,1.3752566],[103.7489598,1.3752514],[103.7489658,1.375253],[103.7489644,1.3752583],[103.7489872,1.3752644],[103.7489908,1.3752509],[103.7489969,1.3752525],[103.7489959,1.375256],[103.7490152,1.3752612],[103.7490161,1.3752577],[103.7490222,1.3752594],[103.7490213,1.3752628],[103.7490386,1.3752675],[103.7490396,1.375264],[103.7490456,1.3752657],[103.7490447,1.3752692],[103.7490639,1.3752743],[103.7490648,1.3752708],[103.7490709,1.3752725],[103.7490587,1.3753183],[103.7490542,1.3753171],[103.7490481,1.3753398],[103.7490245,1.3753335],[103.7490266,1.3753256],[103.7490191,1.3753236],[103.7490176,1.3753291],[103.7490214,1.3753301],[103.7490168,1.3753475],[103.7490794,1.3753651],[103.7490884,1.3753663],[103.7490902,1.3753598],[103.7490978,1.3753619],[103.7490993,1.3753562],[103.7491041,1.3753575],[103.7491283,1.3752667],[103.7491323,1.3752678],[103.7491309,1.375273],[103.7491705,1.3752837],[103.7491721,1.3752776],[103.7491782,1.3752792],[103.7491773,1.3752827],[103.7491965,1.3752879],[103.7491975,1.3752844],[103.7492035,1.3752861],[103.7492026,1.3752896],[103.74922,1.3752942],[103.7492209,1.3752907],[103.749227,1.3752924],[103.749226,1.3752959],[103.7492452,1.3753011],[103.7492461,1.3752976],[103.7492522,1.3752992],[103.74924,1.3753451],[103.7492355,1.3753438],[103.7492295,1.3753666],[103.7492058,1.3753602],[103.7492079,1.3753523],[103.7491975,1.3753495],[103.749196,1.375355],[103.7492009,1.3753563],[103.7491957,1.3753759],[103.7491882,1.3753739],[103.7491755,1.3754217],[103.7491672,1.3754194],[103.7491611,1.3754423],[103.7491778,1.3754468],[103.7491717,1.3754657],[103.7491679,1.3754647],[103.7491664,1.3754701],[103.7491759,1.3754727],[103.749178,1.3754648],[103.7492016,1.3754712],[103.7491955,1.3754939],[103.7492,1.3754951],[103.7491878,1.375541],[103.7491818,1.3755394]]]}},{"type":"Feature","properties":{"type":"HDB"},"geometry":{"type":"Polygon","coordinates":[[[103.7493917,1.3754261],[103.7494059,1.3753726],[103.7494307,1.3753792],[103.7494339,1.3753673],[103.7494374,1.3753682],[103.7494367,1.3753709],[103.7494601,1.3753773],[103.7494608,1.3753746],[103.7494645,1.3753756],[103.7494638,1.3753784],[103.7494855,1.3753843],[103.7494862,1.3753816],[103.7494898,1.3753826],[103.7494866,1.3753945],[103.7495403,1.3754092],[103.7495434,1.3753975],[103.749547,1.3753984],[103.7495463,1.3754009],[103.7495679,1.3754069],[103.7495686,1.3754043],[103.7495723,1.3754054],[103.7495717,1.3754079],[103.749595,1.3754143],[103.7495956,1.3754117],[103.7495991,1.3754127],[103.7495959,1.3754245],[103.7496205,1.3754312],[103.749606,1.375485],[103.7495871,1.3754799],[103.7495912,1.375465],[103.7495822,1.3754626],[103.7495812,1.3754664],[103.7495743,1.3754645],[103.7495721,1.3754727],[103.749566,1.3754711],[103.7495605,1.3754912],[103.7495715,1.3754942],[103.7495707,1.3754971],[103.7495993,1.3755049],[103.7496,1.3755025],[103.7496106,1.3755054],[103.7496099,1.3755081],[103.749635,1.375515],[103.7496357,1.3755122],[103.7496464,1.3755151],[103.749652,1.3754947],[103.7496674,1.3754989],[103.7496719,1.3754821],[103.7496564,1.3754779],[103.7496547,1.375484],[103.7496358,1.3754788],[103.7496495,1.3754284],[103.749653,1.3754294],[103.7496523,1.3754319],[103.7496732,1.3754378],[103.7496739,1.3754352],[103.7496775,1.3754362],[103.7496768,1.3754388],[103.7497001,1.3754453],[103.7497008,1.3754427],[103.749704,1.3754436],[103.7496997,1.3754593],[103.7497527,1.3754738],[103.749757,1.375458],[103.7497606,1.375459],[103.7497598,1.3754618],[103.7497832,1.3754682],[103.7497839,1.3754654],[103.7497875,1.3754664],[103.7497867,1.3754691],[103.7498075,1.3754748],[103.7498083,1.3754721],[103.7498118,1.375473],[103.7497981,1.3755236],[103.7497797,1.3755188],[103.7497814,1.3755124],[103.7497656,1.3755082],[103.7497614,1.3755245],[103.7497769,1.3755286],[103.7497714,1.3755496],[103.749785,1.3755532],[103.7497861,1.375549],[103.7497943,1.3755512],[103.7497924,1.3755584],[103.7498048,1.3755617],[103.7498054,1.3755593],[103.7498164,1.3755622],[103.7498223,1.3755397],[103.749832,1.3755422],[103.7498358,1.3755277],[103.7498259,1.3755251],[103.7498354,1.3754885],[103.7498907,1.3755031],[103.7498855,1.3755232],[103.7499094,1.3755295],[103.7498848,1.3756239],[103.7498751,1.3756213],[103.7498713,1.3756355],[103.749881,1.3756382],[103.7498711,1.375675],[103.7498676,1.3756741],[103.7498684,1.3756711],[103.7498471,1.3756653],[103.7498463,1.3756683],[103.7498429,1.3756674],[103.7498437,1.3756644],[103.7498199,1.3756579],[103.7498191,1.3756609],[103.7498122,1.3756591],[103.7498129,1.3756566],[103.7497895,1.3756501],[103.7497888,1.3756527],[103.7497855,1.3756518],[103.7497862,1.3756491],[103.7497649,1.3756432],[103.7497641,1.375646],[103.7497605,1.375645],[103.7497706,1.3756083],[103.7497804,1.3756111],[103.7497843,1.3755971],[103.749774,1.3755942],[103.7497801,1.3755721],[103.7497692,1.3755691],[103.7497681,1.3755729],[103.749763,1.3755714],[103.7497646,1.3755653],[103.749739,1.3755582],[103.7497376,1.3755634],[103.7497302,1.3755613],[103.7497316,1.3755561],[103.7497186,1.3755525],[103.7497061,1.3756023],[103.7497025,1.3756013],[103.7497032,1.3755987],[103.7496818,1.3755929],[103.749681,1.3755956],[103.7496776,1.3755947],[103.7496783,1.3755919],[103.749637,1.3755807],[103.7496276,1.3756168],[103.7495852,1.3756051],[103.7496057,1.3755243],[103.7495953,1.3755213],[103.7495942,1.3755251],[103.7495885,1.3755234],[103.7495902,1.3755171],[103.7495671,1.3755104],[103.7495664,1.375513],[103.7495556,1.3755102],[103.7495563,1.3755074],[103.7495277,1.3755],[103.7495264,1.3755049],[103.7495147,1.3755028],[103.7495033,1.375547],[103.7494955,1.3755449],[103.7494919,1.3755587],[103.7494988,1.3755606],[103.7494966,1.3755689],[103.7495379,1.37558],[103.7495319,1.3756027],[103.7495376,1.3756042],[103.7495354,1.3756124],[103.7495421,1.3756142],[103.749541,1.3756181],[103.7495502,1.3756206],[103.7495541,1.375606],[103.7495727,1.375611],[103.7495587,1.3756641],[103.7495338,1.3756575],[103.7495307,1.3756695],[103.7495273,1.3756686],[103.7495281,1.3756658],[103.7495047,1.3756594],[103.749504,1.3756622],[103.7495005,1.3756612],[103.7495012,1.3756585],[103.7494791,1.3756524],[103.7494783,1.3756552],[103.7494751,1.3756543],[103.7494783,1.3756422],[103.7494348,1.3756305],[103.7494324,1.3756396],[103.7494219,1.3756368],[103.7494212,1.3756394],[103.7494179,1.3756385],[103.7494187,1.3756357],[103.7493967,1.3756298],[103.749396,1.3756326],[103.7493923,1.3756316],[103.749393,1.3756288],[103.7493698,1.3756225],[103.749369,1.3756253],[103.7493656,1.3756244],[103.7493688,1.3756125],[103.749344,1.3756058],[103.7493583,1.3755521],[103.7493772,1.3755571],[103.7493733,1.3755719],[103.7493889,1.3755761],[103.749392,1.3755644],[103.7493978,1.375566],[103.7494039,1.3755432],[103.7494458,1.3755545],[103.7494471,1.3755494],[103.7494531,1.375551],[103.7494576,1.3755341],[103.7494295,1.3755265],[103.7494358,1.3755025],[103.7494093,1.3754954],[103.7494157,1.3754715],[103.7494623,1.3754841],[103.7494651,1.3754737],[103.7494588,1.375472],[103.7494603,1.3754664],[103.7494266,1.3754573],[103.7494326,1.3754345],[103.7494271,1.375433],[103.7494293,1.3754248],[103.7494227,1.375423],[103.7494237,1.3754192],[103.7494143,1.3754166],[103.7494104,1.3754312],[103.7493917,1.3754261]]]}},{"type":"Feature","properties":{"type":"HDB"},"geometry":{"type":"Polygon","coordinates":[[[103.7437927,1.3736908],[103.7437524,1.3737007],[103.7437581,1.3737239],[103.7437983,1.373714],[103.7438003,1.3737223],[103.743807,1.3737206],[103.7438059,1.3737161],[103.7438261,1.3737111],[103.7438319,1.3737349],[103.743841,1.3737327],[103.7438528,1.3737812],[103.7437756,1.3738002],[103.7437736,1.3737919],[103.7437106,1.3738073],[103.7437126,1.3738156],[103.7436362,1.3738345],[103.7436239,1.3737841],[103.7436046,1.3737889],[103.7435959,1.3737533],[103.743561,1.3737701],[103.7435684,1.3737856],[103.7435871,1.3737766],[103.7436089,1.3738225],[103.7435802,1.3738363],[103.7435836,1.3738436],[103.7435288,1.37387],[103.7435018,1.3738132],[103.7435213,1.3738038],[103.7435226,1.3738066],[103.7435291,1.3738035],[103.7435227,1.3737899],[103.743412,1.3738168],[103.7434163,1.3738346],[103.7434227,1.3738331],[103.7434219,1.3738298],[103.7434417,1.373825],[103.743447,1.3738467],[103.7434571,1.3738443],[103.7434691,1.373894],[103.7433914,1.3739129],[103.7433894,1.3739045],[103.7433258,1.37392],[103.7433278,1.3739284],[103.7432505,1.3739472],[103.7432385,1.3738975],[103.7432471,1.3738955],[103.7432417,1.3738732],[103.7432632,1.373868],[103.7432642,1.373872],[103.743269,1.3738709],[103.7432639,1.3738499],[103.7433064,1.3738395],[103.7433035,1.3738274],[103.7432617,1.3738376],[103.7432574,1.3738196],[103.7432529,1.3738207],[103.7432536,1.3738238],[103.7432315,1.3738292],[103.7432261,1.3738065],[103.7432172,1.3738087],[103.7432053,1.3737595],[103.7432837,1.3737404],[103.7432852,1.3737464],[103.7433175,1.3737385],[103.7433223,1.3737583],[103.7433422,1.3737535],[103.7433379,1.3737357],[103.74337,1.3737279],[103.7433681,1.3737201],[103.7434459,1.3737012],[103.7434575,1.3737497],[103.7434487,1.3737518],[103.7434542,1.3737746],[103.7434332,1.3737797],[103.7434321,1.373775],[103.7434261,1.3737765],[103.7434308,1.3737958],[103.7435146,1.3737754],[103.743485,1.373713],[103.7435141,1.373699],[103.743511,1.3736924],[103.743565,1.3736665],[103.7435922,1.3737238],[103.7435729,1.373733],[103.7435713,1.3737294],[103.7435651,1.3737324],[103.7435721,1.3737473],[103.7435916,1.3737379],[103.7436474,1.3737242],[103.7436301,1.3736533],[103.7436693,1.3736436],[103.7436742,1.3736638],[103.7436841,1.3736613],[103.7436799,1.373644],[103.7437019,1.3736386],[103.7436997,1.3736294],[103.7437325,1.3736213],[103.7437304,1.3736128],[103.7438071,1.373594],[103.7438191,1.3736434],[103.74381,1.3736456],[103.7438155,1.3736683],[103.743794,1.3736736],[103.7437921,1.3736659],[103.7437869,1.3736672],[103.7437927,1.3736908]]]}},{"type":"Feature","properties":{"type":"HDB"},"geometry":{"type":"Polygon","coordinates":[[[103.7457224,1.3738739],[103.7457207,1.3738768],[103.7456708,1.3738477],[103.7456755,1.3738395],[103.7456231,1.3738089],[103.7456181,1.3738177],[103.7455691,1.3737891],[103.7455709,1.3737859],[103.7455504,1.373774],[103.7455519,1.3737714],[103.7455499,1.3737703],[103.7455702,1.3737351],[103.7455826,1.3737424],[103.7455905,1.3737286],[103.7456154,1.3737432],[103.7456267,1.3737236],[103.7456519,1.3737383],[103.7456583,1.3737272],[103.7456616,1.3737281],[103.7456616,1.3737216],[103.7456582,1.3737216],[103.7456583,1.3736892],[103.7456117,1.3736892],[103.7456117,1.373684],[103.745609,1.373684],[103.745609,1.37367],[103.7456118,1.37367],[103.7456118,1.3736643],[103.7456245,1.3736643],[103.7456245,1.373645],[103.7455949,1.373645],[103.7455949,1.3736295],[103.7455806,1.3736295],[103.7455806,1.3735887],[103.7455829,1.3735859],[103.7456073,1.3735859],[103.7456073,1.373582],[103.7456645,1.373582],[103.7456645,1.3735923],[103.745725,1.3735923],[103.745725,1.373582],[103.7457823,1.373582],[103.7457823,1.3735862],[103.745806,1.3735862],[103.745806,1.3735885],[103.7458093,1.3735885],[103.7458093,1.3736298],[103.7457943,1.3736298],[103.7457943,1.3736452],[103.745765,1.3736452],[103.745765,1.373668],[103.7457364,1.373668],[103.7457364,1.3736764],[103.7457308,1.3736764],[103.7457278,1.3736879],[103.7456864,1.3736879],[103.7456864,1.3736845],[103.7456839,1.3736845],[103.7456795,1.3736891],[103.7456835,1.3736909],[103.7456835,1.3737318],[103.7456792,1.3737318],[103.7456792,1.373735],[103.7456822,1.3737368],[103.745684,1.3737336],[103.7457054,1.373746],[103.7457035,1.3737492],[103.7457074,1.3737514],[103.7457106,1.3737514],[103.7457105,1.3737473],[103.7457681,1.3737469],[103.7457681,1.3737513],[103.7457765,1.3737512],[103.7457765,1.3737476],[103.7458202,1.3737473],[103.7458202,1.3737517],[103.7458281,1.3737536],[103.7458298,1.3737506],[103.7458512,1.373763],[103.7458493,1.3737662],[103.7458581,1.3737713],[103.7458599,1.3737681],[103.7458884,1.3737847],[103.7458867,1.3737876],[103.7458927,1.3737911],[103.7459093,1.3737621],[103.7458887,1.3737501],[103.7458999,1.3737307],[103.7458745,1.3737159],[103.7459015,1.3736689],[103.7459262,1.3736808],[103.745928,1.3736777],[103.7459555,1.3736937],[103.7459503,1.3737027],[103.746003,1.3737333],[103.746008,1.3737246],[103.7460353,1.3737405],[103.7460336,1.3737435],[103.746054,1.3737553],[103.7460551,1.3737587],[103.7460281,1.3738058],[103.7460026,1.373791],[103.745992,1.3738095],[103.7459723,1.373798],[103.7459656,1.3738098],[103.7459247,1.3737861],[103.7459192,1.3737956],[103.7459598,1.3738192],[103.7459566,1.3738247],[103.7459597,1.3738265],[103.7459535,1.3738374],[103.7459515,1.3738363],[103.7459484,1.3738417],[103.7459447,1.3738395],[103.7459253,1.3738732],[103.7458883,1.3738517],[103.7458835,1.3738601],[103.7459233,1.3738832],[103.7459166,1.373895],[103.7459379,1.3739074],[103.7459271,1.3739262],[103.7459518,1.3739406],[103.7459249,1.3739875],[103.7459215,1.3739855],[103.7459204,1.3739875],[103.7459009,1.3739762],[103.7458985,1.3739805],[103.7458701,1.373964],[103.7458753,1.3739549],[103.7458234,1.3739248],[103.7458188,1.3739328],[103.7457721,1.3739028],[103.7457743,1.3738988],[103.7457713,1.373897],[103.7457971,1.3738519],[103.7458225,1.3738666],[103.7458336,1.3738472],[103.7458533,1.3738587],[103.7458653,1.3738377],[103.7458225,1.3738128],[103.7458388,1.3737843],[103.7458217,1.3737743],[103.7458236,1.3737708],[103.74582,1.3737688],[103.745816,1.3737688],[103.745816,1.3737728],[103.7457767,1.3737731],[103.7457767,1.3737692],[103.745768,1.3737692],[103.7457681,1.3737732],[103.7457334,1.3737734],[103.7457333,1.373769],[103.7457305,1.3737691],[103.7457246,1.3737794],[103.7457491,1.3737937],[103.7457373,1.3738141],[103.7457627,1.3738289],[103.7457553,1.3738418],[103.7457678,1.3738491],[103.7457473,1.3738845],[103.7457444,1.3738828],[103.7457427,1.3738857],[103.7457224,1.3738739]]]}},{"type":"Feature","properties":{"type":"HDB"},"geometry":{"type":"Polygon","coordinates":[[[103.7429048,1.3739375],[103.742881,1.3739465],[103.742886,1.3739571],[103.7428572,1.3739709],[103.7428603,1.3739775],[103.7428051,1.374004],[103.7427778,1.3739465],[103.7427986,1.3739365],[103.7428007,1.3739408],[103.7428058,1.3739383],[103.7427985,1.3739231],[103.742688,1.37395],[103.7426924,1.3739684],[103.742698,1.373967],[103.7426971,1.3739631],[103.7427182,1.373958],[103.7427236,1.3739808],[103.7427332,1.3739785],[103.7427452,1.3740281],[103.7426675,1.374047],[103.7426653,1.3740376],[103.7426033,1.3740527],[103.7426052,1.3740609],[103.7425298,1.3740793],[103.7425184,1.3740316],[103.7425279,1.3740293],[103.7425221,1.3740051],[103.7425411,1.3740005],[103.742542,1.374004],[103.7425485,1.3740024],[103.742544,1.3739836],[103.7425827,1.3739741],[103.7425797,1.3739615],[103.7425397,1.3739712],[103.7425354,1.3739533],[103.7425305,1.3739545],[103.7425316,1.3739589],[103.742511,1.3739639],[103.7425052,1.3739396],[103.7424961,1.3739418],[103.7424843,1.3738925],[103.7425599,1.3738741],[103.7425618,1.3738818],[103.7425942,1.373874],[103.7425986,1.3738921],[103.7426178,1.3738875],[103.7426136,1.3738698],[103.7426466,1.3738618],[103.7426448,1.3738541],[103.7427219,1.3738353],[103.7427337,1.3738846],[103.7427247,1.3738868],[103.74273,1.3739089],[103.7427086,1.3739141],[103.7427076,1.3739102],[103.7427015,1.3739117],[103.742706,1.3739306],[103.7427911,1.3739099],[103.7427615,1.3738475],[103.7427907,1.3738334],[103.7427874,1.3738264],[103.7428416,1.3738004],[103.7428688,1.3738579],[103.7428509,1.3738666],[103.7428493,1.3738632],[103.7428419,1.3738667],[103.7428491,1.373882],[103.7428729,1.3738706],[103.7429243,1.3738581],[103.7429073,1.3737876],[103.7429457,1.3737783],[103.7429505,1.3737986],[103.7429626,1.3737957],[103.7429581,1.373777],[103.742981,1.3737714],[103.7429787,1.373762],[103.7430094,1.3737545],[103.7430078,1.3737478],[103.7430862,1.3737288],[103.7430977,1.3737765],[103.7430881,1.3737789],[103.7430937,1.3738024],[103.7430726,1.3738075],[103.7430718,1.3738041],[103.7430663,1.3738055],[103.7430707,1.3738237],[103.7430309,1.3738334],[103.7430342,1.3738474],[103.7430748,1.3738375],[103.7430793,1.3738561],[103.7430854,1.3738546],[103.7430845,1.3738509],[103.7431047,1.373846],[103.7431102,1.3738689],[103.7431201,1.3738665],[103.743132,1.3739159],[103.7430541,1.3739348],[103.743052,1.373926],[103.7429882,1.3739415],[103.7429903,1.3739504],[103.7429124,1.3739693],[103.7429048,1.3739375]]]}},{"type":"Feature","properties":{"type":"HDB"},"geometry":{"type":"Polygon","coordinates":[[[103.7448741,1.374077],[103.7448866,1.3740385],[103.7449017,1.3740434],[103.7449032,1.3740389],[103.7449,1.3740379],[103.7449037,1.3740264],[103.7449067,1.3740274],[103.7449085,1.3740218],[103.7449529,1.3740363],[103.7449585,1.3740192],[103.7449522,1.3740056],[103.7448718,1.3739802],[103.7448742,1.373973],[103.74487,1.3739716],[103.7448731,1.3739618],[103.7448647,1.3739591],[103.7448672,1.3739512],[103.7448639,1.3739501],[103.7448827,1.3738918],[103.7449117,1.3738992],[103.744916,1.3738961],[103.7449415,1.3739045],[103.7449408,1.3739068],[103.7449435,1.3739077],[103.7449445,1.3739046],[103.7449651,1.3739114],[103.7449643,1.373914],[103.7449679,1.3739152],[103.7449687,1.3739128],[103.7449897,1.3739196],[103.7449887,1.3739225],[103.7449921,1.3739236],[103.7449929,1.3739211],[103.7450189,1.3739295],[103.7450177,1.3739333],[103.7450448,1.3739422],[103.7450441,1.3739444],[103.7450507,1.3739465],[103.7450516,1.3739437],[103.7450798,1.3739529],[103.745081,1.3739493],[103.7451292,1.373965],[103.745128,1.3739687],[103.7451314,1.3739698],[103.7451117,1.3740309],[103.7451173,1.3740327],[103.7451307,1.3740261],[103.7451497,1.3739688],[103.7451476,1.3739681],[103.7451502,1.3739602],[103.7451526,1.373961],[103.7451656,1.373921],[103.7451634,1.3739203],[103.7451725,1.3738979],[103.7451273,1.3738831],[103.7451296,1.3738759],[103.7451263,1.3738748],[103.7451298,1.3738639],[103.7451331,1.3738649],[103.7451386,1.373848],[103.7451257,1.3738438],[103.745127,1.3738397],[103.7450767,1.3738233],[103.7450892,1.3737847],[103.7451486,1.3738041],[103.745152,1.3737935],[103.7451997,1.3738091],[103.7452092,1.373771],[103.745213,1.3737722],[103.7452336,1.3737083],[103.7452263,1.3736973],[103.7452208,1.3736955],[103.7452005,1.3737582],[103.7451959,1.3737567],[103.745195,1.3737597],[103.7451492,1.3737448],[103.7451486,1.3737402],[103.7451223,1.3737316],[103.7451231,1.3737292],[103.7451154,1.3737267],[103.7451146,1.373729],[103.7450918,1.3737216],[103.7450857,1.3737242],[103.7450616,1.3737164],[103.7450626,1.3737133],[103.7450592,1.3737121],[103.745058,1.3737159],[103.7450379,1.3737093],[103.7450394,1.3737046],[103.7450365,1.3737036],[103.7450583,1.3736361],[103.7450616,1.3736372],[103.7450625,1.3736342],[103.7450756,1.3736385],[103.7450786,1.3736291],[103.7450838,1.3736308],[103.7450858,1.3736245],[103.7450975,1.3736306],[103.7451037,1.3736117],[103.745142,1.3736242],[103.7451482,1.3736343],[103.7451486,1.3736439],[103.7451601,1.3736477],[103.7451594,1.3736499],[103.7452232,1.3736708],[103.7452405,1.373673],[103.7452398,1.3736749],[103.7452453,1.3736767],[103.745254,1.3736494],[103.7452595,1.3736512],[103.7452609,1.373647],[103.7452694,1.3736498],[103.7452734,1.3736376],[103.7452761,1.3736385],[103.7452771,1.3736355],[103.7453456,1.3736579],[103.7453313,1.3737083],[103.7453268,1.3737099],[103.7453183,1.3737362],[103.7453154,1.3737352],[103.7453132,1.3737422],[103.7453159,1.3737431],[103.7453072,1.3737701],[103.7453112,1.3737714],[103.745296,1.3738187],[103.7452932,1.3738178],[103.7452858,1.373847],[103.7452838,1.3738463],[103.7452803,1.3738573],[103.7452829,1.3738581],[103.7452714,1.3738853],[103.7452736,1.373886],[103.7452617,1.3739154],[103.7452641,1.3739162],[103.7452564,1.3739403],[103.7452532,1.3739392],[103.7452518,1.3739435],[103.7452551,1.3739446],[103.7452489,1.3739639],[103.7452461,1.373963],[103.7452448,1.3739671],[103.7452478,1.3739681],[103.74524,1.3739923],[103.7452356,1.3739909],[103.7452268,1.3740182],[103.7452244,1.3740174],[103.7452222,1.3740241],[103.745224,1.3740247],[103.7452153,1.3740516],[103.7452195,1.374053],[103.7452113,1.3740786],[103.7452084,1.3740777],[103.7452075,1.3740805],[103.7452097,1.3740813],[103.7452031,1.3741014],[103.7452005,1.3741006],[103.745199,1.3741054],[103.7452021,1.3741064],[103.7451958,1.374126],[103.7451924,1.3741248],[103.7451915,1.3741275],[103.7451943,1.3741284],[103.7451861,1.3741536],[103.7451839,1.374156],[103.7451416,1.3741422],[103.745147,1.3741255],[103.7451174,1.3741158],[103.745116,1.3741199],[103.7451064,1.3741168],[103.7451081,1.3741117],[103.7451028,1.37411],[103.7451193,1.3740591],[103.7450334,1.3740318],[103.7450207,1.3740711],[103.745024,1.3740722],[103.7450174,1.3740925],[103.7450292,1.3740964],[103.7450281,1.3740997],[103.7450304,1.3741004],[103.745024,1.3741204],[103.7450207,1.3741193],[103.7450195,1.374123],[103.7450226,1.374124],[103.7450147,1.3741483],[103.7450098,1.3741466],[103.7450008,1.3741744],[103.7449979,1.3741734],[103.7449956,1.3741805],[103.7449981,1.3741814],[103.7449894,1.3742084],[103.7449932,1.3742096],[103.7449772,1.3742592],[103.7449873,1.3742625],[103.7449886,1.3742583],[103.7450295,1.3742717],[103.7450279,1.3742764],[103.745031,1.3742774],[103.745028,1.3742867],[103.7450245,1.3742856],[103.7450151,1.3743148],[103.7450309,1.3743199],[103.7450174,1.3743617],[103.7450151,1.3743609],[103.7450141,1.3743641],[103.744989,1.3743559],[103.7449899,1.374353],[103.7449864,1.3743519],[103.7449854,1.3743552],[103.7449659,1.3743488],[103.744967,1.3743453],[103.7449631,1.3743441],[103.7449621,1.3743473],[103.7449359,1.3743387],[103.7449367,1.3743363],[103.7449276,1.3743333],[103.7449266,1.3743363],[103.7449074,1.37433],[103.7449083,1.3743271],[103.744899,1.3743241],[103.7448982,1.3743267],[103.7448788,1.3743204],[103.7448799,1.374317],[103.7448695,1.3743136],[103.7448685,1.3743167],[103.7448455,1.3743092],[103.7448464,1.3743064],[103.7448417,1.3743048],[103.7448407,1.3743079],[103.7448208,1.3743014],[103.744822,1.3742978],[103.7448163,1.374296],[103.7448152,1.3742994],[103.744794,1.3742925],[103.7447935,1.3742877],[103.7447674,1.3742791],[103.7447683,1.3742762],[103.7447615,1.3742739],[103.7447605,1.3742768],[103.744737,1.3742691],[103.7447313,1.3742721],[103.7446849,1.374257],[103.7446861,1.3742533],[103.7446825,1.3742521],[103.7447045,1.3741839],[103.7447078,1.3741849],[103.7447086,1.3741825],[103.7447207,1.3741864],[103.7447235,1.3741776],[103.744719,1.3741761],[103.744723,1.3741537],[103.7447465,1.3741598],[103.7447493,1.3741511],[103.7447363,1.3741469],[103.7447375,1.374143],[103.7447349,1.3741422],[103.744757,1.3740738],[103.7447612,1.3740752],[103.7447619,1.3740731],[103.7447818,1.3740796],[103.7447811,1.3740817],[103.744807,1.3740881],[103.7448105,1.3740937],[103.7448342,1.3741015],[103.7448333,1.3741042],[103.7448382,1.3741058],[103.744818,1.3741683],[103.7448154,1.3741675],[103.7448146,1.3741702],[103.7448066,1.3741676],[103.7448034,1.3741776],[103.7447959,1.3741773],[103.7447913,1.3741916],[103.7448602,1.3742157],[103.744861,1.3742132],[103.7448708,1.3742163],[103.74487,1.3742188],[103.7448812,1.3742225],[103.7448928,1.374216],[103.7448985,1.3741983],[103.744895,1.3741971],[103.7449001,1.3741815],[103.7449041,1.3741816],[103.7449073,1.3741755],[103.744932,1.3740959],[103.7448741,1.374077]]]}},{"type":"Feature","properties":{"type":"HDB"},"geometry":{"type":"Polygon","coordinates":[[[103.7425298,1.3740793],[103.7426421,1.374052],[103.7426565,1.3741119],[103.7428797,1.3740576],[103.7428761,1.3740427],[103.7429547,1.3740235],[103.7429894,1.3741679],[103.7425753,1.3742687],[103.7425298,1.3740793]]]}},{"type":"Feature","properties":{"type":"HDB"},"geometry":{"type":"Polygon","coordinates":[[[103.7451296,1.3743437],[103.7451292,1.3741823],[103.7453082,1.3742417],[103.745214,1.3743712],[103.7451296,1.3743437]]]}},{"type":"Feature","properties":{"type":"HDB"},"geometry":{"type":"Polygon","coordinates":[[[103.7456733,1.374419],[103.7456348,1.3744071],[103.7456361,1.3744033],[103.7456284,1.3744007],[103.7456272,1.3744045],[103.7455887,1.3743916],[103.74559,1.3743875],[103.7455822,1.3743849],[103.7455808,1.3743891],[103.7455428,1.3743763],[103.745544,1.3743724],[103.7455362,1.3743699],[103.7455349,1.3743738],[103.7455034,1.3743637],[103.7455033,1.3743595],[103.7454967,1.3743804],[103.7454988,1.3743845],[103.745507,1.3743872],[103.7455063,1.3744],[103.7455091,1.3744008],[103.7455068,1.3744079],[103.7455344,1.3744168],[103.7455272,1.3744397],[103.7455546,1.3744485],[103.7455503,1.3744621],[103.7455634,1.3744663],[103.745551,1.3745051],[103.7455483,1.3745043],[103.7455474,1.3745073],[103.7455247,1.3745],[103.7455237,1.374503],[103.7454689,1.3744853],[103.7454718,1.3744761],[103.7453949,1.3744518],[103.745396,1.3744483],[103.7453449,1.3744321],[103.745346,1.3744287],[103.7453232,1.3744215],[103.7453243,1.3744179],[103.7453223,1.3744172],[103.7453349,1.374377],[103.7453548,1.3743833],[103.7453592,1.3743691],[103.7453918,1.3743795],[103.7453985,1.3743581],[103.7454587,1.3743771],[103.7454606,1.3743716],[103.7454707,1.3743752],[103.7454858,1.3743295],[103.7454425,1.3743154],[103.7454447,1.3743094],[103.745441,1.3743081],[103.7454455,1.3742953],[103.7454487,1.3742965],[103.7454508,1.3742904],[103.7454951,1.3743061],[103.7455017,1.3742873],[103.7454997,1.3742834],[103.7454899,1.37428],[103.7454912,1.3742761],[103.7454319,1.3742549],[103.7454392,1.3742343],[103.745406,1.3742224],[103.7454107,1.3742089],[103.7453908,1.3742018],[103.7454053,1.3741608],[103.7454081,1.3741593],[103.7454316,1.3741666],[103.7454329,1.3741626],[103.7454843,1.3741809],[103.7454851,1.3741783],[103.7455624,1.374204],[103.7455654,1.3741943],[103.745619,1.3742109],[103.7456176,1.3742156],[103.7456413,1.374223],[103.7456301,1.3742649],[103.7456154,1.3742603],[103.745611,1.3742745],[103.7455834,1.3742659],[103.745577,1.374287],[103.7455497,1.3742786],[103.7455475,1.3742856],[103.745544,1.3742846],[103.7455422,1.3742906],[103.7455386,1.3742895],[103.7455368,1.3742955],[103.7455257,1.3742921],[103.7455123,1.3743359],[103.7455088,1.3743348],[103.7455074,1.3743393],[103.7455429,1.3743502],[103.7455418,1.3743537],[103.7455499,1.3743562],[103.7455511,1.3743521],[103.7455892,1.3743655],[103.7455881,1.374369],[103.7455956,1.3743713],[103.7455966,1.374368],[103.7456348,1.3743809],[103.7456338,1.3743841],[103.7456418,1.3743866],[103.7456429,1.3743831],[103.7456815,1.3743951],[103.7456803,1.3743992],[103.7456905,1.3744023],[103.7456914,1.3743996],[103.7457229,1.3744094],[103.7457221,1.3744119],[103.745729,1.374414],[103.7457395,1.3743794],[103.7456797,1.3743609],[103.7456848,1.3743443],[103.7456571,1.3743358],[103.7456633,1.3743152],[103.7456441,1.3743093],[103.7456571,1.3742669],[103.745661,1.3742681],[103.7456617,1.3742658],[103.745684,1.3742728],[103.7456853,1.3742685],[103.7458154,1.3743088],[103.7458177,1.3743011],[103.7458727,1.3743181],[103.7458718,1.374321],[103.7458946,1.3743281],[103.7458834,1.3743711],[103.7458688,1.3743666],[103.7458646,1.3743801],[103.7458358,1.3743712],[103.7458291,1.3743933],[103.7458024,1.3743851],[103.7457999,1.3743932],[103.7457952,1.3743917],[103.7457936,1.3743969],[103.7457896,1.3743957],[103.7457882,1.3744004],[103.7457651,1.3743933],[103.7457614,1.3743947],[103.745755,1.3744158],[103.7457997,1.3744296],[103.7457965,1.3744475],[103.7457936,1.3744466],[103.7457918,1.3744526],[103.7457886,1.3744516],[103.7457776,1.3744874],[103.7457348,1.3744742],[103.7457328,1.3744806],[103.7457353,1.3744863],[103.7457589,1.3744936],[103.7457586,1.374505],[103.7457617,1.3745059],[103.7457591,1.3745144],[103.7457865,1.3745228],[103.7457796,1.3745455],[103.7458068,1.3745539],[103.7458023,1.3745685],[103.7458162,1.3745728],[103.7458045,1.3746112],[103.7458008,1.3746101],[103.7457999,1.374613],[103.7457776,1.3746061],[103.7457765,1.3746098],[103.7457226,1.3745917],[103.7457255,1.374582],[103.7456478,1.374558],[103.7456489,1.3745542],[103.7455974,1.3745382],[103.7455985,1.3745345],[103.7455753,1.3745273],[103.745587,1.3744835],[103.7456064,1.3744895],[103.7456108,1.374475],[103.745644,1.3744853],[103.7456505,1.3744641],[103.7457055,1.3744811],[103.7457104,1.3744652],[103.7456636,1.3744507],[103.7456733,1.374419]]]}},{"type":"Feature","properties":{"type":"HDB"},"geometry":{"type":"Polygon","coordinates":[[[103.7433228,1.3745347],[103.7435443,1.3744063],[103.7435698,1.3744516],[103.7435638,1.3744549],[103.7435713,1.3744684],[103.7435332,1.3744905],[103.7435431,1.3745085],[103.7436225,1.3744621],[103.7436162,1.3744396],[103.7435948,1.3744458],[103.7435908,1.3744318],[103.7435807,1.3744343],[103.7435702,1.3743957],[103.7435969,1.3743883],[103.7435963,1.3743837],[103.7436486,1.37437],[103.7436519,1.3743823],[103.7436837,1.3743739],[103.7437015,1.3744405],[103.7437507,1.3744277],[103.7437449,1.3744051],[103.7437228,1.3744113],[103.743719,1.3743974],[103.7437086,1.3744001],[103.7436987,1.3743612],[103.7437259,1.3743538],[103.7437248,1.3743491],[103.7437757,1.3743352],[103.743779,1.3743478],[103.7438411,1.3743311],[103.7438379,1.3743188],[103.7438897,1.3743045],[103.7438907,1.3743085],[103.7439183,1.3743017],[103.7439288,1.3743406],[103.7439187,1.3743435],[103.7439224,1.3743579],[103.7439003,1.3743636],[103.7439071,1.3743883],[103.743893,1.3743922],[103.7438984,1.374414],[103.7438896,1.3744164],[103.7439019,1.3744618],[103.7438616,1.3744726],[103.7438524,1.3744389],[103.7438174,1.3744478],[103.743819,1.3744537],[103.7438075,1.374457],[103.74381,1.3744669],[103.7438044,1.3744687],[103.74381,1.3744891],[103.7438301,1.3744841],[103.7438347,1.3745006],[103.7438393,1.3744995],[103.7438501,1.3745402],[103.7437973,1.3745544],[103.743794,1.3745414],[103.743733,1.3745575],[103.7437365,1.3745704],[103.7436836,1.374585],[103.7436729,1.374544],[103.7436773,1.3745427],[103.7436731,1.3745261],[103.7436929,1.3745213],[103.743687,1.3744982],[103.74373,1.3744864],[103.7437222,1.3744557],[103.7436801,1.3744665],[103.7436812,1.3744702],[103.7436758,1.3744716],[103.7436747,1.3744679],[103.7436299,1.37448],[103.7435358,1.3745346],[103.7435376,1.3745378],[103.7435327,1.3745406],[103.7435307,1.3745372],[103.7434829,1.3745644],[103.743506,1.3746044],[103.743544,1.3746261],[103.7435457,1.3746231],[103.7435505,1.3746257],[103.7435756,1.374582],[103.7435953,1.3745933],[103.7436092,1.3745696],[103.7436221,1.3745772],[103.7436269,1.3745688],[103.7436691,1.3745933],[103.7436149,1.3746874],[103.7436365,1.3746997],[103.7436254,1.3747185],[103.7436527,1.3747341],[103.7436455,1.3747473],[103.7436528,1.3747515],[103.74363,1.3747919],[103.7434069,1.3746621],[103.7434302,1.3746215],[103.7434372,1.3746265],[103.743445,1.3746128],[103.7434717,1.3746283],[103.7434859,1.3746046],[103.743471,1.3745792],[103.7434284,1.374604],[103.7434172,1.3745847],[103.7434132,1.3745868],[103.7434007,1.3745672],[103.7433623,1.3745892],[103.7433547,1.3745762],[103.7433481,1.3745796],[103.7433228,1.3745347]]]}},{"type":"Feature","properties":{"type":"HDB"},"geometry":{"type":"Polygon","coordinates":[[[103.7449972,1.3747832],[103.7449806,1.3748476],[103.7449507,1.3748395],[103.7449491,1.3748454],[103.7448973,1.3748314],[103.7448989,1.3748255],[103.7448711,1.374818],[103.7448814,1.3747795],[103.7448926,1.3747825],[103.7448963,1.3747685],[103.7449129,1.374773],[103.7449237,1.3747325],[103.7449071,1.374728],[103.744911,1.3747133],[103.7448999,1.3747103],[103.7449104,1.3746707],[103.7449382,1.3746782],[103.7449395,1.3746735],[103.7449913,1.3746875],[103.7449893,1.3746949],[103.7450192,1.374703],[103.7450184,1.3747062],[103.7450403,1.3747121],[103.7450307,1.3747479],[103.7450244,1.3747516],[103.7450191,1.3747713],[103.7450885,1.3747901],[103.7451027,1.3747366],[103.7450742,1.3747289],[103.7450872,1.3746801],[103.7450707,1.3746757],[103.7450892,1.3746138],[103.7450849,1.3746127],[103.745086,1.3746084],[103.7450642,1.3746025],[103.7450771,1.3745541],[103.7451032,1.3745612],[103.745105,1.3745545],[103.7451344,1.3745625],[103.745131,1.3745752],[103.7451905,1.3745913],[103.7451939,1.3745786],[103.7452228,1.3745864],[103.745221,1.374593],[103.7452471,1.3746001],[103.7452342,1.3746485],[103.7452123,1.3746425],[103.7452111,1.3746468],[103.7452069,1.3746457],[103.7452012,1.3746671],[103.7452054,1.3746683],[103.7451997,1.3746896],[103.7452034,1.3746906],[103.7451958,1.3747191],[103.7452047,1.3747215],[103.7451972,1.3747493],[103.7451658,1.3747408],[103.7451677,1.3747336],[103.745153,1.3747297],[103.7451514,1.3747354],[103.7451333,1.3747305],[103.745132,1.3747356],[103.7451194,1.3747322],[103.7451143,1.374751],[103.7451269,1.3747544],[103.7451253,1.3747606],[103.7451434,1.3747655],[103.7451424,1.3747691],[103.7451571,1.3747731],[103.745159,1.374766],[103.7451905,1.3747745],[103.7451833,1.3748015],[103.7451744,1.3747991],[103.7451665,1.3748289],[103.7451586,1.3748268],[103.745153,1.3748477],[103.7451572,1.3748488],[103.745156,1.3748531],[103.745178,1.374859],[103.7451653,1.3749064],[103.7451392,1.3748993],[103.7451372,1.3749068],[103.7451083,1.374899],[103.7451119,1.3748855],[103.7450524,1.3748694],[103.7450488,1.3748829],[103.7450194,1.3748749],[103.7450214,1.3748675],[103.7449951,1.3748603],[103.7450078,1.374813],[103.7450298,1.3748189],[103.7450309,1.3748147],[103.7450352,1.3748158],[103.7450408,1.374795],[103.7449972,1.3747832]]]}},{"type":"Feature","properties":{"type":"HDB"},"geometry":{"type":"Polygon","coordinates":[[[103.7430783,1.3749519],[103.7430641,1.3749478],[103.743072,1.3749168],[103.7430513,1.3749118],[103.7430569,1.3748896],[103.7429125,1.3748517],[103.7429259,1.3748024],[103.7429329,1.3748044],[103.7429368,1.3747895],[103.7429798,1.3748009],[103.7429858,1.3747787],[103.7430399,1.3747935],[103.7430365,1.3748087],[103.7430608,1.3748149],[103.7430683,1.3747835],[103.7430646,1.3747824],[103.743066,1.3747776],[103.7430722,1.3747792],[103.7430766,1.3747551],[103.743077,1.3746847],[103.7429855,1.3746845],[103.7429786,1.374686],[103.7429798,1.37469],[103.7429744,1.3746914],[103.7429734,1.3746879],[103.7429341,1.3746986],[103.7429429,1.3747319],[103.7428931,1.3747453],[103.7428841,1.3747105],[103.7428724,1.3747139],[103.7428784,1.374738],[103.7428824,1.3747369],[103.7428838,1.3747424],[103.74288,1.3747435],[103.7428803,1.3747512],[103.7429008,1.3748276],[103.7428693,1.3748361],[103.7428725,1.3748482],[103.7428203,1.3748625],[103.7428191,1.3748587],[103.7427917,1.3748656],[103.7427817,1.3748269],[103.7427918,1.3748241],[103.7427882,1.3748097],[103.7428101,1.3748039],[103.7428036,1.3747789],[103.7428196,1.3747745],[103.7428087,1.3747331],[103.7428069,1.3747335],[103.7428023,1.3747168],[103.7427883,1.3747206],[103.7427816,1.3746959],[103.7427595,1.3747018],[103.7427554,1.3746875],[103.742745,1.3746906],[103.742735,1.3746518],[103.7427624,1.3746445],[103.7427613,1.3746397],[103.7428121,1.3746259],[103.7428181,1.374638],[103.7428776,1.3746216],[103.7428746,1.3746094],[103.7429263,1.374595],[103.7429278,1.3745996],[103.742955,1.3745923],[103.742965,1.374631],[103.7429549,1.3746334],[103.7429588,1.3746481],[103.7429363,1.3746538],[103.7429424,1.3746763],[103.7429811,1.3746661],[103.7430201,1.3746667],[103.7430202,1.3746448],[103.7429927,1.3746451],[103.7429926,1.3746298],[103.7429831,1.3746298],[103.7429833,1.3745805],[103.7432009,1.3745808],[103.7432005,1.37463],[103.7431911,1.37463],[103.7431911,1.3746455],[103.743164,1.3746451],[103.7431634,1.3746685],[103.7430951,1.3746687],[103.7430949,1.3747055],[103.743099,1.3747055],[103.7430992,1.3747111],[103.7430947,1.3747112],[103.7430954,1.3747392],[103.7431179,1.3747454],[103.7431262,1.374715],[103.7431405,1.3747189],[103.7431428,1.3747105],[103.7431877,1.3747225],[103.7431208,1.3749733],[103.7430759,1.3749598],[103.7430783,1.3749519]]]}},{"type":"Feature","properties":{"type":"HDB"},"geometry":{"type":"Polygon","coordinates":[[[103.7454612,1.3749649],[103.7454763,1.3749086],[103.7454367,1.3749315],[103.7454247,1.3749104],[103.7454016,1.3749238],[103.7453945,1.3749114],[103.7453822,1.3749185],[103.7453624,1.3748839],[103.7453868,1.3748697],[103.7453836,1.3748641],[103.7454304,1.374837],[103.7454341,1.3748434],[103.745488,1.3748122],[103.7454843,1.3748058],[103.7455307,1.3747789],[103.7455339,1.3747845],[103.7455582,1.3747704],[103.745578,1.374805],[103.745566,1.3748119],[103.7455731,1.3748244],[103.7455509,1.3748372],[103.745563,1.3748583],[103.7455874,1.3748441],[103.7456132,1.3748511],[103.7456188,1.3748303],[103.7456049,1.3748266],[103.7456086,1.3748125],[103.7455962,1.3748091],[103.7456065,1.3747705],[103.7456329,1.3747776],[103.7456342,1.3747728],[103.7456863,1.3747869],[103.7456846,1.3747934],[103.7457439,1.3748095],[103.7457457,1.374803],[103.7457967,1.3748168],[103.7457954,1.3748216],[103.7458232,1.3748291],[103.7458129,1.3748677],[103.7458008,1.3748645],[103.7457971,1.3748786],[103.7457813,1.3748743],[103.7457758,1.3748951],[103.7457582,1.3748904],[103.7457398,1.3749533],[103.7457487,1.3749557],[103.7457424,1.3749793],[103.7457683,1.3749863],[103.7457645,1.3750003],[103.7457766,1.3750036],[103.745766,1.3750432],[103.7457383,1.3750357],[103.7457371,1.37504],[103.7456861,1.3750262],[103.7456879,1.3750195],[103.7456285,1.3750034],[103.7456267,1.3750102],[103.7455745,1.374996],[103.7455757,1.3749917],[103.7455494,1.3749846],[103.7455599,1.374945],[103.7455724,1.3749484],[103.7455761,1.3749343],[103.7456015,1.3749412],[103.7456078,1.3749176],[103.7456623,1.3749324],[103.7456674,1.3749132],[103.7456192,1.3749001],[103.7456267,1.374872],[103.7455901,1.3748621],[103.7454901,1.3749201],[103.7454732,1.3749835],[103.7455086,1.3749931],[103.7455028,1.3750148],[103.7455173,1.3750188],[103.7455136,1.3750328],[103.7455338,1.3750383],[103.7455229,1.3750792],[103.7454964,1.375072],[103.7454949,1.3750776],[103.7454429,1.3750635],[103.7454442,1.375059],[103.7453495,1.3750334],[103.7453483,1.3750379],[103.7452962,1.3750238],[103.7452977,1.3750182],[103.745271,1.375011],[103.7452819,1.3749701],[103.7453032,1.3749759],[103.745307,1.3749619],[103.7453208,1.3749656],[103.7453266,1.3749439],[103.7453542,1.3749513],[103.7453601,1.3749292],[103.7454175,1.3749472],[103.745416,1.3749527],[103.7454612,1.3749649]]]}},{"type":"Feature","properties":{"type":"HDB"},"geometry":{"type":"Polygon","coordinates":[[[103.7445204,1.3755807],[103.7442276,1.3754862],[103.7445799,1.3743809],[103.7448727,1.3744754],[103.7445204,1.3755807]]]}},{"type":"Feature","properties":{"type":"HDB"},"geometry":{"type":"Polygon","coordinates":[[[103.7461729,1.3751129],[103.7461131,1.3750079],[103.7460526,1.3749916],[103.7460457,1.3750176],[103.7459976,1.3750046],[103.7459919,1.3750259],[103.7460459,1.3750405],[103.7460398,1.3750633],[103.7460665,1.3750705],[103.7460626,1.3750849],[103.7460747,1.3750882],[103.7460646,1.3751259],[103.746038,1.3751187],[103.7460367,1.3751239],[103.7459838,1.3751096],[103.7459858,1.3751019],[103.745927,1.375086],[103.7459249,1.3750937],[103.7458727,1.3750796],[103.7458741,1.3750744],[103.7458475,1.3750672],[103.7458576,1.3750295],[103.74587,1.3750328],[103.7458738,1.3750184],[103.7458998,1.3750254],[103.7459058,1.3750026],[103.7459149,1.3750051],[103.7459295,1.3749423],[103.7459123,1.3749377],[103.7459182,1.3749158],[103.7459023,1.3749115],[103.7459058,1.3748986],[103.7458935,1.3748953],[103.7459044,1.3748545],[103.7459325,1.3748621],[103.7459337,1.3748575],[103.7459857,1.3748715],[103.7459837,1.3748791],[103.7460412,1.3748946],[103.7460432,1.3748871],[103.7460947,1.374901],[103.7460935,1.3749056],[103.7461214,1.3749132],[103.7461105,1.374954],[103.7460985,1.3749507],[103.746095,1.3749636],[103.7460805,1.3749597],[103.7460747,1.3749816],[103.7461161,1.3749928],[103.7461383,1.3749799],[103.7461306,1.3749665],[103.746143,1.3749594],[103.7461324,1.3749409],[103.7461706,1.3749188],[103.7461847,1.3749436],[103.7461894,1.3749409],[103.7462158,1.3749872],[103.7462115,1.3749897],[103.7462592,1.3750734],[103.7462635,1.3750709],[103.7462902,1.3751177],[103.7462855,1.3751204],[103.7462996,1.3751452],[103.7462615,1.3751673],[103.746251,1.3751489],[103.7462386,1.3751561],[103.7462312,1.3751429],[103.7462121,1.375154],[103.7461885,1.3751127],[103.7461688,1.3751901],[103.7462013,1.3751712],[103.7462122,1.3751902],[103.7462257,1.3751824],[103.7462333,1.3751957],[103.7462523,1.3751847],[103.7462737,1.3752222],[103.7462497,1.3752361],[103.7462529,1.3752416],[103.7462053,1.3752693],[103.7462026,1.3752646],[103.7461181,1.3753137],[103.7461207,1.3753183],[103.7460749,1.3753449],[103.7460717,1.3753393],[103.7460472,1.3753536],[103.7460257,1.3753161],[103.7460443,1.3753053],[103.7460367,1.375292],[103.74605,1.3752843],[103.7460392,1.3752652],[103.7460635,1.3752511],[103.7460524,1.3752316],[103.7461058,1.3752032],[103.7461086,1.3752081],[103.7461556,1.3751808],[103.7461729,1.3751129]]]}},{"type":"Feature","properties":{"type":"HDB"},"geometry":{"type":"Polygon","coordinates":[[[103.7426791,1.3751831],[103.7427063,1.3751756],[103.7427053,1.3751708],[103.7427577,1.3751573],[103.7427609,1.3751695],[103.742821,1.3751533],[103.7428177,1.3751407],[103.7428704,1.3751264],[103.7428717,1.375131],[103.742899,1.3751238],[103.7429093,1.3751623],[103.7428989,1.3751652],[103.7429026,1.3751797],[103.7428805,1.3751858],[103.7428864,1.3752082],[103.742892,1.375209],[103.742886,1.3752105],[103.7428979,1.3752561],[103.7428598,1.3752663],[103.7428646,1.3752845],[103.742841,1.3752908],[103.7428372,1.3752772],[103.7427685,1.3752957],[103.7427659,1.3753042],[103.7427714,1.3753057],[103.7427656,1.3753277],[103.7427925,1.3753353],[103.7427886,1.37535],[103.7427977,1.3753528],[103.742785,1.3754003],[103.7425748,1.3753437],[103.7425875,1.3752961],[103.7425964,1.3752986],[103.7426006,1.3752838],[103.7426273,1.3752908],[103.7426328,1.3752694],[103.7425885,1.3752572],[103.7425805,1.3752571],[103.7425793,1.3752609],[103.7425737,1.3752596],[103.7425747,1.3752544],[103.7425355,1.3752437],[103.7425296,1.3752643],[103.7425565,1.3752718],[103.7425527,1.3752862],[103.7425617,1.3752888],[103.7425488,1.3753366],[103.7423387,1.3752798],[103.7423514,1.3752321],[103.7423604,1.3752347],[103.7423643,1.3752199],[103.7423906,1.3752267],[103.742404,1.3751832],[103.7424528,1.3751966],[103.7424524,1.3751989],[103.7424575,1.3752004],[103.7424568,1.3752039],[103.7424863,1.3752119],[103.7424914,1.375192],[103.7424718,1.3751867],[103.7424759,1.3751697],[103.7424713,1.3751685],[103.7424816,1.3751273],[103.742535,1.3751421],[103.7425316,1.3751551],[103.7425934,1.3751712],[103.7425972,1.3751585],[103.7426487,1.3751726],[103.7426376,1.3752135],[103.7426331,1.3752122],[103.7426286,1.3752288],[103.7426089,1.3752233],[103.7426033,1.3752434],[103.7426748,1.375263],[103.742676,1.3752593],[103.7426814,1.3752605],[103.7426802,1.3752643],[103.7427487,1.3752829],[103.7427541,1.3752814],[103.7427456,1.3752485],[103.7427324,1.375252],[103.7427255,1.3752274],[103.7427034,1.3752332],[103.7426997,1.3752188],[103.7426895,1.3752216],[103.7426791,1.3751831]]]}},{"type":"Feature","properties":{"type":"HDB"},"geometry":{"type":"Polygon","coordinates":[[[103.7436813,1.374904],[103.74369,1.3749064],[103.7436929,1.3748958],[103.7437328,1.3749066],[103.74373,1.3749171],[103.7437471,1.3749217],[103.7436996,1.3751009],[103.7436411,1.375085],[103.7434891,1.3756549],[103.743192,1.3755741],[103.7433759,1.3748841],[103.7436062,1.3749462],[103.7436217,1.374888],[103.7436308,1.3748904],[103.7436337,1.3748797],[103.7436841,1.3748934],[103.7436813,1.374904]]]}},{"type":"Feature","properties":{"type":"HDB"},"geometry":{"type":"Polygon","coordinates":[[[103.7428534,1.3754971],[103.7428649,1.3754518],[103.742873,1.3754538],[103.7428774,1.3754394],[103.7429074,1.3754477],[103.742913,1.3754267],[103.7429332,1.3754321],[103.7429436,1.3753928],[103.7429534,1.3753956],[103.7429661,1.3753484],[103.7429997,1.3753573],[103.7430224,1.375271],[103.7430189,1.3752698],[103.7430202,1.3752646],[103.7430031,1.3752599],[103.7430162,1.3752095],[103.7430329,1.3752138],[103.7430359,1.3752034],[103.7430422,1.3752051],[103.7430467,1.3751865],[103.74299,1.3751707],[103.7429955,1.3751487],[103.7429526,1.3751372],[103.7429564,1.3751225],[103.7429496,1.3751205],[103.742963,1.3750707],[103.7432099,1.3751372],[103.7431966,1.3751875],[103.7431898,1.3751858],[103.7431856,1.3752004],[103.7431428,1.3751888],[103.7431369,1.3752112],[103.743131,1.3752096],[103.7431236,1.375237],[103.7431353,1.3752423],[103.7431208,1.3752945],[103.7431169,1.3752934],[103.7431094,1.3753207],[103.7430711,1.3753102],[103.7430737,1.3753],[103.7430595,1.3752961],[103.7430653,1.3752742],[103.7430433,1.3752679],[103.7430298,1.3753177],[103.7430337,1.3753188],[103.7430324,1.3753243],[103.7430284,1.3753239],[103.7430213,1.3753503],[103.743043,1.3753563],[103.7430493,1.3753342],[103.7430638,1.3753379],[103.7430665,1.3753276],[103.7431047,1.3753381],[103.7430969,1.375367],[103.7431015,1.3753682],[103.743088,1.3754192],[103.7430758,1.375416],[103.7430628,1.3754673],[103.7430851,1.3754734],[103.7430804,1.3754941],[103.7431099,1.3755024],[103.7431062,1.3755168],[103.7431141,1.3755189],[103.7431019,1.3755644],[103.7428534,1.3754971]]]}},{"type":"Feature","properties":{"type":"HDB"},"geometry":{"type":"Polygon","coordinates":[[[103.7448843,1.3751864],[103.7448864,1.3751915],[103.7448767,1.3752278],[103.7448557,1.3752221],[103.7448535,1.3752304],[103.7448061,1.3752176],[103.7448049,1.3752219],[103.7447525,1.3752077],[103.7447539,1.3752026],[103.7447262,1.3751951],[103.7447373,1.3751533],[103.7447578,1.3751589],[103.7447616,1.3751444],[103.7447759,1.3751483],[103.7447865,1.3751084],[103.7447722,1.3751046],[103.744776,1.3750904],[103.7447556,1.3750848],[103.7447669,1.3750426],[103.7447946,1.3750501],[103.7447961,1.3750446],[103.7448485,1.3750587],[103.7448475,1.3750625],[103.7448949,1.3750753],[103.7448764,1.3751447],[103.7449334,1.3751601],[103.7449396,1.375137],[103.7449127,1.3751297],[103.7449163,1.375116],[103.7449032,1.3751125],[103.7449136,1.3750737],[103.7449421,1.3750813],[103.7449433,1.3750765],[103.7449955,1.3750906],[103.7449937,1.3750975],[103.7450221,1.3751051],[103.7450279,1.3750833],[103.7450503,1.3750893],[103.7450542,1.3750747],[103.7450674,1.3750783],[103.7450728,1.3750579],[103.7451155,1.3750694],[103.7451085,1.3750958],[103.7451128,1.375097],[103.7450986,1.3751501],[103.7450943,1.375149],[103.7450691,1.3752432],[103.7450734,1.3752444],[103.7450594,1.3752967],[103.7450552,1.3752956],[103.7450477,1.3753234],[103.7450042,1.3753117],[103.7450097,1.3752908],[103.7449965,1.3752873],[103.7450003,1.3752731],[103.7449788,1.3752672],[103.7449547,1.3753573],[103.7449763,1.3753631],[103.7449805,1.3753473],[103.7449937,1.3753509],[103.7449992,1.3753302],[103.7450428,1.3753419],[103.7450357,1.3753683],[103.74504,1.3753695],[103.7450259,1.375422],[103.7450217,1.3754209],[103.7449963,1.3755161],[103.7450005,1.3755172],[103.7449864,1.3755703],[103.7449821,1.3755691],[103.7449745,1.3755976],[103.7449318,1.3755861],[103.7449376,1.3755641],[103.7449244,1.3755606],[103.7449284,1.3755457],[103.744906,1.3755397],[103.7449118,1.3755179],[103.7448835,1.3755102],[103.7448814,1.3755182],[103.7448292,1.375504],[103.7448307,1.3754984],[103.7448022,1.3754907],[103.7448129,1.3754509],[103.744826,1.3754544],[103.7448295,1.3754414],[103.7448564,1.3754487],[103.7448629,1.3754242],[103.7448718,1.3754266],[103.7448872,1.3753623],[103.7449073,1.3753677],[103.7449201,1.3753197],[103.7449464,1.3753267],[103.7449825,1.3751913],[103.7448897,1.3751662],[103.7448843,1.3751864]]]}},{"type":"Feature","properties":{"type":"HDB"},"geometry":{"type":"Polygon","coordinates":[[[103.7461707,1.3755147],[103.7459962,1.3754681],[103.7460239,1.3753628],[103.7461984,1.3754093],[103.7461707,1.3755147]]]}},{"type":"Feature","properties":{"type":"HDB"},"geometry":{"type":"Polygon","coordinates":[[[103.7453201,1.3753788],[103.7453583,1.3753568],[103.7453725,1.3753818],[103.7453767,1.3753794],[103.7454038,1.3754269],[103.7453996,1.3754293],[103.7454478,1.3755138],[103.7454519,1.3755114],[103.7454789,1.3755589],[103.7454748,1.3755612],[103.7454891,1.3755863],[103.7454509,1.3756083],[103.7454402,1.3755897],[103.7454279,1.3755968],[103.7454201,1.3755831],[103.7454009,1.3755942],[103.7454448,1.3756713],[103.7454824,1.3756814],[103.7455079,1.3755857],[103.7455382,1.3755939],[103.7455399,1.3755876],[103.7455904,1.3756012],[103.7455889,1.3756067],[103.7456166,1.3756142],[103.7456064,1.3756524],[103.7455939,1.3756491],[103.7455901,1.3756634],[103.7455633,1.3756561],[103.745557,1.3756798],[103.7455482,1.3756774],[103.7455376,1.3757172],[103.7455405,1.375718],[103.7455346,1.3757404],[103.745552,1.3757451],[103.7455464,1.375766],[103.7455616,1.3757702],[103.7455577,1.3757846],[103.7455702,1.3757879],[103.7455597,1.3758274],[103.745532,1.3758199],[103.7455306,1.375825],[103.7454801,1.3758114],[103.7454834,1.375799],[103.7454266,1.3757836],[103.7454233,1.375796],[103.7453733,1.3757825],[103.7453746,1.3757773],[103.7453431,1.3757688],[103.7453537,1.3757294],[103.7453651,1.3757325],[103.7453689,1.3757181],[103.7453838,1.3757221],[103.7453894,1.3757011],[103.7454062,1.3757056],[103.7454188,1.3756583],[103.7453633,1.375561],[103.7453113,1.375591],[103.7453388,1.3755984],[103.7453331,1.3756198],[103.7453482,1.3756239],[103.7453446,1.3756375],[103.7453562,1.3756406],[103.7453457,1.3756802],[103.7453189,1.375673],[103.7453177,1.3756774],[103.7452652,1.3756632],[103.745267,1.3756568],[103.7452095,1.3756412],[103.7452078,1.3756477],[103.7451558,1.3756336],[103.745157,1.3756292],[103.7451299,1.3756219],[103.7451405,1.3755823],[103.7451516,1.3755853],[103.7451552,1.3755717],[103.7451712,1.375576],[103.7451821,1.3755351],[103.7451662,1.3755307],[103.7451702,1.3755158],[103.7451591,1.3755128],[103.7451694,1.375474],[103.7451965,1.3754813],[103.7451977,1.3754766],[103.7452497,1.3754906],[103.745248,1.3754971],[103.745278,1.3755052],[103.7452629,1.3755618],[103.7453079,1.375574],[103.7453552,1.3755467],[103.7453377,1.3755159],[103.7453337,1.3755182],[103.7453238,1.375501],[103.7453209,1.3755001],[103.7453013,1.3754658],[103.7453212,1.3754543],[103.7453073,1.37543],[103.7453265,1.3754189],[103.7453189,1.3754055],[103.7453312,1.3753984],[103.7453201,1.3753788]]]}},{"type":"Feature","properties":{"type":"HDB"},"geometry":{"type":"Polygon","coordinates":[[[103.7444598,1.3756651],[103.7444817,1.375675],[103.7444972,1.3756934],[103.7445015,1.3757048],[103.7445022,1.3757289],[103.7444937,1.3757722],[103.7443169,1.3757369],[103.7443359,1.3756405],[103.7444598,1.3756651]]]}},{"type":"Feature","properties":{"type":"HDB"},"geometry":{"type":"Polygon","coordinates":[[[103.7411488,1.375138],[103.7412798,1.3751961],[103.7412376,1.3752923],[103.7411067,1.3752342],[103.7411488,1.375138]]]}},{"type":"Feature","properties":{"type":"HDB"},"geometry":{"type":"Polygon","coordinates":[[[103.7379509,1.3752017],[103.7380302,1.3751594],[103.7381062,1.3753031],[103.7380268,1.3753455],[103.7379509,1.3752017]]]}},{"type":"Feature","properties":{"type":"HDB"},"geometry":{"type":"Polygon","coordinates":[[[103.7372369,1.3751984],[103.7372317,1.3752026],[103.7372423,1.375216],[103.737256,1.375205],[103.737275,1.3752291],[103.7372434,1.3752545],[103.7372298,1.3752374],[103.7372109,1.3752526],[103.737226,1.3752718],[103.7372132,1.3752821],[103.7372325,1.3752843],[103.7372472,1.3752724],[103.7372801,1.375314],[103.7372467,1.3753408],[103.7372523,1.3753479],[103.737465,1.3751774],[103.7373995,1.3750947],[103.7374066,1.3750891],[103.7373729,1.3750466],[103.7374369,1.3749954],[103.7374722,1.3750399],[103.7374553,1.3750535],[103.7374704,1.3750726],[103.7374894,1.3750573],[103.7375045,1.3750764],[103.7375007,1.3750796],[103.7375146,1.3750972],[103.7375185,1.3750941],[103.7375336,1.3751132],[103.7375146,1.3751285],[103.7375297,1.3751476],[103.7375466,1.375134],[103.7375987,1.3751999],[103.7375663,1.3752258],[103.7375613,1.3752194],[103.7375395,1.3752368],[103.7375429,1.3752411],[103.7374965,1.3752782],[103.7374829,1.3752612],[103.737464,1.3752764],[103.7374808,1.3752977],[103.7374407,1.3753298],[103.7374239,1.3753085],[103.7374049,1.3753238],[103.7374184,1.3753408],[103.7373277,1.3754134],[103.7373142,1.3753963],[103.7372953,1.3754116],[103.7373104,1.3754307],[103.7372893,1.3754476],[103.7372877,1.3754455],[103.7372012,1.3755148],[103.7371749,1.3754815],[103.7371791,1.3754781],[103.7371685,1.3754647],[103.7371558,1.3754749],[103.7371368,1.3754508],[103.7371874,1.3754103],[103.7371857,1.3754081],[103.7372067,1.3753913],[103.7371978,1.3753799],[103.7371838,1.3753912],[103.7371513,1.3753501],[103.7371653,1.375339],[103.7371564,1.3753276],[103.7371353,1.3753445],[103.7371202,1.3753253],[103.7371012,1.3753405],[103.7371147,1.3753576],[103.737083,1.3753829],[103.737064,1.3753588],[103.7370777,1.3753479],[103.737067,1.3753345],[103.7370618,1.3753386],[103.7370356,1.3753054],[103.7370969,1.3752562],[103.737105,1.3752427],[103.7371216,1.3752273],[103.7371411,1.3752158],[103.7371492,1.3752143],[103.7372106,1.3751651],[103.7372369,1.3751984]]]}},{"type":"Feature","properties":{"type":"HDB"},"geometry":{"type":"Polygon","coordinates":[[[103.7388423,1.3754602],[103.7387647,1.3754858],[103.738747,1.3754316],[103.7387658,1.3754255],[103.7387583,1.3754022],[103.738737,1.3754092],[103.7387297,1.3753869],[103.7387349,1.3753851],[103.7387273,1.375362],[103.7387222,1.3753637],[103.7387149,1.3753414],[103.7387362,1.3753343],[103.7387287,1.3753112],[103.7387099,1.3753173],[103.7386839,1.3752374],[103.7387232,1.3752245],[103.7387257,1.3752322],[103.7387522,1.3752234],[103.7387505,1.3752183],[103.7388077,1.3751994],[103.7388139,1.3752183],[103.7388363,1.375211],[103.738829,1.3751895],[103.7388778,1.3751735],[103.7388847,1.375195],[103.7389077,1.3751874],[103.7389017,1.3751685],[103.7390118,1.3751322],[103.7390179,1.3751511],[103.739041,1.3751435],[103.739034,1.3751221],[103.7390597,1.3751136],[103.7390605,1.3751162],[103.7391655,1.3750816],[103.7391787,1.375122],[103.7391723,1.3751241],[103.7391777,1.3751404],[103.7391942,1.375135],[103.7392037,1.3751642],[103.7391653,1.3751768],[103.7391586,1.3751561],[103.7391355,1.3751637],[103.7391431,1.375187],[103.7391176,1.3751954],[103.739122,1.3752092],[103.739139,1.3752036],[103.7391552,1.3752534],[103.7391382,1.375259],[103.7391427,1.3752728],[103.7391682,1.3752643],[103.7391758,1.3752877],[103.7391988,1.37528],[103.7391921,1.3752594],[103.7392305,1.3752467],[103.7392401,1.3752759],[103.7392235,1.3752815],[103.7392288,1.3752977],[103.7392351,1.3752956],[103.7392483,1.375336],[103.7391739,1.3753604],[103.7391598,1.3753709],[103.739144,1.3753775],[103.7391274,1.3753816],[103.7391099,1.3753816],[103.7390356,1.3754061],[103.7390225,1.3753656],[103.7390288,1.3753636],[103.7390235,1.3753472],[103.7390069,1.3753527],[103.7389974,1.3753235],[103.7390358,1.3753109],[103.7390426,1.3753315],[103.7390656,1.3753239],[103.7390581,1.3753006],[103.7390742,1.3752953],[103.7390561,1.3752861],[103.7390382,1.3752919],[103.739022,1.3752421],[103.739063,1.3752286],[103.7390602,1.37522],[103.7388983,1.3752733],[103.7388997,1.3752776],[103.7388928,1.3752798],[103.7388914,1.3752756],[103.7388782,1.37528],[103.7388796,1.3752842],[103.7388726,1.3752864],[103.7388713,1.3752823],[103.7388015,1.3753053],[103.7388168,1.3753526],[103.7388207,1.3753513],[103.7388229,1.375358],[103.738819,1.3753593],[103.7388341,1.3754058],[103.7388256,1.3754086],[103.7388423,1.3754602]]]}},{"type":"Feature","properties":{"type":"HDB"},"geometry":{"type":"Polygon","coordinates":[[[103.7384139,1.3753574],[103.7384152,1.3753599],[103.7385133,1.3753087],[103.7385328,1.3753463],[103.7385269,1.3753494],[103.7385348,1.3753647],[103.7385502,1.3753566],[103.7385643,1.3753839],[103.7385284,1.3754026],[103.7385185,1.3753833],[103.7384969,1.3753946],[103.7385081,1.3754163],[103.7384931,1.3754241],[103.7385125,1.3754304],[103.7385291,1.3754217],[103.7385531,1.3754682],[103.7385149,1.3754882],[103.7385216,1.375501],[103.7385455,1.3754885],[103.7385567,1.3755103],[103.7385782,1.375499],[103.7385682,1.3754797],[103.7386041,1.3754609],[103.7386181,1.3754882],[103.7386027,1.3754964],[103.7386106,1.3755115],[103.7386165,1.3755084],[103.7386359,1.3755461],[103.7385666,1.3755824],[103.7385544,1.3755951],[103.7385398,1.3756041],[103.7385241,1.3756109],[103.7385068,1.3756137],[103.7384374,1.3756501],[103.7384179,1.3756122],[103.7384238,1.3756092],[103.7384159,1.375594],[103.7384005,1.375602],[103.7383864,1.3755748],[103.7384223,1.375556],[103.7384323,1.3755753],[103.7384538,1.3755641],[103.7384426,1.3755423],[103.738466,1.3755301],[103.7384593,1.3755171],[103.7384436,1.3755253],[103.7384197,1.3754789],[103.7384358,1.3754704],[103.7384317,1.3754624],[103.7382805,1.3755415],[103.7382825,1.3755454],[103.7382761,1.3755488],[103.7382741,1.3755449],[103.7382618,1.3755513],[103.7382638,1.3755552],[103.7382573,1.3755586],[103.7382552,1.3755546],[103.7381901,1.3755888],[103.7382129,1.375633],[103.7382165,1.3756311],[103.7382198,1.3756374],[103.7382161,1.3756393],[103.7382386,1.3756827],[103.7382306,1.3756868],[103.7382554,1.375735],[103.7381829,1.3757729],[103.7381568,1.3757224],[103.7381743,1.3757132],[103.7381632,1.3756915],[103.7381433,1.3757019],[103.7381324,1.3756811],[103.7381373,1.3756785],[103.738126,1.3756569],[103.7381213,1.3756594],[103.7381105,1.3756386],[103.7381304,1.3756281],[103.7381192,1.3756065],[103.7381017,1.3756156],[103.7380632,1.375541],[103.7380998,1.3755218],[103.7381035,1.375529],[103.7381283,1.3755161],[103.7381258,1.3755113],[103.7381792,1.3754833],[103.7381883,1.375501],[103.7382092,1.3754901],[103.7381986,1.3754701],[103.7382441,1.3754463],[103.7382545,1.3754664],[103.738276,1.3754551],[103.7382669,1.3754375],[103.7383698,1.3753837],[103.7383788,1.3754014],[103.7384004,1.37539],[103.73839,1.3753699],[103.7384139,1.3753574]]]}},{"type":"Feature","properties":{"type":"HDB"},"geometry":{"type":"Polygon","coordinates":[[[103.7406174,1.3753558],[103.7406289,1.3753761],[103.7406414,1.3753689],[103.7406532,1.3753895],[103.7406036,1.3754182],[103.7406131,1.3754348],[103.7406177,1.3754293],[103.7406355,1.3754445],[103.7406548,1.3754216],[103.7406653,1.3754306],[103.7406754,1.3754187],[103.7407055,1.3754444],[103.7406869,1.3754665],[103.7406932,1.3754719],[103.7406611,1.3755101],[103.7406548,1.3755048],[103.7406152,1.3755519],[103.7406215,1.3755573],[103.7405895,1.3755954],[103.7405832,1.37559],[103.7405652,1.3756115],[103.740535,1.3755858],[103.7405446,1.3755744],[103.740534,1.3755654],[103.7405528,1.375543],[103.7405344,1.3755274],[103.7405155,1.3755499],[103.7405028,1.3756132],[103.7405322,1.375639],[103.7405241,1.3756487],[103.7405421,1.3756641],[103.7405611,1.3756414],[103.7405712,1.37565],[103.7405813,1.375638],[103.7406115,1.3756636],[103.7405932,1.3756853],[103.7405995,1.3756906],[103.7405673,1.3757288],[103.7405611,1.3757236],[103.7405213,1.375771],[103.7405275,1.3757763],[103.7404951,1.3758149],[103.7404888,1.3758096],[103.7404705,1.3758314],[103.7404404,1.3758057],[103.7404505,1.3757936],[103.7404404,1.375785],[103.7404595,1.3757623],[103.7404406,1.3757462],[103.7404654,1.3757166],[103.740456,1.3757086],[103.7404427,1.3757244],[103.740413,1.3756991],[103.740409,1.3757038],[103.7403909,1.3756884],[103.7404254,1.3756473],[103.7404136,1.3756372],[103.7403775,1.375658],[103.7403704,1.3756455],[103.7403368,1.3756649],[103.7403247,1.3756436],[103.7402984,1.3756587],[103.7402917,1.3756469],[103.7402679,1.3756605],[103.7402448,1.37562],[103.7402686,1.3756063],[103.7402672,1.3756039],[103.7403926,1.3755316],[103.7404667,1.375492],[103.7404898,1.3755325],[103.740465,1.3755468],[103.7404718,1.3755587],[103.7404464,1.3755733],[103.7404585,1.3755947],[103.7404203,1.3756167],[103.7404291,1.3756322],[103.7404524,1.3756521],[103.7404912,1.3756059],[103.7405019,1.3755453],[103.7405957,1.3754337],[103.7405866,1.3754177],[103.7405487,1.3754396],[103.7405421,1.3754281],[103.7405084,1.3754477],[103.7404961,1.3754261],[103.7404702,1.375441],[103.7404634,1.3754291],[103.7404397,1.3754429],[103.7404165,1.3754023],[103.7404402,1.3753886],[103.7404388,1.3753861],[103.7404819,1.3753611],[103.7404834,1.3753636],[103.7405701,1.3753133],[103.7405687,1.3753108],[103.7406122,1.3752856],[103.7406137,1.3752881],[103.740638,1.3752741],[103.7406612,1.3753146],[103.7406368,1.3753287],[103.7406436,1.3753406],[103.7406174,1.3753558]]]}},{"type":"Feature","properties":{"type":"HDB"},"geometry":{"type":"Polygon","coordinates":[[[103.7412196,1.3753226],[103.7409309,1.3759817],[103.7409089,1.375972],[103.7409033,1.3759849],[103.7406448,1.3758702],[103.7409391,1.3751982],[103.7412196,1.3753226]]]}},{"type":"Feature","properties":{"type":"HDB"},"geometry":{"type":"Polygon","coordinates":[[[103.7413611,1.3755206],[103.7413641,1.375528],[103.74139,1.3755175],[103.7414075,1.3755613],[103.74138,1.3755725],[103.7413889,1.3755946],[103.7414708,1.3755614],[103.741462,1.3755392],[103.7414352,1.3755501],[103.7414176,1.3755063],[103.7414428,1.3754961],[103.7414398,1.3754887],[103.7414648,1.3754786],[103.7414686,1.3754881],[103.7414972,1.3754765],[103.7415017,1.3754878],[103.7415216,1.3754798],[103.741517,1.3754684],[103.7415461,1.3754567],[103.7415423,1.3754472],[103.7415665,1.3754374],[103.7415695,1.3754447],[103.7415953,1.3754343],[103.7416128,1.3754781],[103.7415855,1.3754892],[103.7415938,1.37551],[103.7416163,1.3755009],[103.7416313,1.3755383],[103.741581,1.3755587],[103.7415858,1.3755706],[103.7416136,1.3755594],[103.7416222,1.3755809],[103.7416495,1.3755698],[103.7416669,1.3756134],[103.7416411,1.3756239],[103.7416439,1.3756309],[103.7416197,1.3756407],[103.7416161,1.3756316],[103.7415604,1.3756542],[103.741564,1.3756633],[103.7415385,1.3756736],[103.7415357,1.3756666],[103.7415106,1.3756768],[103.7414932,1.3756332],[103.7415198,1.3756224],[103.7415112,1.3756009],[103.7414802,1.3756134],[103.7414685,1.3755842],[103.7414489,1.3755922],[103.7414466,1.3755863],[103.7414024,1.3756042],[103.7414125,1.3756295],[103.7414401,1.3756183],[103.7414453,1.3756316],[103.7414594,1.3756258],[103.7414744,1.3756632],[103.7414482,1.3756738],[103.7414511,1.3756809],[103.7414047,1.3756997],[103.7414018,1.3756926],[103.7413734,1.3757041],[103.7413654,1.3756844],[103.7413454,1.3756925],[103.7413534,1.3757122],[103.7413252,1.3757236],[103.741328,1.3757308],[103.7412805,1.3757501],[103.7412776,1.3757429],[103.7412516,1.3757535],[103.7412367,1.3757162],[103.7412513,1.3757102],[103.741246,1.375697],[103.7412737,1.3756858],[103.7412647,1.3756632],[103.7413,1.3756489],[103.7412937,1.3756331],[103.741286,1.3756363],[103.7412771,1.3756142],[103.7412495,1.3756254],[103.741232,1.3755816],[103.7412586,1.3755708],[103.7412556,1.3755634],[103.7412796,1.3755537],[103.7412834,1.3755632],[103.7413407,1.3755399],[103.7413369,1.3755304],[103.7413611,1.3755206]]]}},{"type":"Feature","properties":{"type":"HDB"},"geometry":{"type":"Polygon","coordinates":[[[103.7398878,1.37578],[103.739866,1.3757703],[103.7398842,1.3757288],[103.7398708,1.3757229],[103.7398863,1.3756876],[103.7398484,1.3756708],[103.7398278,1.3756768],[103.7398458,1.3757378],[103.7398215,1.3757448],[103.73982,1.3757395],[103.7397711,1.3757536],[103.7397685,1.3757447],[103.7397319,1.3757553],[103.7397184,1.3757096],[103.7396499,1.3757301],[103.7396567,1.3757533],[103.7396851,1.3757448],[103.7396892,1.3757588],[103.7397039,1.3757544],[103.7397152,1.3757926],[103.7396882,1.3758006],[103.7396907,1.3758088],[103.7396424,1.3758232],[103.73964,1.375815],[103.7396112,1.3758236],[103.7396069,1.3758091],[103.7395858,1.3758154],[103.7395901,1.3758299],[103.7395614,1.3758385],[103.7395638,1.3758467],[103.7395153,1.3758612],[103.7395129,1.375853],[103.7394865,1.3758609],[103.7394753,1.3758227],[103.7394891,1.3758186],[103.739485,1.3758046],[103.7395144,1.3757958],[103.7395076,1.3757727],[103.7395257,1.3757672],[103.7395208,1.3757506],[103.7395027,1.375756],[103.7394957,1.3757325],[103.7394663,1.3757413],[103.7394623,1.3757278],[103.7394484,1.3757319],[103.7394372,1.375694],[103.7394636,1.3756861],[103.7394612,1.375678],[103.7395097,1.3756635],[103.7395121,1.3756716],[103.7395702,1.3756542],[103.7395678,1.3756461],[103.739616,1.3756317],[103.7396184,1.3756398],[103.7396448,1.3756319],[103.739656,1.3756698],[103.7396413,1.3756742],[103.7396453,1.3756877],[103.7396173,1.3756961],[103.7396252,1.3757228],[103.739751,1.3756853],[103.7397442,1.3756624],[103.7397158,1.3756706],[103.7397118,1.375657],[103.7396853,1.3756647],[103.7396722,1.3756204],[103.7396987,1.3756128],[103.7396978,1.3756095],[103.7397463,1.3755954],[103.7397473,1.3755987],[103.7398438,1.3755708],[103.7398429,1.3755675],[103.7398908,1.3755536],[103.7398918,1.3755569],[103.7399186,1.3755492],[103.7399316,1.3755935],[103.7399049,1.3756012],[103.7399089,1.3756148],[103.739879,1.3756234],[103.7398855,1.3756455],[103.7398476,1.3756565],[103.7399048,1.3756819],[103.739923,1.3756405],[103.7399448,1.3756502],[103.739957,1.3756223],[103.73997,1.3756281],[103.739981,1.3756031],[103.7400236,1.3756221],[103.7400127,1.3756471],[103.7400266,1.3756533],[103.739915,1.3759075],[103.7398833,1.3758934],[103.7399024,1.3758498],[103.7398775,1.3758387],[103.7398887,1.3758133],[103.7398757,1.3758075],[103.7398878,1.37578]]]}},{"type":"Feature","properties":{"type":"HDB"},"geometry":{"type":"Polygon","coordinates":[[[103.7417141,1.375945],[103.7417674,1.3759233],[103.7417742,1.3758887],[103.741758,1.3758855],[103.7417677,1.3758364],[103.7417531,1.3758335],[103.7417631,1.3757935],[103.7417336,1.3757876],[103.7417384,1.3757632],[103.7417101,1.3757576],[103.7417195,1.3757106],[103.7417466,1.375716],[103.7417481,1.3757083],[103.7417745,1.3757136],[103.7417726,1.3757232],[103.7418317,1.375735],[103.7418336,1.3757255],[103.74186,1.3757308],[103.7418584,1.3757385],[103.7418861,1.375744],[103.7418768,1.375791],[103.7418476,1.3757851],[103.7418429,1.3758088],[103.7418834,1.3758169],[103.7418909,1.3757791],[103.7419147,1.3757839],[103.7419205,1.3757547],[103.7419347,1.3757576],[103.7419377,1.3757425],[103.7419756,1.3757502],[103.7419702,1.3757775],[103.7419783,1.3757791],[103.7419685,1.3758287],[103.7419604,1.3758271],[103.7419484,1.3758877],[103.7419564,1.3758893],[103.7419465,1.3759394],[103.7419385,1.3759378],[103.741933,1.3759655],[103.741895,1.3759579],[103.741898,1.3759428],[103.7418838,1.3759399],[103.7418895,1.3759108],[103.7418657,1.375906],[103.7418721,1.375874],[103.7418588,1.3758713],[103.7418673,1.3758281],[103.7418248,1.3758196],[103.7418178,1.3758551],[103.7418504,1.3759364],[103.7418134,1.3759514],[103.7417957,1.3759072],[103.7417844,1.3759118],[103.7417791,1.3759386],[103.7417413,1.375954],[103.7417503,1.3759765],[103.7417773,1.3759655],[103.7417825,1.3759785],[103.7417968,1.3759727],[103.7418117,1.3760098],[103.7417854,1.3760205],[103.7417883,1.3760277],[103.7417418,1.3760466],[103.7417389,1.3760394],[103.7417101,1.3760511],[103.7417033,1.3760342],[103.7416845,1.3760418],[103.7416913,1.3760587],[103.7416619,1.3760707],[103.7416648,1.3760779],[103.741619,1.3760965],[103.7416161,1.3760893],[103.7415901,1.3760998],[103.7415753,1.3760627],[103.7415894,1.376057],[103.7415842,1.376044],[103.7416114,1.3760329],[103.7416024,1.3760104],[103.7416234,1.3760019],[103.7416207,1.3759953],[103.741617,1.3759968],[103.7416131,1.375987],[103.7415958,1.375994],[103.7415869,1.3759718],[103.7415597,1.3759828],[103.7415544,1.3759698],[103.7415403,1.3759755],[103.7415252,1.3759381],[103.7415512,1.3759275],[103.741548,1.3759196],[103.7415948,1.3759006],[103.7415979,1.3759085],[103.7416544,1.3758856],[103.7416513,1.3758777],[103.7416981,1.3758586],[103.7417012,1.3758665],[103.741727,1.3758561],[103.741742,1.3758935],[103.7417274,1.3758995],[103.7417327,1.3759125],[103.7417055,1.3759236],[103.7417141,1.375945]]]}},{"type":"Feature","properties":{"type":"HDB"},"geometry":{"type":"Polygon","coordinates":[[[103.7376028,1.3760971],[103.7375712,1.3760546],[103.7375863,1.3760432],[103.7375891,1.3760239],[103.737576,1.3760338],[103.7375614,1.3760141],[103.737542,1.3760287],[103.7375549,1.3760462],[103.7375226,1.3760705],[103.7375043,1.3760459],[103.7375172,1.3760361],[103.737507,1.3760224],[103.7375027,1.3760257],[103.7374779,1.3759923],[103.7375879,1.3759094],[103.7376005,1.3759263],[103.73762,1.3759116],[103.7376074,1.3758947],[103.7377002,1.3758247],[103.7377129,1.3758419],[103.7377324,1.3758273],[103.737718,1.375808],[103.737759,1.3757771],[103.7377734,1.3757965],[103.7377928,1.3757818],[103.73778,1.3757646],[103.7378267,1.3757293],[103.7378299,1.3757335],[103.737853,1.3757162],[103.7378481,1.3757098],[103.7378812,1.3756849],[103.7379313,1.3757521],[103.7379138,1.3757653],[103.7379283,1.3757849],[103.7379479,1.3757702],[103.7379619,1.375789],[103.7379579,1.375792],[103.7379725,1.3758116],[103.7379764,1.3758086],[103.7379904,1.3758275],[103.7379708,1.3758421],[103.7379854,1.3758617],[103.738003,1.3758484],[103.7380369,1.3758941],[103.7379711,1.3759437],[103.7379388,1.3759],[103.7379319,1.3759053],[103.7378689,1.3758207],[103.7376509,1.3759851],[103.7376559,1.3759918],[103.7376703,1.375981],[103.7377014,1.376023],[103.7376878,1.3760332],[103.7376964,1.3760449],[103.7377173,1.3760292],[103.7377318,1.3760489],[103.7377513,1.3760343],[103.7377383,1.3760168],[103.7377709,1.3759923],[103.7377893,1.3760169],[103.737776,1.3760269],[103.7377862,1.3760406],[103.7377906,1.3760373],[103.7378161,1.3760718],[103.7377546,1.3761181],[103.7377511,1.376126],[103.7377346,1.3761428],[103.7377148,1.3761555],[103.7376992,1.37616],[103.7376371,1.3762068],[103.7376113,1.376172],[103.7376166,1.376168],[103.7376063,1.3761543],[103.7375926,1.3761645],[103.7375743,1.37614],[103.7376065,1.3761158],[103.7376195,1.3761332],[103.7376389,1.3761186],[103.7376244,1.3760989],[103.7376452,1.3760834],[103.7376366,1.3760717],[103.7376028,1.3760971]]]}},{"type":"Feature","properties":{"type":"HDB"},"geometry":{"type":"Polygon","coordinates":[[[103.7371603,1.3757106],[103.7372718,1.3756151],[103.7373395,1.3756978],[103.7373562,1.3756839],[103.7373739,1.3757056],[103.7373572,1.3757194],[103.7374604,1.3758453],[103.7373561,1.3759347],[103.7372074,1.3760726],[103.7370652,1.3762172],[103.7369284,1.3763701],[103.7367034,1.3761757],[103.7368005,1.3760654],[103.7368994,1.37596],[103.7370014,1.3758578],[103.7371603,1.3757106]]]}},{"type":"Feature","properties":{"type":"HDB"},"geometry":{"type":"Polygon","coordinates":[[[103.7390688,1.3760619],[103.7390793,1.3760835],[103.7391068,1.3760699],[103.7391126,1.3760818],[103.7391368,1.3760699],[103.7391575,1.3761123],[103.739132,1.3761249],[103.7391334,1.3761278],[103.7390893,1.3761495],[103.739088,1.3761467],[103.7390435,1.3761686],[103.739035,1.3761513],[103.7390149,1.3761612],[103.7390233,1.3761786],[103.7389344,1.376226],[103.738933,1.3762232],[103.7389079,1.3762356],[103.7388872,1.3761932],[103.7389123,1.3761807],[103.7389065,1.3761688],[103.7389334,1.3761555],[103.7389229,1.376134],[103.7389534,1.3761189],[103.7389457,1.376103],[103.7389356,1.3761079],[103.7389249,1.3760859],[103.7388981,1.3760992],[103.7388919,1.3760866],[103.7388666,1.3760991],[103.7388462,1.3760573],[103.7388716,1.3760448],[103.7388702,1.376042],[103.7389152,1.3760198],[103.7389166,1.3760226],[103.7390059,1.3759784],[103.7390046,1.3759757],[103.7390499,1.3759533],[103.7390513,1.375956],[103.7390766,1.3759436],[103.7390969,1.3759854],[103.7390717,1.3759978],[103.7390778,1.3760104],[103.7390503,1.376024],[103.7390611,1.376046],[103.7390885,1.3760324],[103.7390855,1.3760262],[103.7390945,1.3760218],[103.7390975,1.376028],[103.739102,1.3760258],[103.7391309,1.3759817],[103.7391634,1.3759657],[103.739146,1.3759301],[103.7391642,1.3759212],[103.7391542,1.3759007],[103.7391271,1.3759141],[103.739121,1.3759015],[103.7390962,1.3759138],[103.7390759,1.3758723],[103.7391007,1.3758601],[103.7390993,1.3758571],[103.7391438,1.3758351],[103.7391453,1.3758381],[103.739236,1.3757933],[103.7392345,1.3757903],[103.7392795,1.3757681],[103.7392809,1.3757711],[103.7393058,1.3757588],[103.7393261,1.3758003],[103.7393011,1.3758126],[103.7393072,1.3758251],[103.7392796,1.3758388],[103.7392899,1.3758599],[103.7392975,1.3758561],[103.739315,1.3758919],[103.7392668,1.3759157],[103.7392724,1.3759272],[103.7393073,1.3759099],[103.7393176,1.3759312],[103.7393436,1.3759184],[103.7393497,1.3759309],[103.7393636,1.3759241],[103.7393813,1.3759603],[103.7393558,1.3759729],[103.7393593,1.3759801],[103.7393144,1.3760023],[103.7393109,1.3759951],[103.7392832,1.3760088],[103.7392742,1.3759903],[103.7392542,1.3760002],[103.7392632,1.3760187],[103.7392359,1.3760321],[103.7392394,1.3760393],[103.739195,1.3760612],[103.7391915,1.376054],[103.7391666,1.3760664],[103.7391489,1.3760301],[103.7391625,1.3760234],[103.7391563,1.3760108],[103.7391826,1.3759979],[103.7391722,1.3759766],[103.7391394,1.3759928],[103.7391063,1.3760434],[103.7390688,1.3760619]]]}},{"type":"Feature","properties":{"type":"HDB"},"geometry":{"type":"Polygon","coordinates":[[[103.7403371,1.3761876],[103.7402946,1.3761686],[103.7403058,1.3761433],[103.7402933,1.3761377],[103.7403057,1.3761093],[103.7402837,1.3760995],[103.7402737,1.3761224],[103.7402459,1.3761387],[103.7402489,1.376144],[103.7402351,1.3761521],[103.740232,1.3761468],[103.7402044,1.3761631],[103.7402161,1.3761832],[103.7402411,1.3761686],[103.7402481,1.3761807],[103.7402615,1.3761729],[103.7402818,1.376208],[103.7402571,1.3762225],[103.7402613,1.3762297],[103.7402184,1.3762548],[103.7402143,1.3762477],[103.7401875,1.3762634],[103.7401798,1.3762502],[103.740161,1.3762612],[103.7401687,1.3762744],[103.7401425,1.3762898],[103.7401467,1.376297],[103.7401022,1.3763231],[103.740098,1.3763159],[103.7400749,1.3763295],[103.7400545,1.3762943],[103.7400687,1.376286],[103.7400617,1.3762739],[103.740087,1.376259],[103.7400748,1.3762379],[103.7401077,1.3762186],[103.7400995,1.3762044],[103.740086,1.3762124],[103.7400739,1.3761915],[103.7400485,1.3762064],[103.7400413,1.3761939],[103.740029,1.3762012],[103.7400093,1.3761673],[103.7400331,1.3761533],[103.7400291,1.3761465],[103.7400722,1.3761212],[103.7400762,1.376128],[103.7401284,1.3760974],[103.7401245,1.3760905],[103.7401679,1.376065],[103.7401719,1.3760719],[103.7401957,1.3760579],[103.7402153,1.3760918],[103.7402013,1.3761],[103.7402085,1.3761125],[103.7401835,1.3761271],[103.7401956,1.376148],[103.7402642,1.3761077],[103.7403058,1.376013],[103.740301,1.3760047],[103.7402883,1.3760122],[103.7402622,1.3759671],[103.7402963,1.375947],[103.7402812,1.375921],[103.740243,1.3759435],[103.7402359,1.3759312],[103.7402034,1.3759502],[103.7401912,1.375929],[103.7401651,1.3759443],[103.7401584,1.3759326],[103.7401345,1.3759466],[103.7401108,1.3759056],[103.7401769,1.3758644],[103.7401779,1.3758662],[103.740307,1.375788],[103.7403081,1.3757898],[103.7403316,1.375776],[103.7403553,1.375817],[103.7403318,1.3758308],[103.7403386,1.3758425],[103.7403113,1.3758585],[103.7403235,1.3758797],[103.7403321,1.3758747],[103.740344,1.3758952],[103.7403376,1.375899],[103.7403569,1.3759322],[103.7403166,1.3759558],[103.7403338,1.3759855],[103.7403408,1.3759695],[103.7403628,1.3759793],[103.7403749,1.3759519],[103.7403874,1.3759574],[103.7403986,1.375932],[103.7404411,1.3759509],[103.7404299,1.3759763],[103.7404328,1.3759776],[103.7404123,1.3760242],[103.7404094,1.3760229],[103.7403685,1.376116],[103.7403714,1.3761173],[103.7403511,1.3761635],[103.7403483,1.3761622],[103.7403371,1.3761876]]]}},{"type":"Feature","properties":{"type":"HDB"},"geometry":{"type":"Polygon","coordinates":[[[103.739737,1.3761653],[103.7396661,1.3761777],[103.7396703,1.3762019],[103.7396995,1.3761968],[103.739702,1.376211],[103.7397162,1.3762085],[103.739723,1.3762478],[103.7396962,1.3762525],[103.7396976,1.3762608],[103.7396479,1.3762695],[103.7396465,1.3762612],[103.7395863,1.3762718],[103.7395877,1.37628],[103.7395384,1.3762887],[103.739537,1.3762804],[103.7395102,1.3762851],[103.7395034,1.3762458],[103.7395186,1.3762432],[103.7395161,1.3762289],[103.739545,1.3762239],[103.739541,1.3762008],[103.739519,1.3762047],[103.7395149,1.3761808],[103.7395452,1.3761755],[103.7395429,1.3761625],[103.7395057,1.376169],[103.7395015,1.3761449],[103.7394714,1.3761502],[103.739469,1.3761363],[103.7394541,1.3761389],[103.7394472,1.376099],[103.7394752,1.3760941],[103.7394739,1.3760864],[103.7395234,1.3760778],[103.7395247,1.3760854],[103.7395844,1.3760749],[103.7395831,1.3760673],[103.7396316,1.3760588],[103.7396329,1.3760664],[103.7396611,1.3760615],[103.739668,1.3761014],[103.7396533,1.376104],[103.7396557,1.3761178],[103.7396268,1.3761229],[103.739631,1.3761471],[103.7395995,1.3761526],[103.7396018,1.3761656],[103.7395957,1.3761667],[103.7395972,1.3761753],[103.7397346,1.3761512],[103.7397314,1.3761329],[103.7397016,1.3761381],[103.7396822,1.376026],[103.7397192,1.3760195],[103.7397182,1.3760136],[103.7397422,1.3760094],[103.7397472,1.3760387],[103.7397633,1.3760358],[103.739794,1.3759659],[103.7398069,1.3759717],[103.7398249,1.3759307],[103.7398472,1.3759406],[103.7398595,1.3759125],[103.7398723,1.3759183],[103.7398833,1.3758934],[103.7399259,1.3759123],[103.7399149,1.3759372],[103.7399179,1.3759385],[103.7398969,1.3759862],[103.739894,1.3759849],[103.7398534,1.3760773],[103.7398563,1.3760786],[103.7398359,1.3761251],[103.739833,1.3761238],[103.7398218,1.3761493],[103.7397792,1.3761303],[103.7397904,1.3761048],[103.7397776,1.3760991],[103.73979,1.3760708],[103.7397678,1.3760609],[103.7397614,1.3760753],[103.7397447,1.3760782],[103.7397607,1.3761703],[103.739771,1.3761685],[103.7397733,1.3761815],[103.7398048,1.376176],[103.7398089,1.3761997],[103.7398383,1.3761945],[103.7398406,1.3762082],[103.7398553,1.3762056],[103.7398621,1.376245],[103.7398347,1.3762498],[103.7398361,1.3762579],[103.7397867,1.3762666],[103.7397853,1.3762585],[103.7397541,1.376264],[103.739737,1.3761653]]]}},{"type":"Feature","properties":{"type":"HDB"},"geometry":{"type":"Polygon","coordinates":[[[103.7410231,1.3762526],[103.7410514,1.376241],[103.7410423,1.3762185],[103.741083,1.3762018],[103.7410781,1.3761899],[103.7410293,1.3762099],[103.7410145,1.3761733],[103.7410226,1.37617],[103.7410141,1.376149],[103.740987,1.3761601],[103.7409813,1.3761463],[103.7409558,1.3761567],[103.7409386,1.3761143],[103.7409641,1.3761038],[103.740963,1.376101],[103.7410558,1.3760661],[103.7410658,1.3760908],[103.7410867,1.3760823],[103.7410767,1.3760576],[103.7411689,1.3760165],[103.74117,1.3760192],[103.7411956,1.3760087],[103.7412128,1.3760512],[103.7411872,1.3760617],[103.7411928,1.3760756],[103.7411646,1.3760872],[103.7411733,1.3761088],[103.7411998,1.376098],[103.7412493,1.3760558],[103.7412864,1.3760407],[103.7412776,1.3760188],[103.7412508,1.3760297],[103.7412456,1.3760167],[103.7412308,1.3760227],[103.7412161,1.3759861],[103.7412422,1.3759755],[103.7412388,1.3759669],[103.7412855,1.375948],[103.7412889,1.3759565],[103.7413461,1.3759333],[103.7413426,1.3759247],[103.7413891,1.3759059],[103.7413925,1.3759144],[103.7414186,1.3759038],[103.7414333,1.3759405],[103.7414197,1.375946],[103.7414249,1.375959],[103.7413967,1.3759704],[103.7414052,1.3759916],[103.7414193,1.3759859],[103.7414284,1.3760086],[103.7413788,1.3760288],[103.741385,1.3760444],[103.741426,1.3760278],[103.7414351,1.3760505],[103.741463,1.3760391],[103.7414682,1.3760521],[103.741494,1.3760416],[103.7415114,1.3760848],[103.7414856,1.3760953],[103.7414866,1.376098],[103.7414394,1.3761172],[103.7414384,1.3761145],[103.7413461,1.376152],[103.7413472,1.3761547],[103.7413002,1.3761738],[103.7412991,1.3761711],[103.7412735,1.3761815],[103.7412561,1.3761383],[103.7412818,1.3761278],[103.7412766,1.3761149],[103.741305,1.3761034],[103.7412959,1.3760807],[103.7413372,1.3760639],[103.7413298,1.3760455],[103.7413224,1.3760485],[103.74132,1.3760425],[103.7412583,1.3760676],[103.7412077,1.3761107],[103.7411771,1.3761232],[103.7411905,1.3761593],[103.7411732,1.3761664],[103.7411818,1.3761875],[103.7412093,1.3761761],[103.7412148,1.3761896],[103.7412396,1.3761794],[103.7412572,1.3762228],[103.7412308,1.3762337],[103.7412319,1.3762363],[103.741186,1.3762551],[103.7411849,1.3762525],[103.7410919,1.3762907],[103.741093,1.3762934],[103.7410472,1.3763121],[103.7410461,1.3763095],[103.7410199,1.3763203],[103.7410023,1.3762769],[103.7410286,1.3762661],[103.7410231,1.3762526]]]}},{"type":"Feature","properties":{"type":"HDB"},"geometry":{"type":"Polygon","coordinates":[[[103.7389,1.3763278],[103.7388051,1.3763806],[103.7387314,1.3762463],[103.7388262,1.3761936],[103.7389,1.3763278]]]}},{"type":"Feature","properties":{"type":"HDB"},"geometry":{"type":"Polygon","coordinates":[[[103.7405851,1.3764901],[103.7405839,1.3764874],[103.7404904,1.3765263],[103.7404916,1.3765291],[103.7404449,1.3765485],[103.7404438,1.3765457],[103.7404186,1.3765562],[103.7404009,1.376513],[103.740426,1.3765026],[103.7404208,1.3764898],[103.7404496,1.3764778],[103.7404402,1.376455],[103.7404638,1.3764452],[103.7404571,1.3764288],[103.7404401,1.3764359],[103.7404309,1.3764135],[103.7404038,1.3764248],[103.7403983,1.3764113],[103.7403849,1.3764169],[103.7403698,1.3763802],[103.7403957,1.3763695],[103.7403924,1.3763614],[103.740439,1.376342],[103.7404423,1.37635],[103.7404705,1.3763383],[103.7404752,1.3763497],[103.7404952,1.3763414],[103.7404905,1.37633],[103.7405189,1.3763181],[103.7405156,1.3763101],[103.7405616,1.376291],[103.7405649,1.376299],[103.7405912,1.3762881],[103.7406063,1.3763248],[103.7405913,1.376331],[103.7405968,1.3763444],[103.7405696,1.3763558],[103.7405788,1.3763782],[103.7406116,1.3763645],[103.7406457,1.3762849],[103.740675,1.376273],[103.740666,1.3762505],[103.7406384,1.3762617],[103.7406333,1.3762488],[103.740608,1.3762591],[103.7405905,1.3762158],[103.7406158,1.3762055],[103.7406146,1.3762025],[103.7406615,1.3761833],[103.7406627,1.3761863],[103.7407092,1.3761674],[103.7407191,1.3761921],[103.7407393,1.3761839],[103.7407293,1.3761591],[103.7408214,1.3761181],[103.7408226,1.3761211],[103.740848,1.3761107],[103.7408655,1.3761541],[103.7408401,1.3761644],[103.7408452,1.3761773],[103.7408167,1.3761889],[103.7408258,1.3762114],[103.7407848,1.3762282],[103.7407894,1.3762396],[103.7408185,1.3762278],[103.7408335,1.376265],[103.7408245,1.3762687],[103.7408334,1.3762908],[103.7408614,1.3762794],[103.7408668,1.3762926],[103.7408918,1.3762824],[103.7409093,1.3763259],[103.7408843,1.3763362],[103.7408852,1.3763385],[103.7408378,1.3763578],[103.7408369,1.3763555],[103.7406985,1.3764147],[103.7406975,1.3764124],[103.7406717,1.3764229],[103.7406542,1.3763794],[103.74068,1.3763689],[103.7406747,1.3763556],[103.7407036,1.3763438],[103.740695,1.3763226],[103.7406888,1.3763252],[103.7406764,1.3762943],[103.7406623,1.3763],[103.74066,1.3762941],[103.7406553,1.3762961],[103.7406183,1.3763823],[103.740571,1.376402],[103.7405798,1.3764236],[103.740608,1.3764119],[103.7406132,1.3764246],[103.7406384,1.3764142],[103.7406562,1.3764573],[103.740631,1.3764678],[103.7406321,1.3764706],[103.7405851,1.3764901]]]}},{"type":"Feature","properties":{"type":"HDB"},"geometry":{"type":"Polygon","coordinates":[[[103.7385644,1.376323],[103.7386016,1.3763143],[103.7385979,1.3762981],[103.7385905,1.3762998],[103.7385891,1.3762936],[103.7384996,1.3763144],[103.7384483,1.3763432],[103.7384672,1.3763774],[103.7384445,1.3763901],[103.7384556,1.3764102],[103.7384817,1.3763956],[103.7384882,1.3764073],[103.7385012,1.3763999],[103.738521,1.3764355],[103.7384957,1.3764497],[103.7384996,1.3764566],[103.7384564,1.3764809],[103.7384525,1.3764739],[103.7383993,1.3765038],[103.7384031,1.3765107],[103.7383596,1.3765352],[103.7383558,1.3765282],[103.7383312,1.3765419],[103.7383115,1.3765064],[103.7383246,1.376499],[103.7383182,1.3764874],[103.7383439,1.3764729],[103.7383321,1.3764516],[103.7383654,1.3764329],[103.7383592,1.3764218],[103.7383136,1.3764474],[103.7382944,1.3764127],[103.7383067,1.3764058],[103.7382956,1.3763858],[103.7382699,1.3764002],[103.7382628,1.3763874],[103.7382497,1.3763947],[103.7382303,1.3763596],[103.7382548,1.3763459],[103.7382506,1.3763384],[103.7382941,1.376314],[103.7382983,1.3763215],[103.7383254,1.3763063],[103.7383318,1.3763178],[103.7383519,1.3763065],[103.7383455,1.376295],[103.7383726,1.3762798],[103.7383684,1.3762723],[103.7384116,1.3762481],[103.7384157,1.3762556],[103.7384402,1.3762418],[103.7384596,1.3762769],[103.7384464,1.3762843],[103.7384535,1.3762972],[103.7384269,1.3763121],[103.7384384,1.3763329],[103.7384939,1.3763017],[103.738551,1.3762884],[103.7385457,1.3762653],[103.7385162,1.3762722],[103.7385128,1.3762575],[103.738486,1.3762638],[103.7384756,1.3762183],[103.7385024,1.376212],[103.7385017,1.3762093],[103.7385511,1.3761978],[103.7385517,1.3762005],[103.738649,1.3761778],[103.7386484,1.3761751],[103.7386971,1.3761637],[103.7386977,1.3761665],[103.738725,1.3761601],[103.7387354,1.3762056],[103.7387082,1.376212],[103.7387116,1.3762266],[103.7386816,1.3762336],[103.7386866,1.3762554],[103.7386955,1.3762533],[103.7387009,1.3762768],[103.7386492,1.3762888],[103.7386524,1.3763025],[103.7386889,1.376294],[103.7386945,1.3763185],[103.7387232,1.3763118],[103.7387263,1.3763253],[103.7387409,1.3763219],[103.7387499,1.376361],[103.7387233,1.3763672],[103.7387251,1.3763749],[103.7386757,1.3763864],[103.7386739,1.3763787],[103.7386144,1.3763926],[103.7386161,1.3764003],[103.7385673,1.3764117],[103.7385655,1.376404],[103.7385388,1.3764102],[103.7385298,1.3763711],[103.7385443,1.3763677],[103.7385412,1.3763542],[103.7385701,1.3763475],[103.7385644,1.376323]]]}},{"type":"Feature","properties":{"type":"HDB"},"geometry":{"type":"Polygon","coordinates":[[[103.7371468,1.3765955],[103.7371073,1.3765603],[103.7371198,1.376546],[103.7371187,1.3765265],[103.7371077,1.3765389],[103.7370895,1.3765227],[103.7370735,1.376541],[103.7370897,1.3765554],[103.737063,1.3765858],[103.7370401,1.3765655],[103.7370507,1.3765532],[103.7370379,1.3765419],[103.7370344,1.3765459],[103.7370034,1.3765184],[103.7370943,1.3764146],[103.73711,1.3764286],[103.7371261,1.3764103],[103.7371104,1.3763963],[103.7371871,1.3763088],[103.737203,1.376323],[103.7372191,1.3763047],[103.7372011,1.3762887],[103.737235,1.3762501],[103.737253,1.3762661],[103.7372691,1.3762478],[103.737253,1.3762336],[103.7372917,1.3761895],[103.7372957,1.376193],[103.7373147,1.3761712],[103.7373087,1.376166],[103.7373361,1.3761348],[103.7373987,1.3761904],[103.7373843,1.3762069],[103.7374024,1.376223],[103.7374186,1.3762046],[103.7374361,1.3762202],[103.7374328,1.376224],[103.737451,1.3762402],[103.7374542,1.3762364],[103.7374717,1.376252],[103.7374556,1.3762704],[103.7374738,1.3762865],[103.7374883,1.37627],[103.7375308,1.3763077],[103.7374764,1.3763697],[103.7374359,1.3763336],[103.7374302,1.3763402],[103.7373515,1.3762703],[103.7371713,1.3764759],[103.7371775,1.3764814],[103.7371894,1.3764679],[103.7372284,1.3765027],[103.7372172,1.3765155],[103.7372279,1.3765251],[103.7372452,1.3765055],[103.7372634,1.3765217],[103.7372795,1.3765035],[103.7372633,1.376489],[103.7372902,1.3764583],[103.7373131,1.3764787],[103.7373022,1.3764911],[103.737315,1.3765025],[103.7373186,1.3764984],[103.7373506,1.376527],[103.7372997,1.3765849],[103.7372941,1.3766002],[103.7372799,1.3766191],[103.737262,1.3766343],[103.7372539,1.3766372],[103.7372026,1.3766958],[103.7371702,1.376667],[103.7371746,1.376662],[103.7371619,1.3766507],[103.7371505,1.3766635],[103.7371276,1.3766432],[103.7371542,1.376613],[103.7371705,1.3766273],[103.7371865,1.3766091],[103.7371683,1.3765928],[103.7371855,1.3765733],[103.7371748,1.3765637],[103.7371468,1.3765955]]]}},{"type":"Feature","properties":{"type":"HDB"},"geometry":{"type":"Polygon","coordinates":[[[103.7489253,1.3760005],[103.7489581,1.3760063],[103.7489602,1.3759942],[103.7490117,1.3760033],[103.7490109,1.3760078],[103.7490393,1.3760129],[103.7490321,1.3760543],[103.7490221,1.3760525],[103.7490199,1.3760652],[103.7489975,1.3760612],[103.7489932,1.376086],[103.7489793,1.3760835],[103.7489754,1.3761063],[103.7489255,1.3760975],[103.7489233,1.3761101],[103.7489747,1.3761192],[103.74897,1.3761459],[103.7489997,1.3761511],[103.7489973,1.3761649],[103.7490121,1.3761675],[103.7490051,1.3762079],[103.7489769,1.3762029],[103.7489762,1.376207],[103.7489246,1.3761978],[103.7489257,1.3761916],[103.748893,1.3761858],[103.7489092,1.3760928],[103.748904,1.3760918],[103.7489051,1.3760855],[103.7488328,1.3760728],[103.7488317,1.3760791],[103.7488268,1.3760782],[103.7488222,1.3761046],[103.748772,1.3760958],[103.7487701,1.3761067],[103.748838,1.3761187],[103.7488336,1.3761443],[103.7488666,1.3761502],[103.7488641,1.3761647],[103.7488786,1.3761673],[103.7488715,1.3762081],[103.7488433,1.3762031],[103.7488423,1.3762087],[103.7487899,1.3761994],[103.7487909,1.3761939],[103.7486915,1.3761763],[103.7486905,1.3761818],[103.7486376,1.3761725],[103.7486386,1.3761669],[103.7486099,1.3761619],[103.748617,1.376121],[103.7486307,1.3761235],[103.7486333,1.3761089],[103.7486671,1.3761149],[103.7486716,1.3760893],[103.7486909,1.3760927],[103.7487011,1.3760343],[103.7486775,1.3760302],[103.7486818,1.3760055],[103.7486582,1.3760014],[103.7486606,1.3759877],[103.7486413,1.3759843],[103.7486488,1.3759411],[103.7486778,1.3759462],[103.7486787,1.3759408],[103.7487311,1.37595],[103.7487302,1.3759554],[103.7488289,1.3759729],[103.7488298,1.3759675],[103.7488832,1.3759769],[103.7488822,1.3759823],[103.7489095,1.3759871],[103.7489019,1.3760304],[103.7488842,1.3760272],[103.7488819,1.3760409],[103.7488564,1.3760364],[103.7488522,1.3760602],[103.7488812,1.3760634],[103.7488809,1.3760653],[103.7489036,1.3760693],[103.7489081,1.3760682],[103.7489088,1.3760639],[103.7489141,1.3760649],[103.7489253,1.3760005]]]}},{"type":"Feature","properties":{"type":"HDB"},"geometry":{"type":"Polygon","coordinates":[[[103.7483346,1.3761169],[103.748359,1.3761054],[103.7483582,1.3761035],[103.7484066,1.3760829],[103.7484042,1.3760778],[103.7484094,1.3760753],[103.7484109,1.3760785],[103.7484315,1.3760711],[103.7484209,1.3760483],[103.7483939,1.376061],[103.7483881,1.3760486],[103.7483752,1.3760547],[103.7483571,1.376016],[103.7483823,1.3760041],[103.7483809,1.3760013],[103.7484291,1.3759785],[103.7484317,1.3759841],[103.7484897,1.3759566],[103.7484871,1.375951],[103.7485353,1.3759282],[103.7485366,1.3759311],[103.7485622,1.3759189],[103.7485803,1.3759576],[103.7485661,1.3759643],[103.7485719,1.3759768],[103.7485448,1.3759897],[103.7485557,1.3760132],[103.7485434,1.376019],[103.7485419,1.3760277],[103.7485685,1.3760324],[103.7485598,1.3760825],[103.7485212,1.3760757],[103.7485219,1.3760717],[103.748474,1.3760943],[103.7484781,1.3761031],[103.7484319,1.3761249],[103.7484175,1.3760941],[103.748379,1.3761123],[103.7483813,1.3761173],[103.7483774,1.3761192],[103.7483757,1.3761154],[103.7483653,1.3761188],[103.7483183,1.376141],[103.748315,1.3761489],[103.7483349,1.3761958],[103.7483396,1.3761936],[103.7483416,1.3761979],[103.7483385,1.3761993],[103.748347,1.3762216],[103.7483569,1.3762234],[103.748365,1.3761773],[103.7483904,1.3761818],[103.7483957,1.3761513],[103.7484094,1.3761537],[103.7484119,1.3761397],[103.748452,1.3761468],[103.7484472,1.3761746],[103.7484505,1.3761752],[103.7484413,1.3762283],[103.7484348,1.3762272],[103.7484294,1.3762579],[103.7484405,1.3762598],[103.7484361,1.3762852],[103.7484708,1.3762914],[103.7484683,1.3763055],[103.7484811,1.3763077],[103.748474,1.3763483],[103.7484467,1.3763435],[103.7484456,1.3763498],[103.7483935,1.3763406],[103.7483946,1.3763343],[103.7482953,1.3763167],[103.7482942,1.3763231],[103.7482411,1.3763137],[103.7482422,1.3763074],[103.7482127,1.3763021],[103.7482198,1.3762615],[103.7482325,1.3762638],[103.748235,1.3762497],[103.7482715,1.3762561],[103.7482759,1.3762307],[103.7483326,1.3762408],[103.7483344,1.3762306],[103.7483214,1.3762074],[103.7483184,1.3762088],[103.7483165,1.3762046],[103.7483212,1.3762023],[103.7482974,1.3761562],[103.7482904,1.376154],[103.7482816,1.37616],[103.7482834,1.3761637],[103.7482794,1.3761656],[103.7482771,1.3761605],[103.748243,1.3761766],[103.7482464,1.3761838],[103.7482031,1.3762043],[103.7481932,1.3761832],[103.7481732,1.3761927],[103.7481628,1.3761705],[103.7481394,1.3761815],[103.7481336,1.376169],[103.7481173,1.3761768],[103.7480993,1.3761384],[103.748124,1.3761267],[103.7481212,1.3761207],[103.7481702,1.3760975],[103.748173,1.3761035],[103.748266,1.3760595],[103.7482632,1.3760535],[103.7483127,1.3760301],[103.7483155,1.3760361],[103.7483404,1.3760243],[103.7483583,1.3760627],[103.7483412,1.3760708],[103.748347,1.3760832],[103.748324,1.3760941],[103.7483346,1.3761169]]]}},{"type":"Feature","properties":{"type":"HDB"},"geometry":{"type":"Polygon","coordinates":[[[103.7469928,1.3762505],[103.7470424,1.3762712],[103.7470247,1.3763143],[103.7470022,1.376305],[103.7467895,1.3763059],[103.7467895,1.3762989],[103.7467624,1.3762991],[103.7467622,1.3762515],[103.7467783,1.3762547],[103.7467782,1.3762372],[103.7468046,1.376237],[103.7468045,1.3762141],[103.7468886,1.3762137],[103.7468884,1.3761875],[103.746869,1.3761823],[103.7468707,1.3761756],[103.7467027,1.3761307],[103.7467009,1.3761374],[103.746687,1.3761337],[103.7466816,1.376154],[103.7466214,1.3761379],[103.7466189,1.3761423],[103.7466922,1.3761845],[103.7466806,1.3762049],[103.7467026,1.3762176],[103.7466936,1.3762335],[103.7467001,1.3762372],[103.7467021,1.3762338],[103.7467097,1.3762382],[103.7466862,1.3762795],[103.7466786,1.3762751],[103.7466802,1.3762723],[103.7466651,1.3762636],[103.7466605,1.3762715],[103.7466116,1.3762434],[103.7466161,1.3762354],[103.7465928,1.376222],[103.7465913,1.3762248],[103.7465818,1.3762193],[103.7465833,1.3762165],[103.7465604,1.3762033],[103.7465559,1.3762113],[103.7465066,1.3761829],[103.7465111,1.3761749],[103.7464941,1.3761651],[103.7464925,1.3761679],[103.7464852,1.3761636],[103.7465086,1.3761224],[103.746516,1.3761266],[103.746514,1.3761301],[103.7465213,1.3761342],[103.7465303,1.3761184],[103.7465532,1.3761316],[103.7465648,1.3761112],[103.7466075,1.3761357],[103.7466205,1.3761127],[103.7465687,1.3760989],[103.7465747,1.3760759],[103.7466265,1.3760897],[103.7466264,1.376063],[103.7465782,1.3760647],[103.7465781,1.3760406],[103.7465509,1.3760406],[103.7465509,1.3760234],[103.7465353,1.3760269],[103.7465352,1.3759791],[103.7465426,1.3759791],[103.7465426,1.3759823],[103.7465613,1.3759822],[103.7465613,1.3759724],[103.7466185,1.3759723],[103.7466185,1.3759821],[103.7466466,1.3759821],[103.7466466,1.3759789],[103.7466559,1.3759789],[103.7466559,1.375982],[103.746682,1.375982],[103.746682,1.3759722],[103.7467385,1.3759721],[103.7467385,1.3759819],[103.7467576,1.3759818],[103.7467576,1.3759787],[103.7467665,1.3759787],[103.7467666,1.3760265],[103.7467495,1.376023],[103.7467495,1.3760402],[103.7467234,1.3760403],[103.7467234,1.3760644],[103.7466405,1.3760629],[103.7466405,1.3760906],[103.7466946,1.376105],[103.7466939,1.3761074],[103.7466995,1.3761089],[103.7466982,1.3761139],[103.7467465,1.3761268],[103.7467591,1.376079],[103.7467977,1.3760894],[103.7467851,1.3761371],[103.7468865,1.3761642],[103.7468878,1.3761592],[103.7468958,1.3761588],[103.7469099,1.3761342],[103.7468354,1.3760937],[103.7468471,1.3760732],[103.7468244,1.3760601],[103.7468334,1.3760443],[103.7468269,1.3760406],[103.7468249,1.376044],[103.7468181,1.37604],[103.7468417,1.3759986],[103.7468486,1.3760026],[103.746847,1.3760054],[103.7468637,1.376015],[103.7468685,1.3760066],[103.746917,1.3760347],[103.7469122,1.3760431],[103.7469338,1.3760556],[103.7469354,1.3760528],[103.7469461,1.376059],[103.7469445,1.3760618],[103.7469679,1.3760753],[103.7469727,1.3760669],[103.7470203,1.3760944],[103.7470155,1.3761028],[103.747033,1.376113],[103.7470346,1.3761102],[103.7470402,1.3761135],[103.7470165,1.3761549],[103.7470109,1.3761516],[103.7470129,1.3761482],[103.7470052,1.3761437],[103.7469962,1.3761595],[103.7469749,1.3761471],[103.7469632,1.3761676],[103.7469209,1.3761431],[103.7469084,1.376165],[103.7469602,1.3761789],[103.7469541,1.3762019],[103.7469031,1.3761883],[103.7469032,1.3762136],[103.7469508,1.3762134],[103.7469509,1.3762364],[103.7469769,1.3762363],[103.746977,1.3762538],[103.7469928,1.3762505]]]}},{"type":"Feature","properties":{"type":"HDB"},"geometry":{"type":"Polygon","coordinates":[[[103.7471751,1.3763238],[103.7471829,1.3763083],[103.7472056,1.37632],[103.7472166,1.3762982],[103.7472689,1.376325],[103.7472834,1.3762964],[103.7472266,1.3762812],[103.747233,1.3762568],[103.7472887,1.3762716],[103.7472886,1.3762444],[103.7472356,1.3762446],[103.7472356,1.3762211],[103.7472094,1.3762212],[103.7472093,1.3762021],[103.7471939,1.376205],[103.7471937,1.376157],[103.7472002,1.376157],[103.7472002,1.3761595],[103.7472213,1.3761594],[103.7472213,1.376149],[103.7472784,1.3761488],[103.7472784,1.3761592],[103.7473699,1.3761589],[103.7473698,1.3761485],[103.747428,1.3761482],[103.747428,1.3761587],[103.7474556,1.3761561],[103.7474558,1.3762041],[103.7474396,1.3762012],[103.7474397,1.3762204],[103.7474128,1.3762205],[103.7474128,1.3762439],[103.7473033,1.3762425],[103.7473034,1.3762756],[103.7473083,1.3762769],[103.747309,1.3762743],[103.7473829,1.3762941],[103.7473823,1.3762967],[103.7473876,1.3762981],[103.747386,1.376304],[103.7474313,1.3763162],[103.7474442,1.3762672],[103.7474864,1.3762785],[103.7474947,1.3762472],[103.7475397,1.3762592],[103.7475423,1.3762495],[103.7475965,1.376264],[103.7475939,1.3762737],[103.7476144,1.3762792],[103.7476151,1.3762764],[103.7476224,1.3762783],[103.7476099,1.3763257],[103.747596,1.3763185],[103.7475914,1.376336],[103.7475655,1.3763291],[103.7475608,1.376347],[103.747586,1.3763566],[103.7475873,1.3763515],[103.7475948,1.3763535],[103.7475934,1.3763585],[103.747654,1.3763747],[103.7476547,1.3763721],[103.747663,1.3763743],[103.7476623,1.376377],[103.7476998,1.376387],[103.747702,1.3763783],[103.747722,1.3763836],[103.7477342,1.3763622],[103.7476608,1.3763199],[103.7476727,1.3762989],[103.7476506,1.3762862],[103.7476589,1.3762717],[103.7476438,1.3762665],[103.7476672,1.3762252],[103.7476737,1.3762289],[103.7476722,1.3762315],[103.7476886,1.3762409],[103.7476936,1.3762322],[103.7477422,1.3762602],[103.7477373,1.3762689],[103.7477599,1.3762819],[103.7477614,1.3762794],[103.7477706,1.3762847],[103.7477692,1.3762873],[103.7477925,1.3763007],[103.7477975,1.376292],[103.747847,1.3763205],[103.7478421,1.3763292],[103.7478578,1.3763383],[103.7478592,1.3763357],[103.7478663,1.3763398],[103.7478428,1.376381],[103.7478305,1.3763705],[103.7478223,1.376385],[103.7477995,1.3763718],[103.7477875,1.3763929],[103.7477463,1.3763692],[103.7477341,1.3763907],[103.747785,1.3764043],[103.7477785,1.3764289],[103.7477275,1.3764153],[103.7477277,1.3764396],[103.7477767,1.3764392],[103.7477769,1.3764631],[103.747802,1.3764629],[103.7478021,1.3764789],[103.7478176,1.3764755],[103.7478179,1.3765223],[103.7477917,1.3765203],[103.7477917,1.3765304],[103.7477362,1.3765308],[103.7477361,1.3765208],[103.7477078,1.376521],[103.7477078,1.3765231],[103.7476704,1.3765213],[103.7476705,1.3765313],[103.7476145,1.3765317],[103.7476144,1.3765217],[103.7475886,1.376524],[103.7475882,1.3764772],[103.7476037,1.3764804],[103.7476036,1.3764645],[103.7476299,1.3764643],[103.7476297,1.3764404],[103.7477133,1.3764397],[103.7477131,1.3764115],[103.747702,1.3764085],[103.7477034,1.3764033],[103.7476585,1.3763913],[103.7476579,1.3763937],[103.7476496,1.3763915],[103.7476503,1.3763891],[103.747597,1.3763748],[103.7475963,1.3763772],[103.747589,1.3763753],[103.7475896,1.3763729],[103.7475689,1.3763673],[103.7475683,1.3763697],[103.7475571,1.3763667],[103.7475521,1.3763857],[103.7475766,1.3763923],[103.7475723,1.3764086],[103.7475878,1.3764095],[103.7475759,1.3764544],[103.7475686,1.3764525],[103.7475693,1.3764498],[103.7475515,1.376445],[103.747549,1.3764546],[103.7474948,1.3764401],[103.7474973,1.3764306],[103.7474736,1.3764242],[103.7474729,1.3764269],[103.7474655,1.3764249],[103.7474785,1.3763755],[103.7474724,1.3763739],[103.7474747,1.3763651],[103.7474809,1.3763667],[103.7474859,1.3763477],[103.7474693,1.3763433],[103.74747,1.3763409],[103.7474271,1.376332],[103.7474278,1.3763296],[103.7473901,1.3763195],[103.7473886,1.3763255],[103.7473756,1.376322],[103.7473699,1.3763433],[103.7472861,1.3763209],[103.7472809,1.3763311],[103.7473749,1.3763792],[103.7473639,1.3764009],[103.7473888,1.3764136],[103.7473809,1.3764291],[103.7473966,1.3764335],[103.7473738,1.3764787],[103.7473667,1.376475],[103.747368,1.3764724],[103.7473495,1.376463],[103.7473457,1.3764705],[103.7471617,1.3763763],[103.7471642,1.3763714],[103.7471411,1.3763596],[103.7471399,1.3763625],[103.7470488,1.3763241],[103.7470663,1.376282],[103.7471607,1.3763217],[103.7471628,1.3763175],[103.7471751,1.3763238]]]}},{"type":"Feature","properties":{"type":"HDB"},"geometry":{"type":"Polygon","coordinates":[[[103.7490336,1.3765052],[103.7490615,1.3763995],[103.7492274,1.3764439],[103.7492094,1.3765121],[103.7491553,1.3765377],[103.7490336,1.3765052]]]}},{"type":"Feature","properties":{"type":"HDB"},"geometry":{"type":"Polygon","coordinates":[[[103.7464466,1.3766763],[103.7463721,1.3766333],[103.7464072,1.3765717],[103.746386,1.3765594],[103.7463781,1.3765731],[103.7463742,1.3765709],[103.746424,1.3764836],[103.7464138,1.3764777],[103.7464143,1.3764566],[103.7464683,1.3763619],[103.7464855,1.3763508],[103.7464974,1.3763301],[103.7465081,1.3763363],[103.7465238,1.3763088],[103.7465277,1.3763111],[103.7465232,1.3763189],[103.7465641,1.3763425],[103.7465685,1.3763347],[103.7465724,1.3763369],[103.746568,1.3763448],[103.7466087,1.3763683],[103.7466132,1.3763605],[103.7466171,1.3763627],[103.7466126,1.3763706],[103.7466693,1.3764033],[103.7466738,1.3763955],[103.7466777,1.3763977],[103.7466732,1.3764056],[103.7467284,1.3764374],[103.7467372,1.376422],[103.7467677,1.3764151],[103.7468065,1.3764374],[103.7468092,1.3764327],[103.7468131,1.376435],[103.7468104,1.3764397],[103.7468637,1.3764705],[103.7468664,1.3764658],[103.7468703,1.376468],[103.7468676,1.3764727],[103.7469246,1.3765056],[103.7469273,1.3765009],[103.7469312,1.3765032],[103.7469285,1.3765079],[103.7469685,1.376531],[103.7469712,1.3765263],[103.7469751,1.3765286],[103.7469724,1.3765333],[103.7470131,1.3765567],[103.7470158,1.376552],[103.7470197,1.3765543],[103.7469756,1.3766315],[103.7469865,1.3766378],[103.7469861,1.3766592],[103.7469362,1.3767467],[103.7469617,1.3767614],[103.7469335,1.376811],[103.7469154,1.3768006],[103.7468877,1.3768492],[103.7468159,1.3768078],[103.7468133,1.3768125],[103.7468094,1.3768102],[103.746812,1.3768055],[103.746772,1.3767824],[103.7467693,1.3767871],[103.7467654,1.3767849],[103.7467681,1.3767802],[103.7467111,1.3767472],[103.7467084,1.3767519],[103.7467045,1.3767497],[103.7467072,1.376745],[103.7466539,1.3767142],[103.7466512,1.3767189],[103.7466473,1.3767167],[103.74665,1.376712],[103.7466044,1.3766857],[103.7465729,1.3767409],[103.7465168,1.3767085],[103.7465109,1.3767189],[103.7464443,1.3766804],[103.7464466,1.3766763]]]}},{"type":"Feature","properties":{"type":"HDB"},"geometry":{"type":"Polygon","coordinates":[[[103.7475107,1.3766615],[103.7473844,1.3766278],[103.7473828,1.3765843],[103.74739,1.3765573],[103.7474128,1.37652],[103.7475392,1.3765538],[103.7475406,1.3765975],[103.7475335,1.3766246],[103.7475107,1.3766615]]]}},{"type":"Feature","properties":{"type":"HDB"},"geometry":{"type":"Polygon","coordinates":[[[103.7487042,1.3765634],[103.748727,1.3765546],[103.7487163,1.3765316],[103.7486959,1.3765412],[103.7486903,1.3765292],[103.7486815,1.3765333],[103.748664,1.3764958],[103.7486892,1.3764838],[103.748687,1.376479],[103.7487349,1.3764563],[103.7487401,1.3764673],[103.7487976,1.3764401],[103.7487924,1.3764291],[103.7488415,1.3764059],[103.7488432,1.3764096],[103.7488686,1.3763976],[103.7488866,1.3764363],[103.7488763,1.3764411],[103.748882,1.3764532],[103.7488609,1.3764632],[103.7488714,1.3764858],[103.7488588,1.3764918],[103.7488682,1.376512],[103.7488845,1.3765043],[103.7489016,1.3765408],[103.7488871,1.3765449],[103.748898,1.3765682],[103.7489252,1.3765553],[103.748931,1.3765679],[103.7489438,1.3765618],[103.7489613,1.3765993],[103.7489351,1.3766117],[103.748937,1.3766159],[103.7488887,1.3766388],[103.7488857,1.3766324],[103.7488282,1.3766596],[103.7488312,1.376666],[103.7487839,1.3766884],[103.7487819,1.3766842],[103.7487552,1.3766968],[103.7487377,1.3766593],[103.7487517,1.3766527],[103.7487458,1.3766402],[103.7487733,1.3766272],[103.748762,1.376603],[103.7488168,1.376577],[103.7488123,1.3765674],[103.7487599,1.3765922],[103.748748,1.3765668],[103.7487432,1.376569],[103.7487407,1.3765637],[103.7487117,1.3765795],[103.7487109,1.3765778],[103.7486652,1.3766014],[103.7486644,1.3765998],[103.7486493,1.3766069],[103.7486518,1.3766122],[103.7486466,1.3766147],[103.7486449,1.376611],[103.7486246,1.3766187],[103.7486289,1.376628],[103.7486271,1.3766289],[103.748652,1.3766773],[103.7486501,1.3766782],[103.748654,1.3766865],[103.7486519,1.376699],[103.7487267,1.3767119],[103.7487224,1.3767373],[103.7487565,1.3767432],[103.7487541,1.3767571],[103.7487671,1.3767593],[103.74876,1.3768009],[103.7487318,1.376796],[103.7487309,1.3768011],[103.7486783,1.376792],[103.7486792,1.3767869],[103.7485801,1.3767698],[103.7485792,1.3767749],[103.7485267,1.3767658],[103.7485275,1.3767607],[103.7485,1.376756],[103.7485071,1.3767144],[103.7485202,1.3767167],[103.7485225,1.3767028],[103.7485556,1.3767085],[103.74856,1.3766831],[103.7486367,1.3766963],[103.7486381,1.376688],[103.7486347,1.3766855],[103.7486135,1.3766353],[103.7486117,1.3766362],[103.7486073,1.3766268],[103.7485878,1.3766381],[103.7485895,1.3766417],[103.7485838,1.3766444],[103.7485813,1.3766391],[103.7485478,1.376655],[103.7485514,1.3766627],[103.7485118,1.3766814],[103.7485026,1.3766617],[103.7484819,1.3766715],[103.7484708,1.3766477],[103.7484479,1.3766586],[103.7484422,1.3766465],[103.7484257,1.3766543],[103.7484075,1.3766154],[103.7484326,1.3766035],[103.7484303,1.3765987],[103.7484789,1.3765757],[103.7484812,1.3765806],[103.7485721,1.3765376],[103.7485698,1.3765327],[103.7486191,1.3765094],[103.7486213,1.3765142],[103.7486469,1.3765021],[103.7486651,1.3765411],[103.7486472,1.3765495],[103.7486528,1.3765616],[103.7486295,1.3765726],[103.7486402,1.3765956],[103.7487002,1.3765673],[103.748698,1.3765628],[103.7487028,1.3765605],[103.7487042,1.3765634]]]}},{"type":"Feature","properties":{"type":"HDB"},"geometry":{"type":"Polygon","coordinates":[[[103.7481629,1.3768123],[103.7481587,1.3768369],[103.7481919,1.3768426],[103.7481894,1.3768571],[103.7482025,1.3768593],[103.7481955,1.3769004],[103.7481676,1.3768955],[103.7481666,1.3769014],[103.7481143,1.3768924],[103.7481153,1.3768865],[103.7480158,1.3768693],[103.7480148,1.3768752],[103.7479628,1.3768663],[103.7479638,1.3768604],[103.7479349,1.3768554],[103.7479419,1.3768143],[103.7479566,1.3768169],[103.747959,1.3768024],[103.7479915,1.376808],[103.7479957,1.3767834],[103.7480158,1.3767869],[103.7480258,1.3767282],[103.7480024,1.3767242],[103.7480068,1.3766985],[103.7479814,1.3766941],[103.7479838,1.3766806],[103.7479654,1.3766774],[103.7479724,1.3766359],[103.7479996,1.3766406],[103.7480008,1.3766337],[103.7480548,1.3766433],[103.7480537,1.3766499],[103.7481526,1.376667],[103.7481537,1.3766609],[103.7482073,1.3766705],[103.7482063,1.3766763],[103.7482353,1.3766813],[103.7482282,1.3767227],[103.7482092,1.3767195],[103.7482068,1.376733],[103.7481817,1.3767287],[103.7481773,1.3767543],[103.7482286,1.3767632],[103.7482333,1.3767624],[103.7482341,1.3767577],[103.7482397,1.3767587],[103.7482507,1.3766941],[103.7482832,1.3766999],[103.7482855,1.3766864],[103.7483393,1.376696],[103.7483383,1.3767016],[103.7483653,1.3767064],[103.7483586,1.3767453],[103.7483489,1.3767436],[103.7483466,1.3767572],[103.7483233,1.3767531],[103.7483189,1.3767788],[103.7483043,1.3767763],[103.7483005,1.3767988],[103.7482509,1.3767903],[103.7482486,1.3768035],[103.7483029,1.3768129],[103.7482984,1.3768391],[103.7483253,1.3768437],[103.7483228,1.3768584],[103.7483387,1.3768611],[103.7483318,1.3769015],[103.7483035,1.3768966],[103.7483029,1.3769004],[103.7482499,1.3768912],[103.7482511,1.3768842],[103.7482193,1.3768787],[103.7482351,1.3767856],[103.7482295,1.3767847],[103.7482303,1.3767802],[103.7482262,1.3767777],[103.7481579,1.376766],[103.7481569,1.3767721],[103.7481511,1.3767711],[103.7481465,1.3767981],[103.7480965,1.3767894],[103.7480946,1.3768005],[103.7481629,1.3768123]]]}},{"type":"Feature","properties":{"type":"HDB"},"geometry":{"type":"Polygon","coordinates":[[[103.7470938,1.3767801],[103.7471408,1.3768072],[103.7471549,1.3767826],[103.7470982,1.3767672],[103.7471045,1.3767439],[103.747162,1.3767595],[103.7471635,1.3767264],[103.7471062,1.3767238],[103.7471073,1.3766991],[103.747081,1.3766979],[103.7470818,1.3766809],[103.7470657,1.3766833],[103.7470679,1.3766332],[103.7470756,1.3766335],[103.7470754,1.3766367],[103.7470963,1.3766377],[103.7470967,1.3766285],[103.7471535,1.3766311],[103.7471531,1.3766403],[103.7472447,1.3766445],[103.7472452,1.3766353],[103.7473027,1.3766379],[103.7473023,1.3766471],[103.7473226,1.376648],[103.7473227,1.3766448],[103.7473306,1.3766452],[103.7473283,1.3766953],[103.7473123,1.3766915],[103.7473115,1.3767084],[103.7472842,1.3767072],[103.7472831,1.3767319],[103.7471774,1.3767271],[103.7471769,1.3767387],[103.7472606,1.3767614],[103.7472551,1.3767819],[103.7472683,1.3767855],[103.7472668,1.3767914],[103.7473067,1.3768022],[103.7473073,1.3767999],[103.7473179,1.3768028],[103.7473172,1.3768051],[103.7473615,1.3768171],[103.7473672,1.3767959],[103.747362,1.3767945],[103.7473643,1.376786],[103.7473695,1.3767874],[103.7473829,1.3767373],[103.7474145,1.3767482],[103.7474169,1.3767392],[103.7474709,1.3767539],[103.7474685,1.3767629],[103.7474941,1.3767674],[103.7474822,1.3768116],[103.7474683,1.376805],[103.7474638,1.3768221],[103.747439,1.3768154],[103.7474334,1.3768366],[103.7474727,1.3768472],[103.7474733,1.376845],[103.7474827,1.3768475],[103.7474821,1.3768498],[103.7475269,1.3768619],[103.7475275,1.3768597],[103.7475365,1.3768621],[103.7475359,1.3768644],[103.7475803,1.3768764],[103.7475819,1.3768703],[103.7475928,1.3768733],[103.747607,1.3768484],[103.7475338,1.3768062],[103.7475455,1.3767856],[103.7475228,1.3767725],[103.7475314,1.3767576],[103.7475249,1.3767539],[103.7475232,1.3767569],[103.7475158,1.3767526],[103.7475395,1.376711],[103.7475469,1.3767153],[103.7475454,1.376718],[103.7475602,1.3767266],[103.7475649,1.3767185],[103.7476137,1.3767466],[103.747609,1.3767548],[103.7476334,1.3767688],[103.7476349,1.3767661],[103.747644,1.3767714],[103.7476425,1.3767741],[103.7476657,1.3767875],[103.7476703,1.3767793],[103.7477197,1.3768078],[103.7477151,1.376816],[103.7477307,1.376825],[103.7477323,1.3768223],[103.7477393,1.3768263],[103.7477156,1.3768679],[103.7477033,1.3768568],[103.7476948,1.3768718],[103.7476724,1.3768588],[103.7476607,1.3768794],[103.7476196,1.3768557],[103.7476074,1.3768772],[103.7476581,1.376891],[103.7476515,1.3769158],[103.7476003,1.3769019],[103.7476005,1.376927],[103.7476073,1.376927],[103.7476073,1.3769247],[103.7476483,1.3769245],[103.7476485,1.3769502],[103.7476746,1.3769501],[103.7476747,1.3769677],[103.7476821,1.3769677],[103.7476821,1.3769638],[103.7476903,1.3769638],[103.7476905,1.377011],[103.7476823,1.3770111],[103.7476823,1.3770084],[103.747664,1.3770084],[103.7476641,1.377018],[103.7476077,1.3770182],[103.7476077,1.3770087],[103.7475802,1.3770088],[103.7475802,1.3770116],[103.7475707,1.3770116],[103.7475707,1.3770089],[103.7475445,1.377009],[103.7475446,1.3770185],[103.7474867,1.3770188],[103.7474867,1.3770093],[103.7474687,1.3770094],[103.7474687,1.3770121],[103.747461,1.3770121],[103.7474608,1.3769649],[103.7474685,1.3769649],[103.7474685,1.3769687],[103.7474767,1.3769687],[103.7474766,1.376951],[103.7475021,1.3769509],[103.747502,1.3769275],[103.7475865,1.3769248],[103.7475863,1.3769015],[103.7475663,1.376896],[103.7475684,1.3768882],[103.7475321,1.3768784],[103.7475315,1.3768807],[103.7475225,1.3768782],[103.7475231,1.376876],[103.747462,1.3768594],[103.7474607,1.3768644],[103.747453,1.3768623],[103.7474543,1.3768573],[103.7474296,1.3768506],[103.7474239,1.376872],[103.7474486,1.3768787],[103.7474439,1.3768964],[103.7474516,1.3768985],[103.7474526,1.3768948],[103.7474595,1.3768967],[103.7474469,1.3769437],[103.7474393,1.3769416],[103.7474399,1.3769392],[103.7474199,1.3769337],[103.7474173,1.3769433],[103.7473624,1.3769284],[103.7473649,1.3769188],[103.7473295,1.3769092],[103.7473288,1.3769117],[103.7473217,1.3769097],[103.7473303,1.3768776],[103.7472871,1.3768659],[103.7473005,1.3768156],[103.747256,1.3768035],[103.7472546,1.3768085],[103.7472484,1.3768069],[103.7472474,1.3768108],[103.7471731,1.3767906],[103.7471741,1.3767867],[103.7471694,1.3767854],[103.7471529,1.3768142],[103.747249,1.3768697],[103.7472375,1.3768898],[103.7472601,1.3769029],[103.7472511,1.3769186],[103.7472588,1.3769231],[103.7472607,1.3769198],[103.7472667,1.3769233],[103.7472413,1.3769678],[103.7472353,1.3769643],[103.7472367,1.3769618],[103.7472192,1.3769517],[103.747215,1.376959],[103.7471649,1.3769301],[103.7471691,1.3769228],[103.7470902,1.3768772],[103.747086,1.3768845],[103.747036,1.3768557],[103.7470402,1.3768484],[103.7470224,1.3768381],[103.7470209,1.3768406],[103.7470142,1.3768367],[103.7470396,1.3767922],[103.7470463,1.376796],[103.7470445,1.3767993],[103.7470519,1.3768036],[103.7470608,1.3767879],[103.7470823,1.3768003],[103.7470938,1.3767801]]]}},{"type":"Feature","properties":{"type":"HDB"},"geometry":{"type":"Polygon","coordinates":[[[103.7395561,1.3764994],[103.7395766,1.3765418],[103.7395515,1.376554],[103.7395528,1.3765567],[103.739508,1.3765786],[103.7395067,1.3765759],[103.7394156,1.3766204],[103.7394169,1.3766231],[103.7393714,1.3766453],[103.7393701,1.3766426],[103.7393453,1.3766548],[103.7393249,1.3766125],[103.7393497,1.3766003],[103.7393436,1.3765876],[103.7393709,1.3765743],[103.7393603,1.3765525],[103.7393954,1.3765354],[103.7393892,1.3765227],[103.7393946,1.37652],[103.7393756,1.3764806],[103.7392753,1.3764733],[103.739221,1.3765003],[103.7392316,1.3765219],[103.7392578,1.3765088],[103.7392638,1.3765212],[103.7392772,1.3765145],[103.7392948,1.3765504],[103.7392692,1.3765631],[103.7392728,1.3765704],[103.7392283,1.3765926],[103.7392247,1.3765852],[103.739197,1.376599],[103.7391904,1.3765856],[103.7391711,1.3765953],[103.7391776,1.3766086],[103.7391493,1.3766227],[103.7391529,1.3766301],[103.7391089,1.376652],[103.7391053,1.3766446],[103.7390813,1.3766566],[103.7390637,1.3766207],[103.7390776,1.3766138],[103.7390716,1.3766015],[103.7390979,1.3765884],[103.7390873,1.3765669],[103.7391213,1.3765499],[103.7391157,1.3765386],[103.7390677,1.3765625],[103.73905,1.3765266],[103.7390651,1.3765191],[103.739055,1.3764985],[103.7390285,1.3765116],[103.7390223,1.3764989],[103.7390089,1.3765056],[103.7389914,1.3764699],[103.7390161,1.3764576],[103.7390125,1.3764502],[103.7390579,1.3764277],[103.7390615,1.376435],[103.7391161,1.3764078],[103.7391125,1.3764005],[103.7391567,1.3763785],[103.7391603,1.3763858],[103.7391853,1.3763734],[103.7392029,1.3764091],[103.7391891,1.3764159],[103.7391953,1.3764286],[103.7391687,1.3764419],[103.7391789,1.3764625],[103.7392012,1.3764515],[103.7392186,1.376487],[103.7392795,1.3764583],[103.7392812,1.3764343],[103.739252,1.3764322],[103.739253,1.3764178],[103.7392251,1.3764158],[103.7392284,1.3763691],[103.7392563,1.3763711],[103.7392565,1.3763684],[103.7393058,1.376372],[103.7393056,1.3763747],[103.7394066,1.376382],[103.7394068,1.3763793],[103.739457,1.376383],[103.7394568,1.3763857],[103.7394845,1.3763877],[103.7394812,1.3764344],[103.7394535,1.3764324],[103.7394525,1.3764468],[103.7394223,1.3764446],[103.7394206,1.3764686],[103.739388,1.3764662],[103.7393875,1.3764724],[103.7394035,1.3765055],[103.7394856,1.3764653],[103.7394962,1.3764874],[103.7394884,1.3764912],[103.7394984,1.376512],[103.7395249,1.376499],[103.739531,1.3765117],[103.7395561,1.3764994]]]}},{"type":"Feature","properties":{"type":"HDB"},"geometry":{"type":"Polygon","coordinates":[[[103.7422815,1.3765218],[103.742284,1.3765397],[103.7422996,1.3765375],[103.7423031,1.3765621],[103.7423356,1.3765582],[103.7423333,1.3765335],[103.742349,1.3765321],[103.7423474,1.376514],[103.7424337,1.3765059],[103.7424369,1.3765401],[103.7424604,1.3765386],[103.7424587,1.3765044],[103.7425319,1.3765009],[103.7425322,1.3765078],[103.7425523,1.3765068],[103.7425526,1.3765312],[103.7425772,1.3765308],[103.742577,1.376505],[103.7426986,1.376506],[103.7426984,1.3765324],[103.7426826,1.3765323],[103.7426825,1.3765488],[103.7426982,1.3765489],[103.7426979,1.376605],[103.7425784,1.3766041],[103.742479,1.3766072],[103.7423317,1.3766193],[103.7421982,1.376638],[103.7421827,1.3766489],[103.7421644,1.3766539],[103.7421353,1.3766494],[103.7419203,1.3766983],[103.7419078,1.3766436],[103.7419231,1.3766401],[103.7419194,1.376624],[103.7419041,1.3766275],[103.7418982,1.3766018],[103.7419918,1.37658],[103.7420352,1.376573],[103.7420338,1.3765649],[103.7421054,1.3765505],[103.7421137,1.3765917],[103.7421224,1.37659],[103.7421158,1.3765563],[103.7421306,1.3765441],[103.7421491,1.376519],[103.7421865,1.3765439],[103.7421912,1.3765767],[103.7422015,1.3765751],[103.7421956,1.3765341],[103.7422815,1.3765218]]]}},{"type":"Feature","properties":{"type":"HDB"},"geometry":{"type":"Polygon","coordinates":[[[103.7399259,1.3766974],[103.7399638,1.3767002],[103.7399648,1.3766868],[103.7399704,1.3766835],[103.7399613,1.3766677],[103.7399556,1.376671],[103.7399489,1.3766593],[103.739904,1.3766855],[103.7398918,1.3766643],[103.7399037,1.3766574],[103.7398919,1.3766369],[103.7398658,1.3766521],[103.739859,1.3766402],[103.7398357,1.3766537],[103.7398122,1.3766129],[103.7398355,1.3765993],[103.7398341,1.3765969],[103.7398784,1.3765711],[103.7398798,1.3765736],[103.7399661,1.3765235],[103.7399646,1.376521],[103.7400083,1.3764956],[103.7400097,1.3764981],[103.7400339,1.376484],[103.7400574,1.3765249],[103.7400332,1.3765389],[103.74004,1.3765508],[103.7400134,1.3765663],[103.7400252,1.3765868],[103.7400306,1.3765837],[103.7400354,1.3765921],[103.7400713,1.3765712],[103.7401353,1.3765849],[103.7401647,1.3765678],[103.7401525,1.3765466],[103.7401271,1.3765615],[103.74012,1.3765491],[103.7401067,1.3765568],[103.740087,1.3765224],[103.7401118,1.376508],[103.7401078,1.376501],[103.7401502,1.3764764],[103.7401542,1.3764833],[103.7402081,1.376452],[103.7402041,1.3764451],[103.740247,1.3764201],[103.740251,1.3764271],[103.7402755,1.3764128],[103.7402952,1.3764472],[103.7402813,1.3764553],[103.7402884,1.3764677],[103.7402625,1.3764827],[103.7402743,1.3765032],[103.7402584,1.3765124],[103.7402667,1.3765268],[103.7402826,1.3765176],[103.7402949,1.3765391],[103.7403207,1.3765241],[103.7403275,1.3765359],[103.7403415,1.3765278],[103.7403617,1.3765631],[103.7403372,1.3765774],[103.7403411,1.3765841],[103.7402982,1.3766091],[103.7402943,1.3766023],[103.7402667,1.3766184],[103.7402563,1.3766003],[103.7402374,1.3766113],[103.7402478,1.3766293],[103.7402212,1.3766448],[103.7402251,1.3766516],[103.740181,1.3766772],[103.7401771,1.3766704],[103.7401532,1.3766843],[103.740133,1.3766491],[103.740147,1.3766409],[103.7401402,1.376629],[103.7401653,1.3766145],[103.7401533,1.3765936],[103.7401413,1.3766006],[103.7400911,1.3765899],[103.7400802,1.3765962],[103.7400977,1.3766266],[103.7400638,1.3766463],[103.7400552,1.3766312],[103.7400128,1.3766558],[103.7399956,1.3766258],[103.7399637,1.3766443],[103.7399889,1.3766882],[103.7400165,1.3766903],[103.7400155,1.3767041],[103.740053,1.376707],[103.7400511,1.376732],[103.7400802,1.3767342],[103.7400791,1.3767482],[103.740094,1.3767493],[103.740091,1.3767887],[103.7400636,1.3767866],[103.740063,1.376795],[103.740014,1.3767913],[103.7400147,1.3767829],[103.7399532,1.3767782],[103.7399525,1.3767867],[103.7399031,1.3767829],[103.7399037,1.3767745],[103.7398755,1.3767724],[103.7398785,1.376733],[103.7398936,1.3767341],[103.7398947,1.3767202],[103.739924,1.3767224],[103.7399259,1.3766974]]]}},{"type":"Feature","properties":{"type":"HDB"},"geometry":{"type":"Polygon","coordinates":[[[103.7381251,1.376624],[103.7381262,1.3766264],[103.738072,1.3766529],[103.7380583,1.3766243],[103.7380395,1.3766335],[103.7380145,1.3765817],[103.7380094,1.3765842],[103.7380071,1.3765794],[103.7380026,1.3765816],[103.7379986,1.3765734],[103.7379859,1.3765796],[103.7379957,1.3766],[103.737975,1.3766178],[103.7379862,1.3766311],[103.7379769,1.376639],[103.7380057,1.376673],[103.7379194,1.376747],[103.7378908,1.3767132],[103.7378814,1.3767212],[103.7378701,1.3767078],[103.7378547,1.376721],[103.7378581,1.3767249],[103.7378551,1.3767275],[103.7379012,1.376782],[103.7378992,1.3767838],[103.7378963,1.3767803],[103.7378759,1.3767978],[103.7378847,1.3768081],[103.7378434,1.3768436],[103.7378046,1.3767978],[103.7378228,1.3767822],[103.7377814,1.3767333],[103.7377632,1.3767489],[103.7377242,1.3767028],[103.7377655,1.3766673],[103.7377744,1.3766778],[103.7377947,1.3766604],[103.7377918,1.3766569],[103.7377938,1.3766552],[103.7378006,1.3766631],[103.7378384,1.3766307],[103.7378621,1.3766588],[103.7378703,1.3766518],[103.7378566,1.3766356],[103.737886,1.3766104],[103.7379139,1.3766434],[103.7379293,1.3766302],[103.7379049,1.3765796],[103.7378764,1.3765935],[103.737853,1.376545],[103.737877,1.3765333],[103.7378732,1.3765255],[103.7379189,1.3765032],[103.7379227,1.376511],[103.7379498,1.3764977],[103.7379603,1.3765194],[103.7379799,1.3765098],[103.7379734,1.3764964],[103.7379921,1.3764872],[103.7379783,1.3764586],[103.7380326,1.3764321],[103.7380337,1.3764346],[103.7380297,1.3764366],[103.7380402,1.3764584],[103.7380477,1.3764548],[103.7380704,1.3765019],[103.738063,1.3765055],[103.7380876,1.3765565],[103.738095,1.3765529],[103.7381177,1.3766],[103.7381102,1.3766036],[103.738121,1.3766259],[103.7381251,1.376624]]]}},{"type":"Feature","properties":{"type":"HDB"},"geometry":{"type":"Polygon","coordinates":[[[103.7381251,1.376624],[103.7381262,1.3766264],[103.738072,1.3766529],[103.7380583,1.3766243],[103.7380395,1.3766335],[103.7380145,1.3765817],[103.7380094,1.3765842],[103.7380071,1.3765794],[103.7380026,1.3765816],[103.7379986,1.3765734],[103.7379859,1.3765796],[103.7379957,1.3766],[103.737975,1.3766178],[103.7379862,1.3766311],[103.7379769,1.376639],[103.7380057,1.376673],[103.7379194,1.376747],[103.7378908,1.3767132],[103.7378814,1.3767212],[103.7378701,1.3767078],[103.7378547,1.376721],[103.7378581,1.3767249],[103.7378551,1.3767275],[103.7379012,1.376782],[103.7378992,1.3767838],[103.7378963,1.3767803],[103.7378759,1.3767978],[103.7378847,1.3768081],[103.7378434,1.3768436],[103.7378046,1.3767978],[103.7378228,1.3767822],[103.7377814,1.3767333],[103.7377632,1.3767489],[103.7377242,1.3767028],[103.7377655,1.3766673],[103.7377744,1.3766778],[103.7377947,1.3766604],[103.7377918,1.3766569],[103.7377938,1.3766552],[103.7378006,1.3766631],[103.7378384,1.3766307],[103.7378621,1.3766588],[103.7378703,1.3766518],[103.7378566,1.3766356],[103.737886,1.3766104],[103.7379139,1.3766434],[103.7379293,1.3766302],[103.7379049,1.3765796],[103.7378764,1.3765935],[103.737853,1.376545],[103.737877,1.3765333],[103.7378732,1.3765255],[103.7379189,1.3765032],[103.7379227,1.376511],[103.7379498,1.3764977],[103.7379603,1.3765194],[103.7379799,1.3765098],[103.7379734,1.3764964],[103.7379921,1.3764872],[103.7379783,1.3764586],[103.7380326,1.3764321],[103.7380337,1.3764346],[103.7380297,1.3764366],[103.7380402,1.3764584],[103.7380477,1.3764548],[103.7380704,1.3765019],[103.738063,1.3765055],[103.7380876,1.3765565],[103.738095,1.3765529],[103.7381177,1.3766],[103.7381102,1.3766036],[103.738121,1.3766259],[103.7381251,1.376624]]]}},{"type":"Feature","properties":{"type":"HDB"},"geometry":{"type":"Polygon","coordinates":[[[103.7388484,1.3764633],[103.7389963,1.3767339],[103.7385438,1.3769843],[103.7383959,1.3767137],[103.7388484,1.3764633]]]}},{"type":"Feature","properties":{"type":"HDB"},"geometry":{"type":"Polygon","coordinates":[[[103.7415742,1.3767259],[103.7415696,1.3767157],[103.7416045,1.376697],[103.7416083,1.3767044],[103.7416303,1.3767049],[103.7416442,1.3767335],[103.7416542,1.3767286],[103.7416381,1.376691],[103.7417054,1.376662],[103.7417118,1.3766769],[103.7417293,1.3766694],[103.7417256,1.3766597],[103.7418433,1.3766192],[103.7418517,1.3766442],[103.7418368,1.3766493],[103.7418421,1.3766649],[103.741857,1.3766599],[103.7418749,1.376713],[103.7417613,1.3767514],[103.7416695,1.3767916],[103.7416481,1.3768121],[103.7416311,1.3768192],[103.7416092,1.3768224],[103.7415026,1.3768871],[103.7414025,1.3769603],[103.7413265,1.3770266],[103.7412246,1.3771319],[103.7411843,1.3770933],[103.7411952,1.3770817],[103.7411833,1.3770703],[103.7411724,1.3770818],[103.7411534,1.3770636],[103.7412197,1.3769935],[103.7412232,1.376997],[103.7412433,1.3769759],[103.7412609,1.3769947],[103.7412786,1.3769781],[103.7412651,1.3769636],[103.741281,1.3769495],[103.7412704,1.3769372],[103.7413257,1.3768889],[103.7413527,1.3769204],[103.741372,1.3769052],[103.7413477,1.3768715],[103.7414179,1.3768203],[103.7414289,1.3768356],[103.7414417,1.3768262],[103.7414559,1.376846],[103.7414842,1.3768272],[103.7414717,1.3768062],[103.7414851,1.3767981],[103.7414755,1.3767818],[103.7415497,1.3767367],[103.7415709,1.3767719],[103.7415815,1.3767658],[103.7415658,1.3767381],[103.7415742,1.3767259]]]}},{"type":"Feature","properties":{"type":"HDB"},"geometry":{"type":"Polygon","coordinates":[[[103.7383485,1.3770054],[103.7382716,1.3770498],[103.7382822,1.3770684],[103.7380949,1.377177],[103.7379071,1.3768477],[103.738172,1.3766947],[103.7383485,1.3770054]]]}},{"type":"Feature","properties":{"type":"HDB"},"geometry":{"type":"Polygon","coordinates":[[[103.7383485,1.3770054],[103.7382716,1.3770498],[103.7382822,1.3770684],[103.7380949,1.377177],[103.7379071,1.3768477],[103.738172,1.3766947],[103.7383485,1.3770054]]]}},{"type":"Feature","properties":{"type":"HDB"},"geometry":{"type":"Polygon","coordinates":[[[103.7393583,1.3770607],[103.7392567,1.3770996],[103.739244,1.377066],[103.7392532,1.3770625],[103.7392469,1.3770457],[103.7392298,1.3770522],[103.7392233,1.377035],[103.7392554,1.3770227],[103.7392512,1.3770116],[103.7392255,1.3770215],[103.7392113,1.3769841],[103.7392243,1.3769791],[103.7392166,1.3769588],[103.7391895,1.3769693],[103.7391842,1.3769552],[103.7391699,1.3769608],[103.739156,1.376924],[103.7391823,1.376914],[103.7391794,1.3769064],[103.739226,1.3768883],[103.739229,1.376896],[103.7392862,1.376874],[103.7392832,1.3768661],[103.7393288,1.3768485],[103.7393319,1.3768565],[103.739359,1.3768461],[103.7393726,1.3768822],[103.7393583,1.3768878],[103.7393636,1.3769018],[103.739336,1.3769126],[103.7393438,1.3769332],[103.7393623,1.3769261],[103.7393726,1.3769533],[103.739401,1.3769424],[103.7393986,1.3769361],[103.7394134,1.3769304],[103.7394096,1.3769204],[103.7394275,1.3769136],[103.7394214,1.3768974],[103.7394119,1.3769011],[103.7394019,1.3768744],[103.7394277,1.3768645],[103.7394304,1.3768718],[103.739482,1.376852],[103.7394793,1.3768447],[103.7395041,1.3768352],[103.7395142,1.3768618],[103.7395049,1.3768654],[103.739511,1.3768815],[103.7395277,1.3768751],[103.739535,1.3768907],[103.7395662,1.3768464],[103.7395585,1.376841],[103.7396062,1.3767732],[103.7396258,1.3767872],[103.7396167,1.3768],[103.7396355,1.3768134],[103.7396527,1.3767889],[103.7396642,1.3767971],[103.7396726,1.376785],[103.7397046,1.3768078],[103.7396886,1.3768304],[103.739703,1.3768407],[103.7396105,1.3769745],[103.739595,1.3769635],[103.7395791,1.3769862],[103.739409,1.3770542],[103.7393998,1.3770299],[103.7393781,1.3770382],[103.7393574,1.3769836],[103.7393404,1.3769901],[103.7393469,1.3770073],[103.7393304,1.3770136],[103.7393368,1.3770304],[103.7393456,1.377027],[103.7393583,1.3770607]],[[103.7394788,1.3769704],[103.7395327,1.3769498],[103.7395446,1.3769427],[103.7395616,1.3769185],[103.7395421,1.3769046],[103.739532,1.3769085],[103.7395342,1.3769143],[103.739525,1.3769178],[103.7395228,1.376912],[103.7394368,1.376945],[103.7394455,1.3769679],[103.7394738,1.3769571],[103.7394788,1.3769704]]]}},{"type":"Feature","properties":{"type":"HDB"},"geometry":{"type":"Polygon","coordinates":[[[103.7460065,1.3757599],[103.7460236,1.3756922],[103.7459972,1.3756459],[103.7459926,1.3756486],[103.7459834,1.3756324],[103.7459783,1.3756298],[103.7459591,1.3755962],[103.7459785,1.375585],[103.745965,1.3755612],[103.7459847,1.3755498],[103.7459769,1.375536],[103.7459887,1.3755292],[103.7459783,1.3755109],[103.7460167,1.3754887],[103.7460304,1.3755127],[103.7460346,1.3755103],[103.7460618,1.375558],[103.7460576,1.3755605],[103.746106,1.3756454],[103.7461102,1.375643],[103.7461369,1.3756897],[103.7461327,1.3756922],[103.7461472,1.3757177],[103.7461088,1.3757399],[103.7460981,1.3757212],[103.7460863,1.375728],[103.7460787,1.3757146],[103.7460589,1.375726],[103.7460394,1.3756918],[103.7460201,1.3757681],[103.7460601,1.3757449],[103.7460715,1.3757647],[103.7460845,1.3757572],[103.7460912,1.3757687],[103.7461094,1.3757581],[103.7461315,1.3757968],[103.7461065,1.3758113],[103.7461091,1.3758159],[103.7460631,1.3758426],[103.7460608,1.3758386],[103.7459758,1.3758879],[103.745978,1.3758919],[103.7459311,1.3759192],[103.7459284,1.3759146],[103.7459045,1.3759284],[103.7458824,1.3758898],[103.7459008,1.3758791],[103.7458942,1.3758676],[103.7459085,1.3758592],[103.7458974,1.3758398],[103.7458524,1.3758276],[103.7458472,1.3758471],[103.7458624,1.3758513],[103.7458588,1.3758649],[103.7458709,1.3758682],[103.7458602,1.3759082],[103.7458328,1.3759008],[103.7458314,1.3759061],[103.7457796,1.3758921],[103.7457814,1.3758852],[103.745722,1.3758692],[103.7457202,1.375876],[103.74567,1.3758624],[103.7456714,1.3758572],[103.7456436,1.3758496],[103.7456542,1.3758096],[103.7456665,1.3758129],[103.7456702,1.3757993],[103.7456858,1.3758035],[103.7456917,1.3757811],[103.7457086,1.3757857],[103.7457271,1.3757249],[103.7457182,1.3757225],[103.7457245,1.3756989],[103.7456988,1.3756919],[103.7457025,1.3756781],[103.7456902,1.3756748],[103.7457003,1.3756372],[103.7457271,1.3756444],[103.7457288,1.3756378],[103.7457801,1.3756517],[103.7457783,1.3756583],[103.7458377,1.3756744],[103.7458395,1.3756677],[103.7458913,1.3756817],[103.7458895,1.3756884],[103.7459169,1.3756958],[103.7459069,1.3757334],[103.7458948,1.3757301],[103.7458911,1.3757439],[103.745865,1.3757369],[103.7458586,1.3757605],[103.7458046,1.3757459],[103.7457992,1.3757659],[103.745847,1.3757788],[103.7458396,1.3758063],[103.7458988,1.3758223],[103.7460065,1.3757599]]]}},{"type":"Feature","properties":{"type":"HDB"},"geometry":{"type":"Polygon","coordinates":[[[103.7424779,1.375694],[103.7424891,1.3756532],[103.7424937,1.3756544],[103.7424981,1.3756378],[103.7425177,1.3756429],[103.7425224,1.3756234],[103.7425172,1.3756214],[103.7425237,1.3755993],[103.7424968,1.3755919],[103.7425009,1.3755772],[103.7424915,1.3755745],[103.7425042,1.3755269],[103.7427143,1.3755838],[103.7427018,1.3756312],[103.7426923,1.3756286],[103.7426885,1.3756428],[103.7426621,1.3756366],[103.742656,1.375659],[103.7426193,1.3756493],[103.742648,1.3757111],[103.7426522,1.3757092],[103.7426575,1.3757211],[103.7426538,1.3757237],[103.7426867,1.3757949],[103.742709,1.375801],[103.7427105,1.375795],[103.7427156,1.3757964],[103.7427226,1.3757699],[103.7427181,1.3757685],[103.7427239,1.3757462],[103.742681,1.3757349],[103.7426848,1.3757201],[103.742678,1.375718],[103.7426914,1.3756681],[103.7429386,1.3757346],[103.742925,1.3757845],[103.7429181,1.3757827],[103.7429141,1.3757976],[103.7428712,1.375786],[103.7428656,1.3758085],[103.7428576,1.3758063],[103.7428473,1.3758448],[103.7428498,1.3758454],[103.7428445,1.3758648],[103.7428664,1.3758709],[103.7428609,1.3758915],[103.7428915,1.3759002],[103.7428878,1.3759144],[103.7428958,1.3759167],[103.742884,1.375962],[103.742758,1.3759283],[103.7427804,1.3758438],[103.7427745,1.3758412],[103.7427755,1.3758362],[103.7427403,1.3758269],[103.7427342,1.3758478],[103.7427547,1.3758535],[103.7427504,1.3758698],[103.742755,1.3758712],[103.742744,1.3759121],[103.7426924,1.3758982],[103.7426957,1.375885],[103.7426337,1.3758682],[103.7426302,1.3758813],[103.7425774,1.3758672],[103.7425883,1.3758262],[103.742593,1.3758276],[103.7425976,1.3758109],[103.7426173,1.3758157],[103.7426234,1.3757937],[103.7426695,1.3758058],[103.742607,1.375667],[103.7425996,1.3756652],[103.7425868,1.3757134],[103.7425628,1.3757068],[103.7425637,1.3757036],[103.7425335,1.3756953],[103.7425294,1.3757081],[103.7424779,1.375694]]]}},{"type":"Feature","properties":{"type":"HDB"},"geometry":{"type":"Polygon","coordinates":[[[103.7432915,1.3760646],[103.7430812,1.376008],[103.7430938,1.3759601],[103.7431029,1.3759624],[103.7431069,1.3759478],[103.7431325,1.3759549],[103.7431372,1.3759348],[103.7431087,1.3759269],[103.7431075,1.3759314],[103.743102,1.3759299],[103.7431032,1.3759254],[103.7430859,1.3759213],[103.7430624,1.3760102],[103.7429366,1.3759764],[103.7429486,1.375931],[103.7429565,1.3759332],[103.7429606,1.3759187],[103.7429912,1.3759269],[103.7429966,1.3759061],[103.7430189,1.3759119],[103.7430242,1.3758922],[103.7430268,1.3758929],[103.7430368,1.3758544],[103.7430291,1.3758523],[103.7430351,1.3758298],[103.742992,1.3758184],[103.7429957,1.3758037],[103.7429892,1.3758018],[103.7430024,1.3757518],[103.7432493,1.3758188],[103.7432363,1.3758686],[103.7432292,1.375867],[103.7432255,1.3758814],[103.7431815,1.3758703],[103.7431759,1.3758931],[103.7431715,1.3758919],[103.7431644,1.3759183],[103.7431697,1.37592],[103.7431687,1.3759238],[103.7432122,1.3759355],[103.7433211,1.3758754],[103.7433191,1.3758717],[103.7433244,1.3758687],[103.7433259,1.3758706],[103.7433483,1.3758582],[103.7433504,1.3758511],[103.7432919,1.3758354],[103.7432979,1.3758127],[103.7432777,1.3758071],[103.743282,1.3757911],[103.7432774,1.3757893],[103.7432886,1.3757488],[103.74334,1.3757626],[103.7433374,1.3757763],[103.7433987,1.3757925],[103.7434024,1.3757791],[103.7434552,1.3757936],[103.7434443,1.3758345],[103.7434396,1.3758333],[103.7434354,1.3758498],[103.7434155,1.3758446],[103.7434099,1.3758648],[103.7434145,1.375866],[103.7434084,1.3758908],[103.7434027,1.3758897],[103.7433978,1.3759094],[103.7434179,1.3759148],[103.7434135,1.3759312],[103.7434181,1.3759326],[103.7434069,1.3759738],[103.7433535,1.3759597],[103.7433559,1.3759462],[103.7433259,1.3759378],[103.7433374,1.3758944],[103.7433293,1.3758926],[103.7432362,1.3759442],[103.7432301,1.3759571],[103.7432781,1.3759703],[103.7432721,1.3759925],[103.7432989,1.3759999],[103.7432951,1.3760142],[103.7433042,1.376017],[103.7432915,1.3760646]]]}},{"type":"Feature","properties":{"type":"HDB"},"geometry":{"type":"Polygon","coordinates":[[[103.7448022,1.3759409],[103.7447919,1.3759381],[103.7447769,1.3759943],[103.7447872,1.3759971],[103.7447797,1.376025],[103.7447492,1.3760168],[103.7447515,1.3760079],[103.7447356,1.3760036],[103.7447338,1.3760102],[103.7447163,1.3760055],[103.7447149,1.3760109],[103.7447079,1.376009],[103.7447052,1.3760188],[103.7446983,1.3760169],[103.7446893,1.3760507],[103.7447107,1.3760564],[103.7447118,1.3760524],[103.7447165,1.3760537],[103.7447225,1.3760316],[103.7447704,1.3760445],[103.7447634,1.3760707],[103.7447702,1.3760725],[103.7447629,1.3760998],[103.7447497,1.3760962],[103.744741,1.3761287],[103.7447445,1.3761296],[103.7447401,1.3761461],[103.7447616,1.3761519],[103.7447469,1.3762067],[103.7447219,1.3762],[103.7447199,1.3762078],[103.7446916,1.3762001],[103.744695,1.3761872],[103.7446341,1.3761707],[103.7446307,1.3761837],[103.7446024,1.376176],[103.7446044,1.3761682],[103.7445784,1.3761612],[103.744591,1.3761139],[103.744613,1.3761199],[103.7446142,1.3761155],[103.7446182,1.3761166],[103.7446242,1.3760942],[103.7446618,1.3761044],[103.7446655,1.3760904],[103.7446019,1.3760732],[103.7446125,1.3760334],[103.7446465,1.3760426],[103.7446579,1.376],[103.7446644,1.3760018],[103.7446775,1.3759528],[103.7447006,1.3759591],[103.7447438,1.3757973],[103.7446917,1.3757832],[103.7446835,1.3758139],[103.7446805,1.3758132],[103.7446678,1.375861],[103.7446413,1.3758538],[103.7446439,1.375844],[103.7445879,1.3758289],[103.7445853,1.3758387],[103.7445585,1.3758314],[103.7445713,1.3757836],[103.7445675,1.3757826],[103.7445757,1.3757518],[103.74457,1.3757503],[103.744576,1.3757278],[103.7445817,1.3757294],[103.7445855,1.3757154],[103.7445908,1.3757169],[103.7445955,1.3756991],[103.7446007,1.3757005],[103.7446051,1.3756841],[103.7445983,1.3756823],[103.7446066,1.3756515],[103.7446334,1.3756588],[103.7446306,1.375669],[103.74466,1.375677],[103.7446392,1.3757549],[103.7447091,1.3757739],[103.7447154,1.3757506],[103.744712,1.3757497],[103.7447129,1.3757462],[103.7446908,1.3757402],[103.7447035,1.3756928],[103.744729,1.3756997],[103.744731,1.3756922],[103.7447585,1.3756997],[103.744755,1.375713],[103.7448166,1.3757297],[103.7448202,1.3757163],[103.744849,1.3757241],[103.7448468,1.3757324],[103.7448718,1.3757391],[103.7448591,1.3757866],[103.7448377,1.3757808],[103.7448364,1.3757855],[103.7448311,1.3757841],[103.7448257,1.3758045],[103.7448288,1.3758053],[103.7448207,1.3758354],[103.7448327,1.3758386],[103.744825,1.3758673],[103.7448182,1.3758655],[103.744811,1.3758923],[103.7447631,1.3758793],[103.7447692,1.3758566],[103.7447644,1.3758553],[103.7447655,1.3758512],[103.7447441,1.3758454],[103.7447324,1.3758893],[103.7447463,1.3758931],[103.7447449,1.3758984],[103.7447624,1.3759031],[103.744761,1.3759084],[103.7447769,1.3759128],[103.7447791,1.3759047],[103.7448096,1.375913],[103.7448022,1.3759409]]]}},{"type":"Feature","properties":{"type":"HDB"},"geometry":{"type":"Polygon","coordinates":[[[103.745243,1.3762355],[103.7452813,1.3762458],[103.7453065,1.3761513],[103.7453357,1.3761592],[103.7453378,1.3761514],[103.7453896,1.3761654],[103.7453881,1.3761711],[103.7454147,1.3761783],[103.7454043,1.376217],[103.745392,1.3762137],[103.7453883,1.3762278],[103.7453625,1.3762208],[103.7453562,1.3762445],[103.7453476,1.3762422],[103.7453368,1.3762826],[103.7453328,1.3763047],[103.7453497,1.3763092],[103.7453438,1.3763313],[103.7453595,1.3763355],[103.7453557,1.3763495],[103.745368,1.3763529],[103.7453576,1.376392],[103.7453296,1.3763844],[103.7453282,1.3763897],[103.7452779,1.3763761],[103.7452816,1.3763622],[103.7452251,1.376347],[103.7452214,1.3763608],[103.745171,1.3763472],[103.7451724,1.3763419],[103.7451409,1.3763334],[103.7451514,1.3762943],[103.7451638,1.3762976],[103.7451676,1.3762836],[103.7451833,1.3762878],[103.7451892,1.3762658],[103.745206,1.3762704],[103.7452183,1.3762245],[103.7451618,1.3761253],[103.7451087,1.3761559],[103.745137,1.3761636],[103.7451314,1.3761843],[103.7451471,1.3761885],[103.7451435,1.376202],[103.7451547,1.3762051],[103.745144,1.3762451],[103.7451171,1.3762379],[103.7451158,1.3762427],[103.7450635,1.3762286],[103.7450655,1.3762208],[103.7450071,1.376205],[103.7450051,1.3762128],[103.7449527,1.3761986],[103.744954,1.3761937],[103.7449271,1.3761865],[103.7449378,1.3761464],[103.7449497,1.3761496],[103.7449533,1.3761361],[103.7449683,1.3761402],[103.7449792,1.3760995],[103.7449641,1.3760955],[103.7449679,1.3760814],[103.744956,1.3760782],[103.7449664,1.3760391],[103.7449934,1.3760463],[103.7449946,1.3760415],[103.745047,1.3760557],[103.7450451,1.3760627],[103.7450753,1.3760708],[103.7450603,1.3761268],[103.7451049,1.3761388],[103.7451535,1.3761108],[103.7451359,1.3760798],[103.7451316,1.3760822],[103.7451219,1.3760652],[103.7451175,1.376064],[103.7450991,1.3760317],[103.74512,1.3760196],[103.7451055,1.3759943],[103.7451242,1.3759835],[103.7451164,1.3759699],[103.745129,1.3759627],[103.7451182,1.3759438],[103.745156,1.375922],[103.7451704,1.3759474],[103.7451742,1.3759452],[103.7452009,1.3759921],[103.7451971,1.3759942],[103.7452459,1.3760798],[103.7452496,1.3760776],[103.7452764,1.3761247],[103.7452727,1.3761268],[103.7452869,1.3761516],[103.7452491,1.3761734],[103.7452384,1.3761546],[103.7452258,1.3761619],[103.7452181,1.3761484],[103.7451995,1.3761592],[103.745243,1.3762355]]]}},{"type":"Feature","properties":{"type":"HDB"},"geometry":{"type":"Polygon","coordinates":[[[103.7457834,1.3761966],[103.7457792,1.3761954],[103.74576,1.3761617],[103.7457801,1.37615],[103.7457662,1.3761256],[103.7457846,1.376115],[103.7457771,1.3761019],[103.74579,1.3760944],[103.7457787,1.3760747],[103.7458167,1.3760527],[103.7458307,1.3760772],[103.7458353,1.3760745],[103.7458621,1.3761216],[103.7458575,1.3761242],[103.7459068,1.3762107],[103.7459113,1.376208],[103.7459378,1.3762545],[103.7459332,1.3762571],[103.7459475,1.3762823],[103.7459095,1.3763042],[103.7458982,1.3762845],[103.7458854,1.3762919],[103.7458785,1.3762798],[103.7458601,1.3762904],[103.7458401,1.3762552],[103.745818,1.3763343],[103.7458588,1.3763107],[103.7458701,1.3763303],[103.7458834,1.3763226],[103.74589,1.3763342],[103.745909,1.3763232],[103.745931,1.3763617],[103.7459075,1.3763753],[103.7459102,1.3763801],[103.7458617,1.3764082],[103.745859,1.3764034],[103.7457753,1.376452],[103.745778,1.3764568],[103.7457306,1.3764843],[103.7457278,1.3764795],[103.7457031,1.3764938],[103.7456811,1.3764553],[103.7457,1.3764444],[103.7456934,1.3764328],[103.745707,1.3764249],[103.7456939,1.3764021],[103.7456519,1.3763907],[103.7456464,1.3764117],[103.7456615,1.3764158],[103.7456575,1.3764306],[103.7456696,1.3764338],[103.7456592,1.3764729],[103.745632,1.3764655],[103.7456306,1.3764708],[103.7455781,1.3764566],[103.7455802,1.3764489],[103.7455224,1.3764333],[103.7455203,1.376441],[103.7454692,1.3764271],[103.7454706,1.3764219],[103.7454426,1.3764143],[103.745453,1.3763753],[103.745465,1.3763785],[103.745469,1.3763637],[103.745485,1.376368],[103.7454906,1.3763471],[103.7455067,1.3763514],[103.7455125,1.3763295],[103.7455151,1.3763302],[103.7455257,1.3762903],[103.7455171,1.3762879],[103.7455235,1.3762639],[103.7454991,1.3762573],[103.745503,1.3762427],[103.7454894,1.3762391],[103.7454998,1.3762001],[103.7455278,1.3762077],[103.7455291,1.3762029],[103.7455802,1.3762168],[103.7455784,1.3762233],[103.7456378,1.3762393],[103.7456395,1.3762328],[103.745692,1.376247],[103.7456907,1.3762518],[103.7457179,1.3762591],[103.7457075,1.3762981],[103.7456939,1.3762944],[103.74569,1.376309],[103.7456644,1.376302],[103.745658,1.376326],[103.7456037,1.3763113],[103.7455987,1.3763302],[103.7456458,1.3763429],[103.7456381,1.3763719],[103.7456966,1.3763878],[103.7458051,1.3763248],[103.7458243,1.3762564],[103.7457984,1.3762111],[103.7457933,1.376214],[103.7457834,1.3761966]]]}},{"type":"Feature","properties":{"type":"HDB"},"geometry":{"type":"Polygon","coordinates":[[[103.7432782,1.3767859],[103.7431855,1.3767792],[103.7431888,1.3767309],[103.7431727,1.3767298],[103.7431789,1.3766415],[103.7431168,1.3766371],[103.7431102,1.3766537],[103.7431033,1.3766627],[103.7430848,1.3766756],[103.7430626,1.3766799],[103.7430513,1.3766786],[103.7430509,1.3766846],[103.7429931,1.3766805],[103.7429967,1.3766286],[103.7429494,1.3766252],[103.7429423,1.376728],[103.7428697,1.3767229],[103.742871,1.3767035],[103.7428329,1.3767008],[103.7428366,1.3766485],[103.742863,1.3766504],[103.7428645,1.3766288],[103.7428896,1.3766312],[103.7428915,1.3766039],[103.7428193,1.3765988],[103.7428243,1.3765266],[103.7428374,1.3765276],[103.7428384,1.3765126],[103.7429325,1.3765193],[103.7429305,1.3765486],[103.7429564,1.3765505],[103.7429551,1.3765703],[103.7429631,1.3765709],[103.7429653,1.3765393],[103.7430147,1.3765261],[103.7430529,1.3765231],[103.7430496,1.3765703],[103.7430846,1.3765727],[103.7430879,1.3765255],[103.7431374,1.376538],[103.7431724,1.3765539],[103.7431702,1.3765856],[103.7431782,1.3765861],[103.7431796,1.3765662],[103.7432056,1.376568],[103.7432077,1.3765387],[103.7433018,1.3765453],[103.7433007,1.3765602],[103.7433137,1.3765612],[103.7433086,1.3766352],[103.7432365,1.3766301],[103.743233,1.3766797],[103.7432634,1.3766818],[103.743276,1.3767305],[103.7432782,1.3767859]]]}},{"type":"Feature","properties":{"type":"HDB"},"geometry":{"type":"Polygon","coordinates":[[[103.7431855,1.3767793],[103.7432782,1.3767859],[103.7432683,1.3768402],[103.7432492,1.3768866],[103.7432187,1.3768845],[103.7432152,1.3769341],[103.7432874,1.3769392],[103.7432822,1.3770132],[103.7432692,1.3770122],[103.7432682,1.3770271],[103.7431741,1.3770205],[103.7431761,1.3769912],[103.7431501,1.3769894],[103.7431515,1.3769693],[103.7431434,1.3769688],[103.7431412,1.3770004],[103.7430918,1.3770136],[103.7430536,1.3770167],[103.7430569,1.3769695],[103.743022,1.376967],[103.7430187,1.3770142],[103.7429813,1.3770059],[103.7429342,1.3769858],[103.7429364,1.3769542],[103.7429283,1.3769536],[103.742927,1.3769736],[103.7429009,1.3769717],[103.7428989,1.377001],[103.7428048,1.3769944],[103.7428058,1.3769795],[103.7427928,1.3769786],[103.7427979,1.3769064],[103.74287,1.3769115],[103.7428719,1.3768842],[103.7428468,1.3768827],[103.7428483,1.3768615],[103.7428218,1.3768596],[103.7428255,1.3768072],[103.7428636,1.37681],[103.7428649,1.3767906],[103.7429375,1.3767957],[103.7429304,1.3768985],[103.7429669,1.376901],[103.7429705,1.3768491],[103.7430391,1.376854],[103.7430387,1.37686],[103.7430611,1.3768629],[103.7430804,1.3768745],[103.7430935,1.376893],[103.7430978,1.3769103],[103.7431598,1.3769146],[103.743166,1.3768263],[103.7431821,1.3768274],[103.7431855,1.3767793]]]}},{"type":"Feature","properties":{"type":"HDB"},"geometry":{"type":"Polygon","coordinates":[[[103.7441108,1.3777661],[103.7441634,1.377778],[103.7441894,1.3776615],[103.7441604,1.377655],[103.7441812,1.3775614],[103.7442102,1.377568],[103.7442361,1.3774514],[103.7441837,1.3774396],[103.7441837,1.3770678],[103.7445103,1.3770678],[103.7445407,1.3769312],[103.7443981,1.376899],[103.7444185,1.3766348],[103.7445021,1.3766537],[103.744512,1.3766096],[103.744661,1.3766432],[103.7446512,1.3766873],[103.7447222,1.3767033],[103.7446699,1.3769381],[103.7446305,1.3769291],[103.7445948,1.3770896],[103.7446362,1.3770896],[103.7445404,1.3775201],[103.7445009,1.3775112],[103.744475,1.3776277],[103.7445039,1.3776342],[103.7444831,1.3777277],[103.7444541,1.3777212],[103.7444282,1.3778377],[103.7444808,1.3778496],[103.7444403,1.3780314],[103.7442957,1.3779987],[103.744278,1.3780781],[103.7441973,1.3780599],[103.744215,1.3779805],[103.7440703,1.3779479],[103.7441108,1.3777661]],[[103.744287,1.3776475],[103.7442802,1.3776544],[103.7442544,1.3777707],[103.7442894,1.3777786],[103.7442954,1.3777713],[103.7443032,1.3777696],[103.7443111,1.377774],[103.744314,1.3777841],[103.744349,1.377792],[103.7443751,1.3776751],[103.7443726,1.3776547],[103.7443773,1.3776429],[103.7443839,1.3776357],[103.7444099,1.3775185],[103.7443749,1.3775106],[103.7443688,1.377518],[103.7443591,1.377519],[103.7443527,1.3775142],[103.7443505,1.3775051],[103.7443153,1.3774971],[103.7442895,1.3776129],[103.7442931,1.3776296],[103.744287,1.3776475]],[[103.7445272,1.3771782],[103.7442906,1.3771782],[103.7442906,1.3772997],[103.7443758,1.3773189],[103.7443788,1.3773056],[103.7444331,1.3773179],[103.7444302,1.3773312],[103.7444901,1.3773447],[103.7445272,1.3771782]]]}},{"type":"Feature","properties":{"type":"HDB"},"geometry":{"type":"Polygon","coordinates":[[[103.7430782,1.3774576],[103.7430854,1.3773543],[103.7430765,1.3773537],[103.7430767,1.3773501],[103.7430468,1.3773479],[103.7430341,1.3773727],[103.7430174,1.3773859],[103.7430027,1.3773913],[103.7429926,1.3775356],[103.742998,1.377536],[103.742997,1.3775496],[103.7429916,1.3775492],[103.7429899,1.3775737],[103.7429738,1.3775726],[103.7429726,1.3775902],[103.7428852,1.377584],[103.7428922,1.3774843],[103.7428563,1.3774818],[103.7428599,1.3774295],[103.7428958,1.377432],[103.742919,1.3770996],[103.7430064,1.3771058],[103.7430052,1.3771233],[103.7430213,1.3771245],[103.7430196,1.3771488],[103.743025,1.3771492],[103.743024,1.3771629],[103.7430187,1.3771625],[103.7430105,1.3772799],[103.7430243,1.3772872],[103.743039,1.3773027],[103.7430481,1.377329],[103.7430779,1.3773311],[103.7430782,1.3773275],[103.7430872,1.3773281],[103.7430944,1.3772248],[103.7431204,1.3772267],[103.7431382,1.3772366],[103.7431707,1.377269],[103.7431849,1.377296],[103.7431922,1.3773258],[103.7431919,1.3773564],[103.7431842,1.377386],[103.7431695,1.3774128],[103.7431488,1.3774351],[103.7431232,1.3774521],[103.7431042,1.3774594],[103.7430782,1.3774576]]]}},{"type":"Feature","properties":{"type":"HDB"},"geometry":{"type":"Polygon","coordinates":[[[103.7394788,1.3769704],[103.7394738,1.3769571],[103.7394455,1.3769679],[103.7394368,1.376945],[103.7395228,1.376912],[103.739525,1.3769178],[103.7395342,1.3769143],[103.739532,1.3769085],[103.7395421,1.3769046],[103.7395616,1.3769185],[103.7395446,1.3769427],[103.7395327,1.3769498],[103.7394788,1.3769704]]]}},{"type":"Feature","properties":{"type":"HDB"},"geometry":{"type":"MultiPolygon","coordinates":[[[[103.7425115,1.3770464],[103.7425154,1.3770511],[103.7425112,1.3770508],[103.7425115,1.3770464]]],[[[103.7424828,1.3770294],[103.7424855,1.3769913],[103.7424895,1.3769916],[103.7424902,1.376983],[103.7424869,1.3770307],[103.7424828,1.3770294]]],[[[103.7424869,1.3770307],[103.7425025,1.3770383],[103.7425112,1.3770461],[103.742486,1.3770443],[103.7424869,1.3770307]]]]}},{"type":"Feature","properties":{"type":"HDB"},"geometry":{"type":"MultiPolygon","coordinates":[[[[103.7424609,1.3770286],[103.7424636,1.3769898],[103.7424666,1.37699],[103.742464,1.3770281],[103.7424609,1.3770286]]],[[[103.7424286,1.377045],[103.7424433,1.3770342],[103.7424609,1.3770286],[103.74246,1.3770425],[103.7424344,1.3770407],[103.7424341,1.3770454],[103.7424286,1.377045]]]]}},{"type":"Feature","properties":{"type":"HDB"},"geometry":{"type":"MultiPolygon","coordinates":[[[[103.7427474,1.3768503],[103.7425794,1.3768456],[103.7424744,1.376849],[103.7423906,1.3768552],[103.7422136,1.3768787],[103.7420534,1.3769127],[103.7419482,1.376942],[103.7418446,1.3769765],[103.7420391,1.3769905],[103.7420474,1.3769945],[103.7420534,1.3770015],[103.7420556,1.3770189],[103.7419731,1.3770129],[103.7419627,1.3770021],[103.7419511,1.3769951],[103.7419247,1.3769901],[103.7419114,1.3769923],[103.7418881,1.3770057],[103.7418729,1.377029],[103.741692,1.3770154],[103.7416908,1.3770317],[103.7416733,1.3770305],[103.7416672,1.3771183],[103.741769,1.3771256],[103.7417711,1.3770945],[103.7417953,1.3770962],[103.7417931,1.3771273],[103.7418812,1.3771335],[103.7418818,1.3771245],[103.7418991,1.3771257],[103.7418972,1.3771532],[103.7419402,1.3771562],[103.741939,1.3771738],[103.7424409,1.3772093],[103.7424421,1.3771917],[103.7424829,1.3771946],[103.7424817,1.3772122],[103.7427309,1.3772298],[103.7427395,1.3771058],[103.7427367,1.3771377],[103.7427206,1.3771365],[103.7427185,1.3771664],[103.7427346,1.3771675],[103.7427328,1.3771932],[103.7426186,1.3771851],[103.742616,1.3772212],[103.7425643,1.3772176],[103.7425661,1.3771913],[103.7425883,1.377193],[103.7425921,1.377138],[103.7425762,1.3771368],[103.7425731,1.3771819],[103.7425036,1.377177],[103.7425042,1.377168],[103.7424869,1.3771668],[103.7424863,1.3771758],[103.7424402,1.3771725],[103.7424408,1.3771635],[103.7424236,1.3771623],[103.7424229,1.3771713],[103.7423535,1.3771664],[103.7423566,1.3771213],[103.7423407,1.3771201],[103.7423375,1.3771653],[103.7422206,1.377157],[103.7422224,1.3771313],[103.7422385,1.3771325],[103.7422406,1.3771026],[103.7422245,1.3771015],[103.7422278,1.3770528],[103.7424152,1.377066],[103.7424286,1.377045],[103.7421708,1.3770268],[103.7422929,1.3770082],[103.7424354,1.3770181],[103.7424378,1.3769793],[103.7424632,1.3769806],[103.7423611,1.3769734],[103.7423629,1.3769473],[103.742382,1.3769172],[103.7423927,1.3769062],[103.7424177,1.3768886],[103.7424316,1.3768822],[103.7424612,1.376875],[103.7424918,1.3768753],[103.7425068,1.3768782],[103.7425351,1.3768896],[103.7425598,1.3769076],[103.7425794,1.3769311],[103.7425941,1.3769636],[103.7425923,1.3769897],[103.7424901,1.3769826],[103.7425167,1.3769849],[103.742514,1.3770239],[103.7426271,1.3770319],[103.7426252,1.3770589],[103.7425154,1.3770511],[103.7425259,1.3770738],[103.7426985,1.3770861],[103.7427019,1.3770371],[103.7427343,1.3770394],[103.7427474,1.3768503]],[[103.7419731,1.3770129],[103.7419839,1.377036],[103.7421383,1.377047],[103.7421372,1.3770632],[103.7421547,1.3770645],[103.7421519,1.3771041],[103.7421393,1.3771032],[103.7421381,1.3771208],[103.7421507,1.3771217],[103.7421486,1.3771524],[103.7420468,1.3771452],[103.7420499,1.3771001],[103.742034,1.377099],[103.7420309,1.3771441],[103.7419614,1.3771392],[103.7419621,1.3771302],[103.7419448,1.3771289],[103.7419442,1.377138],[103.7419414,1.3771378],[103.7419483,1.3770343],[103.741967,1.3770357],[103.7419686,1.3770125],[103.7419731,1.3770129]]],[[[103.7427401,1.377089],[103.7426985,1.3770861],[103.7426974,1.3771028],[103.7427389,1.3771057],[103.7427401,1.377089]]],[[[103.7424632,1.3769811],[103.7424636,1.3769898],[103.7424642,1.3769811],[103.7424632,1.3769811]]]]}},{"type":"Feature","properties":{"type":"HDB"},"geometry":{"type":"Polygon","coordinates":[[[103.7376306,1.3770185],[103.7376507,1.3769855],[103.7376689,1.3769968],[103.7376747,1.3769874],[103.7376422,1.3769672],[103.7376675,1.3769259],[103.7376576,1.3769197],[103.737659,1.3769174],[103.7376628,1.3769198],[103.7376777,1.3768954],[103.7376674,1.376889],[103.7376955,1.376843],[103.7377445,1.3768733],[103.7377323,1.3768933],[103.7377891,1.3769285],[103.7378013,1.3769085],[103.7378506,1.3769391],[103.7378224,1.3769851],[103.7378127,1.3769791],[103.7377978,1.3770034],[103.7378016,1.3770058],[103.7378002,1.3770081],[103.7377374,1.3769692],[103.7377358,1.3769718],[103.7377282,1.3769671],[103.7377186,1.3769829],[103.7377375,1.3769947],[103.7377304,1.3770064],[103.7377682,1.3770298],[103.737709,1.3771266],[103.7376711,1.3771032],[103.7376645,1.377114],[103.7376494,1.3771047],[103.7376323,1.3771326],[103.7375983,1.3771223],[103.7375949,1.3771337],[103.737603,1.3771362],[103.7376016,1.3771411],[103.7376069,1.3771427],[103.7376053,1.3771479],[103.7376596,1.3771643],[103.7376533,1.3771851],[103.7376844,1.3771945],[103.7376673,1.3772516],[103.7376648,1.3772508],[103.7376661,1.3772465],[103.7376422,1.3772393],[103.7376397,1.3772477],[103.7375907,1.3772329],[103.7375932,1.3772245],[103.7375369,1.3772074],[103.7375344,1.3772158],[103.7374863,1.3772013],[103.7374889,1.3771929],[103.7374651,1.3771857],[103.7374638,1.37719],[103.7374612,1.3771892],[103.7374783,1.3771322],[103.7375081,1.3771412],[103.7375143,1.3771203],[103.7375299,1.3771251],[103.7375357,1.3771055],[103.7375269,1.3771029],[103.7375333,1.3770817],[103.7374967,1.3770706],[103.7375127,1.3770168],[103.7375391,1.3770247],[103.7375413,1.3770173],[103.7376189,1.3770407],[103.737616,1.3770504],[103.7376539,1.3770619],[103.7376668,1.3770409],[103.7376306,1.3770185]]]}},{"type":"Feature","properties":{"type":"HDB"},"geometry":{"type":"Polygon","coordinates":[[[103.7376306,1.3770185],[103.7376507,1.3769855],[103.7376689,1.3769968],[103.7376747,1.3769874],[103.7376422,1.3769672],[103.7376675,1.3769259],[103.7376576,1.3769197],[103.737659,1.3769174],[103.7376628,1.3769198],[103.7376777,1.3768954],[103.7376674,1.376889],[103.7376955,1.376843],[103.7377445,1.3768733],[103.7377323,1.3768933],[103.7377891,1.3769285],[103.7378013,1.3769085],[103.7378506,1.3769391],[103.7378224,1.3769851],[103.7378127,1.3769791],[103.7377978,1.3770034],[103.7378016,1.3770058],[103.7378002,1.3770081],[103.7377374,1.3769692],[103.7377358,1.3769718],[103.7377282,1.3769671],[103.7377186,1.3769829],[103.7377375,1.3769947],[103.7377304,1.3770064],[103.7377682,1.3770298],[103.737709,1.3771266],[103.7376711,1.3771032],[103.7376645,1.377114],[103.7376494,1.3771047],[103.7376323,1.3771326],[103.7375983,1.3771223],[103.7375949,1.3771337],[103.737603,1.3771362],[103.7376016,1.3771411],[103.7376069,1.3771427],[103.7376053,1.3771479],[103.7376596,1.3771643],[103.7376533,1.3771851],[103.7376844,1.3771945],[103.7376673,1.3772516],[103.7376648,1.3772508],[103.7376661,1.3772465],[103.7376422,1.3772393],[103.7376397,1.3772477],[103.7375907,1.3772329],[103.7375932,1.3772245],[103.7375369,1.3772074],[103.7375344,1.3772158],[103.7374863,1.3772013],[103.7374889,1.3771929],[103.7374651,1.3771857],[103.7374638,1.37719],[103.7374612,1.3771892],[103.7374783,1.3771322],[103.7375081,1.3771412],[103.7375143,1.3771203],[103.7375299,1.3771251],[103.7375357,1.3771055],[103.7375269,1.3771029],[103.7375333,1.3770817],[103.7374967,1.3770706],[103.7375127,1.3770168],[103.7375391,1.3770247],[103.7375413,1.3770173],[103.7376189,1.3770407],[103.737616,1.3770504],[103.7376539,1.3770619],[103.7376668,1.3770409],[103.7376306,1.3770185]]]}},{"type":"Feature","properties":{"type":"HDB"},"geometry":{"type":"MultiPolygon","coordinates":[[[[103.7421708,1.3770268],[103.7424286,1.377045],[103.7424433,1.3770342],[103.7424609,1.3770286],[103.7424632,1.3769811],[103.7424378,1.3769793],[103.7424354,1.3770181],[103.7422929,1.3770082],[103.7421708,1.3770268]]],[[[103.7424262,1.3770474],[103.7424152,1.377066],[103.7422278,1.3770528],[103.7422245,1.3771015],[103.7422406,1.3771026],[103.7422385,1.3771325],[103.7422224,1.3771313],[103.7422206,1.377157],[103.7423375,1.3771653],[103.7423407,1.3771201],[103.7423566,1.3771213],[103.7423535,1.3771664],[103.7424229,1.3771713],[103.7424236,1.3771623],[103.7424408,1.3771635],[103.7424402,1.3771725],[103.7424863,1.3771758],[103.7424869,1.3771668],[103.7425042,1.377168],[103.7425036,1.377177],[103.7425731,1.3771819],[103.7425762,1.3771368],[103.7425921,1.377138],[103.7425883,1.377193],[103.7425661,1.3771913],[103.7425643,1.3772176],[103.742616,1.3772212],[103.7426186,1.3771851],[103.7427328,1.3771932],[103.7427346,1.3771675],[103.7427185,1.3771664],[103.7427206,1.3771365],[103.7427367,1.3771377],[103.7427389,1.3771057],[103.7426974,1.3771028],[103.7426985,1.3770861],[103.7425259,1.3770738],[103.7425154,1.3770511],[103.7426252,1.3770589],[103.7426271,1.3770319],[103.742514,1.3770239],[103.7425167,1.3769849],[103.7424902,1.376983],[103.7424869,1.3770307],[103.7424828,1.3770294],[103.7424855,1.3769913],[103.7424895,1.3769916],[103.7424901,1.3769826],[103.7425923,1.3769897],[103.7425941,1.3769636],[103.7425794,1.3769311],[103.7425598,1.3769076],[103.7425351,1.3768896],[103.7425068,1.3768782],[103.7424918,1.3768753],[103.7424612,1.376875],[103.7424462,1.3768777],[103.7424316,1.3768822],[103.7424047,1.3768966],[103.7423927,1.3769062],[103.7423727,1.3769294],[103.7423629,1.3769473],[103.7423611,1.3769734],[103.7424642,1.3769811],[103.7424636,1.3769898],[103.7424666,1.37699],[103.742464,1.3770281],[103.7424609,1.3770286],[103.74246,1.3770425],[103.7424344,1.3770407],[103.7424341,1.3770454],[103.7424262,1.3770474]],[[103.7425112,1.3770508],[103.7425115,1.3770464],[103.7425154,1.3770511],[103.7425112,1.3770508]],[[103.7424869,1.3770307],[103.7425025,1.3770383],[103.7425112,1.3770461],[103.742486,1.3770443],[103.7424869,1.3770307]]]]}},{"type":"Feature","properties":{"type":"HDB"},"geometry":{"type":"Polygon","coordinates":[[[103.7387148,1.3772068],[103.7386873,1.3772063],[103.7386881,1.3771658],[103.7387021,1.3771661],[103.7387023,1.3771524],[103.7387331,1.3771529],[103.7387335,1.3771295],[103.73872,1.3771292],[103.7387203,1.3771113],[103.7386859,1.3771107],[103.7386863,1.3770909],[103.7387034,1.3770912],[103.7387038,1.377072],[103.7386954,1.3770718],[103.7386961,1.3770356],[103.7387513,1.3770366],[103.738751,1.3770523],[103.7387724,1.3770527],[103.7387727,1.377037],[103.7388279,1.377038],[103.7388273,1.3770743],[103.7388177,1.3770741],[103.7388173,1.3770933],[103.7388352,1.3770936],[103.7388349,1.3771069],[103.7388514,1.3771072],[103.7388512,1.3771137],[103.7388575,1.3771138],[103.7388574,1.3771183],[103.738907,1.3771192],[103.7388933,1.377083],[103.7389178,1.3770736],[103.7389098,1.3770526],[103.7388822,1.3770632],[103.7388773,1.3770502],[103.7388632,1.3770556],[103.738849,1.3770183],[103.738875,1.3770082],[103.7388722,1.3770006],[103.7389191,1.3769826],[103.7389219,1.3769902],[103.738979,1.3769683],[103.7389761,1.3769607],[103.7390234,1.3769426],[103.7390263,1.3769502],[103.7390526,1.37694],[103.7390668,1.3769774],[103.739052,1.376983],[103.739057,1.3769961],[103.7390295,1.3770066],[103.7390375,1.3770276],[103.7390464,1.3770242],[103.7390606,1.3770617],[103.7390303,1.3770733],[103.7390346,1.3770847],[103.7390669,1.3770723],[103.7390732,1.3770891],[103.7390555,1.3770959],[103.7390619,1.3771128],[103.7390702,1.3771096],[103.7390799,1.3771351],[103.7390557,1.3771444],[103.7390515,1.3771334],[103.7390256,1.3771434],[103.7390263,1.3771453],[103.739005,1.3771535],[103.7390043,1.3771515],[103.7389778,1.3771617],[103.7389819,1.3771727],[103.738957,1.3771823],[103.7389474,1.3771568],[103.7389563,1.3771534],[103.7389499,1.3771365],[103.7389327,1.3771431],[103.7389264,1.3771266],[103.7389105,1.3771327],[103.7388612,1.3771318],[103.7388608,1.3771553],[103.7388897,1.3771558],[103.7388894,1.3771695],[103.7389052,1.3771698],[103.7389045,1.3772102],[103.7388762,1.3772097],[103.7388761,1.377218],[103.7388265,1.3772171],[103.7388267,1.3772088],[103.7387652,1.3772077],[103.738765,1.377216],[103.7387146,1.3772151],[103.7387148,1.3772068]]]}},{"type":"Feature","properties":{"type":"HDB"},"geometry":{"type":"Polygon","coordinates":[[[103.7421381,1.3771208],[103.7421507,1.3771217],[103.7421486,1.3771524],[103.7420468,1.3771452],[103.7420499,1.3771001],[103.742034,1.377099],[103.7420309,1.3771441],[103.7419614,1.3771392],[103.7419621,1.3771302],[103.7419448,1.3771289],[103.7419442,1.377138],[103.7419414,1.3771378],[103.7419483,1.3770343],[103.741967,1.3770357],[103.7419686,1.3770125],[103.7419731,1.3770129],[103.7419839,1.377036],[103.7421383,1.377047],[103.7421372,1.3770632],[103.7421547,1.3770645],[103.7421519,1.3771041],[103.7421393,1.3771032],[103.7421381,1.3771208]]]}},{"type":"Feature","properties":{"type":"HDB"},"geometry":{"type":"Polygon","coordinates":[[[103.7384007,1.3770958],[103.738247,1.3771845],[103.7382175,1.3771327],[103.7381665,1.3771622],[103.7381551,1.3771421],[103.7382822,1.3770684],[103.7382716,1.3770498],[103.7383485,1.3770054],[103.7384007,1.3770958]]]}},{"type":"Feature","properties":{"type":"HDB"},"geometry":{"type":"Polygon","coordinates":[[[103.7384007,1.3770958],[103.738247,1.3771845],[103.7382175,1.3771327],[103.7381665,1.3771622],[103.7381551,1.3771421],[103.7382822,1.3770684],[103.7382716,1.3770498],[103.7383485,1.3770054],[103.7384007,1.3770958]]]}},{"type":"Feature","properties":{"type":"HDB"},"geometry":{"type":"Polygon","coordinates":[[[103.7406668,1.3771296],[103.7406837,1.3771072],[103.7407074,1.377083],[103.7407462,1.3770545],[103.7407495,1.3770568],[103.7407782,1.3770141],[103.7407648,1.377005],[103.7407987,1.3769544],[103.7408121,1.3769635],[103.7408212,1.37695],[103.7408837,1.3769925],[103.7408622,1.3770246],[103.7408838,1.3770393],[103.7408791,1.3770463],[103.7408858,1.3770508],[103.7409035,1.3770245],[103.7409506,1.3770371],[103.7409874,1.3770546],[103.7409611,1.3770938],[103.7409902,1.3771135],[103.7410164,1.3770743],[103.7410289,1.3770849],[103.7410568,1.3771146],[103.7410755,1.3771415],[103.7410578,1.3771678],[103.7410645,1.3771723],[103.7410692,1.3771653],[103.7410907,1.37718],[103.7411272,1.3771258],[103.7411879,1.3771671],[103.7411803,1.3771784],[103.7411945,1.377188],[103.7411436,1.3772637],[103.7411217,1.3772488],[103.741097,1.3772855],[103.741119,1.3773004],[103.7410898,1.3773438],[103.7410582,1.3773223],[103.7410474,1.3773384],[103.740987,1.3772974],[103.741024,1.3772424],[103.7410441,1.3772561],[103.7410579,1.3772354],[103.7409958,1.3771931],[103.7409673,1.3772356],[103.740919,1.3772028],[103.7409224,1.3771978],[103.7409052,1.3771849],[103.7408941,1.3771662],[103.7408912,1.3771448],[103.740896,1.3771251],[103.7408265,1.3770778],[103.7407528,1.3771875],[103.7406668,1.3771296]]]}},{"type":"Feature","properties":{"type":"HDB"},"geometry":{"type":"Polygon","coordinates":[[[103.7382618,1.3773584],[103.7382763,1.3773933],[103.7382304,1.3774127],[103.7382348,1.3774233],[103.7382323,1.3774243],[103.7382305,1.3774202],[103.7382065,1.3774303],[103.7382118,1.3774431],[103.7381613,1.3774644],[103.7381384,1.3774093],[103.7381604,1.3774001],[103.7381361,1.3773416],[103.7381141,1.3773509],[103.7380909,1.3772951],[103.7381414,1.3772738],[103.7381463,1.3772855],[103.7381728,1.3772744],[103.7381981,1.3773351],[103.7382019,1.3773334],[103.7382056,1.3773421],[103.7382228,1.3773349],[103.7382143,1.3773144],[103.7382259,1.3773096],[103.7382089,1.3772688],[103.7383129,1.377225],[103.7383294,1.3772648],[103.738341,1.3772599],[103.7383475,1.3772755],[103.7383587,1.3772708],[103.7383736,1.3772843],[103.7383831,1.3772738],[103.7383763,1.3772676],[103.7383799,1.3772637],[103.7383756,1.3772597],[103.7383787,1.3772563],[103.7383376,1.3772189],[103.7383524,1.3772024],[103.7383282,1.3771804],[103.7383677,1.3771364],[103.7383697,1.3771383],[103.7383667,1.3771416],[103.738385,1.3771583],[103.738391,1.3771515],[103.7384286,1.3771857],[103.7384225,1.3771924],[103.7384654,1.3772315],[103.7384714,1.3772248],[103.7385102,1.3772601],[103.7385041,1.3772668],[103.7385221,1.3772831],[103.7385251,1.3772798],[103.7385271,1.3772816],[103.7384875,1.3773256],[103.7384645,1.3773046],[103.7384497,1.377321],[103.7384378,1.3773102],[103.7384247,1.3773247],[103.7384434,1.3773417],[103.7384233,1.3773641],[103.7384293,1.3773696],[103.7383947,1.3774079],[103.7383888,1.3774025],[103.7383702,1.3774231],[103.7383309,1.3773873],[103.7383527,1.377363],[103.7383027,1.3773175],[103.7382998,1.3773187],[103.7383162,1.3773582],[103.7382808,1.3773731],[103.7382728,1.3773538],[103.7382618,1.3773584]]]}},{"type":"Feature","properties":{"type":"HDB"},"geometry":{"type":"Polygon","coordinates":[[[103.7382618,1.3773584],[103.7382763,1.3773933],[103.7382304,1.3774127],[103.7382348,1.3774233],[103.7382323,1.3774243],[103.7382305,1.3774202],[103.7382065,1.3774303],[103.7382118,1.3774431],[103.7381613,1.3774644],[103.7381384,1.3774093],[103.7381604,1.3774001],[103.7381361,1.3773416],[103.7381141,1.3773509],[103.7380909,1.3772951],[103.7381414,1.3772738],[103.7381463,1.3772855],[103.7381728,1.3772744],[103.7381981,1.3773351],[103.7382019,1.3773334],[103.7382056,1.3773421],[103.7382228,1.3773349],[103.7382143,1.3773144],[103.7382259,1.3773096],[103.7382089,1.3772688],[103.7383129,1.377225],[103.7383294,1.3772648],[103.738341,1.3772599],[103.7383475,1.3772755],[103.7383587,1.3772708],[103.7383736,1.3772843],[103.7383831,1.3772738],[103.7383763,1.3772676],[103.7383799,1.3772637],[103.7383756,1.3772597],[103.7383787,1.3772563],[103.7383376,1.3772189],[103.7383524,1.3772024],[103.7383282,1.3771804],[103.7383677,1.3771364],[103.7383697,1.3771383],[103.7383667,1.3771416],[103.738385,1.3771583],[103.738391,1.3771515],[103.7384286,1.3771857],[103.7384225,1.3771924],[103.7384654,1.3772315],[103.7384714,1.3772248],[103.7385102,1.3772601],[103.7385041,1.3772668],[103.7385221,1.3772831],[103.7385251,1.3772798],[103.7385271,1.3772816],[103.7384875,1.3773256],[103.7384645,1.3773046],[103.7384497,1.377321],[103.7384378,1.3773102],[103.7384247,1.3773247],[103.7384434,1.3773417],[103.7384233,1.3773641],[103.7384293,1.3773696],[103.7383947,1.3774079],[103.7383888,1.3774025],[103.7383702,1.3774231],[103.7383309,1.3773873],[103.7383527,1.377363],[103.7383027,1.3773175],[103.7382998,1.3773187],[103.7383162,1.3773582],[103.7382808,1.3773731],[103.7382728,1.3773538],[103.7382618,1.3773584]]]}},{"type":"Feature","properties":{"type":"HDB"},"geometry":{"type":"Polygon","coordinates":[[[103.7379268,1.3775391],[103.7379457,1.3775129],[103.7379273,1.3774994],[103.7379366,1.3774865],[103.73792,1.3774743],[103.7379047,1.3774955],[103.7378799,1.3774774],[103.7378754,1.3774837],[103.7378342,1.3774535],[103.7378396,1.3774461],[103.7378175,1.3774299],[103.7378489,1.3773865],[103.7378745,1.3774052],[103.7379078,1.3773591],[103.7378928,1.3773414],[103.7378595,1.3773701],[103.7378345,1.3773407],[103.7378519,1.3773257],[103.7378454,1.377318],[103.7378167,1.3773427],[103.7377841,1.3773044],[103.7377754,1.377312],[103.7377736,1.3773099],[103.737777,1.377307],[103.7377602,1.3772872],[103.7377516,1.3772947],[103.7377158,1.3772526],[103.7377609,1.3772137],[103.7377764,1.3772319],[103.7378254,1.3771896],[103.7378099,1.3771715],[103.7378542,1.3771333],[103.73789,1.3771754],[103.737881,1.3771831],[103.7378996,1.3772049],[103.7379213,1.3771862],[103.7380263,1.3773095],[103.7379492,1.377376],[103.7379687,1.3773989],[103.7379547,1.3774183],[103.7379658,1.3774264],[103.7379717,1.3774183],[103.7379762,1.3774215],[103.7379793,1.3774172],[103.7379842,1.3774207],[103.7380166,1.3773758],[103.7380351,1.3773893],[103.7380543,1.3773626],[103.7381015,1.3773972],[103.7380999,1.3773994],[103.7380963,1.3773967],[103.7380825,1.3774158],[103.7380891,1.3774206],[103.7380581,1.3774635],[103.7380515,1.3774587],[103.7380174,1.3775059],[103.738024,1.3775107],[103.7379934,1.377553],[103.7379869,1.3775482],[103.737972,1.3775688],[103.7379756,1.3775714],[103.737974,1.3775736],[103.7379268,1.3775391]]]}},{"type":"Feature","properties":{"type":"HDB"},"geometry":{"type":"Polygon","coordinates":[[[103.7406874,1.3774292],[103.7406582,1.3773899],[103.7406759,1.3773636],[103.7406692,1.377359],[103.7406645,1.3773659],[103.740643,1.3773512],[103.7406212,1.3773837],[103.7405587,1.3773411],[103.7405677,1.3773277],[103.7405543,1.3773185],[103.7405883,1.377268],[103.7406017,1.3772771],[103.7406303,1.3772344],[103.7406269,1.3772321],[103.7406387,1.3771853],[103.7406522,1.3771541],[103.7406668,1.3771296],[103.7407528,1.3771875],[103.7406784,1.3772984],[103.7407479,1.3773457],[103.7407687,1.3773316],[103.7407811,1.3773286],[103.7408001,1.3773297],[103.7408121,1.377334],[103.740825,1.377343],[103.7408284,1.3773379],[103.7408854,1.3773766],[103.7408566,1.3774195],[103.7409101,1.3774557],[103.7409239,1.3774352],[103.7409038,1.3774214],[103.7409408,1.3773664],[103.7410011,1.3774074],[103.7409903,1.3774235],[103.7410219,1.377445],[103.7409927,1.3774885],[103.7409707,1.3774736],[103.7409461,1.3775103],[103.7409681,1.3775252],[103.7409173,1.3776009],[103.7409031,1.3775913],[103.7408956,1.3776025],[103.7408349,1.3775613],[103.7408715,1.3775066],[103.7408499,1.377492],[103.7408546,1.3774851],[103.7408479,1.3774805],[103.7408302,1.3775068],[103.7407908,1.377497],[103.7407463,1.3774767],[103.7407726,1.3774375],[103.7407436,1.3774178],[103.7407173,1.377457],[103.7406874,1.3774292]]]}},{"type":"Feature","properties":{"type":"HDB"},"geometry":{"type":"Polygon","coordinates":[[[103.7389936,1.3777358],[103.7390851,1.3777931],[103.7392773,1.3774821],[103.7393457,1.3775249],[103.739386,1.3775361],[103.7393915,1.3775271],[103.7393746,1.3775053],[103.7393628,1.3774706],[103.7393628,1.377434],[103.7393746,1.3773994],[103.739397,1.3773705],[103.7394274,1.3773505],[103.7394627,1.3773415],[103.739499,1.3773445],[103.7395323,1.3773592],[103.739559,1.377384],[103.7395763,1.3774163],[103.7395823,1.3774524],[103.7395763,1.3774885],[103.739559,1.3775207],[103.7395322,1.3775455],[103.7394989,1.3775602],[103.7394627,1.3775632],[103.7394402,1.3775575],[103.7394347,1.3775664],[103.7394623,1.3775979],[103.739441,1.3776324],[103.7394872,1.3776613],[103.7392191,1.3780953],[103.7392264,1.3780998],[103.7391479,1.3782269],[103.7391158,1.3782069],[103.7391538,1.3781454],[103.7391426,1.3781418],[103.7391469,1.3781206],[103.7391448,1.3780963],[103.739136,1.3780736],[103.7391212,1.3780544],[103.7391017,1.3780401],[103.7390789,1.3780319],[103.7390547,1.3780305],[103.7390312,1.3780361],[103.7390101,1.378048],[103.7389933,1.3780655],[103.738982,1.378087],[103.7389772,1.3781109],[103.7389793,1.3781351],[103.7389881,1.3781578],[103.7390013,1.378175],[103.7389929,1.3781832],[103.7390539,1.3782214],[103.739034,1.3782537],[103.7389165,1.3781801],[103.738921,1.3781728],[103.7388244,1.3781124],[103.7388081,1.3781389],[103.7384898,1.3779398],[103.7385112,1.3779053],[103.7384727,1.3778731],[103.7384542,1.3778382],[103.7384487,1.377799],[103.7384568,1.3777603],[103.7384775,1.3777267],[103.7385084,1.3777023],[103.7385458,1.3776899],[103.7385851,1.3776912],[103.7386308,1.3777117],[103.7386521,1.3776771],[103.7389245,1.3778476],[103.7389936,1.3777358]]]}},{"type":"Feature","properties":{"type":"HDB"},"geometry":{"type":"Polygon","coordinates":[[[103.7372016,1.377726],[103.737168,1.3777031],[103.7372206,1.3776245],[103.737316,1.3776893],[103.7373067,1.3777032],[103.7373268,1.3777168],[103.7373361,1.3777029],[103.7373578,1.3777176],[103.7373467,1.377734],[103.7373602,1.3777431],[103.7373697,1.3777289],[103.7374791,1.3778032],[103.7374696,1.3778174],[103.7374829,1.3778265],[103.7374939,1.3778101],[103.7375364,1.377839],[103.7375254,1.3778554],[103.7375389,1.3778645],[103.7375484,1.3778503],[103.7376383,1.3779134],[103.7376447,1.3779038],[103.7376842,1.3779306],[103.7376324,1.3780079],[103.737616,1.3779967],[103.7376074,1.3780094],[103.7376239,1.3780206],[103.7376109,1.3780399],[103.7376014,1.3780335],[103.7375877,1.3780539],[103.7375972,1.3780603],[103.7375329,1.3781562],[103.7374532,1.3781021],[103.7374766,1.3780672],[103.7374929,1.3780782],[103.7375014,1.3780656],[103.7374851,1.3780545],[103.7375442,1.3779664],[103.7372839,1.3777897],[103.7372795,1.3777963],[103.7373001,1.3778103],[103.7372749,1.3778478],[103.7372544,1.3778339],[103.7372463,1.3778459],[103.7372698,1.3778618],[103.7372588,1.3778782],[103.7372722,1.3778873],[103.7372832,1.3778709],[103.7373166,1.3778936],[103.7372638,1.3779724],[103.7370739,1.3778434],[103.7371267,1.3777646],[103.7371603,1.3777875],[103.7371494,1.3778039],[103.7371626,1.3778129],[103.7371736,1.3777965],[103.7372011,1.3778152],[103.7372073,1.377806],[103.7371921,1.3777956],[103.7372211,1.3777524],[103.7372363,1.3777627],[103.7372424,1.3777537],[103.7372148,1.3777349],[103.7372259,1.3777183],[103.7372127,1.3777094],[103.7372016,1.377726]]]}},{"type":"Feature","properties":{"type":"HDB"},"geometry":{"type":"Polygon","coordinates":[[[103.7403706,1.3785701],[103.7402819,1.3785639],[103.7402859,1.3785015],[103.7402395,1.3784982],[103.7402352,1.3785606],[103.7401456,1.3785543],[103.7401521,1.3784611],[103.7401942,1.3784637],[103.7401954,1.3784481],[103.740267,1.3784532],[103.7402797,1.3782718],[103.7402686,1.3782491],[103.7399491,1.3780321],[103.7399088,1.3780922],[103.7398958,1.3780837],[103.7398724,1.3781186],[103.7397929,1.3780646],[103.7398425,1.3779905],[103.7398967,1.378027],[103.7399228,1.3779882],[103.7398687,1.3779515],[103.739919,1.3778764],[103.7401786,1.3780527],[103.7401939,1.3780298],[103.7402193,1.378047],[103.7402039,1.3780699],[103.7403557,1.3781729],[103.7403676,1.3781975],[103.7403922,1.3781854],[103.7404056,1.378213],[103.740381,1.3782251],[103.7403929,1.3782497],[103.7403706,1.3785701]]]}},{"type":"Feature","properties":{"type":"HDB"},"geometry":{"type":"Polygon","coordinates":[[[103.7406887,1.3782828],[103.740684,1.3783505],[103.7405719,1.3783426],[103.7405788,1.3782447],[103.7407507,1.3779883],[103.7407469,1.3779858],[103.7407635,1.3779611],[103.740974,1.378104],[103.740991,1.3780785],[103.7410298,1.3781048],[103.7410127,1.3781302],[103.7413272,1.3783438],[103.741364,1.3784197],[103.7413572,1.3785168],[103.7412478,1.3785091],[103.7412525,1.3784414],[103.7412415,1.3784187],[103.7408143,1.3781286],[103.7408231,1.3781158],[103.7408031,1.3781023],[103.7408137,1.3780865],[103.7407895,1.3780701],[103.7407595,1.3781149],[103.7407746,1.3781251],[103.740761,1.3781454],[103.7407748,1.3781545],[103.7406887,1.3782828]]]}},{"type":"Feature","properties":{"type":"HDB"},"geometry":{"type":"Polygon","coordinates":[[[103.7358929,1.3771155],[103.7362043,1.3774545],[103.7354602,1.3781471],[103.7352589,1.3779279],[103.7355063,1.3776977],[103.7353962,1.3775779],[103.7358929,1.3771155]]]}},{"type":"Feature","properties":{"type":"HDB"},"geometry":{"type":"Polygon","coordinates":[[[103.7350022,1.3779665],[103.7349855,1.3779485],[103.7349677,1.377965],[103.7349744,1.3779724],[103.7349477,1.3779972],[103.7348883,1.3779326],[103.734883,1.3779375],[103.7348294,1.3778791],[103.7348572,1.3778532],[103.7348716,1.3778538],[103.7348853,1.3778686],[103.7348998,1.3778692],[103.7349004,1.3778532],[103.7349449,1.377855],[103.7349454,1.3778406],[103.7349199,1.3778396],[103.7349218,1.3777907],[103.7349029,1.37779],[103.7349035,1.377774],[103.734889,1.3777735],[103.7348742,1.3777872],[103.7348602,1.3777866],[103.7348341,1.3777582],[103.7348921,1.3777041],[103.734897,1.3777095],[103.7349656,1.3776456],[103.7349924,1.3776748],[103.7349819,1.3776847],[103.7349977,1.3777019],[103.7350136,1.3776872],[103.7350264,1.3777011],[103.7350363,1.3776919],[103.7350734,1.3777322],[103.735041,1.3777623],[103.7350401,1.3777857],[103.735054,1.3777863],[103.7350531,1.3778102],[103.7350647,1.3778224],[103.735067,1.3778304],[103.7350656,1.3778428],[103.7350586,1.377853],[103.7350512,1.3778578],[103.7350504,1.3778785],[103.7350207,1.3778773],[103.7350207,1.3778837],[103.7350531,1.3779191],[103.7350022,1.3779665]]]}},{"type":"Feature","properties":{"type":"HDB"},"geometry":{"type":"Polygon","coordinates":[[[103.7360216,1.3780145],[103.7360365,1.3779965],[103.7360552,1.3780121],[103.7360707,1.3779934],[103.7360514,1.3779771],[103.7360687,1.3779563],[103.7360611,1.37795],[103.7360933,1.3779111],[103.7361381,1.3779487],[103.7361663,1.3779642],[103.736185,1.3779881],[103.7362479,1.3780409],[103.7362182,1.3780767],[103.7362114,1.3780773],[103.7361938,1.3780625],[103.7361783,1.3780639],[103.7361797,1.3780802],[103.7361484,1.378083],[103.7361534,1.3781384],[103.736135,1.3781401],[103.7361357,1.3781477],[103.7361854,1.3781432],[103.7361868,1.3781594],[103.7362024,1.378158],[103.736217,1.3781403],[103.7362234,1.3781398],[103.7362595,1.37817],[103.7362073,1.378233],[103.7361931,1.3782599],[103.7361681,1.3782802],[103.7361306,1.3783256],[103.7360917,1.378293],[103.7360982,1.3782851],[103.7360775,1.3782678],[103.7360936,1.3782483],[103.736075,1.3782326],[103.7360594,1.3782514],[103.7360415,1.3782364],[103.7360576,1.378217],[103.7360556,1.3781945],[103.7360404,1.3781818],[103.7360382,1.3781566],[103.736057,1.3781549],[103.7360537,1.378118],[103.7360482,1.3781185],[103.7360477,1.3781131],[103.7360337,1.3781144],[103.7360191,1.3781272],[103.7360008,1.3781323],[103.7359854,1.3781302],[103.7359689,1.3781203],[103.7359548,1.3781215],[103.7359553,1.378127],[103.7359499,1.3781275],[103.7359532,1.3781644],[103.735972,1.3781627],[103.7359742,1.3781878],[103.7359616,1.378203],[103.7359636,1.3782255],[103.7359829,1.3782417],[103.7359679,1.3782597],[103.7359493,1.3782441],[103.7359338,1.3782629],[103.7359531,1.3782791],[103.7359358,1.3782999],[103.7359437,1.3783065],[103.7359114,1.3783455],[103.7358662,1.3783077],[103.7358382,1.3782921],[103.7358193,1.3782682],[103.7357568,1.3782158],[103.7357868,1.3781795],[103.7357931,1.3781789],[103.7358107,1.3781937],[103.7358262,1.3781923],[103.7358247,1.3781761],[103.7358892,1.3781702],[103.7358835,1.3781071],[103.7358191,1.378113],[103.7358176,1.3780968],[103.7358021,1.3780982],[103.7357875,1.3781159],[103.7357807,1.3781165],[103.7357452,1.3780866],[103.7357975,1.3780235],[103.7358116,1.3779965],[103.7358367,1.3779763],[103.7358741,1.3779311],[103.7359126,1.3779634],[103.7359063,1.3779711],[103.735927,1.3779885],[103.7359109,1.3780079],[103.7359295,1.3780236],[103.735945,1.3780048],[103.735963,1.3780199],[103.7359469,1.3780393],[103.7359489,1.3780618],[103.7359635,1.378074],[103.7360307,1.3780679],[103.7360428,1.3780532],[103.7360408,1.3780307],[103.7360216,1.3780145]]]}},{"type":"Feature","properties":{"type":"HDB"},"geometry":{"type":"Polygon","coordinates":[[[103.7350022,1.3779665],[103.7350531,1.3779191],[103.735104,1.3779745],[103.7350979,1.3779802],[103.7351885,1.3780789],[103.7351913,1.3780763],[103.7351944,1.3780796],[103.7351948,1.3780841],[103.7351909,1.3780845],[103.7352059,1.3782396],[103.7352099,1.3782392],[103.7352106,1.3782464],[103.7352421,1.3782443],[103.7352486,1.3782483],[103.735252,1.3782551],[103.7352513,1.3782628],[103.7352468,1.3782689],[103.7352133,1.3782743],[103.735214,1.3782815],[103.73521,1.3782819],[103.7352157,1.3783404],[103.7352314,1.3783389],[103.7352402,1.3784302],[103.7351857,1.3784356],[103.7351844,1.3784221],[103.7351656,1.378424],[103.7351634,1.378401],[103.7351392,1.3784034],[103.7351403,1.3784151],[103.735101,1.3784189],[103.7350869,1.3782731],[103.7351235,1.3782695],[103.7351251,1.3782857],[103.7351484,1.3782834],[103.7351426,1.378224],[103.7351193,1.3782263],[103.7351209,1.3782425],[103.7350842,1.3782461],[103.7350727,1.3781273],[103.7351177,1.3781229],[103.73513,1.3781114],[103.7350951,1.3780688],[103.7350779,1.3780847],[103.7350889,1.3780967],[103.7350621,1.3781217],[103.7349675,1.3780188],[103.7349944,1.3779938],[103.7350011,1.3780011],[103.7350189,1.3779845],[103.7350022,1.3779665]]]}},{"type":"Feature","properties":{"type":"HDB"},"geometry":{"type":"Polygon","coordinates":[[[103.734349,1.37809],[103.7343632,1.3780689],[103.7343848,1.3780526],[103.7344223,1.3780074],[103.7344608,1.3780397],[103.7344544,1.3780474],[103.7344751,1.3780648],[103.734459,1.3780842],[103.7344776,1.3780999],[103.7344932,1.3780811],[103.7345111,1.3780962],[103.7344951,1.3781156],[103.7344971,1.3781381],[103.7345116,1.3781503],[103.7345789,1.3781442],[103.734591,1.3781295],[103.734589,1.378107],[103.7345697,1.3780908],[103.7345847,1.3780728],[103.7346033,1.3780884],[103.7346189,1.3780697],[103.7345996,1.3780534],[103.7346168,1.3780326],[103.7346093,1.3780263],[103.7346415,1.3779874],[103.7346863,1.378025],[103.7347144,1.3780405],[103.7347332,1.3780644],[103.734796,1.3781172],[103.7347664,1.378153],[103.7347595,1.3781536],[103.7347419,1.3781388],[103.7347264,1.3781402],[103.7347279,1.3781565],[103.7346966,1.3781593],[103.7347015,1.3782147],[103.7346832,1.3782164],[103.7346839,1.378224],[103.7347336,1.3782195],[103.734735,1.3782357],[103.7347505,1.3782343],[103.7347652,1.3782166],[103.7347716,1.3782161],[103.7348076,1.3782463],[103.7347554,1.3783093],[103.7347433,1.3783335],[103.7347305,1.3783471],[103.7347163,1.3783565],[103.7346787,1.3784019],[103.7346399,1.3783693],[103.7346464,1.3783614],[103.7346257,1.3783441],[103.7346418,1.3783246],[103.7346232,1.3783089],[103.7346076,1.3783277],[103.7345897,1.3783127],[103.7346057,1.3782933],[103.7346037,1.3782708],[103.7345886,1.3782581],[103.7345863,1.3782329],[103.7346051,1.3782312],[103.7346018,1.3781943],[103.7345964,1.3781948],[103.7345959,1.3781894],[103.7345818,1.3781907],[103.7345673,1.3782035],[103.7345472,1.3782086],[103.7345288,1.3782047],[103.734517,1.3781966],[103.734503,1.3781978],[103.7345035,1.3782033],[103.734498,1.3782038],[103.7345013,1.3782406],[103.7345201,1.378239],[103.7345224,1.3782641],[103.7345098,1.3782793],[103.7345118,1.3783018],[103.7345311,1.378318],[103.7345161,1.378336],[103.7344975,1.3783204],[103.7344819,1.3783392],[103.7345013,1.3783554],[103.734484,1.3783762],[103.7344918,1.3783828],[103.7344595,1.3784218],[103.7344144,1.378384],[103.7343864,1.3783684],[103.7343674,1.3783445],[103.734305,1.3782921],[103.734335,1.3782558],[103.7343413,1.3782552],[103.7343588,1.37827],[103.7343744,1.3782686],[103.7343729,1.3782524],[103.7344373,1.3782465],[103.7344317,1.3781834],[103.7343672,1.3781893],[103.7343658,1.3781731],[103.7343503,1.3781745],[103.7343356,1.3781922],[103.7343289,1.3781928],[103.7342933,1.3781629],[103.7343457,1.3780998],[103.734349,1.37809]]]}},{"type":"Feature","properties":{"type":"HDB"},"geometry":{"type":"Polygon","coordinates":[[[103.7354959,1.3783297],[103.7354373,1.378266],[103.7355798,1.3781334],[103.7356383,1.3781972],[103.7355861,1.3782457],[103.7355805,1.3782584],[103.7355721,1.3782687],[103.7355611,1.3782764],[103.735548,1.3782812],[103.7354959,1.3783297]]]}},{"type":"Feature","properties":{"type":"HDB"},"geometry":{"type":"Polygon","coordinates":[[[103.7361106,1.3787508],[103.7361072,1.3787139],[103.7360885,1.3787156],[103.7360862,1.3786904],[103.7360988,1.3786752],[103.7360968,1.3786527],[103.7360775,1.3786365],[103.7360925,1.3786185],[103.7361111,1.3786341],[103.7361266,1.3786154],[103.7361073,1.3785992],[103.7361246,1.3785784],[103.7361168,1.3785718],[103.7361492,1.3785327],[103.7361943,1.3785705],[103.7362211,1.3785849],[103.7362412,1.3786099],[103.7363038,1.3786625],[103.7362737,1.3786987],[103.7362673,1.3786993],[103.7362497,1.3786846],[103.7362342,1.378686],[103.7362357,1.3787022],[103.736186,1.3787067],[103.7361867,1.3787143],[103.736205,1.3787127],[103.73621,1.3787681],[103.7362413,1.3787652],[103.7362428,1.3787815],[103.7362583,1.37878],[103.736273,1.3787623],[103.7362798,1.3787617],[103.7363154,1.3787915],[103.736263,1.3788548],[103.7362477,1.3788831],[103.7362238,1.378902],[103.7361865,1.3789472],[103.7361479,1.3789148],[103.7361542,1.3789071],[103.7361335,1.3788898],[103.7361496,1.3788703],[103.7361309,1.3788546],[103.7361154,1.3788734],[103.7360975,1.3788584],[103.7361135,1.378839],[103.7361115,1.3788165],[103.7360969,1.3788042],[103.7360297,1.3788104],[103.7360176,1.378825],[103.7360196,1.3788475],[103.7360388,1.3788637],[103.7360239,1.3788818],[103.7360053,1.3788661],[103.7359897,1.3788849],[103.736009,1.3789011],[103.7359918,1.3789219],[103.7359994,1.3789284],[103.7359673,1.3789671],[103.7359224,1.3789294],[103.7358955,1.3789152],[103.7358825,1.3789018],[103.7358755,1.3788901],[103.7358127,1.3788373],[103.7358423,1.3788016],[103.7358491,1.3788009],[103.7358666,1.3788157],[103.7358822,1.3788143],[103.7358807,1.3787981],[103.7359451,1.3787922],[103.7359394,1.3787292],[103.735875,1.378735],[103.7358736,1.3787188],[103.735858,1.3787202],[103.7358434,1.3787379],[103.7358371,1.3787385],[103.7358011,1.3787083],[103.7358532,1.3786453],[103.7358675,1.3786185],[103.7358923,1.3785981],[103.73593,1.3785527],[103.7359688,1.3785852],[103.7359622,1.3785931],[103.7359829,1.3786105],[103.7359668,1.3786299],[103.7359854,1.3786456],[103.736001,1.3786268],[103.7360189,1.3786419],[103.7360028,1.3786613],[103.7360049,1.3786838],[103.73602,1.3786964],[103.7360222,1.3787216],[103.7360035,1.3787234],[103.7360068,1.3787602],[103.7360122,1.3787597],[103.7360127,1.3787652],[103.7360267,1.3787638],[103.7360413,1.3787511],[103.7360596,1.3787459],[103.7360774,1.3787489],[103.7360916,1.378758],[103.7361056,1.3787567],[103.7361051,1.3787513],[103.7361106,1.3787508]]]}},{"type":"Feature","properties":{"type":"HDB"},"geometry":{"type":"Polygon","coordinates":[[[103.7355538,1.3789094],[103.7356083,1.3789551],[103.735553,1.3790218],[103.735404,1.3788966],[103.7354592,1.3788299],[103.7355137,1.3788757],[103.7355271,1.3788797],[103.7355384,1.3788869],[103.7355475,1.3788968],[103.7355538,1.3789094]]]}},{"type":"Feature","properties":{"type":"HDB"},"geometry":{"type":"Polygon","coordinates":[[[103.735272,1.3787579],[103.7352809,1.3788493],[103.7352653,1.3788509],[103.7352709,1.3789094],[103.735275,1.3789089],[103.7352756,1.3789161],[103.7353082,1.3789143],[103.7353153,1.3789202],[103.7353172,1.3789293],[103.7353106,1.3789395],[103.7352784,1.378944],[103.7352791,1.3789513],[103.735275,1.3789516],[103.7352896,1.3791015],[103.7352939,1.3791011],[103.7352943,1.3791056],[103.7352928,1.3791098],[103.7352889,1.3791084],[103.735248,1.3792227],[103.7352558,1.3792256],[103.7352304,1.3792966],[103.7351652,1.379273],[103.7351737,1.3792497],[103.7351509,1.3792414],[103.7351476,1.3792508],[103.735113,1.3792383],[103.7351602,1.3791064],[103.7351947,1.3791189],[103.7351892,1.3791342],[103.7352112,1.3791422],[103.7352268,1.3790892],[103.7352117,1.3790837],[103.7351659,1.3790877],[103.7351544,1.3789689],[103.7351911,1.3789653],[103.7351926,1.3789816],[103.735216,1.3789793],[103.7352102,1.3789199],[103.7351869,1.3789221],[103.7351885,1.3789383],[103.7351518,1.3789419],[103.7351376,1.3787961],[103.7351769,1.3787923],[103.7351781,1.378804],[103.7352022,1.3788016],[103.7352,1.3787786],[103.7352188,1.3787768],[103.7352175,1.3787633],[103.735272,1.3787579]]]}},{"type":"Feature","properties":{"type":"HDB"},"geometry":{"type":"Polygon","coordinates":[[[103.7347027,1.3790972],[103.734715,1.3791008],[103.7347268,1.3791089],[103.7347408,1.3791076],[103.7347403,1.3791022],[103.7347458,1.3791017],[103.7347424,1.3790648],[103.7347237,1.3790665],[103.7347214,1.3790414],[103.734734,1.3790262],[103.734732,1.3790037],[103.7347127,1.3789874],[103.7347277,1.3789695],[103.7347463,1.3789851],[103.7347618,1.3789663],[103.7347425,1.3789501],[103.7347598,1.3789293],[103.734752,1.3789227],[103.7347844,1.3788837],[103.7348295,1.3789215],[103.7348576,1.3789369],[103.7348764,1.3789609],[103.734939,1.3790134],[103.7349089,1.3790497],[103.7349025,1.3790502],[103.7348849,1.3790355],[103.7348694,1.3790369],[103.7348709,1.3790531],[103.7348212,1.3790576],[103.7348219,1.3790653],[103.7348402,1.3790637],[103.7348452,1.379119],[103.7348765,1.3791161],[103.734878,1.3791324],[103.7348935,1.379131],[103.7349082,1.3791133],[103.734915,1.3791127],[103.7349506,1.3791425],[103.7348984,1.3792059],[103.734884,1.3792327],[103.734859,1.379253],[103.7348217,1.3792981],[103.7347831,1.3792657],[103.7347894,1.379258],[103.7347687,1.3792407],[103.7347848,1.3792212],[103.7347661,1.3792056],[103.7347506,1.3792243],[103.7347327,1.3792093],[103.7347487,1.3791899],[103.7347467,1.3791674],[103.7347321,1.3791552],[103.7346649,1.3791613],[103.7346528,1.379176],[103.7346548,1.3791985],[103.734674,1.3792146],[103.7346591,1.3792327],[103.7346405,1.3792171],[103.7346249,1.3792358],[103.7346442,1.3792521],[103.734627,1.3792728],[103.7346346,1.3792793],[103.7346025,1.379318],[103.7345576,1.3792803],[103.7345307,1.3792661],[103.7345177,1.3792527],[103.7345107,1.379241],[103.7344479,1.3791883],[103.7344775,1.3791525],[103.7344843,1.3791519],[103.7345018,1.3791667],[103.7345173,1.3791652],[103.7345159,1.379149],[103.7345803,1.3791431],[103.7345746,1.3790801],[103.7345102,1.379086],[103.7345088,1.3790697],[103.7344932,1.3790712],[103.7344786,1.3790889],[103.7344723,1.3790894],[103.7344363,1.3790592],[103.7344884,1.3789963],[103.7345039,1.3789681],[103.7345275,1.378949],[103.7345652,1.3789036],[103.734604,1.3789362],[103.7345974,1.378944],[103.7346181,1.3789614],[103.734602,1.3789809],[103.7346206,1.3789965],[103.7346362,1.3789778],[103.7346541,1.3789928],[103.734638,1.3790122],[103.7346401,1.3790347],[103.7346552,1.3790474],[103.7346574,1.3790725],[103.7346387,1.3790743],[103.734642,1.3791111],[103.7346474,1.3791106],[103.7346479,1.3791161],[103.7346619,1.3791148],[103.7346811,1.3790998],[103.7347027,1.3790972]]]}},{"type":"Feature","properties":{"type":"HDB"},"geometry":{"type":"Polygon","coordinates":[[[103.7488758,1.3771647],[103.7488735,1.3771779],[103.7489486,1.3771911],[103.7489441,1.3772173],[103.7489777,1.3772232],[103.7489755,1.3772363],[103.7489896,1.3772387],[103.7489825,1.37728],[103.7489537,1.3772749],[103.7489527,1.3772805],[103.7489002,1.3772713],[103.7489011,1.3772657],[103.7488018,1.3772483],[103.7488009,1.3772538],[103.748748,1.3772446],[103.7487489,1.377239],[103.7487217,1.3772342],[103.7487288,1.377193],[103.7487424,1.3771954],[103.7487447,1.3771823],[103.7487789,1.3771883],[103.7487834,1.3771621],[103.7488581,1.3771752],[103.7488601,1.377164],[103.7488579,1.3771647],[103.7488531,1.3771544],[103.7488551,1.3771534],[103.748837,1.3771146],[103.7488349,1.3771156],[103.7488305,1.3771062],[103.74881,1.3771178],[103.7488117,1.3771214],[103.7488063,1.377124],[103.7488039,1.3771188],[103.7487709,1.3771344],[103.7487746,1.3771421],[103.7487333,1.3771616],[103.7487238,1.3771412],[103.7487039,1.3771506],[103.748693,1.3771273],[103.7486695,1.3771384],[103.7486634,1.3771254],[103.7486469,1.3771333],[103.7486294,1.3770959],[103.7486559,1.3770834],[103.7486534,1.3770781],[103.7487009,1.3770556],[103.7487034,1.3770609],[103.7487945,1.3770178],[103.748792,1.3770125],[103.7488409,1.3769893],[103.7488434,1.3769947],[103.7488681,1.376983],[103.7488856,1.3770203],[103.7488685,1.3770284],[103.7488746,1.3770414],[103.7488518,1.3770522],[103.7488624,1.3770749],[103.7488883,1.3770606],[103.7488891,1.3770623],[103.748922,1.3770467],[103.7489194,1.3770411],[103.7489246,1.3770387],[103.7489264,1.3770426],[103.7489498,1.3770336],[103.7489392,1.3770108],[103.7489176,1.3770211],[103.7489115,1.3770081],[103.7489029,1.3770121],[103.7488855,1.3769748],[103.7489111,1.3769626],[103.7489094,1.376959],[103.7489571,1.3769364],[103.7489624,1.3769479],[103.7490196,1.3769209],[103.7490142,1.3769094],[103.7490633,1.3768862],[103.749065,1.3768898],[103.7490897,1.3768781],[103.7491072,1.3769155],[103.7490974,1.3769201],[103.7491035,1.3769331],[103.7490827,1.376943],[103.7490933,1.3769657],[103.7490803,1.3769719],[103.7490898,1.3769921],[103.7491066,1.3769841],[103.7491232,1.3770198],[103.7491086,1.3770253],[103.7491192,1.377048],[103.7491472,1.3770347],[103.7491532,1.3770475],[103.749166,1.3770414],[103.7491839,1.3770798],[103.7491587,1.3770918],[103.7491601,1.3770948],[103.7491118,1.3771176],[103.7491091,1.3771119],[103.7490516,1.3771391],[103.7490543,1.3771448],[103.7490068,1.3771673],[103.7490054,1.3771643],[103.7489797,1.3771765],[103.7489617,1.377138],[103.748974,1.3771322],[103.748968,1.3771195],[103.7489957,1.3771064],[103.7489847,1.377083],[103.7490396,1.377057],[103.7490351,1.3770474],[103.7489823,1.3770724],[103.7489702,1.3770464],[103.7489648,1.377049],[103.7489624,1.3770438],[103.7488714,1.3770868],[103.7488738,1.3770921],[103.7488685,1.3770946],[103.7488668,1.3770909],[103.7488468,1.3770985],[103.7488512,1.3771079],[103.7488492,1.3771088],[103.7488673,1.3771477],[103.7488694,1.3771467],[103.7488758,1.3771647]]]}},{"type":"Feature","properties":{"type":"HDB"},"geometry":{"type":"Polygon","coordinates":[[[103.7494056,1.3766111],[103.7494252,1.3766018],[103.7495458,1.3768599],[103.7495261,1.3768692],[103.7496254,1.3770818],[103.7496031,1.3771196],[103.7495947,1.3771235],[103.749634,1.3772079],[103.7496574,1.3771981],[103.7496731,1.3771987],[103.7496787,1.3772019],[103.7497136,1.3772729],[103.7497239,1.377268],[103.7497449,1.3773135],[103.7497347,1.3773184],[103.7497708,1.3773963],[103.7497791,1.3773923],[103.7498025,1.377443],[103.7497944,1.3774469],[103.749902,1.3776789],[103.7499047,1.3776961],[103.7498996,1.3777314],[103.7498916,1.3777477],[103.7498709,1.377769],[103.7498559,1.3777775],[103.7498366,1.3777833],[103.7498159,1.3777847],[103.7497947,1.37778],[103.7497726,1.3777681],[103.749764,1.3777599],[103.7497595,1.3777621],[103.74978,1.3778061],[103.7496425,1.3778712],[103.7496327,1.3778503],[103.7495667,1.3778815],[103.7495373,1.3778185],[103.7495287,1.3777974],[103.7495626,1.3777814],[103.7495722,1.377802],[103.7496052,1.3777864],[103.7495681,1.3777069],[103.7495746,1.3777038],[103.7494037,1.3773378],[103.7494139,1.3773327],[103.7494277,1.3773091],[103.7494263,1.3773061],[103.7494349,1.3773021],[103.7493951,1.3772168],[103.7493869,1.3772206],[103.7493459,1.3772129],[103.7490862,1.3766525],[103.7490954,1.3766262],[103.7493552,1.3765033],[103.7494056,1.3766111]],[[103.7497956,1.3777276],[103.7498149,1.3777372],[103.749829,1.3777378],[103.7498433,1.3777314],[103.7498532,1.3777214],[103.7498587,1.377698],[103.7498557,1.3776853],[103.7498479,1.3776747],[103.749839,1.3776683],[103.7498265,1.3776645],[103.7498127,1.3776661],[103.7498009,1.3776716],[103.7497899,1.3776832],[103.7497859,1.3776946],[103.7497855,1.3777063],[103.7497956,1.3777276]],[[103.7495528,1.3771431],[103.74944,1.3771958],[103.7494798,1.3772809],[103.7495923,1.3772276],[103.7495528,1.3771431]]]}},{"type":"Feature","properties":{"type":"HDB"},"geometry":{"type":"Polygon","coordinates":[[[103.7495923,1.3772276],[103.7494798,1.3772809],[103.74944,1.3771958],[103.7495528,1.3771431],[103.7495923,1.3772276]]]}},{"type":"Feature","properties":{"type":"HDB"},"geometry":{"type":"Polygon","coordinates":[[[103.7484057,1.3773809],[103.7484168,1.3773155],[103.7483916,1.3773111],[103.7483963,1.3772833],[103.7483913,1.3772824],[103.7483922,1.3772771],[103.7483459,1.3772703],[103.7483419,1.3772935],[103.7483651,1.3772975],[103.7483628,1.3773114],[103.7483743,1.3773134],[103.7483675,1.3773531],[103.7483387,1.3773481],[103.7483378,1.3773535],[103.7482849,1.3773444],[103.7482872,1.3773309],[103.748255,1.3773254],[103.7482634,1.3772764],[103.7482495,1.377274],[103.7482412,1.377323],[103.748208,1.3773173],[103.7482057,1.3773307],[103.7481529,1.3773216],[103.7481538,1.3773162],[103.7481267,1.3773115],[103.7481335,1.3772718],[103.7481426,1.3772734],[103.7481449,1.3772595],[103.7481683,1.3772635],[103.7481724,1.3772391],[103.7481388,1.3772345],[103.748138,1.3772387],[103.7481333,1.3772379],[103.7481343,1.3772326],[103.7480972,1.3772262],[103.7480959,1.3772336],[103.7480532,1.3772263],[103.748057,1.3772039],[103.748044,1.3772017],[103.7480482,1.3771769],[103.7480253,1.3771729],[103.7480277,1.3771588],[103.7480164,1.3771569],[103.748023,1.3771179],[103.7480521,1.3771229],[103.748053,1.3771176],[103.7481061,1.3771268],[103.7481039,1.3771395],[103.748165,1.37715],[103.7481672,1.3771373],[103.7482216,1.3771467],[103.7482207,1.377152],[103.7482491,1.3771569],[103.7482425,1.3771959],[103.7482293,1.3771936],[103.7482269,1.3772077],[103.7482042,1.3772038],[103.7481999,1.3772286],[103.7482131,1.3772309],[103.748214,1.3772255],[103.7482189,1.3772263],[103.7482179,1.3772317],[103.7482537,1.3772361],[103.7482654,1.3771673],[103.7482972,1.3771728],[103.7482994,1.3771601],[103.7483523,1.3771692],[103.7483514,1.3771745],[103.7483784,1.3771792],[103.7483718,1.3772182],[103.7483608,1.3772164],[103.7483584,1.3772304],[103.7483354,1.3772264],[103.7483311,1.3772512],[103.7483545,1.3772535],[103.7483551,1.3772498],[103.7483599,1.3772506],[103.748359,1.377256],[103.7484096,1.377263],[103.7484131,1.3772423],[103.7484089,1.3772416],[103.7484095,1.3772381],[103.7483902,1.3772347],[103.7483924,1.3772218],[103.7483897,1.3772213],[103.7483959,1.3771849],[103.7484222,1.3771894],[103.7484233,1.3771829],[103.7484508,1.3771876],[103.7484486,1.3772003],[103.7485113,1.3772111],[103.7485135,1.3771984],[103.7485421,1.3772034],[103.748541,1.3772099],[103.7485673,1.3772145],[103.7485611,1.3772509],[103.7485584,1.3772505],[103.7485562,1.3772634],[103.7485368,1.37726],[103.7485362,1.3772636],[103.7485319,1.3772628],[103.7485284,1.3772835],[103.7485327,1.3772843],[103.7485288,1.3773072],[103.7485357,1.3773084],[103.7485302,1.3773406],[103.7485372,1.3773418],[103.7485283,1.3773942],[103.7485239,1.3773934],[103.7485189,1.3774228],[103.7484782,1.3774158],[103.7484807,1.3774011],[103.7484669,1.3773987],[103.748472,1.3773688],[103.7484458,1.3773643],[103.7484419,1.3773871],[103.7484057,1.3773809]]]}},{"type":"Feature","properties":{"type":"HDB"},"geometry":{"type":"Polygon","coordinates":[[[103.7490803,1.3776545],[103.7490821,1.377644],[103.7490795,1.3776441],[103.7490746,1.3776336],[103.7490768,1.3776326],[103.7490587,1.3775938],[103.7490565,1.3775948],[103.7490519,1.3775852],[103.7490318,1.3775967],[103.7490337,1.3776006],[103.7490286,1.377603],[103.749026,1.3775974],[103.7489926,1.3776132],[103.7489965,1.3776216],[103.7489559,1.3776408],[103.7489459,1.3776194],[103.7489251,1.3776292],[103.7489144,1.3776062],[103.7488916,1.377617],[103.7488858,1.3776047],[103.7488687,1.3776127],[103.7488506,1.3775739],[103.7488776,1.3775611],[103.7488751,1.3775557],[103.7489233,1.3775329],[103.7489259,1.3775383],[103.7490157,1.3774958],[103.7490132,1.3774904],[103.7490626,1.377467],[103.7490651,1.3774724],[103.7490904,1.3774605],[103.7491085,1.3774993],[103.7490919,1.3775072],[103.7490977,1.3775195],[103.7490748,1.3775304],[103.7490855,1.3775533],[103.7491026,1.3775452],[103.7491018,1.3775435],[103.7491443,1.3775255],[103.7491417,1.3775199],[103.7491466,1.3775176],[103.7491484,1.3775214],[103.7491715,1.3775126],[103.7491608,1.3774896],[103.74914,1.3774995],[103.7491342,1.3774871],[103.7491247,1.3774916],[103.7491074,1.3774545],[103.7491325,1.3774426],[103.74913,1.3774372],[103.7491784,1.3774143],[103.7491844,1.3774273],[103.7492413,1.3774004],[103.7492353,1.3773874],[103.7492843,1.3773642],[103.7492868,1.3773696],[103.7493123,1.3773575],[103.7493296,1.3773947],[103.7493195,1.3773995],[103.7493253,1.3774118],[103.7493052,1.3774213],[103.7493159,1.3774443],[103.7493027,1.3774505],[103.7493116,1.3774696],[103.7493287,1.3774615],[103.7493454,1.3774974],[103.7493302,1.3775026],[103.7493417,1.3775273],[103.7493686,1.3775146],[103.7493741,1.3775263],[103.7493889,1.3775193],[103.7494064,1.3775567],[103.7493794,1.3775695],[103.7493817,1.3775744],[103.7493338,1.377597],[103.7493305,1.3775901],[103.7492728,1.3776174],[103.749276,1.3776243],[103.7492281,1.377647],[103.7492258,1.3776422],[103.7491992,1.3776548],[103.7491817,1.3776173],[103.7491958,1.3776107],[103.7491903,1.3775989],[103.7492171,1.3775863],[103.7492055,1.3775616],[103.7492613,1.3775352],[103.7492566,1.3775252],[103.7492036,1.3775503],[103.7491921,1.3775256],[103.749188,1.3775276],[103.7491854,1.377522],[103.7491095,1.37756],[103.7491087,1.3775583],[103.7490938,1.3775654],[103.7490964,1.3775709],[103.7490915,1.3775732],[103.7490897,1.3775693],[103.749069,1.3775771],[103.7490735,1.3775868],[103.7490713,1.3775878],[103.7490894,1.3776266],[103.7490916,1.3776256],[103.7490965,1.3776361],[103.7490943,1.3776371],[103.7490973,1.3776435],[103.749095,1.3776571],[103.7491693,1.3776702],[103.7491648,1.3776964],[103.7491984,1.3777023],[103.7491962,1.3777153],[103.7492104,1.3777178],[103.7492032,1.3777591],[103.7491744,1.377754],[103.7491734,1.3777596],[103.7491209,1.3777504],[103.7491219,1.3777448],[103.7490226,1.3777274],[103.7490216,1.3777329],[103.7489687,1.3777236],[103.7489697,1.3777181],[103.7489424,1.3777133],[103.7489496,1.3776721],[103.7489631,1.3776745],[103.7489654,1.3776614],[103.7489996,1.3776674],[103.7490041,1.3776412],[103.7490803,1.3776545]]]}},{"type":"Feature","properties":{"type":"HDB"},"geometry":{"type":"Polygon","coordinates":[[[103.7497855,1.3777063],[103.7497859,1.3776946],[103.7497899,1.3776832],[103.7498009,1.3776716],[103.7498127,1.3776661],[103.7498265,1.3776645],[103.749839,1.3776683],[103.7498479,1.3776747],[103.7498557,1.3776853],[103.7498587,1.377698],[103.7498532,1.3777214],[103.7498433,1.3777314],[103.749829,1.3777378],[103.7498149,1.3777372],[103.7498031,1.3777333],[103.7497896,1.3777191],[103.7497855,1.3777063]]]}},{"type":"Feature","properties":{"type":"HDB"},"geometry":{"type":"Polygon","coordinates":[[[103.7485633,1.3776467],[103.7485648,1.3776452],[103.748563,1.3776449],[103.7485584,1.3776709],[103.7485821,1.3776752],[103.7485831,1.3776697],[103.7485876,1.3776705],[103.7485866,1.377676],[103.748612,1.3776805],[103.7486123,1.3776787],[103.7486622,1.3776896],[103.7486706,1.3776892],[103.7486746,1.3776668],[103.7486707,1.3776661],[103.7486711,1.3776637],[103.748652,1.3776602],[103.7486543,1.3776473],[103.7486512,1.3776467],[103.7486579,1.3776093],[103.7486839,1.377614],[103.7486851,1.3776072],[103.7487136,1.3776123],[103.7487112,1.3776257],[103.7487733,1.3776369],[103.7487757,1.3776235],[103.7488032,1.3776285],[103.748802,1.3776352],[103.7488286,1.37764],[103.7488172,1.37769],[103.7487927,1.377688],[103.7487887,1.3777105],[103.7487948,1.3777116],[103.7487906,1.3777351],[103.748741,1.3777261],[103.7487386,1.3777395],[103.7487953,1.3777497],[103.7487896,1.3777817],[103.7487958,1.3777828],[103.7487864,1.377836],[103.7487822,1.3778352],[103.7487772,1.3778635],[103.7487366,1.3778562],[103.7487391,1.3778418],[103.7487263,1.3778394],[103.7487316,1.3778095],[103.7487052,1.3778047],[103.7487067,1.3777964],[103.7486698,1.3777897],[103.7486783,1.377742],[103.7486534,1.3777375],[103.7486584,1.3777096],[103.7486533,1.3777087],[103.7486543,1.377703],[103.7486163,1.3776979],[103.7486123,1.3777207],[103.748616,1.3777213],[103.7486156,1.3777237],[103.7486348,1.3777271],[103.7486325,1.3777397],[103.748635,1.3777402],[103.7486286,1.3777764],[103.7486032,1.3777719],[103.7486018,1.3777794],[103.7485721,1.3777741],[103.7485747,1.3777597],[103.7485123,1.3777484],[103.7485098,1.3777628],[103.7484812,1.3777577],[103.7484825,1.3777501],[103.7484577,1.3777457],[103.7484641,1.3777094],[103.7484667,1.3777099],[103.7484689,1.3776973],[103.7484875,1.3777006],[103.7484879,1.3776983],[103.7484916,1.377699],[103.748496,1.3776745],[103.7484567,1.3776675],[103.7484552,1.3776763],[103.7484116,1.3776685],[103.7484155,1.3776465],[103.7484015,1.377644],[103.7484061,1.3776184],[103.7483831,1.3776143],[103.7483855,1.3776006],[103.7483755,1.3775988],[103.7483827,1.3775585],[103.7484104,1.3775635],[103.7484113,1.3775585],[103.7484628,1.3775678],[103.7484606,1.3775804],[103.7485239,1.3775918],[103.7485261,1.3775792],[103.7485791,1.3775888],[103.7485782,1.3775937],[103.7486054,1.3775986],[103.7485982,1.3776389],[103.7485874,1.377637],[103.748585,1.3776506],[103.7485633,1.3776467]]]}},{"type":"Feature","properties":{"type":"HDB"},"geometry":{"type":"Polygon","coordinates":[[[103.7485816,1.378024],[103.7489167,1.3778655],[103.749155,1.377907],[103.7492326,1.3778703],[103.7492423,1.3778911],[103.7495127,1.3777631],[103.7495667,1.3778815],[103.7495122,1.3779073],[103.7495132,1.3779094],[103.7491943,1.3780603],[103.7490563,1.3780357],[103.7487192,1.3781952],[103.7486964,1.3782002],[103.7486833,1.3781993],[103.7486659,1.3781915],[103.7486492,1.3781724],[103.7485816,1.378024]]]}},{"type":"Feature","properties":{"type":"HDB"},"geometry":{"type":"Polygon","coordinates":[[[103.7504631,1.3781373],[103.7505208,1.3780569],[103.7512642,1.3777215],[103.7513876,1.3779986],[103.7513677,1.3781937],[103.7512586,1.3781825],[103.7512755,1.3780169],[103.7512976,1.3780189],[103.7512999,1.3779978],[103.7513046,1.3779957],[103.7512943,1.3779726],[103.7512623,1.377987],[103.7512263,1.377906],[103.7512825,1.3778804],[103.7512635,1.3778372],[103.7512346,1.3778504],[103.7512332,1.3778471],[103.7512183,1.3778534],[103.7512144,1.3778643],[103.7510479,1.37794],[103.7510409,1.3779229],[103.7509911,1.3779454],[103.751002,1.3779607],[103.7505921,1.3781456],[103.7505833,1.3781255],[103.7505645,1.3781339],[103.7505604,1.3781306],[103.7505451,1.3781516],[103.7505495,1.3781542],[103.7505481,1.3781749],[103.7505692,1.3781772],[103.7505522,1.3783437],[103.7504432,1.3783324],[103.7504631,1.3781373]]]}},{"type":"Feature","properties":{"type":"HDB"},"geometry":{"type":"Polygon","coordinates":[[[103.7498161,1.3783749],[103.7502732,1.3781686],[103.7504001,1.3784534],[103.750378,1.37867],[103.7502689,1.3786588],[103.7502859,1.3784921],[103.7503078,1.3784946],[103.7503103,1.378476],[103.7502882,1.3784262],[103.7502713,1.3784338],[103.7502351,1.3783524],[103.7502901,1.3783276],[103.750271,1.3782847],[103.7502429,1.3782973],[103.7502412,1.3782937],[103.750227,1.3783001],[103.7502232,1.3783121],[103.7500585,1.3783864],[103.7500542,1.3783768],[103.7500304,1.3783876],[103.7500347,1.3783971],[103.7498607,1.3784756],[103.7498161,1.3783749]]]}},{"type":"Feature","properties":{"type":"HDB"},"geometry":{"type":"Polygon","coordinates":[[[103.7558528,1.3779794],[103.7557187,1.377966],[103.7557216,1.3779384],[103.7557018,1.3779364],[103.7557043,1.3779117],[103.7557242,1.3779138],[103.7557276,1.3778805],[103.7557076,1.3778784],[103.7557101,1.3778537],[103.7557535,1.3778572],[103.7557558,1.3778342],[103.7557126,1.3778286],[103.7557151,1.3778039],[103.7557353,1.3778061],[103.7557388,1.3777724],[103.7557169,1.37777],[103.7557192,1.3777473],[103.7557412,1.3777496],[103.7557424,1.3777386],[103.7557661,1.3777373],[103.7557621,1.3777215],[103.7557536,1.3777116],[103.7557163,1.3777381],[103.755702,1.3777204],[103.7557192,1.3777063],[103.7556982,1.3776803],[103.7556822,1.3776933],[103.7556667,1.3776741],[103.7557002,1.3776455],[103.7556859,1.3776274],[103.7556507,1.3776544],[103.7556352,1.3776352],[103.7556513,1.377622],[103.7556303,1.3775959],[103.7556141,1.3776091],[103.7555986,1.37759],[103.7556324,1.377561],[103.7556179,1.3775432],[103.7555826,1.3775702],[103.7555671,1.3775511],[103.7555834,1.3775378],[103.7555624,1.3775116],[103.7555446,1.377526],[103.7555304,1.3775085],[103.7555642,1.3774769],[103.7555567,1.3774665],[103.7555425,1.3774584],[103.7555293,1.3774575],[103.7555216,1.3775036],[103.7554989,1.3775011],[103.7555011,1.3774794],[103.7554681,1.377476],[103.755466,1.3774966],[103.7554416,1.377494],[103.755445,1.3774489],[103.7554221,1.3774465],[103.7554162,1.3774912],[103.7553918,1.3774887],[103.7553939,1.3774682],[103.7553609,1.3774647],[103.7553587,1.3774857],[103.7553344,1.3774831],[103.7553373,1.3774383],[103.7553252,1.377437],[103.755329,1.3773931],[103.7553163,1.3773916],[103.7553228,1.3773257],[103.7556081,1.3773556],[103.7558813,1.3776953],[103.7558528,1.3779794]]]}},{"type":"Feature","properties":{"type":"HDB"},"geometry":{"type":"Polygon","coordinates":[[[103.7539695,1.3778268],[103.7540128,1.3778312],[103.7540164,1.3777963],[103.7539731,1.3777919],[103.7539827,1.3776972],[103.7540269,1.3777018],[103.7540251,1.3777195],[103.7540758,1.3777247],[103.7540776,1.377707],[103.7541168,1.3777111],[103.7541061,1.3778163],[103.7543751,1.377844],[103.7543858,1.3777388],[103.7544234,1.3777427],[103.7544216,1.3777598],[103.754473,1.3777651],[103.7544747,1.377748],[103.7545199,1.3777526],[103.7545103,1.3778465],[103.7544654,1.3778419],[103.7544618,1.3778769],[103.7545067,1.3778815],[103.7544971,1.3779757],[103.7544514,1.377971],[103.7544532,1.3779533],[103.7544021,1.377948],[103.7544003,1.3779657],[103.7543621,1.3779618],[103.7543643,1.3779405],[103.7543404,1.3779381],[103.7543382,1.3779593],[103.754136,1.3779385],[103.7541373,1.3779258],[103.7541416,1.3779263],[103.7541433,1.3779096],[103.7540954,1.3779047],[103.7540924,1.377934],[103.7540544,1.3779301],[103.7540561,1.3779127],[103.7540056,1.3779075],[103.7540038,1.3779248],[103.75396,1.3779203],[103.7539695,1.3778268]]]}},{"type":"Feature","properties":{"type":"HDB"},"geometry":{"type":"Polygon","coordinates":[[[103.752489,1.3778454],[103.7524813,1.3779211],[103.7524606,1.377919],[103.7524568,1.3779568],[103.7524286,1.3779539],[103.7524267,1.3779732],[103.7523932,1.3779698],[103.7523926,1.3779758],[103.7518035,1.377915],[103.751804,1.3779096],[103.7517698,1.377906],[103.7517717,1.3778865],[103.7517432,1.3778836],[103.751747,1.3778458],[103.7517267,1.3778437],[103.7517345,1.3777676],[103.751751,1.3777693],[103.7517489,1.3777905],[103.7517787,1.3777935],[103.7517808,1.3777724],[103.7518607,1.3777806],[103.7518576,1.3778108],[103.7518861,1.3778138],[103.7518892,1.3777835],[103.7519748,1.3777924],[103.751972,1.3778202],[103.7520131,1.3778244],[103.7520095,1.3778593],[103.7520364,1.377862],[103.75204,1.3778276],[103.7520551,1.3778291],[103.752058,1.377801],[103.7521428,1.3778097],[103.7521398,1.3778393],[103.7522213,1.3778477],[103.7522243,1.3778181],[103.7523093,1.3778269],[103.7523062,1.3778578],[103.7523601,1.3778633],[103.7523633,1.3778324],[103.7524435,1.3778407],[103.7524413,1.3778622],[103.7524707,1.3778652],[103.7524729,1.3778438],[103.752489,1.3778454]]]}},{"type":"Feature","properties":{"type":"HDB"},"geometry":{"type":"Polygon","coordinates":[[[103.7534408,1.3782525],[103.7533758,1.3781721],[103.7533958,1.3781558],[103.7533865,1.3781443],[103.7536466,1.3779313],[103.7536589,1.3779082],[103.7536811,1.3776911],[103.7536949,1.3776925],[103.7536975,1.3776678],[103.7538007,1.3776785],[103.7537732,1.3779478],[103.7537429,1.3779557],[103.7537309,1.3779773],[103.7537405,1.378007],[103.7535813,1.3781374],[103.7535749,1.3781295],[103.7535778,1.3781271],[103.753566,1.3781124],[103.7535255,1.3781455],[103.7535448,1.3781673],[103.7534408,1.3782525]]]}},{"type":"Feature","properties":{"type":"HDB"},"geometry":{"type":"Polygon","coordinates":[[[103.752554,1.3779159],[103.7525747,1.3779181],[103.7525785,1.3778802],[103.7526067,1.3778831],[103.7526086,1.3778639],[103.7526421,1.3778673],[103.7526428,1.3778613],[103.7532318,1.377922],[103.7532313,1.3779275],[103.7532656,1.377931],[103.7532636,1.3779505],[103.7532921,1.3779535],[103.7532883,1.3779913],[103.7533086,1.3779934],[103.7533008,1.3780694],[103.7532843,1.3780677],[103.7532864,1.3780465],[103.7532566,1.3780435],[103.7532545,1.3780647],[103.7531746,1.3780564],[103.7531777,1.3780262],[103.7531492,1.3780232],[103.7531461,1.3780535],[103.7530605,1.3780447],[103.7530633,1.3780169],[103.7530223,1.3780127],[103.7530258,1.3779778],[103.7529989,1.377975],[103.7529954,1.3780095],[103.7529802,1.3780079],[103.7529773,1.3780361],[103.7528925,1.3780273],[103.7528955,1.3779978],[103.752814,1.3779894],[103.752811,1.3780189],[103.752726,1.3780102],[103.7527291,1.3779792],[103.7526752,1.3779737],[103.752672,1.3780046],[103.7525918,1.3779963],[103.752594,1.3779749],[103.7525646,1.3779719],[103.7525624,1.3779933],[103.7525463,1.3779917],[103.752554,1.3779159]]]}},{"type":"Feature","properties":{"type":"HDB"},"geometry":{"type":"Polygon","coordinates":[[[103.7555105,1.378115],[103.75549,1.3781129],[103.7554928,1.3780844],[103.7554889,1.3780839],[103.7554894,1.3780787],[103.7553571,1.378065],[103.7553565,1.3780701],[103.7553526,1.3780699],[103.7553496,1.3780983],[103.7553291,1.3780961],[103.7553319,1.3780675],[103.7553277,1.378067],[103.7553283,1.378062],[103.7552144,1.3780502],[103.7552112,1.3780806],[103.7551457,1.3780738],[103.7551487,1.3780434],[103.7550353,1.3780317],[103.7550347,1.3780374],[103.7550307,1.378037],[103.7550277,1.3780656],[103.7550072,1.3780634],[103.75501,1.3780349],[103.7550062,1.3780344],[103.7550068,1.3780287],[103.7548746,1.378015],[103.754874,1.3780208],[103.7548701,1.3780204],[103.7548669,1.3780491],[103.7548465,1.3780467],[103.7548493,1.3780182],[103.7548454,1.3780178],[103.7548474,1.3779973],[103.7547801,1.3779903],[103.7547897,1.3778938],[103.7548294,1.377897],[103.7548315,1.3778746],[103.754916,1.3778832],[103.7549132,1.3779065],[103.7549899,1.3779142],[103.7549923,1.3778912],[103.7550766,1.3778997],[103.755075,1.3779235],[103.7551511,1.3779308],[103.7551533,1.3779074],[103.7552376,1.3779165],[103.7552355,1.3779401],[103.7553117,1.3779477],[103.7553141,1.3779246],[103.7553985,1.377933],[103.7553962,1.3779565],[103.7554719,1.3779642],[103.7554747,1.3779412],[103.7555593,1.3779499],[103.755557,1.3779731],[103.7555964,1.3779772],[103.7555868,1.378073],[103.7555195,1.3780663],[103.7555175,1.3780869],[103.7555135,1.3780865],[103.7555105,1.378115]]]}},{"type":"Feature","properties":{"type":"HDB"},"geometry":{"type":"Polygon","coordinates":[[[103.756764,1.3781668],[103.7567062,1.3781814],[103.7566551,1.3781506],[103.7566406,1.3780925],[103.7566712,1.3780411],[103.7567289,1.3780265],[103.7567801,1.3780572],[103.7567946,1.3781154],[103.756764,1.3781668]]]}},{"type":"Feature","properties":{"type":"HDB"},"geometry":{"type":"Polygon","coordinates":[[[103.7565641,1.3785555],[103.7564985,1.3785706],[103.7564854,1.3785132],[103.7564668,1.3785175],[103.7563292,1.3779133],[103.756346,1.3779094],[103.7563332,1.3778531],[103.7564004,1.3778376],[103.7564037,1.3778524],[103.7564266,1.3778471],[103.7564612,1.3779989],[103.7564416,1.3780034],[103.756453,1.3780536],[103.7564726,1.3780491],[103.7564957,1.3781505],[103.7564764,1.3781549],[103.7564831,1.378184],[103.7565023,1.3781795],[103.7565366,1.3783302],[103.7565174,1.3783346],[103.756524,1.3783637],[103.7565432,1.3783593],[103.7565607,1.3784358],[103.7565492,1.3784385],[103.7565542,1.3784604],[103.7565656,1.3784577],[103.7565831,1.3785342],[103.7565605,1.3785395],[103.7565641,1.3785555]]]}},{"type":"Feature","properties":{"type":"HDB"},"geometry":{"type":"Polygon","coordinates":[[[103.7514919,1.3782333],[103.7514996,1.3781577],[103.7515201,1.3781598],[103.751524,1.3781221],[103.7515518,1.378125],[103.7515538,1.3781054],[103.7515869,1.3781088],[103.7515875,1.3781028],[103.7523697,1.3781834],[103.7523691,1.3781891],[103.7524033,1.3781927],[103.7524013,1.3782124],[103.7524304,1.3782154],[103.7524266,1.3782532],[103.7524471,1.3782553],[103.7524394,1.3783309],[103.7524224,1.3783292],[103.7524246,1.3783081],[103.7523947,1.3783051],[103.7523926,1.3783261],[103.7523118,1.3783178],[103.7523148,1.3782878],[103.752261,1.3782822],[103.752258,1.3783122],[103.7521716,1.3783033],[103.7521746,1.3782742],[103.7520912,1.3782656],[103.7520883,1.3782947],[103.7520016,1.3782858],[103.7520046,1.3782565],[103.7519644,1.3782524],[103.7519679,1.3782175],[103.7519409,1.3782147],[103.7519374,1.3782491],[103.7519228,1.3782475],[103.7519197,1.3782774],[103.7518358,1.3782687],[103.7518389,1.3782379],[103.751758,1.3782296],[103.7517549,1.3782604],[103.7516705,1.3782517],[103.7516737,1.3782209],[103.7516204,1.3782155],[103.7516173,1.3782462],[103.7515377,1.378238],[103.7515399,1.3782164],[103.7515109,1.3782134],[103.7515087,1.378235],[103.7514919,1.3782333]]]}},{"type":"Feature","properties":{"type":"HDB"},"geometry":{"type":"Polygon","coordinates":[[[103.7525214,1.378236],[103.752546,1.3782385],[103.7525475,1.378223],[103.7531783,1.3782881],[103.75323,1.3782725],[103.7532974,1.3782173],[103.7533046,1.3782262],[103.7533235,1.3782108],[103.7533906,1.3782937],[103.753313,1.3783547],[103.7533142,1.3783562],[103.7532834,1.3783815],[103.7532572,1.3783674],[103.7532072,1.3783828],[103.7531936,1.3784087],[103.7526689,1.3783546],[103.7526724,1.3783206],[103.7526477,1.378318],[103.7526442,1.3783521],[103.7525109,1.3783383],[103.7525214,1.378236]]]}},{"type":"Feature","properties":{"type":"HDB"},"geometry":{"type":"Polygon","coordinates":[[[103.7537255,1.3785782],[103.7536553,1.3784915],[103.753976,1.3782286],[103.7544875,1.3782816],[103.7544755,1.3783988],[103.7540039,1.3783499],[103.7537255,1.3785782]]]}},{"type":"Feature","properties":{"type":"HDB"},"geometry":{"type":"Polygon","coordinates":[[[103.7569699,1.3783084],[103.7569806,1.3782905],[103.7569551,1.3782752],[103.7569445,1.3782931],[103.7568773,1.3782526],[103.756882,1.3782448],[103.7568629,1.3782333],[103.7568582,1.3782411],[103.7567902,1.3782002],[103.7568005,1.3781829],[103.7567897,1.3781764],[103.7568267,1.3781142],[103.7568504,1.3781285],[103.7568563,1.3781185],[103.7569088,1.3781501],[103.7569142,1.378141],[103.7576455,1.3785814],[103.7576396,1.3785913],[103.7576918,1.3786227],[103.7576858,1.3786328],[103.7577121,1.3786486],[103.7576754,1.3787104],[103.7576623,1.3787025],[103.7576523,1.3787194],[103.7575842,1.3786783],[103.7575887,1.3786707],[103.7575696,1.3786591],[103.757565,1.3786668],[103.7574981,1.3786265],[103.7575086,1.3786088],[103.7574831,1.3785934],[103.7574726,1.3786111],[103.7573407,1.3785317],[103.7573512,1.3785142],[103.7573259,1.3784989],[103.7573154,1.3785165],[103.7571272,1.3784031],[103.7571378,1.3783852],[103.7571123,1.3783699],[103.7571017,1.3783877],[103.7569699,1.3783084]]]}},{"type":"Feature","properties":{"type":"HDB"},"geometry":{"type":"Polygon","coordinates":[[[103.7557724,1.3786083],[103.7556774,1.3785989],[103.7556792,1.3785809],[103.7556527,1.3785782],[103.7556508,1.3785962],[103.7555547,1.3785857],[103.7555593,1.3785315],[103.7555435,1.3785299],[103.7555467,1.3784984],[103.7555625,1.3785],[103.7555636,1.37849],[103.7556209,1.3784957],[103.7556255,1.3784548],[103.7555516,1.3784471],[103.7555547,1.3784168],[103.7555708,1.3784184],[103.7555784,1.378353],[103.7556734,1.3783629],[103.7556706,1.3783927],[103.7556973,1.3783951],[103.7556999,1.3783655],[103.7557964,1.3783755],[103.7557905,1.3784414],[103.7558067,1.3784432],[103.7558036,1.3784734],[103.7557302,1.3784654],[103.7557257,1.3785067],[103.7557993,1.3785145],[103.755796,1.3785461],[103.7557798,1.3785441],[103.7557724,1.3786083]]]}},{"type":"Feature","properties":{"type":"HDB"},"geometry":{"type":"Polygon","coordinates":[[[103.7517338,1.3785815],[103.7517593,1.3785841],[103.751761,1.3785677],[103.7523185,1.3786252],[103.7523267,1.3785455],[103.7522995,1.3785427],[103.7523123,1.3784177],[103.7523275,1.3784193],[103.7523301,1.3783941],[103.7524319,1.3784046],[103.7524183,1.3785375],[103.7524025,1.3785359],[103.7524001,1.3785593],[103.752416,1.3785609],[103.7523964,1.3787523],[103.7523228,1.3787447],[103.7523248,1.3787252],[103.7523018,1.3787228],[103.7522998,1.3787423],[103.7519079,1.3787019],[103.7519109,1.3786728],[103.7518607,1.3786676],[103.7518577,1.3786968],[103.7517234,1.3786829],[103.7517338,1.3785815]]]}},{"type":"Feature","properties":{"type":"HDB"},"geometry":{"type":"Polygon","coordinates":[[[103.7549945,1.3786311],[103.7550184,1.3786115],[103.7550027,1.3785922],[103.7549789,1.3786117],[103.7549269,1.3785474],[103.7549508,1.3785279],[103.7549368,1.3785107],[103.754913,1.3785302],[103.75486,1.3784646],[103.7548839,1.3784451],[103.7548688,1.3784265],[103.7548564,1.3784252],[103.7548534,1.3784543],[103.7546245,1.3784306],[103.7546272,1.3784047],[103.7546209,1.3784041],[103.7546234,1.3783804],[103.7546296,1.378381],[103.7546382,1.3782975],[103.7549223,1.378327],[103.7551963,1.378666],[103.7551671,1.3789521],[103.7551084,1.3789461],[103.7551096,1.3789336],[103.7550639,1.3789289],[103.7550654,1.3789146],[103.7550369,1.3789116],[103.7550454,1.3788285],[103.7550739,1.3788315],[103.7550765,1.378806],[103.755048,1.378803],[103.7550565,1.3787202],[103.755085,1.3787232],[103.7550864,1.3787093],[103.7550791,1.3786867],[103.7550721,1.3786781],[103.7550483,1.3786976],[103.7549945,1.3786311]]]}},{"type":"Feature","properties":{"type":"HDB"},"geometry":{"type":"Polygon","coordinates":[[[103.7531371,1.3787282],[103.7531408,1.3786925],[103.7531567,1.3786787],[103.7531986,1.3786831],[103.7532124,1.3786974],[103.7532085,1.3787356],[103.7533075,1.378746],[103.7533375,1.3787368],[103.7534281,1.3786629],[103.75343,1.3786376],[103.7534907,1.3785882],[103.7534957,1.3785944],[103.7534975,1.378593],[103.7535345,1.378639],[103.7535327,1.3786404],[103.7535369,1.3786457],[103.7535169,1.378662],[103.7535378,1.3786879],[103.7535358,1.3786895],[103.7535391,1.3786936],[103.7535312,1.3787],[103.753546,1.3787183],[103.7535344,1.3787278],[103.7535369,1.3787308],[103.7534932,1.3787665],[103.7534907,1.3787634],[103.7534791,1.3787728],[103.7534625,1.3787522],[103.753401,1.3788024],[103.7534067,1.3788214],[103.7533786,1.3788301],[103.7533795,1.3788333],[103.7533244,1.3788502],[103.7533235,1.378847],[103.7532992,1.3788544],[103.7532956,1.3788424],[103.7532175,1.3788343],[103.7532151,1.3788574],[103.7531978,1.3788556],[103.7531973,1.37886],[103.7531418,1.3788542],[103.7531422,1.3788498],[103.7531275,1.3788483],[103.7531299,1.3788251],[103.7530515,1.3788169],[103.7530491,1.3788401],[103.7530308,1.3788382],[103.7530303,1.3788425],[103.7529768,1.3788369],[103.7529773,1.3788326],[103.752962,1.378831],[103.7529644,1.3788078],[103.7528866,1.3787997],[103.7528842,1.3788228],[103.7527969,1.3788137],[103.7527993,1.3787905],[103.7527878,1.3787893],[103.7527888,1.3787798],[103.7527862,1.3787795],[103.7527893,1.3787493],[103.7527643,1.3787467],[103.7527635,1.3787392],[103.7527703,1.3786733],[103.7528502,1.3786816],[103.7528697,1.3787002],[103.7531371,1.3787282]]]}},{"type":"Feature","properties":{"type":"HDB"},"geometry":{"type":"Polygon","coordinates":[[[103.7571359,1.3789505],[103.7571072,1.3789661],[103.7569216,1.3786189],[103.7569279,1.3786155],[103.7569134,1.3785883],[103.7569886,1.3785477],[103.7569959,1.3785613],[103.7570133,1.3785519],[103.757052,1.3786242],[103.7570418,1.3786297],[103.7570525,1.3786498],[103.7570627,1.3786442],[103.7570996,1.3787134],[103.7570822,1.3787228],[103.7570963,1.3787491],[103.7571137,1.3787397],[103.7571864,1.3788757],[103.7571689,1.3788852],[103.7571754,1.3788972],[103.7572102,1.3788784],[103.7572055,1.3788696],[103.7572449,1.3788482],[103.7572496,1.378857],[103.7572601,1.3788513],[103.7572388,1.3788109],[103.7572601,1.3787993],[103.7572357,1.3787538],[103.7572704,1.378735],[103.7572763,1.3787461],[103.7573048,1.3787307],[103.7573465,1.3788087],[103.7573331,1.378816],[103.7573615,1.3788692],[103.757375,1.378862],[103.7574167,1.37894],[103.7573882,1.3789555],[103.7573942,1.3789668],[103.7573602,1.3789852],[103.7573357,1.3789393],[103.7573137,1.3789512],[103.7572848,1.3788971],[103.7572739,1.378903],[103.757286,1.3789256],[103.7572466,1.3789469],[103.7572347,1.3789246],[103.7572183,1.3789335],[103.7572434,1.3789807],[103.757222,1.3789923],[103.7572466,1.3790385],[103.7572123,1.3790571],[103.7572061,1.3790456],[103.7571774,1.3790612],[103.7571357,1.3789832],[103.7571494,1.3789758],[103.7571359,1.3789505]]]}},{"type":"Feature","properties":{"type":"HDB"},"geometry":{"type":"Polygon","coordinates":[[[103.7567011,1.3786699],[103.7567419,1.3787462],[103.7567276,1.378754],[103.7567571,1.3788092],[103.7567714,1.3788014],[103.7568123,1.3788779],[103.7567825,1.378894],[103.7567888,1.3789058],[103.7567561,1.3789235],[103.7567316,1.3788776],[103.7567103,1.3788892],[103.7566845,1.3788409],[103.7566681,1.3788498],[103.7566807,1.3788733],[103.7566345,1.3788984],[103.7566218,1.3788747],[103.75661,1.378881],[103.7566359,1.3789293],[103.7566144,1.3789409],[103.756639,1.3789869],[103.7566057,1.3790049],[103.7565994,1.378993],[103.7565701,1.3790089],[103.7565291,1.3789323],[103.7565432,1.3789247],[103.756514,1.3788698],[103.7564999,1.3788775],[103.756459,1.378801],[103.7565369,1.3787588],[103.7565637,1.3788088],[103.7565702,1.3788053],[103.7565877,1.3788381],[103.7565992,1.3788319],[103.7565814,1.3787985],[103.7566445,1.3787659],[103.7566358,1.3787496],[103.756657,1.3787381],[103.7566322,1.3786918],[103.7566653,1.3786739],[103.7566716,1.3786858],[103.7567011,1.3786699]]]}},{"type":"Feature","properties":{"type":"HDB"},"geometry":{"type":"Polygon","coordinates":[[[103.7508048,1.3788947],[103.7508254,1.3788968],[103.7508293,1.378859],[103.7508574,1.3788619],[103.7508594,1.3788426],[103.7508929,1.3788461],[103.7508935,1.37884],[103.7514826,1.3789008],[103.751482,1.3789063],[103.7515163,1.3789098],[103.7515143,1.3789293],[103.7515429,1.3789322],[103.751539,1.3789701],[103.7515593,1.3789721],[103.7515516,1.3790482],[103.751535,1.3790465],[103.7515372,1.3790253],[103.7515074,1.3790223],[103.7515052,1.3790434],[103.7514254,1.3790352],[103.7514285,1.379005],[103.7513999,1.379002],[103.7513968,1.3790323],[103.7513112,1.3790235],[103.7513141,1.3789957],[103.751273,1.3789914],[103.7512766,1.3789565],[103.7512496,1.3789538],[103.7512461,1.3789883],[103.751231,1.3789867],[103.7512281,1.3790149],[103.7511432,1.3790061],[103.7511463,1.3789766],[103.7510648,1.3789682],[103.7510618,1.3789977],[103.7509767,1.378989],[103.7509799,1.3789581],[103.7509259,1.3789525],[103.7509228,1.3789834],[103.7508425,1.3789751],[103.7508447,1.3789537],[103.7508154,1.3789506],[103.7508132,1.3789721],[103.7507971,1.3789704],[103.7508048,1.3788947]]]}},{"type":"Feature","properties":{"type":"HDB"},"geometry":{"type":"Polygon","coordinates":[[[103.755944,1.3790736],[103.7558496,1.3790638],[103.7558514,1.3790459],[103.7558245,1.3790431],[103.7558227,1.3790611],[103.7557279,1.3790514],[103.7557336,1.3789863],[103.7557174,1.3789847],[103.7557205,1.3789538],[103.7558101,1.3789638],[103.7558146,1.3789228],[103.7557244,1.3789137],[103.7557276,1.3788825],[103.7557443,1.3788842],[103.7557515,1.3788187],[103.7558502,1.3788296],[103.7558484,1.3788476],[103.7558752,1.3788503],[103.7558771,1.3788323],[103.7559688,1.3788413],[103.7559629,1.3789067],[103.755979,1.3789084],[103.7559759,1.3789384],[103.7558866,1.3789284],[103.7558822,1.3789703],[103.7559718,1.3789798],[103.7559686,1.3790106],[103.7559525,1.3790087],[103.755944,1.3790736]]]}},{"type":"Feature","properties":{"type":"HDB"},"geometry":{"type":"Polygon","coordinates":[[[103.7504763,1.378414],[103.7504931,1.3784157],[103.750491,1.3784373],[103.7505199,1.3784403],[103.7505221,1.3784187],[103.7506018,1.3784269],[103.7505986,1.3784576],[103.7506518,1.3784632],[103.750655,1.3784324],[103.7507394,1.3784411],[103.7507362,1.3784719],[103.7508171,1.3784802],[103.7508202,1.3784495],[103.7509042,1.3784581],[103.7509012,1.3784879],[103.7509158,1.3784894],[103.7509123,1.3785238],[103.7509393,1.3785266],[103.7509429,1.3784917],[103.7509831,1.3784959],[103.7509861,1.3784665],[103.7510727,1.3784755],[103.7510698,1.3785046],[103.7511531,1.3785132],[103.7511561,1.3784841],[103.7512424,1.378493],[103.7512394,1.378523],[103.7512932,1.3785286],[103.7512962,1.3784985],[103.751377,1.3785069],[103.7513749,1.3785279],[103.7514047,1.378531],[103.7514069,1.3785099],[103.7514239,1.3785117],[103.7514162,1.3785873],[103.7513956,1.3785852],[103.7513917,1.378623],[103.7513626,1.37862],[103.7513606,1.3786397],[103.7513264,1.3786362],[103.7513258,1.3786419],[103.7505436,1.3785613],[103.7505442,1.3785552],[103.7505112,1.3785518],[103.7505132,1.3785323],[103.7504853,1.3785294],[103.7504892,1.3784917],[103.7504686,1.3784896],[103.7504763,1.378414]]]}},{"type":"Feature","properties":{"type":"HDB"},"geometry":{"type":"Polygon","coordinates":[[[103.7498161,1.3783749],[103.7498607,1.3784756],[103.7496864,1.3785543],[103.7496819,1.3785441],[103.7496585,1.3785546],[103.749663,1.3785648],[103.7495809,1.3786019],[103.7495551,1.3785439],[103.7495149,1.378562],[103.7495281,1.3785918],[103.749524,1.3785936],[103.7495304,1.3786081],[103.7495455,1.3786179],[103.7496071,1.3787561],[103.7495859,1.3787653],[103.7495929,1.3787812],[103.7496022,1.378777],[103.7496388,1.3788037],[103.7496376,1.3788149],[103.7496568,1.3788167],[103.749659,1.3787946],[103.7498255,1.3788118],[103.7498143,1.3789215],[103.7496204,1.3789015],[103.7495187,1.3788276],[103.7494006,1.3785623],[103.7498161,1.3783749]]]}},{"type":"Feature","properties":{"type":"HDB"},"geometry":{"type":"Polygon","coordinates":[[[103.7499762,1.3787609],[103.7500005,1.3787634],[103.750002,1.3787481],[103.7506888,1.3788189],[103.7506872,1.3788344],[103.7507113,1.3788369],[103.7507009,1.3789393],[103.7505673,1.3789255],[103.7505708,1.378891],[103.7505463,1.3788884],[103.7505427,1.378923],[103.7501506,1.3788825],[103.7501534,1.3788556],[103.7501015,1.3788502],[103.7500988,1.3788772],[103.7499658,1.3788635],[103.7499762,1.3787609]]]}},{"type":"Feature","properties":{"type":"HDB"},"geometry":{"type":"Polygon","coordinates":[[[103.7480418,1.379286],[103.7480318,1.3792637],[103.7480355,1.379262],[103.7480003,1.3791828],[103.7480654,1.3791534],[103.7480585,1.3791384],[103.7481168,1.3791121],[103.7481236,1.3791272],[103.7482529,1.3790688],[103.7482457,1.3790538],[103.7483044,1.3790274],[103.7483112,1.3790426],[103.7483766,1.379013],[103.7484119,1.3790923],[103.7484156,1.3790906],[103.7484255,1.3791129],[103.7480418,1.379286]]]}},{"type":"Feature","properties":{"type":"HDB"},"geometry":{"type":"Polygon","coordinates":[[[103.7499403,1.3791133],[103.750868,1.379209],[103.7508568,1.3793187],[103.7506664,1.3792991],[103.7506674,1.3792899],[103.7506424,1.3792873],[103.7506415,1.3792965],[103.7502656,1.3792578],[103.7502675,1.3792391],[103.750215,1.3792337],[103.7502167,1.3792527],[103.7499291,1.3792231],[103.7499403,1.3791133]]]}},{"type":"Feature","properties":{"type":"HDB"},"geometry":{"type":"Polygon","coordinates":[[[103.7485684,1.3793812],[103.7483784,1.3794669],[103.7483912,1.3794958],[103.7483486,1.379515],[103.7483357,1.3794862],[103.7481457,1.3795719],[103.7481677,1.3796214],[103.7480816,1.3796602],[103.748045,1.379578],[103.7481017,1.3795524],[103.7480825,1.3795091],[103.7480258,1.3795347],[103.7479539,1.3793735],[103.7480104,1.3793477],[103.7479914,1.3793051],[103.7479349,1.3793306],[103.7478983,1.3792484],[103.7480073,1.3791992],[103.7480352,1.3792619],[103.7480256,1.3792663],[103.7481142,1.3794652],[103.7485102,1.3792865],[103.7484217,1.3790877],[103.748412,1.379092],[103.7483841,1.3790292],[103.7484932,1.3789801],[103.7485297,1.3790621],[103.7484733,1.3790874],[103.7484925,1.3791306],[103.7485489,1.3791052],[103.7486208,1.3792667],[103.7485644,1.3792919],[103.7485836,1.379335],[103.7486399,1.3793097],[103.7486765,1.3793919],[103.7485904,1.3794308],[103.7485684,1.3793812]]]}},{"type":"Feature","properties":{"type":"HDB"},"geometry":{"type":"Polygon","coordinates":[[[103.7493605,1.3797859],[103.7491706,1.3793596],[103.7491682,1.3793607],[103.7491333,1.3792823],[103.7495882,1.379077],[103.7497821,1.379097],[103.7497709,1.3792068],[103.7496062,1.3791898],[103.7496083,1.3791654],[103.7495873,1.3791624],[103.7495645,1.3791727],[103.7495737,1.3791933],[103.7495773,1.3791916],[103.7495815,1.3792009],[103.7493192,1.3793193],[103.7493099,1.3792982],[103.7492632,1.3793192],[103.7492675,1.379329],[103.749251,1.3793364],[103.7492526,1.3793399],[103.7492235,1.379353],[103.7492428,1.3793963],[103.7492963,1.3793721],[103.7493729,1.379544],[103.749365,1.3795476],[103.7493748,1.3795696],[103.7493827,1.3795661],[103.7494604,1.3797406],[103.7493605,1.3797859]]]}},{"type":"Feature","properties":{"type":"HDB"},"geometry":{"type":"Polygon","coordinates":[[[103.7478545,1.3793704],[103.7473949,1.3795777],[103.747399,1.3795868],[103.7473752,1.3795975],[103.7473928,1.3796372],[103.7473338,1.3796638],[103.7472669,1.3795136],[103.7473295,1.3794853],[103.7473213,1.3794672],[103.7473584,1.3794505],[103.7473664,1.3794687],[103.7474941,1.3794111],[103.7474861,1.3793931],[103.747546,1.3793661],[103.747554,1.3793841],[103.7476812,1.3793267],[103.7476733,1.3793087],[103.7477335,1.3792816],[103.7477414,1.3792996],[103.7478057,1.3792706],[103.7478409,1.3793498],[103.7478446,1.3793482],[103.7478545,1.3793704]]]}},{"type":"Feature","properties":{"type":"HDB"},"geometry":{"type":"Polygon","coordinates":[[[103.7496915,1.37933],[103.7503457,1.3793975],[103.7503141,1.3797069],[103.7496599,1.3796395],[103.7496915,1.37933]]]}},{"type":"Feature","properties":{"type":"HDB"},"geometry":{"type":"Polygon","coordinates":[[[103.7487159,1.3794804],[103.7487707,1.3796034],[103.7487408,1.3796171],[103.7487507,1.3796392],[103.7487806,1.3796257],[103.7488352,1.3797482],[103.7488097,1.3797595],[103.7488309,1.3798072],[103.7488564,1.3797958],[103.7488713,1.3798293],[103.7488578,1.3798355],[103.7488795,1.3798841],[103.748893,1.379878],[103.7489107,1.3799179],[103.7488262,1.379956],[103.7488086,1.3799162],[103.7488127,1.3799144],[103.7488021,1.3798907],[103.7487594,1.37991],[103.7487698,1.3799335],[103.748774,1.3799316],[103.7487917,1.3799716],[103.7487074,1.3800096],[103.7486895,1.3799695],[103.7486994,1.3799654],[103.7486778,1.3799168],[103.748668,1.3799212],[103.7486523,1.3798858],[103.7487482,1.3798425],[103.7486184,1.379551],[103.7486297,1.3795462],[103.7486197,1.3795238],[103.7487159,1.3794804]]]}},{"type":"Feature","properties":{"type":"HDB"},"geometry":{"type":"Polygon","coordinates":[[[103.7433217,1.3776149],[103.7428493,1.3775815],[103.7428832,1.377097],[103.7431152,1.3771134],[103.7431165,1.3770945],[103.7433568,1.3771115],[103.7433217,1.3776149]]]}},{"type":"Feature","properties":{"type":"HDB"},"geometry":{"type":"Polygon","coordinates":[[[103.7438035,1.3777505],[103.7438035,1.3770678],[103.744078,1.3770678],[103.744078,1.3777506],[103.7438035,1.3777505]]]}},{"type":"Feature","properties":{"type":"HDB"},"geometry":{"type":"Polygon","coordinates":[[[103.7432773,1.3779731],[103.7431846,1.3779665],[103.7431879,1.3779183],[103.7431718,1.3779171],[103.7431779,1.3778288],[103.7431159,1.3778244],[103.743109,1.3778413],[103.7430934,1.3778577],[103.7430725,1.3778662],[103.74305,1.3778657],[103.743049,1.37788],[103.7429795,1.3778751],[103.7429836,1.3778155],[103.7429207,1.377811],[103.742919,1.3778358],[103.7429431,1.3778375],[103.7429385,1.3779039],[103.7428659,1.3778988],[103.7428673,1.3778793],[103.7428292,1.3778766],[103.7428328,1.3778244],[103.7428593,1.3778262],[103.7428623,1.377782],[103.7428359,1.3777802],[103.7428422,1.3776891],[103.7428593,1.3776903],[103.7428602,1.3776767],[103.7429333,1.3776819],[103.7429287,1.3777475],[103.7429547,1.3777493],[103.7429541,1.3777577],[103.7429622,1.3777583],[103.7429644,1.3777266],[103.7430012,1.3777157],[103.7430392,1.3777107],[103.743052,1.3777103],[103.7430487,1.3777576],[103.7430837,1.37776],[103.7430869,1.3777129],[103.7431244,1.3777212],[103.7431714,1.3777413],[103.7431692,1.3777729],[103.7431773,1.3777735],[103.7431781,1.3777619],[103.7432041,1.3777638],[103.7432067,1.377726],[103.7433009,1.3777327],[103.7432998,1.3777476],[103.7433128,1.3777485],[103.7433077,1.3778225],[103.7432355,1.3778173],[103.743232,1.3778669],[103.7432625,1.3778691],[103.7432751,1.3779178],[103.7432773,1.3779731]]]}},{"type":"Feature","properties":{"type":"HDB"},"geometry":{"type":"Polygon","coordinates":[[[103.7429332,1.3781731],[103.7429355,1.3781415],[103.7429274,1.3781409],[103.7429268,1.3781493],[103.7429009,1.3781471],[103.7428962,1.378213],[103.7428232,1.3782078],[103.7428242,1.3781943],[103.7428071,1.3781931],[103.7428135,1.378102],[103.7428399,1.3781039],[103.742843,1.3780596],[103.7428166,1.3780578],[103.7428202,1.3780054],[103.7428583,1.3780081],[103.7428596,1.3779888],[103.7429322,1.3779939],[103.7429276,1.3780602],[103.7429034,1.3780585],[103.7429017,1.3780833],[103.7429647,1.3780878],[103.7429688,1.3780282],[103.7430373,1.378033],[103.7430363,1.3780473],[103.7430591,1.3780498],[103.743079,1.3780613],[103.7430925,1.37808],[103.7430968,1.3780975],[103.7431589,1.3781019],[103.7431651,1.3780137],[103.7431812,1.3780148],[103.7431846,1.3779665],[103.7432773,1.3779731],[103.7432674,1.3780275],[103.7432482,1.3780739],[103.7432178,1.3780718],[103.7432143,1.3781213],[103.7432864,1.3781264],[103.7432813,1.3782004],[103.7432683,1.3781995],[103.7432673,1.3782144],[103.7431731,1.3782077],[103.7431758,1.37817],[103.7431498,1.3781681],[103.7431506,1.3781567],[103.7431425,1.3781561],[103.7431403,1.3781878],[103.7431035,1.3781986],[103.7430655,1.3782036],[103.7430527,1.3782039],[103.743056,1.3781568],[103.743021,1.3781543],[103.7430178,1.3782015],[103.7429682,1.378189],[103.7429332,1.3781731]]]}},{"type":"Feature","properties":{"type":"HDB"},"geometry":{"type":"Polygon","coordinates":[[[103.7441526,1.3782365],[103.7441502,1.3782471],[103.7441582,1.3782476],[103.7441485,1.3782914],[103.7440461,1.3782841],[103.7440509,1.378243],[103.7440129,1.3782403],[103.7440112,1.3782814],[103.7437949,1.3782664],[103.7437931,1.378224],[103.7438019,1.3782243],[103.7438015,1.3782139],[103.7437926,1.3782133],[103.7437906,1.3781655],[103.7438315,1.3781683],[103.7438302,1.37819],[103.7438542,1.3781917],[103.7438557,1.3781701],[103.7439197,1.3781745],[103.7439193,1.3781806],[103.7440009,1.3781847],[103.7440076,1.3781566],[103.7439811,1.3781506],[103.7439924,1.3780997],[103.7439788,1.3780967],[103.7439914,1.37804],[103.7440125,1.3780447],[103.7440177,1.3780213],[103.7439966,1.3780165],[103.744004,1.3779834],[103.7441013,1.3780053],[103.744071,1.3781417],[103.7440921,1.3781464],[103.7440858,1.3781746],[103.7440646,1.3781698],[103.7440598,1.3781913],[103.7441692,1.3781985],[103.7441606,1.378237],[103.7441526,1.3782365]]]}},{"type":"Feature","properties":{"type":"HDB"},"geometry":{"type":"Polygon","coordinates":[[[103.7447714,1.3785175],[103.7447263,1.3784186],[103.7447709,1.3783985],[103.7447678,1.3783922],[103.7447949,1.37838],[103.7447976,1.378386],[103.7448787,1.3783493],[103.744876,1.3783433],[103.7449035,1.3783309],[103.7449061,1.3783368],[103.7449374,1.3783226],[103.7449349,1.3783167],[103.745071,1.3782552],[103.7450739,1.3782618],[103.7450911,1.378254],[103.7450997,1.3782733],[103.7451363,1.3782568],[103.7451417,1.3782689],[103.7451629,1.3782593],[103.7451503,1.3782312],[103.7451445,1.3782338],[103.7451324,1.3782065],[103.7451357,1.3782051],[103.7451104,1.3781484],[103.7451068,1.3781499],[103.7450947,1.3781227],[103.7450999,1.3781204],[103.7450923,1.3781032],[103.7451062,1.3780969],[103.7451004,1.3780837],[103.7450859,1.3780821],[103.7450844,1.3780973],[103.7450654,1.3780954],[103.7450649,1.3781006],[103.7450353,1.3780976],[103.7450358,1.3780926],[103.7449741,1.3780863],[103.7449736,1.3780913],[103.7449439,1.3780882],[103.7449444,1.3780833],[103.7448826,1.378077],[103.744882,1.3780819],[103.7448529,1.3780789],[103.7448534,1.3780744],[103.7447873,1.3780676],[103.744804,1.3780372],[103.7448122,1.3780381],[103.7448136,1.3780249],[103.744797,1.3780229],[103.7448221,1.377977],[103.7448438,1.3779792],[103.7448456,1.3779618],[103.7451635,1.3779944],[103.7453151,1.3783342],[103.7452241,1.3783753],[103.7452112,1.3783458],[103.7452308,1.3783369],[103.7452209,1.3783146],[103.7447714,1.3785175]]]}},{"type":"Feature","properties":{"type":"HDB"},"geometry":{"type":"Polygon","coordinates":[[[103.7445539,1.3782374],[103.7445627,1.3782335],[103.7445776,1.3782671],[103.7445896,1.3782617],[103.7446082,1.3783034],[103.7446129,1.3783013],[103.7446251,1.3783287],[103.7446204,1.3783308],[103.7446351,1.3783638],[103.7446398,1.3783617],[103.7446522,1.3783894],[103.7446471,1.3783914],[103.7446839,1.3784738],[103.7446889,1.3784715],[103.7447012,1.3784991],[103.7446962,1.3785013],[103.744722,1.378559],[103.7447269,1.3785568],[103.7447391,1.3785842],[103.7447343,1.3785863],[103.7447409,1.3786012],[103.7447457,1.378599],[103.7447588,1.3786283],[103.7447093,1.3786506],[103.7447048,1.3786407],[103.7446874,1.3786485],[103.7446921,1.378659],[103.7446539,1.3786757],[103.7444796,1.378285],[103.7444461,1.3782811],[103.7444426,1.378316],[103.7443206,1.3783035],[103.7443297,1.3782629],[103.7443372,1.3782636],[103.74434,1.3782523],[103.7443322,1.3782515],[103.7443426,1.3782049],[103.7443722,1.3782079],[103.7443698,1.3782294],[103.7443938,1.3782319],[103.744396,1.3782102],[103.7444506,1.3782159],[103.7445993,1.3779439],[103.7446133,1.3779522],[103.7446237,1.3779333],[103.744675,1.3779386],[103.7446675,1.3779528],[103.7446795,1.3779594],[103.7446833,1.3779524],[103.7447187,1.3779562],[103.7446867,1.3780147],[103.7446906,1.3780169],[103.7446765,1.3780428],[103.7446716,1.3780399],[103.7446286,1.3781186],[103.7446336,1.3781213],[103.7446195,1.3781472],[103.7446146,1.3781447],[103.7445976,1.3781756],[103.7446024,1.3781783],[103.7445882,1.3782044],[103.7445831,1.3782015],[103.744574,1.3782181],[103.7445608,1.3782108],[103.7445503,1.3782293],[103.7445539,1.3782374]]]}},{"type":"Feature","properties":{"type":"HDB"},"geometry":{"type":"Polygon","coordinates":[[[103.7447768,1.3789904],[103.7446644,1.3787384],[103.7451603,1.3785142],[103.7452037,1.3786116],[103.7451414,1.3786397],[103.7451774,1.3787203],[103.7451539,1.3788199],[103.7447768,1.3789904]]]}},{"type":"Feature","properties":{"type":"HDB"},"geometry":{"type":"Polygon","coordinates":[[[103.7431294,1.3788585],[103.7431244,1.3788595],[103.7431239,1.378857],[103.7431053,1.3788607],[103.7431058,1.3788632],[103.743101,1.3788641],[103.7430997,1.3788572],[103.7430176,1.3788732],[103.7430223,1.3788975],[103.7430598,1.3788901],[103.7430812,1.3790011],[103.7429779,1.3790212],[103.7429307,1.3787763],[103.7427104,1.3787608],[103.742718,1.3786516],[103.7428112,1.3786582],[103.7428102,1.3786722],[103.7428721,1.3786766],[103.7428731,1.3786625],[103.7429788,1.37867],[103.7429861,1.3787077],[103.7429766,1.3787071],[103.7429841,1.3787458],[103.7429936,1.3787465],[103.7430009,1.3787843],[103.7430823,1.3787684],[103.7430799,1.3787558],[103.7430846,1.3787549],[103.7430852,1.3787578],[103.7431038,1.3787542],[103.7431032,1.3787512],[103.7431085,1.3787502],[103.7431157,1.3787875],[103.7431305,1.3787846],[103.743137,1.3788185],[103.7431223,1.3788213],[103.7431294,1.3788585]]]}},{"type":"Feature","properties":{"type":"HDB"},"geometry":{"type":"Polygon","coordinates":[[[103.7461194,1.3791065],[103.7461072,1.379079],[103.7461125,1.3790767],[103.7461047,1.3790593],[103.7461163,1.3790541],[103.7460979,1.3790103],[103.7459153,1.3790557],[103.745917,1.3790627],[103.7458132,1.3790885],[103.745789,1.3789902],[103.7460418,1.3789274],[103.7460498,1.3789682],[103.746087,1.3789589],[103.7460757,1.378919],[103.7461729,1.3788948],[103.7462042,1.3789652],[103.7461847,1.3789701],[103.746337,1.3793119],[103.7462164,1.3793663],[103.7462011,1.3793274],[103.746166,1.3793432],[103.7461845,1.3793806],[103.7459671,1.3794786],[103.745926,1.3793862],[103.7460236,1.3793422],[103.7460265,1.3793488],[103.7462103,1.3792659],[103.746192,1.379225],[103.7461798,1.3792305],[103.7461722,1.3792135],[103.746168,1.3792155],[103.7461557,1.379188],[103.7461605,1.3791859],[103.7461242,1.3791043],[103.7461194,1.3791065]]]}},{"type":"Feature","properties":{"type":"HDB"},"geometry":{"type":"Polygon","coordinates":[[[103.7397045,1.3781964],[103.7397384,1.3782192],[103.739752,1.3781987],[103.7397183,1.3781759],[103.7397927,1.3780648],[103.73988,1.3781241],[103.7398669,1.3781437],[103.7398793,1.3781523],[103.7398182,1.3782435],[103.7397944,1.3782274],[103.7397808,1.3782477],[103.7398045,1.3782638],[103.7397072,1.378409],[103.739695,1.3784006],[103.7396819,1.3784199],[103.7395945,1.3783605],[103.7397045,1.3781964]]]}},{"type":"Feature","properties":{"type":"HDB"},"geometry":{"type":"Polygon","coordinates":[[[103.7368638,1.3780707],[103.7369762,1.3780955],[103.7369726,1.3781119],[103.7369963,1.3781171],[103.7369999,1.3781007],[103.7370254,1.3781063],[103.7370212,1.3781256],[103.7370371,1.3781291],[103.7370407,1.3781123],[103.7371695,1.3781408],[103.7371659,1.3781575],[103.7371816,1.3781609],[103.7371858,1.3781417],[103.7372359,1.3781527],[103.7372317,1.378172],[103.7372476,1.3781755],[103.7372512,1.3781588],[103.7373579,1.378184],[103.7373604,1.3781727],[103.7374069,1.378183],[103.737387,1.3782741],[103.7373677,1.3782698],[103.7373644,1.3782847],[103.7373838,1.378289],[103.7373789,1.3783118],[103.7373677,1.3783094],[103.7373624,1.3783334],[103.7373736,1.3783358],[103.737349,1.3784489],[103.7372551,1.3784282],[103.737264,1.378387],[103.7372832,1.3783913],[103.7372865,1.3783764],[103.7372673,1.3783721],[103.7372899,1.3782683],[103.7369832,1.3782007],[103.7369815,1.3782085],[103.7370058,1.3782138],[103.7369961,1.378258],[103.7369718,1.3782527],[103.7369688,1.3782669],[103.7369965,1.3782731],[103.7369923,1.3782923],[103.7370081,1.3782958],[103.7370123,1.3782765],[103.7370517,1.3782852],[103.7370315,1.3783779],[103.7368076,1.3783286],[103.7368278,1.3782358],[103.7368675,1.3782446],[103.7368634,1.3782639],[103.7368789,1.3782673],[103.7368831,1.378248],[103.7369155,1.3782552],[103.7369179,1.3782443],[103.7369,1.3782404],[103.7369111,1.3781894],[103.736929,1.3781933],[103.7369313,1.3781826],[103.7368989,1.3781755],[103.7369031,1.378156],[103.7368876,1.3781525],[103.7368833,1.378172],[103.7368436,1.3781633],[103.7368638,1.3780707]]]}},{"type":"Feature","properties":{"type":"HDB"},"geometry":{"type":"Polygon","coordinates":[[[103.740576,1.3784937],[103.7406405,1.3784983],[103.7406386,1.3785263],[103.7411996,1.3785658],[103.7411985,1.3785824],[103.7412228,1.3785841],[103.7412215,1.3786028],[103.741275,1.3786066],[103.7412771,1.3785769],[103.7412548,1.3785754],[103.7412565,1.378551],[103.741245,1.3785498],[103.7412478,1.3785091],[103.7413572,1.3785168],[103.7413449,1.3786939],[103.7413189,1.378692],[103.7413177,1.3787092],[103.741271,1.3787059],[103.7412727,1.3786815],[103.7405664,1.3786317],[103.740576,1.3784937]]]}},{"type":"Feature","properties":{"type":"HDB"},"geometry":{"type":"Polygon","coordinates":[[[103.7376078,1.37827],[103.7383377,1.3787658],[103.7382805,1.3788512],[103.7382979,1.378863],[103.7382822,1.3788865],[103.7382647,1.3788746],[103.7381806,1.379],[103.7375632,1.3785806],[103.7375873,1.3785446],[103.7375315,1.3785067],[103.7375395,1.3784947],[103.7374829,1.3784563],[103.7376078,1.37827]]]}},{"type":"Feature","properties":{"type":"HDB"},"geometry":{"type":"Polygon","coordinates":[[[103.7401216,1.3787514],[103.7400869,1.378803],[103.7400351,1.3787678],[103.7400089,1.3788069],[103.7400607,1.3788421],[103.7400105,1.3789171],[103.7397531,1.3787423],[103.7397378,1.3787652],[103.7397125,1.378748],[103.7397278,1.3787252],[103.7395833,1.378627],[103.7395679,1.3786499],[103.7395426,1.3786327],[103.7395579,1.3786098],[103.7394682,1.3785489],[103.7395184,1.378474],[103.7395723,1.3785104],[103.7395984,1.3784715],[103.7395446,1.3784349],[103.7395943,1.3783607],[103.7396741,1.3784149],[103.7396505,1.3784498],[103.7396632,1.3784584],[103.7396229,1.3785187],[103.7399827,1.3787629],[103.7400163,1.3787127],[103.740029,1.3787213],[103.7400506,1.3786891],[103.7401232,1.3786942],[103.74012,1.3787408],[103.7401156,1.3787473],[103.7401216,1.3787514]]]}},{"type":"Feature","properties":{"type":"HDB"},"geometry":{"type":"Polygon","coordinates":[[[103.7386092,1.3787211],[103.7383144,1.3785208],[103.7382441,1.3786258],[103.7381651,1.3785721],[103.7382038,1.3785164],[103.7382169,1.3785254],[103.7382259,1.3785119],[103.7382095,1.3785007],[103.7382412,1.3784534],[103.7382577,1.3784646],[103.7382663,1.3784518],[103.7382522,1.3784422],[103.7382917,1.3783833],[103.7383289,1.3784085],[103.7383205,1.3784211],[103.7383934,1.3784707],[103.7384004,1.3784602],[103.7384566,1.3784984],[103.7384471,1.3785126],[103.7384598,1.3785212],[103.7384707,1.3785048],[103.7385134,1.3785339],[103.7385025,1.3785502],[103.7385158,1.3785592],[103.7385253,1.378545],[103.7386354,1.3786198],[103.7386259,1.378634],[103.7386384,1.3786425],[103.7386494,1.3786262],[103.7386714,1.3786411],[103.738662,1.3786551],[103.7386818,1.3786685],[103.7386911,1.3786545],[103.7387863,1.3787192],[103.7387336,1.3787979],[103.7387066,1.3787796],[103.7387082,1.3787773],[103.7387007,1.3787722],[103.7387102,1.378758],[103.7386977,1.3787495],[103.7386866,1.378766],[103.7386591,1.3787472],[103.738651,1.3787592],[103.7386662,1.3787695],[103.7386435,1.3788034],[103.7386283,1.378793],[103.7386178,1.3788088],[103.7386453,1.3788274],[103.7386341,1.378844],[103.7386468,1.3788526],[103.7386564,1.3788383],[103.7386639,1.3788434],[103.7386654,1.3788411],[103.7386923,1.3788594],[103.7386395,1.3789381],[103.7384496,1.378809],[103.7385024,1.3787304],[103.7385294,1.3787488],[103.7385279,1.378751],[103.7385352,1.3787559],[103.7385257,1.3787701],[103.7385384,1.3787788],[103.7385495,1.3787624],[103.7385715,1.3787773],[103.7385795,1.3787653],[103.7385605,1.3787524],[103.7385858,1.3787147],[103.7386048,1.3787276],[103.7386092,1.3787211]]]}},{"type":"Feature","properties":{"type":"HDB"},"geometry":{"type":"Polygon","coordinates":[[[103.7372464,1.3785435],[103.737356,1.3785452],[103.737356,1.3785337],[103.7374036,1.3785337],[103.7374036,1.3786269],[103.7373838,1.3786269],[103.7373838,1.3786423],[103.7374036,1.3786423],[103.7374036,1.3786656],[103.7373921,1.3786656],[103.7373921,1.3786902],[103.7374036,1.3786902],[103.7374035,1.3788059],[103.7373074,1.3788059],[103.7373074,1.3787638],[103.7373271,1.3787638],[103.7373271,1.3787485],[103.7373074,1.3787485],[103.7373074,1.3786422],[103.7369935,1.3786421],[103.7369935,1.3786501],[103.7370183,1.3786501],[103.7370183,1.3786954],[103.7369934,1.3786954],[103.7369934,1.3787099],[103.7370218,1.3787099],[103.7370218,1.3787299],[103.737038,1.3787299],[103.737038,1.3787099],[103.7370783,1.3787099],[103.7370783,1.3788049],[103.7368491,1.3788049],[103.7368492,1.3787099],[103.7368898,1.3787099],[103.7368898,1.3787296],[103.7369057,1.3787296],[103.7369057,1.3787099],[103.736939,1.3787099],[103.736939,1.3786988],[103.7369206,1.3786988],[103.7369206,1.3786466],[103.736939,1.3786466],[103.736939,1.3786357],[103.7369057,1.3786357],[103.7369057,1.3786156],[103.7368898,1.3786156],[103.7368898,1.3786357],[103.7368492,1.3786356],[103.7368492,1.3785408],[103.7369643,1.3785408],[103.7369643,1.3785576],[103.7369885,1.3785576],[103.7369885,1.3785408],[103.7370146,1.3785408],[103.7370146,1.3785606],[103.7370309,1.3785606],[103.7370309,1.3785435],[103.7371628,1.3785435],[103.7371628,1.3785607],[103.7371789,1.3785607],[103.7371789,1.3785408],[103.7372302,1.3785409],[103.7372302,1.3785607],[103.7372464,1.3785607],[103.7372464,1.3785435]]]}},{"type":"Feature","properties":{"type":"HDB"},"geometry":{"type":"Polygon","coordinates":[[[103.742508,1.3786368],[103.7425072,1.3786493],[103.7425688,1.3786537],[103.7425696,1.3786411],[103.7426632,1.3786477],[103.7426556,1.3787569],[103.7422598,1.378729],[103.742248,1.3788991],[103.7421395,1.3788914],[103.742146,1.3787968],[103.7421597,1.3787978],[103.7421641,1.3787351],[103.7421503,1.3787342],[103.7421583,1.3786199],[103.7422161,1.378624],[103.7422157,1.3786291],[103.7422322,1.3786303],[103.7422325,1.3786251],[103.7422514,1.3786265],[103.7422489,1.3786619],[103.7422735,1.3786637],[103.7422794,1.3785784],[103.7422677,1.3785775],[103.742268,1.3785725],[103.7422702,1.3785726],[103.7422697,1.3785484],[103.7423074,1.378551],[103.7423084,1.3785362],[103.7423424,1.3785386],[103.7423414,1.3785536],[103.742379,1.3785562],[103.7423787,1.3785612],[103.742376,1.378561],[103.7423747,1.3785803],[103.7423774,1.3785805],[103.742377,1.3785854],[103.7423696,1.3785849],[103.7423624,1.3786883],[103.7423991,1.3786909],[103.7424003,1.3786729],[103.7423944,1.3786725],[103.7423974,1.378629],[103.742508,1.3786368]]]}},{"type":"Feature","properties":{"type":"HDB"},"geometry":{"type":"Polygon","coordinates":[[[103.7417146,1.3788107],[103.7417281,1.3788117],[103.7417517,1.3784725],[103.7420255,1.3784918],[103.7419875,1.3790376],[103.7417002,1.3790173],[103.7417146,1.3788107]]]}},{"type":"Feature","properties":{"type":"HDB"},"geometry":{"type":"Polygon","coordinates":[[[103.7414487,1.3793047],[103.7414865,1.379307],[103.7414882,1.3792826],[103.7414504,1.37928],[103.7414688,1.379016],[103.7414968,1.379018],[103.7415004,1.3789656],[103.7414725,1.3789636],[103.7414817,1.3787972],[103.741484,1.3787974],[103.7414999,1.3785693],[103.7415302,1.3785714],[103.7415319,1.378547],[103.7415016,1.3785448],[103.7415067,1.3784718],[103.7416967,1.3784852],[103.7416916,1.3785592],[103.741619,1.3785541],[103.741567,1.3792959],[103.7416207,1.3792997],[103.7416227,1.3792714],[103.7419033,1.3792912],[103.7419022,1.3793065],[103.7419264,1.3793081],[103.7419192,1.379411],[103.7417857,1.3794016],[103.7417888,1.3793633],[103.7417642,1.3793616],[103.7417618,1.3793999],[103.7414436,1.3793775],[103.7414487,1.3793047]]]}},{"type":"Feature","properties":{"type":"HDB"},"geometry":{"type":"Polygon","coordinates":[[[103.7403529,1.3791736],[103.7402751,1.3791207],[103.7402647,1.3790992],[103.7402287,1.3791168],[103.7402153,1.3790892],[103.74024,1.3790771],[103.740228,1.3790525],[103.7402462,1.3787857],[103.7406186,1.3788124],[103.740609,1.3789504],[103.7405445,1.3789459],[103.7405463,1.3789197],[103.7403819,1.3789082],[103.740383,1.3788918],[103.7403643,1.3788905],[103.7403647,1.3788844],[103.7403358,1.3788823],[103.7403336,1.3789125],[103.7403494,1.3789137],[103.7403413,1.3790304],[103.7403523,1.3790531],[103.7404082,1.3790911],[103.7403529,1.3791736]]]}},{"type":"Feature","properties":{"type":"HDB"},"geometry":{"type":"Polygon","coordinates":[[[103.7407173,1.3789475],[103.7407258,1.3789483],[103.74073,1.3788881],[103.7407215,1.3788875],[103.7407233,1.3788622],[103.7412576,1.3788998],[103.7412593,1.3788755],[103.7413059,1.3788787],[103.7413047,1.3788959],[103.7413307,1.3788977],[103.7413028,1.3792973],[103.741213,1.379291],[103.7412175,1.379228],[103.741171,1.3792247],[103.7411666,1.3792877],[103.7410778,1.3792815],[103.7410844,1.3791872],[103.7411381,1.3791909],[103.7411391,1.3791761],[103.7412011,1.3791805],[103.7412118,1.3790258],[103.7412249,1.3790266],[103.7412266,1.3790023],[103.7412485,1.3790039],[103.7412505,1.3789748],[103.7411968,1.3789711],[103.7411956,1.3789894],[103.7411714,1.3789877],[103.7411701,1.3790043],[103.7407156,1.3789723],[103.7407173,1.3789475]]]}},{"type":"Feature","properties":{"type":"HDB"},"geometry":{"type":"Polygon","coordinates":[[[103.7375155,1.3790418],[103.7375155,1.3790247],[103.7375418,1.3790247],[103.7375418,1.3790448],[103.7375569,1.3790448],[103.7375569,1.3790275],[103.7376905,1.3790275],[103.7376905,1.3790449],[103.7377057,1.3790449],[103.7377057,1.3790248],[103.7377566,1.3790248],[103.7377566,1.3790449],[103.7377718,1.3790449],[103.7377718,1.3790275],[103.7379047,1.3790276],[103.7379047,1.3790449],[103.7379201,1.3790449],[103.7379201,1.3790249],[103.7379496,1.3790249],[103.7379496,1.3790291],[103.7379915,1.3790291],[103.7379916,1.3790176],[103.7380392,1.3790176],[103.7380391,1.3791109],[103.7380192,1.3791109],[103.7380192,1.3791263],[103.7380391,1.3791263],[103.7380391,1.3791496],[103.7380243,1.3791496],[103.7380243,1.379174],[103.7380391,1.379174],[103.7380391,1.3792899],[103.7379429,1.3792898],[103.737943,1.3792484],[103.7379626,1.3792484],[103.7379626,1.379233],[103.737943,1.379233],[103.737943,1.3791261],[103.7375235,1.3791261],[103.7375235,1.379134],[103.7375454,1.379134],[103.7375454,1.3792008],[103.7375234,1.3792008],[103.7375234,1.3792159],[103.737549,1.3792159],[103.737549,1.3792353],[103.7375642,1.3792353],[103.7375642,1.3792176],[103.737606,1.3792159],[103.737606,1.3793105],[103.7373769,1.3793105],[103.7373769,1.3792158],[103.737409,1.3792159],[103.737409,1.3792184],[103.737418,1.3792184],[103.737418,1.3792356],[103.7374332,1.3792356],[103.7374332,1.3792159],[103.7374637,1.3792159],[103.7374637,1.3791905],[103.7374453,1.3791905],[103.7374453,1.3791454],[103.7374637,1.3791454],[103.7374637,1.3791202],[103.7374331,1.3791202],[103.7374331,1.3791001],[103.737418,1.3791001],[103.737418,1.3791177],[103.7374089,1.3791177],[103.7374089,1.3791202],[103.7373769,1.3791201],[103.7373769,1.3790247],[103.7374915,1.3790247],[103.7374915,1.3790418],[103.7375155,1.3790418]]]}},{"type":"Feature","properties":{"type":"HDB"},"geometry":{"type":"Polygon","coordinates":[[[103.7398135,1.3793898],[103.7397647,1.3794625],[103.739767,1.379464],[103.7397534,1.3794842],[103.7392182,1.3791209],[103.739178,1.3791809],[103.7391662,1.379173],[103.7391426,1.3792081],[103.7390628,1.3791539],[103.7391126,1.3790796],[103.7391664,1.3791159],[103.739193,1.3790764],[103.7391388,1.3790405],[103.7391889,1.3789657],[103.7393751,1.3790921],[103.7393905,1.3790693],[103.7394158,1.3790865],[103.7394005,1.3791093],[103.739545,1.3792074],[103.7395603,1.3791846],[103.7395856,1.3792018],[103.7395703,1.3792246],[103.7398135,1.3793898]]]}},{"type":"Feature","properties":{"type":"HDB"},"geometry":{"type":"Polygon","coordinates":[[[103.742229,1.3793448],[103.7422646,1.3793473],[103.7422663,1.3793225],[103.7421807,1.3793165],[103.7421802,1.3793238],[103.7421755,1.3793235],[103.7421757,1.3793209],[103.7421562,1.3793195],[103.742156,1.3793221],[103.7421518,1.3793218],[103.7421545,1.379283],[103.7421397,1.379282],[103.7421419,1.379249],[103.7421569,1.3792501],[103.7421596,1.3792118],[103.742164,1.3792121],[103.7421638,1.3792148],[103.7421827,1.3792161],[103.7421828,1.3792134],[103.7421873,1.3792137],[103.7421863,1.3792282],[103.7422769,1.3792345],[103.7422786,1.3792103],[103.7422345,1.3792072],[103.7422425,1.379092],[103.7423474,1.3790994],[103.7423308,1.3793371],[103.7424998,1.379349],[103.7424922,1.3794582],[103.7423975,1.3794515],[103.7423986,1.3794359],[103.742338,1.3794316],[103.7423369,1.3794472],[103.7422224,1.3794392],[103.7422266,1.3793789],[103.7422332,1.3793794],[103.7422343,1.3793635],[103.7422277,1.3793631],[103.742229,1.3793448]]]}},{"type":"Feature","properties":{"type":"HDB"},"geometry":{"type":"Polygon","coordinates":[[[103.741171,1.3794639],[103.7411363,1.3795155],[103.7410843,1.3794803],[103.7410583,1.379519],[103.7411103,1.3795543],[103.7410599,1.3796295],[103.7408025,1.3794548],[103.7407872,1.3794777],[103.7407619,1.3794605],[103.7407772,1.3794376],[103.7406327,1.3793395],[103.7406174,1.3793624],[103.740592,1.3793452],[103.7406074,1.3793223],[103.7404367,1.3792064],[103.7404443,1.3791955],[103.7403712,1.3791466],[103.7404129,1.3790845],[103.7404107,1.3790829],[103.7404242,1.3790627],[103.7410321,1.3794754],[103.7410658,1.3794252],[103.7410784,1.3794338],[103.7411,1.3794015],[103.7411726,1.3794066],[103.7411694,1.3794533],[103.741165,1.3794598],[103.741171,1.3794639]]]}},{"type":"Feature","properties":{"type":"HDB"},"geometry":{"type":"Polygon","coordinates":[[[103.7377617,1.3797026],[103.7377617,1.3796312],[103.7377789,1.3796312],[103.7377789,1.3796159],[103.7377591,1.3796159],[103.7377591,1.3795616],[103.7377789,1.3795616],[103.7377789,1.3795462],[103.7377618,1.3795462],[103.7377618,1.3794802],[103.7377533,1.3794802],[103.7377533,1.3794531],[103.7377294,1.3794531],[103.7377295,1.3793807],[103.7378004,1.3793807],[103.7378004,1.3793979],[103.7378157,1.3793979],[103.7378157,1.379378],[103.7378445,1.379378],[103.7378445,1.3793878],[103.7378687,1.3793878],[103.7378687,1.3793807],[103.7379792,1.3793807],[103.7379792,1.3794201],[103.7379662,1.3794201],[103.7379662,1.3794458],[103.7379954,1.3794459],[103.7379954,1.3794784],[103.7379496,1.3794784],[103.7379496,1.3794757],[103.7379406,1.3794757],[103.7379406,1.3794585],[103.7379253,1.3794585],[103.7379253,1.3794784],[103.7378597,1.3794784],[103.7378597,1.3796014],[103.7380789,1.3796014],[103.7381864,1.379441],[103.7381499,1.3794162],[103.7381871,1.3793608],[103.7382236,1.3793856],[103.7383649,1.3791749],[103.7382606,1.3791041],[103.7383139,1.3790246],[103.7383697,1.3790626],[103.7383602,1.3790768],[103.7383736,1.3790859],[103.7383847,1.3790694],[103.7384316,1.3791013],[103.7384205,1.3791178],[103.7384339,1.3791269],[103.7384435,1.3791127],[103.7385016,1.3791521],[103.7384772,1.3791885],[103.7384645,1.3791799],[103.7384146,1.3792545],[103.7384249,1.3792616],[103.7383878,1.379317],[103.7383737,1.3793074],[103.7383646,1.379321],[103.738381,1.3793321],[103.7383524,1.3793748],[103.738336,1.3793637],[103.7383269,1.3793772],[103.738341,1.3793867],[103.7383038,1.3794422],[103.7382584,1.3794113],[103.7382518,1.379421],[103.7382671,1.3794314],[103.7382384,1.3794742],[103.7382571,1.3794868],[103.7382425,1.3795085],[103.7382541,1.3795164],[103.7382164,1.3795726],[103.7382022,1.379563],[103.7381937,1.3795757],[103.7382101,1.3795869],[103.7381814,1.3796296],[103.738165,1.3796185],[103.7381565,1.3796312],[103.7381706,1.3796408],[103.7381309,1.3797001],[103.7381113,1.3796867],[103.738087,1.3796867],[103.738087,1.3797],[103.7380187,1.3797],[103.7380187,1.3796828],[103.7380035,1.3796828],[103.7380035,1.3797027],[103.7379523,1.3797027],[103.7379523,1.3796828],[103.737937,1.3796828],[103.737937,1.3797],[103.7378687,1.3796999],[103.7378687,1.3796864],[103.7378053,1.3796864],[103.7378053,1.3797026],[103.7377617,1.3797026]]]}},{"type":"Feature","properties":{"type":"HDB"},"geometry":{"type":"Polygon","coordinates":[[[103.7391077,1.379263],[103.7387569,1.3797863],[103.7387368,1.3797726],[103.7387395,1.3797685],[103.7386786,1.3797272],[103.7387286,1.3796528],[103.7387167,1.3796442],[103.738962,1.3792784],[103.7389739,1.3792858],[103.7390237,1.379212],[103.7390849,1.3792535],[103.7390876,1.3792494],[103.7391077,1.379263]]]}},{"type":"Feature","properties":{"type":"HDB"},"geometry":{"type":"Polygon","coordinates":[[[103.7398318,1.3793629],[103.7399124,1.3794176],[103.7399243,1.3794422],[103.7399489,1.3794301],[103.7399623,1.3794577],[103.7399377,1.3794698],[103.7399496,1.3794944],[103.7399314,1.3797612],[103.739559,1.3797345],[103.7395686,1.3795965],[103.7396332,1.379601],[103.7396314,1.3796272],[103.7397957,1.3796388],[103.7397946,1.3796549],[103.7398132,1.3796562],[103.7398127,1.3796627],[103.7398417,1.3796647],[103.7398438,1.3796345],[103.7398282,1.3796336],[103.7398363,1.3795165],[103.7398253,1.3794938],[103.7397694,1.3794559],[103.7398318,1.3793629]]]}},{"type":"Feature","properties":{"type":"HDB"},"geometry":{"type":"Polygon","coordinates":[[[103.7414667,1.3799297],[103.7413888,1.3798769],[103.7413784,1.3798554],[103.7413425,1.379873],[103.7413291,1.3798454],[103.7413537,1.3798333],[103.7413418,1.3798087],[103.7413599,1.3795419],[103.7417324,1.3795686],[103.7417228,1.3797066],[103.7416582,1.3797021],[103.74166,1.3796759],[103.7414957,1.3796643],[103.7414968,1.379648],[103.7414781,1.3796466],[103.7414785,1.3796405],[103.7414495,1.3796385],[103.7414474,1.3796687],[103.7414632,1.3796699],[103.7414551,1.3797865],[103.7414661,1.3798093],[103.7415219,1.3798472],[103.7414667,1.3799297]]]}},{"type":"Feature","properties":{"type":"HDB"},"geometry":{"type":"Polygon","coordinates":[[[103.7429424,1.3793068],[103.7429632,1.3794142],[103.742872,1.379432],[103.7428694,1.3794184],[103.7428083,1.3794304],[103.7428109,1.3794439],[103.7427065,1.3794644],[103.7427061,1.3794693],[103.7426878,1.379468],[103.7426946,1.3793711],[103.7427089,1.3793684],[103.7427114,1.3793325],[103.742628,1.3793266],[103.7426271,1.3793403],[103.7426221,1.3793399],[103.7426224,1.3793361],[103.7426032,1.3793348],[103.7426029,1.3793386],[103.742598,1.3793382],[103.7426007,1.3793004],[103.7425853,1.3792993],[103.7425878,1.3792634],[103.7426029,1.3792644],[103.7426054,1.3792281],[103.7426111,1.3792285],[103.7426109,1.3792313],[103.7426299,1.3792326],[103.7426301,1.3792299],[103.7426349,1.3792302],[103.7426344,1.3792376],[103.7427366,1.3792448],[103.7427391,1.3792078],[103.7427216,1.3792066],[103.7427212,1.3792125],[103.7426775,1.3792094],[103.7426852,1.3790992],[103.7426981,1.3791001],[103.7427024,1.3790386],[103.7426895,1.3790377],[103.7426961,1.3789422],[103.7428046,1.3789498],[103.7427775,1.379339],[103.7429424,1.3793068]]]}},{"type":"Feature","properties":{"type":"HDB"},"geometry":{"type":"Polygon","coordinates":[[[103.7429424,1.3793068],[103.7429776,1.3792999],[103.7429817,1.3793211],[103.7430048,1.3793166],[103.7430006,1.379295],[103.7430557,1.3792843],[103.7430442,1.3792249],[103.7430177,1.37923],[103.7430137,1.3792092],[103.7429884,1.3792141],[103.7429925,1.3792353],[103.7429552,1.3792426],[103.7429362,1.379144],[103.7431902,1.3790943],[103.7432093,1.3791929],[103.7431802,1.3791986],[103.7431762,1.3791776],[103.7431506,1.3791827],[103.7431546,1.3792037],[103.7431416,1.3792062],[103.7431531,1.3792655],[103.7431872,1.3792588],[103.7432063,1.3793574],[103.7429615,1.3794053],[103.7429424,1.3793068]]]}},{"type":"Feature","properties":{"type":"HDB"},"geometry":{"type":"Polygon","coordinates":[[[103.7451865,1.3794167],[103.7451576,1.3794239],[103.7451563,1.3794187],[103.7451128,1.3794295],[103.745107,1.379406],[103.745082,1.3794172],[103.7451083,1.3794763],[103.7450493,1.379503],[103.7449805,1.3793486],[103.7456209,1.3791894],[103.745608,1.3791366],[103.7455669,1.3791468],[103.7455617,1.3791257],[103.7455384,1.3791315],[103.7455435,1.3791527],[103.7455111,1.3791607],[103.7454876,1.3790651],[103.7457179,1.3790079],[103.7457412,1.3791027],[103.7457093,1.3791106],[103.7457042,1.3790898],[103.7456805,1.3790957],[103.7456909,1.3791377],[103.7457102,1.3791329],[103.745717,1.3791605],[103.7456975,1.3791653],[103.7457027,1.3791866],[103.7457314,1.3791794],[103.7457498,1.3792543],[103.7456235,1.3792857],[103.745616,1.3792452],[103.7455786,1.3792545],[103.7455904,1.3792939],[103.7454619,1.3793258],[103.7454659,1.3793419],[103.7454495,1.3793459],[103.7454508,1.379351],[103.7454218,1.3793582],[103.7454205,1.3793527],[103.7453351,1.3793739],[103.7453365,1.3793794],[103.7453081,1.3793865],[103.7453068,1.3793813],[103.745247,1.3793961],[103.7452483,1.3794013],[103.7452196,1.3794084],[103.7452183,1.379403],[103.7451851,1.3794112],[103.7451865,1.3794167]]]}},{"type":"Feature","properties":{"type":"HDB"},"geometry":{"type":"Polygon","coordinates":[[[103.7440476,1.3795468],[103.7440373,1.3795049],[103.744014,1.3795107],[103.7440192,1.3795316],[103.7439871,1.3795396],[103.7439638,1.3794448],[103.7441941,1.3793875],[103.7442174,1.3794824],[103.744186,1.3794902],[103.7441808,1.3794691],[103.7441576,1.3794749],[103.7441628,1.379496],[103.744121,1.3795064],[103.7441342,1.3795598],[103.7445913,1.379446],[103.7446323,1.379538],[103.7445936,1.3795533],[103.7446092,1.3795884],[103.7446466,1.37957],[103.7446906,1.3796688],[103.7446053,1.3797073],[103.7445373,1.3795546],[103.7444928,1.3795669],[103.7444967,1.379583],[103.7444522,1.3795941],[103.7444535,1.3795996],[103.7444243,1.3796069],[103.744423,1.3796014],[103.7443895,1.3796097],[103.7443909,1.3796152],[103.7443612,1.3796225],[103.7443599,1.3796174],[103.7443154,1.3796285],[103.7443115,1.3796126],[103.7442097,1.3796379],[103.7442017,1.3795972],[103.7441644,1.3796065],[103.7441766,1.3796462],[103.7440497,1.3796777],[103.7440312,1.3796022],[103.7440599,1.3795951],[103.7440548,1.3795746],[103.7440353,1.3795794],[103.7440285,1.3795516],[103.7440476,1.3795468]]]}},{"type":"Feature","properties":{"type":"HDB"},"geometry":{"type":"Polygon","coordinates":[[[103.745133,1.3796911],[103.7450934,1.379602],[103.7453098,1.3795044],[103.7453497,1.379594],[103.7453206,1.3796071],[103.7453118,1.3795872],[103.7452899,1.379597],[103.7452988,1.379617],[103.7452597,1.3796346],[103.7452819,1.3796845],[103.7459287,1.3793929],[103.7459669,1.3794787],[103.7458706,1.379522],[103.7458557,1.3794834],[103.7458203,1.3794993],[103.7458391,1.3795362],[103.7456204,1.3796349],[103.7456056,1.3795958],[103.7455701,1.3796118],[103.745589,1.379649],[103.74537,1.3797478],[103.745355,1.3797091],[103.7453197,1.3797251],[103.7453386,1.3797619],[103.7452191,1.3798158],[103.7451876,1.379745],[103.7452148,1.3797327],[103.7452062,1.3797134],[103.7451882,1.3797215],[103.7451765,1.3796952],[103.7451943,1.3796871],[103.7451769,1.3796482],[103.7451549,1.3796581],[103.7451635,1.3796774],[103.745133,1.3796911]]]}},{"type":"Feature","properties":{"type":"HDB"},"geometry":{"type":"Polygon","coordinates":[[[103.7426942,1.3796858],[103.7429478,1.3796366],[103.7429426,1.3796096],[103.7429726,1.3796037],[103.7429778,1.3796308],[103.7431489,1.3795973],[103.7431437,1.3795702],[103.7431737,1.3795644],[103.7431789,1.3795915],[103.7434061,1.379547],[103.7434088,1.3795612],[103.7434723,1.3795487],[103.7434787,1.3795816],[103.7434706,1.3795832],[103.7434781,1.3796223],[103.7434862,1.3796207],[103.7434908,1.3796447],[103.7428349,1.3797729],[103.7428318,1.379757],[103.7428128,1.3797608],[103.7428115,1.3797544],[103.7427853,1.3797595],[103.742781,1.3798222],[103.7427968,1.3798233],[103.7427852,1.379989],[103.7428565,1.3799941],[103.7428554,1.3800091],[103.7428856,1.3800112],[103.7429042,1.3801071],[103.7428031,1.3801],[103.7428073,1.3800373],[103.742761,1.380034],[103.7427565,1.3800967],[103.7426647,1.3800902],[103.7426942,1.3796858]]]}},{"type":"Feature","properties":{"type":"HDB"},"geometry":{"type":"Polygon","coordinates":[[[103.7444994,1.3800378],[103.7446698,1.379961],[103.7446474,1.3799105],[103.7446083,1.3799282],[103.7445993,1.379908],[103.7445773,1.3799179],[103.7445863,1.3799381],[103.7445565,1.3799515],[103.7445169,1.3798625],[103.7447333,1.3797648],[103.744773,1.3798539],[103.744743,1.3798675],[103.7447341,1.3798475],[103.7447121,1.3798575],[103.7447298,1.3798973],[103.7447478,1.3798892],[103.744759,1.3799145],[103.7447411,1.3799226],[103.74475,1.3799426],[103.7447766,1.3799305],[103.7448083,1.3800016],[103.7446895,1.3800552],[103.7446746,1.3800161],[103.7446393,1.380032],[103.7446584,1.3800692],[103.7444218,1.3801759],[103.7444161,1.3801447],[103.7444408,1.3801335],[103.7444297,1.3801086],[103.744411,1.3801171],[103.744403,1.3800734],[103.7444965,1.3800312],[103.7444994,1.3800378]]]}},{"type":"Feature","properties":{"type":"HDB"},"geometry":{"type":"Polygon","coordinates":[[[103.7463287,1.380048],[103.7459449,1.380221],[103.745935,1.3801988],[103.7459387,1.3801971],[103.7459034,1.3801179],[103.7459686,1.3800885],[103.7459617,1.3800734],[103.74602,1.3800471],[103.7460267,1.3800623],[103.7461562,1.3800039],[103.7461493,1.3799888],[103.7462076,1.3799625],[103.7462143,1.3799776],[103.7462798,1.3799481],[103.746315,1.3800273],[103.7463187,1.3800257],[103.7463287,1.380048]]]}},{"type":"Feature","properties":{"type":"HDB"},"geometry":{"type":"Polygon","coordinates":[[[103.7433663,1.3797435],[103.7434402,1.3797291],[103.7434573,1.3798172],[103.7434696,1.3798149],[103.7435885,1.3804297],[103.7434782,1.3804512],[103.7433416,1.3797433],[103.7433654,1.3797387],[103.7433663,1.3797435]]]}},{"type":"Feature","properties":{"type":"HDB"},"geometry":{"type":"Polygon","coordinates":[[[103.7439985,1.3799235],[103.7442685,1.3798735],[103.7443421,1.380276],[103.7440842,1.3803924],[103.7439985,1.3799235]]]}},{"type":"Feature","properties":{"type":"HDB"},"geometry":{"type":"Polygon","coordinates":[[[103.7423122,1.3799557],[103.7423229,1.379801],[103.7423359,1.3798018],[103.7423376,1.3797775],[103.7423596,1.3797791],[103.7423616,1.37975],[103.7423079,1.3797462],[103.7423066,1.3797646],[103.7422824,1.3797629],[103.7422812,1.3797795],[103.7418267,1.3797474],[103.7418284,1.3797227],[103.7418368,1.3797235],[103.741841,1.3796633],[103.7418326,1.3796627],[103.7418344,1.3796374],[103.7423677,1.379675],[103.7423694,1.3796506],[103.7424169,1.379654],[103.7424158,1.3796711],[103.7424417,1.3796729],[103.7424139,1.3800726],[103.7423241,1.3800662],[103.7423286,1.3800032],[103.7422821,1.3799999],[103.7422777,1.380063],[103.7421889,1.3800567],[103.7421955,1.3799624],[103.7422492,1.3799661],[103.7422502,1.3799513],[103.7423122,1.3799557]]]}},{"type":"Feature","properties":{"type":"HDB"},"geometry":{"type":"Polygon","coordinates":[[[103.7400767,1.3798177],[103.7400804,1.3798121],[103.740073,1.3798071],[103.7401082,1.3797545],[103.740163,1.379792],[103.7401886,1.3797537],[103.7401337,1.3797164],[103.7401841,1.3796414],[103.7404429,1.3798171],[103.7404582,1.3797942],[103.7404836,1.3798114],[103.7404682,1.3798343],[103.7406127,1.3799324],[103.7406281,1.3799096],[103.7406534,1.3799268],[103.7406381,1.3799496],[103.7408083,1.3800652],[103.7408009,1.3800768],[103.7408739,1.3801257],[103.7408325,1.3801874],[103.7408347,1.380189],[103.7408212,1.3802092],[103.7402134,1.3797965],[103.7401797,1.3798468],[103.740167,1.3798382],[103.7401454,1.3798704],[103.7400728,1.3798653],[103.7400767,1.3798177]]]}},{"type":"Feature","properties":{"type":"HDB"},"geometry":{"type":"Polygon","coordinates":[[[103.7392595,1.3801476],[103.7392526,1.3802469],[103.7391644,1.3802398],[103.7391635,1.3802533],[103.738949,1.3802382],[103.7387567,1.3801076],[103.7387413,1.3801304],[103.738716,1.3801132],[103.7387313,1.3800904],[103.7385181,1.3799461],[103.7385727,1.3798654],[103.7385817,1.3798715],[103.7386367,1.3797894],[103.7386993,1.3798319],[103.738702,1.3798278],[103.7387229,1.3798419],[103.7386916,1.3798886],[103.7386783,1.3798801],[103.7386679,1.3798957],[103.7386626,1.3798922],[103.7386465,1.3799162],[103.7386713,1.379933],[103.73868,1.3799202],[103.7389866,1.3801284],[103.7392595,1.3801476]]]}},{"type":"Feature","properties":{"type":"HDB"},"geometry":{"type":"Polygon","coordinates":[[[103.7396284,1.3802865],[103.7393721,1.3802679],[103.7393701,1.3802955],[103.7393397,1.3802933],[103.739341,1.3802532],[103.7392526,1.380247],[103.7392597,1.3801476],[103.7395167,1.3801657],[103.7395156,1.3801815],[103.7395455,1.3801836],[103.7395475,1.3801546],[103.7395414,1.3801542],[103.7395427,1.3801351],[103.7395269,1.3801341],[103.7395384,1.3799687],[103.7395124,1.3799669],[103.7395169,1.379902],[103.7396541,1.3799116],[103.7396284,1.3802865]]]}},{"type":"Feature","properties":{"type":"HDB"},"geometry":{"type":"Polygon","coordinates":[[[103.7422847,1.38022],[103.7422501,1.3802717],[103.742198,1.3802364],[103.742172,1.3802752],[103.7422241,1.3803105],[103.7421737,1.3803857],[103.7419163,1.380211],[103.741901,1.3802338],[103.7418756,1.3802167],[103.741891,1.3801938],[103.7417464,1.3800956],[103.7417311,1.3801185],[103.7417058,1.3801013],[103.7417211,1.3800785],[103.7415505,1.3799626],[103.7415581,1.3799517],[103.741485,1.3799028],[103.7415267,1.3798406],[103.7415244,1.3798391],[103.741538,1.3798189],[103.7421458,1.3802315],[103.7421795,1.3801813],[103.7421922,1.3801899],[103.7422138,1.3801577],[103.7422864,1.3801628],[103.7422832,1.3802095],[103.7422788,1.380216],[103.7422847,1.38022]]]}},{"type":"Feature","properties":{"type":"HDB"},"geometry":{"type":"Polygon","coordinates":[[[103.7405046,1.3803385],[103.7405029,1.3803627],[103.7404947,1.3803621],[103.7404919,1.3804015],[103.7405002,1.3804021],[103.7404978,1.3804357],[103.7404335,1.3804312],[103.7404325,1.3804458],[103.7402015,1.3804295],[103.7401995,1.380457],[103.7401691,1.3804549],[103.740171,1.3804274],[103.7399146,1.3804098],[103.7399424,1.3799907],[103.740034,1.3799971],[103.7400296,1.3800598],[103.7400758,1.380063],[103.7400802,1.3800004],[103.7401692,1.3800066],[103.7401627,1.380101],[103.7401211,1.3800981],[103.7401201,1.3801129],[103.7400478,1.3801078],[103.7400363,1.3802728],[103.7400201,1.3802719],[103.7400187,1.3802909],[103.740013,1.3802905],[103.740011,1.3803193],[103.7400413,1.3803214],[103.7400421,1.3803059],[103.7405046,1.3803385]]]}},{"type":"Feature","properties":{"type":"HDB"},"geometry":{"type":"Polygon","coordinates":[[[103.7373174,1.3801799],[103.7372677,1.3801839],[103.7372658,1.3801595],[103.73726,1.38016],[103.7372604,1.3801654],[103.7372082,1.3801696],[103.7372054,1.380134],[103.7372244,1.3801325],[103.7372209,1.3800888],[103.7374734,1.3800687],[103.7374812,1.380167],[103.7374478,1.3801696],[103.7374472,1.3801614],[103.7374203,1.3801635],[103.7374209,1.3801715],[103.7373736,1.3801753],[103.7373753,1.3801978],[103.7374011,1.3801957],[103.7374047,1.380241],[103.7373788,1.380243],[103.7373806,1.3802653],[103.7373926,1.3802643],[103.7373933,1.3802727],[103.7374202,1.3802706],[103.7374195,1.3802621],[103.7374533,1.3802594],[103.7374611,1.3803582],[103.7373318,1.3803685],[103.7373304,1.3803505],[103.737309,1.3803521],[103.7373104,1.3803702],[103.7372718,1.3803733],[103.7372703,1.3803543],[103.7372093,1.3803592],[103.7372108,1.3803782],[103.7371385,1.3803839],[103.737137,1.3803649],[103.737076,1.3803698],[103.7370775,1.3803888],[103.7370392,1.3803918],[103.7370378,1.3803739],[103.7370161,1.3803756],[103.7370175,1.3803936],[103.7369822,1.3803964],[103.7369807,1.3803774],[103.736949,1.38038],[103.7369427,1.3803006],[103.7369749,1.380298],[103.7369734,1.38028],[103.7373141,1.3802529],[103.7373137,1.3802483],[103.7372917,1.38025],[103.7372881,1.3802048],[103.7373192,1.3802023],[103.7373174,1.3801799]]]}},{"type":"Feature","properties":{"type":"HDB"},"geometry":{"type":"Polygon","coordinates":[[[103.7409992,1.3804862],[103.7406268,1.3804595],[103.7406364,1.3803215],[103.7407009,1.380326],[103.7406991,1.3803522],[103.7408634,1.3803637],[103.7408623,1.3803795],[103.7408804,1.3803811],[103.7408803,1.3803871],[103.7409094,1.3803885],[103.7409117,1.3803588],[103.740896,1.3803578],[103.7409041,1.3802415],[103.7408931,1.3802188],[103.7408372,1.3801808],[103.7408995,1.3800879],[103.7409801,1.3801426],[103.740992,1.3801671],[103.7410167,1.3801551],[103.7410301,1.3801827],[103.7410054,1.3801948],[103.7410173,1.3802194],[103.7409992,1.3804862]]]}},{"type":"Feature","properties":{"type":"HDB"},"geometry":{"type":"Polygon","coordinates":[[[103.7377108,1.3803885],[103.7377953,1.3803817],[103.7378025,1.3804728],[103.7377449,1.3804774],[103.7377455,1.3804847],[103.7377138,1.3804872],[103.7377149,1.3805016],[103.7377476,1.380499],[103.7377517,1.3805513],[103.7377187,1.380554],[103.7377212,1.3805845],[103.7377785,1.38058],[103.7377857,1.380671],[103.7377011,1.3806778],[103.7376994,1.3806574],[103.7376705,1.3806596],[103.7376719,1.3806774],[103.7375936,1.3806836],[103.7375921,1.3806646],[103.7375628,1.3806669],[103.7375643,1.380686],[103.7374101,1.3806983],[103.7374083,1.3806753],[103.7373959,1.3806763],[103.7373977,1.3806992],[103.7373828,1.3807004],[103.7373921,1.3808181],[103.737299,1.3808256],[103.7372909,1.3807241],[103.7373126,1.3807223],[103.7373099,1.3806873],[103.7372881,1.380689],[103.7372803,1.3805902],[103.7373595,1.3805839],[103.73736,1.3805898],[103.7376496,1.3805666],[103.7376491,1.3805595],[103.7376325,1.3805608],[103.7376283,1.3805083],[103.7376484,1.3805067],[103.7376473,1.3804925],[103.7376137,1.3804952],[103.7376119,1.3804722],[103.7376011,1.3804731],[103.7376013,1.3804753],[103.7375515,1.3804793],[103.737549,1.3804479],[103.7375687,1.3804463],[103.7375651,1.3804001],[103.737649,1.3803934],[103.7376505,1.3804124],[103.7377123,1.3804075],[103.7377108,1.3803885]]]}},{"type":"Feature","properties":{"type":"HDB"},"geometry":{"type":"Polygon","coordinates":[[[103.7412328,1.3803534],[103.7414916,1.3805292],[103.741507,1.3805063],[103.7415323,1.3805235],[103.741517,1.3805464],[103.7416615,1.3806445],[103.7416768,1.3806216],[103.7417021,1.3806388],[103.7416868,1.3806617],[103.74193,1.3808268],[103.7418812,1.3808995],[103.7418835,1.380901],[103.7418699,1.3809212],[103.7412621,1.3805086],[103.7412284,1.3805588],[103.7412158,1.3805502],[103.7411941,1.3805824],[103.7411215,1.3805774],[103.7411248,1.3805307],[103.7411292,1.3805242],[103.7411217,1.3805191],[103.7411565,1.3804673],[103.7412105,1.3805042],[103.7412369,1.3804649],[103.7411826,1.3804283],[103.7412328,1.3803534]]]}},{"type":"Feature","properties":{"type":"HDB"},"geometry":{"type":"Polygon","coordinates":[[[103.7362624,1.3790524],[103.7362773,1.3790343],[103.7362663,1.3790251],[103.7362916,1.3789945],[103.7363633,1.3790547],[103.7363679,1.3790492],[103.7364287,1.3791002],[103.736404,1.3791299],[103.7363901,1.3791312],[103.7363746,1.3791182],[103.7363601,1.3791196],[103.7363616,1.3791354],[103.7363428,1.3791372],[103.7363472,1.3791858],[103.7363217,1.3791882],[103.736323,1.3792026],[103.7363673,1.3791985],[103.7363687,1.3792144],[103.7363832,1.3792131],[103.7363961,1.3791975],[103.7364104,1.3791962],[103.7364395,1.3792207],[103.7363889,1.3792818],[103.7363833,1.3792771],[103.7363274,1.3793447],[103.7362995,1.3793213],[103.7363058,1.3793136],[103.7362872,1.379298],[103.7362713,1.3793168],[103.7362181,1.3792721],[103.7362488,1.3792352],[103.7362482,1.3792288],[103.7362187,1.3792315],[103.7362168,1.3792108],[103.7362093,1.3792064],[103.7362018,1.3791965],[103.7361997,1.3791843],[103.7362016,1.3791762],[103.7362126,1.3791634],[103.7362104,1.3791395],[103.7362243,1.3791383],[103.7362222,1.3791149],[103.7361884,1.3790866],[103.7362233,1.3790444],[103.7362337,1.3790531],[103.7362458,1.3790385],[103.7362624,1.3790524]]]}},{"type":"Feature","properties":{"type":"HDB"},"geometry":{"type":"Polygon","coordinates":[[[103.7352692,1.3795453],[103.7352558,1.3795828],[103.7351679,1.3795509],[103.7351655,1.3795577],[103.7350911,1.3795307],[103.7351041,1.3794942],[103.7351168,1.3794882],[103.7351357,1.3794951],[103.7351489,1.3794888],[103.7351421,1.3794744],[103.7351592,1.3794663],[103.7351385,1.3794221],[103.7351617,1.3794112],[103.7351556,1.379398],[103.7351153,1.3794172],[103.7351086,1.3794027],[103.7350954,1.3794089],[103.7350886,1.379428],[103.7350755,1.3794341],[103.7350399,1.3794212],[103.7350667,1.3793463],[103.7350735,1.3793488],[103.7351031,1.379266],[103.7351373,1.3792784],[103.735134,1.3792878],[103.7351568,1.3792961],[103.7351652,1.379273],[103.7352304,1.3792966],[103.7352143,1.3793419],[103.7352168,1.3793478],[103.7352437,1.379335],[103.7352525,1.3793538],[103.7352649,1.3793569],[103.7352741,1.3793653],[103.7352786,1.3793811],[103.7352726,1.3793969],[103.7352827,1.3794186],[103.7352701,1.3794245],[103.7352801,1.3794457],[103.7353215,1.3794607],[103.735303,1.3795124],[103.7352902,1.3795078],[103.7352838,1.3795256],[103.7352636,1.3795183],[103.7352557,1.3795404],[103.7352692,1.3795453]]]}},{"type":"Feature","properties":{"type":"HDB"},"geometry":{"type":"Polygon","coordinates":[[[103.7353786,1.3793664],[103.7357412,1.3789289],[103.7360917,1.3792231],[103.7355133,1.3799211],[103.7352856,1.37973],[103.7355014,1.3794695],[103.7353786,1.3793664]]]}},{"type":"Feature","properties":{"type":"HDB"},"geometry":{"type":"Polygon","coordinates":[[[103.7359189,1.3795789],[103.735924,1.3795711],[103.7359327,1.3795683],[103.7359414,1.3795715],[103.7359623,1.379589],[103.7359668,1.3795835],[103.7359693,1.3795855],[103.736112,1.3794133],[103.7361089,1.3794107],[103.7361135,1.3794051],[103.7360895,1.3793832],[103.7360887,1.379374],[103.7360915,1.3793684],[103.7360994,1.3793636],[103.7361056,1.3793638],[103.7361313,1.3793836],[103.7361359,1.379378],[103.736139,1.3793806],[103.7361764,1.3793355],[103.7361701,1.3793301],[103.7362181,1.3792721],[103.7362713,1.3793168],[103.7362552,1.3793357],[103.7362738,1.3793513],[103.7362802,1.3793437],[103.7363085,1.3793674],[103.7362193,1.3794751],[103.736191,1.3794513],[103.7362013,1.3794388],[103.7361834,1.3794238],[103.7361454,1.3794696],[103.7361634,1.3794846],[103.7361737,1.3794721],[103.736202,1.3794959],[103.7361502,1.3795584],[103.7361447,1.3795538],[103.7361125,1.3795927],[103.736118,1.3795973],[103.7360662,1.3796598],[103.7360379,1.3796361],[103.7360483,1.3796236],[103.7360303,1.3796085],[103.7359923,1.3796543],[103.7360103,1.3796694],[103.7360206,1.3796569],[103.736049,1.3796807],[103.7359557,1.3797931],[103.7359254,1.3797677],[103.7359329,1.3797586],[103.7359142,1.379743],[103.7358995,1.3797607],[103.735885,1.3797486],[103.7358764,1.379759],[103.7358343,1.3797237],[103.7358927,1.3796531],[103.7359048,1.3796633],[103.7359422,1.3796181],[103.7359398,1.3796161],[103.7359444,1.3796106],[103.7359214,1.3795908],[103.7359189,1.3795789]]]}},{"type":"Feature","properties":{"type":"HDB"},"geometry":{"type":"Polygon","coordinates":[[[103.7349079,1.3799273],[103.7349109,1.379903],[103.734934,1.3799059],[103.734931,1.379931],[103.7349448,1.3799488],[103.7349643,1.3799512],[103.7349797,1.3799712],[103.7349648,1.3799829],[103.7349874,1.3800121],[103.7349917,1.3800087],[103.7349951,1.380013],[103.7350062,1.3800043],[103.7350116,1.3799856],[103.7350257,1.3799703],[103.7350433,1.3799636],[103.7350576,1.3799641],[103.7350687,1.3799553],[103.7350654,1.379951],[103.7350697,1.3799476],[103.7350471,1.3799184],[103.7350322,1.3799301],[103.7350168,1.3799102],[103.7350192,1.3798905],[103.7350054,1.3798727],[103.7349805,1.3798695],[103.7349834,1.3798463],[103.7350074,1.3798493],[103.7350105,1.379825],[103.7349855,1.3798219],[103.7349888,1.379795],[103.7349788,1.3797937],[103.734985,1.3797433],[103.7350432,1.3797506],[103.7350735,1.3797479],[103.7350738,1.3797446],[103.7350752,1.3797482],[103.7351039,1.3797582],[103.7351847,1.3797682],[103.735179,1.3798151],[103.7351739,1.379819],[103.7351511,1.3798162],[103.7351389,1.3798258],[103.7351488,1.3798387],[103.7351095,1.3798695],[103.7351141,1.3798756],[103.7351287,1.3798642],[103.7351626,1.3799081],[103.7351874,1.3798886],[103.7351974,1.3799015],[103.7352097,1.3798918],[103.7352125,1.379869],[103.7352179,1.3798648],[103.7352639,1.3798705],[103.7352539,1.3799523],[103.7352564,1.3799826],[103.7352463,1.3800133],[103.7352392,1.3800715],[103.7351892,1.3800653],[103.7351903,1.3800554],[103.7351636,1.3800522],[103.7351667,1.380027],[103.7351426,1.380024],[103.7351396,1.3800482],[103.7351164,1.3800453],[103.7351195,1.3800202],[103.7351057,1.3800024],[103.7350869,1.38],[103.7350337,1.3800418],[103.7350313,1.3800607],[103.7350451,1.3800786],[103.73507,1.3800817],[103.7350671,1.380105],[103.7350431,1.380102],[103.7350401,1.3801262],[103.735065,1.3801294],[103.7350617,1.3801562],[103.7350718,1.3801576],[103.7350656,1.3802077],[103.7350073,1.3802004],[103.7349753,1.3802028],[103.7349467,1.3801929],[103.7348658,1.3801828],[103.7348716,1.3801361],[103.7348766,1.3801321],[103.7348994,1.3801351],[103.7349116,1.3801254],[103.7349017,1.3801126],[103.7349528,1.3800726],[103.7349141,1.3800226],[103.7348631,1.3800626],[103.7348531,1.3800497],[103.7348408,1.3800594],[103.7348381,1.3800823],[103.7348328,1.3800863],[103.7347867,1.3800806],[103.7347967,1.3799989],[103.7347942,1.3799686],[103.7348042,1.379938],[103.7348114,1.3798795],[103.7348614,1.3798858],[103.7348602,1.3798958],[103.7348869,1.3798991],[103.7348838,1.3799242],[103.7349079,1.3799273]]]}},{"type":"Feature","properties":{"type":"HDB"},"geometry":{"type":"Polygon","coordinates":[[[103.7354158,1.3802403],[103.7354639,1.3801823],[103.7354703,1.3801876],[103.7355077,1.3801424],[103.7355046,1.3801398],[103.7355092,1.3801343],[103.7354852,1.3801123],[103.735484,1.3801062],[103.7354872,1.3800976],[103.7354922,1.3800938],[103.7355013,1.380093],[103.735527,1.3801127],[103.7355316,1.3801072],[103.7355348,1.3801098],[103.7356775,1.3799376],[103.7356751,1.3799356],[103.7356797,1.37993],[103.7356551,1.3799075],[103.7356538,1.3799014],[103.735657,1.3798927],[103.735662,1.3798889],[103.7356711,1.3798881],[103.7356975,1.3799085],[103.7357021,1.3799029],[103.7357045,1.379905],[103.7357419,1.3798598],[103.7357299,1.3798497],[103.7357883,1.3797792],[103.7358304,1.3798145],[103.7358217,1.3798249],[103.7358362,1.3798371],[103.7358215,1.3798548],[103.7358402,1.3798705],[103.7358477,1.3798614],[103.735878,1.3798869],[103.7357848,1.3799994],[103.7357565,1.3799756],[103.7357668,1.3799632],[103.7357489,1.3799481],[103.7357109,1.3799939],[103.7357289,1.380009],[103.7357392,1.3799965],[103.7357675,1.3800203],[103.7357157,1.3800828],[103.7357102,1.3800781],[103.7356779,1.380117],[103.7356835,1.3801217],[103.7356317,1.3801841],[103.7356033,1.3801604],[103.7356137,1.3801479],[103.7355958,1.3801328],[103.7355578,1.3801786],[103.7355757,1.3801937],[103.7355861,1.3801812],[103.7356144,1.380205],[103.7355252,1.3803127],[103.7354969,1.3802888],[103.7355032,1.3802812],[103.7354846,1.3802655],[103.735469,1.3802848],[103.7354158,1.3802403]]]}},{"type":"Feature","properties":{"type":"HDB"},"geometry":{"type":"Polygon","coordinates":[[[103.735469,1.3802848],[103.7354535,1.3803039],[103.7354721,1.3803196],[103.7354785,1.3803119],[103.7355064,1.3803354],[103.7354504,1.3804029],[103.7354559,1.3804076],[103.7354053,1.3804687],[103.7353762,1.3804442],[103.7353749,1.3804298],[103.7353877,1.3804143],[103.7353865,1.3803997],[103.7353707,1.3804011],[103.7353667,1.3803565],[103.7353523,1.3803578],[103.7353546,1.3803835],[103.7353063,1.3803879],[103.735308,1.3804068],[103.7352922,1.3804083],[103.7352935,1.3804228],[103.7353089,1.3804358],[103.7353102,1.3804498],[103.7352855,1.3804796],[103.7352248,1.3804286],[103.7352294,1.3804231],[103.7351576,1.3803628],[103.735183,1.3803323],[103.735194,1.3803416],[103.735209,1.3803235],[103.7351925,1.3803096],[103.7352045,1.380295],[103.7351941,1.3802863],[103.7352291,1.3802441],[103.7352629,1.3802725],[103.7352861,1.3802704],[103.7352848,1.3802564],[103.7353086,1.3802543],[103.7353191,1.3802411],[103.7353307,1.3802371],[103.735339,1.3802377],[103.7353467,1.3802408],[103.7353556,1.38025],[103.7353762,1.3802481],[103.7353788,1.3802778],[103.7353852,1.3802772],[103.7354158,1.3802403],[103.735469,1.3802848]]]}},{"type":"Feature","properties":{"type":"HDB"},"geometry":{"type":"Polygon","coordinates":[[[103.736556,1.3807741],[103.7365917,1.3807713],[103.7365912,1.380765],[103.7368591,1.3807436],[103.7368585,1.3807356],[103.7368262,1.3807381],[103.7368221,1.3806855],[103.7368543,1.380683],[103.7368533,1.3806697],[103.736814,1.3806729],[103.7368122,1.3806499],[103.7367522,1.3806569],[103.7367497,1.380625],[103.736769,1.3806235],[103.7367654,1.3805778],[103.7368496,1.3805711],[103.7368511,1.3805902],[103.7369121,1.3805853],[103.7369106,1.3805662],[103.7369961,1.3805594],[103.7370033,1.3806504],[103.7369456,1.380655],[103.7369462,1.3806623],[103.7369156,1.3806648],[103.7369166,1.3806779],[103.736942,1.3806759],[103.7369462,1.3807286],[103.7369193,1.3807308],[103.7369219,1.3807634],[103.7369794,1.3807589],[103.7369866,1.3808505],[103.736902,1.3808572],[103.7369004,1.3808383],[103.7368707,1.3808407],[103.7368719,1.3808569],[103.7367932,1.3808632],[103.7367916,1.3808434],[103.7367625,1.3808458],[103.7367641,1.3808655],[103.7366865,1.3808717],[103.7366855,1.380859],[103.7366631,1.3808608],[103.7366641,1.3808735],[103.7365835,1.3808799],[103.7365816,1.3808563],[103.7365626,1.3808578],[103.736556,1.3807741]]]}},{"type":"Feature","properties":{"type":"HDB"},"geometry":{"type":"Polygon","coordinates":[[[103.7362535,1.3811107],[103.736997,1.3810513],[103.7370193,1.3813331],[103.7362757,1.3813924],[103.7362535,1.3811107]]]}},{"type":"Feature","properties":{"type":"HDB"},"geometry":{"type":"Polygon","coordinates":[[[103.7372507,1.382041],[103.7372573,1.3821244],[103.737234,1.3821262],[103.7372347,1.3821342],[103.7371037,1.3821446],[103.7364748,1.3816048],[103.7364644,1.3814734],[103.7364717,1.3814728],[103.7364699,1.381449],[103.7365521,1.3814424],[103.7365539,1.381466],[103.7365585,1.3814657],[103.7365628,1.38152],[103.7365681,1.3815196],[103.7365697,1.3815393],[103.7365456,1.3815412],[103.7365469,1.3815577],[103.7365583,1.3815527],[103.7365652,1.3815664],[103.7365814,1.3815803],[103.7365857,1.3815752],[103.7366267,1.3816104],[103.7366302,1.3816063],[103.7366453,1.3816193],[103.7366306,1.3816365],[103.7366566,1.3816588],[103.7366712,1.3816415],[103.7366863,1.3816545],[103.736683,1.3816583],[103.7367398,1.381707],[103.7367529,1.3816917],[103.736774,1.3817098],[103.736761,1.3817251],[103.7368464,1.3817986],[103.7368497,1.3817947],[103.7368648,1.3818077],[103.7368501,1.3818251],[103.736876,1.3818474],[103.7368908,1.38183],[103.7369058,1.3818429],[103.7369026,1.3818467],[103.7370191,1.3819468],[103.7370224,1.3819429],[103.7370374,1.3819559],[103.7370228,1.3819731],[103.7370488,1.3819954],[103.7370634,1.3819781],[103.7370783,1.381991],[103.7370752,1.3819947],[103.7371163,1.38203],[103.737112,1.3820351],[103.7371281,1.3820489],[103.7371424,1.3820534],[103.7371391,1.3820657],[103.7371552,1.3820644],[103.7371532,1.38204],[103.737173,1.3820384],[103.7371733,1.382043],[103.7372269,1.3820387],[103.7372272,1.3820429],[103.7372507,1.382041]]]}},{"type":"Feature","properties":{"type":"HDB"},"geometry":{"type":"Polygon","coordinates":[[[103.7431758,1.3804007],[103.7431864,1.3803479],[103.7431365,1.380089],[103.7430148,1.3801129],[103.7429921,1.3799957],[103.7430907,1.3799764],[103.7431031,1.3800415],[103.743144,1.3800335],[103.7431314,1.3799685],[103.7432303,1.3799491],[103.7432525,1.3800643],[103.7432153,1.3800716],[103.7432198,1.3800953],[103.7432572,1.3800884],[103.7433081,1.3803524],[103.7432809,1.3803705],[103.7432713,1.3804171],[103.7432895,1.3804445],[103.7432128,1.3805589],[103.743182,1.3805377],[103.7431684,1.380558],[103.7431993,1.380579],[103.7431341,1.3806764],[103.7430506,1.3806197],[103.7430875,1.380565],[103.7430531,1.3805417],[103.7430164,1.3805964],[103.7429329,1.3805398],[103.7429993,1.3804409],[103.7431021,1.3805106],[103.7431758,1.3804007]]]}},{"type":"Feature","properties":{"type":"HDB"},"geometry":{"type":"Polygon","coordinates":[[[103.7424383,1.3805893],[103.7424278,1.3805678],[103.7423919,1.3805855],[103.7423785,1.3805578],[103.7424031,1.3805457],[103.7423912,1.3805212],[103.7424094,1.3802543],[103.7427208,1.3802768],[103.74272,1.3802894],[103.7427432,1.380291],[103.7428211,1.3803439],[103.7427658,1.3804263],[103.7427099,1.3803884],[103.7425455,1.3803768],[103.7425466,1.3803608],[103.7425281,1.3803594],[103.7425285,1.3803531],[103.7424993,1.380351],[103.7424975,1.3803813],[103.7425126,1.3803824],[103.7425045,1.380499],[103.7425155,1.3805218],[103.7425714,1.3805597],[103.7425161,1.3806422],[103.7424383,1.3805893]]]}},{"type":"Feature","properties":{"type":"HDB"},"geometry":{"type":"Polygon","coordinates":[[[103.7451015,1.3805304],[103.7456591,1.3802789],[103.7457714,1.3805311],[103.7452138,1.3807825],[103.7451015,1.3805304]]]}},{"type":"Feature","properties":{"type":"HDB"},"geometry":{"type":"Polygon","coordinates":[[[103.7434889,1.3805208],[103.7435756,1.3804783],[103.7435863,1.3805002],[103.7436286,1.3804794],[103.7436429,1.3805532],[103.7435577,1.3805956],[103.7435656,1.3806123],[103.7435406,1.3806246],[103.743334,1.3809327],[103.7432409,1.3808695],[103.7434456,1.3805642],[103.7434646,1.3805771],[103.7434945,1.3805325],[103.7434889,1.3805208]]]}},{"type":"Feature","properties":{"type":"HDB"},"geometry":{"type":"Polygon","coordinates":[[[103.742608,1.3806655],[103.7425342,1.3806155],[103.7425761,1.3805531],[103.7425738,1.3805516],[103.7425874,1.3805313],[103.7431953,1.380944],[103.7432194,1.3809079],[103.7432331,1.380917],[103.7432573,1.3808808],[103.7433339,1.3809329],[103.743284,1.3810074],[103.7432327,1.380973],[103.7432066,1.3810119],[103.7432577,1.3810466],[103.7432077,1.381121],[103.7431311,1.381069],[103.7431468,1.3810456],[103.743137,1.381039],[103.7431213,1.3810623],[103.7430949,1.3810444],[103.7431102,1.3810215],[103.7429657,1.3809234],[103.7429504,1.3809463],[103.742925,1.3809291],[103.7429404,1.3809063],[103.7426009,1.3806758],[103.742608,1.3806655]]]}},{"type":"Feature","properties":{"type":"HDB"},"geometry":{"type":"Polygon","coordinates":[[[103.7444171,1.3809368],[103.7444207,1.3809594],[103.7444355,1.380957],[103.7444388,1.3809774],[103.7444574,1.3809744],[103.7444621,1.3810042],[103.7444556,1.3810053],[103.7444612,1.3810402],[103.7444677,1.3810392],[103.7444725,1.3810687],[103.7444663,1.3810697],[103.7444689,1.3810863],[103.7444751,1.3810853],[103.7444798,1.3811148],[103.7444227,1.381124],[103.7444206,1.3811097],[103.7443937,1.3811141],[103.7443964,1.3811338],[103.7443609,1.3811395],[103.7443502,1.3810726],[103.7443564,1.3810715],[103.7443258,1.3808802],[103.7446401,1.3807385],[103.7446375,1.3807327],[103.744697,1.3807059],[103.7446992,1.3807106],[103.7448634,1.3806365],[103.7448615,1.3806317],[103.7448876,1.3806199],[103.7448902,1.3806257],[103.7449476,1.3805998],[103.7449788,1.3806699],[103.7449812,1.3806687],[103.7450048,1.3807218],[103.7450024,1.3807228],[103.7450134,1.3807475],[103.7449543,1.3807741],[103.7449328,1.3807258],[103.7448687,1.3807547],[103.7448714,1.380761],[103.7448438,1.3807735],[103.7448411,1.3807672],[103.7448092,1.3807816],[103.7448119,1.3807879],[103.7447847,1.3808001],[103.7447819,1.3807939],[103.7446673,1.3808459],[103.7446699,1.3808519],[103.7446432,1.3808639],[103.7446405,1.3808579],[103.7445599,1.3808942],[103.7445627,1.3809003],[103.7445359,1.3809124],[103.7445332,1.3809065],[103.744501,1.380921],[103.7445035,1.3809269],[103.7444766,1.3809391],[103.7444684,1.3809208],[103.7444492,1.3809295],[103.7444435,1.3809166],[103.7444238,1.3809255],[103.7444106,1.3809182],[103.7444045,1.3809299],[103.7444171,1.3809368]]]}},{"type":"Feature","properties":{"type":"HDB"},"geometry":{"type":"Polygon","coordinates":[[[103.7460877,1.381198],[103.7460262,1.3812258],[103.7460237,1.3812201],[103.7459123,1.3812703],[103.7459149,1.381276],[103.7458716,1.3812955],[103.7458692,1.38129],[103.7458569,1.3812956],[103.7458682,1.3813199],[103.7457911,1.3813546],[103.745748,1.3812577],[103.7457675,1.3812489],[103.745769,1.3812523],[103.7457869,1.3812442],[103.7457744,1.3812162],[103.7457565,1.3812242],[103.7457582,1.381228],[103.7457388,1.3812371],[103.7456545,1.3810478],[103.7456744,1.3810389],[103.7456761,1.3810425],[103.7456936,1.3810346],[103.7456805,1.381005],[103.7456625,1.3810131],[103.7456643,1.3810171],[103.7456447,1.3810257],[103.7456019,1.3809295],[103.7456789,1.3808948],[103.7456898,1.3809193],[103.745823,1.3808592],[103.7458207,1.3808537],[103.7458826,1.3808258],[103.7458973,1.3808587],[103.74588,1.3808666],[103.7458916,1.3808926],[103.7459038,1.3808867],[103.7459272,1.3809394],[103.7458996,1.3809519],[103.7458967,1.3809454],[103.7458824,1.3809519],[103.7458851,1.3809584],[103.7458578,1.3809707],[103.745855,1.3809645],[103.7458231,1.3809789],[103.7458257,1.3809852],[103.7457985,1.3809975],[103.7457958,1.3809913],[103.745747,1.3810133],[103.7458295,1.3811986],[103.7458698,1.3811804],[103.7458653,1.3811703],[103.7459069,1.3811516],[103.7459048,1.3811468],[103.7459321,1.3811344],[103.7459342,1.3811392],[103.745966,1.3811248],[103.7459638,1.3811201],[103.7459913,1.3811077],[103.7459935,1.3811126],[103.7460081,1.381106],[103.746006,1.3811011],[103.7460332,1.3810889],[103.7460564,1.3811409],[103.7460441,1.3811465],[103.7460556,1.3811722],[103.746073,1.381165],[103.7460877,1.381198]]]}},{"type":"Feature","properties":{"type":"HDB"},"geometry":{"type":"Polygon","coordinates":[[[103.7452497,1.3812425],[103.7451797,1.3812766],[103.7451786,1.381274],[103.7451216,1.3812997],[103.7451227,1.3813023],[103.7450958,1.3813144],[103.745094,1.3813106],[103.7449755,1.3813641],[103.7449772,1.3813679],[103.7449456,1.3813822],[103.7449159,1.3813154],[103.7449215,1.3813129],[103.7449069,1.3812802],[103.7449013,1.3812827],[103.7448893,1.3812557],[103.7448949,1.3812533],[103.7448321,1.3811124],[103.7448266,1.3811148],[103.7448142,1.381087],[103.7448197,1.3810845],[103.7448056,1.3810528],[103.7448,1.3810553],[103.7447696,1.3809868],[103.7448013,1.3809725],[103.7448039,1.3809784],[103.7449227,1.3809249],[103.7449201,1.3809189],[103.7449467,1.3809069],[103.7449499,1.3809139],[103.7450062,1.3808885],[103.7450031,1.3808815],[103.7450302,1.3808692],[103.7450335,1.3808768],[103.7450481,1.3808702],[103.7450448,1.3808627],[103.7450721,1.3808503],[103.7450964,1.3809049],[103.7450833,1.3809109],[103.7450948,1.3809367],[103.7451129,1.3809286],[103.7451267,1.3809595],[103.7450659,1.3809869],[103.7450634,1.3809824],[103.745036,1.3809948],[103.7450381,1.3809995],[103.7450112,1.3810116],[103.7450087,1.3810069],[103.7449223,1.3810458],[103.7449505,1.3811091],[103.7449559,1.3811067],[103.7449821,1.3811656],[103.7449767,1.3811681],[103.7450047,1.3812311],[103.745092,1.3811917],[103.7450885,1.3811839],[103.745116,1.3811745],[103.7451202,1.3811824],[103.7452056,1.3811429],[103.7452497,1.3812425]]]}},{"type":"Feature","properties":{"type":"HDB"},"geometry":{"type":"Polygon","coordinates":[[[103.7452038,1.3811388],[103.7453128,1.3810896],[103.7453018,1.3810649],[103.7453789,1.3810301],[103.7454208,1.3811242],[103.745401,1.3811336],[103.7453992,1.3811295],[103.745382,1.3811373],[103.7453943,1.3811651],[103.7454112,1.3811575],[103.7454096,1.3811539],[103.7454297,1.3811443],[103.7455166,1.3813393],[103.7454973,1.3813481],[103.7454957,1.3813445],[103.745478,1.3813524],[103.7454902,1.3813798],[103.7455075,1.381372],[103.7455059,1.3813683],[103.7455253,1.381359],[103.7455682,1.3814552],[103.7454911,1.3814899],[103.7454795,1.381464],[103.7454693,1.3814686],[103.7454721,1.3814757],[103.7454281,1.3814955],[103.7454248,1.381488],[103.7451759,1.3816002],[103.7451792,1.3816078],[103.7451524,1.3816199],[103.7451501,1.3816147],[103.7451237,1.3816267],[103.7451259,1.3816318],[103.7450628,1.3816603],[103.7450481,1.3816273],[103.7450671,1.3816187],[103.7450547,1.3815908],[103.7450406,1.3815972],[103.7450172,1.3815447],[103.7450458,1.3815318],[103.7450492,1.3815395],[103.7450634,1.3815331],[103.7450599,1.3815252],[103.7450883,1.3815124],[103.7450915,1.3815195],[103.7451491,1.3814935],[103.745146,1.3814865],[103.7451743,1.3814737],[103.7451772,1.3814803],[103.7452528,1.3814462],[103.7452492,1.3814382],[103.7452776,1.3814253],[103.7452807,1.3814323],[103.7453138,1.3814174],[103.7453106,1.3814104],[103.7453389,1.3813976],[103.7453418,1.381404],[103.7453821,1.3813858],[103.7453865,1.3813956],[103.7454244,1.3813785],[103.7453441,1.3811981],[103.7453209,1.3812085],[103.7453232,1.3812136],[103.7452952,1.3812262],[103.7452929,1.3812211],[103.7452493,1.3812415],[103.7452038,1.3811388]]]}},{"type":"Feature","properties":{"type":"HDB"},"geometry":{"type":"Polygon","coordinates":[[[103.7428931,1.38159],[103.7428416,1.3815553],[103.7428156,1.3815941],[103.742867,1.3816289],[103.7428173,1.3817031],[103.7427382,1.3816493],[103.7427618,1.381614],[103.7427508,1.3816066],[103.742791,1.3815466],[103.742334,1.3812364],[103.7423004,1.3812866],[103.7422877,1.381278],[103.7422661,1.3813103],[103.7421935,1.3813052],[103.7421967,1.3812585],[103.7422011,1.381252],[103.7421937,1.3812469],[103.7422289,1.3811944],[103.7422833,1.3812315],[103.7423094,1.3811926],[103.742255,1.3811554],[103.7423047,1.3810812],[103.7426608,1.381323],[103.7426761,1.3813001],[103.7427014,1.3813173],[103.7426861,1.3813402],[103.7428306,1.3814383],[103.7428459,1.3814154],[103.7428713,1.3814326],[103.7428559,1.3814555],[103.7429434,1.3815149],[103.7428931,1.38159]]]}},{"type":"Feature","properties":{"type":"HDB"},"geometry":{"type":"Polygon","coordinates":[[[103.7390312,1.3805076],[103.7390556,1.3804957],[103.7390436,1.3804709],[103.739071,1.3804574],[103.739083,1.3804822],[103.7391075,1.3804702],[103.7395863,1.3805039],[103.7395767,1.380642],[103.7395122,1.3806374],[103.739514,1.3806112],[103.7391294,1.3805842],[103.7391068,1.3805953],[103.739042,1.3806919],[103.7390288,1.3806831],[103.7390036,1.3807196],[103.7390299,1.3807454],[103.7390339,1.3807413],[103.7390477,1.3807548],[103.7390586,1.3807427],[103.7390984,1.3807814],[103.7390809,1.3807996],[103.7390773,1.3807961],[103.7390249,1.3808507],[103.7389593,1.380787],[103.7389518,1.3807948],[103.7388827,1.3807283],[103.7390312,1.3805076]]]}},{"type":"Feature","properties":{"type":"HDB"},"geometry":{"type":"Polygon","coordinates":[[[103.740067,1.3809774],[103.739444,1.3809335],[103.7394502,1.380844],[103.7395145,1.3808488],[103.7395178,1.3808019],[103.7394535,1.3807974],[103.7394601,1.3807026],[103.7395739,1.3807106],[103.7395656,1.3808297],[103.7397395,1.3808419],[103.7397417,1.3808108],[103.7397892,1.3808142],[103.739787,1.3808453],[103.7399609,1.3808575],[103.7399692,1.3807384],[103.7400831,1.3807465],[103.7400765,1.3808409],[103.7400123,1.3808363],[103.7400091,1.3808831],[103.7400732,1.3808877],[103.740067,1.3809774]]]}},{"type":"Feature","properties":{"type":"HDB"},"geometry":{"type":"Polygon","coordinates":[[[103.7412133,1.3807864],[103.7411714,1.3807836],[103.7411703,1.3807988],[103.7410984,1.3807937],[103.7410868,1.3809591],[103.7410711,1.380958],[103.7410697,1.3809768],[103.7410635,1.3809764],[103.7410614,1.3810055],[103.7410916,1.3810076],[103.7410927,1.3809918],[103.7415552,1.3810244],[103.7415535,1.3810489],[103.7415451,1.381048],[103.7415423,1.381088],[103.7415507,1.3810886],[103.7415483,1.3811227],[103.7414835,1.3811183],[103.7414826,1.3811317],[103.741252,1.3811154],[103.7412501,1.3811429],[103.7412196,1.3811408],[103.7412216,1.3811133],[103.7409652,1.3810957],[103.7409948,1.3806767],[103.7410845,1.380683],[103.7410799,1.3807458],[103.7411264,1.380749],[103.7411309,1.3806863],[103.7412198,1.3806925],[103.7412133,1.3807864]]]}},{"type":"Feature","properties":{"type":"HDB"},"geometry":{"type":"Polygon","coordinates":[[[103.7377871,1.3808734],[103.7378149,1.3808712],[103.7378165,1.3808908],[103.7378517,1.380888],[103.7378508,1.3808767],[103.7379288,1.3808705],[103.7379306,1.3808926],[103.7379591,1.3808904],[103.7379573,1.3808682],[103.7380358,1.3808619],[103.7380363,1.3808679],[103.7380597,1.380866],[103.7380592,1.38086],[103.7381373,1.3808538],[103.7381391,1.3808763],[103.7381548,1.3808751],[103.7381601,1.3809428],[103.7381281,1.3809453],[103.7381293,1.3809597],[103.7373465,1.3810222],[103.7373454,1.3810082],[103.7373136,1.3810107],[103.7373082,1.380943],[103.7373238,1.3809418],[103.737322,1.3809189],[103.7374,1.3809127],[103.7374005,1.3809191],[103.7374236,1.3809173],[103.7374231,1.3809109],[103.7375011,1.3809047],[103.7375028,1.3809266],[103.7375318,1.3809243],[103.7375301,1.3809024],[103.7376836,1.3808901],[103.7376853,1.3809122],[103.7377139,1.3809099],[103.7377122,1.3808878],[103.7377878,1.3808818],[103.7377871,1.3808734]]]}},{"type":"Feature","properties":{"type":"HDB"},"geometry":{"type":"Polygon","coordinates":[[[103.7417479,1.3810642],[103.7419135,1.3810759],[103.7419121,1.3810893],[103.7419312,1.3810907],[103.7419307,1.3810969],[103.7419601,1.381099],[103.7419623,1.3810679],[103.7419449,1.3810667],[103.7419528,1.3809536],[103.7419418,1.3809308],[103.7418859,1.3808929],[103.7419483,1.3807999],[103.7420289,1.3808546],[103.7420408,1.3808792],[103.7420654,1.3808671],[103.7420788,1.3808948],[103.7420542,1.3809069],[103.7420661,1.3809314],[103.7420479,1.3811982],[103.7416755,1.3811716],[103.7416851,1.3810336],[103.7417497,1.3810381],[103.7417479,1.3810642]]]}},{"type":"Feature","properties":{"type":"HDB"},"geometry":{"type":"Polygon","coordinates":[[[103.7391475,1.3808141],[103.739894,1.3815397],[103.7398165,1.3816203],[103.7396017,1.3814114],[103.7395826,1.3814313],[103.7395607,1.3814099],[103.7395797,1.3813901],[103.7394543,1.3812682],[103.7394353,1.3812881],[103.7394133,1.3812667],[103.7394323,1.3812468],[103.7390701,1.3808947],[103.7391475,1.3808141]]]}},{"type":"Feature","properties":{"type":"HDB"},"geometry":{"type":"Polygon","coordinates":[[[103.7400407,1.38135],[103.7400549,1.3813573],[103.7400428,1.3813845],[103.7400282,1.3813779],[103.739954,1.381456],[103.7399012,1.3814046],[103.7398977,1.3814082],[103.7398803,1.3813912],[103.7399343,1.381335],[103.7399457,1.3813093],[103.7399654,1.3810256],[103.7399896,1.3810273],[103.7399893,1.3810322],[103.7400627,1.3810374],[103.7400562,1.3811265],[103.7400709,1.3811277],[103.7400688,1.3811575],[103.7400542,1.3811565],[103.7400407,1.38135]]]}},{"type":"Feature","properties":{"type":"HDB"},"geometry":{"type":"Polygon","coordinates":[[[103.7371398,1.3812665],[103.7379225,1.381204],[103.7379237,1.3812184],[103.7379557,1.3812158],[103.7379611,1.3812835],[103.7379454,1.3812848],[103.7379472,1.3813073],[103.7378691,1.3813135],[103.7378686,1.3813075],[103.7378452,1.3813094],[103.7378457,1.3813154],[103.7377672,1.3813216],[103.7377654,1.3812995],[103.7377369,1.3813018],[103.7377387,1.3813239],[103.7376607,1.3813302],[103.7376598,1.3813189],[103.7376245,1.3813217],[103.7376261,1.3813413],[103.7375983,1.3813436],[103.7375976,1.3813352],[103.737522,1.3813412],[103.7375203,1.3813191],[103.7374917,1.3813213],[103.7374934,1.3813435],[103.7373399,1.3813558],[103.7373382,1.3813338],[103.7373092,1.3813361],[103.7373109,1.381358],[103.737233,1.3813643],[103.7372325,1.3813579],[103.7372093,1.3813598],[103.7372098,1.3813661],[103.7371319,1.3813724],[103.7371301,1.3813495],[103.7371145,1.3813508],[103.7371091,1.3812831],[103.7371409,1.3812806],[103.7371398,1.3812665]]]}},{"type":"Feature","properties":{"type":"HDB"},"geometry":{"type":"Polygon","coordinates":[[[103.740956,1.3815929],[103.7409773,1.3812778],[103.7410912,1.3812856],[103.7410699,1.3816007],[103.740956,1.3815929]]]}},{"type":"Feature","properties":{"type":"HDB"},"geometry":{"type":"Polygon","coordinates":[[[103.7411918,1.3816243],[103.7411988,1.3815151],[103.7413416,1.3815255],[103.7413423,1.3815152],[103.7413306,1.3815144],[103.7413369,1.3814244],[103.7413481,1.3814252],[103.7413488,1.3814164],[103.7412066,1.3814077],[103.7412148,1.3812941],[103.7413142,1.381302],[103.7413133,1.3813149],[103.7413487,1.3813174],[103.7413496,1.3813043],[103.7414702,1.381313],[103.7414636,1.3814074],[103.7414243,1.3814046],[103.7414226,1.381429],[103.7415601,1.3814375],[103.7415535,1.3815316],[103.7414162,1.381521],[103.7414145,1.3815444],[103.7414535,1.3815471],[103.7414473,1.3816414],[103.7413264,1.3816328],[103.7413273,1.3816199],[103.7412931,1.3816175],[103.7412921,1.3816306],[103.7411918,1.3816243]]]}},{"type":"Feature","properties":{"type":"HDB"},"geometry":{"type":"Polygon","coordinates":[[[103.7444186,1.3814603],[103.744392,1.381294],[103.7443858,1.381295],[103.7443751,1.3812281],[103.7444105,1.3812223],[103.7444133,1.3812424],[103.7444409,1.3812379],[103.7444384,1.3812233],[103.7444957,1.381214],[103.7445006,1.3812446],[103.7444951,1.3812454],[103.7444977,1.3812616],[103.7445032,1.3812609],[103.7445079,1.3812902],[103.7445024,1.3812911],[103.7445081,1.3813269],[103.7445136,1.381326],[103.7445182,1.381355],[103.7445129,1.3813559],[103.7445158,1.3813739],[103.7445009,1.3813763],[103.7445047,1.3814003],[103.7445114,1.3814109],[103.744532,1.3814259],[103.7445408,1.3814137],[103.7445559,1.3814247],[103.7445596,1.38142],[103.7445838,1.3814376],[103.7445803,1.3814424],[103.7446082,1.3814627],[103.7446117,1.381458],[103.744636,1.3814756],[103.7446324,1.3814806],[103.7447046,1.3815331],[103.7447082,1.3815282],[103.7447319,1.3815454],[103.744728,1.3815509],[103.7447422,1.3815612],[103.7447171,1.381596],[103.7447531,1.3816222],[103.7447459,1.3816321],[103.7447736,1.3816523],[103.7447809,1.3816424],[103.7448168,1.3816686],[103.744837,1.3816594],[103.7448255,1.3816335],[103.7448523,1.3816215],[103.7448553,1.3816279],[103.7448867,1.3816138],[103.7448838,1.3816072],[103.7449112,1.3815949],[103.7449143,1.3816016],[103.7449294,1.3815948],[103.7449264,1.381588],[103.7449541,1.3815755],[103.7449777,1.3816283],[103.7449651,1.3816337],[103.7449766,1.3816594],[103.744994,1.3816517],[103.7450087,1.3816847],[103.7449472,1.3817124],[103.7449446,1.3817067],[103.7448289,1.3817588],[103.7447654,1.3817126],[103.7446411,1.3818856],[103.7446914,1.3819222],[103.7446335,1.3820028],[103.74455,1.3819421],[103.7445627,1.3819244],[103.7445656,1.3819265],[103.7445767,1.381911],[103.7445508,1.3818921],[103.7445397,1.3819076],[103.7445429,1.3819099],[103.74453,1.3819275],[103.7444449,1.3818655],[103.7445028,1.3817849],[103.7445536,1.3818219],[103.7445964,1.3817622],[103.7445907,1.3817581],[103.7446082,1.3817338],[103.7446138,1.3817378],[103.7446347,1.3817087],[103.7446292,1.3817046],[103.7446465,1.3816805],[103.7446519,1.3816845],[103.7446771,1.3816494],[103.7444186,1.3814603]]]}},{"type":"Feature","properties":{"type":"HDB"},"geometry":{"type":"Polygon","coordinates":[[[103.7454847,1.3818916],[103.7455108,1.3819093],[103.7455215,1.3818934],[103.7457684,1.3817723],[103.7458396,1.3819194],[103.7457815,1.3819479],[103.7457582,1.3819],[103.7455959,1.3819796],[103.7454132,1.3822521],[103.745393,1.3822384],[103.7453969,1.3822321],[103.7453467,1.382198],[103.7453424,1.382204],[103.7453223,1.3821904],[103.7454847,1.3819483],[103.7454586,1.3819305],[103.7454847,1.3818916]]]}},{"type":"Feature","properties":{"type":"HDB"},"geometry":{"type":"Polygon","coordinates":[[[103.7432345,1.3823993],[103.7433023,1.3821824],[103.7434921,1.3818822],[103.7435807,1.381939],[103.7435557,1.3819715],[103.7435823,1.3819885],[103.7435918,1.3819735],[103.7435888,1.3819715],[103.743601,1.381952],[103.7437973,1.3820777],[103.7437851,1.382097],[103.7437823,1.3820952],[103.7437726,1.3821106],[103.7437991,1.3821275],[103.7438086,1.3821126],[103.7438055,1.3821106],[103.7438179,1.3820909],[103.7438867,1.3821349],[103.7438827,1.3822267],[103.7438431,1.3822013],[103.7438334,1.3822166],[103.7435363,1.3820263],[103.743503,1.3820789],[103.7434993,1.3820765],[103.7434891,1.3820927],[103.7434927,1.3820951],[103.7434762,1.3821213],[103.7434718,1.3821185],[103.7434387,1.3821708],[103.7434431,1.3821735],[103.7434267,1.3821995],[103.7434224,1.3821968],[103.7434013,1.3822301],[103.7433899,1.3822667],[103.743395,1.3822685],[103.7433858,1.3822981],[103.7433814,1.3822968],[103.7433681,1.3823393],[103.7434899,1.3823778],[103.7434607,1.382471],[103.7433577,1.3824384],[103.7433649,1.3824161],[103.7433682,1.3824171],[103.7433733,1.3824008],[103.7433437,1.3823915],[103.7433385,1.3824081],[103.7433417,1.3824091],[103.7433348,1.3824311],[103.7432345,1.3823993]]]}},{"type":"Feature","properties":{"type":"HDB"},"geometry":{"type":"Polygon","coordinates":[[[103.7449146,1.3822746],[103.7449732,1.3821872],[103.745006,1.3822136],[103.7450232,1.3821881],[103.7450064,1.3821767],[103.7450035,1.3821809],[103.7449855,1.3821688],[103.7450448,1.3820804],[103.7451267,1.3821361],[103.7450902,1.3821906],[103.7451281,1.3822164],[103.7451337,1.3822085],[103.745158,1.3822249],[103.7451529,1.3822326],[103.7451662,1.3822416],[103.7451715,1.3822341],[103.7451991,1.3822529],[103.7451685,1.3822985],[103.7451585,1.3822918],[103.7451478,1.3823079],[103.7451577,1.3823146],[103.7451348,1.3823489],[103.7450312,1.3822785],[103.7449965,1.3823302],[103.7449146,1.3822746]]]}},{"type":"Feature","properties":{"type":"HDB"},"geometry":{"type":"Polygon","coordinates":[[[103.7451559,1.3824385],[103.7452061,1.3823638],[103.7452575,1.3823986],[103.7452835,1.3823598],[103.7452321,1.382325],[103.7452826,1.3822496],[103.7453596,1.3823019],[103.745329,1.3823476],[103.7453421,1.3823565],[103.7453074,1.3824083],[103.7455778,1.382592],[103.7455165,1.3826834],[103.7452796,1.3825225],[103.745262,1.3825487],[103.7452233,1.3825225],[103.7452409,1.3824962],[103.7451559,1.3824385]]]}},{"type":"Feature","properties":{"type":"HDB"},"geometry":{"type":"Polygon","coordinates":[[[103.7434353,1.3828477],[103.7435974,1.3823292],[103.7436951,1.3823601],[103.7436882,1.382382],[103.7436848,1.382381],[103.7436796,1.3823977],[103.7437094,1.3824071],[103.7437146,1.3823903],[103.7437113,1.3823893],[103.7437181,1.3823674],[103.7439385,1.3824372],[103.743935,1.3825205],[103.743894,1.3825075],[103.7438888,1.3825239],[103.743672,1.3824569],[103.7436693,1.3824658],[103.7436663,1.3824648],[103.7436616,1.3824799],[103.7436693,1.3824824],[103.7436602,1.3825115],[103.7436525,1.3825089],[103.7436341,1.3825678],[103.7436418,1.3825702],[103.7436327,1.3825991],[103.743625,1.3825969],[103.7435984,1.3826816],[103.7436061,1.3826841],[103.743597,1.3827131],[103.7435893,1.3827107],[103.7435836,1.3827288],[103.7435913,1.3827312],[103.7435733,1.382789],[103.7436907,1.3828262],[103.7436615,1.3829193],[103.7435589,1.3828868],[103.7435657,1.382865],[103.7435692,1.3828662],[103.7435744,1.3828498],[103.7435444,1.3828403],[103.7435393,1.3828569],[103.7435428,1.382858],[103.7435356,1.3828794],[103.7434353,1.3828477]]]}},{"type":"Feature","properties":{"type":"HDB"},"geometry":{"type":"Polygon","coordinates":[[[103.745578,1.3825921],[103.7459558,1.3828488],[103.7459463,1.3828625],[103.7459665,1.3828761],[103.7459559,1.3828918],[103.7459805,1.3829086],[103.7460106,1.3828637],[103.7459952,1.3828533],[103.746009,1.3828327],[103.7459953,1.3828234],[103.7460542,1.3827355],[103.7460559,1.3827103],[103.7460264,1.3826493],[103.7461249,1.3826009],[103.7461673,1.3826885],[103.7461615,1.3827728],[103.7460169,1.3829884],[103.7460228,1.3829925],[103.7460067,1.3830165],[103.7457967,1.3828738],[103.7457791,1.3829],[103.7457404,1.3828737],[103.745758,1.3828475],[103.7455166,1.3826835],[103.745578,1.3825921]]]}},{"type":"Feature","properties":{"type":"HDB"},"geometry":{"type":"Polygon","coordinates":[[[103.7430322,1.3830462],[103.7431679,1.3826122],[103.7432656,1.3826432],[103.7432589,1.3826649],[103.7432556,1.3826639],[103.7432503,1.3826807],[103.74328,1.3826901],[103.7432853,1.3826734],[103.7432818,1.3826723],[103.7432887,1.3826505],[103.7433916,1.3826831],[103.7433624,1.3827763],[103.7432432,1.3827386],[103.7432389,1.3827523],[103.7432355,1.3827513],[103.7432308,1.3827663],[103.7432385,1.3827688],[103.7432294,1.3827979],[103.7432218,1.3827952],[103.7431951,1.3828805],[103.7432029,1.3828829],[103.7431939,1.3829117],[103.7431862,1.382909],[103.7431804,1.3829274],[103.7431882,1.3829298],[103.7431702,1.3829875],[103.7435327,1.3831023],[103.7435036,1.3831955],[103.7434006,1.3831629],[103.7434073,1.3831407],[103.7434106,1.3831418],[103.7434157,1.3831254],[103.7433861,1.383116],[103.743381,1.3831324],[103.7433845,1.3831335],[103.7433776,1.3831556],[103.743156,1.3830854],[103.743163,1.3830632],[103.7431663,1.3830643],[103.7431714,1.383048],[103.7431417,1.3830386],[103.7431366,1.383055],[103.74314,1.3830561],[103.743133,1.3830781],[103.7430322,1.3830462]]]}},{"type":"Feature","properties":{"type":"HDB"},"geometry":{"type":"Polygon","coordinates":[[[103.74472,1.3828047],[103.7447315,1.3827876],[103.7447356,1.3827902],[103.7447436,1.3827783],[103.7447395,1.3827755],[103.7447695,1.3827308],[103.7448592,1.3827918],[103.7448519,1.3828031],[103.7449017,1.3828369],[103.7449092,1.3828257],[103.7449892,1.3828801],[103.7449304,1.3829679],[103.7447899,1.3828725],[103.7447309,1.3829606],[103.7448712,1.383056],[103.7448123,1.383144],[103.7447322,1.3830896],[103.74474,1.3830779],[103.7446902,1.383044],[103.7446823,1.3830557],[103.7446034,1.3830021],[103.7445912,1.3829387],[103.7446292,1.3829312],[103.7446623,1.3829537],[103.7446844,1.3829207],[103.7446092,1.3828696],[103.7445969,1.3828056],[103.7446605,1.3827932],[103.7447348,1.3828437],[103.7447481,1.3828238],[103.74472,1.3828047]]]}},{"type":"Feature","properties":{"type":"HDB"},"geometry":{"type":"Polygon","coordinates":[[[103.7436816,1.3832585],[103.7438173,1.3828246],[103.7439151,1.3828556],[103.7439084,1.3828773],[103.7439049,1.3828762],[103.7438997,1.3828929],[103.7439292,1.3829023],[103.7439343,1.3828857],[103.743931,1.3828847],[103.7439379,1.3828628],[103.7440363,1.3828939],[103.7440328,1.3829772],[103.7439905,1.3829638],[103.7439853,1.3829802],[103.7438924,1.3829512],[103.7438802,1.382979],[103.743888,1.3829814],[103.7438789,1.3830104],[103.7438711,1.3830083],[103.7438447,1.3830925],[103.7438524,1.383095],[103.7438435,1.3831237],[103.7438358,1.3831212],[103.7438302,1.383139],[103.7438379,1.3831416],[103.7438196,1.3831998],[103.7440545,1.3832742],[103.7440509,1.3833574],[103.7440099,1.3833445],[103.7440048,1.3833609],[103.7438048,1.3832975],[103.7438113,1.3832753],[103.743815,1.3832764],[103.7438201,1.3832602],[103.7437908,1.3832509],[103.7437857,1.3832672],[103.7437889,1.3832683],[103.7437823,1.3832904],[103.7436816,1.3832585]]]}},{"type":"Feature","properties":{"type":"HDB"},"geometry":{"type":"Polygon","coordinates":[[[103.7401293,1.3816264],[103.7400485,1.3815478],[103.740135,1.3814577],[103.7401446,1.3814667],[103.7401858,1.3814239],[103.7403551,1.3814359],[103.740356,1.3814235],[103.7405695,1.3814385],[103.7405617,1.3815513],[103.7402242,1.3815275],[103.7401293,1.3816264]]]}},{"type":"Feature","properties":{"type":"HDB"},"geometry":{"type":"Polygon","coordinates":[[[103.7374999,1.3814421],[103.737593,1.3814346],[103.7376011,1.3815364],[103.7375798,1.3815382],[103.7375826,1.3815733],[103.7376039,1.3815715],[103.7376116,1.3816699],[103.7375318,1.3816763],[103.7375311,1.3816672],[103.7373563,1.3816811],[103.7373574,1.3816951],[103.7373757,1.3816936],[103.7373798,1.3817459],[103.7373484,1.3817484],[103.7373495,1.3817627],[103.7373876,1.3817597],[103.7373894,1.3817828],[103.7373991,1.3817821],[103.7373989,1.3817798],[103.7374487,1.3817759],[103.7374512,1.381808],[103.7374312,1.3818096],[103.7374348,1.3818542],[103.7373485,1.3818611],[103.7373471,1.3818435],[103.7372856,1.3818484],[103.737287,1.381866],[103.7372005,1.3818729],[103.737197,1.3818283],[103.7371771,1.3818299],[103.7371746,1.3817977],[103.7372246,1.3817937],[103.7372248,1.3817961],[103.7372346,1.3817953],[103.7372327,1.3817721],[103.7372762,1.3817686],[103.737275,1.3817543],[103.7372571,1.3817557],[103.737253,1.3817033],[103.7372682,1.3817021],[103.7372673,1.3816906],[103.7369795,1.3817136],[103.7369723,1.3816226],[103.7369911,1.381621],[103.7369893,1.3815985],[103.7370702,1.381592],[103.7370717,1.3816108],[103.7370969,1.3816088],[103.7370972,1.381613],[103.7371107,1.3816119],[103.7371089,1.381589],[103.7372192,1.3815802],[103.7372194,1.3815827],[103.7372463,1.3815805],[103.7372477,1.3815977],[103.7372637,1.3815964],[103.737265,1.3816136],[103.7372811,1.3816123],[103.7372838,1.3816466],[103.7373178,1.3816439],[103.7373151,1.3816097],[103.7373313,1.3816084],[103.7373299,1.3815911],[103.7373462,1.3815898],[103.7373448,1.3815726],[103.7373715,1.3815705],[103.7373713,1.381568],[103.7374812,1.3815593],[103.737483,1.3815823],[103.7374966,1.3815813],[103.7374948,1.3815582],[103.7375089,1.381557],[103.7374999,1.3814421]]]}},{"type":"Feature","properties":{"type":"HDB"},"geometry":{"type":"Polygon","coordinates":[[[103.7422387,1.3814352],[103.7422322,1.3815291],[103.7421901,1.381526],[103.742189,1.3815414],[103.7421173,1.3815364],[103.7421058,1.3817018],[103.7420902,1.3817005],[103.7420888,1.3817197],[103.7420824,1.3817192],[103.7420804,1.3817484],[103.7421106,1.3817505],[103.7421117,1.3817345],[103.742636,1.3817714],[103.7426586,1.3817603],[103.7426963,1.3817041],[103.7427791,1.3817603],[103.7427247,1.3818367],[103.742705,1.3818468],[103.7427107,1.3818595],[103.7426579,1.3818854],[103.7424753,1.3818725],[103.7424734,1.3819001],[103.7424429,1.3818979],[103.7424449,1.3818704],[103.742271,1.3818581],[103.742269,1.3818857],[103.7422386,1.3818835],[103.7422405,1.381856],[103.7419841,1.3818384],[103.7420137,1.3814194],[103.742104,1.3814258],[103.7420993,1.3814885],[103.7421456,1.3814918],[103.7421498,1.381429],[103.7422387,1.3814352]]]}},{"type":"Feature","properties":{"type":"HDB"},"geometry":{"type":"Polygon","coordinates":[[[103.7410509,1.3818722],[103.740428,1.3818283],[103.7404342,1.3817387],[103.7404985,1.3817435],[103.7405018,1.3816967],[103.7404375,1.3816922],[103.7404441,1.3815974],[103.7405579,1.3816054],[103.7405496,1.3817245],[103.7407235,1.3817367],[103.7407257,1.3817056],[103.7407732,1.3817089],[103.740771,1.3817401],[103.7409449,1.3817523],[103.7409532,1.3816332],[103.741067,1.3816412],[103.7410604,1.3817357],[103.7409963,1.3817311],[103.740993,1.3817779],[103.7410572,1.3817825],[103.7410509,1.3818722]]]}},{"type":"Feature","properties":{"type":"HDB"},"geometry":{"type":"Polygon","coordinates":[[[103.7417217,1.3821031],[103.7416214,1.3820953],[103.7416223,1.3820822],[103.7415881,1.3820798],[103.7415872,1.3820927],[103.7414663,1.3820842],[103.7414733,1.38199],[103.7415122,1.3819927],[103.7415138,1.3819693],[103.7413763,1.3819606],[103.7413829,1.3818665],[103.7415202,1.3818774],[103.741522,1.381853],[103.7414826,1.3818502],[103.7414892,1.3817558],[103.7416098,1.3817641],[103.7416088,1.3817772],[103.7416442,1.3817797],[103.7416452,1.3817668],[103.7417447,1.3817729],[103.741737,1.3818866],[103.7415951,1.3818752],[103.7415945,1.381884],[103.7416057,1.3818848],[103.7415995,1.3819748],[103.7415877,1.381974],[103.741587,1.3819843],[103.7417299,1.381994],[103.7417217,1.3821031]]]}},{"type":"Feature","properties":{"type":"HDB"},"geometry":{"type":"Polygon","coordinates":[[[103.739978,1.3816213],[103.7407244,1.3823469],[103.740647,1.3824276],[103.7402848,1.3820755],[103.7402657,1.3820953],[103.7402437,1.3820739],[103.7402628,1.3820541],[103.7401374,1.3819322],[103.7401184,1.3819521],[103.7400964,1.3819307],[103.7401154,1.3819109],[103.7399005,1.381702],[103.739978,1.3816213]]]}},{"type":"Feature","properties":{"type":"HDB"},"geometry":{"type":"Polygon","coordinates":[[[103.7420677,1.3822165],[103.7419803,1.3822104],[103.7419799,1.3822179],[103.7419497,1.3822158],[103.7419502,1.3822081],[103.7419069,1.382205],[103.7419026,1.3822596],[103.7418381,1.3822551],[103.7418495,1.3820909],[103.7419104,1.3820952],[103.7419108,1.3820898],[103.741943,1.382092],[103.7419425,1.3820974],[103.7422236,1.3821172],[103.7422239,1.3821133],[103.7422669,1.3821163],[103.7422667,1.3821203],[103.7425634,1.3821412],[103.7425638,1.3821364],[103.7425964,1.3821387],[103.7425958,1.3821435],[103.7426585,1.3821479],[103.7426158,1.3823138],[103.7425532,1.3822975],[103.7425631,1.382259],[103.7425386,1.3822519],[103.7424994,1.3822492],[103.7424989,1.3822545],[103.742469,1.3822524],[103.7424693,1.382247],[103.7424073,1.3822426],[103.7424068,1.382248],[103.7423774,1.3822459],[103.7423778,1.3822399],[103.7423425,1.3822374],[103.7423421,1.3822434],[103.7423128,1.3822414],[103.7423133,1.3822346],[103.7422682,1.3822314],[103.742269,1.3822196],[103.7422085,1.3822154],[103.7422077,1.3822272],[103.742162,1.382224],[103.7421615,1.3822307],[103.7421318,1.3822286],[103.7421323,1.3822211],[103.7420974,1.3822186],[103.7420969,1.3822262],[103.7420671,1.3822241],[103.7420677,1.3822165]]]}},{"type":"Feature","properties":{"type":"HDB"},"geometry":{"type":"Polygon","coordinates":[[[103.7409994,1.3824209],[103.7408185,1.38261],[103.7407496,1.3825412],[103.7407565,1.3825341],[103.7406857,1.3824653],[103.7407388,1.38241],[103.7407353,1.3824065],[103.7407521,1.382389],[103.7407926,1.3824283],[103.7407818,1.3824395],[103.7407952,1.3824526],[103.740791,1.382457],[103.740812,1.3824774],[103.7408327,1.3824558],[103.7408215,1.3824449],[103.7409057,1.3823572],[103.740917,1.3823315],[103.7409368,1.3820474],[103.741048,1.3820552],[103.7410268,1.3823591],[103.7410193,1.3823759],[103.7410444,1.3823871],[103.7410319,1.3824152],[103.7410069,1.382404],[103.7409994,1.3824209]]]}},{"type":"Feature","properties":{"type":"HDB"},"geometry":{"type":"Polygon","coordinates":[[[103.7415886,1.3826707],[103.7415623,1.3826589],[103.7412102,1.3823167],[103.7412001,1.3822908],[103.7412157,1.382067],[103.7412594,1.3820701],[103.7412586,1.3820808],[103.7412768,1.3820821],[103.7412775,1.3820714],[103.7413322,1.3820752],[103.7413299,1.3821078],[103.7413235,1.3821074],[103.7413224,1.3821232],[103.7413288,1.3821238],[103.7413267,1.382154],[103.7413205,1.3821536],[103.741318,1.3821893],[103.7413242,1.3821897],[103.7413221,1.3822203],[103.7413161,1.3822199],[103.7413148,1.3822391],[103.7412996,1.382238],[103.7412979,1.3822618],[103.7413027,1.3822742],[103.7413197,1.3822909],[103.7413308,1.3822801],[103.7413445,1.3822934],[103.7413492,1.3822883],[103.741371,1.3823095],[103.7413663,1.3823146],[103.7413913,1.3823386],[103.7413961,1.3823339],[103.7414177,1.3823549],[103.7414135,1.3823598],[103.7415217,1.382465],[103.7415262,1.3824604],[103.7415475,1.3824811],[103.741543,1.3824857],[103.7415682,1.3825101],[103.7415727,1.3825056],[103.741594,1.3825263],[103.7415896,1.382531],[103.7416034,1.3825442],[103.7415933,1.3825547],[103.7416099,1.3825708],[103.741623,1.3825767],[103.7416463,1.3825783],[103.7416473,1.3825632],[103.7416661,1.3825646],[103.7416665,1.3825584],[103.7416961,1.3825605],[103.7416958,1.3825665],[103.741731,1.3825689],[103.7417315,1.382563],[103.741761,1.382565],[103.7417602,1.382571],[103.7417765,1.3825722],[103.7417769,1.3825662],[103.7418088,1.3825684],[103.741805,1.3826237],[103.7417951,1.382623],[103.7417938,1.382641],[103.7418037,1.3826418],[103.7418007,1.3826857],[103.7415886,1.3826707]]]}},{"type":"Feature","properties":{"type":"HDB"},"geometry":{"type":"Polygon","coordinates":[[[103.7423574,1.3828495],[103.7423632,1.3828511],[103.7423723,1.3828158],[103.7423664,1.3828142],[103.742374,1.3827849],[103.742378,1.3827861],[103.7424066,1.3826749],[103.7424026,1.3826738],[103.7424099,1.3826452],[103.7424161,1.3826466],[103.7424248,1.3826126],[103.7424187,1.382611],[103.742426,1.3825827],[103.7424303,1.3825839],[103.7424527,1.3824966],[103.7424484,1.3824955],[103.742456,1.3824662],[103.7424624,1.3824678],[103.7424779,1.3824074],[103.7424715,1.3824058],[103.7424788,1.3823776],[103.7424855,1.3823791],[103.7424895,1.3823635],[103.7424829,1.3823616],[103.7424909,1.3823304],[103.7425444,1.3823443],[103.7425415,1.3823544],[103.7425597,1.3823592],[103.7425626,1.3823491],[103.742604,1.3823598],[103.7425808,1.38245],[103.7425835,1.3824509],[103.7425757,1.3824812],[103.742573,1.3824805],[103.7425049,1.3827449],[103.7425082,1.3827457],[103.7425008,1.3827742],[103.7424976,1.3827734],[103.742429,1.3830401],[103.7424322,1.3830409],[103.7424251,1.3830687],[103.7424219,1.3830679],[103.742398,1.3831609],[103.7423562,1.38315],[103.7423592,1.3831388],[103.7423408,1.383134],[103.742338,1.3831453],[103.7422849,1.3831314],[103.7422931,1.3830995],[103.7422992,1.3831012],[103.7423033,1.3830853],[103.7422972,1.3830837],[103.7423043,1.3830557],[103.7423106,1.3830571],[103.7423261,1.3829966],[103.74232,1.382995],[103.7423275,1.3829657],[103.7423318,1.3829667],[103.7423541,1.3828797],[103.7423499,1.3828786],[103.7423574,1.3828495]]]}},{"type":"Feature","properties":{"type":"HDB"},"geometry":{"type":"Polygon","coordinates":[[[103.758079,1.3788988],[103.7579342,1.3788466],[103.7579411,1.3788271],[103.7579132,1.3788171],[103.7579063,1.3788365],[103.7578326,1.3788099],[103.7578357,1.3788014],[103.7578147,1.3787938],[103.7578117,1.3788024],[103.7577373,1.3787755],[103.757744,1.3787567],[103.7577289,1.3787513],[103.7577531,1.3786832],[103.7577827,1.3786939],[103.7577866,1.378683],[103.7578437,1.3787036],[103.7578474,1.3786932],[103.7582196,1.3788285],[103.7582379,1.3788676],[103.7582842,1.3788456],[103.7583188,1.3789192],[103.7582725,1.3789412],[103.7582908,1.3789803],[103.7582276,1.3791581],[103.7580632,1.3792372],[103.7580586,1.3792273],[103.7580033,1.3792535],[103.7579984,1.3792429],[103.7579698,1.3792565],[103.7579391,1.379191],[103.7579535,1.3791841],[103.7579452,1.3791663],[103.7580169,1.3791322],[103.7580207,1.3791402],[103.7580408,1.3791307],[103.758037,1.3791226],[103.7581081,1.3790889],[103.7581168,1.3791074],[103.7581314,1.3791005],[103.7581493,1.3791388],[103.7581563,1.3791355],[103.7581622,1.3791189],[103.7581517,1.3791151],[103.758158,1.3790974],[103.7581322,1.379088],[103.7581477,1.3790446],[103.7581672,1.3790517],[103.7581772,1.3790235],[103.7581577,1.3790165],[103.7581732,1.378973],[103.7581991,1.3789823],[103.7582052,1.3789649],[103.7582159,1.3789688],[103.7582244,1.3789449],[103.7582047,1.3789028],[103.7581811,1.3788943],[103.7581773,1.3789049],[103.7581597,1.3788986],[103.7581504,1.3789246],[103.7581069,1.3789089],[103.7581139,1.3788893],[103.7580859,1.3788792],[103.758079,1.3788988]]]}},{"type":"Feature","properties":{"type":"HDB"},"geometry":{"type":"Polygon","coordinates":[[[103.7550723,1.3792326],[103.7547642,1.3792006],[103.7547615,1.3792272],[103.7546947,1.3792203],[103.7546974,1.3791939],[103.7543961,1.3791625],[103.7543982,1.3791429],[103.7543301,1.3791359],[103.7543399,1.3790398],[103.7543833,1.3790443],[103.7543854,1.3790233],[103.7544697,1.379032],[103.7544676,1.379053],[103.7545427,1.3790608],[103.7545448,1.3790398],[103.75463,1.3790487],[103.7546279,1.3790697],[103.7547041,1.3790776],[103.7547063,1.3790566],[103.7547902,1.3790653],[103.754788,1.3790863],[103.7548639,1.3790941],[103.754866,1.3790731],[103.7549513,1.379082],[103.7549492,1.379103],[103.755024,1.3791107],[103.7550261,1.3790898],[103.7551107,1.3790985],[103.7551085,1.3791195],[103.7551472,1.3791233],[103.7551374,1.3792193],[103.7550743,1.379213],[103.7550723,1.3792326]]]}},{"type":"Feature","properties":{"type":"HDB"},"geometry":{"type":"Polygon","coordinates":[[[103.7582967,1.3794591],[103.7583014,1.3794699],[103.758265,1.3794859],[103.7582363,1.3794261],[103.7582906,1.3793997],[103.7582508,1.3793169],[103.7583945,1.3792507],[103.7583623,1.3792391],[103.7584935,1.3788699],[103.7588544,1.3790012],[103.7588352,1.3790548],[103.7588605,1.3790637],[103.7588346,1.3791383],[103.7587226,1.3790964],[103.7587154,1.3791168],[103.758759,1.3791324],[103.758751,1.3791551],[103.7587237,1.3791453],[103.7587192,1.3791583],[103.758762,1.3791736],[103.7587242,1.3792808],[103.7586814,1.3792645],[103.7586767,1.379277],[103.7586954,1.3792841],[103.7586868,1.3793071],[103.7586734,1.379302],[103.7586576,1.3793444],[103.7585641,1.3793086],[103.7585694,1.3792933],[103.7585509,1.3792868],[103.7585538,1.3792785],[103.758535,1.3792719],[103.7585312,1.3792828],[103.758485,1.3792666],[103.7584625,1.3793317],[103.7584042,1.3793589],[103.7584329,1.3794212],[103.7584023,1.3794355],[103.7583925,1.3794144],[103.7582967,1.3794591]]]}},{"type":"Feature","properties":{"type":"HDB"},"geometry":{"type":"Polygon","coordinates":[[[103.7577044,1.3789323],[103.7578374,1.3791812],[103.7573587,1.3794404],[103.7572257,1.3791915],[103.7577044,1.3789323]]]}},{"type":"Feature","properties":{"type":"HDB"},"geometry":{"type":"Polygon","coordinates":[[[103.7515193,1.3794172],[103.7516927,1.3793389],[103.7516966,1.3793477],[103.7517207,1.3793369],[103.7517167,1.3793281],[103.7518655,1.3792609],[103.7518739,1.3792798],[103.7518915,1.3792718],[103.7518871,1.379262],[103.7519121,1.3792252],[103.751925,1.3792265],[103.7519269,1.3792074],[103.7519043,1.379205],[103.7519202,1.3790499],[103.7519285,1.379043],[103.7519301,1.379028],[103.7519266,1.3790276],[103.7519298,1.3789967],[103.7518844,1.378992],[103.7518782,1.3790525],[103.7517911,1.3790435],[103.751792,1.3790338],[103.7517695,1.3790314],[103.7517685,1.3790411],[103.7516674,1.3790307],[103.7516786,1.378921],[103.7520397,1.3789582],[103.7520102,1.3792473],[103.7519367,1.3793497],[103.7515641,1.3795178],[103.7515193,1.3794172]]]}},{"type":"Feature","properties":{"type":"HDB"},"geometry":{"type":"Polygon","coordinates":[[[103.7527143,1.3792054],[103.7527366,1.3789868],[103.7527321,1.3789863],[103.7527391,1.3789179],[103.752813,1.3789256],[103.7528117,1.3789375],[103.7528483,1.3789413],[103.7528469,1.3789548],[103.7528746,1.3789577],[103.752866,1.3790424],[103.7528383,1.3790395],[103.752836,1.379062],[103.7528637,1.3790649],[103.7528551,1.3791493],[103.7528273,1.3791464],[103.752826,1.3791593],[103.7528367,1.3791846],[103.7528469,1.3791975],[103.7528662,1.379182],[103.7529195,1.3792491],[103.7529002,1.3792646],[103.7529144,1.3792825],[103.7529337,1.379267],[103.7529879,1.3793353],[103.7529686,1.3793508],[103.752982,1.3793677],[103.7530013,1.3793522],[103.7530557,1.3794208],[103.7530364,1.3794363],[103.753056,1.379461],[103.7530749,1.3794629],[103.7530775,1.3794369],[103.7531621,1.3794456],[103.7531595,1.3794716],[103.7531712,1.3794728],[103.7531707,1.3794777],[103.7531733,1.3794779],[103.7531697,1.3795134],[103.7531827,1.3795147],[103.753182,1.3795215],[103.7531846,1.3795218],[103.7531794,1.3795728],[103.7531769,1.3795725],[103.753176,1.3795814],[103.7529981,1.3795631],[103.7529273,1.3794739],[103.7529219,1.3794783],[103.752854,1.3793926],[103.7528594,1.3793883],[103.7527143,1.3792054]]]}},{"type":"Feature","properties":{"type":"HDB"},"geometry":{"type":"Polygon","coordinates":[[[103.7542705,1.3794276],[103.7542426,1.3794504],[103.7542523,1.3794625],[103.754259,1.3794632],[103.7542601,1.3794522],[103.7542775,1.3794539],[103.754278,1.3794492],[103.7543019,1.3794516],[103.7542948,1.3795235],[103.7541551,1.3795065],[103.7539662,1.3792729],[103.7539351,1.379255],[103.7538438,1.3792455],[103.7538398,1.379283],[103.7538236,1.3792957],[103.7537811,1.3792912],[103.7537678,1.3792754],[103.7537718,1.3792379],[103.7535655,1.379216],[103.7535736,1.3791397],[103.7536005,1.3791426],[103.7536043,1.3791062],[103.7536184,1.3791077],[103.7536209,1.3790839],[103.753634,1.3790852],[103.7536344,1.3790807],[103.753694,1.3790869],[103.7536935,1.3790915],[103.7537071,1.379093],[103.7537047,1.3791161],[103.7537797,1.379124],[103.7537821,1.3791009],[103.7537979,1.3791026],[103.7537984,1.379098],[103.7538559,1.3791041],[103.7538554,1.3791087],[103.7538713,1.3791104],[103.7538689,1.3791334],[103.7539494,1.379142],[103.7539584,1.3791259],[103.7539862,1.3791417],[103.7539882,1.3791381],[103.754036,1.3791653],[103.7540339,1.3791689],[103.7540647,1.3791864],[103.7540543,1.3792047],[103.7541006,1.379262],[103.7541193,1.3792467],[103.7541285,1.3792581],[103.7541315,1.3792556],[103.7541672,1.3792999],[103.7541642,1.3793023],[103.7541739,1.3793143],[103.7541552,1.3793296],[103.7542034,1.3793892],[103.7542221,1.3793739],[103.7542317,1.3793858],[103.7542347,1.3793833],[103.7542705,1.3794276]]]}},{"type":"Feature","properties":{"type":"HDB"},"geometry":{"type":"Polygon","coordinates":[[[103.756477,1.3793855],[103.7564462,1.379328],[103.756474,1.3793129],[103.7564685,1.3793026],[103.7565214,1.379274],[103.7565202,1.3792716],[103.7567891,1.379126],[103.7568279,1.3791377],[103.7568426,1.3790883],[103.75692,1.3791117],[103.7569053,1.3791611],[103.7569441,1.3791728],[103.7570888,1.3794435],[103.7570864,1.3794448],[103.7571149,1.3794982],[103.7571046,1.3795037],[103.7571195,1.3795316],[103.7570626,1.3795624],[103.757055,1.3795482],[103.7570344,1.3795593],[103.7569972,1.3794899],[103.7570028,1.3794868],[103.756991,1.3794647],[103.7570048,1.3794572],[103.7569986,1.3794457],[103.7569792,1.3794562],[103.7569061,1.3793194],[103.7569256,1.3793088],[103.7569114,1.3792824],[103.756892,1.3792929],[103.7568703,1.3792524],[103.7568836,1.3792452],[103.7568747,1.3792286],[103.7568834,1.3792238],[103.7568715,1.3792048],[103.7568732,1.3791987],[103.7568338,1.3791868],[103.756832,1.3791929],[103.7568117,1.3792022],[103.7568163,1.3792108],[103.7567995,1.3792199],[103.7568068,1.3792335],[103.7567665,1.3792553],[103.7567559,1.3792354],[103.7567298,1.3792495],[103.7567405,1.3792694],[103.7566051,1.3793427],[103.7565947,1.3793232],[103.7565831,1.3793295],[103.7565904,1.3793433],[103.7565681,1.3793554],[103.7565711,1.3793611],[103.7565022,1.3793984],[103.7564912,1.3793778],[103.756477,1.3793855]]]}},{"type":"Feature","properties":{"type":"HDB"},"geometry":{"type":"Polygon","coordinates":[[[103.7557683,1.379592],[103.7556724,1.3795821],[103.7556748,1.3795621],[103.7556483,1.3795589],[103.7556459,1.3795793],[103.7555512,1.3795693],[103.7555564,1.3795034],[103.755541,1.379502],[103.755544,1.3794684],[103.7556194,1.3794776],[103.755624,1.3794393],[103.7555486,1.3794296],[103.7555518,1.3793995],[103.7555677,1.3794012],[103.7555756,1.3793366],[103.755671,1.3793465],[103.7556687,1.3793657],[103.7556948,1.3793688],[103.7556972,1.3793494],[103.7557935,1.3793589],[103.7557864,1.379424],[103.7558028,1.3794257],[103.7557997,1.3794564],[103.7557257,1.3794484],[103.7557209,1.3794888],[103.7557956,1.3794979],[103.755792,1.3795284],[103.7557759,1.3795265],[103.7557683,1.379592]]]}},{"type":"Feature","properties":{"type":"HDB"},"geometry":{"type":"Polygon","coordinates":[[[103.7515641,1.3795178],[103.7511068,1.3797241],[103.7509799,1.3794393],[103.7510021,1.3792228],[103.7511111,1.379234],[103.7510941,1.3794007],[103.7510722,1.3793981],[103.7510697,1.3794168],[103.7510919,1.3794666],[103.7511087,1.379459],[103.7511449,1.3795404],[103.7510899,1.3795652],[103.751109,1.3796081],[103.7511372,1.3795954],[103.7511388,1.3795991],[103.751153,1.3795926],[103.7511568,1.3795807],[103.7513215,1.3795064],[103.7513258,1.3795159],[103.7513496,1.3795052],[103.7513453,1.3794956],[103.7515193,1.3794172],[103.7515641,1.3795178]]]}},{"type":"Feature","properties":{"type":"HDB"},"geometry":{"type":"Polygon","coordinates":[[[103.7579548,1.3793637],[103.7579949,1.3794556],[103.7579744,1.3794648],[103.7579884,1.379497],[103.758009,1.3794879],[103.7580481,1.3795774],[103.7579749,1.3796098],[103.7579734,1.3796064],[103.757674,1.3797389],[103.7576608,1.3797087],[103.7576345,1.3797203],[103.7576408,1.3797348],[103.7575602,1.3797705],[103.7575474,1.3797411],[103.7575358,1.3797462],[103.7575199,1.3797097],[103.7575674,1.3796888],[103.7575576,1.3796665],[103.7576061,1.379645],[103.7575984,1.3796274],[103.7575758,1.3796374],[103.7575576,1.3795957],[103.7575804,1.3795856],[103.7575756,1.3795746],[103.7575204,1.3795991],[103.7575104,1.3795762],[103.7574629,1.3795971],[103.7574469,1.3795605],[103.7574584,1.3795554],[103.7574459,1.3795267],[103.7575265,1.379491],[103.7575326,1.3795051],[103.7575877,1.3794807],[103.7575816,1.3794666],[103.7576622,1.3794309],[103.7576753,1.3794609],[103.7576868,1.3794559],[103.7577025,1.3794917],[103.7576554,1.3795126],[103.7576651,1.3795348],[103.7576233,1.3795532],[103.7576283,1.3795645],[103.7576383,1.3795601],[103.7576564,1.3796015],[103.7576464,1.379606],[103.7576623,1.3796424],[103.7576747,1.3796369],[103.7576667,1.3796187],[103.757809,1.3795557],[103.7578169,1.3795739],[103.7578441,1.3795619],[103.7578361,1.3795437],[103.7579175,1.3795077],[103.7578693,1.3794016],[103.7579548,1.3793637]]]}},{"type":"Feature","properties":{"type":"HDB"},"geometry":{"type":"Polygon","coordinates":[[[103.7567556,1.3793947],[103.7568886,1.3796435],[103.7564724,1.3798689],[103.7564835,1.3798896],[103.7564218,1.3799231],[103.7564053,1.3798922],[103.7562685,1.3798508],[103.756337,1.3796213],[103.7567556,1.3793947]]]}},{"type":"Feature","properties":{"type":"HDB"},"geometry":{"type":"Polygon","coordinates":[[[103.7590871,1.379724],[103.759042,1.379702],[103.7590579,1.3796689],[103.7590339,1.3796572],[103.7590153,1.3796958],[103.7589955,1.3796862],[103.7589871,1.3797036],[103.7589408,1.3796811],[103.7589762,1.3796126],[103.7589567,1.3796031],[103.7589841,1.379546],[103.759031,1.3795688],[103.7590228,1.3795858],[103.7590596,1.3796037],[103.7590678,1.3795867],[103.7591142,1.3796093],[103.7590868,1.3796664],[103.759103,1.3796743],[103.7591172,1.3796446],[103.7591615,1.3796661],[103.7591548,1.37968],[103.7591929,1.3796985],[103.7591633,1.3797601],[103.7591813,1.3797689],[103.7592083,1.3797126],[103.7592546,1.3797352],[103.7592462,1.3797526],[103.7592841,1.379771],[103.7592924,1.3797536],[103.7593386,1.3797761],[103.7593111,1.3798333],[103.7592919,1.3798239],[103.7592857,1.3798368],[103.7592985,1.379843],[103.759276,1.3798898],[103.759227,1.379866],[103.7592333,1.3798529],[103.7592181,1.3798455],[103.7592038,1.3798753],[103.7591817,1.3798645],[103.759212,1.3798014],[103.7591677,1.3797798],[103.7591621,1.3797913],[103.7591816,1.3798008],[103.7591537,1.3798589],[103.7591027,1.3798341],[103.7591074,1.3798243],[103.7590531,1.3797978],[103.7590484,1.3798076],[103.7589986,1.3797834],[103.7590265,1.3797253],[103.7590453,1.3797345],[103.7590514,1.3797217],[103.7590812,1.3797362],[103.7590871,1.379724]]]}},{"type":"Feature","properties":{"type":"HDB"},"geometry":{"type":"Polygon","coordinates":[[[103.7547557,1.3799344],[103.7547323,1.3799426],[103.754717,1.3799017],[103.7546791,1.3799151],[103.754649,1.3798293],[103.7546478,1.3798231],[103.7547114,1.3798015],[103.7547049,1.3797815],[103.7547087,1.3797802],[103.7546995,1.3797531],[103.7547191,1.3797464],[103.7547284,1.3797735],[103.7547322,1.3797722],[103.754733,1.3797748],[103.7548518,1.3797332],[103.7548405,1.3796991],[103.7548832,1.3796844],[103.7548955,1.3797181],[103.7550117,1.3796774],[103.755011,1.3796753],[103.7550148,1.3796739],[103.7550055,1.3796469],[103.7550245,1.3796401],[103.7550345,1.379667],[103.7550382,1.3796657],[103.755039,1.379668],[103.7551642,1.3796241],[103.7551635,1.3796221],[103.7551673,1.3796208],[103.7551583,1.3795935],[103.7551777,1.3795869],[103.7551869,1.3796138],[103.7551907,1.3796126],[103.7551975,1.3796314],[103.7552614,1.3796096],[103.7552931,1.3797008],[103.7552564,1.3797135],[103.7552687,1.3797555],[103.7552454,1.3797635],[103.755239,1.3797443],[103.7552075,1.3797553],[103.7552139,1.3797745],[103.7551906,1.3797825],[103.755176,1.3797423],[103.7551029,1.3797676],[103.7551158,1.3798086],[103.7550925,1.3798167],[103.755086,1.3797973],[103.7550546,1.3798082],[103.7550611,1.3798275],[103.7550379,1.3798357],[103.7550231,1.3797954],[103.75495,1.3798208],[103.754963,1.3798617],[103.7549397,1.3798701],[103.7549333,1.3798507],[103.754902,1.3798618],[103.7549084,1.379881],[103.7548851,1.3798892],[103.7548705,1.3798494],[103.7547975,1.3798751],[103.7548103,1.3799154],[103.754787,1.3799235],[103.7547806,1.3799041],[103.7547492,1.3799151],[103.7547557,1.3799344]]]}},{"type":"Feature","properties":{"type":"HDB"},"geometry":{"type":"Polygon","coordinates":[[[103.7570322,1.3799032],[103.7571729,1.379841],[103.757182,1.3798618],[103.7571942,1.3798564],[103.7571772,1.3798173],[103.7571673,1.3798217],[103.7571492,1.3797801],[103.757159,1.3797758],[103.757154,1.3797643],[103.757113,1.3797824],[103.7571032,1.37976],[103.7570555,1.3797811],[103.7570404,1.3797466],[103.7570526,1.3797412],[103.7570392,1.3797105],[103.7571183,1.3796755],[103.7571247,1.3796904],[103.7571814,1.3796653],[103.7571749,1.3796505],[103.7572538,1.3796156],[103.7572672,1.3796462],[103.7572797,1.3796407],[103.7572949,1.3796754],[103.7572472,1.3796967],[103.7572569,1.3797189],[103.7572019,1.3797433],[103.757207,1.3797549],[103.75723,1.3797447],[103.7572481,1.379786],[103.7572249,1.3797962],[103.7572329,1.3798144],[103.7572813,1.379793],[103.7572911,1.3798153],[103.7573389,1.3797941],[103.757354,1.3798287],[103.7573417,1.3798341],[103.7573553,1.379865],[103.7572762,1.3799],[103.7572699,1.3798856],[103.7572428,1.3798976],[103.7572559,1.3799278],[103.7568982,1.380086],[103.756895,1.3800786],[103.7568661,1.3800913],[103.7568324,1.3800142],[103.7568473,1.3800076],[103.756839,1.3799887],[103.7569129,1.379956],[103.7569177,1.3799667],[103.7569382,1.3799577],[103.7569335,1.3799469],[103.7570051,1.3799152],[103.757013,1.3799334],[103.7570402,1.3799214],[103.7570322,1.3799032]]]}},{"type":"Feature","properties":{"type":"HDB"},"geometry":{"type":"Polygon","coordinates":[[[103.7586551,1.3798997],[103.7585926,1.3799255],[103.7585752,1.3798852],[103.7585875,1.3798798],[103.7585815,1.379866],[103.7585364,1.3798857],[103.7585305,1.379872],[103.7585085,1.3798816],[103.7584991,1.3798598],[103.7584908,1.3798634],[103.7584736,1.3798236],[103.7585001,1.3798121],[103.7584988,1.3798091],[103.7585482,1.3797875],[103.7585536,1.3798002],[103.7585821,1.3797877],[103.7585887,1.3798032],[103.7586076,1.3797949],[103.758601,1.3797795],[103.7586298,1.3797669],[103.7586243,1.3797542],[103.7586738,1.3797326],[103.7586751,1.3797356],[103.7587016,1.379724],[103.7587188,1.3797638],[103.7587105,1.3797674],[103.7587199,1.3797892],[103.7586983,1.3797987],[103.7587042,1.3798124],[103.7586602,1.3798316],[103.7586655,1.3798439],[103.7586867,1.3798346],[103.758717,1.3799048],[103.7586841,1.3799192],[103.7586886,1.3799296],[103.7587313,1.3799109],[103.7587369,1.3799238],[103.7587595,1.379914],[103.7587688,1.3799356],[103.7587772,1.3799319],[103.7587945,1.3799718],[103.7587683,1.3799832],[103.7587694,1.3799858],[103.7587196,1.3800076],[103.7587143,1.3799951],[103.7586587,1.3800194],[103.7586641,1.3800319],[103.7586146,1.3800535],[103.7586135,1.3800509],[103.758587,1.3800624],[103.7585698,1.3800225],[103.7585782,1.3800188],[103.7585689,1.3799972],[103.7585908,1.3799877],[103.758586,1.3799764],[103.7585675,1.3799845],[103.7585577,1.3799617],[103.7586217,1.3799337],[103.7586261,1.3799439],[103.7586665,1.3799262],[103.7586551,1.3798997]]]}},{"type":"Feature","properties":{"type":"HDB"},"geometry":{"type":"Polygon","coordinates":[[[103.7520473,1.3799126],[103.7520585,1.3798031],[103.7522618,1.3798242],[103.7523086,1.3799756],[103.7526137,1.3800056],[103.752691,1.3798686],[103.7528835,1.3798882],[103.7529204,1.380001],[103.7526858,1.3799779],[103.7526838,1.3800016],[103.7526947,1.3800031],[103.752631,1.3801174],[103.7523786,1.3800914],[103.75238,1.380078],[103.7523185,1.3800718],[103.7523172,1.3800853],[103.7522697,1.3800804],[103.7522292,1.3799558],[103.7522402,1.3799565],[103.7522428,1.3799329],[103.7520473,1.3799126]]]}},{"type":"Feature","properties":{"type":"HDB"},"geometry":{"type":"Polygon","coordinates":[[[103.7520456,1.3799124],[103.7518946,1.3798968],[103.7518958,1.3798833],[103.7518776,1.3798814],[103.7518733,1.3798718],[103.7518516,1.3798816],[103.7518571,1.3798939],[103.7514786,1.3800644],[103.7515292,1.3801752],[103.7514295,1.3802203],[103.751391,1.3801333],[103.7514472,1.380108],[103.751428,1.3800655],[103.7513718,1.3800909],[103.7513354,1.380009],[103.7516281,1.3798768],[103.7516154,1.3798486],[103.7516399,1.3798375],[103.7516524,1.3798655],[103.7518412,1.3797806],[103.7520568,1.379803],[103.7520456,1.3799124]]]}},{"type":"Feature","properties":{"type":"HDB"},"geometry":{"type":"Polygon","coordinates":[[[103.7537768,1.3802257],[103.7537706,1.3802076],[103.7537502,1.3802152],[103.7537201,1.3801285],[103.7541024,1.3799953],[103.7540925,1.3799665],[103.7541456,1.379948],[103.7541555,1.3799768],[103.7545376,1.3798437],[103.7545672,1.3799297],[103.7545465,1.3799369],[103.7545526,1.3799546],[103.7544893,1.3799767],[103.7544824,1.3799568],[103.7544693,1.3799614],[103.7544762,1.3799813],[103.7544129,1.3800034],[103.7544061,1.3799834],[103.754393,1.379988],[103.7543999,1.3800079],[103.7543366,1.38003],[103.7543298,1.3800101],[103.7543167,1.3800146],[103.7543236,1.3800346],[103.7542603,1.3800566],[103.7542534,1.3800367],[103.7542404,1.3800413],[103.7542472,1.3800612],[103.7541841,1.3800832],[103.7541771,1.3800627],[103.754138,1.3800762],[103.7541451,1.3800967],[103.7540818,1.3801187],[103.7540749,1.3800988],[103.7540619,1.3801034],[103.7540687,1.3801233],[103.7540055,1.3801454],[103.7539986,1.3801255],[103.7539856,1.38013],[103.7539924,1.3801499],[103.7539291,1.380172],[103.7539223,1.3801521],[103.7539092,1.3801567],[103.7539161,1.3801765],[103.7538528,1.3801986],[103.753846,1.3801787],[103.7538329,1.3801833],[103.7538397,1.3802032],[103.7537768,1.3802257]]]}},{"type":"Feature","properties":{"type":"HDB"},"geometry":{"type":"Polygon","coordinates":[[[103.7529261,1.3801006],[103.7530522,1.3800593],[103.7530003,1.3799002],[103.7533019,1.3799312],[103.7533706,1.3801439],[103.7531348,1.3801193],[103.7531409,1.3801404],[103.7529581,1.3802003],[103.7529261,1.3801006]]]}},{"type":"Feature","properties":{"type":"HDB"},"geometry":{"type":"Polygon","coordinates":[[[103.7506785,1.3797965],[103.750687,1.3798157],[103.7507058,1.3798073],[103.7507208,1.3797875],[103.7507228,1.3797664],[103.7507011,1.3797644],[103.7507179,1.3795999],[103.750728,1.3796016],[103.7507309,1.3795751],[103.7507205,1.3795743],[103.75074,1.3793832],[103.7508491,1.3793945],[103.7508071,1.379805],[103.7507494,1.3798854],[103.7501774,1.3801435],[103.7500614,1.3798808],[103.7500745,1.3798748],[103.7500422,1.3798022],[103.7500465,1.3798003],[103.7500492,1.3797732],[103.7501119,1.3797797],[103.7501203,1.3797987],[103.75014,1.3797898],[103.7501703,1.3798578],[103.7501635,1.3798609],[103.7501721,1.3798804],[103.7501792,1.3798772],[103.7502156,1.3799595],[103.7501615,1.3799837],[103.7501801,1.3800258],[103.750209,1.3800129],[103.7502106,1.3800166],[103.7502246,1.3800103],[103.7502326,1.3799977],[103.750395,1.3799244],[103.7504025,1.3799413],[103.75045,1.37992],[103.7504396,1.3799043],[103.7506785,1.3797965]]]}},{"type":"Feature","properties":{"type":"HDB"},"geometry":{"type":"Polygon","coordinates":[[[103.7478065,1.3799382],[103.7485688,1.3795944],[103.7486136,1.3796951],[103.7484395,1.3797736],[103.7484225,1.3797354],[103.7484004,1.3797454],[103.7484174,1.3797836],[103.7480759,1.3799376],[103.7480682,1.3799202],[103.7480167,1.3799434],[103.7480257,1.3799602],[103.7478514,1.3800389],[103.7478065,1.3799382]]]}},{"type":"Feature","properties":{"type":"HDB"},"geometry":{"type":"Polygon","coordinates":[[[103.7494604,1.3797406],[103.7495387,1.3799164],[103.7495286,1.3799209],[103.7495391,1.3799445],[103.7495492,1.3799399],[103.749586,1.3800225],[103.7495284,1.3800485],[103.7495464,1.380089],[103.7495759,1.3800757],[103.7495778,1.3800798],[103.7495921,1.3800733],[103.7496019,1.3800582],[103.7497392,1.3799962],[103.7497484,1.3800175],[103.7497641,1.3800104],[103.74976,1.3800011],[103.7497865,1.3799642],[103.7497976,1.3799654],[103.7497995,1.3799461],[103.7497775,1.3799439],[103.7497945,1.3797763],[103.7499036,1.3797876],[103.7498837,1.3799827],[103.7498102,1.380085],[103.7495467,1.380204],[103.7493605,1.3797859],[103.7494604,1.3797406]]]}},{"type":"Feature","properties":{"type":"HDB"},"geometry":{"type":"Polygon","coordinates":[[[103.7485805,1.3799459],[103.7486254,1.3800466],[103.7476917,1.3804677],[103.7476469,1.380367],[103.7478193,1.3802892],[103.747836,1.3803271],[103.747861,1.3803158],[103.7478446,1.3802778],[103.7482723,1.3800849],[103.7482803,1.3801028],[103.7483286,1.380081],[103.748321,1.380063],[103.7485805,1.3799459]]]}},{"type":"Feature","properties":{"type":"HDB"},"geometry":{"type":"Polygon","coordinates":[[[103.7460173,1.3804002],[103.7464134,1.3802216],[103.7463248,1.3800227],[103.7463152,1.3800271],[103.7462872,1.3799643],[103.7463963,1.3799152],[103.7464328,1.3799972],[103.7463764,1.3800225],[103.7463957,1.3800657],[103.746452,1.3800403],[103.7465239,1.3802017],[103.7464676,1.380227],[103.7464868,1.3802701],[103.7465431,1.3802448],[103.7465797,1.380327],[103.7464936,1.3803658],[103.7464715,1.3803163],[103.7462815,1.380402],[103.7462944,1.3804309],[103.7462517,1.3804501],[103.7462389,1.3804213],[103.7460488,1.3805069],[103.7460709,1.3805565],[103.7459848,1.3805953],[103.7459482,1.3805131],[103.7460049,1.3804874],[103.7459856,1.3804442],[103.7459289,1.3804698],[103.7458571,1.3803085],[103.7459135,1.3802828],[103.7458946,1.3802401],[103.745838,1.3802657],[103.7458014,1.3801835],[103.7459105,1.3801343],[103.7459384,1.380197],[103.7459288,1.3802013],[103.7460173,1.3804002]]]}},{"type":"Feature","properties":{"type":"HDB"},"geometry":{"type":"Polygon","coordinates":[[[103.7511141,1.3801356],[103.7511549,1.3802272],[103.7511207,1.3802433],[103.751112,1.3802236],[103.7510907,1.3802333],[103.7510992,1.3802524],[103.7510423,1.380278],[103.7510669,1.3803333],[103.7510935,1.3803212],[103.7511022,1.3803407],[103.7511269,1.3803295],[103.7511184,1.3803104],[103.7511527,1.3802951],[103.7511933,1.3803863],[103.7509498,1.3804962],[103.750909,1.3804046],[103.750939,1.380391],[103.7509474,1.38041],[103.7509718,1.380399],[103.7509632,1.3803798],[103.750978,1.3803732],[103.7509534,1.3803181],[103.7509189,1.3803341],[103.750878,1.3802421],[103.7511141,1.3801356]]]}},{"type":"Feature","properties":{"type":"HDB"},"geometry":{"type":"Polygon","coordinates":[[[103.7473791,1.3806087],[103.7473389,1.3805187],[103.7472989,1.3805368],[103.7472769,1.3804873],[103.747317,1.3804692],[103.7471972,1.3802001],[103.7472802,1.3801626],[103.7473055,1.3802201],[103.7473482,1.3802008],[103.7473226,1.3801435],[103.7474022,1.3801076],[103.7474409,1.3801935],[103.7473918,1.3802156],[103.7473976,1.3802287],[103.7473405,1.3802544],[103.7474342,1.3804648],[103.7474914,1.3804391],[103.7474974,1.3804528],[103.7475461,1.3804308],[103.7475841,1.3805162],[103.7475043,1.3805522],[103.7474788,1.3804957],[103.7474362,1.3805149],[103.7474614,1.3805715],[103.7473791,1.3806087]]]}},{"type":"Feature","properties":{"type":"HDB"},"geometry":{"type":"Polygon","coordinates":[[[103.7468952,1.3804396],[103.7468461,1.3804617],[103.7468081,1.3803755],[103.7468877,1.3803397],[103.7469131,1.380397],[103.7469559,1.3803777],[103.7469301,1.3803205],[103.7470131,1.3802831],[103.7471329,1.3805522],[103.7471731,1.380534],[103.7471952,1.3805835],[103.7471551,1.3806016],[103.7471951,1.3806916],[103.7471128,1.3807288],[103.7470876,1.3806722],[103.747045,1.3806913],[103.7470699,1.3807481],[103.7469901,1.3807841],[103.746952,1.3806988],[103.7470008,1.3806768],[103.7469946,1.3806631],[103.7470517,1.3806373],[103.746958,1.3804269],[103.746901,1.3804526],[103.7468952,1.3804396]]]}},{"type":"Feature","properties":{"type":"HDB"},"geometry":{"type":"Polygon","coordinates":[[[103.7490179,1.380449],[103.748923,1.3804918],[103.7489081,1.3804585],[103.7489186,1.3804538],[103.7488968,1.3804049],[103.7488866,1.3804095],[103.748869,1.38037],[103.7489523,1.3803324],[103.7489699,1.3803717],[103.7489659,1.3803736],[103.7489764,1.3803972],[103.7490188,1.380378],[103.7490084,1.3803546],[103.7490044,1.3803565],[103.7489868,1.3803168],[103.7490702,1.3802792],[103.7490877,1.3803187],[103.7490747,1.3803246],[103.7490964,1.3803734],[103.7491097,1.3803674],[103.7491242,1.3804002],[103.7490975,1.3804123],[103.7491191,1.3804606],[103.7491457,1.3804486],[103.7493066,1.3808099],[103.7492788,1.3808224],[103.7492887,1.3808446],[103.7493164,1.3808321],[103.7493459,1.3808983],[103.749174,1.3809759],[103.7491439,1.3809084],[103.7492099,1.3808787],[103.7491072,1.3806472],[103.7490958,1.3806523],[103.7490845,1.3806269],[103.7490959,1.3806218],[103.7490771,1.3805795],[103.7490658,1.3805846],[103.7490548,1.3805598],[103.7490659,1.3805548],[103.7490504,1.3805199],[103.7490395,1.3805249],[103.7490281,1.3804993],[103.7490383,1.3804947],[103.7490179,1.380449]]]}},{"type":"Feature","properties":{"type":"HDB"},"geometry":{"type":"Polygon","coordinates":[[[103.7459647,1.3807758],[103.7467269,1.380432],[103.7467718,1.3805327],[103.7465977,1.3806112],[103.7465812,1.3805723],[103.7465577,1.380583],[103.7465741,1.3806219],[103.7462296,1.3807773],[103.746223,1.3807624],[103.7461746,1.3807842],[103.7461812,1.380799],[103.7460095,1.3808765],[103.7459647,1.3807758]]]}},{"type":"Feature","properties":{"type":"HDB"},"geometry":{"type":"Polygon","coordinates":[[[103.7579788,1.3800637],[103.7579663,1.3800348],[103.7580724,1.3799884],[103.7580849,1.3800173],[103.7582855,1.3799297],[103.7582651,1.3798825],[103.7583792,1.3798326],[103.7584885,1.3800859],[103.7585176,1.3800732],[103.7585399,1.3801249],[103.7584881,1.3801476],[103.7585066,1.3801904],[103.758036,1.3803961],[103.7579892,1.3802876],[103.7579685,1.3802967],[103.7579514,1.380257],[103.7579316,1.3802656],[103.7578643,1.38017],[103.7578625,1.3801559],[103.7578645,1.3801425],[103.757872,1.3801295],[103.7578816,1.3801199],[103.7579087,1.3801011],[103.7579063,1.3800954],[103.7579788,1.3800637]]]}},{"type":"Feature","properties":{"type":"HDB"},"geometry":{"type":"Polygon","coordinates":[[[103.7562872,1.380211],[103.7562691,1.3801697],[103.7562922,1.3801595],[103.7562871,1.3801479],[103.7562321,1.3801722],[103.7562224,1.38015],[103.7561745,1.380171],[103.7561594,1.3801363],[103.7561719,1.3801307],[103.7561585,1.3801],[103.7562374,1.3800651],[103.7562439,1.38008],[103.7563006,1.3800549],[103.7562941,1.3800401],[103.7563731,1.3800051],[103.7563865,1.3800358],[103.7563987,1.3800304],[103.7564138,1.3800649],[103.7563661,1.3800861],[103.7563759,1.3801085],[103.7563349,1.3801267],[103.7563399,1.3801381],[103.7563497,1.3801338],[103.7563679,1.3801753],[103.756358,1.3801797],[103.7563751,1.3802187],[103.7563873,1.3802133],[103.7563783,1.3801925],[103.7565189,1.3801303],[103.7565269,1.3801485],[103.756554,1.3801365],[103.7565461,1.3801183],[103.7566177,1.3800866],[103.7566224,1.3800974],[103.7566429,1.3800883],[103.7566382,1.3800775],[103.7567121,1.3800448],[103.7567204,1.3800638],[103.7567353,1.3800572],[103.756769,1.3801343],[103.7567401,1.3801471],[103.7567433,1.3801545],[103.7563856,1.3803128],[103.7563725,1.3802826],[103.7563453,1.3802946],[103.7563516,1.380309],[103.7562725,1.380344],[103.756259,1.380313],[103.7562468,1.3803184],[103.7562317,1.3802839],[103.7562795,1.3802628],[103.7562698,1.3802405],[103.7563182,1.380219],[103.7563103,1.3802008],[103.7562872,1.380211]]]}},{"type":"Feature","properties":{"type":"HDB"},"geometry":{"type":"Polygon","coordinates":[[[103.755113,1.3805741],[103.755091,1.3805115],[103.755104,1.3805069],[103.7550896,1.3804649],[103.7551022,1.3804605],[103.7550944,1.3804378],[103.7551738,1.3804103],[103.7551813,1.3804325],[103.7552035,1.380425],[103.7551958,1.3804027],[103.755276,1.380375],[103.7552827,1.3803947],[103.7552916,1.3803917],[103.7553119,1.3804457],[103.7553379,1.3804336],[103.7553534,1.3804066],[103.7553059,1.380383],[103.7553119,1.3803708],[103.7552915,1.3803606],[103.7553285,1.380284],[103.7553521,1.3802958],[103.7553623,1.380275],[103.7553386,1.3802631],[103.7553757,1.3801862],[103.7553984,1.3801976],[103.7554083,1.3801767],[103.7553856,1.3801654],[103.755423,1.3800886],[103.7554419,1.380098],[103.7554476,1.3800864],[103.7554961,1.3801106],[103.75551,1.3800822],[103.755502,1.3800515],[103.7554479,1.3800703],[103.7554441,1.3800594],[103.7554242,1.3800663],[103.7553962,1.3799852],[103.755418,1.3799775],[103.7554107,1.3799562],[103.7553886,1.3799638],[103.7553611,1.3798829],[103.755383,1.3798753],[103.7553791,1.3798637],[103.7554202,1.3798488],[103.7554163,1.3798372],[103.7554785,1.3798152],[103.7555003,1.3798793],[103.7555036,1.3798781],[103.7555752,1.3800882],[103.7553843,1.3804835],[103.7551778,1.3805552],[103.7551764,1.380552],[103.755113,1.3805741]]]}},{"type":"Feature","properties":{"type":"HDB"},"geometry":{"type":"Polygon","coordinates":[[[103.7525665,1.3803297],[103.7525017,1.3801333],[103.7525982,1.3801424],[103.7526494,1.3803023],[103.7525665,1.3803297]]]}},{"type":"Feature","properties":{"type":"HDB"},"geometry":{"type":"Polygon","coordinates":[[[103.752434,1.3803733],[103.7523507,1.3801155],[103.752445,1.3801257],[103.7525175,1.3803477],[103.752434,1.3803733]]]}},{"type":"Feature","properties":{"type":"HDB"},"geometry":{"type":"Polygon","coordinates":[[[103.7516556,1.3802633],[103.7521967,1.3800846],[103.7522795,1.3803389],[103.7517639,1.3805089],[103.7516556,1.3802633]]]}},{"type":"Feature","properties":{"type":"HDB"},"geometry":{"type":"Polygon","coordinates":[[[103.7529261,1.3801006],[103.7529572,1.3801975],[103.7529391,1.3802034],[103.7529403,1.3802068],[103.7529099,1.3802167],[103.7529244,1.3802611],[103.752983,1.3802418],[103.7530109,1.3803276],[103.7521829,1.3806004],[103.7521489,1.380496],[103.7528402,1.3802676],[103.7528454,1.3802828],[103.7528797,1.3802714],[103.752832,1.3801317],[103.7529261,1.3801006]]]}},{"type":"Feature","properties":{"type":"HDB"},"geometry":{"type":"Polygon","coordinates":[[[103.7569553,1.3804895],[103.756945,1.380494],[103.7569505,1.3805064],[103.7568978,1.3805297],[103.7568653,1.3804552],[103.7575665,1.380145],[103.7576795,1.3804038],[103.7570584,1.3806784],[103.7570172,1.3805841],[103.7569975,1.3805928],[103.7569553,1.3804895]]]}},{"type":"Feature","properties":{"type":"HDB"},"geometry":{"type":"Polygon","coordinates":[[[103.7527755,1.3806576],[103.7527419,1.3805531],[103.7532253,1.3803939],[103.7531854,1.3802729],[103.7533897,1.3802042],[103.7534636,1.3804317],[103.7527755,1.3806576]]]}},{"type":"Feature","properties":{"type":"HDB"},"geometry":{"type":"Polygon","coordinates":[[[103.75142,1.3802805],[103.7515196,1.3802358],[103.7516927,1.3806249],[103.7515929,1.3806696],[103.75142,1.3802805]]]}},{"type":"Feature","properties":{"type":"HDB"},"geometry":{"type":"Polygon","coordinates":[[[103.7588624,1.380543],[103.7588122,1.3805496],[103.7588097,1.3805307],[103.7587899,1.3805333],[103.7587933,1.3805597],[103.7587685,1.3805629],[103.758765,1.3805366],[103.7587451,1.3805392],[103.7587476,1.3805581],[103.7586972,1.3805647],[103.7586892,1.3805031],[103.7586553,1.3805125],[103.7586717,1.3805726],[103.7586228,1.3805861],[103.7586177,1.3805673],[103.7585768,1.3805786],[103.7585819,1.3805974],[103.7585326,1.3806109],[103.7585163,1.3805508],[103.7584999,1.3805553],[103.7584354,1.3805835],[103.7584408,1.3805959],[103.7584618,1.3805867],[103.7584713,1.3806086],[103.7584803,1.3806046],[103.7584972,1.3806437],[103.7584715,1.3806549],[103.758473,1.3806582],[103.7584221,1.3806804],[103.7584167,1.380668],[103.758362,1.3806919],[103.7583673,1.3807043],[103.7583173,1.3807262],[103.7583159,1.3807229],[103.7582903,1.3807341],[103.7582734,1.380695],[103.758281,1.3806917],[103.7582715,1.3806698],[103.7582938,1.3806601],[103.758289,1.3806487],[103.7582709,1.3806566],[103.7582609,1.3806334],[103.7583246,1.3806056],[103.7583277,1.3806129],[103.7583845,1.3805881],[103.758375,1.3805661],[103.7582964,1.3806004],[103.7582784,1.3805586],[103.7582937,1.3805519],[103.75829,1.3805432],[103.7582451,1.3805628],[103.7582393,1.3805495],[103.7582179,1.3805589],[103.7582085,1.3805372],[103.7581998,1.380541],[103.7581827,1.3805013],[103.7582089,1.3804899],[103.7582077,1.3804869],[103.7582573,1.3804652],[103.7582625,1.3804773],[103.7582909,1.3804649],[103.7582959,1.3804765],[103.7583151,1.3804682],[103.7583101,1.3804565],[103.7583385,1.3804441],[103.7583333,1.380432],[103.7583827,1.3804104],[103.758384,1.3804134],[103.7584107,1.3804017],[103.7584278,1.3804413],[103.7584197,1.3804449],[103.758429,1.3804666],[103.7584072,1.3804761],[103.7584454,1.3805614],[103.7584944,1.38054],[103.758481,1.3804909],[103.7585331,1.3804765],[103.7585369,1.3804906],[103.7585734,1.3804806],[103.7585696,1.3804665],[103.7586214,1.3804522],[103.7586346,1.3805011],[103.7586853,1.3804871],[103.7587048,1.3804845],[103.7587032,1.3804722],[103.7586827,1.3804749],[103.7586743,1.3804101],[103.7587295,1.3804029],[103.758731,1.3804145],[103.7587905,1.3804067],[103.758789,1.3803951],[103.7588449,1.3803877],[103.7588533,1.3804525],[103.758832,1.3804553],[103.7588337,1.3804686],[103.758829,1.3804692],[103.7588308,1.3804829],[103.7588542,1.3804798],[103.7588624,1.380543]]]}},{"type":"Feature","properties":{"type":"HDB"},"geometry":{"type":"Polygon","coordinates":[[[103.7544813,1.3808279],[103.7544617,1.3808345],[103.7544527,1.3808074],[103.7544489,1.3808086],[103.7544416,1.3807891],[103.7543773,1.3808115],[103.7543458,1.3807197],[103.7543835,1.3807066],[103.7543756,1.380685],[103.7544562,1.3806566],[103.7544637,1.3806783],[103.754536,1.3806528],[103.7545284,1.3806316],[103.7546084,1.3806035],[103.754616,1.3806251],[103.7546892,1.3806],[103.7546817,1.3805783],[103.7547616,1.3805507],[103.7547692,1.3805723],[103.7548419,1.3805468],[103.7548342,1.3805249],[103.7549146,1.3804965],[103.7549225,1.3805191],[103.7549595,1.3805061],[103.7549911,1.3805982],[103.7549277,1.3806198],[103.7549343,1.3806395],[103.7549305,1.3806408],[103.7549396,1.3806679],[103.7549199,1.3806745],[103.7549106,1.3806475],[103.7549068,1.3806487],[103.7549061,1.3806466],[103.7547868,1.3806877],[103.7547975,1.3807186],[103.7547547,1.3807336],[103.7547443,1.3807024],[103.7546271,1.3807437],[103.754628,1.3807464],[103.7546242,1.3807477],[103.7546332,1.3807748],[103.7546136,1.3807814],[103.7546045,1.3807543],[103.7546007,1.3807556],[103.7545998,1.3807529],[103.754475,1.3807961],[103.7544761,1.3807995],[103.7544723,1.3808008],[103.7544813,1.3808279]]]}},{"type":"Feature","properties":{"type":"HDB"},"geometry":{"type":"Polygon","coordinates":[[[103.7514111,1.3808024],[103.7511749,1.3809089],[103.751134,1.380817],[103.7511688,1.3808017],[103.7511443,1.3807466],[103.7511295,1.3807533],[103.751121,1.3807341],[103.7510967,1.3807451],[103.7511051,1.380764],[103.7510751,1.3807776],[103.7510343,1.380686],[103.7512778,1.3805761],[103.7513184,1.3806673],[103.7512843,1.3806829],[103.7512758,1.3806638],[103.751251,1.380675],[103.7512597,1.3806944],[103.751233,1.3807064],[103.7512576,1.3807616],[103.7513145,1.380736],[103.751323,1.3807551],[103.7513443,1.3807454],[103.7513356,1.3807259],[103.7513703,1.3807108],[103.7514111,1.3808024]]]}},{"type":"Feature","properties":{"type":"HDB"},"geometry":{"type":"Polygon","coordinates":[[[103.7522446,1.3805801],[103.7522951,1.3807351],[103.751708,1.3809287],[103.7516716,1.3808462],[103.7517281,1.3808209],[103.751709,1.3807784],[103.7516528,1.3808035],[103.7516137,1.3807167],[103.7517136,1.3806715],[103.7517735,1.3808075],[103.7518106,1.3807954],[103.7518058,1.3807804],[103.752201,1.3806562],[103.7521829,1.3806004],[103.7522446,1.3805801]]]}},{"type":"Feature","properties":{"type":"HDB"},"geometry":{"type":"Polygon","coordinates":[[[103.7527394,1.380553],[103.7527687,1.3806432],[103.7527067,1.3806637],[103.7527231,1.3807096],[103.752785,1.3806896],[103.7528136,1.3807731],[103.7527276,1.3808019],[103.7527226,1.380787],[103.7526698,1.3808054],[103.752674,1.3808209],[103.7524587,1.3808926],[103.752466,1.3809179],[103.752488,1.3809115],[103.7524922,1.3809267],[103.7524242,1.3809463],[103.7524096,1.3809081],[103.7523504,1.3809276],[103.7523634,1.3809727],[103.7523151,1.3809856],[103.7523018,1.3809409],[103.7521738,1.3809855],[103.7521395,1.3808812],[103.752676,1.3807022],[103.7526388,1.380584],[103.7527394,1.380553]]]}},{"type":"Feature","properties":{"type":"HDB"},"geometry":{"type":"Polygon","coordinates":[[[103.7578539,1.380728],[103.7578056,1.380622],[103.7578912,1.3805841],[103.7579321,1.3806756],[103.7579107,1.3806851],[103.7579248,1.3807174],[103.7579462,1.3807079],[103.7579844,1.3807977],[103.7579112,1.3808301],[103.7579098,1.3808268],[103.7576111,1.3809609],[103.7575973,1.3809294],[103.7575702,1.3809414],[103.7575763,1.3809555],[103.7574974,1.3809904],[103.757484,1.3809598],[103.7574716,1.3809653],[103.7574565,1.3809305],[103.7575042,1.3809094],[103.7574944,1.3808871],[103.757543,1.3808657],[103.757535,1.3808474],[103.757512,1.3808576],[103.7574939,1.3808162],[103.757517,1.3808061],[103.7575119,1.3807944],[103.7574566,1.3808189],[103.7574469,1.3807965],[103.7573993,1.3808175],[103.7573841,1.3807827],[103.7573964,1.3807773],[103.757383,1.3807466],[103.757462,1.3807117],[103.7574683,1.3807261],[103.7575251,1.380701],[103.7575188,1.3806866],[103.7575977,1.3806516],[103.7576111,1.3806823],[103.7576235,1.3806768],[103.7576387,1.3807118],[103.7575921,1.3807324],[103.7576017,1.3807545],[103.7575603,1.3807728],[103.7575654,1.3807843],[103.7575753,1.3807799],[103.7575935,1.3808215],[103.7575834,1.380826],[103.7576003,1.3808647],[103.7576125,1.3808593],[103.7576031,1.380838],[103.7577449,1.3807752],[103.7577532,1.3807943],[103.7577804,1.3807823],[103.7577721,1.3807632],[103.757814,1.3807446],[103.7578155,1.380748],[103.7578426,1.380736],[103.7578415,1.3807335],[103.7578539,1.380728]]]}},{"type":"Feature","properties":{"type":"HDB"},"geometry":{"type":"Polygon","coordinates":[[[103.7561886,1.3808148],[103.7566048,1.3806327],[103.7566287,1.3806201],[103.7566276,1.3806176],[103.7567009,1.3805853],[103.7567411,1.3806751],[103.7567222,1.3806835],[103.7567363,1.3807158],[103.7567552,1.3807074],[103.7567949,1.3808005],[103.7567093,1.3808383],[103.7566639,1.38073],[103.7565812,1.3807676],[103.7565757,1.380755],[103.7565486,1.380767],[103.756554,1.3807796],[103.7564862,1.3808096],[103.7564942,1.3808278],[103.7564341,1.3808544],[103.7564262,1.3808362],[103.7563571,1.3808667],[103.7563488,1.3808477],[103.7563204,1.3808602],[103.7563287,1.3808793],[103.7562452,1.3809152],[103.7562939,1.3810221],[103.7562083,1.3810599],[103.756167,1.3809676],[103.7561884,1.3809581],[103.7561743,1.3809258],[103.7561529,1.3809353],[103.7561143,1.3808447],[103.7561875,1.3808123],[103.7561886,1.3808148]]]}},{"type":"Feature","properties":{"type":"HDB"},"geometry":{"type":"Polygon","coordinates":[[[103.7541004,1.3808821],[103.7539469,1.3809354],[103.7539084,1.3808229],[103.7540615,1.3807693],[103.7541004,1.3808821]]]}},{"type":"Feature","properties":{"type":"HDB"},"geometry":{"type":"Polygon","coordinates":[[[103.7568865,1.3811986],[103.75688,1.3811837],[103.7568248,1.3812081],[103.7568313,1.381223],[103.7567427,1.3812622],[103.7567361,1.3812472],[103.7567072,1.38126],[103.7566753,1.3811871],[103.7567045,1.3811742],[103.7566973,1.3811578],[103.7569966,1.3810254],[103.7569884,1.3810065],[103.7569684,1.3810153],[103.7569503,1.3809738],[103.7569701,1.380965],[103.7569622,1.3809469],[103.7569096,1.3809701],[103.7568996,1.3809472],[103.7568443,1.3809716],[103.7568305,1.3809401],[103.7568479,1.3809324],[103.7568308,1.3808932],[103.7569148,1.3808561],[103.7569172,1.3808614],[103.7569788,1.3808341],[103.7569765,1.3808288],[103.7570602,1.3807918],[103.7570773,1.3808308],[103.7570945,1.3808232],[103.7571083,1.3808548],[103.7570534,1.380879],[103.7570635,1.380902],[103.7570198,1.3809213],[103.7570277,1.3809394],[103.7570385,1.3809346],[103.7570567,1.3809762],[103.757046,1.3809809],[103.7570538,1.3809988],[103.7570974,1.3809795],[103.7571076,1.3810028],[103.7571624,1.3809786],[103.7571763,1.3810104],[103.7571593,1.3810179],[103.7571762,1.3810566],[103.7570913,1.3810942],[103.7570891,1.3810892],[103.7570603,1.381102],[103.7570624,1.3811069],[103.7570393,1.3811171],[103.7570444,1.3811287],[103.7570091,1.3811444],[103.7570027,1.3811297],[103.7569475,1.3811541],[103.7569539,1.3811688],[103.7568865,1.3811986]]]}},{"type":"Feature","properties":{"type":"HDB"},"geometry":{"type":"Polygon","coordinates":[[[103.7487856,1.3804064],[103.7488304,1.3805071],[103.7486564,1.3805856],[103.748638,1.380544],[103.7486153,1.3805543],[103.7486338,1.3805958],[103.7482046,1.3807894],[103.7481962,1.38077],[103.7481483,1.3807916],[103.7481568,1.3808109],[103.7478968,1.3809282],[103.747852,1.3808275],[103.7487856,1.3804064]]]}},{"type":"Feature","properties":{"type":"HDB"},"geometry":{"type":"Polygon","coordinates":[[[103.7483257,1.3809706],[103.7483435,1.3810122],[103.748367,1.3810016],[103.7483487,1.3809604],[103.7486931,1.3808052],[103.7487013,1.3808238],[103.7487518,1.3808011],[103.7487438,1.3807833],[103.7489179,1.3807035],[103.7489627,1.3808042],[103.7482005,1.381148],[103.7481557,1.3810473],[103.7483257,1.3809706]]]}},{"type":"Feature","properties":{"type":"HDB"},"geometry":{"type":"Polygon","coordinates":[[[103.746685,1.3808009],[103.7468567,1.3807234],[103.7469015,1.3808241],[103.7461393,1.3811679],[103.7460944,1.3810672],[103.7462685,1.3809887],[103.746285,1.3810276],[103.7463085,1.3810169],[103.7462921,1.3809781],[103.7466366,1.3808226],[103.7466432,1.3808375],[103.7466916,1.3808157],[103.746685,1.3808009]]]}},{"type":"Feature","properties":{"type":"HDB"},"geometry":{"type":"Polygon","coordinates":[[[103.7505208,1.3811921],[103.7505312,1.3811877],[103.750523,1.3811694],[103.7505127,1.381174],[103.7504961,1.3811368],[103.7509996,1.3809096],[103.7510435,1.3810083],[103.7510239,1.3810169],[103.7510224,1.3810137],[103.7510022,1.3810229],[103.7510144,1.3810502],[103.7510528,1.3810291],[103.7510958,1.3811259],[103.7510513,1.381146],[103.7510453,1.3811322],[103.7510255,1.3811412],[103.7510316,1.3811548],[103.7509966,1.3811706],[103.7509394,1.381043],[103.7508996,1.3810609],[103.7509049,1.3810729],[103.7508874,1.3810808],[103.7508897,1.381086],[103.7508628,1.3810982],[103.7508607,1.3810933],[103.7507799,1.3811298],[103.750782,1.3811346],[103.7507548,1.3811469],[103.7507521,1.3811414],[103.7507204,1.3811558],[103.7507228,1.3811613],[103.7506962,1.3811733],[103.7506936,1.3811674],[103.7506122,1.3812041],[103.7506149,1.38121],[103.7505878,1.3812222],[103.7505852,1.3812164],[103.7505701,1.3812232],[103.7505728,1.381229],[103.7505432,1.3812424],[103.7505208,1.3811921]]]}},{"type":"Feature","properties":{"type":"HDB"},"geometry":{"type":"Polygon","coordinates":[[[103.7476234,1.3810766],[103.747596,1.3810889],[103.7475815,1.3810565],[103.7475914,1.3810521],[103.7475696,1.3810032],[103.7475584,1.3810082],[103.7475408,1.3809687],[103.7476269,1.3809299],[103.7476446,1.3809697],[103.747641,1.3809714],[103.7476514,1.3809948],[103.7476944,1.3809754],[103.7476839,1.3809517],[103.747679,1.3809539],[103.7476615,1.3809146],[103.7477479,1.3808757],[103.7477655,1.3809151],[103.7477527,1.3809209],[103.7477745,1.3809697],[103.747788,1.3809637],[103.7478029,1.3809973],[103.747706,1.381041],[103.7477263,1.381085],[103.7477376,1.38108],[103.7477486,1.3811047],[103.7477376,1.3811096],[103.7478364,1.3813313],[103.7478266,1.3813357],[103.7478372,1.3813584],[103.7477376,1.3814033],[103.7476829,1.3812804],[103.7477145,1.381267],[103.7477044,1.3812443],[103.747673,1.3812584],[103.7476189,1.3811368],[103.747645,1.3811251],[103.7476234,1.3810766]]]}},{"type":"Feature","properties":{"type":"HDB"},"geometry":{"type":"Polygon","coordinates":[[[103.7489798,1.3809155],[103.7491937,1.3813958],[103.7489116,1.3815231],[103.7486977,1.3810427],[103.7489798,1.3809155]]]}},{"type":"Feature","properties":{"type":"HDB"},"geometry":{"type":"Polygon","coordinates":[[[103.7494735,1.3814712],[103.7494538,1.3814261],[103.749443,1.3814309],[103.7494319,1.3814061],[103.749443,1.3814011],[103.7493363,1.3811617],[103.7492693,1.3811919],[103.7492388,1.3811233],[103.7494127,1.3810449],[103.7494426,1.3811119],[103.7494096,1.3811268],[103.7494196,1.3811493],[103.7494514,1.3811349],[103.7495589,1.3813762],[103.7495327,1.381388],[103.7495539,1.3814356],[103.7495798,1.3814239],[103.7495944,1.3814566],[103.7495812,1.3814625],[103.7496029,1.3815114],[103.7496164,1.3815053],[103.7496339,1.3815446],[103.74955,1.3815824],[103.7495324,1.3815429],[103.7495366,1.381541],[103.7495262,1.3815178],[103.7494837,1.381537],[103.749494,1.3815602],[103.7494982,1.3815583],[103.7495164,1.3815985],[103.7494327,1.3816363],[103.7494149,1.3815964],[103.7494249,1.3815918],[103.7494034,1.3815433],[103.7493933,1.3815479],[103.7493783,1.3815142],[103.7494735,1.3814712]]]}},{"type":"Feature","properties":{"type":"HDB"},"geometry":{"type":"Polygon","coordinates":[[[103.75124,1.3814497],[103.7507189,1.3816369],[103.7507018,1.3815986],[103.7507138,1.3815945],[103.7507076,1.3815767],[103.7506942,1.3815816],[103.7506717,1.381531],[103.7507093,1.3815175],[103.7507109,1.3815227],[103.7507256,1.3815178],[103.7507236,1.3815123],[103.7507513,1.3815023],[103.7507535,1.3815078],[103.7508372,1.3814773],[103.7508353,1.3814722],[103.7508631,1.3814622],[103.750865,1.3814676],[103.7508984,1.3814556],[103.7508966,1.3814501],[103.7509229,1.3814407],[103.7509246,1.3814462],[103.7510089,1.3814163],[103.7510064,1.3814107],[103.7510349,1.3814005],[103.7510368,1.3814064],[103.7510924,1.3813862],[103.7510429,1.3812746],[103.751078,1.3812587],[103.7510853,1.3812753],[103.7511047,1.3812666],[103.7510973,1.38125],[103.7511421,1.3812298],[103.7511849,1.3813259],[103.7511647,1.3813347],[103.7511632,1.3813314],[103.751144,1.3813401],[103.7511573,1.3813699],[103.7511763,1.3813614],[103.7511746,1.3813576],[103.7511949,1.3813483],[103.75124,1.3814497]]]}},{"type":"Feature","properties":{"type":"HDB"},"geometry":{"type":"Polygon","coordinates":[[[103.7484204,1.3812225],[103.7484866,1.3811927],[103.7485636,1.3813655],[103.7484982,1.3813949],[103.748484,1.3813629],[103.7484615,1.381373],[103.7484758,1.3814051],[103.7482368,1.3815129],[103.748225,1.3814863],[103.748177,1.3815079],[103.7481888,1.3815344],[103.7479495,1.3816423],[103.7479366,1.3816134],[103.7479143,1.3816235],[103.7479273,1.3816526],[103.7478617,1.3816823],[103.7477847,1.3815094],[103.7478513,1.3814794],[103.7478813,1.3815466],[103.7479907,1.3814973],[103.7479861,1.381487],[103.7480117,1.3814754],[103.7480174,1.381488],[103.7480583,1.3814696],[103.7480528,1.3814571],[103.7480781,1.3814457],[103.7480838,1.3814584],[103.7481181,1.3814429],[103.7481128,1.381431],[103.7481378,1.3814197],[103.7481433,1.3814322],[103.7484504,1.3812899],[103.7484204,1.3812225]]]}},{"type":"Feature","properties":{"type":"HDB"},"geometry":{"type":"Polygon","coordinates":[[[103.7501641,1.3813101],[103.7501553,1.3812905],[103.7503387,1.3812077],[103.7503823,1.3813055],[103.7503627,1.3813144],[103.7503611,1.3813106],[103.7503456,1.3813176],[103.7503588,1.3813472],[103.7503742,1.3813403],[103.7503726,1.3813365],[103.7503921,1.3813277],[103.7504348,1.3814237],[103.7504274,1.3814272],[103.750452,1.3814826],[103.7504596,1.3814792],[103.750502,1.3815745],[103.7504823,1.3815842],[103.7504808,1.3815809],[103.7504659,1.3815876],[103.7504787,1.3816163],[103.7504938,1.3816095],[103.7504922,1.3816059],[103.7505121,1.3815971],[103.7505559,1.3816955],[103.7503718,1.3817785],[103.7503631,1.3817587],[103.7503668,1.381757],[103.7503596,1.3817409],[103.7503309,1.3817539],[103.7503381,1.3817701],[103.750342,1.3817683],[103.7503508,1.381788],[103.7502546,1.3818314],[103.7502083,1.3817274],[103.7503448,1.3816658],[103.7503506,1.3816792],[103.7504258,1.3816452],[103.7502893,1.3813386],[103.7502142,1.3813725],[103.7502202,1.3813861],[103.7500837,1.3814477],[103.7500374,1.3813437],[103.7501335,1.3813003],[103.7501421,1.38132],[103.7501388,1.3813215],[103.7501459,1.3813374],[103.7501749,1.3813243],[103.7501678,1.3813084],[103.7501641,1.3813101]]]}},{"type":"Feature","properties":{"type":"HDB"},"geometry":{"type":"Polygon","coordinates":[[[103.7528077,1.3809154],[103.7533207,1.3807468],[103.7534737,1.3812183],[103.7529606,1.3813867],[103.7528077,1.3809154]]]}},{"type":"Feature","properties":{"type":"HDB"},"geometry":{"type":"Polygon","coordinates":[[[103.7525126,1.380922],[103.7526307,1.3812831],[103.7525399,1.3813101],[103.7524242,1.3809482],[103.7525126,1.380922]]]}},{"type":"Feature","properties":{"type":"HDB"},"geometry":{"type":"Polygon","coordinates":[[[103.7564772,1.3810497],[103.7564943,1.3810889],[103.756512,1.381081],[103.7565257,1.3811124],[103.7564705,1.3811368],[103.7564806,1.3811601],[103.7564281,1.3811833],[103.7564361,1.3812015],[103.7564558,1.3811928],[103.7564738,1.3812341],[103.756454,1.3812428],[103.7564623,1.3812617],[103.7566393,1.3811834],[103.7566465,1.3811999],[103.7566751,1.3811872],[103.756707,1.3812601],[103.7566782,1.3812729],[103.7566847,1.3812878],[103.7566518,1.3813024],[103.7566453,1.3812877],[103.7566249,1.3812967],[103.7566313,1.3813115],[103.756596,1.3813271],[103.7565896,1.3813122],[103.7565343,1.3813366],[103.7565408,1.3813515],[103.7565054,1.3813672],[103.7565004,1.3813556],[103.7564771,1.3813658],[103.7564748,1.3813605],[103.7564462,1.3813732],[103.7564485,1.3813785],[103.7563638,1.381416],[103.7563467,1.381377],[103.7563295,1.3813846],[103.7563157,1.3813531],[103.756371,1.3813286],[103.7563609,1.3813056],[103.7564044,1.3812863],[103.7563965,1.3812681],[103.7563856,1.3812729],[103.7563676,1.3812317],[103.7563783,1.381227],[103.7563703,1.3812088],[103.756327,1.381228],[103.7563168,1.3812047],[103.7562616,1.3812291],[103.7562479,1.3811976],[103.7562651,1.38119],[103.7562481,1.381151],[103.7563326,1.3811136],[103.7563348,1.3811186],[103.7563949,1.381092],[103.7563928,1.381087],[103.7564772,1.3810497]]]}},{"type":"Feature","properties":{"type":"HDB"},"geometry":{"type":"Polygon","coordinates":[[[103.7523643,1.3809741],[103.7524604,1.381267],[103.7524824,1.3812607],[103.7525483,1.3814587],[103.7523308,1.3815295],[103.7522301,1.3815081],[103.7522516,1.3814054],[103.7522684,1.3814087],[103.7522802,1.3813513],[103.7523633,1.3813236],[103.752261,1.3810056],[103.7523643,1.3809741]]]}},{"type":"Feature","properties":{"type":"HDB"},"geometry":{"type":"Polygon","coordinates":[[[103.7544462,1.3816262],[103.7544383,1.3816221],[103.754411,1.3815424],[103.7544138,1.3815367],[103.7544732,1.381516],[103.7544584,1.3814733],[103.754399,1.381494],[103.7543932,1.3814912],[103.7543651,1.3814096],[103.7543688,1.3814018],[103.754422,1.3813833],[103.7544275,1.3813717],[103.7544572,1.3813613],[103.7544687,1.3813669],[103.7544752,1.3813857],[103.7545007,1.3813768],[103.7544941,1.381358],[103.7544997,1.3813465],[103.7545294,1.3813362],[103.7545408,1.3813416],[103.7545953,1.3813226],[103.7546036,1.3813267],[103.7546321,1.3814079],[103.7546293,1.3814136],[103.7545699,1.3814343],[103.7545846,1.381477],[103.754645,1.381456],[103.7546507,1.3814587],[103.7546788,1.3815372],[103.754673,1.3815471],[103.7546164,1.3815666],[103.7546109,1.3815782],[103.7545812,1.3815885],[103.7545698,1.381583],[103.7545633,1.3815642],[103.754542,1.3815716],[103.7545485,1.3815903],[103.754543,1.3816018],[103.7545133,1.3816122],[103.7545019,1.3816067],[103.7544462,1.3816262]]]}},{"type":"Feature","properties":{"type":"HDB"},"geometry":{"type":"Polygon","coordinates":[[[103.7590802,1.3817234],[103.7590791,1.3817254],[103.7590482,1.3817049],[103.7590411,1.3817173],[103.759064,1.3817307],[103.7590519,1.3817518],[103.7590629,1.3817566],[103.7590389,1.3817985],[103.7589375,1.3817396],[103.7589473,1.3817225],[103.7589287,1.3817117],[103.7589188,1.3817288],[103.7588175,1.3816699],[103.7588415,1.381628],[103.7588511,1.3816352],[103.7588633,1.381614],[103.7588862,1.3816274],[103.7588939,1.381614],[103.7589334,1.381637],[103.7589356,1.3816295],[103.7589426,1.3816336],[103.7589473,1.3816253],[103.7589493,1.3816264],[103.7589608,1.3816036],[103.7589545,1.3815926],[103.7589316,1.381606],[103.7589194,1.3815848],[103.7589098,1.381592],[103.7588858,1.3815501],[103.7591212,1.3814133],[103.7591452,1.3814552],[103.7591342,1.38146],[103.7591463,1.3814812],[103.7591234,1.3814945],[103.7591297,1.3815055],[103.759132,1.3815041],[103.7591334,1.3815065],[103.7591306,1.381508],[103.7591428,1.3815292],[103.7590723,1.3815678],[103.7590735,1.3815699],[103.7590709,1.3815714],[103.7590671,1.3815648],[103.7590606,1.3815686],[103.7590631,1.381573],[103.7590583,1.3815758],[103.7590547,1.3815695],[103.7590255,1.3815864],[103.7590266,1.3815884],[103.7589869,1.3816088],[103.7589905,1.3816151],[103.7589857,1.3816179],[103.7589832,1.3816136],[103.7589734,1.3816203],[103.7589715,1.3816192],[103.7589628,1.3816343],[103.7589714,1.3816393],[103.7589739,1.381635],[103.7589876,1.381643],[103.758984,1.3816493],[103.7589996,1.3816584],[103.7590008,1.3816564],[103.7590338,1.3816782],[103.7590375,1.3816719],[103.7590422,1.3816746],[103.7590397,1.381679],[103.7590489,1.3816844],[103.7590478,1.3816864],[103.7590787,1.3817043],[103.7590798,1.3817023],[103.759107,1.3817208],[103.7591107,1.3817144],[103.7591154,1.3817171],[103.7591128,1.3817215],[103.7591196,1.3817254],[103.7591524,1.3816682],[103.7592187,1.3817068],[103.7592292,1.3816885],[103.759195,1.3816686],[103.7592026,1.3816553],[103.7591797,1.3816419],[103.7591918,1.3816208],[103.7591808,1.381616],[103.7592049,1.3815741],[103.7594052,1.3816905],[103.7593812,1.3817324],[103.7593716,1.3817252],[103.7593594,1.3817464],[103.7593365,1.381733],[103.7593288,1.3817464],[103.759295,1.3817267],[103.7592923,1.3817314],[103.7592863,1.3817279],[103.7592785,1.3817447],[103.7592633,1.3817358],[103.759248,1.3817624],[103.7592727,1.3817768],[103.7592593,1.3818003],[103.7592079,1.3817704],[103.7592009,1.3817826],[103.7592398,1.3818071],[103.7592418,1.3818037],[103.7592464,1.3818064],[103.7592434,1.3818172],[103.759277,1.3818367],[103.7592694,1.38185],[103.7592923,1.3818634],[103.7592802,1.3818845],[103.7592912,1.3818893],[103.7592672,1.3819312],[103.7590668,1.3818148],[103.7590908,1.3817729],[103.7591004,1.38178],[103.7591126,1.3817589],[103.7591355,1.3817722],[103.7591418,1.3817613],[103.7590802,1.3817234]]]}},{"type":"Feature","properties":{"type":"HDB"},"geometry":{"type":"Polygon","coordinates":[[[103.7542398,1.3817962],[103.7542367,1.3818028],[103.7541318,1.3818393],[103.7541265,1.3818238],[103.7541421,1.3818181],[103.754133,1.3817929],[103.7541176,1.3817985],[103.7541128,1.3817851],[103.7541215,1.3817819],[103.7541026,1.3817292],[103.7541166,1.3816997],[103.7541039,1.3816936],[103.7540932,1.3817163],[103.7540757,1.3817078],[103.7540598,1.3817415],[103.7540443,1.3817339],[103.7540483,1.3817253],[103.754006,1.3817045],[103.754002,1.381713],[103.7539865,1.3817054],[103.7540024,1.3816717],[103.753985,1.3816632],[103.7539987,1.3816342],[103.7539763,1.3816238],[103.7539687,1.3816401],[103.7539107,1.3816599],[103.7539136,1.3816685],[103.7538973,1.3816741],[103.7538867,1.3816425],[103.7538273,1.3816634],[103.7538379,1.3816951],[103.7538242,1.3816999],[103.7538213,1.3816913],[103.753776,1.3817071],[103.7537788,1.3817156],[103.7537625,1.3817212],[103.7537502,1.3816855],[103.7537357,1.3816906],[103.7537224,1.3816508],[103.7536713,1.3816682],[103.7536803,1.3816951],[103.7536636,1.381701],[103.7536741,1.3817327],[103.7536521,1.3817406],[103.7536493,1.3817321],[103.7536047,1.3817471],[103.7536077,1.3817563],[103.7535925,1.3817614],[103.7535815,1.3817284],[103.7535495,1.3817392],[103.7535606,1.3817727],[103.753546,1.3817776],[103.7535433,1.3817695],[103.7534985,1.3817846],[103.7535013,1.3817934],[103.7534881,1.3817978],[103.7534823,1.3817804],[103.7534491,1.3817915],[103.7534551,1.3818096],[103.753442,1.381814],[103.7534206,1.381751],[103.7534242,1.3817498],[103.753421,1.3817402],[103.7534175,1.3817414],[103.7534055,1.3817054],[103.753435,1.3816956],[103.7534427,1.3817187],[103.7534619,1.3817123],[103.7534452,1.381664],[103.7534486,1.3816571],[103.7537938,1.3815365],[103.7537914,1.3815295],[103.7537975,1.3815181],[103.7538235,1.3815087],[103.7538354,1.3815133],[103.7538449,1.3815407],[103.7538869,1.381526],[103.7538967,1.3815325],[103.7539315,1.3815203],[103.7541867,1.3816427],[103.7542021,1.3816864],[103.7542395,1.3817044],[103.754251,1.3817388],[103.7542478,1.3817458],[103.7542041,1.3817606],[103.754209,1.3817752],[103.7542307,1.3817679],[103.7542398,1.3817962]]]}},{"type":"Feature","properties":{"type":"HDB"},"geometry":{"type":"Polygon","coordinates":[[[103.7492781,1.3821069],[103.7492884,1.3821022],[103.7493305,1.3821968],[103.7493403,1.3821922],[103.7493681,1.3822552],[103.7492591,1.3823044],[103.7492223,1.3822218],[103.7492815,1.3821951],[103.7492624,1.3821522],[103.7492031,1.3821788],[103.7491314,1.3820178],[103.7491898,1.3819914],[103.7491705,1.3819481],[103.7491122,1.3819747],[103.7490757,1.3818926],[103.7491618,1.3818537],[103.7491838,1.3819033],[103.7493738,1.3818176],[103.749361,1.3817887],[103.7494036,1.3817694],[103.7494165,1.3817983],[103.7496065,1.3817126],[103.7495844,1.3816631],[103.7496706,1.3816242],[103.7497068,1.3817058],[103.7496508,1.3817308],[103.74967,1.381774],[103.7497261,1.381749],[103.7497982,1.381911],[103.7497416,1.3819366],[103.7497607,1.3819794],[103.7498175,1.3819542],[103.7498539,1.3820361],[103.7497449,1.3820853],[103.749717,1.3820225],[103.7497266,1.3820182],[103.7496835,1.3819214],[103.7496975,1.381915],[103.7496546,1.3818189],[103.7496404,1.3818246],[103.749638,1.3818193],[103.749242,1.3819979],[103.7492453,1.3820055],[103.749235,1.3820102],[103.7492781,1.3821069]]]}},{"type":"Feature","properties":{"type":"HDB"},"geometry":{"type":"Polygon","coordinates":[[[103.747789,1.3818529],[103.7478146,1.3819098],[103.7478573,1.3818906],[103.7478315,1.3818338],[103.7479132,1.3817969],[103.7479549,1.3818906],[103.7479836,1.3818777],[103.7480027,1.3819206],[103.747974,1.3819335],[103.7480958,1.3822072],[103.7480137,1.3822442],[103.7479887,1.382187],[103.7479457,1.3822064],[103.747971,1.3822634],[103.7478892,1.3823003],[103.747851,1.3822144],[103.7479008,1.3821924],[103.7478943,1.3821781],[103.7479513,1.3821524],[103.7478576,1.3819419],[103.7478008,1.3819676],[103.7477939,1.3819531],[103.7477444,1.3819752],[103.7477066,1.3818901],[103.747789,1.3818529]]]}},{"type":"Feature","properties":{"type":"HDB"},"geometry":{"type":"Polygon","coordinates":[[[103.7493403,1.3821922],[103.7493366,1.3821939],[103.7493267,1.3821716],[103.7497104,1.3819985],[103.7497204,1.3820208],[103.7497167,1.3820224],[103.7497519,1.3821017],[103.7496844,1.3821321],[103.7496915,1.3821472],[103.7496347,1.3821728],[103.7496281,1.3821575],[103.7494979,1.3822163],[103.7495044,1.3822308],[103.7494471,1.3822566],[103.7494411,1.3822419],[103.7493754,1.3822715],[103.7493403,1.3821922]]]}},{"type":"Feature","properties":{"type":"HDB"},"geometry":{"type":"Polygon","coordinates":[[[103.7476582,1.381912],[103.747703,1.3820127],[103.7475295,1.3820909],[103.7475127,1.3820524],[103.747489,1.3820629],[103.7475058,1.3821016],[103.7470734,1.3822966],[103.7470666,1.3822814],[103.7470256,1.3822999],[103.7470324,1.3823151],[103.7467694,1.3824338],[103.7467245,1.3823331],[103.7476582,1.381912]]]}},{"type":"Feature","properties":{"type":"HDB"},"geometry":{"type":"Polygon","coordinates":[[[103.7477905,1.3822091],[103.7478353,1.3823098],[103.7469017,1.3827309],[103.7468569,1.3826302],[103.7470303,1.3825519],[103.7470471,1.3825904],[103.7470708,1.3825799],[103.747054,1.3825413],[103.7474864,1.3823462],[103.7474932,1.3823615],[103.7475343,1.382343],[103.7475275,1.3823277],[103.7477905,1.3822091]]]}},{"type":"Feature","properties":{"type":"HDB"},"geometry":{"type":"Polygon","coordinates":[[[103.7465603,1.3824553],[103.7465562,1.3824571],[103.7465382,1.3824171],[103.7466229,1.3823789],[103.7466407,1.382419],[103.7466275,1.3824246],[103.7466491,1.3824732],[103.7466622,1.3824673],[103.746678,1.3825027],[103.7465821,1.382546],[103.746666,1.3827346],[103.746762,1.3826913],[103.7467776,1.3827263],[103.7467643,1.3827322],[103.746786,1.3827811],[103.7467993,1.3827752],[103.7468171,1.3828151],[103.7467328,1.3828531],[103.7467147,1.3828131],[103.7467187,1.3828113],[103.7467083,1.3827879],[103.7466658,1.3828071],[103.7466763,1.3828307],[103.7466803,1.3828289],[103.746698,1.3828688],[103.7466138,1.3829068],[103.7465959,1.3828667],[103.7466094,1.3828607],[103.7465876,1.3828119],[103.7465742,1.382818],[103.7465594,1.3827847],[103.7465939,1.3827694],[103.746584,1.3827473],[103.7465496,1.3827628],[103.746495,1.3826402],[103.7465198,1.3826286],[103.7464986,1.3825809],[103.7464736,1.3825922],[103.7464589,1.382559],[103.746472,1.3825531],[103.7464505,1.3825047],[103.7464373,1.3825107],[103.7464195,1.3824706],[103.7465037,1.3824327],[103.7465213,1.3824724],[103.7465172,1.3824742],[103.7465277,1.3824978],[103.7465706,1.3824784],[103.7465603,1.3824553]]]}},{"type":"Feature","properties":{"type":"HDB"},"geometry":{"type":"Polygon","coordinates":[[[103.7477504,1.3827954],[103.7477607,1.3827907],[103.7478029,1.3828854],[103.7478126,1.3828807],[103.7478404,1.3829438],[103.7477314,1.3829929],[103.7476946,1.3829104],[103.7477539,1.3828837],[103.7477347,1.3828407],[103.7476755,1.3828674],[103.7476037,1.3827063],[103.7476621,1.38268],[103.7476428,1.3826367],[103.7475845,1.3826632],[103.747548,1.3825811],[103.7476341,1.3825423],[103.7476561,1.3825918],[103.7478462,1.3825061],[103.7478333,1.3824772],[103.7478759,1.382458],[103.7478888,1.3824868],[103.7480788,1.3824011],[103.7480568,1.3823516],[103.7481429,1.3823128],[103.7481792,1.3823943],[103.7481231,1.3824194],[103.7481423,1.3824626],[103.7481984,1.3824375],[103.7482706,1.3825995],[103.7482139,1.3826251],[103.748233,1.3826679],[103.7482898,1.3826427],[103.7483263,1.3827246],[103.7482172,1.3827738],[103.7481893,1.3827111],[103.7481989,1.3827068],[103.7481558,1.3826099],[103.7481698,1.3826036],[103.748127,1.3825074],[103.7481127,1.3825131],[103.7481103,1.3825078],[103.7477143,1.3826865],[103.7477177,1.382694],[103.7477073,1.3826987],[103.7477504,1.3827954]]]}},{"type":"Feature","properties":{"type":"HDB"},"geometry":{"type":"Polygon","coordinates":[[[103.7478126,1.3828807],[103.7478089,1.3828824],[103.747799,1.3828601],[103.7481827,1.382687],[103.7481927,1.3827093],[103.748189,1.382711],[103.7482243,1.3827902],[103.7481568,1.3828207],[103.7481638,1.3828357],[103.748107,1.3828613],[103.7481005,1.382846],[103.7479702,1.3829048],[103.7479767,1.3829193],[103.7479194,1.3829451],[103.7479134,1.3829304],[103.7478477,1.3829601],[103.7478126,1.3828807]]]}},{"type":"Feature","properties":{"type":"HDB"},"geometry":{"type":"Polygon","coordinates":[[[103.7472777,1.3828834],[103.746793,1.383102],[103.746783,1.3830794],[103.7467915,1.3830755],[103.7467671,1.3830208],[103.7467586,1.3830246],[103.7467482,1.3830013],[103.7470135,1.3828816],[103.7470006,1.3828527],[103.7470432,1.3828335],[103.7470561,1.3828624],[103.7472462,1.3827767],[103.7472241,1.3827272],[103.7473102,1.3826883],[103.7473475,1.3827721],[103.747291,1.382797],[103.7473092,1.3828378],[103.7473658,1.3828132],[103.7474379,1.3829751],[103.7473817,1.3830004],[103.7474002,1.3830419],[103.7474564,1.3830167],[103.7474936,1.3831002],[103.7473845,1.3831494],[103.7473566,1.3830867],[103.7473662,1.3830823],[103.7473236,1.3829867],[103.7473343,1.3829818],[103.7472914,1.3828854],[103.7472807,1.3828903],[103.7472777,1.3828834]]]}},{"type":"Feature","properties":{"type":"HDB"},"geometry":{"type":"Polygon","coordinates":[[[103.7473501,1.3830626],[103.74736,1.3830849],[103.7473563,1.3830865],[103.7473916,1.3831658],[103.7473255,1.3831956],[103.7473324,1.3832112],[103.747276,1.3832366],[103.7472692,1.383221],[103.7471394,1.3832795],[103.747146,1.3832943],[103.7471245,1.3833212],[103.7471105,1.3833108],[103.7470669,1.3833715],[103.746997,1.3833207],[103.7469946,1.383324],[103.7469749,1.3833096],[103.7470468,1.3832096],[103.7470586,1.3832191],[103.747107,1.3831973],[103.7470976,1.3831764],[103.7473501,1.3830626]]]}},{"type":"Feature","properties":{"type":"HDB"},"geometry":{"type":"Polygon","coordinates":[[[103.7524879,1.3821016],[103.7524928,1.3821158],[103.7524742,1.3821224],[103.7524542,1.3820635],[103.7524575,1.3820623],[103.752454,1.3820524],[103.7524508,1.3820534],[103.7524369,1.3820125],[103.7524626,1.3820033],[103.7524712,1.3820281],[103.7524858,1.3820229],[103.7524697,1.3819767],[103.7527999,1.3818613],[103.7528242,1.3818743],[103.7530926,1.3817807],[103.7530962,1.3817824],[103.7531125,1.3818293],[103.7531254,1.3818248],[103.7531167,1.3817998],[103.7531475,1.3817888],[103.7531512,1.3817906],[103.7531635,1.3818256],[103.753161,1.3818262],[103.7531645,1.3818362],[103.7531667,1.3818354],[103.7531885,1.3818985],[103.7531712,1.3819047],[103.7531649,1.3818864],[103.7531383,1.3818959],[103.7531446,1.3819141],[103.7531305,1.3819191],[103.7531276,1.3819108],[103.7530861,1.3819255],[103.7530894,1.3819348],[103.7530711,1.3819413],[103.7530586,1.3819057],[103.753028,1.3819165],[103.75304,1.3819507],[103.7530234,1.3819565],[103.7530207,1.381949],[103.7529776,1.3819642],[103.7529806,1.3819728],[103.7529677,1.3819773],[103.7529548,1.3819406],[103.7529335,1.3819481],[103.752922,1.3819151],[103.7528996,1.381923],[103.7529152,1.3819676],[103.7528882,1.3819772],[103.7528839,1.3819649],[103.7528683,1.3819704],[103.752881,1.3820067],[103.7528631,1.3820131],[103.75286,1.3820041],[103.7528155,1.3820199],[103.7528186,1.3820287],[103.7528017,1.3820348],[103.7527891,1.3819987],[103.752775,1.3820036],[103.7527678,1.381983],[103.7527499,1.3819893],[103.7527449,1.3819752],[103.7527113,1.3819871],[103.7527168,1.3820029],[103.7526909,1.3820121],[103.752703,1.3820467],[103.7526856,1.3820529],[103.7526832,1.3820461],[103.7526382,1.3820621],[103.7526402,1.3820678],[103.7526254,1.3820731],[103.7526137,1.3820398],[103.7525781,1.3820524],[103.7525896,1.3820852],[103.7525744,1.3820905],[103.7525718,1.382083],[103.7525305,1.3820976],[103.7525322,1.3821025],[103.7525194,1.382107],[103.7525142,1.3820923],[103.7524879,1.3821016]]]}},{"type":"Feature","properties":{"type":"HDB"},"geometry":{"type":"Polygon","coordinates":[[[103.7515145,1.3823119],[103.7515291,1.3823148],[103.751526,1.3823309],[103.7514143,1.3823094],[103.7514119,1.3823059],[103.7514172,1.3822778],[103.7514453,1.3822832],[103.7514487,1.3822653],[103.751398,1.3822555],[103.7513956,1.382252],[103.7514243,1.3821007],[103.7514549,1.3820775],[103.7514645,1.3820304],[103.7515166,1.3819931],[103.7515243,1.3819522],[103.7516769,1.3818491],[103.7518729,1.3818873],[103.751895,1.3818716],[103.7522279,1.3819357],[103.7522303,1.3819392],[103.7522215,1.3819859],[103.7522397,1.3819894],[103.7522442,1.3819654],[103.7522717,1.3819706],[103.7522738,1.3819741],[103.7522525,1.3820863],[103.7522389,1.3820835],[103.7522427,1.3820649],[103.7522102,1.3820583],[103.7522064,1.3820771],[103.7521927,1.3820743],[103.7521942,1.3820666],[103.7521478,1.3820572],[103.7521462,1.3820656],[103.752131,1.3820625],[103.7521378,1.382029],[103.7521047,1.3820222],[103.7520978,1.3820563],[103.752082,1.3820531],[103.7520837,1.382045],[103.7520376,1.3820357],[103.7520359,1.3820444],[103.7520177,1.3820407],[103.7520246,1.3820043],[103.7519956,1.3819987],[103.7519987,1.3819822],[103.751947,1.3819723],[103.7519399,1.3820095],[103.7519249,1.3820066],[103.7519181,1.3820421],[103.7518993,1.3820385],[103.7519007,1.3820306],[103.7518531,1.3820215],[103.7518515,1.3820301],[103.751839,1.3820277],[103.7518463,1.3819894],[103.7518294,1.3819862],[103.7518227,1.3820217],[103.7517953,1.3820165],[103.7518041,1.3819701],[103.7517593,1.3819614],[103.7517503,1.3820093],[103.7517319,1.382006],[103.7517328,1.3819985],[103.7516635,1.3819851],[103.7516509,1.3819684],[103.7516345,1.3819789],[103.7516578,1.3820152],[103.7516447,1.3820255],[103.751666,1.3820548],[103.7516497,1.3820657],[103.7516455,1.3820592],[103.751607,1.3820851],[103.7516113,1.3820917],[103.7515982,1.3821006],[103.7515798,1.3820732],[103.7515624,1.3820849],[103.7515556,1.3820741],[103.7515443,1.3820823],[103.7515622,1.3821084],[103.7515528,1.3821577],[103.7515591,1.3821589],[103.7515545,1.3821794],[103.7515225,1.3821732],[103.7515162,1.3822062],[103.7515501,1.3822128],[103.7515468,1.38223],[103.7515381,1.3822283],[103.7515296,1.382273],[103.7515382,1.3822747],[103.7515356,1.3822887],[103.7515195,1.3822856],[103.7515145,1.3823119]]]}},{"type":"Feature","properties":{"type":"HDB"},"geometry":{"type":"Polygon","coordinates":[[[103.7533002,1.3822953],[103.7532968,1.3822933],[103.7532802,1.3822447],[103.7532629,1.382251],[103.7532724,1.3822776],[103.7532454,1.3822871],[103.7532417,1.3822852],[103.7532304,1.3822521],[103.7532339,1.3822509],[103.7532306,1.3822406],[103.7532269,1.3822418],[103.753205,1.3821769],[103.7532203,1.3821715],[103.7532262,1.3821883],[103.7532522,1.3821791],[103.7532468,1.3821635],[103.7532604,1.3821586],[103.7532626,1.382165],[103.7533067,1.3821494],[103.7533044,1.3821429],[103.7533173,1.3821384],[103.7533276,1.3821681],[103.7533609,1.3821563],[103.7533503,1.3821258],[103.7533683,1.3821194],[103.7533711,1.3821273],[103.7534144,1.382112],[103.7534119,1.3821049],[103.7534311,1.3820981],[103.7534434,1.3821334],[103.7535208,1.382106],[103.7535148,1.382089],[103.7535298,1.3820837],[103.7535167,1.3820473],[103.7535348,1.382041],[103.7535381,1.3820502],[103.7535827,1.382034],[103.7535796,1.3820254],[103.7535946,1.38202],[103.7535999,1.3820348],[103.7536565,1.3820143],[103.7536438,1.3819776],[103.7536637,1.3819707],[103.7536674,1.3819812],[103.7537102,1.3819664],[103.7537064,1.3819559],[103.7537231,1.3819501],[103.7537353,1.3819841],[103.7537669,1.3819726],[103.7537548,1.3819391],[103.7537708,1.3819333],[103.7537746,1.381944],[103.7538173,1.3819292],[103.7538136,1.3819187],[103.75383,1.381913],[103.7538358,1.3819293],[103.7538571,1.3819219],[103.7538535,1.3819115],[103.753871,1.3819049],[103.7538926,1.3819674],[103.7538892,1.3819686],[103.7538932,1.3819803],[103.7538965,1.3819792],[103.7539061,1.3820071],[103.7539043,1.3820108],[103.7538765,1.3820203],[103.7538668,1.3819931],[103.7538503,1.381999],[103.7538677,1.3820474],[103.753866,1.3820514],[103.7536883,1.3821135],[103.7537026,1.3821548],[103.7533002,1.3822953]]]}},{"type":"Feature","properties":{"type":"HDB"},"geometry":{"type":"Polygon","coordinates":[[[103.7588849,1.3820539],[103.758874,1.3820489],[103.7588981,1.3820069],[103.7591335,1.3821436],[103.7591094,1.3821857],[103.7590997,1.3821787],[103.7590876,1.3821997],[103.7590646,1.3821864],[103.759057,1.3821997],[103.7590114,1.3821731],[103.7590087,1.3821778],[103.759003,1.3821745],[103.7589953,1.3821879],[103.759007,1.3821947],[103.7589904,1.3822236],[103.7590151,1.382238],[103.7590016,1.3822615],[103.7589507,1.3822319],[103.7589447,1.3822425],[103.7589943,1.3822733],[103.7589954,1.3822714],[103.7590001,1.3822741],[103.7589962,1.3822844],[103.7590425,1.3823113],[103.7590349,1.3823246],[103.7590578,1.382338],[103.7590457,1.3823591],[103.7590567,1.382364],[103.7590327,1.3824059],[103.7587973,1.3822691],[103.7588213,1.3822272],[103.7588309,1.3822343],[103.7588431,1.3822132],[103.758866,1.3822265],[103.7588732,1.382214],[103.7588538,1.3822027],[103.7588527,1.3822046],[103.7588157,1.3821805],[103.7588145,1.3821825],[103.7588052,1.3821771],[103.7588063,1.3821751],[103.7587834,1.3821618],[103.7587762,1.3821743],[103.7587992,1.3821877],[103.758787,1.3822088],[103.758798,1.3822136],[103.758774,1.3822555],[103.7586726,1.3821966],[103.7586824,1.3821797],[103.7586637,1.3821688],[103.7586539,1.3821858],[103.7585526,1.3821269],[103.7585766,1.382085],[103.7585863,1.3820921],[103.7585984,1.382071],[103.7586214,1.3820843],[103.758629,1.382071],[103.7586689,1.3820942],[103.7586711,1.3820866],[103.7586781,1.3820907],[103.7586937,1.3820683],[103.7586917,1.3820671],[103.7586957,1.3820601],[103.7586898,1.3820498],[103.7586668,1.3820631],[103.7586547,1.3820419],[103.7586451,1.3820491],[103.758621,1.3820072],[103.7588564,1.3818704],[103.7588805,1.3819123],[103.7588695,1.3819172],[103.7588816,1.3819383],[103.7588587,1.3819516],[103.7588649,1.3819626],[103.7588673,1.3819612],[103.7588686,1.3819636],[103.7588659,1.3819652],[103.758878,1.3819863],[103.7588081,1.3820251],[103.7588093,1.3820271],[103.7588064,1.3820288],[103.7588025,1.382022],[103.7587959,1.3820259],[103.7587983,1.3820302],[103.7587938,1.3820328],[103.7587901,1.3820265],[103.7587527,1.382051],[103.7587515,1.3820489],[103.7587223,1.3820659],[103.7587259,1.3820722],[103.7587211,1.382075],[103.7587187,1.3820707],[103.7587092,1.3820773],[103.7587072,1.3820761],[103.7586984,1.3820914],[103.7587069,1.3820964],[103.7587093,1.3820922],[103.758723,1.3821002],[103.7587195,1.3821064],[103.7587353,1.3821156],[103.7587364,1.3821136],[103.7587695,1.3821354],[103.758773,1.3821293],[103.7587775,1.3821319],[103.7587751,1.3821361],[103.7587843,1.3821414],[103.7587832,1.3821434],[103.7588142,1.3821614],[103.7588153,1.3821594],[103.7588478,1.3821809],[103.7588513,1.3821748],[103.7588558,1.3821775],[103.7588535,1.3821816],[103.7588604,1.3821856],[103.7588932,1.3821285],[103.7589291,1.3821494],[103.7589395,1.3821314],[103.7588881,1.3821015],[103.7588958,1.3820882],[103.7588728,1.3820749],[103.7588849,1.3820539]]]}},{"type":"Feature","properties":{"type":"HDB"},"geometry":{"type":"Polygon","coordinates":[[[103.7522536,1.3826138],[103.75225,1.3826114],[103.7522349,1.3825674],[103.7522184,1.3825729],[103.7522264,1.3825971],[103.7521988,1.3826063],[103.7521946,1.3826035],[103.7521853,1.3825767],[103.7521886,1.3825755],[103.7521846,1.3825638],[103.7521812,1.382565],[103.752159,1.3825003],[103.752177,1.3824942],[103.752181,1.3825057],[103.7522023,1.3824983],[103.7521969,1.3824819],[103.7522133,1.3824762],[103.7522168,1.3824867],[103.752259,1.3824719],[103.7522555,1.3824611],[103.7522715,1.3824558],[103.7522827,1.3824896],[103.7523145,1.382479],[103.7523033,1.3824447],[103.7523199,1.3824389],[103.7523234,1.3824494],[103.7523661,1.3824345],[103.7523626,1.3824239],[103.7523819,1.3824174],[103.7523943,1.382454],[103.7524128,1.3824475],[103.7524197,1.3824672],[103.7524583,1.3824535],[103.7524472,1.3824197],[103.7524623,1.3824147],[103.7524651,1.3824234],[103.7525102,1.3824084],[103.7525071,1.3823991],[103.7525253,1.3823928],[103.7525373,1.3824296],[103.7525523,1.3824245],[103.7525644,1.3824603],[103.7526157,1.3824421],[103.7526094,1.3824242],[103.7526357,1.382415],[103.7526237,1.3823795],[103.752643,1.382373],[103.7526454,1.3823801],[103.7526888,1.3823652],[103.7526862,1.3823573],[103.7527043,1.3823511],[103.7527146,1.3823817],[103.752748,1.3823703],[103.752738,1.3823405],[103.7527509,1.3823361],[103.752753,1.3823426],[103.7527973,1.3823274],[103.7527951,1.382321],[103.7528088,1.3823164],[103.7528141,1.3823321],[103.7528403,1.3823232],[103.7528345,1.3823062],[103.75285,1.382301],[103.7528725,1.3823656],[103.7528689,1.382367],[103.7528726,1.3823772],[103.7528761,1.3823759],[103.7528875,1.3824084],[103.7528854,1.3824123],[103.7528586,1.3824221],[103.7528502,1.3823975],[103.7528336,1.3824033],[103.7528493,1.3824495],[103.7528476,1.3824533],[103.7524455,1.3825929],[103.7524312,1.382552],[103.7522536,1.3826138]]]}},{"type":"Feature","properties":{"type":"HDB"},"geometry":{"type":"Polygon","coordinates":[[[103.7518076,1.3826454],[103.7513902,1.3825649],[103.7513875,1.3825616],[103.7513972,1.3825107],[103.7513777,1.3825069],[103.7513724,1.3825351],[103.751346,1.38253],[103.7513439,1.3825268],[103.7513515,1.3824878],[103.7513551,1.3824886],[103.7513573,1.3824779],[103.7513535,1.3824771],[103.7513666,1.3824099],[103.7513826,1.3824129],[103.7513794,1.3824304],[103.7514065,1.3824355],[103.7514095,1.3824192],[103.7514237,1.3824218],[103.7514225,1.3824285],[103.7514685,1.382437],[103.7514697,1.3824303],[103.7514831,1.3824328],[103.7514774,1.3824637],[103.7515121,1.3824702],[103.751518,1.3824384],[103.7515368,1.3824419],[103.7515353,1.3824501],[103.7515804,1.3824585],[103.7515818,1.3824511],[103.7516017,1.3824548],[103.751595,1.3824916],[103.7516756,1.3825066],[103.7516789,1.382489],[103.7516944,1.3824918],[103.7517011,1.3824537],[103.7517199,1.3824573],[103.7517183,1.3824669],[103.751765,1.3824752],[103.7517665,1.3824663],[103.7517822,1.382469],[103.7517794,1.3824846],[103.7518387,1.3824952],[103.7518459,1.382457],[103.7518665,1.382461],[103.7518645,1.3824719],[103.7519089,1.3824805],[103.7519108,1.3824695],[103.7519282,1.3824729],[103.7519219,1.3825085],[103.751955,1.3825143],[103.7519612,1.3824792],[103.7519778,1.3824822],[103.7519759,1.3824934],[103.7520202,1.382502],[103.7520222,1.382491],[103.7520392,1.3824943],[103.7520362,1.3825113],[103.7520583,1.3825155],[103.7520616,1.3824986],[103.7520798,1.3825021],[103.7520676,1.3825671],[103.7520641,1.3825664],[103.7520618,1.3825786],[103.7520652,1.3825793],[103.7520571,1.38262],[103.7520536,1.3826224],[103.7520248,1.3826172],[103.7520293,1.382592],[103.7520129,1.3825891],[103.752004,1.3826357],[103.7520004,1.3826383],[103.7518159,1.3826027],[103.7518076,1.3826454]]]}},{"type":"Feature","properties":{"type":"HDB"},"geometry":{"type":"Polygon","coordinates":[[[103.7586978,1.3826017],[103.7586634,1.3825817],[103.758671,1.3825684],[103.7586481,1.382555],[103.7586602,1.3825339],[103.7586492,1.3825291],[103.7586733,1.3824872],[103.7588737,1.3826036],[103.7588496,1.3826455],[103.75884,1.3826384],[103.7588278,1.3826595],[103.7588048,1.3826461],[103.7587973,1.3826595],[103.7587628,1.3826395],[103.7587601,1.3826442],[103.7587547,1.382641],[103.7587471,1.3826577],[103.7587315,1.3826487],[103.7587163,1.3826752],[103.7587412,1.3826897],[103.7587278,1.3827132],[103.7586769,1.3826836],[103.7586699,1.3826958],[103.7587083,1.3827201],[103.7587102,1.3827166],[103.7587149,1.3827193],[103.7587117,1.38273],[103.7587455,1.3827497],[103.7587379,1.382763],[103.7587608,1.3827763],[103.7587487,1.3827975],[103.7587597,1.3828023],[103.7587356,1.3828442],[103.7585353,1.3827277],[103.7585593,1.3826858],[103.7585689,1.382693],[103.7585811,1.3826718],[103.758604,1.3826852],[103.7586103,1.3826742],[103.7586012,1.382667],[103.7585816,1.3826556],[103.7585805,1.3826576],[103.7585486,1.3826365],[103.7585475,1.3826384],[103.7585382,1.382633],[103.7585393,1.382631],[103.7585167,1.3826179],[103.7585096,1.3826303],[103.7585325,1.3826436],[103.7585204,1.3826648],[103.7585314,1.3826696],[103.7585073,1.3827115],[103.758406,1.3826526],[103.7584158,1.3826355],[103.7583971,1.3826247],[103.7583873,1.3826417],[103.7582859,1.3825828],[103.75831,1.3825409],[103.7583196,1.3825481],[103.7583317,1.382527],[103.7583547,1.3825403],[103.7583623,1.382527],[103.7584022,1.3825502],[103.7584043,1.3825422],[103.7584113,1.3825462],[103.7584159,1.3825382],[103.7584179,1.3825394],[103.7584295,1.3825166],[103.7584233,1.3825057],[103.7584003,1.3825191],[103.7583882,1.3824979],[103.7583786,1.3825051],[103.7583545,1.3824632],[103.7585899,1.3823264],[103.758614,1.3823683],[103.758603,1.3823731],[103.7586151,1.3823943],[103.7585922,1.3824076],[103.7585985,1.3824186],[103.7586008,1.3824172],[103.7586021,1.3824196],[103.7585994,1.3824211],[103.7586116,1.3824423],[103.7585411,1.3824805],[103.7585425,1.3824829],[103.7585397,1.3824845],[103.7585359,1.3824778],[103.7585292,1.3824817],[103.7585317,1.382486],[103.7585271,1.3824887],[103.7585233,1.3824822],[103.758494,1.3824992],[103.7584953,1.3825014],[103.7584857,1.382507],[103.7584844,1.3825048],[103.7584553,1.3825217],[103.758459,1.3825282],[103.7584544,1.3825309],[103.7584519,1.3825266],[103.7584423,1.382533],[103.7584403,1.3825319],[103.7584315,1.3825473],[103.7584401,1.3825523],[103.7584426,1.382548],[103.7584563,1.3825559],[103.7584526,1.3825624],[103.7584683,1.3825715],[103.7584695,1.3825696],[103.7585022,1.3825912],[103.7585059,1.3825848],[103.7585108,1.3825876],[103.7585082,1.3825921],[103.7585176,1.3825975],[103.7585165,1.3825995],[103.7585576,1.3826208],[103.7585565,1.3826228],[103.7585754,1.3826338],[103.7585791,1.3826273],[103.7585839,1.3826301],[103.7585814,1.3826346],[103.7585883,1.3826386],[103.7586212,1.3825813],[103.7586874,1.3826198],[103.7586978,1.3826017]]]}},{"type":"Feature","properties":{"type":"HDB"},"geometry":{"type":"Polygon","coordinates":[[[103.7594639,1.3818967],[103.7594281,1.3818759],[103.7594406,1.3818541],[103.7594591,1.3818648],[103.7594507,1.3818365],[103.7594515,1.3817962],[103.7594575,1.3817758],[103.7594666,1.3817578],[103.7594786,1.3817413],[103.7594965,1.3817254],[103.759517,1.3817135],[103.7595388,1.3817061],[103.7595619,1.3817032],[103.7595849,1.381705],[103.7596061,1.3817111],[103.7596245,1.3817211],[103.7596566,1.3817502],[103.7596681,1.3817697],[103.7596758,1.3817924],[103.7596787,1.3818171],[103.7596769,1.3818387],[103.7596706,1.3818609],[103.7596608,1.3818801],[103.7596483,1.3818964],[103.7596214,1.381918],[103.7596339,1.3819252],[103.7593241,1.3824652],[103.7589091,1.3830612],[103.7586303,1.3833957],[103.7586321,1.3834249],[103.7586289,1.3834451],[103.758619,1.3834712],[103.7586073,1.3834892],[103.7585056,1.3835999],[103.758282,1.3835396],[103.7582911,1.3835056],[103.7582703,1.3834999],[103.7582802,1.3834628],[103.7583207,1.3834714],[103.7583371,1.3834103],[103.7583544,1.3834151],[103.7583504,1.3834303],[103.7583992,1.3834435],[103.7583967,1.3834245],[103.7583988,1.3833931],[103.7584072,1.3833669],[103.7584214,1.383343],[103.758435,1.3833277],[103.7584565,1.3833117],[103.7584817,1.3833005],[103.7585007,1.3832961],[103.7584836,1.3832816],[103.7585193,1.3832387],[103.7585376,1.3832541],[103.7587834,1.3829592],[103.7588884,1.3828083],[103.758861,1.382789],[103.7589376,1.3826789],[103.758965,1.3826982],[103.7591884,1.3823771],[103.7592186,1.3823246],[103.7591897,1.3823078],[103.7592469,1.3822081],[103.7592757,1.3822249],[103.7594639,1.3818967]]]}},{"type":"Feature","properties":{"type":"HDB"},"geometry":{"type":"Polygon","coordinates":[[[103.7532957,1.3828046],[103.7532957,1.382811],[103.7533245,1.382811],[103.7533245,1.3828046],[103.7533341,1.3828046],[103.7533341,1.382811],[103.7533467,1.382811],[103.7533467,1.3828046],[103.7533522,1.3828046],[103.7533522,1.382811],[103.7533697,1.382811],[103.7533697,1.3828046],[103.753383,1.3828046],[103.753383,1.382811],[103.7534081,1.382811],[103.7534081,1.3828046],[103.753413,1.3828046],[103.753413,1.382811],[103.7534243,1.382811],[103.7534243,1.3828046],[103.7534394,1.3828046],[103.7534394,1.3827924],[103.753383,1.3827924],[103.753383,1.38279],[103.7533916,1.38279],[103.7533916,1.382769],[103.7533737,1.382769],[103.7533737,1.3826998],[103.7534588,1.3826999],[103.7534588,1.3826938],[103.7534725,1.3826938],[103.7534725,1.3826999],[103.7535042,1.3826999],[103.7535042,1.3826938],[103.7535258,1.3826938],[103.7535258,1.3826999],[103.7535499,1.3826999],[103.7535499,1.3826938],[103.7535554,1.3826938],[103.7535554,1.3826999],[103.7535776,1.3826999],[103.7535776,1.3826938],[103.7535939,1.3826938],[103.7535939,1.3826999],[103.7536065,1.3826999],[103.7536065,1.3826938],[103.7536118,1.3826938],[103.7536118,1.3826999],[103.7536289,1.3826999],[103.7536289,1.3826938],[103.7536425,1.3826938],[103.7536425,1.3826999],[103.7536681,1.3826999],[103.7536681,1.3826938],[103.7536701,1.3826938],[103.7536701,1.3826037],[103.7537376,1.3826037],[103.7537376,1.3825975],[103.7537516,1.3825975],[103.7537516,1.3826037],[103.7537684,1.3826037],[103.7537684,1.3825975],[103.7537735,1.3825975],[103.7537735,1.3826037],[103.7537869,1.3826037],[103.7537869,1.3825975],[103.7538033,1.3825975],[103.7538033,1.3826037],[103.7538255,1.3826037],[103.7538255,1.3825975],[103.7538309,1.3825975],[103.7538309,1.3826037],[103.7538528,1.3826037],[103.7538528,1.3825975],[103.7538692,1.3825975],[103.7538692,1.3826037],[103.7538823,1.3826037],[103.7538823,1.3825975],[103.7538876,1.3825975],[103.7538876,1.3826037],[103.7539048,1.3826037],[103.7539048,1.3825975],[103.7539179,1.3825975],[103.7539179,1.3826037],[103.7539284,1.3826037],[103.7539284,1.3825975],[103.7539948,1.3825975],[103.7539948,1.3826752],[103.7539173,1.3826752],[103.7539173,1.3826834],[103.7537415,1.3826834],[103.7537415,1.3827133],[103.7537285,1.3827133],[103.7537285,1.3827803],[103.7534851,1.3827803],[103.7534851,1.3828141],[103.7535332,1.3828141],[103.7535332,1.3828544],[103.7534683,1.3828544],[103.7534683,1.3828839],[103.7531184,1.3828839],[103.7531184,1.3829024],[103.753049,1.3829024],[103.753049,1.3829002],[103.7530578,1.3829002],[103.7530578,1.3828797],[103.7530394,1.3828797],[103.7530394,1.382811],[103.7531165,1.382811],[103.7531165,1.3828046],[103.75313,1.3828046],[103.75313,1.382811],[103.7531729,1.382811],[103.7531729,1.3828046],[103.7531783,1.3828046],[103.7531783,1.382811],[103.7531956,1.382811],[103.7531956,1.3828046],[103.7532169,1.3828046],[103.7532169,1.382811],[103.7532335,1.382811],[103.7532335,1.3828046],[103.7532388,1.3828046],[103.7532388,1.382811],[103.7532518,1.382811],[103.7532518,1.3828046],[103.7532679,1.3828046],[103.7532679,1.382811],[103.7532902,1.382811],[103.7532902,1.3828046],[103.7532957,1.3828046]]]}},{"type":"Feature","properties":{"type":"HDB"},"geometry":{"type":"Polygon","coordinates":[[[103.757664,1.3828657],[103.7576187,1.3828393],[103.7576235,1.382831],[103.7576089,1.3828225],[103.7576057,1.382828],[103.757584,1.3828153],[103.7575871,1.3828098],[103.7575725,1.3828014],[103.7575677,1.3828097],[103.7575222,1.3827832],[103.757554,1.3827256],[103.7575561,1.3827242],[103.7575695,1.382732],[103.7575722,1.3827273],[103.757577,1.3827301],[103.7575824,1.3827207],[103.757569,1.3827129],[103.7575692,1.3827104],[103.757596,1.3826658],[103.7576416,1.3826923],[103.7576388,1.3826971],[103.7576723,1.3827166],[103.757675,1.3827118],[103.7577204,1.3827381],[103.7576938,1.3827844],[103.7577125,1.3827952],[103.7577161,1.382789],[103.7577278,1.3827958],[103.7577419,1.3827711],[103.7577499,1.3827757],[103.7577613,1.3827558],[103.7577841,1.382769],[103.7577949,1.3827502],[103.7578239,1.3827702],[103.7578302,1.3827624],[103.7578482,1.3827279],[103.7578223,1.3827128],[103.7578297,1.3827],[103.7578077,1.3826872],[103.7578419,1.3826276],[103.7579936,1.3827158],[103.7579594,1.3827754],[103.7579375,1.3827626],[103.7579301,1.3827755],[103.7579015,1.3827589],[103.7578985,1.382764],[103.7578867,1.3827572],[103.7578903,1.3827508],[103.7578714,1.3827398],[103.7578703,1.3827418],[103.7578652,1.3827388],[103.7578623,1.3827439],[103.7578603,1.3827428],[103.757841,1.3827811],[103.757839,1.38278],[103.7578347,1.3827874],[103.757841,1.3827911],[103.7578362,1.3827993],[103.7578382,1.3828004],[103.7578344,1.3828071],[103.7578297,1.3828044],[103.7578147,1.382835],[103.757854,1.3828147],[103.7578612,1.3828277],[103.7578817,1.3828164],[103.7578933,1.3828378],[103.7579059,1.3828294],[103.757929,1.3828718],[103.7577277,1.3829829],[103.7577046,1.3829405],[103.7577184,1.3829344],[103.7577068,1.382913],[103.7577272,1.3829017],[103.7577201,1.3828886],[103.7577589,1.3828672],[103.7577557,1.3828612],[103.757771,1.3828528],[103.757729,1.3828262],[103.7577265,1.3828305],[103.7577218,1.3828278],[103.7577234,1.3828251],[103.7577141,1.3828196],[103.7577152,1.3828177],[103.7576975,1.3828074],[103.757664,1.3828657]]]}},{"type":"Feature","properties":{"type":"HDB"},"geometry":{"type":"Polygon","coordinates":[[[103.7537895,1.3831822],[103.7537895,1.3830437],[103.7537841,1.3830437],[103.7537841,1.3830401],[103.7537895,1.3830401],[103.7537895,1.3829961],[103.7537841,1.3829961],[103.7537841,1.3829926],[103.7537895,1.3829926],[103.7537895,1.3829247],[103.7537841,1.3829247],[103.7537841,1.3829212],[103.7537895,1.3829212],[103.7537895,1.3828536],[103.7537841,1.3828536],[103.7537841,1.38285],[103.7537895,1.38285],[103.7537896,1.3828058],[103.7537841,1.3828058],[103.7537841,1.3828022],[103.7537896,1.3828022],[103.7537896,1.3827583],[103.7537841,1.3827583],[103.7537841,1.3827547],[103.7537896,1.3827547],[103.7537896,1.3827456],[103.7538939,1.3827456],[103.7538939,1.3827533],[103.7539493,1.3827533],[103.7539493,1.3826752],[103.7539948,1.3826752],[103.7539948,1.3826507],[103.7540254,1.3826507],[103.7540934,1.3827706],[103.7540934,1.3828021],[103.7540989,1.3828021],[103.7540989,1.3828056],[103.7540934,1.3828056],[103.7540934,1.3828494],[103.7540989,1.3828494],[103.7540989,1.3828529],[103.7540934,1.3828529],[103.7540934,1.3829208],[103.7540989,1.3829208],[103.7540989,1.3829244],[103.7540934,1.3829244],[103.7540934,1.3829925],[103.7540989,1.3829925],[103.7540989,1.3829961],[103.7540934,1.3829961],[103.7540934,1.38304],[103.7540989,1.38304],[103.7540989,1.3830436],[103.7540934,1.3830436],[103.7540934,1.3830734],[103.7539864,1.3831117],[103.7539463,1.3831117],[103.7539463,1.3831261],[103.7537895,1.3831822]]]}},{"type":"Feature","properties":{"type":"HDB"},"geometry":{"type":"Polygon","coordinates":[[[103.7529566,1.3829885],[103.7529561,1.383009],[103.7529471,1.3830318],[103.752928,1.3830472],[103.752904,1.3830511],[103.752884,1.3830472],[103.7528636,1.3830378],[103.7528396,1.3830213],[103.752822,1.3830053],[103.7527935,1.3829671],[103.7527831,1.3829457],[103.752776,1.3829228],[103.7527736,1.3828991],[103.7527779,1.3828757],[103.7527915,1.3828565],[103.7528131,1.3828472],[103.7528368,1.382848],[103.7528593,1.3828556],[103.7528799,1.3828674],[103.7528985,1.3828823],[103.7529293,1.3829185],[103.7529411,1.3829393],[103.7529519,1.3829664],[103.7529566,1.3829885]]]}},{"type":"Feature","properties":{"type":"HDB"},"geometry":{"type":"Polygon","coordinates":[[[103.7581897,1.3828266],[103.7583414,1.3829147],[103.7583059,1.3829767],[103.7582839,1.3829639],[103.7582765,1.3829768],[103.7582487,1.3829606],[103.7582287,1.3829955],[103.7582306,1.3829966],[103.7582257,1.3830052],[103.7582574,1.3830205],[103.7582466,1.3830393],[103.7582694,1.3830525],[103.7582579,1.3830725],[103.7582659,1.3830772],[103.7582517,1.3831018],[103.7582634,1.3831086],[103.7582599,1.3831149],[103.7582752,1.3831238],[103.7583087,1.3830654],[103.7583542,1.3830918],[103.7583494,1.3831003],[103.7583805,1.3831184],[103.7583854,1.3831099],[103.7584309,1.3831364],[103.758399,1.3831942],[103.7583969,1.3831956],[103.7583892,1.3831911],[103.7583838,1.3832005],[103.7583886,1.3832033],[103.7583859,1.383208],[103.7583989,1.3832156],[103.7583988,1.3832181],[103.7583651,1.3832746],[103.7583195,1.3832482],[103.7583241,1.3832402],[103.7583095,1.3832317],[103.7583066,1.3832368],[103.7582848,1.3832242],[103.7582878,1.383219],[103.7582732,1.3832105],[103.7582686,1.3832186],[103.758223,1.3831921],[103.7582565,1.3831338],[103.7582392,1.3831238],[103.758238,1.3831257],[103.7582287,1.3831203],[103.7582271,1.383123],[103.7582225,1.3831203],[103.7582249,1.383116],[103.7581816,1.3830929],[103.758182,1.3831101],[103.7581752,1.3831103],[103.7581762,1.3831548],[103.7581614,1.3831551],[103.7581619,1.3831786],[103.7581376,1.3831791],[103.7581393,1.3831943],[103.7580913,1.3831953],[103.7580862,1.3829643],[103.7581343,1.3829633],[103.7581333,1.3829784],[103.7581575,1.3829779],[103.758158,1.3830014],[103.7581729,1.3830011],[103.7581752,1.3830456],[103.7581934,1.3830173],[103.7581887,1.3830145],[103.7581921,1.3830077],[103.7581945,1.383009],[103.7581992,1.3830008],[103.7582054,1.3830044],[103.7582097,1.382997],[103.7582077,1.3829958],[103.7582317,1.3829586],[103.7582298,1.3829575],[103.7582327,1.3829524],[103.7582276,1.3829494],[103.7582288,1.3829475],[103.7582085,1.3829357],[103.7582063,1.3829397],[103.7582,1.382937],[103.7581953,1.3829343],[103.7581973,1.3829308],[103.7581687,1.3829142],[103.7581761,1.3829013],[103.7581542,1.3828885],[103.7581897,1.3828266]]]}},{"type":"Feature","properties":{"type":"HDB"},"geometry":{"type":"Polygon","coordinates":[[[103.753509,1.3831688],[103.7535031,1.3831521],[103.7534562,1.383169],[103.7534526,1.3831591],[103.7534451,1.3831553],[103.753436,1.3831736],[103.7534405,1.3831861],[103.7534743,1.383174],[103.7534819,1.3831951],[103.7535074,1.383186],[103.7535273,1.383242],[103.753475,1.3832608],[103.7534707,1.3832487],[103.7534169,1.3832681],[103.7534212,1.3832801],[103.753369,1.3832989],[103.7533491,1.3832428],[103.753375,1.3832335],[103.7533675,1.3832123],[103.7534011,1.3832003],[103.7533975,1.3831901],[103.7533639,1.3832021],[103.7533562,1.3831805],[103.7533305,1.3831898],[103.7533106,1.3831337],[103.7533631,1.3831149],[103.7533675,1.3831272],[103.7533949,1.383116],[103.7533968,1.3831215],[103.7534167,1.3831144],[103.7534147,1.3831088],[103.7534167,1.3831081],[103.7534248,1.3831309],[103.753475,1.3831129],[103.7534695,1.3830974],[103.7534885,1.3830905],[103.7534831,1.3830753],[103.7534745,1.3830784],[103.7534625,1.3830445],[103.7534652,1.3830458],[103.7534881,1.3830375],[103.7534893,1.3830349],[103.7534909,1.3830392],[103.753518,1.3830294],[103.7535165,1.3830251],[103.7535184,1.3830244],[103.7535259,1.3830455],[103.7535459,1.3830383],[103.7535384,1.3830172],[103.7535403,1.3830165],[103.7535419,1.3830208],[103.7535686,1.3830112],[103.7535671,1.3830069],[103.7535698,1.3830082],[103.7535925,1.383],[103.7535938,1.3829973],[103.7536058,1.3830311],[103.7535965,1.3830344],[103.753602,1.38305],[103.7536211,1.3830431],[103.7536273,1.3830606],[103.7536221,1.3830624],[103.7536263,1.3830741],[103.7536587,1.3830624],[103.7536647,1.3830794],[103.7536457,1.3830862],[103.7536511,1.3831016],[103.7536597,1.3830985],[103.7536718,1.3831325],[103.7536691,1.3831312],[103.7536459,1.3831396],[103.7536446,1.3831422],[103.7536432,1.3831381],[103.753587,1.3831582],[103.7535885,1.3831624],[103.7535858,1.3831612],[103.753563,1.3831694],[103.7535617,1.383172],[103.7535497,1.3831381],[103.7535587,1.3831348],[103.7535532,1.3831193],[103.7535357,1.3831256],[103.7535463,1.3831554],[103.753509,1.3831688]]]}},{"type":"Feature","properties":{"type":"HDB"},"geometry":{"type":"Polygon","coordinates":[[[103.7576682,1.3832349],[103.7576593,1.3832325],[103.7576602,1.3832293],[103.757663,1.38323],[103.757666,1.3832185],[103.7576513,1.3832128],[103.75765,1.3832176],[103.7576448,1.3832162],[103.7576298,1.3832726],[103.7576055,1.3832661],[103.757607,1.3832602],[103.7575908,1.3832558],[103.7575883,1.3832652],[103.7575375,1.3832515],[103.7575547,1.3831863],[103.7575425,1.383183],[103.7575411,1.3831882],[103.7575358,1.3831868],[103.7575372,1.3831816],[103.7575234,1.3831778],[103.757506,1.383243],[103.7574552,1.3832293],[103.7574577,1.3832199],[103.7574415,1.3832155],[103.7574397,1.3832221],[103.7574154,1.3832156],[103.7574172,1.383209],[103.7574009,1.3832046],[103.7573984,1.383214],[103.7573476,1.3832003],[103.7573636,1.3831361],[103.7573652,1.3831342],[103.757388,1.3831404],[103.7573894,1.3831351],[103.7573946,1.3831365],[103.7573985,1.3831219],[103.7574105,1.3831252],[103.7574285,1.3830616],[103.7574793,1.3830753],[103.7574767,1.3830849],[103.7575114,1.3830942],[103.757514,1.3830847],[103.7575648,1.3830984],[103.7575464,1.3831675],[103.7575675,1.3831731],[103.7575693,1.3831663],[103.7575824,1.3831698],[103.7575805,1.3831767],[103.7575924,1.3831799],[103.7575942,1.383173],[103.7576027,1.3831753],[103.7576042,1.3831695],[103.7576094,1.3831709],[103.7576213,1.3831262],[103.7576341,1.3831297],[103.7576334,1.3831323],[103.7576622,1.38314],[103.7576629,1.3831372],[103.7576713,1.3831395],[103.7576706,1.3831423],[103.7576913,1.3831479],[103.7576963,1.3831293],[103.7577106,1.3831332],[103.7577167,1.3831105],[103.7577401,1.3831168],[103.7577427,1.3831018],[103.7577891,1.3831144],[103.7577297,1.3833375],[103.7576833,1.383325],[103.7576885,1.3833107],[103.757665,1.3833044],[103.7576711,1.3832817],[103.7576567,1.3832778],[103.7576682,1.3832349]]]}},{"type":"Feature","properties":{"type":"HDB"},"geometry":{"type":"Polygon","coordinates":[[[103.753134,1.3833025],[103.7531281,1.3832858],[103.7530811,1.3833027],[103.7530776,1.3832928],[103.7530701,1.383289],[103.753061,1.3833073],[103.7530655,1.3833198],[103.7530993,1.3833077],[103.7531068,1.3833288],[103.7531323,1.3833197],[103.7531522,1.3833757],[103.7530999,1.3833945],[103.7530956,1.3833825],[103.7530419,1.3834018],[103.7530462,1.3834138],[103.7529939,1.3834326],[103.7529741,1.3833765],[103.753,1.3833672],[103.7529925,1.383346],[103.7530261,1.383334],[103.7530225,1.3833238],[103.7529889,1.3833358],[103.7529812,1.3833142],[103.7529555,1.3833235],[103.7529356,1.3832674],[103.7529881,1.3832486],[103.7529925,1.383261],[103.7530198,1.3832497],[103.7530218,1.3832552],[103.7530417,1.3832481],[103.7530397,1.3832425],[103.7530417,1.3832418],[103.7530497,1.3832646],[103.7531,1.3832466],[103.7530945,1.3832311],[103.7531135,1.3832243],[103.7531081,1.383209],[103.7530995,1.3832121],[103.7530875,1.3831782],[103.7530901,1.3831795],[103.7531131,1.3831712],[103.7531143,1.3831686],[103.7531158,1.3831729],[103.7531429,1.3831631],[103.7531414,1.3831588],[103.7531434,1.3831581],[103.7531508,1.3831792],[103.7531708,1.383172],[103.7531634,1.383151],[103.7531653,1.3831503],[103.7531668,1.3831545],[103.7531936,1.3831449],[103.7531921,1.3831406],[103.7531947,1.3831419],[103.7532175,1.3831337],[103.7532188,1.3831311],[103.7532307,1.3831648],[103.7532215,1.3831682],[103.753227,1.3831837],[103.7532461,1.3831768],[103.7532523,1.3831943],[103.7532471,1.3831962],[103.7532512,1.3832078],[103.7532837,1.3831961],[103.7532897,1.3832131],[103.7532707,1.38322],[103.7532761,1.3832353],[103.7532847,1.3832322],[103.7532967,1.3832662],[103.7532941,1.3832649],[103.7532709,1.3832733],[103.7532696,1.3832759],[103.7532681,1.3832718],[103.7532119,1.383292],[103.7532134,1.3832961],[103.7532108,1.3832949],[103.7531879,1.3833031],[103.7531867,1.3833057],[103.7531746,1.3832718],[103.7531837,1.3832685],[103.7531782,1.383253],[103.7531607,1.3832593],[103.7531713,1.3832892],[103.753134,1.3833025]]]}},{"type":"Feature","properties":{"type":"HDB"},"geometry":{"type":"Polygon","coordinates":[[[103.7579726,1.3833544],[103.7579963,1.3832613],[103.7580009,1.3832542],[103.7580068,1.3832515],[103.7581426,1.3832493],[103.7581553,1.3832537],[103.7582229,1.3832929],[103.7582305,1.3833023],[103.7582051,1.3834064],[103.7581965,1.3834138],[103.7580626,1.3834128],[103.7579795,1.3833663],[103.7579745,1.3833615],[103.7579726,1.3833544]]]}},{"type":"Feature","properties":{"type":"HDB"},"geometry":{"type":"Polygon","coordinates":[[[103.7570952,1.3835235],[103.7571595,1.3834435],[103.757167,1.3834389],[103.7571788,1.383438],[103.7571932,1.3834474],[103.7571971,1.3834602],[103.7571971,1.383616],[103.7571951,1.3836253],[103.7571899,1.3836326],[103.7571819,1.3836373],[103.7571693,1.3836379],[103.7570962,1.3835986],[103.7570893,1.3835805],[103.7570896,1.3835366],[103.7570952,1.3835235]]]}},{"type":"Feature","properties":{"type":"HDB"},"geometry":{"type":"Polygon","coordinates":[[[103.7575173,1.3836839],[103.7575461,1.3836917],[103.7575496,1.3836856],[103.7575587,1.3836445],[103.7575241,1.383638],[103.7575297,1.3836171],[103.7575043,1.3836102],[103.7575103,1.3835879],[103.7575014,1.3835855],[103.7575087,1.383558],[103.7574957,1.3835545],[103.7574975,1.3835475],[103.7574767,1.3835419],[103.757463,1.3835935],[103.7574122,1.3835798],[103.7574136,1.3835745],[103.7573763,1.3835644],[103.7573749,1.3835697],[103.7573241,1.3835561],[103.7573364,1.3835055],[103.7573381,1.3835036],[103.757353,1.3835076],[103.7573558,1.3834971],[103.7573504,1.3834957],[103.7573518,1.3834904],[103.7573368,1.3834864],[103.7573364,1.3834839],[103.7573544,1.3834202],[103.7574052,1.3834339],[103.7574027,1.3834433],[103.757419,1.3834477],[103.7574206,1.3834418],[103.7574449,1.3834484],[103.7574433,1.3834543],[103.7574596,1.3834587],[103.7574621,1.3834493],[103.7575135,1.3834631],[103.7574955,1.3835282],[103.7575152,1.3835336],[103.7575158,1.3835314],[103.7575262,1.3835342],[103.757527,1.3835311],[103.7575322,1.3835325],[103.7575309,1.3835373],[103.7575796,1.3835486],[103.7575744,1.3835316],[103.7575809,1.3835297],[103.7575685,1.3834869],[103.7575828,1.3834828],[103.7575762,1.3834602],[103.7575995,1.3834534],[103.757594,1.3834392],[103.7576402,1.3834257],[103.7577044,1.3836475],[103.7576582,1.383661],[103.7576553,1.3836461],[103.757632,1.3836529],[103.7576255,1.3836304],[103.7576113,1.3836345],[103.7575977,1.3835921],[103.7575868,1.3836245],[103.757592,1.3836259],[103.75759,1.3836333],[103.7575879,1.3836327],[103.7575854,1.3836419],[103.7575785,1.38364],[103.7575763,1.3836483],[103.7575784,1.3836489],[103.7575652,1.3836898],[103.7575674,1.3836904],[103.7575659,1.3836961],[103.7575715,1.3836976],[103.7575709,1.3836998],[103.757592,1.3837055],[103.757594,1.3836983],[103.7576071,1.3837019],[103.7576056,1.3837077],[103.7576375,1.3837163],[103.7576336,1.3837307],[103.7576582,1.3837373],[103.7576405,1.3838038],[103.7574712,1.3837581],[103.7574889,1.3836917],[103.7575135,1.3836983],[103.7575173,1.3836839]]]}},{"type":"Feature","properties":{"type":"HDB"},"geometry":{"type":"Polygon","coordinates":[[[103.7579498,1.3837945],[103.7579479,1.3838015],[103.7579693,1.3838073],[103.7579699,1.3838051],[103.7579755,1.3838066],[103.7579771,1.3838009],[103.7579792,1.3838015],[103.7579881,1.3837595],[103.7579903,1.38376],[103.7579925,1.3837517],[103.7579855,1.3837499],[103.757988,1.3837407],[103.7579858,1.3837401],[103.7579878,1.3837327],[103.757993,1.3837341],[103.7579996,1.3837005],[103.7579668,1.3837305],[103.7579566,1.3837197],[103.7579397,1.383736],[103.7579229,1.3837183],[103.757913,1.3837298],[103.7578797,1.3836948],[103.7580456,1.383535],[103.7580788,1.38357],[103.758067,1.3835795],[103.7580838,1.3835971],[103.7580669,1.3836134],[103.7580772,1.3836242],[103.7580452,1.383655],[103.7580499,1.3836599],[103.7580372,1.3836721],[103.7580847,1.3836867],[103.758086,1.3836819],[103.7580912,1.3836833],[103.7580904,1.3836864],[103.7581008,1.3836892],[103.7581002,1.3836914],[103.7581199,1.3836967],[103.7581373,1.3836315],[103.7581881,1.3836452],[103.7581856,1.3836546],[103.7582019,1.3836589],[103.7582034,1.383653],[103.7582277,1.3836595],[103.7582262,1.3836655],[103.7582424,1.3836699],[103.7582449,1.3836605],[103.7582957,1.3836742],[103.7582797,1.3837384],[103.7582781,1.3837403],[103.7582631,1.3837363],[103.7582617,1.3837415],[103.7582563,1.38374],[103.7582536,1.3837505],[103.7582685,1.3837546],[103.7582689,1.383757],[103.7582545,1.383807],[103.7582038,1.3837932],[103.7582052,1.383788],[103.7581678,1.3837779],[103.7581664,1.3837832],[103.7581157,1.3837695],[103.7581294,1.383718],[103.7581086,1.3837124],[103.7581067,1.3837193],[103.7580937,1.3837158],[103.7580863,1.3837434],[103.7580774,1.383741],[103.7580715,1.3837632],[103.7580461,1.3837564],[103.7580406,1.3837773],[103.7580074,1.3837656],[103.7579944,1.3838127],[103.7580237,1.3838205],[103.7580198,1.3838349],[103.7580444,1.3838415],[103.7580267,1.383908],[103.7578574,1.3838623],[103.7578751,1.3837959],[103.7578997,1.3838025],[103.7579035,1.3837881],[103.7579354,1.3837967],[103.7579369,1.383791],[103.7579498,1.3837945]]]}},{"type":"Feature","properties":{"type":"HDB"},"geometry":{"type":"Polygon","coordinates":[[[103.757044,1.3840218],[103.7570177,1.3840099],[103.7570188,1.3840079],[103.7569969,1.3839958],[103.7569902,1.3840081],[103.7570107,1.3840194],[103.756999,1.3840409],[103.7570129,1.384047],[103.7569897,1.3840894],[103.7567885,1.3839782],[103.7568116,1.3839358],[103.7568241,1.3839443],[103.7568358,1.3839229],[103.7568563,1.3839342],[103.756863,1.3839219],[103.7568465,1.3839128],[103.7568454,1.3839147],[103.756836,1.3839096],[103.7568345,1.3839123],[103.7568298,1.3839097],[103.7568324,1.383905],[103.7568189,1.3838975],[103.7568178,1.3838995],[103.7567788,1.3838754],[103.7567777,1.3838774],[103.756773,1.3838748],[103.7567667,1.3838784],[103.7567656,1.3838764],[103.756739,1.3838919],[103.7567402,1.3838938],[103.7567324,1.3838983],[103.7567236,1.3838888],[103.7566792,1.3839146],[103.7566718,1.3839017],[103.7566516,1.3839134],[103.7566394,1.3838923],[103.7566271,1.383901],[103.756603,1.3838591],[103.7568381,1.3837226],[103.7568621,1.3837645],[103.7568484,1.3837709],[103.7568605,1.383792],[103.7568403,1.3838038],[103.7568477,1.3838167],[103.7568008,1.383844],[103.7568062,1.3838534],[103.7568034,1.383855],[103.7568012,1.383851],[103.7567898,1.3838577],[103.7567955,1.383864],[103.7567944,1.383866],[103.7568166,1.3838782],[103.7568201,1.3838717],[103.756828,1.383876],[103.756855,1.3838265],[103.7568751,1.3838376],[103.7568854,1.3838187],[103.7570053,1.383885],[103.7569822,1.3839274],[103.7569697,1.3839189],[103.756958,1.3839403],[103.7569375,1.383929],[103.7569308,1.3839413],[103.7569516,1.3839528],[103.7569543,1.3839477],[103.756959,1.3839504],[103.7569574,1.3839534],[103.7569668,1.3839586],[103.7569658,1.3839606],[103.7569952,1.3839768],[103.7569962,1.3839748],[103.7570216,1.3839914],[103.7570243,1.3839864],[103.7570291,1.383989],[103.7570274,1.3839921],[103.7570369,1.3839973],[103.7570358,1.3839993],[103.7570515,1.384008],[103.7570582,1.3839957],[103.7570378,1.3839844],[103.7570494,1.383963],[103.7570356,1.3839569],[103.7570587,1.3839144],[103.7571603,1.3839706],[103.7571488,1.3839918],[103.7571669,1.3840018],[103.7571785,1.3839806],[103.7572801,1.3840367],[103.757257,1.3840791],[103.7572444,1.3840706],[103.7572327,1.384092],[103.7572123,1.3840807],[103.7572051,1.3840938],[103.7571732,1.3840762],[103.7571665,1.3840885],[103.7572156,1.3841156],[103.7572084,1.3841286],[103.7572289,1.3841399],[103.7572172,1.3841614],[103.7572311,1.3841675],[103.757208,1.3842099],[103.757088,1.3841436],[103.7570939,1.3841329],[103.7570467,1.3841095],[103.7570798,1.3840488],[103.757075,1.3840462],[103.7570781,1.3840407],[103.7570534,1.3840271],[103.7570524,1.384029],[103.7570429,1.3840238],[103.757044,1.3840218]]]}},{"type":"Feature","properties":{"type":"HDB"},"geometry":{"type":"Polygon","coordinates":[[[103.757144,1.3842671],[103.7571491,1.3842728],[103.7571502,1.3842818],[103.7571004,1.3843768],[103.7570906,1.3843828],[103.7569926,1.3843637],[103.756977,1.384358],[103.7569656,1.3843495],[103.756897,1.3842808],[103.7568935,1.3842726],[103.7568948,1.3842648],[103.7569434,1.3841725],[103.7569535,1.3841653],[103.7569606,1.3841664],[103.757144,1.3842671]]]}},{"type":"Feature","properties":{"type":"HDB"},"geometry":{"type":"Polygon","coordinates":[[[103.7569136,1.3846081],[103.7568796,1.3846424],[103.7567976,1.3845599],[103.7568146,1.3845428],[103.7568,1.384528],[103.756783,1.3845451],[103.756701,1.3844627],[103.756735,1.3844284],[103.7567447,1.3844401],[103.7567619,1.3844228],[103.7567784,1.3844395],[103.7567883,1.3844296],[103.7567763,1.3844175],[103.7567747,1.3844191],[103.7567671,1.3844115],[103.7567648,1.3844138],[103.756761,1.38441],[103.7567645,1.3844065],[103.7567157,1.3843574],[103.7567068,1.3843507],[103.7567045,1.3843531],[103.7567007,1.3843492],[103.7567045,1.3843453],[103.7566917,1.3843324],[103.7566825,1.3843416],[103.756699,1.3843583],[103.7566812,1.3843762],[103.7566928,1.3843859],[103.7566588,1.3844201],[103.7565565,1.3843172],[103.7566019,1.3842695],[103.7566166,1.384258],[103.7565655,1.3842066],[103.756562,1.3842101],[103.7565569,1.3842007],[103.756536,1.3842107],[103.7565332,1.3842145],[103.7565383,1.3842234],[103.7565418,1.3842214],[103.7565445,1.3842261],[103.7565398,1.3842288],[103.7565413,1.3842313],[103.7565297,1.3842381],[103.7565264,1.3842332],[103.7564707,1.3842656],[103.756458,1.3842435],[103.7564642,1.3842399],[103.7564579,1.384229],[103.7564377,1.3842407],[103.7564256,1.3842196],[103.7564132,1.3842283],[103.7563892,1.3841864],[103.7566242,1.3840499],[103.7566482,1.3840918],[103.7566345,1.3840982],[103.7566467,1.3841193],[103.7566264,1.3841311],[103.7566338,1.384144],[103.7565869,1.3841713],[103.7565924,1.3841808],[103.7565896,1.3841824],[103.7565876,1.3841789],[103.7565727,1.3841875],[103.7565798,1.3841946],[103.7565782,1.3841962],[103.7566015,1.3842196],[103.7566059,1.3842152],[103.756612,1.3842212],[103.7566075,1.3842257],[103.7566266,1.384245],[103.7566367,1.3842348],[103.7566202,1.3842182],[103.7566373,1.3842009],[103.7566257,1.3841912],[103.7566785,1.3841381],[103.7568704,1.3843312],[103.7568176,1.3843843],[103.7568079,1.3843726],[103.7567908,1.3843899],[103.7567743,1.3843733],[103.7567644,1.3843832],[103.7567892,1.384405],[103.7567876,1.3844066],[103.7568022,1.3844212],[103.7568038,1.3844197],[103.7568114,1.3844273],[103.7568099,1.3844289],[103.7568278,1.384447],[103.7568323,1.3844425],[103.7568361,1.3844464],[103.7568847,1.3843974],[103.7569203,1.3844364],[103.7569288,1.3844278],[103.7570108,1.3845103],[103.7569768,1.3845445],[103.7569671,1.3845328],[103.75695,1.3845501],[103.7569334,1.3845335],[103.7569229,1.384544],[103.7568907,1.3845115],[103.7568808,1.3845214],[103.7569131,1.3845539],[103.7569026,1.3845645],[103.7569191,1.3845811],[103.756902,1.3845984],[103.7569136,1.3846081]]]}},{"type":"Feature","properties":{"type":"HDB"},"geometry":{"type":"Polygon","coordinates":[[[103.7574943,1.384265],[103.7575052,1.3842412],[103.7574833,1.3842423],[103.7574619,1.3842391],[103.7574387,1.3842306],[103.7574196,1.3842187],[103.7574023,1.3842021],[103.7573877,1.3841804],[103.7573757,1.3841424],[103.7573773,1.3841031],[103.7573871,1.3840753],[103.7573977,1.384058],[103.7574111,1.384043],[103.7574299,1.3840286],[103.7574516,1.3840183],[103.7574793,1.3840124],[103.7575082,1.3840136],[103.7575333,1.3840209],[103.7575539,1.3840323],[103.7575724,1.3840481],[103.7575899,1.3840724],[103.7576006,1.3841007],[103.7576036,1.3841318],[103.7576012,1.3841508],[103.7575933,1.384175],[103.7574586,1.3844653],[103.7573841,1.3845892],[103.7573346,1.3846562],[103.7568546,1.3852302],[103.7568356,1.3852432],[103.7568146,1.3852523],[103.7567777,1.3852573],[103.7567384,1.3852494],[103.756705,1.3852293],[103.7566811,1.3851996],[103.7566699,1.385173],[103.7566666,1.3851548],[103.7566671,1.3851248],[103.75667,1.3851118],[103.7566849,1.3850788],[103.7567122,1.3850496],[103.7567427,1.3850339],[103.7567694,1.385028],[103.7568037,1.3850298],[103.7568172,1.3850137],[103.7568123,1.3850095],[103.7567995,1.3850247],[103.7567794,1.3850077],[103.7568295,1.3849479],[103.7568313,1.3849494],[103.7568345,1.3849456],[103.7568398,1.3849501],[103.7568528,1.3849345],[103.7568561,1.3849373],[103.7568627,1.3849294],[103.7568773,1.3849418],[103.7570501,1.3847348],[103.7570441,1.3847298],[103.7570615,1.3847089],[103.7570675,1.3847139],[103.7571042,1.3846699],[103.7570885,1.3846565],[103.7571058,1.3846358],[103.7571215,1.3846492],[103.7571439,1.3846223],[103.7571379,1.3846172],[103.7571552,1.3845964],[103.7571612,1.3846016],[103.7571762,1.3845836],[103.7571702,1.3845785],[103.7571875,1.3845578],[103.7571935,1.3845629],[103.7572004,1.3845546],[103.7571481,1.3845107],[103.7571736,1.3844678],[103.7571829,1.3844733],[103.7572533,1.3843557],[103.7572966,1.3842623],[103.7573333,1.3842796],[103.7573409,1.3842627],[103.757335,1.38426],[103.757337,1.3842556],[103.7573349,1.3842547],[103.7573592,1.3842013],[103.7574943,1.384265]]]}},{"type":"Feature","properties":{"type":"HDB"},"geometry":{"type":"Polygon","coordinates":[[[103.7564792,1.3847728],[103.7564529,1.3847609],[103.756454,1.3847589],[103.7564322,1.3847468],[103.7564255,1.3847591],[103.7564459,1.3847704],[103.7564343,1.3847918],[103.7564481,1.3847979],[103.756425,1.3848404],[103.7562237,1.3847292],[103.7562468,1.3846868],[103.7562594,1.3846953],[103.7562711,1.3846739],[103.7562915,1.3846852],[103.7562982,1.3846729],[103.7562818,1.3846638],[103.7562808,1.3846658],[103.7562714,1.3846607],[103.75627,1.3846634],[103.7562652,1.3846608],[103.7562678,1.3846561],[103.7562541,1.3846485],[103.756253,1.3846505],[103.756214,1.3846264],[103.756213,1.3846284],[103.7562082,1.3846257],[103.756202,1.3846294],[103.7562008,1.3846274],[103.7561746,1.3846427],[103.7561757,1.3846446],[103.7561679,1.3846491],[103.7561643,1.3846429],[103.7561614,1.3846446],[103.7561588,1.3846399],[103.7561145,1.3846656],[103.756107,1.3846527],[103.7560868,1.3846644],[103.7560747,1.3846433],[103.7560623,1.384652],[103.7560383,1.3846101],[103.7562733,1.3844736],[103.7562973,1.3845155],[103.7562836,1.3845219],[103.7562958,1.384543],[103.7562755,1.3845548],[103.7562829,1.3845677],[103.7562362,1.3845949],[103.7562415,1.3846043],[103.7562388,1.3846059],[103.7562366,1.384602],[103.7562253,1.3846085],[103.7562308,1.384615],[103.7562297,1.384617],[103.7562518,1.3846292],[103.7562554,1.3846227],[103.7562632,1.3846271],[103.7562903,1.3845775],[103.7563104,1.3845886],[103.7563207,1.3845697],[103.7564406,1.384636],[103.7564175,1.3846784],[103.7564049,1.3846699],[103.7563933,1.3846913],[103.7563728,1.38468],[103.7563661,1.3846923],[103.7563871,1.3847039],[103.7563898,1.3846988],[103.7563946,1.3847014],[103.7563929,1.3847045],[103.7564023,1.3847097],[103.7564013,1.3847117],[103.7564412,1.3847312],[103.7564401,1.3847332],[103.7564571,1.3847425],[103.7564598,1.3847375],[103.7564645,1.3847401],[103.7564629,1.3847432],[103.7564723,1.3847484],[103.7564712,1.3847504],[103.7564868,1.384759],[103.7564935,1.3847467],[103.756473,1.3847354],[103.7564847,1.384714],[103.7564708,1.3847079],[103.756494,1.3846654],[103.7565956,1.3847216],[103.756584,1.3847428],[103.7566021,1.3847528],[103.7566137,1.3847316],[103.7567158,1.3847879],[103.7566926,1.3848303],[103.7566801,1.3848219],[103.7566684,1.3848433],[103.7566479,1.384832],[103.7566408,1.384845],[103.7566088,1.3848274],[103.7566021,1.3848396],[103.7566512,1.3848668],[103.7566441,1.3848799],[103.7566646,1.3848912],[103.7566529,1.3849126],[103.7566668,1.3849187],[103.7566436,1.3849611],[103.7565233,1.3848946],[103.7565291,1.3848839],[103.7564819,1.3848605],[103.756515,1.3847998],[103.7565103,1.3847972],[103.7565133,1.3847916],[103.7564887,1.3847781],[103.7564876,1.38478],[103.7564782,1.3847748],[103.7564792,1.3847728]]]}},{"type":"Feature","properties":{"type":"HDB"},"geometry":{"type":"Polygon","coordinates":[[[103.7563388,1.3853377],[103.7563048,1.3853719],[103.756223,1.3852895],[103.75624,1.3852724],[103.7562253,1.3852577],[103.7562083,1.3852748],[103.7561264,1.3851923],[103.7561604,1.3851581],[103.7561701,1.3851697],[103.7561872,1.3851525],[103.7562037,1.3851691],[103.7562135,1.3851593],[103.7562015,1.3851473],[103.7561999,1.3851489],[103.7561924,1.3851413],[103.7561902,1.3851435],[103.7561864,1.3851396],[103.7561902,1.3851358],[103.756172,1.3851176],[103.7561704,1.3851192],[103.7561412,1.3850866],[103.7561396,1.3850882],[103.756132,1.3850805],[103.7561298,1.3850827],[103.756126,1.3850789],[103.7561298,1.3850751],[103.7561169,1.3850621],[103.7561078,1.3850713],[103.7561243,1.3850879],[103.7561065,1.3851058],[103.7561181,1.3851156],[103.7560841,1.3851498],[103.7559818,1.3850468],[103.7560273,1.3849992],[103.756043,1.3849878],[103.7560116,1.3849591],[103.7560131,1.3849576],[103.7559915,1.3849359],[103.7559877,1.3849397],[103.7559828,1.3849301],[103.7559616,1.3849404],[103.7559587,1.3849441],[103.7559639,1.3849532],[103.7559671,1.3849513],[103.7559698,1.384956],[103.7559652,1.3849588],[103.7559665,1.3849611],[103.7559548,1.3849679],[103.7559519,1.3849628],[103.7558962,1.3849951],[103.7558836,1.3849732],[103.7558899,1.3849696],[103.7558836,1.3849586],[103.7558633,1.3849704],[103.7558512,1.3849492],[103.7558388,1.384958],[103.7558148,1.3849161],[103.7560498,1.3847795],[103.7560739,1.3848214],[103.7560601,1.3848278],[103.7560723,1.384849],[103.756052,1.3848607],[103.7560595,1.3848736],[103.7560124,1.384901],[103.7560178,1.3849104],[103.7560151,1.384912],[103.756013,1.3849084],[103.7559983,1.384917],[103.7560053,1.384924],[103.7560037,1.3849256],[103.7560272,1.3849492],[103.7560317,1.3849448],[103.7560377,1.3849508],[103.7560333,1.3849553],[103.7560522,1.3849744],[103.7560621,1.3849645],[103.7560456,1.3849479],[103.7560627,1.3849306],[103.7560511,1.3849209],[103.7560851,1.3848867],[103.756277,1.3850798],[103.756243,1.385114],[103.7562333,1.3851023],[103.7562162,1.3851196],[103.7561997,1.385103],[103.7561898,1.3851129],[103.7562144,1.3851345],[103.7562128,1.3851361],[103.7562368,1.385157],[103.7562352,1.3851586],[103.7562532,1.3851767],[103.7562576,1.3851722],[103.7562614,1.385176],[103.75631,1.3851271],[103.7563456,1.3851661],[103.7563542,1.3851575],[103.7564361,1.3852399],[103.7564021,1.3852741],[103.7563924,1.3852624],[103.7563752,1.3852797],[103.7563587,1.385263],[103.7563482,1.3852736],[103.7563162,1.3852413],[103.7563063,1.3852512],[103.7563384,1.3852835],[103.7563279,1.385294],[103.7563444,1.3853107],[103.7563272,1.3853279],[103.7563388,1.3853377]]]}},{"type":"Feature","properties":{"type":"HDB"},"geometry":{"type":"Polygon","coordinates":[[[103.7559539,1.3852791],[103.7559761,1.3853179],[103.7559631,1.3853255],[103.7559705,1.3853384],[103.7559663,1.3853407],[103.7559705,1.3853481],[103.7559507,1.3853596],[103.7559582,1.3853722],[103.7559246,1.3853917],[103.7559282,1.385398],[103.7559136,1.3854065],[103.755916,1.3854108],[103.7559038,1.3854179],[103.7559013,1.3854136],[103.7558972,1.385416],[103.7558853,1.3855016],[103.7558975,1.3855087],[103.7558946,1.3855137],[103.7559096,1.3855224],[103.7559145,1.3855139],[103.7559219,1.3855182],[103.7559635,1.3854426],[103.7559895,1.3854577],[103.7559832,1.3854687],[103.7560295,1.3854956],[103.7560358,1.3854846],[103.7560619,1.3854998],[103.7560176,1.3855738],[103.7560636,1.3856005],[103.7560699,1.3855895],[103.7560506,1.3855783],[103.7560546,1.3855712],[103.7560527,1.3855701],[103.7560823,1.3855184],[103.7562341,1.3856066],[103.7562044,1.3856583],[103.7562025,1.3856572],[103.7561984,1.3856642],[103.7561791,1.385653],[103.7561717,1.3856659],[103.7561478,1.385652],[103.7561384,1.3856685],[103.7561576,1.3856797],[103.7561232,1.3857429],[103.7560971,1.3857278],[103.7561015,1.3857201],[103.7560793,1.3857073],[103.7560709,1.3857219],[103.7560491,1.3857093],[103.7560541,1.3857005],[103.756037,1.3856905],[103.7560269,1.3857081],[103.7559981,1.3856914],[103.756044,1.3856115],[103.7559926,1.3855817],[103.755991,1.3855844],[103.755986,1.3855815],[103.755988,1.385578],[103.7559599,1.3855617],[103.7559541,1.3855718],[103.7559743,1.3855836],[103.7559698,1.3855914],[103.7559734,1.3855935],[103.755966,1.3856064],[103.755979,1.385614],[103.7559568,1.3856527],[103.7558552,1.3855937],[103.7558572,1.3855902],[103.7558393,1.3855798],[103.7558373,1.3855833],[103.7557358,1.3855243],[103.755758,1.3854856],[103.755771,1.3854931],[103.7557784,1.3854802],[103.7557822,1.3854824],[103.7557867,1.3854745],[103.7558067,1.3854862],[103.7558137,1.385474],[103.7558473,1.3854936],[103.7558509,1.3854873],[103.7558659,1.3854946],[103.755875,1.3854289],[103.7558678,1.385433],[103.7558642,1.3854268],[103.7558306,1.3854463],[103.7558233,1.3854336],[103.755804,1.3854448],[103.7557999,1.3854376],[103.7557954,1.3854401],[103.755788,1.3854272],[103.755775,1.3854348],[103.7557527,1.385396],[103.7559539,1.3852791]]]}},{"type":"Feature","properties":{"type":"HDB"},"geometry":{"type":"Polygon","coordinates":[[[103.7555687,1.3857528],[103.7555485,1.3857645],[103.755544,1.3857567],[103.7555405,1.3857588],[103.7555331,1.3857458],[103.75552,1.3857534],[103.7554978,1.3857146],[103.7556989,1.3855978],[103.7557212,1.3856365],[103.7557081,1.3856441],[103.7557156,1.385657],[103.755712,1.3856591],[103.7557165,1.3856669],[103.7556963,1.3856787],[103.7557032,1.3856908],[103.7556714,1.3857093],[103.7556781,1.3857211],[103.7556913,1.3857134],[103.7557039,1.3857353],[103.7556551,1.3857637],[103.755658,1.3857688],[103.7556553,1.3857704],[103.7556607,1.3857799],[103.7557107,1.3858089],[103.7557123,1.3858062],[103.7557174,1.3858091],[103.7557154,1.3858127],[103.7557231,1.3858172],[103.7557647,1.3857416],[103.7557908,1.3857567],[103.7557845,1.3857677],[103.7558308,1.3857946],[103.7558371,1.3857837],[103.7558631,1.3857988],[103.7558186,1.3858732],[103.7558433,1.3858876],[103.7558874,1.3858108],[103.7559162,1.3858275],[103.7559061,1.3858452],[103.7559232,1.3858551],[103.7559282,1.3858463],[103.75595,1.385859],[103.7559416,1.3858736],[103.7559638,1.3858865],[103.7559682,1.3858789],[103.7559942,1.385894],[103.7559593,1.3859518],[103.7560005,1.3859757],[103.7560819,1.3859902],[103.7560825,1.3859866],[103.7560964,1.3859891],[103.7560954,1.3859949],[103.7561021,1.3859961],[103.7561126,1.385927],[103.7561422,1.3859322],[103.7561407,1.3859409],[103.7561659,1.3859454],[103.7561688,1.3859287],[103.7562788,1.3859482],[103.7562685,1.386007],[103.7562664,1.3860062],[103.756265,1.3860142],[103.756243,1.3860103],[103.7562405,1.386025],[103.7562165,1.3860212],[103.7562141,1.3860348],[103.7561964,1.3860316],[103.7561942,1.3860441],[103.7562161,1.386048],[103.7562147,1.386056],[103.7562169,1.3860564],[103.7562066,1.3861152],[103.7560341,1.3860846],[103.7560444,1.3860258],[103.7560466,1.3860262],[103.756048,1.3860181],[103.7560699,1.386022],[103.7560717,1.3860118],[103.7559925,1.3859977],[103.7559548,1.3859758],[103.7559112,1.3860549],[103.7558852,1.3860398],[103.7558915,1.3860288],[103.7558452,1.3860019],[103.7558389,1.3860129],[103.7558128,1.3859977],[103.7558598,1.385919],[103.7558092,1.3858896],[103.7558076,1.3858924],[103.7558026,1.3858894],[103.7558047,1.385886],[103.7557748,1.3858686],[103.7557689,1.3858788],[103.7557892,1.3858905],[103.7557847,1.3858984],[103.7557882,1.3859004],[103.7557808,1.3859134],[103.7557938,1.3859209],[103.7557716,1.3859597],[103.7555704,1.3858428],[103.7555927,1.385804],[103.7556057,1.3858116],[103.7556131,1.3857987],[103.7556167,1.3858007],[103.7556212,1.3857929],[103.7556414,1.3858047],[103.7556472,1.3857945],[103.7556242,1.385755],[103.7556172,1.3857591],[103.7556093,1.3857454],[103.7555757,1.3857649],[103.7555687,1.3857528]]]}},{"type":"Feature","properties":{"type":"HDB"},"geometry":{"type":"Polygon","coordinates":[[[103.755526,1.3861042],[103.7555675,1.3860286],[103.7555936,1.3860437],[103.7555873,1.3860547],[103.7556336,1.3860816],[103.7556399,1.3860706],[103.755666,1.3860858],[103.7556215,1.3861602],[103.7556462,1.3861745],[103.7556902,1.3860978],[103.755719,1.3861145],[103.7557089,1.3861321],[103.755726,1.3861421],[103.7557311,1.3861333],[103.7557529,1.3861459],[103.7557444,1.3861606],[103.7557666,1.3861735],[103.755771,1.3861659],[103.7557971,1.386181],[103.7557621,1.3862388],[103.7558033,1.3862627],[103.7558848,1.3862772],[103.7558854,1.3862736],[103.7558993,1.3862761],[103.7558983,1.3862818],[103.7559049,1.386283],[103.7559154,1.3862139],[103.7559451,1.3862192],[103.7559435,1.3862279],[103.7559688,1.3862324],[103.7559717,1.3862157],[103.7560816,1.3862352],[103.7560713,1.386294],[103.7560692,1.3862931],[103.7560678,1.3863012],[103.7560459,1.3862973],[103.7560432,1.3863124],[103.7560193,1.3863082],[103.756017,1.3863217],[103.7559992,1.3863186],[103.755997,1.3863311],[103.756019,1.386335],[103.7560176,1.386343],[103.7560198,1.3863434],[103.7560095,1.3864021],[103.7558369,1.3863715],[103.7558472,1.3863127],[103.7558494,1.3863131],[103.7558508,1.3863051],[103.7558728,1.386309],[103.7558746,1.3862988],[103.7557954,1.3862847],[103.7557577,1.3862628],[103.7557141,1.3863419],[103.755688,1.3863268],[103.7556943,1.3863158],[103.755648,1.3862889],[103.7556417,1.3862999],[103.7556157,1.3862847],[103.7556626,1.386206],[103.755612,1.3861766],[103.7556105,1.3861793],[103.7556054,1.3861764],[103.7556076,1.386173],[103.7555776,1.3861556],[103.7555718,1.3861657],[103.755592,1.3861775],[103.7555875,1.3861853],[103.7555911,1.3861874],[103.7555837,1.3862003],[103.7555967,1.3862079],[103.7555745,1.3862467],[103.7553733,1.3861298],[103.7553955,1.386091],[103.7554086,1.3860986],[103.755416,1.3860856],[103.7554195,1.3860877],[103.755424,1.3860799],[103.7554442,1.3860916],[103.7554501,1.3860814],[103.755427,1.386042],[103.75542,1.3860461],[103.7554122,1.3860323],[103.7553785,1.3860519],[103.7553716,1.3860397],[103.7553513,1.3860515],[103.7553469,1.3860437],[103.7553433,1.3860457],[103.7553359,1.3860328],[103.7553229,1.3860404],[103.7553006,1.3860016],[103.7555018,1.3858847],[103.755524,1.3859235],[103.755511,1.3859311],[103.7555184,1.385944],[103.7555149,1.385946],[103.7555194,1.3859539],[103.7554991,1.3859656],[103.7555061,1.3859778],[103.7554742,1.3859963],[103.755481,1.386008],[103.7554942,1.3860003],[103.7555068,1.3860223],[103.7554579,1.3860507],[103.7554609,1.3860557],[103.7554581,1.3860573],[103.7554636,1.3860668],[103.7555136,1.3860959],[103.7555152,1.3860932],[103.7555202,1.3860961],[103.7555182,1.3860996],[103.755526,1.3861042]]]}},{"type":"Feature","properties":{"type":"HDB"},"geometry":{"type":"Polygon","coordinates":[[[103.7554851,1.386745],[103.7554082,1.3867896],[103.7554045,1.3867832],[103.7553866,1.3867936],[103.7553903,1.3868],[103.7553135,1.3868447],[103.7552838,1.386793],[103.7552858,1.3867918],[103.7552818,1.3867848],[103.7553011,1.3867736],[103.7552952,1.3867634],[103.7551755,1.3868329],[103.7551827,1.3868455],[103.7551952,1.3868382],[103.7551988,1.3868445],[103.7552324,1.386825],[103.7552393,1.3868371],[103.7552596,1.3868254],[103.7552641,1.3868332],[103.7552676,1.3868311],[103.755275,1.3868441],[103.7552881,1.3868365],[103.7553103,1.3868753],[103.7552087,1.3869343],[103.7552062,1.3869298],[103.7551883,1.3869402],[103.7551915,1.3869458],[103.7551705,1.386958],[103.7551777,1.3869706],[103.7551489,1.3869873],[103.755141,1.3869736],[103.7550414,1.3870315],[103.7550192,1.3869927],[103.7550322,1.3869851],[103.7550248,1.3869722],[103.7550283,1.3869701],[103.7550239,1.3869623],[103.7550441,1.3869506],[103.7550371,1.3869384],[103.7550707,1.3869189],[103.7550671,1.3869126],[103.7550706,1.3869106],[103.7550691,1.3869078],[103.7550741,1.3869049],[103.7550757,1.3869076],[103.7551652,1.3868556],[103.7551403,1.3868122],[103.7551068,1.3868316],[103.7551084,1.3868344],[103.7551033,1.3868373],[103.7551017,1.3868346],[103.7550982,1.3868366],[103.7550946,1.3868303],[103.755061,1.3868499],[103.7550541,1.3868377],[103.7550338,1.3868495],[103.7550293,1.3868416],[103.7550258,1.3868437],[103.7550184,1.3868308],[103.7550054,1.3868384],[103.7549831,1.3867996],[103.7551843,1.3866827],[103.7552065,1.3867215],[103.7551935,1.386729],[103.7552009,1.386742],[103.7551974,1.386744],[103.7552018,1.3867519],[103.7551816,1.3867636],[103.7551886,1.3867758],[103.755155,1.3867953],[103.7551637,1.3868106],[103.7551752,1.3868039],[103.7551776,1.3868082],[103.7553495,1.3867084],[103.7553479,1.3867056],[103.7553529,1.3867027],[103.7553425,1.3866863],[103.7553089,1.3867059],[103.7553019,1.3866937],[103.7552817,1.3867055],[103.7552772,1.3866976],[103.7552737,1.3866997],[103.7552662,1.3866868],[103.7552532,1.3866943],[103.755231,1.3866556],[103.7554321,1.3865387],[103.7554544,1.3865775],[103.7554414,1.3865851],[103.7554488,1.386598],[103.7554452,1.3866],[103.7554497,1.3866078],[103.7554295,1.3866196],[103.7554364,1.3866317],[103.7554028,1.3866513],[103.7554064,1.3866575],[103.7554029,1.3866596],[103.7554054,1.3866639],[103.7553932,1.386671],[103.7553907,1.3866667],[103.7553644,1.386682],[103.7553802,1.3867096],[103.7554227,1.3866856],[103.7554302,1.3866986],[103.7554495,1.3866874],[103.7554535,1.3866944],[103.7554554,1.3866933],[103.7554851,1.386745]]]}},{"type":"Feature","properties":{"type":"HDB"},"geometry":{"type":"Polygon","coordinates":[[[103.7557295,1.3867618],[103.755628,1.3869357],[103.7555293,1.3868774],[103.7556307,1.3867034],[103.7557295,1.3867618]]]}},{"type":"Feature","properties":{"type":"HDB"},"geometry":{"type":"Polygon","coordinates":[[[103.75456,1.387377],[103.7545378,1.3873382],[103.7547389,1.3872214],[103.7547612,1.3872601],[103.7547482,1.3872677],[103.7547556,1.3872806],[103.754752,1.3872827],[103.7547565,1.3872905],[103.7547363,1.3873023],[103.7547432,1.3873144],[103.7547096,1.3873339],[103.7547184,1.3873492],[103.7547298,1.3873426],[103.7547323,1.3873469],[103.7549041,1.387247],[103.7549026,1.3872443],[103.7549076,1.3872414],[103.7548972,1.387225],[103.7548636,1.3872445],[103.7548566,1.3872324],[103.7548364,1.3872441],[103.7548319,1.3872363],[103.7548283,1.3872383],[103.7548209,1.3872254],[103.7548079,1.387233],[103.7547856,1.3871942],[103.7549868,1.3870773],[103.755009,1.3871161],[103.7549961,1.3871238],[103.7550034,1.3871366],[103.7549999,1.3871387],[103.7550044,1.3871465],[103.7549841,1.3871583],[103.7549911,1.3871704],[103.7549575,1.3871899],[103.7549611,1.3871962],[103.7549576,1.3871982],[103.75496,1.3872025],[103.7549478,1.3872096],[103.7549454,1.3872053],[103.7549191,1.3872206],[103.7549349,1.3872482],[103.7549774,1.3872243],[103.7549848,1.3872372],[103.7550041,1.387226],[103.7550082,1.3872331],[103.7550101,1.3872319],[103.7550398,1.3872836],[103.7549629,1.3873283],[103.7549592,1.3873218],[103.7549413,1.3873322],[103.754945,1.3873387],[103.7548682,1.3873833],[103.7548385,1.3873316],[103.7548405,1.3873305],[103.7548364,1.3873234],[103.7548557,1.3873122],[103.7548499,1.3873021],[103.7547302,1.3873716],[103.7547374,1.3873841],[103.7547498,1.3873769],[103.7547534,1.3873832],[103.754787,1.3873636],[103.754794,1.3873758],[103.7548142,1.387364],[103.7548187,1.3873718],[103.7548223,1.3873698],[103.7548297,1.3873827],[103.7548427,1.3873751],[103.754865,1.3874139],[103.7547634,1.3874729],[103.7547608,1.3874684],[103.7547429,1.3874788],[103.7547462,1.3874845],[103.7547252,1.3874967],[103.7547324,1.3875092],[103.7547036,1.387526],[103.7546957,1.3875123],[103.7545961,1.3875701],[103.7545739,1.3875314],[103.7545869,1.3875238],[103.7545795,1.3875109],[103.754583,1.3875088],[103.7545785,1.387501],[103.7545988,1.3874892],[103.7545918,1.3874771],[103.7546254,1.3874575],[103.7546218,1.3874513],[103.7546253,1.3874492],[103.7546237,1.3874465],[103.7546288,1.3874436],[103.7546304,1.3874463],[103.7547199,1.3873943],[103.7546949,1.3873508],[103.7546615,1.3873703],[103.754663,1.387373],[103.754658,1.387376],[103.7546564,1.3873732],[103.7546529,1.3873752],[103.7546493,1.387369],[103.7546157,1.3873885],[103.7546087,1.3873764],[103.7545885,1.3873881],[103.754584,1.3873803],[103.7545805,1.3873824],[103.7545731,1.3873694],[103.75456,1.387377]]]}},{"type":"Feature","properties":{"type":"HDB"},"geometry":{"type":"Polygon","coordinates":[[[103.7400336,1.3825657],[103.7403036,1.3828282],[103.740318,1.3828109],[103.7403923,1.3828737],[103.7403227,1.3829572],[103.7403056,1.3829428],[103.7403082,1.3829398],[103.7402963,1.3829297],[103.7402763,1.3829537],[103.7402888,1.3829643],[103.7402912,1.3829615],[103.7403076,1.3829753],[103.740158,1.3831547],[103.7401407,1.3831401],[103.740143,1.3831374],[103.7401305,1.3831268],[103.7401102,1.3831512],[103.7401224,1.3831616],[103.7401248,1.3831587],[103.7401423,1.3831735],[103.740074,1.3832554],[103.7399997,1.3831925],[103.74023,1.3829164],[103.7402098,1.3828967],[103.7402123,1.3828941],[103.7401697,1.3828525],[103.7401671,1.3828553],[103.7401457,1.3828344],[103.7401471,1.3828329],[103.7400614,1.3827524],[103.7400646,1.3827492],[103.7400329,1.3827184],[103.7399531,1.3828141],[103.7398788,1.3827514],[103.7399467,1.3826699],[103.739965,1.3826851],[103.7399634,1.3826867],[103.7399729,1.382696],[103.7399937,1.3826744],[103.7399826,1.3826636],[103.7399803,1.382666],[103.7399626,1.3826508],[103.7400336,1.3825657]]]}},{"type":"Feature","properties":{"type":"HDB"},"geometry":{"type":"Polygon","coordinates":[[[103.7415739,1.3833176],[103.7415469,1.3833045],[103.7414596,1.3832176],[103.7414566,1.3832205],[103.7414252,1.38319],[103.7414281,1.3831869],[103.7413586,1.3831194],[103.7414315,1.3830434],[103.7414482,1.3830594],[103.7414454,1.3830624],[103.7414581,1.3830731],[103.7414804,1.38305],[103.7414674,1.3830394],[103.7414641,1.3830429],[103.7414475,1.3830268],[103.7416104,1.3828571],[103.7416268,1.3828728],[103.7416242,1.3828755],[103.7416386,1.3828895],[103.7416569,1.3828704],[103.7416835,1.3828722],[103.741685,1.3828513],[103.7416815,1.382851],[103.7416835,1.3828281],[103.7417902,1.3828357],[103.741783,1.3829385],[103.7416815,1.3829313],[103.7416141,1.3830016],[103.7416156,1.3830031],[103.7414991,1.3831215],[103.7415305,1.3831521],[103.7415395,1.3831433],[103.7415536,1.3831565],[103.7415592,1.3831508],[103.7415809,1.383172],[103.7415755,1.3831776],[103.7415888,1.3831907],[103.7415787,1.3832012],[103.7415983,1.3832203],[103.7416109,1.3832255],[103.741638,1.3832299],[103.7416403,1.3832155],[103.7416592,1.3832185],[103.7416605,1.3832099],[103.7416903,1.3832146],[103.7416891,1.3832227],[103.7417255,1.3832285],[103.7417269,1.3832204],[103.7417565,1.3832251],[103.7417554,1.3832317],[103.7417975,1.3832388],[103.7417802,1.383348],[103.7415749,1.3833153],[103.7415739,1.3833176]]]}},{"type":"Feature","properties":{"type":"HDB"},"geometry":{"type":"Polygon","coordinates":[[[103.7398631,1.3834196],[103.7396159,1.3832107],[103.7396141,1.38319],[103.7395877,1.3831923],[103.73958,1.3831031],[103.7396064,1.3831008],[103.7396046,1.3830801],[103.7398156,1.3828271],[103.7398461,1.3828529],[103.7398383,1.3828612],[103.7398543,1.3828747],[103.7398616,1.382866],[103.739903,1.382901],[103.7398823,1.3829258],[103.7398777,1.3829225],[103.7398679,1.3829342],[103.7398722,1.3829379],[103.7398527,1.3829613],[103.7398488,1.3829578],[103.7397922,1.3830257],[103.7397962,1.3830291],[103.7397772,1.3830518],[103.7397727,1.3830484],[103.7397501,1.3830754],[103.7397544,1.3830791],[103.7397348,1.3831026],[103.7397204,1.3830904],[103.7396978,1.3831176],[103.7397008,1.3831548],[103.7397279,1.3831777],[103.7397388,1.3831646],[103.7397616,1.3831839],[103.7397601,1.383188],[103.7397865,1.3832102],[103.7397892,1.3832071],[103.7398123,1.3832267],[103.7398088,1.3832303],[103.7398759,1.383287],[103.7398791,1.3832831],[103.739902,1.3833025],[103.7398986,1.3833066],[103.7399331,1.3833357],[103.7399602,1.3833032],[103.7400345,1.383366],[103.7399659,1.3834483],[103.7399494,1.3834347],[103.7399519,1.3834317],[103.7399387,1.3834206],[103.7399184,1.3834449],[103.7399315,1.383456],[103.7399338,1.3834532],[103.7399502,1.3834671],[103.7398814,1.3835496],[103.7398071,1.3834868],[103.7398631,1.3834196]]]}},{"type":"Feature","properties":{"type":"HDB"},"geometry":{"type":"Polygon","coordinates":[[[103.7423274,1.3834352],[103.7422225,1.3834185],[103.7422221,1.3834216],[103.7421786,1.3834147],[103.7421792,1.3834116],[103.7419009,1.3833672],[103.7419006,1.3833694],[103.7417805,1.383348],[103.7417976,1.3832391],[103.7418419,1.3832461],[103.7418432,1.383239],[103.741873,1.3832437],[103.7418719,1.383251],[103.7419593,1.3832649],[103.7419609,1.3832578],[103.7419909,1.3832625],[103.7419896,1.3832705],[103.7420252,1.3832762],[103.7420266,1.3832682],[103.7420566,1.383273],[103.7420555,1.3832803],[103.742141,1.3832939],[103.7421426,1.3832867],[103.7421726,1.3832915],[103.7421714,1.3832991],[103.7421926,1.3833025],[103.7421907,1.3833149],[103.74224,1.3833227],[103.7422791,1.383179],[103.7423157,1.3831885],[103.742311,1.3832061],[103.7423316,1.3832115],[103.7423361,1.3831939],[103.7423861,1.3832069],[103.7423598,1.3833091],[103.7423161,1.3832938],[103.7423085,1.3833233],[103.742354,1.3833316],[103.7423274,1.3834352]]]}},{"type":"Feature","properties":{"type":"HDB"},"geometry":{"type":"Polygon","coordinates":[[[103.7405707,1.3830555],[103.7407806,1.3832596],[103.7407627,1.383281],[103.7408418,1.3833479],[103.7408728,1.3833108],[103.7410827,1.3835149],[103.7407332,1.3839339],[103.7402081,1.3834902],[103.7405707,1.3830555]],[[103.7405748,1.3835066],[103.7405038,1.3835917],[103.740583,1.3836587],[103.740654,1.3835736],[103.7405748,1.3835066]],[[103.7407082,1.3833466],[103.740594,1.3834836],[103.7406732,1.3835505],[103.7407874,1.3834135],[103.7407082,1.3833466]]]}},{"type":"Feature","properties":{"type":"HDB"},"geometry":{"type":"Polygon","coordinates":[[[103.7395888,1.3835674],[103.7395514,1.383536],[103.7395486,1.3835399],[103.7395258,1.3835207],[103.739529,1.3835165],[103.7395044,1.383496],[103.739501,1.3834998],[103.7394774,1.3834798],[103.7394891,1.3834661],[103.7394617,1.3834435],[103.7394249,1.383447],[103.739403,1.383474],[103.7394159,1.3834849],[103.7393965,1.3835082],[103.7393926,1.383505],[103.7393704,1.3835316],[103.7393742,1.3835349],[103.7393548,1.3835582],[103.7393513,1.3835552],[103.7392946,1.3836232],[103.7392981,1.3836262],[103.739279,1.383649],[103.7392751,1.3836458],[103.7392465,1.38368],[103.7395182,1.3839095],[103.7394558,1.3839843],[103.7393733,1.3839146],[103.7393878,1.3838974],[103.7393907,1.3838998],[103.7394008,1.3838877],[103.7393768,1.3838674],[103.7393665,1.3838797],[103.7393693,1.383882],[103.739355,1.3838991],[103.7391772,1.3837489],[103.739191,1.3837322],[103.7391724,1.3837166],[103.7391587,1.3837333],[103.7390766,1.3836639],[103.739139,1.3835891],[103.7391631,1.3836094],[103.7393706,1.3833606],[103.7393912,1.3833588],[103.7393889,1.3833322],[103.7394775,1.3833244],[103.7394798,1.383351],[103.7395003,1.3833492],[103.739659,1.3834832],[103.7395888,1.3835674]]]}},{"type":"Feature","properties":{"type":"HDB"},"geometry":{"type":"Polygon","coordinates":[[[103.7396301,1.3835179],[103.7399522,1.38379],[103.7400592,1.3836617],[103.7400351,1.3836414],[103.7400975,1.3835665],[103.7401803,1.3836365],[103.7401669,1.3836524],[103.7401637,1.3836497],[103.7401536,1.3836619],[103.7401772,1.3836819],[103.7401877,1.3836693],[103.7401845,1.3836666],[103.7401975,1.3836511],[103.7403763,1.3838021],[103.740364,1.3838163],[103.7403605,1.3838133],[103.7403499,1.3838259],[103.7403744,1.3838467],[103.7403848,1.3838343],[103.7403813,1.3838313],[103.7403935,1.3838167],[103.7404767,1.383887],[103.7404143,1.3839617],[103.7401406,1.3837305],[103.740124,1.3837507],[103.7401168,1.3837446],[103.7400256,1.3838538],[103.7400095,1.383841],[103.7400124,1.3838376],[103.7399995,1.3838267],[103.7399793,1.3838509],[103.7399924,1.383862],[103.7399952,1.3838585],[103.7400108,1.3838717],[103.7399421,1.383954],[103.7398678,1.3838911],[103.7398804,1.3838753],[103.7398485,1.3838483],[103.7398442,1.3838535],[103.7398211,1.3838339],[103.739825,1.3838292],[103.7397577,1.3837723],[103.7397533,1.3837776],[103.7397306,1.3837584],[103.7397351,1.383753],[103.7396874,1.3837127],[103.7396833,1.3837177],[103.7396598,1.3836979],[103.7396635,1.3836934],[103.7396173,1.3836544],[103.7396132,1.3836592],[103.7395907,1.3836402],[103.7395944,1.3836358],[103.7395577,1.3836047],[103.7396301,1.3835179]]]}},{"type":"Feature","properties":{"type":"HDB"},"geometry":{"type":"Polygon","coordinates":[[[103.7409265,1.3840385],[103.7409942,1.3839574],[103.7410115,1.3839719],[103.7410091,1.3839748],[103.7410207,1.3839846],[103.741042,1.383959],[103.7410304,1.3839493],[103.741028,1.3839521],[103.7410108,1.3839376],[103.741142,1.3837802],[103.7411593,1.3837948],[103.7411569,1.3837976],[103.7411685,1.3838074],[103.7411897,1.3837819],[103.7411782,1.3837721],[103.7411758,1.3837749],[103.7411585,1.3837604],[103.7412275,1.3836777],[103.7413019,1.3837405],[103.7412857,1.3837599],[103.7413775,1.3838431],[103.7413066,1.3839223],[103.7412707,1.3838899],[103.7412671,1.383894],[103.7412447,1.3838736],[103.7412483,1.3838696],[103.7412174,1.3838417],[103.7410887,1.383996],[103.7411088,1.3840131],[103.7411056,1.3840168],[103.7411461,1.3840509],[103.7411492,1.3840472],[103.7411723,1.3840667],[103.7411691,1.3840704],[103.7412185,1.3841121],[103.7412216,1.3841084],[103.7412445,1.3841277],[103.7412413,1.3841315],[103.7412555,1.3841434],[103.741244,1.3841571],[103.7412659,1.3841757],[103.7412796,1.3841834],[103.7413077,1.3841923],[103.7413131,1.3841753],[103.741331,1.384181],[103.7413325,1.3841763],[103.7413608,1.3841853],[103.7413594,1.3841899],[103.7414184,1.3842086],[103.7414199,1.384204],[103.7414485,1.3842131],[103.741447,1.3842177],[103.7415059,1.3842363],[103.7415073,1.3842318],[103.7415359,1.3842409],[103.7415345,1.3842454],[103.7415497,1.3842502],[103.7415511,1.3842457],[103.7415819,1.3842555],[103.7415657,1.3843071],[103.7415507,1.3843024],[103.7415443,1.384323],[103.7415593,1.3843277],[103.7415476,1.3843651],[103.7412277,1.3842634],[103.7410153,1.384084],[103.7410009,1.3841013],[103.7409265,1.3840385]]]}},{"type":"Feature","properties":{"type":"HDB"},"geometry":{"type":"Polygon","coordinates":[[[103.7415583,1.3840393],[103.7414809,1.3840228],[103.7414797,1.3840286],[103.7414413,1.3840204],[103.7414424,1.3840146],[103.7414241,1.3840107],[103.741423,1.3840165],[103.7413958,1.3840107],[103.741375,1.3839918],[103.7413787,1.3839877],[103.7413628,1.3839734],[103.7413592,1.3839774],[103.7413303,1.3839512],[103.741334,1.3839472],[103.7413067,1.3839225],[103.7413776,1.3838432],[103.7414442,1.3839036],[103.7420792,1.3840396],[103.7420848,1.3840177],[103.7421718,1.3840404],[103.742145,1.3841446],[103.7421235,1.3841389],[103.7421245,1.384135],[103.7421074,1.3841306],[103.7420994,1.3841617],[103.7421165,1.3841661],[103.7421175,1.3841622],[103.742139,1.3841678],[103.7421128,1.3842698],[103.7420683,1.3842582],[103.7420727,1.3842409],[103.7420522,1.3842356],[103.7420478,1.3842529],[103.7420101,1.384243],[103.742036,1.3841414],[103.741984,1.3841306],[103.7419828,1.3841364],[103.7419531,1.38413],[103.7419543,1.3841242],[103.7419204,1.384117],[103.7419192,1.3841228],[103.7418896,1.3841164],[103.7418908,1.3841107],[103.7417671,1.3840842],[103.7417659,1.3840899],[103.7417365,1.3840836],[103.7417377,1.384078],[103.7416511,1.3840595],[103.7416499,1.3840651],[103.7416213,1.3840589],[103.7416225,1.3840529],[103.7415969,1.3840475],[103.7415957,1.3840535],[103.741557,1.3840452],[103.7415583,1.3840393]]]}},{"type":"Feature","properties":{"type":"HDB"},"geometry":{"type":"Polygon","coordinates":[[[103.7405808,1.3843039],[103.7405849,1.3843071],[103.740597,1.3842927],[103.7405688,1.384269],[103.740585,1.3842495],[103.7406854,1.3843343],[103.7407438,1.3842643],[103.7406435,1.3841796],[103.7406604,1.3841592],[103.7406885,1.3841829],[103.7407006,1.3841684],[103.7406951,1.3841637],[103.7407051,1.3841517],[103.7407106,1.3841564],[103.7407458,1.3841143],[103.7406549,1.3840375],[103.7406486,1.3840451],[103.7406219,1.3840226],[103.7406282,1.384015],[103.7405517,1.3839503],[103.7404833,1.3840323],[103.7405914,1.3841237],[103.7405856,1.3841307],[103.7405746,1.3841214],[103.7405162,1.3841914],[103.7405272,1.3842007],[103.7405213,1.3842078],[103.7404131,1.3841164],[103.7403449,1.3841983],[103.7404211,1.3842627],[103.7404274,1.3842553],[103.7404544,1.3842782],[103.7404482,1.3842856],[103.7405389,1.3843622],[103.7405746,1.3843195],[103.7405706,1.3843161],[103.7405808,1.3843039]],[[103.7405705,1.3843162],[103.7405706,1.3843161],[103.7405706,1.3843161],[103.7405705,1.3843162]]]}},{"type":"Feature","properties":{"type":"HDB"},"geometry":{"type":"Polygon","coordinates":[[[103.7429863,1.3832779],[103.7430348,1.3831226],[103.743142,1.3831565],[103.7430934,1.3833118],[103.7429863,1.3832779]]]}},{"type":"Feature","properties":{"type":"HDB"},"geometry":{"type":"Polygon","coordinates":[[[103.7450112,1.383279],[103.7450699,1.3831914],[103.7452098,1.3832864],[103.745269,1.3831981],[103.7451293,1.3831029],[103.7451881,1.3830152],[103.7452679,1.3830694],[103.7452604,1.3830806],[103.7453102,1.3831144],[103.7453177,1.3831032],[103.7454078,1.3831644],[103.7453776,1.3832095],[103.7453729,1.3832063],[103.7453648,1.3832182],[103.7453697,1.3832213],[103.7453579,1.3832389],[103.7453289,1.3832192],[103.745316,1.3832384],[103.7453725,1.3832768],[103.7453774,1.3832693],[103.7454073,1.3832895],[103.7453872,1.3833195],[103.7453939,1.3833242],[103.7453758,1.3833512],[103.7453689,1.3833465],[103.7453455,1.3833818],[103.7453165,1.3833621],[103.745321,1.3833555],[103.7452638,1.3833166],[103.7452519,1.3833342],[103.7452806,1.3833542],[103.7452691,1.3833713],[103.7452644,1.3833681],[103.7452564,1.3833801],[103.7452611,1.3833833],[103.7452309,1.3834283],[103.7450112,1.383279]]]}},{"type":"Feature","properties":{"type":"HDB"},"geometry":{"type":"Polygon","coordinates":[[[103.7446475,1.383327],[103.7446343,1.3832586],[103.7447023,1.3832453],[103.7447713,1.3832922],[103.7447464,1.3833259],[103.7447703,1.3833421],[103.7447915,1.3833059],[103.7448788,1.3833652],[103.7448325,1.3834342],[103.7448101,1.3834189],[103.7448199,1.3835126],[103.7450012,1.38357],[103.7450868,1.3834424],[103.745168,1.3834975],[103.7451097,1.3835845],[103.745078,1.3835598],[103.7450619,1.3835839],[103.7450962,1.3836047],[103.7450363,1.3836939],[103.7449685,1.3836478],[103.7449695,1.3836462],[103.744953,1.3836373],[103.7449471,1.3836562],[103.7448478,1.3836248],[103.7448616,1.3835864],[103.7448341,1.3835777],[103.7448246,1.3836174],[103.7447262,1.3835863],[103.7447211,1.3835372],[103.7447456,1.383545],[103.7447411,1.3835018],[103.7447694,1.3835115],[103.7447662,1.3834831],[103.7447381,1.3834739],[103.7447305,1.383401],[103.7447594,1.3834215],[103.7447575,1.3834018],[103.7446475,1.383327]]]}},{"type":"Feature","properties":{"type":"HDB"},"geometry":{"type":"Polygon","coordinates":[[[103.7429379,1.3835953],[103.7429662,1.3835046],[103.7430012,1.383516],[103.7430201,1.3834554],[103.7429499,1.3834304],[103.7429782,1.3833398],[103.7430626,1.3833665],[103.7430634,1.3833639],[103.7432319,1.3834202],[103.7432035,1.3835112],[103.7431678,1.3834994],[103.7431733,1.3834818],[103.7431477,1.3834737],[103.7431414,1.3834939],[103.7431265,1.3834892],[103.7431086,1.3835465],[103.7431546,1.3835611],[103.7431482,1.3835817],[103.7431709,1.3835889],[103.7431764,1.3835713],[103.7432122,1.3835827],[103.7431839,1.3836732],[103.7430994,1.3836465],[103.7430986,1.3836491],[103.7429379,1.3835953]]]}},{"type":"Feature","properties":{"type":"HDB"},"geometry":{"type":"Polygon","coordinates":[[[103.7455745,1.383414],[103.7456311,1.3834524],[103.7456439,1.3834332],[103.745615,1.3834135],[103.7456267,1.3833959],[103.7456314,1.3833992],[103.7456394,1.3833873],[103.7456347,1.3833841],[103.7456649,1.383339],[103.7457551,1.3834002],[103.7457476,1.3834114],[103.7457973,1.3834452],[103.7458048,1.383434],[103.7458846,1.3834882],[103.7458258,1.383576],[103.7456857,1.3834811],[103.7456265,1.3835695],[103.7457664,1.3836645],[103.7457077,1.3837521],[103.745488,1.3836029],[103.7455181,1.3835579],[103.7455228,1.383561],[103.7455309,1.3835491],[103.7455262,1.3835459],[103.7455377,1.3835287],[103.7455667,1.383548],[103.7455785,1.3835304],[103.7455213,1.3834915],[103.7455169,1.3834982],[103.7454879,1.3834785],[103.7455116,1.3834434],[103.7455048,1.3834388],[103.7455229,1.3834117],[103.7455297,1.3834163],[103.7455498,1.3833863],[103.7455796,1.3834066],[103.7455745,1.383414]]]}},{"type":"Feature","properties":{"type":"HDB"},"geometry":{"type":"Polygon","coordinates":[[[103.7433813,1.383585],[103.7434441,1.383384],[103.7434612,1.3833893],[103.7434706,1.3833587],[103.7435643,1.3833884],[103.7434489,1.3837572],[103.7431841,1.3836733],[103.7432135,1.3835793],[103.7432782,1.3835998],[103.7432757,1.3836085],[103.7433896,1.3836445],[103.7434057,1.3835928],[103.7433813,1.383585]]]}},{"type":"Feature","properties":{"type":"HDB"},"geometry":{"type":"Polygon","coordinates":[[[103.7457009,1.3839595],[103.7459866,1.3835334],[103.7462141,1.383688],[103.74591,1.3841416],[103.7456989,1.3839982],[103.7457009,1.3839595]]]}},{"type":"Feature","properties":{"type":"HDB"},"geometry":{"type":"Polygon","coordinates":[[[103.7454436,1.3844063],[103.7454656,1.3839855],[103.745316,1.3838839],[103.7453759,1.3837945],[103.7454076,1.3838189],[103.7454235,1.3837952],[103.7453894,1.3837744],[103.7454477,1.3836875],[103.7455289,1.3837426],[103.7454585,1.3838475],[103.745541,1.3839036],[103.7455301,1.3839198],[103.7455586,1.3839391],[103.7455569,1.3839724],[103.745576,1.3839734],[103.7455713,1.3840636],[103.7455604,1.3840631],[103.7455574,1.3841219],[103.7455682,1.3841224],[103.7455672,1.3841418],[103.7455741,1.3841422],[103.7455724,1.3841742],[103.7455655,1.3841739],[103.745561,1.3842615],[103.7455681,1.3842618],[103.7455665,1.3842927],[103.7455594,1.3842923],[103.7455569,1.3843389],[103.7456897,1.3843809],[103.7456603,1.384475],[103.7455609,1.3844435],[103.7455749,1.3844054],[103.7455478,1.3843967],[103.7455376,1.3844361],[103.7454436,1.3844063]]]}},{"type":"Feature","properties":{"type":"HDB"},"geometry":{"type":"Polygon","coordinates":[[[103.7429845,1.3844839],[103.7427539,1.3844107],[103.7427837,1.3843158],[103.7428156,1.384326],[103.742809,1.3843469],[103.7428299,1.3843536],[103.7428364,1.3843328],[103.7428418,1.3843346],[103.7428596,1.3842779],[103.7428296,1.3842683],[103.7428592,1.3841739],[103.7430846,1.3842454],[103.7430549,1.3843403],[103.7430231,1.3843302],[103.7430298,1.384309],[103.7430093,1.3843025],[103.7430028,1.3843231],[103.7429515,1.3843068],[103.7429336,1.3843641],[103.7429585,1.384372],[103.7429522,1.3843921],[103.7429732,1.3843987],[103.7429796,1.3843785],[103.7430141,1.3843892],[103.7429845,1.3844839]]]}},{"type":"Feature","properties":{"type":"HDB"},"geometry":{"type":"Polygon","coordinates":[[[103.7460297,1.384592],[103.7459263,1.3845592],[103.7459291,1.3845494],[103.7458699,1.3845306],[103.7458669,1.3845404],[103.7457734,1.3845108],[103.7458063,1.3844055],[103.7460257,1.384475],[103.7460918,1.3843764],[103.7459875,1.3843056],[103.7460489,1.3842142],[103.7461301,1.3842693],[103.7461225,1.3842802],[103.74616,1.3843023],[103.7461658,1.3842936],[103.7461815,1.3843042],[103.7462121,1.3842585],[103.7462702,1.3842979],[103.7461837,1.3844269],[103.7461534,1.3844065],[103.746142,1.3844236],[103.7462489,1.3844962],[103.7461966,1.3845742],[103.7460901,1.3845018],[103.7460297,1.384592]]]}},{"type":"Feature","properties":{"type":"HDB"},"geometry":{"type":"Polygon","coordinates":[[[103.7399113,1.3843987],[103.739837,1.384336],[103.7398515,1.3843186],[103.7394998,1.3840215],[103.7395249,1.3839914],[103.7395375,1.3840025],[103.7395514,1.3839859],[103.7395385,1.3839751],[103.7395732,1.3839335],[103.7395985,1.3839549],[103.7395956,1.3839588],[103.7396074,1.3839688],[103.7396105,1.3839651],[103.7396334,1.3839844],[103.73963,1.3839884],[103.7396772,1.3840283],[103.7396806,1.3840243],[103.7397033,1.3840434],[103.7397,1.384047],[103.739768,1.3841045],[103.7397711,1.3841008],[103.7397936,1.3841198],[103.7397904,1.384124],[103.7398171,1.3841465],[103.7398205,1.3841425],[103.7398431,1.3841616],[103.7398396,1.3841657],[103.7399007,1.3842173],[103.7399042,1.3842132],[103.7399248,1.3842307],[103.7401554,1.3839543],[103.7402297,1.3840171],[103.7401606,1.3840999],[103.7401443,1.3840857],[103.7401466,1.3840829],[103.7401344,1.3840725],[103.7401143,1.3840967],[103.7401272,1.3841076],[103.7401295,1.3841049],[103.7401453,1.3841182],[103.7399954,1.3842979],[103.7399795,1.3842842],[103.7399818,1.3842814],[103.7399692,1.3842707],[103.7399491,1.3842949],[103.7399617,1.3843056],[103.7399641,1.3843027],[103.73998,1.3843164],[103.7399113,1.3843987]]]}},{"type":"Feature","properties":{"type":"HDB"},"geometry":{"type":"Polygon","coordinates":[[[103.7416083,1.3842639],[103.7417797,1.3843184],[103.7417535,1.384402],[103.7415821,1.3843476],[103.7416083,1.3842639]]]}},{"type":"Feature","properties":{"type":"HDB"},"geometry":{"type":"Polygon","coordinates":[[[103.741966,1.3843858],[103.7419614,1.3843843],[103.7419704,1.3843555],[103.741975,1.384357],[103.7419798,1.3843418],[103.7419752,1.3843403],[103.741985,1.3843089],[103.7420366,1.3843253],[103.7420317,1.3843405],[103.7420519,1.3843469],[103.7420568,1.3843317],[103.7420938,1.3843434],[103.7419951,1.3846585],[103.7419768,1.3846681],[103.741989,1.3846917],[103.7419101,1.384733],[103.7418979,1.3847094],[103.7418796,1.384719],[103.7415734,1.3846217],[103.7416057,1.3845187],[103.7416274,1.3845256],[103.7416262,1.3845292],[103.7416425,1.3845344],[103.7416518,1.3845047],[103.7416355,1.3844995],[103.7416345,1.3845028],[103.7416129,1.384496],[103.7416443,1.3843958],[103.7416883,1.3844097],[103.741683,1.3844267],[103.7417035,1.3844332],[103.7417088,1.3844162],[103.7417454,1.3844279],[103.7417073,1.3845492],[103.7417609,1.3845662],[103.7417624,1.3845613],[103.7417912,1.3845704],[103.7417896,1.3845754],[103.74182,1.384585],[103.7418215,1.3845801],[103.7418512,1.3845895],[103.7418458,1.3846067],[103.741881,1.3846178],[103.7419119,1.3845998],[103.7419226,1.3845657],[103.7419061,1.3845605],[103.7419153,1.3845311],[103.7419199,1.3845326],[103.7419295,1.3845019],[103.741925,1.3845004],[103.7419339,1.3844718],[103.7419385,1.3844732],[103.741966,1.3843858]]]}},{"type":"Feature","properties":{"type":"HDB"},"geometry":{"type":"Polygon","coordinates":[[[103.7412251,1.3846256],[103.7412411,1.3845752],[103.7412361,1.3845736],[103.741244,1.3845484],[103.741105,1.3845042],[103.7408499,1.3848101],[103.7407756,1.3847473],[103.7408447,1.3846644],[103.7408624,1.3846794],[103.7408778,1.3846608],[103.7408601,1.3846459],[103.7410096,1.3844667],[103.7410274,1.3844816],[103.7410308,1.3844774],[103.7410419,1.3844868],[103.7410562,1.3844697],[103.7410451,1.3844603],[103.7410428,1.384463],[103.7410251,1.3844481],[103.7410939,1.3843656],[103.7411558,1.384418],[103.7412787,1.384457],[103.7412719,1.3844786],[103.7412685,1.3844775],[103.741264,1.384492],[103.7412937,1.3845015],[103.7412982,1.384487],[103.7412948,1.3844859],[103.7413016,1.3844642],[103.7414035,1.3844966],[103.7413743,1.3845898],[103.7413528,1.384583],[103.7413055,1.3847339],[103.7412685,1.3847221],[103.7412734,1.3847065],[103.7412529,1.3847],[103.741248,1.3847156],[103.7411967,1.3846993],[103.7412065,1.3846682],[103.7412111,1.3846697],[103.7412159,1.3846544],[103.7412113,1.3846528],[103.7412203,1.3846241],[103.7412251,1.3846256]]]}},{"type":"Feature","properties":{"type":"HDB"},"geometry":{"type":"Polygon","coordinates":[[[103.7403042,1.3846578],[103.7402685,1.3847005],[103.7403592,1.3847772],[103.7403655,1.3847698],[103.7403925,1.3847926],[103.7403863,1.3848001],[103.7404626,1.3848645],[103.7405308,1.3847827],[103.7404227,1.3846913],[103.7404287,1.3846842],[103.7404397,1.3846935],[103.7404981,1.3846235],[103.7404871,1.3846142],[103.7404929,1.3846072],[103.740601,1.3846986],[103.7406694,1.3846165],[103.7405929,1.3845519],[103.7405866,1.3845594],[103.7405599,1.3845369],[103.7405662,1.3845293],[103.7404753,1.3844526],[103.7404402,1.3844947],[103.7404458,1.3844994],[103.7404358,1.3845114],[103.7404302,1.3845067],[103.7404181,1.3845212],[103.7404462,1.3845449],[103.7404292,1.3845653],[103.7403288,1.3844805],[103.7402705,1.3845505],[103.7403709,1.3846353],[103.7403546,1.3846548],[103.7403265,1.384631],[103.7403145,1.3846454],[103.7403185,1.3846488],[103.7403082,1.3846611],[103.7403042,1.3846578]],[[103.7403082,1.3846612],[103.7403081,1.3846613],[103.7403082,1.3846611],[103.7403082,1.3846612]]]}},{"type":"Feature","properties":{"type":"HDB"},"geometry":{"type":"Polygon","coordinates":[[[103.7414214,1.3848854],[103.7413902,1.3848755],[103.7414065,1.3848236],[103.7414216,1.3848283],[103.7414279,1.3848081],[103.7414129,1.3848033],[103.7414245,1.384766],[103.7418249,1.3848932],[103.7418345,1.3849116],[103.741858,1.3848993],[103.741899,1.3849787],[103.7418755,1.384991],[103.741885,1.3850094],[103.7418155,1.3852313],[103.741824,1.385234],[103.7417971,1.3853203],[103.7416944,1.3852876],[103.7417012,1.385266],[103.7417046,1.3852671],[103.7417099,1.3852502],[103.7416801,1.3852408],[103.7416748,1.3852577],[103.7416782,1.3852587],[103.7416714,1.3852803],[103.7415725,1.385249],[103.7415864,1.3852047],[103.741603,1.3852099],[103.7416093,1.3851896],[103.7415928,1.3851844],[103.7416044,1.3851472],[103.7417115,1.3851812],[103.7417149,1.3851704],[103.7417196,1.3851719],[103.7417332,1.3851285],[103.7417285,1.385127],[103.7417374,1.3850987],[103.7417421,1.3851002],[103.7417519,1.3850689],[103.7417472,1.3850674],[103.7417564,1.385038],[103.7417733,1.3850434],[103.7417846,1.3850074],[103.7417668,1.3849766],[103.7417332,1.3849659],[103.7417279,1.3849827],[103.7416987,1.3849735],[103.7417002,1.3849688],[103.7416698,1.3849592],[103.7416683,1.3849638],[103.7416399,1.3849548],[103.7416414,1.3849502],[103.7415548,1.3849221],[103.7415531,1.3849273],[103.7415239,1.384918],[103.7415254,1.3849132],[103.7414665,1.3848944],[103.741465,1.3848993],[103.7414362,1.3848901],[103.7414377,1.3848851],[103.7414229,1.3848804],[103.7414214,1.3848854]]]}},{"type":"Feature","properties":{"type":"HDB"},"geometry":{"type":"Polygon","coordinates":[[[103.7414968,1.3852229],[103.7414753,1.385216],[103.7414764,1.3852125],[103.74146,1.3852073],[103.7414504,1.3852376],[103.7414668,1.3852429],[103.7414679,1.3852393],[103.7414895,1.3852462],[103.7414573,1.3853489],[103.7413716,1.3853217],[103.7413784,1.3853002],[103.7408288,1.3851256],[103.7405719,1.3849085],[103.7405969,1.3848786],[103.7406089,1.3848888],[103.7406226,1.3848723],[103.7406106,1.3848621],[103.7406453,1.3848206],[103.7406702,1.3848417],[103.7406669,1.3848456],[103.740679,1.3848559],[103.7406824,1.3848519],[103.7407051,1.3848711],[103.7407012,1.3848757],[103.7407482,1.3849155],[103.7407521,1.3849109],[103.7407753,1.3849305],[103.7407719,1.3849345],[103.7408191,1.3849745],[103.7408225,1.3849704],[103.7408458,1.38499],[103.7408423,1.3849942],[103.7408566,1.3850063],[103.740847,1.3850178],[103.740881,1.3850433],[103.7409094,1.3850524],[103.740914,1.3850379],[103.7409318,1.3850436],[103.7409335,1.3850384],[103.7409621,1.3850475],[103.7409605,1.3850528],[103.7410191,1.3850717],[103.7410209,1.3850661],[103.7410494,1.3850752],[103.7410476,1.3850809],[103.7411665,1.3851173],[103.7411679,1.3851128],[103.7411967,1.385122],[103.7411951,1.3851273],[103.741228,1.3851376],[103.7412296,1.3851325],[103.7412582,1.3851409],[103.7412565,1.3851465],[103.7413417,1.3851731],[103.7413431,1.3851685],[103.7413715,1.3851775],[103.7413702,1.3851819],[103.741396,1.3851899],[103.741427,1.3850909],[103.7414636,1.3851025],[103.7414582,1.3851195],[103.7414788,1.385126],[103.7414842,1.385109],[103.7415281,1.385123],[103.7414968,1.3852229]]]}},{"type":"Feature","properties":{"type":"HDB"},"geometry":{"type":"Polygon","coordinates":[[[103.7414654,1.387917],[103.7414334,1.3879018],[103.7414845,1.3877918],[103.7415138,1.3878118],[103.7415078,1.3878245],[103.7415263,1.3878336],[103.7415311,1.3878235],[103.7415689,1.3878493],[103.7415246,1.3879446],[103.7415267,1.3879457],[103.7415179,1.3879646],[103.7415307,1.3879706],[103.7414921,1.3880538],[103.7414771,1.3880468],[103.741469,1.3880643],[103.7415162,1.3880865],[103.7414918,1.388139],[103.7414939,1.38814],[103.7414626,1.3882019],[103.7414665,1.3882038],[103.741457,1.3882244],[103.741453,1.3882226],[103.7414066,1.3883225],[103.7413146,1.3882791],[103.7413464,1.3882106],[103.7413435,1.3882093],[103.7413574,1.3881765],[103.7413681,1.3881534],[103.7413722,1.3881553],[103.7414307,1.3880286],[103.7413553,1.3879932],[103.7413521,1.3880007],[103.7413203,1.3879858],[103.741335,1.3879541],[103.7413267,1.3879501],[103.7413403,1.3879206],[103.7413488,1.3879246],[103.7413668,1.3878859],[103.7413985,1.3879008],[103.7413949,1.3879084],[103.741456,1.3879373],[103.7414654,1.387917]]]}},{"type":"Feature","properties":{"type":"HDB"},"geometry":{"type":"Polygon","coordinates":[[[103.7416394,1.3879396],[103.7416277,1.3879319],[103.7416427,1.3878995],[103.7417427,1.3879676],[103.7417229,1.3879972],[103.7417413,1.3880097],[103.7417791,1.3879535],[103.7417721,1.3879487],[103.7417917,1.3879196],[103.7418269,1.3879435],[103.7418322,1.3879358],[103.7418589,1.387954],[103.7418538,1.3879617],[103.7418826,1.3879813],[103.7418629,1.3880106],[103.7418562,1.3880058],[103.7418096,1.3880751],[103.7419244,1.3881536],[103.7419269,1.3881499],[103.7419478,1.3881642],[103.7419765,1.3881851],[103.7419747,1.3881878],[103.7420369,1.3882302],[103.74198,1.3883149],[103.7418893,1.3882531],[103.7418868,1.3882567],[103.741868,1.3882439],[103.7418705,1.3882403],[103.741812,1.3882033],[103.7418134,1.3882014],[103.7417657,1.3881689],[103.7417949,1.3881255],[103.741779,1.3881147],[103.7417698,1.3881284],[103.7416941,1.3880769],[103.7417021,1.3880651],[103.7416849,1.3880534],[103.7416862,1.3880514],[103.7415996,1.3879925],[103.7416189,1.3879509],[103.7416281,1.387957],[103.7416394,1.3879396]]]}},{"type":"Feature","properties":{"type":"HDB"},"geometry":{"type":"Polygon","coordinates":[[[103.742205,1.3883058],[103.7421005,1.3884614],[103.7422203,1.388543],[103.7421684,1.3886201],[103.7420853,1.3885635],[103.7421028,1.3885374],[103.7420756,1.3885189],[103.7420581,1.3885449],[103.741972,1.3884863],[103.7420301,1.3883998],[103.7420271,1.3883978],[103.7420386,1.3883806],[103.7420416,1.3883827],[103.7421137,1.3882754],[103.7421392,1.3882928],[103.7421577,1.3882653],[103.7421322,1.3882479],[103.7421904,1.3881612],[103.7422706,1.3882158],[103.7422728,1.3882126],[103.7423337,1.3882541],[103.7423315,1.3882574],[103.7425622,1.3884144],[103.7425643,1.3884113],[103.7425851,1.3884254],[103.742583,1.3884286],[103.7426733,1.3884901],[103.7426165,1.3885748],[103.7425267,1.3885137],[103.7425239,1.3885179],[103.7425013,1.3885025],[103.7425091,1.3884907],[103.7424095,1.3884229],[103.742427,1.3883969],[103.7423996,1.3883782],[103.7423821,1.3884042],[103.7422795,1.3883344],[103.7422693,1.3883496],[103.742205,1.3883058]]]}},{"type":"Feature","properties":{"type":"HDB"},"geometry":{"type":"Polygon","coordinates":[[[103.7431751,1.3842495],[103.7431998,1.3842365],[103.7432496,1.3842523],[103.7432625,1.3842772],[103.7431119,1.3847576],[103.7430245,1.3847299],[103.7431751,1.3842495]]]}},{"type":"Feature","properties":{"type":"HDB"},"geometry":{"type":"Polygon","coordinates":[[[103.7431017,1.3848595],[103.7430705,1.3849589],[103.7430319,1.3849437],[103.7430226,1.3849737],[103.7430387,1.3849788],[103.7430396,1.3849758],[103.7430629,1.3849832],[103.7430342,1.3850746],[103.743011,1.3850868],[103.7429563,1.3850694],[103.7429437,1.385045],[103.7429462,1.3850368],[103.7427271,1.3849673],[103.7427172,1.3849481],[103.7426949,1.3849598],[103.7426543,1.3848812],[103.7426766,1.3848695],[103.7426667,1.3848504],[103.7427643,1.3845327],[103.7428072,1.3845463],[103.742804,1.3845576],[103.7428205,1.3845628],[103.742824,1.3845517],[103.7428774,1.3845686],[103.7428673,1.384601],[103.7428613,1.3845989],[103.7428568,1.3846133],[103.7428628,1.3846152],[103.7428536,1.3846448],[103.7428478,1.3846427],[103.7428294,1.3847015],[103.7428352,1.3847034],[103.742826,1.3847328],[103.7428198,1.3847306],[103.7428012,1.3847897],[103.7428075,1.3847918],[103.7427983,1.3848211],[103.7427809,1.3848156],[103.7427701,1.3848501],[103.7427595,1.3848558],[103.7427754,1.3848867],[103.7427863,1.3848811],[103.7428191,1.3848915],[103.7428244,1.3848749],[103.7428547,1.3848845],[103.7428529,1.3848903],[103.7429113,1.3849089],[103.7429131,1.3849031],[103.7429416,1.3849121],[103.7429398,1.3849181],[103.7429548,1.3849228],[103.7429567,1.3849169],[103.7429651,1.3849196],[103.7429946,1.3848256],[103.7431017,1.3848595]]]}},{"type":"Feature","properties":{"type":"HDB"},"geometry":{"type":"Polygon","coordinates":[[[103.7433372,1.3852382],[103.7432344,1.3852056],[103.7432205,1.3851779],[103.743334,1.3848157],[103.7433612,1.3848011],[103.743464,1.3848337],[103.7433372,1.3852382]]]}},{"type":"Feature","properties":{"type":"HDB"},"geometry":{"type":"Polygon","coordinates":[[[103.7454638,1.3851367],[103.7454141,1.3851209],[103.7454757,1.3849243],[103.7455237,1.3849395],[103.7455318,1.3849136],[103.7455448,1.3849178],[103.7455495,1.3849116],[103.7455637,1.3849071],[103.7455768,1.3849145],[103.7455804,1.3849291],[103.7455866,1.384931],[103.7455883,1.3849258],[103.7455908,1.3849267],[103.7455886,1.3849494],[103.7455825,1.3849715],[103.7456082,1.3849796],[103.7456136,1.3849623],[103.7458991,1.385053],[103.7459252,1.3850641],[103.7459486,1.3850802],[103.7459685,1.3851007],[103.7459831,1.385125],[103.745991,1.3851525],[103.7459921,1.3851914],[103.745989,1.3852172],[103.745961,1.385322],[103.7458947,1.3853009],[103.7458964,1.3852958],[103.7458338,1.3852759],[103.7458322,1.3852811],[103.7455331,1.3851862],[103.7455353,1.3851793],[103.7455173,1.3851736],[103.7455148,1.3851813],[103.7454557,1.3851626],[103.7454638,1.3851367]]]}},{"type":"Feature","properties":{"type":"HDB"},"geometry":{"type":"Polygon","coordinates":[[[103.7429086,1.3852079],[103.7429524,1.3850682],[103.7430278,1.3850921],[103.742984,1.3852319],[103.7429086,1.3852079]]]}},{"type":"Feature","properties":{"type":"HDB"},"geometry":{"type":"Polygon","coordinates":[[[103.7425695,1.3852114],[103.7425578,1.3851889],[103.742636,1.385148],[103.7426476,1.3851704],[103.7426666,1.3851605],[103.7428857,1.38523],[103.7428882,1.3852219],[103.7429126,1.3852092],[103.7429672,1.3852265],[103.7429793,1.3852499],[103.7429505,1.3853418],[103.7429278,1.3853345],[103.7429288,1.3853314],[103.7429133,1.3853264],[103.7429038,1.3853567],[103.7429193,1.3853616],[103.7429204,1.3853583],[103.7429431,1.3853655],[103.7429119,1.385465],[103.7428048,1.385431],[103.7428343,1.385337],[103.742828,1.385335],[103.7428299,1.3853286],[103.7428142,1.3853236],[103.7428122,1.38533],[103.7427828,1.3853207],[103.7427849,1.3853141],[103.7427262,1.3852955],[103.7427242,1.385302],[103.742695,1.3852928],[103.7427006,1.3852748],[103.742667,1.3852641],[103.7426614,1.3852527],[103.742631,1.3852684],[103.7426367,1.3852795],[103.7426261,1.3853134],[103.7426425,1.3853186],[103.7426328,1.3853492],[103.7426271,1.3853475],[103.7426088,1.3854058],[103.7426146,1.3854076],[103.7426052,1.3854373],[103.7425991,1.3854354],[103.7425946,1.3854499],[103.7426007,1.3854517],[103.7425973,1.3854626],[103.7426899,1.385492],[103.7426566,1.385598],[103.7425583,1.3855668],[103.7425657,1.385543],[103.7425686,1.3855439],[103.7425735,1.3855285],[103.742544,1.3855192],[103.7425345,1.3855592],[103.7424304,1.3855262],[103.742459,1.3854348],[103.7424813,1.3854418],[103.7425504,1.3852213],[103.7425695,1.3852114]]]}},{"type":"Feature","properties":{"type":"HDB"},"geometry":{"type":"Polygon","coordinates":[[[103.7428668,1.3856647],[103.7426568,1.3855981],[103.7426898,1.3854929],[103.742735,1.3855072],[103.7427369,1.3855012],[103.7427664,1.3855105],[103.7427646,1.3855164],[103.742823,1.385535],[103.7428248,1.3855291],[103.7428539,1.3855383],[103.7428523,1.3855442],[103.7428666,1.3855487],[103.7428685,1.385543],[103.7429017,1.3855535],[103.742885,1.3856068],[103.7428716,1.3856027],[103.7428663,1.3856196],[103.7428796,1.3856237],[103.7428668,1.3856647]]]}},{"type":"Feature","properties":{"type":"HDB"},"geometry":{"type":"Polygon","coordinates":[[[103.7426264,1.3886568],[103.7427801,1.388428],[103.7432861,1.3887726],[103.7431324,1.3890014],[103.7426264,1.3886568]]]}},{"type":"Feature","properties":{"type":"HDB"},"geometry":{"type":"Polygon","coordinates":[[[103.7434462,1.3892746],[103.7433845,1.3893664],[103.7433004,1.3893091],[103.7433422,1.3892469],[103.7433398,1.3892452],[103.7433595,1.3892159],[103.7433619,1.3892176],[103.7433895,1.3891765],[103.743382,1.3891714],[103.7433722,1.389186],[103.743297,1.3891349],[103.7433053,1.3891224],[103.743287,1.3891099],[103.7432884,1.3891077],[103.7432016,1.3890486],[103.743258,1.3889646],[103.7433444,1.3890235],[103.7433243,1.3890535],[103.7433428,1.3890661],[103.7433808,1.3890096],[103.7433736,1.3890048],[103.7433932,1.3889757],[103.7434287,1.389],[103.7434342,1.3889919],[103.7434472,1.3890008],[103.7434603,1.3890096],[103.7434549,1.3890177],[103.743484,1.3890375],[103.7434644,1.3890666],[103.743457,1.3890616],[103.7434191,1.389118],[103.7434385,1.3891312],[103.7434576,1.3891028],[103.7434714,1.3891122],[103.7434687,1.3891161],[103.74348,1.3891238],[103.7434827,1.3891199],[103.7435289,1.3891514],[103.7434965,1.3891997],[103.7434988,1.3892013],[103.7434588,1.3892557],[103.7434627,1.3892583],[103.74345,1.3892771],[103.7434462,1.3892746]]]}},{"type":"Feature","properties":{"type":"HDB"},"geometry":{"type":"Polygon","coordinates":[[[103.7433037,1.3896641],[103.7432673,1.3896688],[103.7429358,1.389443],[103.7429313,1.3894509],[103.7428699,1.389409],[103.7428749,1.3894015],[103.7428136,1.3893597],[103.7428853,1.3892529],[103.7429106,1.3892702],[103.7429293,1.3892423],[103.742904,1.3892251],[103.7429605,1.389141],[103.7430371,1.3891932],[103.7429546,1.389316],[103.743,1.389347],[103.7429874,1.3893657],[103.7430928,1.3894374],[103.7430751,1.3894637],[103.7431027,1.3894825],[103.7431203,1.3894562],[103.7432397,1.3895375],[103.7432437,1.3895315],[103.7432836,1.3895587],[103.7432802,1.3895638],[103.7432919,1.3895717],[103.7433153,1.3895687],[103.743309,1.3895185],[103.7433312,1.3894854],[103.7433755,1.3895155],[103.7433927,1.3896528],[103.7433324,1.3896605],[103.7433329,1.389665],[103.7433043,1.3896686],[103.7433037,1.3896641]]]}},{"type":"Feature","properties":{"type":"HDB"},"geometry":{"type":"Polygon","coordinates":[[[103.7468775,1.3836079],[103.7464574,1.3833225],[103.7464398,1.3833488],[103.7464011,1.3833225],[103.7464187,1.3832963],[103.7462079,1.3831531],[103.7462239,1.3831291],[103.7462299,1.3831331],[103.7464019,1.3828766],[103.7464889,1.3828339],[103.7465369,1.3829331],[103.7464763,1.3829628],[103.7463896,1.3830922],[103.7463759,1.3830831],[103.7463624,1.3831032],[103.7463472,1.3830929],[103.746316,1.3831394],[103.7463403,1.3831558],[103.7463518,1.3831387],[103.7463719,1.3831524],[103.7463816,1.383138],[103.7468487,1.3834552],[103.746883,1.383404],[103.7468961,1.3834125],[103.7469269,1.3833665],[103.7470041,1.383419],[103.7469538,1.3834941],[103.7469029,1.3834598],[103.7468769,1.3834986],[103.7469277,1.383533],[103.7468775,1.3836079]]]}},{"type":"Feature","properties":{"type":"HDB"},"geometry":{"type":"Polygon","coordinates":[[[103.7461353,1.3840852],[103.7461963,1.3839944],[103.7462994,1.3840645],[103.7463617,1.3839716],[103.746219,1.3838747],[103.7462803,1.3837833],[103.7463611,1.3838381],[103.7463552,1.3838467],[103.7464068,1.3838817],[103.7464126,1.3838731],[103.7465112,1.3839401],[103.7464789,1.3839883],[103.7464743,1.3839854],[103.7464664,1.3839972],[103.7464709,1.3840003],[103.7464594,1.3840175],[103.7464286,1.3839967],[103.7464157,1.384016],[103.7465224,1.3840884],[103.7464701,1.3841664],[103.7463636,1.3840941],[103.7463523,1.3841108],[103.7463821,1.3841311],[103.7462954,1.3842605],[103.7462372,1.384221],[103.7462679,1.3841752],[103.7462523,1.3841646],[103.7462583,1.3841555],[103.7462238,1.3841296],[103.7462166,1.3841404],[103.7461353,1.3840852]]]}},{"type":"Feature","properties":{"type":"HDB"},"geometry":{"type":"Polygon","coordinates":[[[103.7466566,1.3907296],[103.746658,1.3906371],[103.7466472,1.3906369],[103.7466477,1.3906071],[103.7466585,1.3906072],[103.7466592,1.3905619],[103.7466536,1.3905618],[103.7466538,1.3905474],[103.7466594,1.3905475],[103.7466604,1.3904849],[103.7466548,1.3904849],[103.746655,1.3904703],[103.7466606,1.3904704],[103.7466617,1.3904011],[103.7466762,1.390387],[103.7466549,1.3903651],[103.7466701,1.3903503],[103.7466738,1.3903542],[103.7467063,1.3903226],[103.7467025,1.3903187],[103.7467177,1.3903039],[103.7467388,1.3903259],[103.7467533,1.3903118],[103.746822,1.3903129],[103.7468221,1.3903071],[103.7468365,1.3903073],[103.7468364,1.3903131],[103.7468982,1.3903141],[103.7468983,1.3903082],[103.7469126,1.3903084],[103.7469125,1.3903143],[103.7469574,1.390315],[103.7469576,1.3903035],[103.7469872,1.390304],[103.7469871,1.3903155],[103.7470814,1.390317],[103.7470797,1.3904267],[103.7470325,1.3904259],[103.7470324,1.3904329],[103.7469812,1.390432],[103.7469813,1.390425],[103.7469327,1.3904242],[103.7469326,1.3904313],[103.7468814,1.3904305],[103.7468815,1.3904234],[103.7468494,1.3904229],[103.7468492,1.39043],[103.7468022,1.3904292],[103.7467964,1.3904237],[103.7467966,1.3904097],[103.7467827,1.3904095],[103.7467737,1.3904003],[103.7467491,1.3904243],[103.7467579,1.3904335],[103.7467577,1.3904476],[103.7467718,1.3904479],[103.7467768,1.3904537],[103.7467761,1.3905011],[103.7467692,1.390501],[103.7467687,1.3905337],[103.7467756,1.3905338],[103.7467747,1.3905854],[103.746768,1.3905853],[103.7467672,1.3906342],[103.746774,1.3906343],[103.7467732,1.3906858],[103.7467664,1.3906856],[103.7467662,1.390699],[103.746773,1.3906991],[103.7467725,1.3907314],[103.7467163,1.3907305],[103.7467166,1.3907166],[103.7466987,1.3907163],[103.7466985,1.3907302],[103.7466566,1.3907296]]]}},{"type":"Feature","properties":{"type":"HDB"},"geometry":{"type":"Polygon","coordinates":[[[103.7472247,1.3904834],[103.7472254,1.3904377],[103.747232,1.3904377],[103.7472324,1.3904125],[103.7470802,1.3904101],[103.7470818,1.390317],[103.7471821,1.3903186],[103.7471816,1.3903502],[103.7472139,1.3903507],[103.7472144,1.3903191],[103.7473431,1.3903211],[103.7473419,1.3903952],[103.7473525,1.3903953],[103.7473521,1.3904252],[103.7473415,1.390425],[103.747341,1.3904538],[103.7473462,1.3904538],[103.747346,1.3904681],[103.7473408,1.3904681],[103.7473396,1.3905427],[103.747231,1.3906487],[103.7472347,1.3906527],[103.7472245,1.3906626],[103.7472206,1.3906588],[103.7471885,1.3906902],[103.7471998,1.390702],[103.7471512,1.3907493],[103.7471399,1.3907375],[103.7471094,1.3907673],[103.7471124,1.3907705],[103.747102,1.3907806],[103.747099,1.3907774],[103.7470887,1.3907875],[103.7470884,1.3908012],[103.7470932,1.3908013],[103.747093,1.3908157],[103.7470882,1.3908157],[103.7470875,1.39086],[103.7470976,1.3908601],[103.7470971,1.3908901],[103.7470871,1.39089],[103.7470856,1.3909836],[103.7470435,1.390983],[103.7470436,1.3909692],[103.7470258,1.3909689],[103.7470256,1.3909827],[103.7469697,1.3909818],[103.7469702,1.3909498],[103.7469768,1.39095],[103.746977,1.3909365],[103.7469704,1.3909364],[103.7469712,1.3908847],[103.7469776,1.3908847],[103.7469784,1.3908365],[103.746972,1.3908364],[103.7469728,1.3907848],[103.7469792,1.390785],[103.74698,1.3907401],[103.7470119,1.390709],[103.7470074,1.3907043],[103.7470441,1.3906685],[103.7470485,1.3906732],[103.7470668,1.3906553],[103.747075,1.3906638],[103.7471177,1.3906222],[103.7471096,1.3906138],[103.7471289,1.390595],[103.7471243,1.3905903],[103.7471612,1.3905544],[103.7471658,1.3905594],[103.7471892,1.3905366],[103.7471844,1.3905317],[103.7472177,1.3904993],[103.7472231,1.3904995],[103.7472358,1.3905127],[103.7472432,1.3905054],[103.7472464,1.3904879],[103.7472282,1.3904875],[103.7472247,1.3904834]]]}},{"type":"Feature","properties":{"type":"HDB"},"geometry":{"type":"Polygon","coordinates":[[[103.7460924,1.3908346],[103.7467707,1.3908453],[103.7467664,1.3911216],[103.7460881,1.3911108],[103.7460924,1.3908346]]]}},{"type":"Feature","properties":{"type":"HDB"},"geometry":{"type":"Polygon","coordinates":[[[103.7469606,1.391565],[103.7469613,1.3915175],[103.7469685,1.3915175],[103.746969,1.3914841],[103.7469618,1.391484],[103.7469626,1.3914334],[103.7469693,1.3914334],[103.7469703,1.3913652],[103.7469637,1.3913651],[103.7469652,1.3912675],[103.7469724,1.3912676],[103.7469734,1.3911999],[103.7469663,1.3911998],[103.7469671,1.3911482],[103.7469739,1.3911484],[103.7469742,1.3911348],[103.7469673,1.3911347],[103.7469678,1.3911025],[103.7470238,1.3911034],[103.7470236,1.3911177],[103.7470418,1.391118],[103.747042,1.3911037],[103.7470837,1.3911044],[103.7470823,1.3911974],[103.7470929,1.3911976],[103.7470924,1.3912274],[103.7470818,1.3912272],[103.7470814,1.3912514],[103.7470866,1.3912515],[103.7470864,1.3912658],[103.7470812,1.3912657],[103.747077,1.3915334],[103.7470824,1.3915334],[103.7470821,1.391548],[103.7470768,1.3915479],[103.7470757,1.3916173],[103.7470612,1.3916315],[103.7470824,1.3916534],[103.7470672,1.3916682],[103.7470635,1.3916643],[103.747031,1.3916959],[103.7470348,1.3916998],[103.7470196,1.3917147],[103.7469986,1.3916925],[103.7469841,1.3917066],[103.7469156,1.3917055],[103.7469154,1.3917116],[103.7469011,1.3917114],[103.7469012,1.3917053],[103.7468391,1.3917043],[103.746839,1.3917104],[103.7468247,1.3917102],[103.7468248,1.3917041],[103.7467799,1.3917034],[103.7467797,1.3917147],[103.7467501,1.3917142],[103.7467502,1.3917029],[103.7466577,1.3917014],[103.7466584,1.3916597],[103.7466726,1.39166],[103.7466729,1.391641],[103.7466587,1.3916406],[103.7466596,1.3915848],[103.7466911,1.3915853],[103.746691,1.3915924],[103.7467054,1.3915926],[103.7467056,1.3915855],[103.7467558,1.3915863],[103.7467557,1.3915936],[103.7468052,1.3915944],[103.7468053,1.3915871],[103.7468556,1.3915879],[103.7468555,1.3915954],[103.7468886,1.3915959],[103.7468887,1.3915885],[103.746936,1.3915892],[103.7469406,1.3915942],[103.7469403,1.3916101],[103.7469573,1.3916115],[103.746982,1.3915874],[103.7469805,1.3915703],[103.7469651,1.3915701],[103.7469606,1.391565]]]}},{"type":"Feature","properties":{"type":"HDB"},"geometry":{"type":"Polygon","coordinates":[[[103.746144,1.3915766],[103.7461439,1.3915837],[103.7461889,1.3915844],[103.7461886,1.3915966],[103.7462489,1.3915975],[103.7462491,1.3915852],[103.7462981,1.391586],[103.7462982,1.3915791],[103.7463944,1.3915806],[103.7463943,1.3915885],[103.7464474,1.3915893],[103.7464514,1.3913355],[103.7465556,1.3913371],[103.7465541,1.3914311],[103.7465497,1.391431],[103.746549,1.3914729],[103.7465535,1.391473],[103.7465521,1.3915588],[103.7465385,1.3915586],[103.746538,1.3915931],[103.7465516,1.3915935],[103.7465499,1.3916997],[103.7464959,1.3916989],[103.746496,1.3916949],[103.7464799,1.3916946],[103.7464798,1.3916986],[103.7464646,1.3916984],[103.7464645,1.3917083],[103.7464347,1.3917078],[103.7464348,1.3916979],[103.7464106,1.3916975],[103.7464106,1.3917013],[103.7463961,1.391701],[103.7463962,1.3916973],[103.746293,1.3916956],[103.7462929,1.3916992],[103.7462784,1.391699],[103.7462784,1.3916954],[103.7462543,1.391695],[103.7462541,1.3917113],[103.7461842,1.3917102],[103.7461845,1.3916939],[103.7461602,1.3916935],[103.74616,1.3916992],[103.7461457,1.391699],[103.7461458,1.3916933],[103.7460425,1.3916917],[103.7460423,1.3916974],[103.7460279,1.3916971],[103.746028,1.3916915],[103.7459929,1.3916909],[103.7459909,1.391822],[103.7459547,1.3918214],[103.745955,1.3917992],[103.7459336,1.3917989],[103.7459333,1.3918211],[103.7458857,1.3918203],[103.7458873,1.3917193],[103.7459224,1.3917198],[103.745923,1.3916865],[103.7458878,1.391686],[103.7458895,1.3915798],[103.7460476,1.3915823],[103.7460477,1.3915751],[103.746144,1.3915766]]]}},{"type":"Feature","properties":{"type":"HDB"},"geometry":{"type":"Polygon","coordinates":[[[103.7467535,1.3922815],[103.7467168,1.392278],[103.7467176,1.392269],[103.7466939,1.3922668],[103.746693,1.3922758],[103.7466479,1.3922715],[103.7466434,1.3923204],[103.7466376,1.3923198],[103.7466365,1.3923313],[103.7466542,1.392333],[103.7466534,1.3923422],[103.7466793,1.3923446],[103.7466802,1.3923355],[103.7467188,1.3923392],[103.7467096,1.392439],[103.7464429,1.392414],[103.7464522,1.392314],[103.7464857,1.3923172],[103.7464834,1.3923397],[103.7465097,1.3923421],[103.7465118,1.3923196],[103.7465281,1.3923212],[103.7465337,1.3922609],[103.7464954,1.3922573],[103.7465046,1.3921572],[103.7467628,1.3921814],[103.7467535,1.3922815]]]}},{"type":"Feature","properties":{"type":"HDB"},"geometry":{"type":"Polygon","coordinates":[[[103.7467628,1.3921814],[103.7468582,1.3921904],[103.746857,1.392204],[103.7469185,1.3922098],[103.7469198,1.3921962],[103.747037,1.3922071],[103.7470317,1.3922648],[103.7470269,1.3922644],[103.7470237,1.3922996],[103.7469916,1.3922966],[103.7469894,1.3923209],[103.7470761,1.392329],[103.7470773,1.3923154],[103.7471068,1.3923181],[103.7471027,1.3923629],[103.747119,1.3923644],[103.7471158,1.3923995],[103.7470996,1.3923979],[103.7470955,1.3924424],[103.7470661,1.3924397],[103.7470679,1.3924208],[103.7469809,1.3924127],[103.7469787,1.3924369],[103.747015,1.3924403],[103.7470039,1.3925592],[103.7468993,1.3925494],[103.7469125,1.3924062],[103.7468956,1.3924046],[103.7469041,1.3923127],[103.746921,1.3923143],[103.7469218,1.3923062],[103.7467527,1.3922904],[103.7467628,1.3921814]]]}},{"type":"Feature","properties":{"type":"HDB"},"geometry":{"type":"Polygon","coordinates":[[[103.7473663,1.3923715],[103.7473563,1.3924796],[103.7474708,1.3924903],[103.747467,1.3925321],[103.7474569,1.3925311],[103.7474552,1.3925501],[103.7474652,1.392551],[103.74746,1.3926074],[103.7474268,1.3926043],[103.7474275,1.3925963],[103.7474115,1.3925948],[103.7474108,1.3926028],[103.7473616,1.3925982],[103.7473641,1.3925707],[103.7473516,1.3925695],[103.7473496,1.3925907],[103.747244,1.3925808],[103.7472632,1.3923745],[103.747272,1.3923753],[103.7472753,1.39234],[103.7472664,1.3923391],[103.7472766,1.3922296],[103.7473289,1.3922345],[103.7473284,1.3922403],[103.7473444,1.3922418],[103.747345,1.392236],[103.7473627,1.3922377],[103.7473595,1.3922728],[103.7473825,1.3922749],[103.7473926,1.392166],[103.7474856,1.3921747],[103.7474742,1.3922985],[103.7474966,1.3923006],[103.7474998,1.3922655],[103.7476063,1.3922755],[103.7475967,1.3923781],[103.7474947,1.3923686],[103.7474934,1.3923835],[103.7473663,1.3923715]]]}},{"type":"Feature","properties":{"type":"HDB"},"geometry":{"type":"Polygon","coordinates":[[[103.7414657,1.3886113],[103.7414497,1.3886037],[103.7414886,1.3885199],[103.7415047,1.3885275],[103.7415836,1.3883577],[103.7415811,1.3883565],[103.7415956,1.3883253],[103.7415981,1.3883265],[103.7416349,1.3882471],[103.7416658,1.3882681],[103.7416607,1.3882804],[103.7416769,1.388288],[103.7416812,1.3882787],[103.7417201,1.3883051],[103.7416519,1.3884519],[103.7416552,1.3884535],[103.7416401,1.3884858],[103.7416368,1.3884843],[103.7416115,1.3885389],[103.7415652,1.3885172],[103.7415504,1.3885491],[103.7416261,1.3885848],[103.7416301,1.3885762],[103.741662,1.3885913],[103.7416473,1.3886238],[103.7416539,1.3886269],[103.7416403,1.3886562],[103.7416339,1.3886534],[103.7416162,1.3886915],[103.7415841,1.3886764],[103.7415872,1.3886693],[103.7415252,1.3886401],[103.7415155,1.3886608],[103.7415501,1.388677],[103.741534,1.3887117],[103.7415309,1.3887102],[103.7415033,1.3887696],[103.7414121,1.3887267],[103.7414657,1.3886113]]]}},{"type":"Feature","properties":{"type":"HDB"},"geometry":{"type":"Polygon","coordinates":[[[103.7411016,1.3889276],[103.740853,1.3888105],[103.7411118,1.3882535],[103.7413604,1.3883706],[103.7411016,1.3889276]]]}},{"type":"Feature","properties":{"type":"HDB"},"geometry":{"type":"Polygon","coordinates":[[[103.7420731,1.3887604],[103.7420142,1.3888481],[103.7419487,1.3888034],[103.7419469,1.3888061],[103.741916,1.3887851],[103.7419177,1.3887824],[103.7418959,1.3887675],[103.7418328,1.3888614],[103.7418076,1.3888439],[103.7417881,1.3888729],[103.7418135,1.3888902],[103.7417556,1.3889764],[103.7417699,1.3889862],[103.7417397,1.3890313],[103.7417471,1.3890363],[103.7417485,1.3890341],[103.7417795,1.3890552],[103.7417781,1.3890574],[103.7418459,1.3891036],[103.7418256,1.3891338],[103.741812,1.3891243],[103.7418002,1.3891419],[103.7418138,1.3891512],[103.741787,1.3891912],[103.741704,1.3891347],[103.7417237,1.3891054],[103.7416949,1.3890858],[103.7416753,1.3891151],[103.7415891,1.3890564],[103.7416404,1.38898],[103.7416338,1.3889755],[103.7416725,1.3889177],[103.7416792,1.3889223],[103.7418124,1.3887239],[103.7418077,1.3887207],[103.7418214,1.3887003],[103.7418261,1.3887035],[103.7418774,1.3886272],[103.7419632,1.3886856],[103.7419438,1.3887151],[103.7419728,1.3887349],[103.7419925,1.3887055],[103.7420731,1.3887604]]]}},{"type":"Feature","properties":{"type":"HDB"},"geometry":{"type":"Polygon","coordinates":[[[103.7424198,1.3887913],[103.7422584,1.3886814],[103.742282,1.3886464],[103.7422933,1.3886542],[103.7423035,1.3886391],[103.7422921,1.3886313],[103.7423234,1.3885848],[103.7423498,1.3886028],[103.7423463,1.388608],[103.7423574,1.3886156],[103.7423609,1.3886104],[103.7424033,1.3886392],[103.7423998,1.3886444],[103.7424395,1.3886714],[103.742443,1.3886662],[103.7424853,1.3886951],[103.7424817,1.3887004],[103.7425184,1.3887254],[103.7425269,1.3887699],[103.7425335,1.3887686],[103.7425432,1.3888192],[103.7425359,1.3888206],[103.7425405,1.3888447],[103.7425478,1.3888433],[103.7425594,1.3889037],[103.7425521,1.3889051],[103.7425572,1.3889315],[103.7425645,1.3889301],[103.7425741,1.3889806],[103.7425672,1.3889819],[103.7425734,1.3890139],[103.7425803,1.3890126],[103.7425889,1.3890574],[103.7425859,1.3890624],[103.742568,1.389066],[103.7425738,1.3890826],[103.7425827,1.3890887],[103.742593,1.3890735],[103.7425988,1.3890727],[103.7426361,1.389098],[103.7426322,1.3891038],[103.7426529,1.3891178],[103.7427388,1.38899],[103.7428154,1.3890422],[103.7427586,1.3891266],[103.7427328,1.389109],[103.7427148,1.3891358],[103.7427406,1.3891534],[103.7426684,1.3892609],[103.7424861,1.3891367],[103.7424198,1.3887913]]]}},{"type":"Feature","properties":{"type":"HDB"},"geometry":{"type":"Polygon","coordinates":[[[103.741412,1.3887269],[103.7415032,1.3887698],[103.7414752,1.3888301],[103.7414788,1.3888318],[103.7414623,1.3888672],[103.7414277,1.3888508],[103.7414181,1.3888715],[103.7414798,1.3889006],[103.7414838,1.388892],[103.7415162,1.3889073],[103.7414976,1.388947],[103.7415038,1.3889499],[103.7414901,1.3889793],[103.741484,1.3889768],[103.7414699,1.3890072],[103.7414373,1.3889919],[103.7414405,1.388985],[103.741365,1.3889494],[103.741358,1.3889645],[103.7413674,1.388969],[103.74136,1.3889848],[103.7413883,1.3889979],[103.7413276,1.3891285],[103.7414746,1.3892286],[103.7414076,1.3893282],[103.7413518,1.3892902],[103.741367,1.3892634],[103.7413808,1.3892728],[103.7413956,1.3892508],[103.7413303,1.3892064],[103.7413135,1.3892314],[103.7412584,1.3891939],[103.7412569,1.3891961],[103.7412103,1.3891611],[103.7413196,1.3889258],[103.7413038,1.3889183],[103.7413423,1.3888352],[103.7413582,1.3888427],[103.741412,1.3887269]]]}},{"type":"Feature","properties":{"type":"HDB"},"geometry":{"type":"Polygon","coordinates":[[[103.7420731,1.3887604],[103.7421626,1.3888214],[103.7422325,1.389186],[103.7421658,1.3892853],[103.7421747,1.3892914],[103.742134,1.3893521],[103.742125,1.389346],[103.7420833,1.3894081],[103.7420602,1.3893924],[103.7420587,1.3893947],[103.7419776,1.3893362],[103.7419957,1.3893085],[103.7419666,1.3892887],[103.7419485,1.3893164],[103.741866,1.3892602],[103.7419178,1.389183],[103.7419863,1.3892296],[103.7419878,1.3892273],[103.7420391,1.3892656],[103.7420688,1.3892214],[103.7420754,1.3892259],[103.7420856,1.3892107],[103.742079,1.3892062],[103.7421041,1.3891689],[103.7421105,1.3891674],[103.7421254,1.3891775],[103.7421308,1.3891686],[103.7421325,1.3891619],[103.7421304,1.3891509],[103.7421133,1.3891545],[103.7421077,1.3891507],[103.7420993,1.389107],[103.7421065,1.3891054],[103.7420951,1.3890461],[103.742088,1.3890478],[103.7420695,1.3889516],[103.7420765,1.3889502],[103.7420678,1.388905],[103.742083,1.388902],[103.7420786,1.3888788],[103.7420711,1.3888803],[103.7420323,1.3888539],[103.742036,1.3888483],[103.7420216,1.3888381],[103.7420731,1.3887604]]]}},{"type":"Feature","properties":{"type":"HDB"},"geometry":{"type":"Polygon","coordinates":[[[103.7409435,1.3890778],[103.740941,1.3890766],[103.7409563,1.3890437],[103.7409588,1.3890449],[103.7409907,1.3889762],[103.7410826,1.3890196],[103.7410362,1.3891196],[103.7410416,1.3891222],[103.7410319,1.3891431],[103.741017,1.3891394],[103.7409944,1.3891946],[103.7409919,1.3891934],[103.7409642,1.3892531],[103.7409354,1.3892395],[103.7409207,1.3892709],[103.7409496,1.3892845],[103.7409212,1.3893458],[103.7409244,1.3893473],[103.7409095,1.3893793],[103.7409063,1.3893778],[103.7408954,1.3894012],[103.7408864,1.3893969],[103.7408497,1.3894758],[103.740972,1.3895049],[103.740951,1.3896049],[103.7408433,1.3895817],[103.7408423,1.3895864],[103.7408205,1.3895823],[103.7408217,1.389577],[103.7407899,1.3895702],[103.7407894,1.3895724],[103.7406855,1.3895477],[103.7406995,1.3895175],[103.7407101,1.3895195],[103.7407172,1.3894859],[103.7407142,1.389486],[103.7407228,1.3894674],[103.740758,1.3894749],[103.7407728,1.389443],[103.7407118,1.3894143],[103.7407084,1.3894218],[103.7406759,1.3894065],[103.7406936,1.3893675],[103.7406865,1.3893642],[103.7406999,1.3893352],[103.740707,1.3893384],[103.7407219,1.3893064],[103.7407539,1.3893215],[103.7407503,1.3893297],[103.7408128,1.3893591],[103.7409435,1.3890778]]]}},{"type":"Feature","properties":{"type":"HDB"},"geometry":{"type":"Polygon","coordinates":[[[103.740972,1.3895049],[103.7410453,1.38952],[103.7410457,1.3895181],[103.7411709,1.3895457],[103.7411929,1.3895129],[103.7411606,1.3894909],[103.7412122,1.3894141],[103.7412243,1.3894224],[103.7412368,1.3894037],[103.7412392,1.3894053],[103.7412974,1.3893187],[103.7413807,1.3893754],[103.7413441,1.38943],[103.7413466,1.3894317],[103.7413271,1.3894608],[103.7412949,1.3894399],[103.7412829,1.3894578],[103.7413385,1.3894957],[103.741341,1.3894919],[103.7413703,1.3895119],[103.7413484,1.3895445],[103.741356,1.3895496],[103.7413382,1.3895761],[103.7413306,1.3895709],[103.7413089,1.3896033],[103.7412798,1.3895835],[103.7412858,1.3895747],[103.7412297,1.3895365],[103.7412072,1.3895692],[103.7412442,1.3895771],[103.7412266,1.3896033],[103.7412098,1.3895999],[103.7412054,1.3896209],[103.7412139,1.3896222],[103.7411908,1.3896565],[103.7411112,1.3896414],[103.7411116,1.3896395],[103.7410802,1.3896327],[103.7410797,1.389635],[103.7410576,1.3896302],[103.7410581,1.389628],[103.740951,1.3896049],[103.740972,1.3895049]]]}},{"type":"Feature","properties":{"type":"HDB"},"geometry":{"type":"Polygon","coordinates":[[[103.7424432,1.3896827],[103.7424416,1.3896737],[103.7424725,1.3896679],[103.7424741,1.3896768],[103.7425085,1.3896703],[103.742515,1.3897047],[103.7425062,1.3897065],[103.7425187,1.3897734],[103.742542,1.389769],[103.7425359,1.389736],[103.7425524,1.3897329],[103.7425532,1.3897369],[103.7425665,1.3897344],[103.7425657,1.3897304],[103.7426202,1.38972],[103.7426371,1.3898107],[103.7426133,1.3898152],[103.7426257,1.3898819],[103.7426496,1.3898774],[103.7426678,1.3899751],[103.742568,1.389994],[103.7425387,1.3898367],[103.7423158,1.3898788],[103.7422972,1.3897792],[103.7423995,1.3897599],[103.742406,1.3897947],[103.742428,1.3897906],[103.7424155,1.3897237],[103.7424073,1.3897253],[103.7424008,1.3896907],[103.7424432,1.3896827]]]}},{"type":"Feature","properties":{"type":"HDB"},"geometry":{"type":"Polygon","coordinates":[[[103.7424514,1.3899929],[103.7425642,1.3905974],[103.7422945,1.3906484],[103.7421817,1.3900439],[103.7424514,1.3899929]]]}},{"type":"Feature","properties":{"type":"HDB"},"geometry":{"type":"Polygon","coordinates":[[[103.7435313,1.3901026],[103.7435296,1.3900937],[103.7435605,1.3900878],[103.7435622,1.3900967],[103.7435966,1.3900902],[103.743603,1.3901247],[103.7435943,1.3901264],[103.7436068,1.3901934],[103.7436301,1.3901889],[103.7436239,1.3901559],[103.7436405,1.3901528],[103.7436413,1.3901568],[103.7436545,1.3901543],[103.7436538,1.3901503],[103.7437083,1.39014],[103.7437252,1.3902306],[103.7437013,1.3902351],[103.7437138,1.3903018],[103.7437376,1.3902973],[103.7437559,1.3903951],[103.7436561,1.3904139],[103.7436267,1.3902566],[103.7434038,1.3902987],[103.7433852,1.3901992],[103.7434876,1.3901799],[103.7434941,1.3902147],[103.743516,1.3902105],[103.7435035,1.3901437],[103.7434954,1.3901452],[103.7434889,1.3901106],[103.7435313,1.3901026]]]}},{"type":"Feature","properties":{"type":"HDB"},"geometry":{"type":"Polygon","coordinates":[[[103.7432459,1.3907556],[103.7431683,1.3903396],[103.7430048,1.3903705],[103.7430106,1.3904016],[103.7429152,1.3904196],[103.7428955,1.390314],[103.7429164,1.39031],[103.7429172,1.3903143],[103.7429364,1.3903106],[103.7429308,1.3902795],[103.7429114,1.3902832],[103.7429122,1.3902877],[103.7428914,1.3902916],[103.7428482,1.3900606],[103.7428692,1.390057],[103.74287,1.3900613],[103.7428893,1.3900576],[103.7428837,1.3900264],[103.7428648,1.3900299],[103.7428657,1.3900348],[103.7428442,1.3900389],[103.7428238,1.3899299],[103.7429192,1.3899118],[103.7429842,1.3902598],[103.7430097,1.390255],[103.7430133,1.3902741],[103.743046,1.3902679],[103.7430451,1.3902635],[103.7431517,1.3902433],[103.7431554,1.3902637],[103.7431512,1.3902645],[103.7431548,1.3902836],[103.7431855,1.3902776],[103.7431818,1.3902581],[103.7431778,1.3902588],[103.7431741,1.3902391],[103.7432793,1.3902192],[103.7432972,1.3903152],[103.7432743,1.3903196],[103.743282,1.3903609],[103.7432881,1.3903597],[103.7432936,1.390389],[103.7432874,1.3903902],[103.7433037,1.3904773],[103.7433099,1.3904762],[103.7433154,1.3905055],[103.7433092,1.3905067],[103.7433206,1.390568],[103.7433268,1.3905668],[103.7433323,1.3905962],[103.7433261,1.3905973],[103.7433373,1.3906573],[103.7433435,1.3906561],[103.743349,1.3906855],[103.7433428,1.3906867],[103.7433519,1.3907355],[103.7432459,1.3907556]]]}},{"type":"Feature","properties":{"type":"HDB"},"geometry":{"type":"Polygon","coordinates":[[[103.7462202,1.3906168],[103.7462207,1.3905818],[103.7462114,1.3905815],[103.7462122,1.3905328],[103.7462189,1.3905329],[103.7462194,1.3904979],[103.7462127,1.3904979],[103.7462134,1.3904518],[103.7462186,1.3904465],[103.7462332,1.390447],[103.7462334,1.3904312],[103.7462358,1.3904289],[103.746212,1.3904042],[103.7462097,1.3904066],[103.7462074,1.3904042],[103.7461944,1.390404],[103.7461942,1.390421],[103.7461888,1.3904258],[103.7461428,1.3904251],[103.7461428,1.3904186],[103.7461081,1.3904181],[103.746108,1.3904245],[103.7460592,1.3904238],[103.7460593,1.3904172],[103.7460098,1.3904164],[103.7460097,1.390423],[103.7459601,1.3904222],[103.7459602,1.3904155],[103.7459115,1.3904147],[103.7459132,1.3903048],[103.7460073,1.3903063],[103.7460075,1.3902956],[103.7460368,1.3902961],[103.7460367,1.3903067],[103.7460815,1.3903074],[103.7460816,1.3903026],[103.746096,1.3903028],[103.7460959,1.3903077],[103.746158,1.3903087],[103.7461581,1.390304],[103.7461726,1.3903042],[103.7461725,1.3903089],[103.7462414,1.39031],[103.7462554,1.3903246],[103.7462766,1.390304],[103.7462913,1.3903193],[103.7462874,1.3903231],[103.7463186,1.3903555],[103.7463225,1.3903517],[103.7463372,1.390367],[103.7463161,1.3903876],[103.7463301,1.3904029],[103.7463289,1.3904836],[103.746334,1.3904837],[103.7463338,1.3904973],[103.7463287,1.3904972],[103.7463279,1.3905485],[103.746333,1.3905486],[103.7463328,1.390563],[103.7463276,1.3905628],[103.7463269,1.3906095],[103.7463323,1.3906095],[103.7463305,1.3907244],[103.7462252,1.3907227],[103.7462257,1.3906878],[103.7461935,1.3906873],[103.7461929,1.3907222],[103.7460915,1.3907206],[103.7460923,1.3906718],[103.7461083,1.390672],[103.7461086,1.3906513],[103.7460926,1.390651],[103.7460932,1.3906148],[103.7462202,1.3906168]]]}},{"type":"Feature","properties":{"type":"HDB"},"geometry":{"type":"Polygon","coordinates":[[[103.7456657,1.3910122],[103.7456333,1.3910117],[103.7456329,1.3910464],[103.7455273,1.3910448],[103.7455291,1.3909299],[103.7455345,1.39093],[103.7455352,1.3908823],[103.7455296,1.3908822],[103.7455298,1.3908677],[103.7455355,1.3908679],[103.7455364,1.3908057],[103.7455305,1.3908056],[103.7455307,1.3907912],[103.7455367,1.3907913],[103.7455374,1.3907454],[103.7455259,1.3907452],[103.7455269,1.3906789],[103.7455384,1.3906792],[103.7455389,1.3906493],[103.7455328,1.3906493],[103.745533,1.3906347],[103.7455391,1.3906348],[103.7455403,1.3905615],[103.745714,1.390392],[103.74571,1.390388],[103.7457205,1.3903777],[103.7457245,1.3903818],[103.7457567,1.3903504],[103.7457491,1.3903426],[103.7457673,1.3903249],[103.7457747,1.3903328],[103.7458052,1.3903031],[103.745913,1.3903048],[103.7459114,1.3904051],[103.7458434,1.3904044],[103.7458404,1.3904001],[103.7458248,1.3904153],[103.7458354,1.3904263],[103.7458026,1.3904583],[103.7458074,1.3904633],[103.7457378,1.3905312],[103.7457326,1.3905259],[103.74569,1.3905674],[103.7456952,1.3905728],[103.745662,1.3906051],[103.7456559,1.3906045],[103.7456432,1.3905912],[103.7456328,1.3906009],[103.7456326,1.3906155],[103.7456513,1.3906157],[103.7456553,1.3906196],[103.7456545,1.3906664],[103.7456475,1.3906662],[103.7456466,1.3906847],[103.7456312,1.3906845],[103.7456303,1.3907439],[103.7456462,1.3907441],[103.7456454,1.3907912],[103.7456526,1.3907913],[103.7456511,1.3908871],[103.745644,1.3908871],[103.7456431,1.3909408],[103.745768,1.3909428],[103.7457674,1.3909795],[103.7457517,1.3909792],[103.7457514,1.391],[103.7457671,1.3910002],[103.7457663,1.3910485],[103.7456653,1.3910469],[103.7456657,1.3910122]]]}},{"type":"Feature","properties":{"type":"HDB"},"geometry":{"type":"Polygon","coordinates":[[[103.7433519,1.3907358],[103.7433609,1.3907838],[103.7433671,1.3907826],[103.7433725,1.3908119],[103.7433664,1.3908131],[103.7433722,1.3908442],[103.7433784,1.390843],[103.7433838,1.3908724],[103.7433644,1.390876],[103.743371,1.3909116],[103.7433639,1.3909221],[103.7433966,1.3909447],[103.7434027,1.3909357],[103.743438,1.3909291],[103.7434344,1.3909095],[103.7434635,1.390904],[103.7434647,1.3909102],[103.7434991,1.3909037],[103.743498,1.3908975],[103.7435271,1.390892],[103.7435283,1.3908982],[103.7436165,1.3908815],[103.7436154,1.3908753],[103.7436445,1.3908698],[103.7436457,1.390876],[103.7436889,1.3908678],[103.7436174,1.3904847],[103.7437128,1.3904667],[103.7437327,1.3905736],[103.7437107,1.3905778],[103.7437098,1.3905733],[103.7436922,1.3905767],[103.7436983,1.3906093],[103.7437159,1.3906059],[103.7437151,1.3906015],[103.7437372,1.3905973],[103.74378,1.3908271],[103.743758,1.3908312],[103.7437571,1.3908268],[103.7437395,1.3908301],[103.7437455,1.3908628],[103.7437632,1.3908594],[103.7437624,1.390855],[103.7437844,1.3908508],[103.7438042,1.3909565],[103.7433917,1.3910345],[103.7433746,1.3910228],[103.7433597,1.3910448],[103.7432863,1.3909942],[103.7433012,1.3909722],[103.7432842,1.3909605],[103.743246,1.3907558],[103.7433519,1.3907358]]]}},{"type":"Feature","properties":{"type":"HDB"},"geometry":{"type":"Polygon","coordinates":[[[103.742918,1.3905997],[103.7429714,1.3905896],[103.7429741,1.3906046],[103.7429948,1.3906007],[103.742992,1.3905857],[103.7430301,1.3905785],[103.7431076,1.3909939],[103.743096,1.391011],[103.7431179,1.3910261],[103.7430677,1.3911],[103.7430458,1.3910849],[103.7430342,1.391102],[103.742807,1.391145],[103.7428087,1.3911539],[103.7427204,1.3911705],[103.7427005,1.3910638],[103.742723,1.39106],[103.7427237,1.3910636],[103.7427406,1.3910604],[103.7427349,1.3910296],[103.742718,1.3910328],[103.7427186,1.3910363],[103.7426961,1.3910405],[103.7426769,1.3909377],[103.7427226,1.390929],[103.7427254,1.3909464],[103.7427465,1.3909424],[103.7427433,1.3909251],[103.7427811,1.390918],[103.7428019,1.3910291],[103.7428125,1.3910271],[103.7428135,1.3910324],[103.7428594,1.3910238],[103.7428584,1.3910184],[103.7428884,1.3910127],[103.7428894,1.3910181],[103.7429203,1.3910122],[103.7429193,1.3910069],[103.7429493,1.3910012],[103.7429526,1.391019],[103.7429879,1.3910123],[103.7429968,1.3910185],[103.7430167,1.3909892],[103.7430078,1.390983],[103.7430012,1.3909475],[103.7429835,1.3909508],[103.7429779,1.3909206],[103.7429832,1.3909196],[103.7429774,1.3908885],[103.7429721,1.3908895],[103.7429664,1.3908592],[103.7429717,1.3908583],[103.7429548,1.3907676],[103.7429495,1.3907686],[103.7429439,1.3907384],[103.7429492,1.3907374],[103.7429377,1.390676],[103.7429324,1.390677],[103.7429268,1.3906468],[103.7429321,1.3906458],[103.7429293,1.3906307],[103.742924,1.3906317],[103.742918,1.3905997]]]}},{"type":"Feature","properties":{"type":"HDB"},"geometry":{"type":"Polygon","coordinates":[[[103.7456579,1.3913584],[103.7456596,1.3912533],[103.7457737,1.3912551],[103.7457736,1.3912605],[103.7458199,1.3912613],[103.74582,1.3912558],[103.7458343,1.391256],[103.7458342,1.3912615],[103.7458961,1.3912625],[103.7458961,1.3912569],[103.7459104,1.3912572],[103.7459103,1.3912627],[103.745955,1.3912634],[103.7459552,1.391247],[103.7460223,1.3912481],[103.7460221,1.3912645],[103.7460669,1.3912652],[103.746067,1.3912597],[103.7460814,1.3912599],[103.7460813,1.3912654],[103.7462057,1.3912674],[103.746205,1.3913108],[103.7461907,1.3913105],[103.7461904,1.3913286],[103.7462048,1.3913288],[103.7462039,1.391384],[103.7461725,1.3913835],[103.7461726,1.3913763],[103.7461583,1.3913761],[103.7461582,1.3913833],[103.7460634,1.3913818],[103.7460635,1.3913744],[103.7460177,1.3913737],[103.7460179,1.3913594],[103.7459841,1.3913589],[103.7459838,1.3913732],[103.7459106,1.391372],[103.7459105,1.3913794],[103.7458162,1.3913779],[103.7458163,1.3913706],[103.7457629,1.3913698],[103.7457609,1.3914955],[103.7457252,1.3914949],[103.7457255,1.391477],[103.7457039,1.3914766],[103.7457037,1.3914945],[103.7456558,1.3914938],[103.7456574,1.3913935],[103.7456927,1.3913942],[103.7456933,1.3913589],[103.7456579,1.3913584]]]}},{"type":"Feature","properties":{"type":"HDB"},"geometry":{"type":"Polygon","coordinates":[[[103.7437916,1.3913384],[103.7438203,1.3913279],[103.743831,1.3913576],[103.7438226,1.3913607],[103.7438278,1.3913752],[103.743865,1.3913615],[103.7438597,1.3913471],[103.7438513,1.3913502],[103.7438405,1.3913205],[103.7438693,1.3913099],[103.743875,1.3913256],[103.743937,1.3913029],[103.7439319,1.3912888],[103.7439819,1.3912706],[103.7440047,1.391334],[103.7439812,1.3913427],[103.7439857,1.3913548],[103.7439302,1.3913758],[103.7439315,1.3913794],[103.7439261,1.3913814],[103.7439241,1.3913759],[103.7438577,1.3914001],[103.743867,1.3914258],[103.7438911,1.3914172],[103.7439081,1.3914655],[103.7439667,1.391444],[103.7439588,1.391422],[103.7440103,1.3914032],[103.7440185,1.3914241],[103.7440718,1.3914049],[103.7440704,1.391401],[103.7440756,1.3913991],[103.744077,1.3914027],[103.7441327,1.3913826],[103.7441406,1.391402],[103.7441636,1.3913935],[103.7441836,1.3914497],[103.7441339,1.3914679],[103.7441289,1.3914539],[103.7440668,1.3914767],[103.7440725,1.3914923],[103.7440435,1.3915029],[103.7440327,1.3914732],[103.7440412,1.3914701],[103.7440359,1.3914556],[103.7439988,1.3914693],[103.744004,1.3914837],[103.7440125,1.3914806],[103.7440232,1.3915104],[103.7439945,1.3915209],[103.743989,1.3915056],[103.7439214,1.3915303],[103.7439269,1.3915456],[103.7438982,1.3915561],[103.7438875,1.3915264],[103.7438963,1.3915232],[103.7438909,1.3915083],[103.7438538,1.391522],[103.743859,1.3915364],[103.7438675,1.3915333],[103.7438782,1.391563],[103.7438495,1.3915736],[103.743844,1.3915583],[103.7437819,1.391581],[103.7437868,1.3915946],[103.7437369,1.391613],[103.7437166,1.3915574],[103.7437402,1.3915487],[103.7437327,1.391529],[103.743789,1.3915081],[103.7437878,1.3915047],[103.7437929,1.3915029],[103.7437941,1.3915062],[103.7438094,1.3915005],[103.7437948,1.3914597],[103.7438568,1.3914371],[103.7438451,1.3914048],[103.7438033,1.3914201],[103.7438074,1.3914444],[103.7437507,1.391465],[103.7437432,1.3914439],[103.7437309,1.391448],[103.7437267,1.3914359],[103.7437031,1.3914437],[103.7436801,1.391381],[103.7437301,1.3913627],[103.7437352,1.3913768],[103.7437973,1.391354],[103.7437916,1.3913384]]]}},{"type":"Feature","properties":{"type":"HDB"},"geometry":{"type":"Polygon","coordinates":[[[103.7453102,1.3917545],[103.7453113,1.3916847],[103.7453069,1.3916847],[103.7453071,1.3916701],[103.7453116,1.3916702],[103.7453154,1.3914239],[103.7453109,1.3914237],[103.7453111,1.3914092],[103.7453156,1.3914093],[103.7453164,1.3913627],[103.745311,1.3913626],[103.7453128,1.3912478],[103.7454187,1.3912494],[103.7454181,1.3912843],[103.7454502,1.3912848],[103.7454508,1.39125],[103.7455518,1.3912516],[103.745551,1.3913001],[103.7455353,1.3912999],[103.745535,1.3913205],[103.7455507,1.391321],[103.7455501,1.3913574],[103.7454259,1.3913554],[103.7454254,1.39139],[103.7454319,1.3913901],[103.7454311,1.3914398],[103.7454247,1.3914396],[103.7454242,1.391474],[103.7454306,1.3914741],[103.7454298,1.3915237],[103.7454236,1.3915234],[103.7454228,1.3915741],[103.745429,1.3915742],[103.7454282,1.3916241],[103.745422,1.3916239],[103.7454215,1.391658],[103.7454277,1.3916581],[103.7454269,1.3917052],[103.7454222,1.3917106],[103.7454076,1.3917104],[103.7454073,1.3917252],[103.7454048,1.3917276],[103.7454285,1.3917522],[103.7454308,1.39175],[103.7454458,1.3917523],[103.7454461,1.3917351],[103.745452,1.3917308],[103.745498,1.3917315],[103.7454979,1.3917376],[103.745532,1.3917381],[103.7455321,1.3917321],[103.7455814,1.3917328],[103.7455811,1.3917388],[103.7456306,1.3917396],[103.7456307,1.3917336],[103.7456811,1.3917344],[103.7456809,1.3917406],[103.7456959,1.3917408],[103.745696,1.3917347],[103.7457272,1.3917352],[103.7457263,1.3917911],[103.7457126,1.3917908],[103.7457124,1.3918088],[103.745726,1.391809],[103.7457254,1.3918518],[103.7456332,1.3918504],[103.7456331,1.3918606],[103.7456033,1.3918602],[103.7456035,1.3918499],[103.7455587,1.3918492],[103.7455587,1.3918541],[103.7455443,1.3918539],[103.7455444,1.391849],[103.7454826,1.391848],[103.7454826,1.3918529],[103.7454681,1.3918527],[103.7454682,1.3918478],[103.745399,1.3918466],[103.7453849,1.3918321],[103.7453638,1.3918526],[103.7453493,1.3918375],[103.7453532,1.3918338],[103.7453219,1.3918012],[103.745318,1.391805],[103.7453032,1.3917896],[103.7453243,1.3917691],[103.7453102,1.3917545]]]}},{"type":"Feature","properties":{"type":"HDB"},"geometry":{"type":"Polygon","coordinates":[[[103.7436257,1.3918093],[103.7432481,1.3919037],[103.743146,1.3914899],[103.7435236,1.3913955],[103.7435488,1.3914978],[103.7435664,1.3914934],[103.7435701,1.3915083],[103.7435731,1.3915075],[103.7435812,1.3915405],[103.7435783,1.3915413],[103.743582,1.3915563],[103.7435643,1.3915607],[103.7436257,1.3918093]]]}},{"type":"Feature","properties":{"type":"HDB"},"geometry":{"type":"Polygon","coordinates":[[[103.7426604,1.3907215],[103.7426639,1.3907398],[103.742695,1.3907339],[103.7426916,1.3907161],[103.7426879,1.3907168],[103.7426838,1.3906946],[103.7427882,1.3906749],[103.7428062,1.3907709],[103.7424541,1.3908375],[103.7424572,1.3908644],[103.7424386,1.3908679],[103.7424433,1.3909083],[103.7424522,1.3909073],[103.7424544,1.3909261],[103.7424642,1.390925],[103.7424677,1.3909555],[103.742458,1.3909567],[103.7424681,1.3910447],[103.7424779,1.3910436],[103.7424814,1.3910741],[103.7424717,1.3910753],[103.7424765,1.3911169],[103.7426037,1.3910932],[103.7426217,1.3911892],[103.7425171,1.391209],[103.7425124,1.3911672],[103.7424815,1.3911732],[103.742485,1.3911916],[103.7424887,1.3911909],[103.7424929,1.3912136],[103.7423851,1.391234],[103.7423417,1.3908587],[103.7423197,1.3908628],[103.7423018,1.3907668],[103.7424077,1.3907468],[103.742411,1.3907671],[103.7424072,1.3907678],[103.7424108,1.390787],[103.7424415,1.3907812],[103.7424379,1.3907621],[103.7424342,1.3907628],[103.7424304,1.3907425],[103.7426603,1.3906991],[103.7426643,1.3907208],[103.7426604,1.3907215]]]}},{"type":"Feature","properties":{"type":"HDB"},"geometry":{"type":"Polygon","coordinates":[[[103.7416612,1.3913556],[103.7416789,1.3914489],[103.7416414,1.3914559],[103.7416398,1.3914478],[103.7416163,1.3914522],[103.7416178,1.3914603],[103.741563,1.3914707],[103.7415652,1.3914826],[103.7415736,1.391481],[103.7415802,1.3915166],[103.7415718,1.3915181],[103.7415741,1.39153],[103.7416584,1.3915141],[103.7416625,1.3915365],[103.7416789,1.3915478],[103.7416676,1.3915638],[103.7416758,1.3916077],[103.7414153,1.391657],[103.7413979,1.3915637],[103.7414301,1.3915576],[103.7414344,1.3915806],[103.741461,1.3915755],[103.7414566,1.3915523],[103.7414726,1.3915493],[103.7414614,1.3914899],[103.7414238,1.391497],[103.7414065,1.3914038],[103.7416612,1.3913556]]]}},{"type":"Feature","properties":{"type":"HDB"},"geometry":{"type":"Polygon","coordinates":[[[103.7411222,1.391554],[103.7410064,1.391576],[103.7409892,1.3914827],[103.741244,1.3914345],[103.7412614,1.3915277],[103.7412238,1.3915348],[103.7412348,1.3915943],[103.7412507,1.3915913],[103.7412551,1.3916145],[103.7412816,1.3916094],[103.7412774,1.3915864],[103.7413096,1.3915804],[103.741327,1.3916737],[103.7410665,1.3917229],[103.7410583,1.3916791],[103.741042,1.3916682],[103.7410532,1.3916517],[103.741049,1.3916293],[103.741084,1.3916227],[103.7410857,1.3916317],[103.741112,1.3916267],[103.7411103,1.3916177],[103.7411333,1.3916134],[103.741131,1.3916014],[103.7411227,1.391603],[103.7411161,1.3915675],[103.7411244,1.3915659],[103.7411222,1.391554]]]}},{"type":"Feature","properties":{"type":"HDB"},"geometry":{"type":"Polygon","coordinates":[[[103.7416789,1.3914489],[103.7416593,1.391344],[103.7417563,1.3913256],[103.741759,1.3913391],[103.7418181,1.3913279],[103.7418156,1.3913145],[103.7419269,1.3912934],[103.7419449,1.3913472],[103.7419385,1.3913483],[103.7419415,1.3913643],[103.741946,1.3913635],[103.7419518,1.3913807],[103.7419125,1.3913882],[103.741922,1.3914166],[103.7419376,1.3914113],[103.7419399,1.3914184],[103.7419629,1.3914106],[103.7419605,1.3914036],[103.7419863,1.3913948],[103.7419851,1.3913913],[103.7420312,1.3913757],[103.7420572,1.3914532],[103.7420281,1.391463],[103.7420386,1.3914944],[103.7420015,1.391507],[103.742025,1.3915773],[103.7420624,1.3915646],[103.7420729,1.3915959],[103.7421017,1.3915861],[103.7421274,1.3916628],[103.7420556,1.3916843],[103.7420533,1.3916775],[103.7420302,1.3916853],[103.7420325,1.3916922],[103.7420173,1.3916974],[103.7420259,1.3917229],[103.7420575,1.3917144],[103.7420635,1.3917325],[103.7420583,1.3917342],[103.7420624,1.3917496],[103.7420687,1.3917479],[103.7420873,1.3918035],[103.7420476,1.3918147],[103.7420467,1.3918117],[103.7419718,1.3918328],[103.7419683,1.3918202],[103.7419099,1.391836],[103.7419134,1.3918492],[103.7418174,1.3918763],[103.7417888,1.3917735],[103.7420021,1.3917134],[103.7419654,1.3916037],[103.7419198,1.3916192],[103.7418934,1.3915403],[103.7419389,1.3915249],[103.7418995,1.3914072],[103.7416789,1.3914489]]]}},{"type":"Feature","properties":{"type":"HDB"},"geometry":{"type":"Polygon","coordinates":[[[103.7408637,1.3916456],[103.7408774,1.3916378],[103.7408943,1.3916677],[103.7408806,1.3916755],[103.7409655,1.3918256],[103.7408765,1.3918766],[103.7408175,1.3917723],[103.74085,1.3917536],[103.7408381,1.3917326],[103.7407611,1.3917767],[103.7407653,1.3917842],[103.7407388,1.3917994],[103.7407193,1.3917663],[103.7407058,1.391774],[103.7406872,1.3917411],[103.7407012,1.3917329],[103.7406837,1.3917019],[103.7407103,1.3916867],[103.7407158,1.3916963],[103.7408055,1.391645],[103.7407812,1.391602],[103.7407327,1.3916112],[103.7407219,1.3915921],[103.7407341,1.3915898],[103.7407315,1.3915764],[103.740728,1.3915771],[103.7406989,1.3915256],[103.7408304,1.3915007],[103.740833,1.3915141],[103.7408923,1.3915028],[103.7408898,1.3914895],[103.7409868,1.3914711],[103.7410064,1.391576],[103.740842,1.3916071],[103.7408637,1.3916456]]]}},{"type":"Feature","properties":{"type":"HDB"},"geometry":{"type":"Polygon","coordinates":[[[103.7417896,1.3917771],[103.7418174,1.3918763],[103.7417014,1.391909],[103.7416916,1.3918727],[103.7416678,1.3918795],[103.7416917,1.3919656],[103.7417013,1.3919629],[103.7417095,1.3919924],[103.7416713,1.3920033],[103.7416755,1.3920186],[103.7416404,1.3920289],[103.741635,1.3920135],[103.7416022,1.3920227],[103.741594,1.3919931],[103.7416044,1.3919898],[103.7415756,1.3918862],[103.7413081,1.3919615],[103.7412899,1.3919293],[103.7413032,1.3919256],[103.7412674,1.3918622],[103.7413692,1.3918335],[103.7413727,1.3918469],[103.7414307,1.3918305],[103.741427,1.3918173],[103.7415391,1.3917856],[103.7415503,1.3918259],[103.741542,1.3918282],[103.7415468,1.3918455],[103.7415914,1.3918329],[103.7415871,1.3918172],[103.74162,1.3918079],[103.7416243,1.3918236],[103.7417896,1.3917771]]]}},{"type":"Feature","properties":{"type":"HDB"},"geometry":{"type":"Polygon","coordinates":[[[103.7407669,1.392033],[103.7410055,1.3918964],[103.7413743,1.3925488],[103.7411357,1.3926854],[103.7407669,1.392033]]]}},{"type":"Feature","properties":{"type":"HDB"},"geometry":{"type":"Polygon","coordinates":[[[103.7419361,1.3923039],[103.7417717,1.3923502],[103.7417763,1.3923668],[103.7417434,1.392376],[103.7417388,1.3923595],[103.7417098,1.3923677],[103.7417091,1.3923648],[103.7416934,1.3923693],[103.741699,1.3923893],[103.7417064,1.3923872],[103.7417176,1.3924275],[103.7416061,1.3924589],[103.7416025,1.3924458],[103.7415445,1.3924621],[103.7415482,1.3924752],[103.7414589,1.3925004],[103.7414218,1.3924347],[103.7414369,1.3924305],[103.7414199,1.3924005],[103.7416976,1.392322],[103.7416699,1.3922222],[103.7416586,1.3922254],[103.7416493,1.3921918],[103.741684,1.392182],[103.7416797,1.3921667],[103.741716,1.3921565],[103.7417203,1.392172],[103.7417566,1.3921618],[103.7417649,1.3921914],[103.7417572,1.3921935],[103.7417812,1.3922795],[103.7418034,1.3922732],[103.7417934,1.3922371],[103.7419085,1.3922046],[103.7419361,1.3923039]]]}},{"type":"Feature","properties":{"type":"HDB"},"geometry":{"type":"Polygon","coordinates":[[[103.7419085,1.3922046],[103.7420039,1.3921777],[103.7420076,1.3921909],[103.7420655,1.3921745],[103.7420618,1.3921614],[103.742138,1.39214],[103.7421372,1.3921369],[103.7421744,1.3921264],[103.742193,1.392182],[103.7421886,1.3921832],[103.742193,1.3921989],[103.7421981,1.3921973],[103.7422042,1.3922155],[103.7421645,1.3922266],[103.7421731,1.392252],[103.7421884,1.3922468],[103.7421907,1.3922536],[103.7422138,1.3922458],[103.7422115,1.3922389],[103.7422371,1.3922302],[103.7422358,1.3922264],[103.7422823,1.3922107],[103.7423083,1.3922883],[103.7422785,1.3922984],[103.7422889,1.3923295],[103.7422517,1.3923421],[103.7422752,1.3924121],[103.7423122,1.3923996],[103.7423227,1.3924307],[103.7423527,1.3924206],[103.7423785,1.3924977],[103.7423319,1.3925136],[103.7423307,1.3925103],[103.7423051,1.392519],[103.7423028,1.392512],[103.7422798,1.3925198],[103.742282,1.3925265],[103.7422668,1.3925317],[103.7422753,1.3925572],[103.7423136,1.392542],[103.7423194,1.3925591],[103.7423139,1.3925612],[103.7423199,1.3925764],[103.7423245,1.3925746],[103.7423423,1.3926275],[103.7422328,1.3926712],[103.742228,1.3926588],[103.742172,1.3926812],[103.7421769,1.3926936],[103.7420851,1.3927303],[103.7420459,1.3926311],[103.7422532,1.3925483],[103.7422153,1.3924353],[103.7421698,1.3924507],[103.7421434,1.3923719],[103.7421889,1.3923564],[103.7421522,1.3922468],[103.7419371,1.3923074],[103.7419085,1.3922046]]]}},{"type":"Feature","properties":{"type":"HDB"},"geometry":{"type":"Polygon","coordinates":[[[103.7417139,1.3927636],[103.7417476,1.3927499],[103.7417508,1.392758],[103.7417726,1.3927493],[103.7417695,1.3927414],[103.7418215,1.3927206],[103.7418171,1.3927093],[103.7418096,1.3927124],[103.7417964,1.3926787],[103.7418038,1.3926757],[103.7417994,1.3926645],[103.7417201,1.3926961],[103.7417117,1.3926747],[103.7416935,1.3926668],[103.7417013,1.3926485],[103.7416853,1.3926077],[103.7419317,1.3925093],[103.7419664,1.3925976],[103.7419358,1.3926099],[103.7419273,1.3925882],[103.7419021,1.3925982],[103.7419108,1.3926201],[103.7418955,1.3926262],[103.7419177,1.3926823],[103.7419536,1.392668],[103.7419884,1.3927562],[103.7417487,1.3928519],[103.7417139,1.3927636]]]}},{"type":"Feature","properties":{"type":"HDB"},"geometry":{"type":"Polygon","coordinates":[[[103.7439223,1.391909],[103.7438595,1.3919319],[103.7438411,1.391881],[103.7438528,1.3918767],[103.7438457,1.3918572],[103.7438341,1.3918615],[103.7438037,1.3917774],[103.7438665,1.3917542],[103.7438755,1.391778],[103.7438934,1.3917717],[103.7438947,1.3917751],[103.74389,1.3917768],[103.7438992,1.3918021],[103.7439038,1.3918004],[103.7439047,1.391803],[103.7439001,1.3918047],[103.7439042,1.3918159],[103.7439075,1.3918147],[103.7439115,1.3918256],[103.7439334,1.3918176],[103.7439317,1.3918129],[103.7439342,1.391812],[103.7439359,1.3918166],[103.7439866,1.3917981],[103.7439849,1.3917934],[103.7439874,1.3917925],[103.7439891,1.3917972],[103.7440398,1.3917786],[103.7440381,1.3917739],[103.7440406,1.391773],[103.7440423,1.3917777],[103.7441388,1.3917423],[103.7441371,1.3917377],[103.7441472,1.391734],[103.7441337,1.3916954],[103.7441376,1.3916865],[103.7441486,1.3916825],[103.7441576,1.3916868],[103.7441674,1.3917114],[103.7441812,1.3917056],[103.7441803,1.3917031],[103.7441849,1.3917014],[103.7441754,1.391675],[103.7441708,1.3916767],[103.7441698,1.3916742],[103.7441745,1.3916725],[103.7441653,1.3916472],[103.7441607,1.3916489],[103.7441595,1.3916455],[103.7441778,1.3916395],[103.7441687,1.3916142],[103.7442321,1.391591],[103.744297,1.3917717],[103.7442343,1.3917947],[103.7442316,1.3917873],[103.7442207,1.3917913],[103.7442233,1.3917987],[103.7441417,1.3918286],[103.7441582,1.3918745],[103.7441137,1.3918911],[103.7440969,1.3918452],[103.7439333,1.3919049],[103.7439308,1.391898],[103.7439198,1.391902],[103.7439223,1.391909]]]}},{"type":"Feature","properties":{"type":"HDB"},"geometry":{"type":"Polygon","coordinates":[[[103.7439504,1.3921495],[103.7440131,1.3921264],[103.7440157,1.3921334],[103.7440266,1.3921294],[103.7440241,1.3921224],[103.7441876,1.3920624],[103.744171,1.3920165],[103.7442157,1.3920002],[103.7442325,1.3920458],[103.7443141,1.3920161],[103.7443168,1.3920236],[103.7443278,1.3920196],[103.7443251,1.3920121],[103.7443879,1.3919892],[103.7444532,1.3921695],[103.7443902,1.3921926],[103.7443814,1.3921683],[103.7443633,1.3921751],[103.7443621,1.3921717],[103.7443667,1.39217],[103.7443576,1.3921447],[103.7443529,1.3921464],[103.744352,1.3921438],[103.7443566,1.3921421],[103.7443471,1.3921158],[103.7443425,1.3921175],[103.7443416,1.3921149],[103.7443462,1.3921132],[103.7443391,1.3920937],[103.7443192,1.392101],[103.7443349,1.3921444],[103.7443312,1.3921533],[103.7443204,1.3921573],[103.7443115,1.3921533],[103.7442973,1.3921148],[103.7442871,1.3921185],[103.7442854,1.3921138],[103.744189,1.3921491],[103.7441907,1.3921538],[103.7441881,1.3921547],[103.7441864,1.3921501],[103.7441358,1.3921686],[103.7441375,1.3921733],[103.7441349,1.3921742],[103.7441332,1.3921695],[103.7440826,1.3921881],[103.7440843,1.3921928],[103.7440817,1.3921937],[103.74408,1.392189],[103.7440581,1.3921971],[103.7440628,1.3922206],[103.7440674,1.3922189],[103.7440683,1.3922214],[103.7440637,1.3922231],[103.7440728,1.3922484],[103.7440775,1.3922467],[103.7440787,1.3922501],[103.7440611,1.392257],[103.7440693,1.392281],[103.7440065,1.3923038],[103.743976,1.3922199],[103.7439875,1.3922157],[103.7439805,1.3921961],[103.7439689,1.3922004],[103.7439504,1.3921495]]]}},{"type":"Feature","properties":{"type":"HDB"},"geometry":{"type":"Polygon","coordinates":[[[103.7434015,1.3918654],[103.7434897,1.3918433],[103.7434982,1.3918779],[103.7435176,1.3918719],[103.7435514,1.392009],[103.7433371,1.3920748],[103.7433426,1.3920929],[103.7432695,1.3921153],[103.7432641,1.3920972],[103.7428407,1.392227],[103.7428812,1.3923605],[103.7429747,1.3924139],[103.7434459,1.3922961],[103.743479,1.3924304],[103.7428742,1.3925816],[103.7428718,1.3925859],[103.7427874,1.3925378],[103.7427898,1.3925334],[103.7427092,1.3922674],[103.7426886,1.3922737],[103.7426477,1.3921387],[103.7434112,1.3919046],[103.7434015,1.3918654]]]}},{"type":"Feature","properties":{"type":"HDB"},"geometry":{"type":"Polygon","coordinates":[[[103.743676,1.392013],[103.7437648,1.3923729],[103.7435468,1.3924274],[103.743458,1.3920676],[103.743676,1.392013]]]}},{"type":"Feature","properties":{"type":"HDB"},"geometry":{"type":"Polygon","coordinates":[[[103.7429679,1.3922087],[103.7433725,1.3921076],[103.7434141,1.3922761],[103.7430095,1.3923772],[103.7429679,1.3922087]]]}},{"type":"Feature","properties":{"type":"HDB"},"geometry":{"type":"Polygon","coordinates":[[[103.7458025,1.39229],[103.746048,1.3922064],[103.74608,1.3923015],[103.7460439,1.3923138],[103.7460632,1.3923711],[103.7460785,1.3923659],[103.7460857,1.3923873],[103.7461106,1.3923789],[103.7461034,1.3923575],[103.746135,1.3923468],[103.746167,1.3924418],[103.7459133,1.3925282],[103.7458814,1.392433],[103.7459182,1.3924205],[103.7459211,1.392429],[103.745946,1.3924205],[103.7459431,1.3924121],[103.7459597,1.3924064],[103.7459561,1.3923957],[103.7459506,1.3923976],[103.7459385,1.3923615],[103.745944,1.3923596],[103.7459404,1.3923489],[103.745892,1.3923654],[103.7458891,1.3923569],[103.7458665,1.3923646],[103.7458694,1.3923732],[103.7458345,1.3923851],[103.7458025,1.39229]]]}},{"type":"Feature","properties":{"type":"HDB"},"geometry":{"type":"Polygon","coordinates":[[[103.7458025,1.39229],[103.7458373,1.3923937],[103.7456764,1.3924484],[103.745679,1.3924562],[103.7456952,1.3924507],[103.7457246,1.3925381],[103.7457084,1.3925436],[103.7457218,1.3925616],[103.7457596,1.3925333],[103.7458366,1.3926373],[103.7457569,1.392697],[103.7457401,1.3926746],[103.745727,1.3926846],[103.7456467,1.392576],[103.7456432,1.3925656],[103.7455607,1.3925937],[103.7455667,1.3926117],[103.7455388,1.3926212],[103.7455244,1.3925785],[103.7455089,1.3925838],[103.7454977,1.3925503],[103.7455132,1.392545],[103.7454988,1.3925031],[103.7455272,1.3924934],[103.7455315,1.3925063],[103.7456141,1.3924782],[103.7456063,1.392455],[103.7455756,1.3924654],[103.7455644,1.3924321],[103.74556,1.3924335],[103.7455416,1.3923787],[103.7456531,1.3923408],[103.7456572,1.392353],[103.7457158,1.3923331],[103.7457116,1.3923209],[103.7458025,1.39229]]]}},{"type":"Feature","properties":{"type":"HDB"},"geometry":{"type":"Polygon","coordinates":[[[103.7458366,1.3926373],[103.7459139,1.3927417],[103.745876,1.3927702],[103.7458892,1.3927879],[103.7459028,1.3927776],[103.7459575,1.3928515],[103.7459439,1.3928618],[103.7459488,1.3928684],[103.7460861,1.3927655],[103.746151,1.3928533],[103.7460732,1.3929116],[103.7460653,1.3929009],[103.7460156,1.3929381],[103.7460235,1.3929488],[103.745929,1.3930197],[103.7458945,1.392973],[103.7458982,1.3929703],[103.7458772,1.3929419],[103.7459033,1.3929226],[103.7458888,1.3929031],[103.7458189,1.3929555],[103.745827,1.3929664],[103.7458033,1.3929842],[103.7457765,1.3929484],[103.7457636,1.3929581],[103.7457426,1.3929298],[103.7457556,1.3929201],[103.7457291,1.3928843],[103.7457529,1.3928664],[103.7457644,1.3928817],[103.7458341,1.3928293],[103.7457603,1.3927295],[103.7457738,1.3927195],[103.7457569,1.392697],[103.7458366,1.3926373]]]}},{"type":"Feature","properties":{"type":"HDB"},"geometry":{"type":"Polygon","coordinates":[[[103.7436673,1.3930897],[103.7435745,1.3929412],[103.7436278,1.3929075],[103.7436587,1.3929569],[103.7437561,1.3928953],[103.743697,1.3928007],[103.7437747,1.3927517],[103.7438338,1.3928464],[103.7438537,1.3928338],[103.7438352,1.3928042],[103.7438519,1.3927936],[103.7438558,1.3928001],[103.7438692,1.3927917],[103.7438652,1.3927852],[103.7439104,1.3927567],[103.7439435,1.3928097],[103.7439341,1.3928157],[103.7439497,1.3928408],[103.7439592,1.3928349],[103.7439679,1.3928487],[103.7439543,1.3928577],[103.7439857,1.392908],[103.7439995,1.3928993],[103.7440505,1.392981],[103.7439622,1.3930368],[103.7438746,1.3928964],[103.7437706,1.3929622],[103.7437949,1.393001],[103.7437553,1.393026],[103.7437589,1.3930318],[103.743733,1.3930482],[103.7437294,1.3930421],[103.7436921,1.3930657],[103.7436959,1.3930716],[103.7436673,1.3930897]]]}},{"type":"Feature","properties":{"type":"HDB"},"geometry":{"type":"Polygon","coordinates":[[[103.7444734,1.3926146],[103.7444778,1.3926217],[103.7445295,1.392589],[103.7445251,1.3925819],[103.7445507,1.3925657],[103.7445549,1.3925724],[103.7445954,1.3925467],[103.744652,1.3926373],[103.7442958,1.3928624],[103.7443844,1.3930042],[103.744411,1.3929874],[103.7444626,1.3930701],[103.7443712,1.3931279],[103.7443598,1.3931095],[103.7443632,1.3931074],[103.744353,1.393091],[103.7443265,1.3931077],[103.7443367,1.3931241],[103.7443398,1.3931221],[103.7443513,1.3931405],[103.7441552,1.3932644],[103.744144,1.3932466],[103.7441469,1.3932447],[103.7441367,1.3932282],[103.74411,1.3932451],[103.7441198,1.3932608],[103.7441231,1.3932587],[103.744135,1.3932772],[103.7440433,1.3933352],[103.7439917,1.3932525],[103.7442866,1.393066],[103.7442727,1.3930438],[103.7442918,1.3930318],[103.7442736,1.3930027],[103.7442701,1.3930048],[103.7442134,1.3929139],[103.7442299,1.392904],[103.744232,1.3929074],[103.7442481,1.3928973],[103.7442318,1.3928712],[103.7442155,1.3928814],[103.7442175,1.3928846],[103.7442014,1.3928948],[103.7441438,1.3928026],[103.744226,1.3927506],[103.7442398,1.3927726],[103.7442738,1.3927511],[103.7442692,1.3927436],[103.7442948,1.3927275],[103.7442994,1.3927348],[103.7443739,1.3926877],[103.7443693,1.3926803],[103.7443946,1.3926644],[103.7443992,1.3926721],[103.7444526,1.3926384],[103.7444478,1.3926307],[103.7444734,1.3926146]]]}},{"type":"Feature","properties":{"type":"HDB"},"geometry":{"type":"Polygon","coordinates":[[[103.743115,1.3929361],[103.7431926,1.392887],[103.7432516,1.3929816],[103.743349,1.39292],[103.7433181,1.3928707],[103.7433715,1.3928369],[103.7434642,1.3929854],[103.7434356,1.3930035],[103.743432,1.3929976],[103.7433946,1.3930212],[103.7433985,1.393027],[103.7433725,1.3930434],[103.7433689,1.3930376],[103.7433294,1.3930626],[103.7433052,1.3930238],[103.7432012,1.3930895],[103.7432888,1.3932298],[103.7432006,1.3932856],[103.7431496,1.393204],[103.7431634,1.3931953],[103.7431319,1.3931449],[103.743118,1.3931533],[103.7431093,1.3931395],[103.7431188,1.3931335],[103.7431031,1.3931084],[103.7430936,1.3931144],[103.7430605,1.3930613],[103.7431057,1.3930327],[103.7431097,1.3930392],[103.7431231,1.3930307],[103.7431189,1.3930244],[103.7431357,1.3930138],[103.7431542,1.3930434],[103.7431741,1.3930308],[103.743115,1.3929361]]]}},{"type":"Feature","properties":{"type":"HDB"},"geometry":{"type":"Polygon","coordinates":[[[103.7447093,1.3927291],[103.7450358,1.3932521],[103.7448033,1.3933991],[103.7444768,1.3928761],[103.7447093,1.3927291]]]}},{"type":"Feature","properties":{"type":"HDB"},"geometry":{"type":"Polygon","coordinates":[[[103.7434274,1.3935476],[103.7434299,1.3935516],[103.7433845,1.3935803],[103.7433511,1.3935268],[103.7433604,1.3935211],[103.7433451,1.3934967],[103.743336,1.3935025],[103.7433268,1.3934878],[103.7433402,1.3934793],[103.7433089,1.3934291],[103.7432953,1.3934374],[103.7432445,1.393356],[103.7433327,1.3933001],[103.7434224,1.3934437],[103.7437245,1.3932527],[103.7437152,1.3932378],[103.7437707,1.3932027],[103.7438568,1.3933405],[103.7438012,1.3933756],[103.7437802,1.3933419],[103.7436865,1.3934011],[103.7436801,1.3933913],[103.7436511,1.3934096],[103.7436573,1.3934196],[103.7435827,1.3934667],[103.743559,1.3934283],[103.7435387,1.3934412],[103.7435979,1.3935362],[103.7435203,1.3935853],[103.7434613,1.3934908],[103.7434411,1.3935036],[103.7434594,1.393533],[103.7434429,1.3935434],[103.7434404,1.3935394],[103.7434274,1.3935476]]]}},{"type":"Feature","properties":{"type":"HDB"},"geometry":{"type":"Polygon","coordinates":[[[103.7451539,1.3934412],[103.744765,1.393687],[103.744777,1.3937062],[103.7446948,1.3937581],[103.7446376,1.3936666],[103.7446753,1.3936473],[103.7446585,1.3936205],[103.7446418,1.3936311],[103.7446438,1.3936342],[103.7446248,1.393646],[103.7445014,1.3934484],[103.7445377,1.3934294],[103.744521,1.3934026],[103.7445053,1.3934126],[103.7445071,1.3934155],[103.7444884,1.3934275],[103.7444314,1.3933362],[103.7445136,1.3932843],[103.7447043,1.3935898],[103.744728,1.3935748],[103.7447383,1.3935912],[103.7447669,1.3935732],[103.7447595,1.3935614],[103.7447983,1.3935369],[103.7447952,1.3935323],[103.7448204,1.3935164],[103.7448232,1.393521],[103.7448526,1.3935024],[103.7448495,1.393498],[103.7448748,1.393482],[103.7448775,1.3934863],[103.7449526,1.3934389],[103.7449496,1.3934347],[103.7449744,1.393419],[103.7449773,1.3934236],[103.7450296,1.3933905],[103.7450268,1.3933859],[103.7450519,1.3933701],[103.7450543,1.393374],[103.7450677,1.3933655],[103.7450653,1.3933615],[103.7450932,1.3933439],[103.7451217,1.3933897],[103.7451073,1.3933987],[103.7451188,1.393417],[103.7451332,1.3934081],[103.7451539,1.3934412]]]}},{"type":"Feature","properties":{"type":"HDB"},"geometry":{"type":"Polygon","coordinates":[[[103.7423946,1.3938497],[103.742338,1.393759],[103.742374,1.3937396],[103.7423541,1.3937077],[103.7423209,1.3937316],[103.7422641,1.3936406],[103.7423433,1.3935906],[103.7424238,1.3937196],[103.7427694,1.3935011],[103.7426798,1.3933575],[103.7427681,1.3933017],[103.7428192,1.3933836],[103.742806,1.3933922],[103.7428372,1.3934422],[103.7428505,1.3934338],[103.7428596,1.3934483],[103.742851,1.393454],[103.742866,1.393478],[103.7428747,1.3934725],[103.7429081,1.3935261],[103.7428629,1.3935547],[103.7428604,1.3935508],[103.7428476,1.393559],[103.74285,1.3935628],[103.7428331,1.3935735],[103.7428147,1.3935442],[103.7427947,1.3935569],[103.7428536,1.3936513],[103.742776,1.3937004],[103.7427171,1.393606],[103.742697,1.3936187],[103.7427148,1.3936473],[103.7426228,1.3937054],[103.7426036,1.3936694],[103.7425703,1.3936905],[103.7425942,1.3937235],[103.7423946,1.3938497]]]}},{"type":"Feature","properties":{"type":"HDB"},"geometry":{"type":"Polygon","coordinates":[[[103.7454391,1.3937504],[103.7453474,1.3935996],[103.7453941,1.3935708],[103.7453493,1.393497],[103.7454112,1.3934588],[103.7454628,1.3935438],[103.7454715,1.3935384],[103.7455564,1.3936782],[103.7454391,1.3937504]]]}},{"type":"Feature","properties":{"type":"HDB"},"geometry":{"type":"Polygon","coordinates":[[[103.7454391,1.3937504],[103.7453474,1.3935996],[103.7453941,1.3935708],[103.7453493,1.393497],[103.7454112,1.3934588],[103.7454628,1.3935438],[103.7454715,1.3935384],[103.7455564,1.3936782],[103.7454391,1.3937504]]]}},{"type":"Feature","properties":{"type":"HDB"},"geometry":{"type":"Polygon","coordinates":[[[103.7443247,1.3938363],[103.744332,1.3938481],[103.7443606,1.39383],[103.7443503,1.3938136],[103.744374,1.3937986],[103.7441833,1.3934931],[103.7442655,1.3934411],[103.7443225,1.3935324],[103.7443036,1.3935442],[103.7443017,1.3935412],[103.744286,1.3935511],[103.7443027,1.3935779],[103.7443355,1.3935533],[103.7444589,1.3937509],[103.74444,1.393763],[103.7444381,1.3937599],[103.7444214,1.3937704],[103.7444382,1.3937972],[103.7444718,1.3937715],[103.7445289,1.393863],[103.7444467,1.393915],[103.7444347,1.3938958],[103.7440459,1.3941416],[103.7440252,1.3941085],[103.7440395,1.3940993],[103.7440281,1.394081],[103.7440137,1.3940901],[103.7439851,1.3940444],[103.744013,1.3940268],[103.7440155,1.3940307],[103.7440289,1.3940222],[103.7440265,1.3940183],[103.7440515,1.3940024],[103.7440544,1.3940069],[103.7441067,1.3939739],[103.7441039,1.3939693],[103.7441288,1.3939536],[103.7441312,1.3939581],[103.7442062,1.3939107],[103.7442035,1.3939063],[103.7442289,1.3938903],[103.7442315,1.3938951],[103.7442609,1.3938765],[103.744258,1.3938719],[103.7442831,1.393856],[103.7442859,1.3938608],[103.7443247,1.3938363]]]}},{"type":"Feature","properties":{"type":"HDB"},"geometry":{"type":"Polygon","coordinates":[[[103.745102,1.3939636],[103.7451097,1.3939763],[103.7450807,1.3939942],[103.7450603,1.3939607],[103.7450629,1.3939591],[103.7450579,1.3939509],[103.7450486,1.3939566],[103.7450336,1.3939318],[103.7450542,1.3939191],[103.7450289,1.3938775],[103.7450135,1.393887],[103.7450008,1.3938661],[103.7450062,1.3938627],[103.7449972,1.3938478],[103.7449865,1.3938543],[103.7449727,1.3938316],[103.7450251,1.3937993],[103.745029,1.3938056],[103.745048,1.3937939],[103.745054,1.3938037],[103.7450843,1.3937851],[103.745076,1.3937713],[103.7451021,1.3937552],[103.7451087,1.3937661],[103.7451519,1.3937395],[103.7451441,1.3937267],[103.7451713,1.3937099],[103.7451852,1.3937329],[103.745175,1.3937391],[103.7451834,1.3937529],[103.7451896,1.393749],[103.7451993,1.393765],[103.7452036,1.3937624],[103.7452069,1.3937679],[103.7452208,1.3937594],[103.7452103,1.3937379],[103.7452173,1.3937336],[103.7452085,1.393719],[103.7451997,1.3937244],[103.7451864,1.3937025],[103.7452122,1.3936866],[103.7452178,1.3936958],[103.7452568,1.3936718],[103.7452511,1.3936624],[103.7452774,1.3936462],[103.7452711,1.3936358],[103.7453171,1.3936076],[103.7453462,1.3936556],[103.7453282,1.3936666],[103.7453389,1.3936842],[103.7453064,1.3937042],[103.7453159,1.3937197],[103.7453444,1.3937022],[103.7453562,1.3937216],[103.7453799,1.393707],[103.7453958,1.3937332],[103.7453772,1.3937446],[103.7453814,1.3937514],[103.7453917,1.3937451],[103.7454142,1.3937821],[103.7453879,1.3937982],[103.7453797,1.3937846],[103.7453587,1.3937975],[103.7453535,1.3937889],[103.7453032,1.3938199],[103.7453097,1.3938305],[103.7452895,1.3938429],[103.7452961,1.3938538],[103.7452639,1.3938736],[103.745244,1.3938408],[103.7452502,1.393837],[103.7452465,1.3938309],[103.7452365,1.3938371],[103.7452195,1.3938091],[103.745243,1.3937946],[103.7452315,1.3937756],[103.7451714,1.3938126],[103.7451854,1.3938356],[103.7452069,1.3938223],[103.7452217,1.3938467],[103.7452163,1.3938501],[103.7452208,1.3938574],[103.7452246,1.3938551],[103.7452461,1.3938906],[103.7452157,1.3939093],[103.7452088,1.393898],[103.7451876,1.393911],[103.7451809,1.3939001],[103.7451165,1.3939398],[103.7451231,1.3939506],[103.745102,1.3939636]]]}},{"type":"Feature","properties":{"type":"HDB"},"geometry":{"type":"Polygon","coordinates":[[[103.745102,1.3939636],[103.7451097,1.3939763],[103.7450807,1.3939942],[103.7450603,1.3939607],[103.7450629,1.3939591],[103.7450579,1.3939509],[103.7450486,1.3939566],[103.7450336,1.3939318],[103.7450542,1.3939191],[103.7450289,1.3938775],[103.7450135,1.393887],[103.7450008,1.3938661],[103.7450062,1.3938627],[103.7449972,1.3938478],[103.7449865,1.3938543],[103.7449727,1.3938316],[103.7450251,1.3937993],[103.745029,1.3938056],[103.745048,1.3937939],[103.745054,1.3938037],[103.7450843,1.3937851],[103.745076,1.3937713],[103.7451021,1.3937552],[103.7451087,1.3937661],[103.7451519,1.3937395],[103.7451441,1.3937267],[103.7451713,1.3937099],[103.7451852,1.3937329],[103.745175,1.3937391],[103.7451834,1.3937529],[103.7451896,1.393749],[103.7451993,1.393765],[103.7452036,1.3937624],[103.7452069,1.3937679],[103.7452208,1.3937594],[103.7452103,1.3937379],[103.7452173,1.3937336],[103.7452085,1.393719],[103.7451997,1.3937244],[103.7451864,1.3937025],[103.7452122,1.3936866],[103.7452178,1.3936958],[103.7452568,1.3936718],[103.7452511,1.3936624],[103.7452774,1.3936462],[103.7452711,1.3936358],[103.7453171,1.3936076],[103.7453462,1.3936556],[103.7453282,1.3936666],[103.7453389,1.3936842],[103.7453064,1.3937042],[103.7453159,1.3937197],[103.7453444,1.3937022],[103.7453562,1.3937216],[103.7453799,1.393707],[103.7453958,1.3937332],[103.7453772,1.3937446],[103.7453814,1.3937514],[103.7453917,1.3937451],[103.7454142,1.3937821],[103.7453879,1.3937982],[103.7453797,1.3937846],[103.7453587,1.3937975],[103.7453535,1.3937889],[103.7453032,1.3938199],[103.7453097,1.3938305],[103.7452895,1.3938429],[103.7452961,1.3938538],[103.7452639,1.3938736],[103.745244,1.3938408],[103.7452502,1.393837],[103.7452465,1.3938309],[103.7452365,1.3938371],[103.7452195,1.3938091],[103.745243,1.3937946],[103.7452315,1.3937756],[103.7451714,1.3938126],[103.7451854,1.3938356],[103.7452069,1.3938223],[103.7452217,1.3938467],[103.7452163,1.3938501],[103.7452208,1.3938574],[103.7452246,1.3938551],[103.7452461,1.3938906],[103.7452157,1.3939093],[103.7452088,1.393898],[103.7451876,1.393911],[103.7451809,1.3939001],[103.7451165,1.3939398],[103.7451231,1.3939506],[103.745102,1.3939636]]]}},{"type":"Feature","properties":{"type":"HDB"},"geometry":{"type":"Polygon","coordinates":[[[103.7546446,1.388062],[103.7546601,1.3880339],[103.754699,1.3880556],[103.754919,1.3876561],[103.7550025,1.3875164],[103.7552262,1.3872332],[103.7552052,1.3872163],[103.7552144,1.3872046],[103.7552007,1.3871937],[103.7552348,1.3871505],[103.7552696,1.3871784],[103.7552738,1.387173],[103.7552597,1.3871419],[103.7552545,1.3871016],[103.7552623,1.3870624],[103.755282,1.3870276],[103.7552988,1.3870104],[103.7553164,1.3869979],[103.7553346,1.3869893],[103.7553689,1.3869816],[103.7554038,1.3869839],[103.7554246,1.3869902],[103.7554587,1.3870109],[103.7554752,1.387028],[103.7554878,1.3870473],[103.755497,1.3870695],[103.7555018,1.3870933],[103.7554993,1.3871338],[103.7554856,1.3871688],[103.7551361,1.387612],[103.7550607,1.3877384],[103.7547621,1.3882816],[103.7547476,1.3882996],[103.7547311,1.388314],[103.7547082,1.388327],[103.7546861,1.3883343],[103.7546606,1.3883374],[103.7546244,1.3883325],[103.7546061,1.3883256],[103.7545748,1.3883045],[103.7545513,1.3882749],[103.7545415,1.3882534],[103.7545355,1.3882261],[103.7545354,1.3881998],[103.7545414,1.3881722],[103.754553,1.3881474],[103.7545688,1.3881267],[103.7545868,1.3881109],[103.7546073,1.388099],[103.7546301,1.3880912],[103.7546503,1.3880881],[103.7546802,1.3880897],[103.7546835,1.3880837],[103.7546446,1.388062]]]}},{"type":"Feature","properties":{"type":"HDB"},"geometry":{"type":"Polygon","coordinates":[[[103.7543848,1.387767],[103.7545859,1.3876501],[103.7546082,1.3876889],[103.7545952,1.3876965],[103.7546026,1.3877094],[103.754599,1.3877114],[103.7546035,1.3877193],[103.7545833,1.387731],[103.7545902,1.3877432],[103.7545566,1.3877627],[103.7545602,1.387769],[103.7545567,1.387771],[103.7545592,1.3877753],[103.754547,1.3877824],[103.7545445,1.3877781],[103.7545182,1.3877934],[103.754534,1.387821],[103.7545765,1.3877971],[103.754584,1.38781],[103.7546033,1.3877988],[103.7546073,1.3878058],[103.7546093,1.3878047],[103.7546389,1.3878564],[103.7545621,1.387901],[103.7545583,1.3878946],[103.7545404,1.387905],[103.7545442,1.3879114],[103.7544673,1.3879561],[103.7544377,1.3879044],[103.7544396,1.3879033],[103.7544356,1.3878962],[103.7544549,1.387885],[103.754449,1.3878748],[103.7543293,1.3879444],[103.7543365,1.3879569],[103.754349,1.3879497],[103.7543526,1.3879559],[103.7543862,1.3879364],[103.7543931,1.3879485],[103.7544134,1.3879368],[103.7544179,1.3879446],[103.7544214,1.3879426],[103.7544288,1.3879555],[103.7544419,1.3879479],[103.7544641,1.3879867],[103.7543625,1.3880457],[103.75436,1.3880412],[103.7543421,1.3880516],[103.7543453,1.3880573],[103.7543243,1.3880695],[103.7543315,1.388082],[103.7543027,1.3880987],[103.7542948,1.388085],[103.7541952,1.3881429],[103.754173,1.3881041],[103.754186,1.3880965],[103.7541786,1.3880836],[103.7541822,1.3880816],[103.7541777,1.3880737],[103.7541979,1.388062],[103.7541909,1.3880498],[103.7542245,1.3880303],[103.754221,1.388024],[103.7542245,1.388022],[103.7542229,1.3880193],[103.7542279,1.3880163],[103.7542295,1.3880191],[103.754319,1.3879671],[103.7542941,1.3879236],[103.7542606,1.387943],[103.7542622,1.3879458],[103.7542571,1.3879487],[103.7542556,1.387946],[103.7542521,1.387948],[103.7542485,1.3879418],[103.7542148,1.3879613],[103.7542079,1.3879491],[103.7541876,1.3879609],[103.7541831,1.3879531],[103.7541796,1.3879551],[103.7541722,1.3879422],[103.7541592,1.3879498],[103.7541369,1.387911],[103.7543381,1.3877941],[103.7543603,1.3878329],[103.7543473,1.3878405],[103.7543547,1.3878534],[103.7543512,1.3878554],[103.7543557,1.3878633],[103.754335,1.3878753],[103.7543424,1.3878872],[103.7543088,1.3879067],[103.7543175,1.387922],[103.754329,1.3879153],[103.7543314,1.3879196],[103.7545037,1.3878196],[103.7545017,1.3878171],[103.7545068,1.3878141],[103.7544963,1.3877977],[103.7544627,1.3878173],[103.7544561,1.3878049],[103.7544355,1.3878169],[103.754431,1.3878091],[103.7544275,1.3878111],[103.7544201,1.3877982],[103.754407,1.3878058],[103.7543848,1.387767]]]}},{"type":"Feature","properties":{"type":"HDB"},"geometry":{"type":"Polygon","coordinates":[[[103.7476599,1.3922805],[103.7477664,1.3922905],[103.7477631,1.3923256],[103.7477855,1.3923277],[103.747797,1.3922039],[103.7478901,1.3922127],[103.74788,1.3923216],[103.747903,1.3923238],[103.7479062,1.3922886],[103.747924,1.3922903],[103.7479235,1.3922961],[103.7479395,1.3922976],[103.7479401,1.3922918],[103.7479924,1.3922967],[103.7479822,1.3924062],[103.7479734,1.3924054],[103.7479701,1.3924408],[103.747979,1.3924416],[103.7479598,1.3926479],[103.7478543,1.392638],[103.7478562,1.3926168],[103.7478437,1.3926157],[103.7478411,1.3926432],[103.7477919,1.3926385],[103.7477927,1.3926305],[103.7477767,1.392629],[103.747776,1.392637],[103.7477427,1.3926339],[103.7477479,1.3925775],[103.747758,1.3925785],[103.7477597,1.3925595],[103.7477497,1.3925586],[103.7477536,1.3925169],[103.7478681,1.3925276],[103.7478781,1.3924195],[103.7477511,1.3924076],[103.7477524,1.3923927],[103.7476504,1.3923832],[103.7476599,1.3922805]]]}},{"type":"Feature","properties":{"type":"HDB"},"geometry":{"type":"Polygon","coordinates":[[[103.7485967,1.3927021],[103.7485486,1.3926946],[103.7485551,1.3926526],[103.748508,1.3926453],[103.7484987,1.392706],[103.7484641,1.3927006],[103.748467,1.3926818],[103.7484333,1.3926766],[103.7484378,1.392647],[103.7484289,1.3926456],[103.7484371,1.3925922],[103.7484461,1.3925936],[103.7484509,1.3925623],[103.7484598,1.3925637],[103.7484636,1.3925395],[103.7484546,1.3925381],[103.7484592,1.3925078],[103.7484503,1.3925064],[103.7484594,1.3924473],[103.7484693,1.3924488],[103.7484719,1.3924319],[103.7484946,1.3924354],[103.7484951,1.392432],[103.7485803,1.3923695],[103.7485835,1.39237],[103.7485871,1.3923469],[103.7486039,1.3923496],[103.7486054,1.3923397],[103.7486642,1.392349],[103.7486628,1.392358],[103.7486929,1.3923627],[103.7486915,1.3923716],[103.7487155,1.3923754],[103.7487169,1.3923664],[103.7487479,1.3923712],[103.7487493,1.3923621],[103.7488026,1.3923705],[103.7488012,1.3923794],[103.7488307,1.3923839],[103.7488255,1.3924179],[103.7488441,1.3924208],[103.7488386,1.3924557],[103.748778,1.3924463],[103.7487707,1.3924937],[103.7488127,1.3925003],[103.7488053,1.3925485],[103.7487758,1.3925439],[103.7487714,1.3925724],[103.7487181,1.3925641],[103.7487225,1.3925355],[103.7486903,1.3925305],[103.7487018,1.3924554],[103.7486115,1.3924413],[103.7486007,1.3924492],[103.7486162,1.3924701],[103.7485797,1.392497],[103.7485644,1.392476],[103.7485539,1.3924836],[103.7485398,1.3925747],[103.7486145,1.3925863],[103.7486094,1.392619],[103.7486378,1.3926235],[103.7486296,1.392677],[103.7486013,1.3926726],[103.7485967,1.3927021]]]}},{"type":"Feature","properties":{"type":"HDB"},"geometry":{"type":"Polygon","coordinates":[[[103.7488552,1.3927022],[103.7488973,1.3924292],[103.7494345,1.392513],[103.7493924,1.392786],[103.7488552,1.3927022]]]}},{"type":"Feature","properties":{"type":"HDB"},"geometry":{"type":"Polygon","coordinates":[[[103.746496,1.3926297],[103.7470893,1.3926853],[103.7470795,1.3927909],[103.7470902,1.3927919],[103.7470843,1.3928558],[103.7470735,1.3928548],[103.7470638,1.3929604],[103.7465755,1.3929146],[103.7464953,1.3929747],[103.7464324,1.3928896],[103.7464238,1.3928961],[103.7463857,1.3928446],[103.7463943,1.3928382],[103.7463314,1.3927531],[103.746496,1.3926297]]]}},{"type":"Feature","properties":{"type":"HDB"},"geometry":{"type":"Polygon","coordinates":[[[103.7497973,1.3932257],[103.7498475,1.3928996],[103.7498652,1.3929024],[103.7498754,1.392836],[103.7498678,1.3928252],[103.7498468,1.3928405],[103.7498202,1.392804],[103.749841,1.3927886],[103.7498333,1.3927779],[103.7497677,1.3927677],[103.7497649,1.3927856],[103.7496505,1.3927677],[103.7496409,1.3928306],[103.7496092,1.3928256],[103.749606,1.3928486],[103.749552,1.3928402],[103.749556,1.3928115],[103.7495267,1.3928069],[103.7495342,1.3927587],[103.7495744,1.3927649],[103.7495811,1.3927175],[103.7495201,1.392708],[103.7495255,1.3926731],[103.7495444,1.3926762],[103.7495493,1.392642],[103.7495792,1.3926465],[103.7495803,1.3926378],[103.7496345,1.3926462],[103.749631,1.3926712],[103.7496766,1.3926783],[103.7496804,1.3926534],[103.7497572,1.3926653],[103.7497557,1.3926744],[103.7498097,1.3926826],[103.749811,1.3926738],[103.7498693,1.3926829],[103.7498681,1.3926916],[103.749885,1.3926942],[103.7498814,1.3927176],[103.7498842,1.392718],[103.7499471,1.392808],[103.74997,1.3928118],[103.7499674,1.3928287],[103.7499764,1.3928301],[103.7499673,1.3928891],[103.7499583,1.3928876],[103.7499535,1.3929181],[103.7499377,1.3929155],[103.7499317,1.3929548],[103.7499566,1.3929589],[103.7499331,1.3931116],[103.7499081,1.3931077],[103.749902,1.393147],[103.749927,1.3931509],[103.7499152,1.3932277],[103.7498958,1.3932247],[103.7498933,1.3932407],[103.7497973,1.3932257]]]}},{"type":"Feature","properties":{"type":"HDB"},"geometry":{"type":"Polygon","coordinates":[[[103.7486272,1.3931547],[103.7485963,1.3931499],[103.7485976,1.3931409],[103.7485736,1.3931372],[103.7485722,1.3931461],[103.7485422,1.3931414],[103.7485408,1.3931503],[103.748482,1.3931413],[103.7484835,1.3931315],[103.7484667,1.3931288],[103.7484702,1.3931058],[103.748467,1.3931052],[103.7484046,1.3930197],[103.7484052,1.3930164],[103.7483825,1.3930128],[103.7483851,1.3929958],[103.7483752,1.3929943],[103.7483843,1.3929352],[103.7483932,1.3929366],[103.7483979,1.3929062],[103.7484069,1.3929076],[103.7484106,1.3928835],[103.7484017,1.3928821],[103.7484065,1.3928507],[103.7483975,1.3928493],[103.7484057,1.3927959],[103.7484147,1.3927973],[103.7484193,1.3927678],[103.7484529,1.3927731],[103.7484558,1.3927542],[103.7484904,1.3927596],[103.7484811,1.3928204],[103.7485281,1.3928277],[103.7485346,1.3927858],[103.7485827,1.3927933],[103.7485781,1.3928228],[103.7486064,1.3928272],[103.7485982,1.3928807],[103.7485698,1.3928763],[103.7485648,1.392909],[103.7484901,1.3928973],[103.7484761,1.3929885],[103.7484839,1.3929989],[103.7485048,1.3929835],[103.7485314,1.3930203],[103.7485104,1.3930355],[103.7485183,1.3930464],[103.7486087,1.3930604],[103.7486202,1.3929853],[103.7486525,1.3929903],[103.7486569,1.3929618],[103.7487102,1.3929701],[103.7487058,1.3929987],[103.7487352,1.3930032],[103.7487278,1.3930514],[103.7486858,1.3930449],[103.7486785,1.3930923],[103.7487391,1.3931018],[103.7487338,1.3931367],[103.7487152,1.3931338],[103.74871,1.3931678],[103.7486805,1.3931632],[103.7486791,1.3931721],[103.7486258,1.3931638],[103.7486272,1.3931547]]]}},{"type":"Feature","properties":{"type":"HDB"},"geometry":{"type":"Polygon","coordinates":[[[103.7475194,1.3932124],[103.747413,1.3932024],[103.7474163,1.3931673],[103.7473938,1.3931652],[103.7473824,1.393289],[103.7472893,1.3932803],[103.7472994,1.3931714],[103.7472764,1.3931692],[103.7472731,1.3932043],[103.7472554,1.3932026],[103.7472559,1.3931968],[103.7472398,1.3931953],[103.7472393,1.3932011],[103.747187,1.3931962],[103.7471971,1.3930867],[103.747206,1.3930875],[103.7472093,1.3930522],[103.7472004,1.3930513],[103.7472196,1.392845],[103.7473251,1.392855],[103.7473232,1.3928761],[103.7473357,1.3928772],[103.7473383,1.3928498],[103.7473875,1.3928544],[103.7473867,1.3928624],[103.7474027,1.3928639],[103.7474035,1.3928559],[103.7474367,1.3928591],[103.7474314,1.3929154],[103.7474214,1.3929144],[103.7474197,1.3929335],[103.7474297,1.3929344],[103.7474258,1.3929761],[103.7473113,1.3929654],[103.7473013,1.3930734],[103.7474283,1.3930853],[103.7474269,1.3931002],[103.747529,1.3931098],[103.7475194,1.3932124]]]}},{"type":"Feature","properties":{"type":"HDB"},"geometry":{"type":"Polygon","coordinates":[[[103.7478131,1.3931214],[103.7478231,1.3930134],[103.7477086,1.3930026],[103.7477125,1.3929609],[103.7477225,1.3929618],[103.7477243,1.3929428],[103.7477143,1.3929419],[103.7477195,1.3928855],[103.7477527,1.3928887],[103.747752,1.3928966],[103.747768,1.3928981],[103.7477687,1.3928901],[103.7478179,1.3928948],[103.7478154,1.3929222],[103.7478279,1.3929234],[103.7478299,1.3929023],[103.7479354,1.3929121],[103.7479163,1.3931185],[103.7479074,1.3931177],[103.7479042,1.393153],[103.747913,1.3931538],[103.7479028,1.3932633],[103.7478505,1.3932584],[103.7478511,1.3932527],[103.747835,1.3932511],[103.7478345,1.3932569],[103.7478167,1.3932553],[103.7478199,1.3932201],[103.7477969,1.393218],[103.7477868,1.3933269],[103.7476938,1.3933182],[103.7477052,1.3931944],[103.7476829,1.3931923],[103.7476796,1.3932274],[103.7475731,1.3932174],[103.7475827,1.3931148],[103.7476847,1.3931243],[103.7476861,1.3931094],[103.7478131,1.3931214]]]}},{"type":"Feature","properties":{"type":"HDB"},"geometry":{"type":"Polygon","coordinates":[[[103.748844,1.3930797],[103.7492275,1.3931396],[103.7492402,1.393131],[103.7492546,1.3931298],[103.7492668,1.3931346],[103.7492775,1.3931474],[103.7492832,1.3931482],[103.7492941,1.3930776],[103.7494086,1.3930955],[103.7494018,1.3931395],[103.7494134,1.3931413],[103.7494088,1.3931708],[103.7493697,1.3931647],[103.7493547,1.393262],[103.7493938,1.3932681],[103.7493893,1.3932975],[103.7493775,1.3932956],[103.7493708,1.3933394],[103.7492565,1.3933216],[103.7492683,1.3932453],[103.7492523,1.3932489],[103.7492439,1.3932416],[103.7492087,1.3932361],[103.7492059,1.3932542],[103.7487962,1.3931903],[103.7488114,1.3930912],[103.7488415,1.3930959],[103.748844,1.3930797]]]}},{"type":"Feature","properties":{"type":"HDB"},"geometry":{"type":"Polygon","coordinates":[[[103.7468084,1.3930901],[103.7468387,1.3930675],[103.746849,1.3930814],[103.7468582,1.3930745],[103.7469222,1.3930805],[103.7469231,1.3930706],[103.7470525,1.3930828],[103.7470432,1.3931827],[103.7470138,1.3931798],[103.7470123,1.3931962],[103.7468838,1.3931841],[103.7465224,1.3934551],[103.7465127,1.393442],[103.7464888,1.39346],[103.7464292,1.3933795],[103.7465333,1.3933014],[103.7465403,1.3933108],[103.7465583,1.3932974],[103.7465513,1.393288],[103.7468108,1.3930934],[103.7468084,1.3930901]]]}},{"type":"Feature","properties":{"type":"HDB"},"geometry":{"type":"Polygon","coordinates":[[[103.7461299,1.3932286],[103.7461054,1.393247],[103.7460844,1.3932187],[103.7460791,1.3932225],[103.7460447,1.393176],[103.7461391,1.3931052],[103.7461472,1.3931163],[103.7461969,1.393079],[103.7461888,1.393068],[103.7462667,1.3930096],[103.7463316,1.3930974],[103.7461943,1.3932004],[103.7461991,1.3932069],[103.7462127,1.3931967],[103.7462656,1.3932682],[103.7462682,1.3932664],[103.7462863,1.3932909],[103.7462584,1.3933118],[103.7464027,1.393507],[103.7463898,1.3935167],[103.7464077,1.393541],[103.7463277,1.3936009],[103.746288,1.3935473],[103.7463082,1.3935322],[103.7461828,1.3933626],[103.7462124,1.3933405],[103.7461987,1.3933221],[103.7461289,1.3933744],[103.7461402,1.3933897],[103.7461163,1.3934076],[103.7460898,1.3933718],[103.7460769,1.3933815],[103.746056,1.3933533],[103.746069,1.3933435],[103.7460423,1.3933075],[103.7460663,1.3932896],[103.7460743,1.3933005],[103.7461443,1.393248],[103.7461299,1.3932286]]]}},{"type":"Feature","properties":{"type":"HDB"},"geometry":{"type":"Polygon","coordinates":[[[103.7497972,1.3932259],[103.7498933,1.3932409],[103.7498908,1.3932571],[103.7499102,1.3932601],[103.7498867,1.3934126],[103.7498617,1.3934089],[103.7498556,1.3934482],[103.7498716,1.3934505],[103.7498669,1.393481],[103.749876,1.3934824],[103.7498669,1.3935414],[103.7498577,1.3935399],[103.7498552,1.393557],[103.7498321,1.3935535],[103.7498288,1.3935593],[103.7498079,1.3935748],[103.7497492,1.393618],[103.7497427,1.3936195],[103.749739,1.3936429],[103.7497222,1.3936403],[103.7497208,1.3936491],[103.7495237,1.3936184],[103.749525,1.39361],[103.7494958,1.393605],[103.749501,1.3935708],[103.7494823,1.3935679],[103.7494877,1.3935331],[103.7495471,1.3935423],[103.7495545,1.3934949],[103.7495136,1.3934886],[103.749521,1.3934405],[103.7495504,1.3934449],[103.7495547,1.3934164],[103.7496079,1.3934247],[103.7496036,1.3934532],[103.749636,1.3934583],[103.7496244,1.3935334],[103.7497148,1.3935475],[103.7497254,1.3935397],[103.7497102,1.3935186],[103.7497465,1.3934919],[103.7497617,1.3935128],[103.7497724,1.3935049],[103.7497824,1.3934387],[103.7497649,1.3934358],[103.7497972,1.3932259]]]}},{"type":"Feature","properties":{"type":"HDB"},"geometry":{"type":"Polygon","coordinates":[[[103.7493172,1.3940726],[103.7492702,1.3940653],[103.749261,1.3941252],[103.7492264,1.3941198],[103.7492293,1.3941009],[103.7491955,1.3940957],[103.7492,1.3940663],[103.7491911,1.3940649],[103.7491994,1.3940112],[103.7492084,1.3940126],[103.7492133,1.3939805],[103.7492222,1.3939819],[103.7492256,1.3939596],[103.7492167,1.3939582],[103.7492215,1.3939268],[103.7492126,1.3939254],[103.7492217,1.3938663],[103.7492307,1.3938677],[103.7492332,1.393851],[103.7492563,1.3938546],[103.749346,1.3937885],[103.7493496,1.3937652],[103.7493664,1.3937678],[103.7493677,1.3937589],[103.7494264,1.393768],[103.749425,1.393777],[103.7494561,1.3937818],[103.7494547,1.3937907],[103.7494767,1.3937942],[103.7494781,1.3937852],[103.7495102,1.3937903],[103.7495116,1.3937813],[103.7495649,1.3937896],[103.7495635,1.3937986],[103.749593,1.3938032],[103.7495878,1.3938374],[103.7496062,1.3938403],[103.7496009,1.3938749],[103.7495414,1.3938655],[103.749534,1.3939132],[103.7495749,1.3939196],[103.7495675,1.3939678],[103.7495384,1.3939632],[103.749534,1.3939916],[103.7494807,1.3939833],[103.7494851,1.3939548],[103.7494525,1.3939497],[103.7494641,1.3938746],[103.7493742,1.3938605],[103.7493633,1.3938686],[103.7493788,1.3938898],[103.7493423,1.3939166],[103.7493269,1.3938954],[103.749316,1.3939034],[103.7493021,1.3939939],[103.7493767,1.3940055],[103.7493717,1.3940383],[103.7494,1.3940427],[103.7493918,1.3940962],[103.7493635,1.3940918],[103.7493589,1.3941213],[103.7493109,1.3941138],[103.7493172,1.3940726]]]}},{"type":"Feature","properties":{"type":"HDB"},"geometry":{"type":"Polygon","coordinates":[[[103.7498179,1.3941605],[103.7498126,1.3941596],[103.7498017,1.3942302],[103.7496881,1.3942125],[103.7496949,1.3941689],[103.7496824,1.394167],[103.7496869,1.3941374],[103.7497265,1.3941436],[103.7497415,1.3940461],[103.7497019,1.39404],[103.7497065,1.3940103],[103.749719,1.3940122],[103.7497258,1.3939685],[103.7498393,1.3939862],[103.7498275,1.3940627],[103.7498853,1.3940717],[103.7498881,1.3940533],[103.7502996,1.3941175],[103.7502844,1.3942166],[103.750255,1.394212],[103.7502525,1.3942282],[103.7498677,1.3941682],[103.7498567,1.3941728],[103.7498433,1.3941736],[103.7498301,1.3941698],[103.7498179,1.3941605]]]}},{"type":"Feature","properties":{"type":"HDB"},"geometry":{"type":"Polygon","coordinates":[[[103.7505644,1.3944804],[103.7505581,1.3945215],[103.75051,1.394514],[103.7505146,1.3944845],[103.7504862,1.3944801],[103.7504945,1.3944266],[103.7505228,1.3944311],[103.7505279,1.3943983],[103.7506026,1.3944099],[103.7506164,1.3943194],[103.7506084,1.3943085],[103.7505874,1.3943241],[103.7505607,1.3942874],[103.7505818,1.3942718],[103.7505738,1.3942609],[103.7504839,1.3942469],[103.7504724,1.394322],[103.7504398,1.394317],[103.7504354,1.3943455],[103.7503821,1.3943372],[103.7503864,1.3943088],[103.7503573,1.3943043],[103.7503647,1.3942561],[103.7504057,1.3942624],[103.750413,1.3942147],[103.7503534,1.3942055],[103.7503587,1.3941709],[103.7503772,1.3941738],[103.7503824,1.3941396],[103.7504119,1.3941442],[103.7504133,1.3941352],[103.7504667,1.3941435],[103.7504653,1.3941525],[103.7504974,1.3941575],[103.750496,1.3941664],[103.7505181,1.3941698],[103.7505194,1.394161],[103.7505505,1.3941658],[103.7505519,1.3941568],[103.7506105,1.394166],[103.7506092,1.3941749],[103.7506259,1.3941775],[103.7506223,1.3942008],[103.7506879,1.3942911],[103.750711,1.3942947],[103.7507085,1.3943114],[103.7507174,1.3943128],[103.7507083,1.3943719],[103.7506995,1.3943705],[103.7506946,1.3944019],[103.7506857,1.3944006],[103.7506822,1.3944228],[103.7506911,1.3944242],[103.7506862,1.3944563],[103.7506951,1.3944577],[103.7506869,1.3945114],[103.750678,1.39451],[103.7506735,1.3945394],[103.7506397,1.3945341],[103.7506369,1.394553],[103.7506022,1.3945476],[103.7506114,1.3944877],[103.7505644,1.3944804]]]}},{"type":"Feature","properties":{"type":"HDB"},"geometry":{"type":"Polygon","coordinates":[[[103.7491464,1.3943544],[103.7491553,1.3943558],[103.7491602,1.3943244],[103.7491692,1.3943257],[103.7491726,1.3943035],[103.7491637,1.3943021],[103.7491687,1.39427],[103.7491597,1.3942686],[103.749168,1.3942149],[103.7491769,1.3942163],[103.7491814,1.3941869],[103.7492152,1.3941922],[103.7492181,1.3941734],[103.7492527,1.3941788],[103.7492435,1.3942387],[103.7492905,1.394246],[103.7492968,1.3942049],[103.7493449,1.3942124],[103.7493403,1.3942419],[103.7493687,1.3942463],[103.7493604,1.3942998],[103.749332,1.3942953],[103.749327,1.3943281],[103.7492523,1.3943165],[103.7492384,1.3944069],[103.7492463,1.3944178],[103.7492674,1.3944023],[103.749294,1.394439],[103.7492729,1.3944545],[103.7492809,1.3944655],[103.7493708,1.3944796],[103.7493824,1.3944044],[103.749415,1.3944095],[103.7494194,1.394381],[103.7494727,1.3943894],[103.7494683,1.3944178],[103.7494974,1.3944223],[103.7494899,1.3944705],[103.749449,1.3944641],[103.7494417,1.3945118],[103.7495012,1.3945211],[103.7494959,1.3945556],[103.7494774,1.3945527],[103.7494722,1.3945869],[103.7494427,1.3945823],[103.7494412,1.3945913],[103.7493879,1.3945829],[103.7493893,1.394574],[103.7493572,1.394569],[103.7493586,1.39456],[103.7493365,1.3945566],[103.7493352,1.3945655],[103.7493041,1.3945606],[103.7493027,1.3945696],[103.7492441,1.3945604],[103.7492455,1.3945515],[103.7492287,1.3945489],[103.7492323,1.3945256],[103.7491668,1.3944352],[103.7491437,1.3944316],[103.7491463,1.3944149],[103.7491373,1.3944134],[103.7491464,1.3943544]]]}},{"type":"Feature","properties":{"type":"HDB"},"geometry":{"type":"Polygon","coordinates":[[[103.7497167,1.3943546],[103.7502539,1.3944384],[103.7502119,1.3947114],[103.7496747,1.3946276],[103.7497167,1.3943546]]]}},{"type":"Feature","properties":{"type":"HDB"},"geometry":{"type":"Polygon","coordinates":[[[103.7470411,1.3946366],[103.7470509,1.3946321],[103.7470479,1.3946255],[103.7470724,1.3946142],[103.7470754,1.3946208],[103.7470999,1.3946094],[103.7470969,1.3946028],[103.7471214,1.3945915],[103.7471244,1.3945981],[103.7471342,1.3945936],[103.7471786,1.394691],[103.7473949,1.3945911],[103.7473933,1.3945875],[103.747422,1.3945743],[103.7474235,1.394578],[103.7475217,1.3945326],[103.7475655,1.3946288],[103.7472425,1.3947779],[103.7472386,1.3947694],[103.7472148,1.3947804],[103.7472033,1.3947552],[103.7471437,1.3947827],[103.7471271,1.3947464],[103.7470934,1.3947619],[103.7471301,1.3948368],[103.7471269,1.394838],[103.7471721,1.3949372],[103.7470766,1.3949814],[103.7469736,1.3947553],[103.7470545,1.3947217],[103.7470649,1.3947445],[103.7470875,1.3947341],[103.7470411,1.3946366]]]}},{"type":"Feature","properties":{"type":"HDB"},"geometry":{"type":"Polygon","coordinates":[[[103.7504024,1.3947768],[103.7503908,1.394852],[103.7504807,1.394866],[103.7504916,1.394858],[103.7504762,1.3948368],[103.7505126,1.3948099],[103.7505281,1.3948311],[103.7505389,1.3948231],[103.7505528,1.3947327],[103.7504782,1.394721],[103.7504832,1.3946882],[103.7504548,1.3946838],[103.750463,1.3946304],[103.7504913,1.3946348],[103.7504959,1.3946053],[103.750544,1.3946128],[103.7505376,1.3946539],[103.7505846,1.3946612],[103.7505939,1.3946013],[103.7506285,1.3946067],[103.7506256,1.3946256],[103.7506593,1.3946308],[103.7506548,1.3946602],[103.7506637,1.3946616],[103.7506555,1.3947153],[103.7506465,1.3947139],[103.7506416,1.394746],[103.7506327,1.3947446],[103.7506293,1.3947669],[103.7506382,1.3947683],[103.7506334,1.3947997],[103.7506423,1.3948011],[103.7506332,1.3948602],[103.7506242,1.3948587],[103.7506217,1.3948755],[103.7505986,1.3948719],[103.750509,1.394938],[103.7505054,1.3949614],[103.7504886,1.3949587],[103.7504873,1.3949677],[103.7504286,1.3949585],[103.75043,1.3949495],[103.7503989,1.3949447],[103.7504003,1.3949359],[103.7503782,1.3949324],[103.7503769,1.3949413],[103.7503448,1.3949364],[103.7503434,1.3949453],[103.7502901,1.394937],[103.7502914,1.394928],[103.7502619,1.3949234],[103.7502672,1.3948892],[103.7502487,1.3948864],[103.750254,1.3948518],[103.7503136,1.3948611],[103.7503209,1.3948134],[103.75028,1.394807],[103.7502874,1.3947588],[103.7503165,1.3947634],[103.7503209,1.394735],[103.7503742,1.3947433],[103.7503698,1.3947718],[103.7504024,1.3947768]]]}},{"type":"Feature","properties":{"type":"HDB"},"geometry":{"type":"Polygon","coordinates":[[[103.7476472,1.3946901],[103.747769,1.3946339],[103.747724,1.3945353],[103.7477338,1.3945308],[103.7477308,1.3945242],[103.7477553,1.3945129],[103.7477583,1.3945195],[103.7477828,1.3945081],[103.7477798,1.3945016],[103.7478043,1.3944902],[103.7478073,1.3944968],[103.7478171,1.3944923],[103.7478604,1.3945915],[103.7478831,1.394581],[103.747871,1.394555],[103.7478749,1.3945532],[103.7478769,1.3945565],[103.7479094,1.3945415],[103.7479076,1.3945381],[103.7479506,1.3945183],[103.7481764,1.395014],[103.7481687,1.3950804],[103.7480967,1.3950737],[103.7480895,1.395077],[103.7480477,1.3949853],[103.7480436,1.3949871],[103.7480305,1.3949583],[103.7480352,1.3949561],[103.7478782,1.3946114],[103.7478442,1.3946271],[103.7478617,1.3946657],[103.7477998,1.3946943],[103.7478116,1.3947202],[103.747788,1.394731],[103.7477919,1.3947397],[103.7476911,1.3947863],[103.7476472,1.3946901]]]}},{"type":"Feature","properties":{"type":"HDB"},"geometry":{"type":"Polygon","coordinates":[[[103.7482426,1.3950202],[103.7484833,1.395043],[103.7484933,1.3949362],[103.748504,1.3949372],[103.7485047,1.39493],[103.7485315,1.3949326],[103.7485309,1.3949398],[103.7485577,1.3949423],[103.7485584,1.3949351],[103.7485852,1.3949376],[103.7485845,1.3949448],[103.7485953,1.3949459],[103.7485852,1.3950537],[103.7486087,1.3950559],[103.7486115,1.3950273],[103.7486152,1.3950277],[103.748615,1.3950303],[103.7486507,1.3950337],[103.7486508,1.395031],[103.7486979,1.3950355],[103.7486647,1.3953912],[103.74856,1.3953813],[103.7485701,1.3952733],[103.7485657,1.3952729],[103.7485687,1.3952409],[103.7485731,1.395241],[103.7485882,1.3950796],[103.748552,1.3950762],[103.748548,1.3951181],[103.7484806,1.3951118],[103.748478,1.3951392],[103.7484524,1.3951367],[103.748451,1.3951462],[103.7482328,1.3951256],[103.7482426,1.3950202]]]}},{"type":"Feature","properties":{"type":"HDB"},"geometry":{"type":"Polygon","coordinates":[[[103.7489944,1.3951173],[103.7489662,1.3954196],[103.7488615,1.3954097],[103.7488947,1.395054],[103.748943,1.3950586],[103.7489427,1.3950622],[103.7489817,1.3950658],[103.7489794,1.3950908],[103.7490021,1.3950929],[103.7490122,1.3949853],[103.749023,1.3949861],[103.7490236,1.3949789],[103.7490505,1.3949815],[103.7490498,1.3949887],[103.7490766,1.3949912],[103.7490773,1.394984],[103.7491042,1.3949865],[103.7491035,1.3949937],[103.7491142,1.3949948],[103.7491042,1.3951016],[103.7493449,1.3951243],[103.749335,1.3952297],[103.7491168,1.395209],[103.7491176,1.3952002],[103.7490918,1.3951978],[103.7490944,1.3951701],[103.7490269,1.3951637],[103.7490309,1.3951208],[103.7489944,1.3951173]]]}},{"type":"Feature","properties":{"type":"HDB"},"geometry":{"type":"Polygon","coordinates":[[[103.7474467,1.3950185],[103.7476963,1.3949033],[103.747951,1.3954623],[103.7477014,1.3955775],[103.7474467,1.3950185]]]}},{"type":"Feature","properties":{"type":"HDB"},"geometry":{"type":"Polygon","coordinates":[[[103.7494232,1.3949888],[103.7496965,1.3950146],[103.7496457,1.3955594],[103.7493723,1.3955336],[103.7494232,1.3949888]]]}},{"type":"Feature","properties":{"type":"HDB"},"geometry":{"type":"Polygon","coordinates":[[[103.7480451,1.3954736],[103.7479552,1.3952763],[103.7482129,1.3953006],[103.7482488,1.3953795],[103.7481073,1.3954448],[103.7481468,1.395473],[103.7481331,1.3956134],[103.7478111,1.3955815],[103.7480451,1.3954736]]]}},{"type":"Feature","properties":{"type":"HDB"},"geometry":{"type":"Polygon","coordinates":[[[103.7499301,1.39542],[103.7499262,1.3954623],[103.7498591,1.395456],[103.7498564,1.3954847],[103.7498304,1.3954822],[103.7498296,1.3954905],[103.7497187,1.3954801],[103.7497286,1.3953747],[103.7498619,1.3953873],[103.749872,1.3952792],[103.7498827,1.3952802],[103.7498834,1.395273],[103.7499102,1.3952756],[103.7499095,1.3952828],[103.7499364,1.3952853],[103.7499371,1.3952781],[103.7499639,1.3952806],[103.7499632,1.3952878],[103.749974,1.3952889],[103.7499638,1.3953976],[103.7499872,1.3953999],[103.7499896,1.395374],[103.7500283,1.3953777],[103.7500286,1.395374],[103.7500766,1.3953785],[103.7500434,1.3957342],[103.7499387,1.3957243],[103.7499488,1.395616],[103.7499448,1.3956156],[103.7499478,1.3955843],[103.7499517,1.3955847],[103.7499668,1.3954235],[103.7499301,1.39542]]]}},{"type":"Feature","properties":{"type":"HDB"},"geometry":{"type":"Polygon","coordinates":[[[103.7491772,1.3956109],[103.7490537,1.3955992],[103.7490707,1.3954164],[103.7491942,1.3954281],[103.7491772,1.3956109]]]}},{"type":"Feature","properties":{"type":"HDB"},"geometry":{"type":"Polygon","coordinates":[[[103.746256,1.3956253],[103.7463473,1.3955675],[103.7463754,1.3956124],[103.7463718,1.3956147],[103.7463804,1.3956286],[103.746384,1.3956263],[103.7463941,1.3956424],[103.746353,1.3956685],[103.746366,1.3956893],[103.7464573,1.3956315],[103.7465056,1.3957088],[103.7464256,1.3957594],[103.7464376,1.3957787],[103.7464549,1.3957678],[103.7465112,1.395858],[103.7464259,1.3959119],[103.7463561,1.3958001],[103.746371,1.3957907],[103.7463198,1.3957088],[103.7462019,1.3957834],[103.7462612,1.3958783],[103.7462261,1.3959005],[103.7462199,1.3958904],[103.7462038,1.3959005],[103.7462101,1.3959106],[103.7461637,1.3959399],[103.7461463,1.395912],[103.7461495,1.3959101],[103.7461408,1.3958962],[103.7461377,1.3958982],[103.7461121,1.3958572],[103.7461341,1.3958434],[103.7461269,1.3958319],[103.7461103,1.3958423],[103.7460543,1.3957527],[103.7462262,1.3956441],[103.7462304,1.3956509],[103.7462601,1.3956322],[103.746256,1.3956253]]]}},{"type":"Feature","properties":{"type":"HDB"},"geometry":{"type":"Polygon","coordinates":[[[103.7481667,1.3958335],[103.7481766,1.3957282],[103.7483948,1.3957488],[103.7483944,1.3957584],[103.7484201,1.3957608],[103.7484175,1.3957881],[103.7484849,1.3957945],[103.748481,1.3958365],[103.7485173,1.3958399],[103.7485323,1.3956785],[103.748528,1.3956778],[103.748531,1.3956458],[103.7485353,1.3956462],[103.7485455,1.3955382],[103.7486501,1.3955481],[103.7486169,1.3959038],[103.7485307,1.3958931],[103.748533,1.3958671],[103.7485095,1.3958648],[103.7484994,1.3959726],[103.7484887,1.3959716],[103.748488,1.3959788],[103.7484612,1.3959763],[103.7484619,1.3959691],[103.748435,1.3959666],[103.7484343,1.3959737],[103.7484075,1.3959712],[103.7484082,1.395964],[103.7483974,1.395963],[103.7484074,1.3958563],[103.7481667,1.3958335]]]}},{"type":"Feature","properties":{"type":"HDB"},"geometry":{"type":"Polygon","coordinates":[[[103.7489808,1.396018],[103.7489539,1.3960155],[103.7489532,1.3960227],[103.7489264,1.3960202],[103.7489271,1.396013],[103.7489163,1.3960119],[103.7489264,1.3959043],[103.7489036,1.3959021],[103.7489013,1.395927],[103.7488623,1.3959233],[103.748862,1.3959269],[103.7488137,1.3959224],[103.7488469,1.3955667],[103.7489516,1.3955766],[103.7489233,1.3958789],[103.7489599,1.3958823],[103.7489639,1.3958393],[103.7490313,1.3958457],[103.7490339,1.395818],[103.7490597,1.3958205],[103.7490605,1.3958117],[103.7492788,1.3958323],[103.749269,1.3959376],[103.7490283,1.3959149],[103.7490183,1.3960217],[103.7490076,1.3960206],[103.7490069,1.3960278],[103.7489801,1.3960252],[103.7489808,1.396018]]]}},{"type":"Feature","properties":{"type":"HDB"},"geometry":{"type":"Polygon","coordinates":[[[103.7516494,1.3995423],[103.751728,1.3998301],[103.7509829,1.4000363],[103.7509043,1.3997485],[103.7516494,1.3995423]]]}},{"type":"Feature","properties":{"type":"HDB"},"geometry":{"type":"Polygon","coordinates":[[[103.7513425,1.4000464],[103.7513667,1.4000398],[103.7513713,1.4000567],[103.7513753,1.4000603],[103.7513884,1.4000566],[103.7513833,1.400038],[103.7514481,1.4000201],[103.7514582,1.4000573],[103.7514717,1.400065],[103.7514907,1.4000314],[103.7515501,1.4000655],[103.7515428,1.4000785],[103.7515561,1.4000861],[103.7515646,1.400071],[103.7515858,1.4000832],[103.7515657,1.4001188],[103.7515786,1.4001262],[103.7516157,1.4001159],[103.7516338,1.4001821],[103.7516201,1.4001858],[103.7516242,1.4002006],[103.7516406,1.400196],[103.7516471,1.4002197],[103.7516346,1.4002231],[103.7516418,1.4002492],[103.7516705,1.4002404],[103.7516857,1.4002973],[103.7516507,1.400306],[103.7516559,1.400325],[103.7516217,1.4003344],[103.7516206,1.4003302],[103.7516146,1.4003318],[103.7516101,1.400315],[103.751596,1.4003189],[103.7516001,1.4003368],[103.7515775,1.400343],[103.7515693,1.4003128],[103.7515543,1.4003169],[103.7515463,1.4003122],[103.751531,1.4002562],[103.7515356,1.4002485],[103.7515342,1.4002433],[103.7515455,1.4002402],[103.7515466,1.4002442],[103.7515555,1.4002417],[103.751552,1.400229],[103.7515485,1.4002299],[103.7515471,1.4002247],[103.7515506,1.4002237],[103.7515338,1.4001622],[103.751451,1.4001147],[103.7514441,1.4001166],[103.7514451,1.4001203],[103.7514399,1.4001217],[103.7514389,1.4001181],[103.7513502,1.4001426],[103.7513512,1.4001462],[103.751346,1.4001476],[103.751345,1.400144],[103.7512931,1.4001584],[103.7512951,1.4001676],[103.7513148,1.4001622],[103.7513273,1.4002081],[103.75132,1.4002101],[103.7513239,1.4002245],[103.7513989,1.4002038],[103.7514048,1.4002257],[103.7513859,1.4002318],[103.7513896,1.4002455],[103.7514062,1.4002409],[103.7514079,1.400247],[103.7514156,1.4002449],[103.7514277,1.4002893],[103.7513385,1.400314],[103.7513372,1.4003093],[103.7513111,1.4003206],[103.7512827,1.4003244],[103.751284,1.4003291],[103.751195,1.4003537],[103.7511829,1.4003093],[103.7511907,1.4003071],[103.751189,1.4003011],[103.7512053,1.4002966],[103.7512015,1.4002828],[103.7511823,1.400287],[103.7511764,1.4002652],[103.7512069,1.4002568],[103.7511948,1.4002124],[103.7512157,1.4002066],[103.7512122,1.4001925],[103.7512176,1.4001824],[103.751201,1.4001711],[103.7511542,1.4001841],[103.7511333,1.4001072],[103.7512046,1.4000874],[103.7512094,1.4001049],[103.7512241,1.4001008],[103.7512186,1.4000805],[103.7512654,1.4000676],[103.75127,1.4000842],[103.7512739,1.4000881],[103.751287,1.4000845],[103.751282,1.4000661],[103.7513432,1.4000491],[103.7513425,1.4000464]]]}},{"type":"Feature","properties":{"type":"HDB"},"geometry":{"type":"Polygon","coordinates":[[[103.7512566,1.4005792],[103.7513456,1.4005546],[103.7513469,1.4005593],[103.7513495,1.4005585],[103.7513731,1.4005479],[103.7514014,1.4005442],[103.7514001,1.4005395],[103.7514893,1.4005148],[103.7515014,1.4005592],[103.7514937,1.4005614],[103.7514954,1.4005674],[103.7514788,1.400572],[103.7514826,1.4005857],[103.7515019,1.4005812],[103.7515079,1.4006031],[103.751433,1.4006239],[103.7514369,1.4006383],[103.7514442,1.4006363],[103.7514568,1.4006821],[103.7514371,1.4006876],[103.7514401,1.4006966],[103.751492,1.4006822],[103.751491,1.4006786],[103.7514962,1.4006771],[103.7514972,1.4006808],[103.7515859,1.4006562],[103.7515849,1.4006526],[103.7515901,1.4006511],[103.7515911,1.4006548],[103.751598,1.4006529],[103.751645,1.4005695],[103.7516283,1.4005079],[103.7516247,1.4005089],[103.7516233,1.4005037],[103.7516268,1.4005027],[103.7516233,1.40049],[103.7516144,1.4004924],[103.7516155,1.4004964],[103.7516042,1.4004996],[103.7516028,1.4004943],[103.7515949,1.4004902],[103.7515796,1.4004342],[103.7515841,1.4004259],[103.7515991,1.4004218],[103.7515908,1.4003916],[103.7516133,1.4003853],[103.7516189,1.4004027],[103.7516329,1.4003989],[103.7516284,1.4003821],[103.7516343,1.4003804],[103.7516332,1.4003762],[103.7516673,1.4003667],[103.7516725,1.4003857],[103.751707,1.4003752],[103.7517228,1.4004319],[103.7516936,1.4004392],[103.7517008,1.4004652],[103.7517132,1.4004618],[103.7517197,1.4004854],[103.7517032,1.40049],[103.7517072,1.4005047],[103.7517209,1.400501],[103.7517389,1.4005671],[103.7517018,1.4005774],[103.7516945,1.4005904],[103.7517299,1.4006106],[103.7517178,1.400632],[103.7517028,1.4006234],[103.7516953,1.4006368],[103.7517082,1.4006442],[103.7516744,1.400704],[103.751641,1.400685],[103.7516334,1.4006985],[103.7516435,1.4007357],[103.7515787,1.4007536],[103.7515736,1.400735],[103.7515605,1.4007386],[103.7515589,1.4007438],[103.7515636,1.4007607],[103.7515394,1.4007674],[103.7515387,1.4007647],[103.7514774,1.4007816],[103.7514724,1.4007632],[103.7514593,1.4007669],[103.7514579,1.4007722],[103.7514624,1.4007888],[103.7514156,1.4008018],[103.75141,1.4007815],[103.7513953,1.4007856],[103.7514001,1.400803],[103.7513287,1.4008228],[103.7513077,1.4007459],[103.7513545,1.400733],[103.751363,1.4007147],[103.7513532,1.4007089],[103.7513491,1.400695],[103.7513282,1.4007008],[103.751316,1.4006563],[103.7512855,1.4006648],[103.7512796,1.400643],[103.7512982,1.4006368],[103.7512944,1.4006229],[103.7512782,1.4006274],[103.7512765,1.4006214],[103.7512687,1.4006236],[103.7512566,1.4005792]]]}},{"type":"Feature","properties":{"type":"HDB"},"geometry":{"type":"Polygon","coordinates":[[[103.7515545,1.4008322],[103.7515779,1.4009171],[103.7514184,1.4009604],[103.7513937,1.4008765],[103.7515545,1.4008322]]]}},{"type":"Feature","properties":{"type":"HDB"},"geometry":{"type":"Polygon","coordinates":[[[103.7515428,1.400995],[103.751567,1.4009883],[103.7515716,1.4010053],[103.7515756,1.4010088],[103.7515887,1.4010052],[103.7515836,1.4009866],[103.7516484,1.4009687],[103.7516586,1.4010059],[103.751672,1.4010136],[103.751691,1.40098],[103.7517505,1.401014],[103.7517431,1.401027],[103.7517564,1.4010346],[103.7517649,1.4010196],[103.7517861,1.4010317],[103.751766,1.4010673],[103.7517789,1.4010747],[103.751816,1.4010644],[103.7518341,1.4011306],[103.7518205,1.4011343],[103.7518245,1.4011491],[103.751841,1.4011445],[103.7518474,1.4011682],[103.751835,1.4011716],[103.7518421,1.4011977],[103.7518708,1.4011889],[103.7518861,1.4012458],[103.7518511,1.4012545],[103.7518563,1.4012735],[103.7518221,1.4012829],[103.751821,1.4012787],[103.751815,1.4012803],[103.7518104,1.4012636],[103.7517964,1.4012674],[103.7518004,1.4012853],[103.7517779,1.4012915],[103.7517696,1.4012613],[103.7517547,1.4012654],[103.7517466,1.4012607],[103.7517313,1.4012047],[103.751736,1.4011971],[103.7517346,1.4011918],[103.7517458,1.4011887],[103.7517469,1.4011927],[103.7517558,1.4011902],[103.7517524,1.4011775],[103.7517489,1.4011784],[103.7517475,1.4011732],[103.751751,1.4011722],[103.7517341,1.4011107],[103.7516513,1.4010633],[103.7516444,1.4010652],[103.7516454,1.4010688],[103.7516402,1.4010703],[103.7516392,1.4010666],[103.7515505,1.4010912],[103.7515515,1.4010948],[103.7515464,1.4010962],[103.7515454,1.4010926],[103.7514934,1.401107],[103.7514955,1.4011162],[103.7515151,1.4011108],[103.7515276,1.4011566],[103.7515203,1.4011587],[103.7515243,1.4011731],[103.7515992,1.4011524],[103.7516052,1.4011742],[103.7515862,1.4011803],[103.75159,1.4011941],[103.7516065,1.4011895],[103.7516082,1.4011956],[103.7516159,1.4011934],[103.7516281,1.4012379],[103.7515389,1.4012626],[103.7515376,1.4012579],[103.7515351,1.4012585],[103.7515114,1.4012692],[103.7514831,1.4012729],[103.7514843,1.4012776],[103.7513954,1.4013023],[103.7513832,1.4012579],[103.7513911,1.4012557],[103.7513894,1.4012497],[103.7514056,1.4012452],[103.7514018,1.4012314],[103.7513827,1.4012356],[103.7513768,1.4012138],[103.7514073,1.4012054],[103.7513951,1.401161],[103.7514161,1.4011552],[103.7514125,1.4011411],[103.751418,1.401131],[103.7514014,1.4011197],[103.7513546,1.4011327],[103.7513336,1.4010558],[103.751405,1.401036],[103.7514097,1.4010535],[103.7514244,1.4010494],[103.7514189,1.4010291],[103.7514657,1.4010162],[103.7514703,1.4010328],[103.7514742,1.4010367],[103.7514873,1.401033],[103.7514823,1.4010146],[103.7515435,1.4009977],[103.7515428,1.400995]]]}},{"type":"Feature","properties":{"type":"HDB"},"geometry":{"type":"Polygon","coordinates":[[[103.7514691,1.4015721],[103.751457,1.4015278],[103.751546,1.4015031],[103.7515472,1.4015078],[103.7515735,1.4014964],[103.7516018,1.4014927],[103.7516005,1.401488],[103.7516897,1.4014633],[103.7517018,1.4015078],[103.7516941,1.4015099],[103.7516958,1.401516],[103.7516792,1.4015206],[103.751683,1.4015343],[103.7517023,1.4015298],[103.7517083,1.4015517],[103.7516334,1.4015724],[103.7516373,1.4015868],[103.7516446,1.4015848],[103.7516572,1.4016307],[103.7516375,1.4016361],[103.7516405,1.4016451],[103.7516924,1.4016307],[103.7516914,1.4016271],[103.7516966,1.4016257],[103.7516975,1.4016293],[103.7517863,1.4016048],[103.7517853,1.4016011],[103.7517905,1.4015997],[103.7517915,1.4016033],[103.7517984,1.4016014],[103.7518454,1.4015181],[103.7518286,1.4014565],[103.7518251,1.4014575],[103.7518237,1.4014522],[103.7518272,1.4014513],[103.7518237,1.4014385],[103.7518148,1.401441],[103.7518159,1.401445],[103.7518046,1.4014481],[103.7518032,1.4014429],[103.7517953,1.4014387],[103.75178,1.4013827],[103.7517845,1.4013745],[103.7517995,1.4013704],[103.7517912,1.4013401],[103.7518137,1.4013339],[103.7518193,1.4013513],[103.7518333,1.4013474],[103.7518288,1.4013306],[103.7518347,1.401329],[103.7518335,1.4013248],[103.7518677,1.4013153],[103.7518729,1.4013343],[103.7519074,1.4013237],[103.7519232,1.4013805],[103.751894,1.4013877],[103.7519012,1.4014138],[103.7519136,1.4014103],[103.7519201,1.401434],[103.7519036,1.4014386],[103.7519076,1.4014533],[103.7519213,1.4014495],[103.7519393,1.4015156],[103.7519022,1.4015259],[103.7518949,1.4015389],[103.7519303,1.4015592],[103.7519182,1.4015805],[103.7519032,1.401572],[103.7518957,1.4015853],[103.7519086,1.4015927],[103.7518748,1.4016526],[103.7518414,1.4016335],[103.7518337,1.401647],[103.7518439,1.4016842],[103.7517791,1.4017022],[103.751774,1.4016836],[103.7517609,1.4016872],[103.7517593,1.4016923],[103.751764,1.4017093],[103.7517398,1.4017159],[103.7517391,1.4017132],[103.7516778,1.4017302],[103.7516728,1.4017118],[103.7516597,1.4017154],[103.7516582,1.4017208],[103.7516628,1.4017374],[103.751616,1.4017504],[103.7516104,1.4017301],[103.7515957,1.4017341],[103.7516005,1.4017516],[103.7515291,1.4017714],[103.7515081,1.4016945],[103.7515549,1.4016815],[103.7515634,1.4016633],[103.7515536,1.4016574],[103.7515495,1.4016435],[103.7515286,1.4016493],[103.7515164,1.4016049],[103.7514859,1.4016133],[103.75148,1.4015916],[103.7514986,1.4015853],[103.7514948,1.4015715],[103.7514786,1.401576],[103.7514769,1.40157],[103.7514691,1.4015721]]]}},{"type":"Feature","properties":{"type":"HDB"},"geometry":{"type":"Polygon","coordinates":[[[103.7518953,1.4020461],[103.7518879,1.4020592],[103.7518796,1.4020545],[103.7518297,1.4020686],[103.7518208,1.4020635],[103.7518158,1.4020452],[103.7517864,1.4020533],[103.7517802,1.4020306],[103.7517973,1.402025],[103.7517934,1.402011],[103.751777,1.4020156],[103.7517753,1.4020095],[103.7517718,1.4020104],[103.7517626,1.4019765],[103.7517808,1.4019714],[103.7517712,1.4019365],[103.7518258,1.4019214],[103.7518337,1.4019503],[103.7518597,1.4019431],[103.7518563,1.4019308],[103.7518797,1.4019243],[103.7518843,1.4019409],[103.751899,1.4019368],[103.7518952,1.4019229],[103.751961,1.4019046],[103.7519712,1.4019419],[103.7519843,1.4019494],[103.7520045,1.4019137],[103.7520256,1.4019258],[103.7520171,1.4019407],[103.7520304,1.4019483],[103.7520375,1.4019358],[103.7520969,1.4019697],[103.752078,1.4020031],[103.7520911,1.4020106],[103.7521282,1.4020003],[103.7521463,1.4020666],[103.7521324,1.4020704],[103.7521364,1.4020853],[103.7521529,1.4020807],[103.7521594,1.4021042],[103.7521568,1.402105],[103.7521741,1.4021687],[103.7521603,1.4021725],[103.7521643,1.4021873],[103.7521808,1.4021827],[103.7521936,1.4022298],[103.7521737,1.4022354],[103.7521778,1.4022502],[103.7521951,1.4022454],[103.7522146,1.4023169],[103.7521386,1.4023388],[103.7521256,1.4022914],[103.7521074,1.4022828],[103.7521024,1.4022917],[103.7520946,1.4022938],[103.7520958,1.4022982],[103.7520854,1.4023011],[103.7520903,1.4023189],[103.7520461,1.4023312],[103.7520546,1.4023621],[103.7520329,1.4023681],[103.7520268,1.4023492],[103.7520129,1.402353],[103.7520175,1.4023696],[103.7520114,1.4023712],[103.7520133,1.4023782],[103.7519699,1.4023902],[103.7519463,1.4023039],[103.751936,1.4023067],[103.751924,1.4022791],[103.7519195,1.4022466],[103.7519299,1.4022437],[103.7519063,1.4021574],[103.7519497,1.4021454],[103.7519516,1.4021524],[103.7519577,1.4021507],[103.7519622,1.4021672],[103.751976,1.4021634],[103.7519717,1.402144],[103.7519934,1.402138],[103.752014,1.4022134],[103.7520282,1.4022095],[103.7520262,1.4022021],[103.7520717,1.4021895],[103.7520737,1.4021969],[103.7520867,1.4021933],[103.7520756,1.4021528],[103.7520718,1.4021538],[103.7520703,1.4021486],[103.7520751,1.4021473],[103.7520499,1.4020586],[103.752046,1.4020596],[103.7520446,1.4020544],[103.7520485,1.4020533],[103.7520465,1.402046],[103.7519638,1.4019986],[103.7519019,1.4020157],[103.751903,1.4020197],[103.7518978,1.4020211],[103.7518967,1.4020172],[103.7518837,1.4020208],[103.7518873,1.4020339],[103.7518916,1.4020327],[103.7518953,1.4020461]]]}},{"type":"Feature","properties":{"type":"HDB"},"geometry":{"type":"Polygon","coordinates":[[[103.7511945,1.4024417],[103.7512632,1.4023495],[103.7513216,1.4022504],[103.7513584,1.4021723],[103.7513794,1.4021187],[103.7514128,1.4020085],[103.7517005,1.4020807],[103.7516813,1.4021508],[103.751645,1.4022555],[103.7516008,1.4023563],[103.7515487,1.4024532],[103.7514891,1.4025455],[103.7514453,1.4026043],[103.7514223,1.4026328],[103.7513194,1.4027442],[103.7512339,1.4028201],[103.7511632,1.4028741],[103.7510639,1.4029387],[103.750986,1.4029812],[103.7508884,1.4030258],[103.7507961,1.4030598],[103.7507263,1.4030806],[103.7506165,1.4031073],[103.7505483,1.4028147],[103.7506401,1.4027949],[103.7507591,1.4027562],[103.7508451,1.4027183],[103.7509357,1.402668],[103.7509927,1.4026299],[103.7510648,1.4025736],[103.7511143,1.4025286],[103.7511945,1.4024417]]]}},{"type":"Feature","properties":{"type":"HDB"},"geometry":{"type":"Polygon","coordinates":[[[103.7519321,1.4027883],[103.7519283,1.4027743],[103.751909,1.4027788],[103.7519031,1.402757],[103.7519486,1.4027443],[103.7519417,1.4027191],[103.7519241,1.402724],[103.7519133,1.4026797],[103.7519027,1.402676],[103.7518972,1.4026708],[103.7518502,1.4026839],[103.7518292,1.4026071],[103.7519013,1.4025881],[103.7519058,1.4026047],[103.7519206,1.4026006],[103.7519151,1.4025806],[103.7519411,1.4025734],[103.7519422,1.4025777],[103.7519734,1.4025691],[103.751972,1.4025639],[103.7519946,1.4025576],[103.7519913,1.4025454],[103.7520552,1.4025277],[103.7520679,1.402574],[103.7520578,1.4025767],[103.7520595,1.4025828],[103.7520454,1.4025867],[103.7520494,1.4026016],[103.7520676,1.4025965],[103.7520721,1.4026131],[103.7521033,1.4026045],[103.7520866,1.4025434],[103.752111,1.4025367],[103.7521067,1.402521],[103.7521309,1.4025143],[103.7521366,1.4025352],[103.7521513,1.4025311],[103.7521466,1.4025137],[103.7522184,1.4024938],[103.7522394,1.4025706],[103.7521941,1.4025831],[103.752192,1.4025904],[103.7521848,1.4025989],[103.7521859,1.4026031],[103.7521339,1.4026176],[103.752135,1.4026215],[103.7521298,1.4026229],[103.7521288,1.4026194],[103.7520318,1.4026463],[103.7520348,1.402659],[103.7520425,1.4026569],[103.752055,1.4027027],[103.7520481,1.4027046],[103.7520512,1.4027159],[103.7521257,1.4026954],[103.7521317,1.4027171],[103.7521129,1.4027233],[103.7521167,1.4027372],[103.7521331,1.4027327],[103.7521348,1.4027388],[103.7521425,1.4027367],[103.7521546,1.4027811],[103.7520655,1.4028058],[103.7520642,1.402801],[103.7520392,1.402812],[103.7520403,1.4028158],[103.7520377,1.4028165],[103.7520366,1.4028127],[103.7520122,1.4028154],[103.7520096,1.4028161],[103.7520109,1.4028209],[103.7519218,1.4028456],[103.7519096,1.4028011],[103.7519173,1.4027989],[103.7519156,1.4027928],[103.7519321,1.4027883]]]}},{"type":"Feature","properties":{"type":"HDB"},"geometry":{"type":"Polygon","coordinates":[[[103.7475884,1.3958566],[103.7475092,1.3958932],[103.7474062,1.3956671],[103.7475018,1.395623],[103.7475467,1.3957217],[103.7475497,1.3957204],[103.7475629,1.3957494],[103.74756,1.3957508],[103.747597,1.395832],[103.7476453,1.3958366],[103.7476493,1.3957943],[103.7477161,1.3958004],[103.7477187,1.3957733],[103.7477449,1.3957758],[103.7477458,1.3957666],[103.7480991,1.3957999],[103.7480893,1.3959053],[103.7479813,1.3958951],[103.7479809,1.3958992],[103.7479496,1.3958963],[103.74795,1.3958921],[103.7477135,1.3958698],[103.7477036,1.3959765],[103.7476928,1.3959755],[103.7476922,1.3959827],[103.7476653,1.3959801],[103.747666,1.3959729],[103.7476392,1.3959704],[103.7476385,1.3959776],[103.7476116,1.3959751],[103.7476123,1.3959679],[103.7476016,1.3959668],[103.7476117,1.3958588],[103.7475884,1.3958566]]]}},{"type":"Feature","properties":{"type":"HDB"},"geometry":{"type":"Polygon","coordinates":[[[103.7499332,1.3957783],[103.7500379,1.395788],[103.7500151,1.3960356],[103.7499674,1.3960312],[103.7499678,1.3960272],[103.7499288,1.3960236],[103.7499311,1.3959982],[103.7499078,1.395996],[103.7498978,1.3961047],[103.7498871,1.3961037],[103.7498864,1.3961109],[103.7498596,1.3961084],[103.7498602,1.3961012],[103.7498334,1.3960987],[103.7498327,1.3961059],[103.7498059,1.3961034],[103.7498065,1.3960962],[103.7497958,1.3960952],[103.7498056,1.3959885],[103.7494615,1.3959565],[103.7494612,1.3959595],[103.7494297,1.3959566],[103.74943,1.3959536],[103.7493224,1.3959436],[103.7493321,1.3958382],[103.7498187,1.3958834],[103.7498154,1.3959194],[103.7498808,1.3959255],[103.7498769,1.395968],[103.7499144,1.3959714],[103.7499195,1.3958857],[103.7499233,1.3958861],[103.7499332,1.3957783]]]}},{"type":"Feature","properties":{"type":"HDB"},"geometry":{"type":"Polygon","coordinates":[[[103.7463667,1.3964074],[103.7463122,1.3963201],[103.7465215,1.3961879],[103.7464589,1.3960875],[103.7463363,1.396165],[103.7462818,1.3960777],[103.7463549,1.3960315],[103.7463591,1.3960385],[103.7464117,1.3960053],[103.7464074,1.3959984],[103.7464812,1.3959517],[103.7465047,1.3959892],[103.7464998,1.3959922],[103.7465113,1.3960106],[103.7465161,1.3960076],[103.7465271,1.3960251],[103.7465042,1.3960396],[103.74652,1.3960649],[103.7465992,1.3960148],[103.7466475,1.3960922],[103.7465684,1.3961422],[103.7465841,1.3961672],[103.7466068,1.3961528],[103.7466178,1.3961704],[103.7466129,1.3961735],[103.7466243,1.3961918],[103.7466292,1.3961887],[103.7466528,1.3962266],[103.7465791,1.3962732],[103.7465747,1.3962661],[103.746545,1.3962849],[103.7465494,1.3962919],[103.7464756,1.3963386],[103.7464711,1.3963317],[103.7464354,1.3963542],[103.7464398,1.3963612],[103.7463667,1.3964074]]]}},{"type":"Feature","properties":{"type":"HDB"},"geometry":{"type":"Polygon","coordinates":[[[103.7490882,1.3968509],[103.7490899,1.3968305],[103.7490697,1.3968288],[103.7490957,1.3965222],[103.7491156,1.3965239],[103.7491172,1.3965038],[103.7494221,1.3965304],[103.7494208,1.3965513],[103.7494409,1.3965529],[103.7494144,1.3968591],[103.7493943,1.3968574],[103.7493928,1.3968781],[103.7490882,1.3968509]]]}},{"type":"Feature","properties":{"type":"HDB"},"geometry":{"type":"Polygon","coordinates":[[[103.7484129,1.3965308],[103.7487165,1.3965041],[103.7487182,1.3965246],[103.7487384,1.3965227],[103.7487652,1.3968292],[103.748745,1.3968308],[103.7487469,1.3968508],[103.7484432,1.3968785],[103.7484415,1.3968576],[103.748421,1.3968595],[103.7483945,1.3965531],[103.7484148,1.3965514],[103.7484129,1.3965308]]]}},{"type":"Feature","properties":{"type":"HDB"},"geometry":{"type":"Polygon","coordinates":[[[103.7497105,1.3966767],[103.7496998,1.3966758],[103.7496944,1.3966804],[103.7496823,1.3966793],[103.7496778,1.3966739],[103.7496686,1.3966731],[103.7496721,1.3966321],[103.7496489,1.3966304],[103.7496455,1.3966711],[103.7496364,1.3966702],[103.749631,1.3966748],[103.749619,1.3966737],[103.7496145,1.3966683],[103.7496037,1.3966674],[103.7495984,1.3966719],[103.7495865,1.3966708],[103.7495821,1.3966655],[103.7495707,1.3966645],[103.7495654,1.3966689],[103.7495539,1.3966679],[103.7495495,1.3966627],[103.7495386,1.3966617],[103.7495334,1.3966661],[103.7495215,1.396665],[103.7495172,1.3966599],[103.749508,1.396659],[103.7495116,1.396618],[103.7494998,1.3966169],[103.7495031,1.396578],[103.7494779,1.3965756],[103.7494854,1.3964704],[103.7495129,1.396473],[103.7495088,1.3965179],[103.7498152,1.3965446],[103.749838,1.3965117],[103.7498885,1.396545],[103.7498879,1.3965509],[103.7499809,1.396559],[103.7499721,1.396662],[103.749919,1.3966574],[103.7499172,1.396678],[103.7499704,1.3966828],[103.7499404,1.397036],[103.7498008,1.3970238],[103.7498026,1.3970032],[103.7497981,1.3969979],[103.7497992,1.396986],[103.7498044,1.3969815],[103.7498054,1.3969706],[103.7498009,1.3969653],[103.749802,1.3969529],[103.7498073,1.3969484],[103.7498082,1.3969373],[103.7498038,1.396932],[103.7498048,1.3969202],[103.7498101,1.3969157],[103.749811,1.3969044],[103.7498066,1.3968991],[103.7498076,1.3968872],[103.7498129,1.3968827],[103.7498137,1.3968738],[103.7498546,1.3968774],[103.7498567,1.3968533],[103.7498157,1.3968496],[103.7498165,1.3968406],[103.7498121,1.3968353],[103.7498131,1.3968233],[103.7498184,1.3968189],[103.7498193,1.3968078],[103.7498149,1.3968025],[103.749816,1.3967905],[103.7498212,1.3967861],[103.7498221,1.3967748],[103.7498178,1.3967695],[103.7498188,1.3967575],[103.749824,1.3967531],[103.749825,1.3967418],[103.7498206,1.3967366],[103.7498216,1.3967245],[103.7498268,1.3967201],[103.7498275,1.3967118],[103.7498682,1.3967155],[103.7498692,1.3967052],[103.7498417,1.3967026],[103.7498174,1.3966729],[103.7498197,1.3966449],[103.7498095,1.3966438],[103.7498061,1.396685],[103.7497973,1.3966842],[103.7497916,1.396689],[103.7497798,1.3966879],[103.7497752,1.3966823],[103.7497649,1.3966814],[103.7497593,1.3966861],[103.7497475,1.3966851],[103.7497429,1.3966795],[103.7497323,1.3966786],[103.7497268,1.3966833],[103.7497151,1.3966822],[103.7497105,1.3966767]]]}},{"type":"Feature","properties":{"type":"HDB"},"geometry":{"type":"Polygon","coordinates":[[[103.7483274,1.3965189],[103.7483235,1.396474],[103.7483482,1.3964716],[103.7483572,1.3965757],[103.7483326,1.396578],[103.748336,1.3966175],[103.7483243,1.3966185],[103.7483279,1.3966597],[103.7483187,1.3966605],[103.7483143,1.3966654],[103.7483027,1.3966665],[103.7482978,1.3966623],[103.7482861,1.3966634],[103.7482819,1.3966683],[103.74827,1.3966693],[103.748265,1.3966652],[103.7482534,1.3966662],[103.7482493,1.3966711],[103.7482374,1.3966721],[103.7482324,1.396668],[103.7482202,1.3966691],[103.7482158,1.396674],[103.7482042,1.396675],[103.7481997,1.3966709],[103.7481898,1.3966718],[103.7481862,1.3966304],[103.7481625,1.3966325],[103.7481661,1.3966738],[103.7481567,1.3966747],[103.7481525,1.3966796],[103.7481407,1.3966806],[103.748136,1.3966765],[103.7481242,1.3966775],[103.74812,1.3966824],[103.7481081,1.3966834],[103.7481033,1.3966793],[103.7480915,1.3966804],[103.7480869,1.3966852],[103.7480758,1.3966862],[103.7480711,1.3966822],[103.7480589,1.3966832],[103.7480546,1.396688],[103.7480433,1.396689],[103.7480385,1.396685],[103.7480287,1.3966858],[103.7480248,1.3966449],[103.7480146,1.3966458],[103.7480171,1.3966739],[103.7479936,1.3967028],[103.7479652,1.3967051],[103.7479661,1.3967154],[103.7480069,1.3967123],[103.7480076,1.3967203],[103.7480127,1.3967247],[103.7480138,1.3967374],[103.7480094,1.3967426],[103.7480103,1.3967532],[103.7480155,1.3967575],[103.7480166,1.3967699],[103.7480122,1.3967755],[103.7480131,1.396786],[103.7480184,1.3967904],[103.7480195,1.3968027],[103.7480149,1.3968081],[103.7480158,1.3968188],[103.7480214,1.3968232],[103.7480225,1.3968357],[103.7480177,1.3968416],[103.7480185,1.3968507],[103.7479779,1.396854],[103.7479787,1.396866],[103.7479952,1.3968646],[103.7479962,1.3968759],[103.7480369,1.3968724],[103.7480377,1.3968813],[103.7480431,1.3968857],[103.7480442,1.3968986],[103.7480396,1.3969035],[103.7480406,1.3969146],[103.748046,1.3969185],[103.7480471,1.3969312],[103.7480425,1.3969364],[103.7480435,1.3969477],[103.7480488,1.3969518],[103.7480499,1.3969643],[103.7480454,1.3969694],[103.7480464,1.3969805],[103.7480517,1.3969844],[103.7480528,1.3969966],[103.7480483,1.3970023],[103.7480491,1.3970112],[103.7480082,1.3970147],[103.7480092,1.3970268],[103.7479111,1.3970354],[103.7479012,1.3969269],[103.7478852,1.3969283],[103.7478639,1.396683],[103.7479176,1.3966782],[103.7479159,1.3966578],[103.747862,1.396662],[103.7478532,1.3965603],[103.7479513,1.3965517],[103.747969,1.3965143],[103.7480325,1.3965446],[103.7483274,1.3965189]]]}},{"type":"Feature","properties":{"type":"HDB"},"geometry":{"type":"Polygon","coordinates":[[[103.7488316,1.3967398],[103.7490025,1.3967398],[103.7490025,1.39688],[103.7490138,1.3968903],[103.7490193,1.3969046],[103.7490181,1.3969198],[103.7490104,1.396933],[103.7489976,1.3969414],[103.7489825,1.3969432],[103.7489681,1.3969382],[103.7488643,1.3969382],[103.7488502,1.3969429],[103.7488354,1.3969409],[103.748823,1.3969325],[103.7488156,1.3969194],[103.7488147,1.3969044],[103.7488204,1.3968906],[103.7488316,1.3968806],[103.7488316,1.3967398]]]}},{"type":"Feature","properties":{"type":"HDB"},"geometry":{"type":"Polygon","coordinates":[[[103.7489431,1.3971723],[103.7489553,1.3971723],[103.7489604,1.3971774],[103.748971,1.3971774],[103.7489762,1.3971723],[103.7489881,1.3971723],[103.7489932,1.3971773],[103.749002,1.3971773],[103.7490022,1.3972186],[103.7490139,1.3972183],[103.7490139,1.397235],[103.7490262,1.3972348],[103.7490262,1.3971937],[103.7490353,1.3971937],[103.7490402,1.3971888],[103.7490519,1.3971888],[103.7490568,1.3971937],[103.749068,1.3971937],[103.7490729,1.3971888],[103.7490851,1.3971888],[103.7490899,1.3971937],[103.7491003,1.3971937],[103.7491053,1.3971887],[103.7491174,1.3971887],[103.7491223,1.3971937],[103.7491331,1.3971937],[103.7491381,1.3971887],[103.74915,1.3971887],[103.749155,1.3971937],[103.749164,1.3971937],[103.7491638,1.3972348],[103.7491759,1.3972346],[103.7491759,1.3972847],[103.7492015,1.3972847],[103.7492006,1.3973915],[103.7491756,1.3973916],[103.7491759,1.3973503],[103.7489643,1.3973503],[103.7489641,1.3973737],[103.7489193,1.3973737],[103.7489076,1.3973946],[103.7488636,1.3973694],[103.7488635,1.3973502],[103.7486895,1.3973502],[103.7486895,1.3973912],[103.7486647,1.3973912],[103.7486639,1.3972849],[103.7486894,1.397285],[103.7486894,1.397235],[103.7487014,1.3972348],[103.7487013,1.397194],[103.74871,1.397194],[103.7487153,1.3971887],[103.7487271,1.3971887],[103.7487324,1.3971939],[103.7487428,1.3971939],[103.7487479,1.3971887],[103.74876,1.3971887],[103.7487651,1.3971939],[103.7487757,1.3971939],[103.7487808,1.3971887],[103.7487932,1.3971887],[103.7487983,1.3971938],[103.7488094,1.3971938],[103.7488144,1.3971887],[103.7488263,1.3971887],[103.7488313,1.3971938],[103.7488404,1.3971938],[103.7488404,1.397235],[103.7488522,1.397235],[103.7488522,1.3972187],[103.7488642,1.3972186],[103.7488641,1.3971774],[103.748873,1.3971774],[103.7488781,1.3971724],[103.7488899,1.3971724],[103.748895,1.3971774],[103.7489056,1.3971774],[103.7489107,1.3971723],[103.7489223,1.3971723],[103.7489274,1.3971774],[103.748938,1.3971774],[103.7489431,1.3971723]]]}},{"type":"Feature","properties":{"type":"HDB"},"geometry":{"type":"Polygon","coordinates":[[[103.7484087,1.3972512],[103.7484196,1.3972502],[103.7484241,1.3972448],[103.7484362,1.3972438],[103.7484415,1.3972484],[103.7484506,1.3972476],[103.7484541,1.3972886],[103.7484656,1.3972875],[103.7484642,1.3972712],[103.7484758,1.3972702],[103.7484724,1.3972295],[103.748481,1.3972288],[103.7484857,1.397223],[103.7484974,1.397222],[103.7485029,1.3972267],[103.7485131,1.3972258],[103.7485178,1.3972203],[103.7485297,1.3972192],[103.7485351,1.3972238],[103.7485463,1.3972227],[103.7485507,1.3972174],[103.7485624,1.3972164],[103.7485675,1.3972208],[103.748579,1.3972197],[103.7485833,1.3972146],[103.7485951,1.3972135],[103.7486001,1.3972178],[103.7486095,1.3972169],[103.7486129,1.3972577],[103.7486246,1.3972568],[103.7486335,1.3973556],[103.7485265,1.3973648],[103.7485294,1.3973975],[103.748169,1.3974293],[103.748152,1.397466],[103.7480957,1.3974401],[103.7480953,1.3974358],[103.7480014,1.3974441],[103.7479925,1.3973414],[103.7480463,1.3973366],[103.7480444,1.3973158],[103.7479907,1.3973206],[103.7479742,1.3971298],[103.7480725,1.3971215],[103.7480735,1.3971329],[103.748114,1.3971294],[103.7481148,1.3971384],[103.7481204,1.3971431],[103.7481214,1.397155],[103.7481167,1.3971606],[103.7481177,1.3971712],[103.7481232,1.3971759],[103.7481242,1.3971877],[103.7481196,1.3971933],[103.7481205,1.3972043],[103.7481261,1.397209],[103.7481271,1.3972206],[103.7481224,1.3972262],[103.7481234,1.3972372],[103.7481289,1.3972419],[103.7481299,1.3972532],[103.7481253,1.3972588],[103.748126,1.3972674],[103.7480853,1.3972713],[103.7480862,1.3972816],[103.7481156,1.3972789],[103.7481424,1.397302],[103.7481449,1.3973317],[103.7481554,1.3973308],[103.7481518,1.39729],[103.7481613,1.3972892],[103.7481658,1.3972837],[103.7481779,1.3972826],[103.7481834,1.3972872],[103.7481938,1.3972863],[103.7481984,1.3972808],[103.7482105,1.3972797],[103.748216,1.3972844],[103.7482267,1.3972835],[103.7482314,1.3972779],[103.7482433,1.3972768],[103.7482489,1.3972815],[103.7482592,1.3972806],[103.7482639,1.397275],[103.7482757,1.3972739],[103.7482814,1.3972786],[103.7482901,1.3972779],[103.7482935,1.3973185],[103.7483053,1.3973176],[103.7483038,1.3973015],[103.7483157,1.3973005],[103.7483122,1.3972594],[103.7483206,1.3972587],[103.7483254,1.397253],[103.7483375,1.397252],[103.7483432,1.3972568],[103.7483536,1.3972559],[103.7483584,1.3972502],[103.7483706,1.3972492],[103.7483761,1.397254],[103.7483866,1.3972531],[103.7483913,1.3972475],[103.7484033,1.3972465],[103.7484087,1.3972512]]]}},{"type":"Feature","properties":{"type":"HDB"},"geometry":{"type":"Polygon","coordinates":[[[103.7417139,1.3927636],[103.741753,1.3928628],[103.7416622,1.3928991],[103.741657,1.3928864],[103.7416012,1.3929087],[103.7416062,1.3929214],[103.7415011,1.3929634],[103.7414735,1.3929144],[103.7414757,1.3929136],[103.7414697,1.3928985],[103.7414603,1.3928821],[103.741497,1.3928675],[103.7414812,1.3928403],[103.741392,1.3928929],[103.7413974,1.3929023],[103.7413708,1.3929175],[103.7413533,1.3928866],[103.7413394,1.3928948],[103.7413208,1.3928619],[103.7413353,1.3928535],[103.7413158,1.39282],[103.7413425,1.3928047],[103.7413473,1.3928134],[103.7414243,1.3927681],[103.7414119,1.3927468],[103.7413793,1.392766],[103.7413202,1.3926614],[103.7414092,1.3926105],[103.7414941,1.3927606],[103.7415092,1.392752],[103.7415269,1.3927834],[103.7415118,1.3927921],[103.741536,1.3928347],[103.7417139,1.3927636]]]}},{"type":"Feature","properties":{"type":"HDB"},"geometry":{"type":"Polygon","coordinates":[[[103.7425911,1.3932112],[103.7422864,1.3934038],[103.7422955,1.3934184],[103.7422426,1.3934518],[103.742159,1.3933178],[103.7422118,1.3932844],[103.7422329,1.3933181],[103.7423283,1.3932577],[103.7423345,1.3932679],[103.7423633,1.3932497],[103.742357,1.3932396],[103.7424307,1.393193],[103.7424537,1.3932302],[103.7424752,1.3932166],[103.7424166,1.3931229],[103.7424916,1.3930755],[103.7425512,1.393171],[103.7425715,1.3931581],[103.7425538,1.3931296],[103.7425704,1.3931191],[103.7425728,1.3931226],[103.7425854,1.3931146],[103.7425832,1.3931111],[103.7426285,1.3930824],[103.742661,1.3931344],[103.742652,1.3931402],[103.742667,1.3931642],[103.742676,1.3931585],[103.742685,1.3931729],[103.7426713,1.3931812],[103.7427024,1.3932309],[103.7427159,1.3932224],[103.7427662,1.3933029],[103.7426817,1.3933563],[103.7425911,1.3932112]]]}},{"type":"Feature","properties":{"type":"HDB"},"geometry":{"type":"Polygon","coordinates":[[[103.7418641,1.3935112],[103.7418514,1.3934909],[103.7418217,1.3935097],[103.7418111,1.3934926],[103.7418151,1.3934905],[103.741807,1.3934776],[103.7418032,1.39348],[103.7417746,1.3934342],[103.7418272,1.393401],[103.741833,1.3934104],[103.7418581,1.3933946],[103.7418522,1.3933852],[103.7418662,1.3933764],[103.7418748,1.3933904],[103.7419252,1.3933586],[103.7419164,1.3933446],[103.7419976,1.3932933],[103.742053,1.3933821],[103.7419136,1.3934702],[103.7419787,1.3935744],[103.7420172,1.3935501],[103.7420421,1.3935899],[103.7420478,1.3935863],[103.7420642,1.3936125],[103.7420585,1.3936161],[103.7420819,1.3936535],[103.7420875,1.3936498],[103.7421056,1.3936789],[103.741958,1.3937722],[103.7419245,1.3937186],[103.7419736,1.3936876],[103.7419124,1.3935896],[103.7418185,1.3936489],[103.7417697,1.3935708],[103.7418641,1.3935112]]]}},{"type":"Feature","properties":{"type":"HDB"},"geometry":{"type":"Polygon","coordinates":[[[103.7419476,1.3939069],[103.7421801,1.39376],[103.7424692,1.3942233],[103.7422368,1.3943702],[103.7419476,1.3939069]]]}},{"type":"Feature","properties":{"type":"HDB"},"geometry":{"type":"Polygon","coordinates":[[[103.7425223,1.3946383],[103.7424279,1.3946979],[103.7423792,1.3946198],[103.7424731,1.3945604],[103.742412,1.3944624],[103.7423629,1.3944934],[103.7423294,1.3944398],[103.742477,1.3943465],[103.7424952,1.3943756],[103.7424894,1.394379],[103.7425128,1.3944164],[103.7425185,1.3944129],[103.7425348,1.394439],[103.7425291,1.3944426],[103.742554,1.3944825],[103.7425154,1.3945069],[103.7425804,1.3946111],[103.7427199,1.394523],[103.7427753,1.3946119],[103.7426941,1.3946631],[103.7426854,1.3946491],[103.742635,1.394681],[103.7426439,1.3946949],[103.7426299,1.3947038],[103.7426241,1.3946944],[103.742599,1.3947102],[103.7426049,1.3947195],[103.7425523,1.3947528],[103.7425238,1.394707],[103.7425276,1.3947046],[103.7425196,1.3946917],[103.7425159,1.3946943],[103.7425052,1.3946773],[103.7425349,1.3946585],[103.7425223,1.3946383]]]}},{"type":"Feature","properties":{"type":"HDB"},"geometry":{"type":"Polygon","coordinates":[[[103.743842,1.3942705],[103.7435977,1.3938792],[103.7435787,1.3938913],[103.7435271,1.3938086],[103.743618,1.3937511],[103.7436371,1.3937889],[103.7436638,1.3937721],[103.7436533,1.3937553],[103.7436502,1.3937573],[103.7436385,1.3937381],[103.7438349,1.393614],[103.7438537,1.3936504],[103.7438804,1.3936336],[103.7438705,1.3936178],[103.7438675,1.3936197],[103.7438556,1.3936008],[103.7439463,1.3935435],[103.743998,1.3936261],[103.7436944,1.3938181],[103.7437092,1.393842],[103.7436929,1.3938524],[103.7437109,1.3938811],[103.7437225,1.3938737],[103.7437469,1.3939127],[103.7437515,1.3939096],[103.7437673,1.3939349],[103.7437627,1.3939378],[103.7437812,1.3939673],[103.7437855,1.3939642],[103.7438015,1.3939896],[103.7437972,1.3939924],[103.7438443,1.3940679],[103.7438484,1.3940649],[103.7438641,1.3940899],[103.7438596,1.3940928],[103.7438924,1.3941454],[103.743897,1.3941426],[103.7439127,1.3941678],[103.7439088,1.3941702],[103.7439172,1.3941837],[103.7439212,1.3941814],[103.7439387,1.3942093],[103.7438933,1.3942381],[103.7438842,1.3942236],[103.7438661,1.3942351],[103.743875,1.3942496],[103.743842,1.3942705]]]}},{"type":"Feature","properties":{"type":"HDB"},"geometry":{"type":"Polygon","coordinates":[[[103.7430452,1.3937457],[103.7431017,1.3938364],[103.7430657,1.3938558],[103.7430857,1.3938877],[103.7431189,1.3938638],[103.7431756,1.3939548],[103.7430965,1.3940048],[103.7430159,1.3938758],[103.7426703,1.3940942],[103.7427599,1.3942378],[103.7426716,1.3942936],[103.7426205,1.3942117],[103.7426337,1.3942031],[103.7426025,1.3941532],[103.7425892,1.3941616],[103.7425802,1.394147],[103.7425887,1.3941413],[103.7425737,1.3941173],[103.7425651,1.3941228],[103.7425316,1.3940692],[103.7425768,1.3940406],[103.7425793,1.3940445],[103.7425921,1.3940364],[103.7425897,1.3940325],[103.7426066,1.3940218],[103.742625,1.3940512],[103.7426451,1.3940385],[103.7425861,1.393944],[103.7426637,1.393895],[103.7427227,1.3939894],[103.7427427,1.3939767],[103.7427249,1.3939481],[103.7428169,1.39389],[103.7428361,1.393926],[103.7428695,1.3939049],[103.7428456,1.3938718],[103.7430452,1.3937457]]]}},{"type":"Feature","properties":{"type":"HDB"},"geometry":{"type":"Polygon","coordinates":[[[103.7447604,1.3939693],[103.7447865,1.3939535],[103.7447927,1.3939638],[103.7448342,1.3939386],[103.7448274,1.3939272],[103.744854,1.3939111],[103.7448614,1.3939233],[103.7448913,1.3939052],[103.7448891,1.3938923],[103.7449056,1.3938822],[103.7449,1.3938728],[103.7449494,1.3938424],[103.7449655,1.393869],[103.7449589,1.3938731],[103.7449676,1.3938875],[103.7449719,1.3938848],[103.7449848,1.393906],[103.7449699,1.3939151],[103.7449941,1.393955],[103.7450092,1.3939457],[103.7450369,1.3939913],[103.7449903,1.39402],[103.7449848,1.3940109],[103.744922,1.3940495],[103.7449275,1.3940586],[103.7448802,1.3940876],[103.7448525,1.394042],[103.7448656,1.3940339],[103.7448553,1.3940171],[103.7448524,1.394019],[103.7448505,1.3940159],[103.7447888,1.3940538],[103.7447926,1.39406],[103.7447852,1.3940645],[103.7447813,1.394058],[103.7447729,1.3940632],[103.7447831,1.3940801],[103.7448061,1.394066],[103.7448357,1.3941148],[103.7447877,1.3941444],[103.7447812,1.3941337],[103.7447321,1.3941639],[103.7447386,1.3941746],[103.7446911,1.3942038],[103.744662,1.3941573],[103.7446834,1.3941441],[103.7446712,1.3941239],[103.7447018,1.394105],[103.7446941,1.3940924],[103.7446628,1.3941117],[103.7446514,1.3940928],[103.74463,1.394106],[103.7445997,1.3940575],[103.7446467,1.3940287],[103.7446531,1.3940394],[103.7446788,1.3940238],[103.7446846,1.3940335],[103.7447255,1.3940088],[103.7447189,1.3939978],[103.7447451,1.3939819],[103.7447573,1.3940023],[103.7447471,1.3940085],[103.7447575,1.3940259],[103.7447651,1.3940213],[103.7447735,1.3940352],[103.7447778,1.3940325],[103.7447808,1.3940375],[103.7447967,1.3940278],[103.7447939,1.394023],[103.7447985,1.3940202],[103.7447901,1.394006],[103.7447946,1.3940033],[103.7447836,1.3939849],[103.7447735,1.3939911],[103.7447604,1.3939693]]]}},{"type":"Feature","properties":{"type":"HDB"},"geometry":{"type":"Polygon","coordinates":[[[103.7447604,1.3939693],[103.7447865,1.3939535],[103.7447927,1.3939638],[103.7448342,1.3939386],[103.7448274,1.3939272],[103.744854,1.3939111],[103.7448614,1.3939233],[103.7448913,1.3939052],[103.7448891,1.3938923],[103.7449056,1.3938822],[103.7449,1.3938728],[103.7449494,1.3938424],[103.7449655,1.393869],[103.7449589,1.3938731],[103.7449676,1.3938875],[103.7449719,1.3938848],[103.7449848,1.393906],[103.7449699,1.3939151],[103.7449941,1.393955],[103.7450092,1.3939457],[103.7450369,1.3939913],[103.7449903,1.39402],[103.7449848,1.3940109],[103.744922,1.3940495],[103.7449275,1.3940586],[103.7448802,1.3940876],[103.7448525,1.394042],[103.7448656,1.3940339],[103.7448553,1.3940171],[103.7448524,1.394019],[103.7448505,1.3940159],[103.7447888,1.3940538],[103.7447926,1.39406],[103.7447852,1.3940645],[103.7447813,1.394058],[103.7447729,1.3940632],[103.7447831,1.3940801],[103.7448061,1.394066],[103.7448357,1.3941148],[103.7447877,1.3941444],[103.7447812,1.3941337],[103.7447321,1.3941639],[103.7447386,1.3941746],[103.7446911,1.3942038],[103.744662,1.3941573],[103.7446834,1.3941441],[103.7446712,1.3941239],[103.7447018,1.394105],[103.7446941,1.3940924],[103.7446628,1.3941117],[103.7446514,1.3940928],[103.74463,1.394106],[103.7445997,1.3940575],[103.7446467,1.3940287],[103.7446531,1.3940394],[103.7446788,1.3940238],[103.7446846,1.3940335],[103.7447255,1.3940088],[103.7447189,1.3939978],[103.7447451,1.3939819],[103.7447573,1.3940023],[103.7447471,1.3940085],[103.7447575,1.3940259],[103.7447651,1.3940213],[103.7447735,1.3940352],[103.7447778,1.3940325],[103.7447808,1.3940375],[103.7447967,1.3940278],[103.7447939,1.394023],[103.7447985,1.3940202],[103.7447901,1.394006],[103.7447946,1.3940033],[103.7447836,1.3939849],[103.7447735,1.3939911],[103.7447604,1.3939693]]]}},{"type":"Feature","properties":{"type":"HDB"},"geometry":{"type":"Polygon","coordinates":[[[103.745626,1.3941653],[103.7455953,1.3941158],[103.7454026,1.3942369],[103.7452328,1.3939634],[103.7454307,1.3938389],[103.7454376,1.3938207],[103.7454595,1.3937885],[103.7454902,1.3937648],[103.745508,1.3937569],[103.7455461,1.39375],[103.7455655,1.3937511],[103.7456026,1.3937625],[103.7456342,1.393785],[103.7459168,1.3942354],[103.7457306,1.3943525],[103.7457237,1.3943414],[103.7457712,1.3943116],[103.7457407,1.3942624],[103.7457211,1.3942748],[103.7457099,1.3942566],[103.7456765,1.3942776],[103.7456674,1.3942629],[103.745697,1.3942443],[103.7456848,1.3942245],[103.7457073,1.3942103],[103.745691,1.394184],[103.7456849,1.3941878],[103.7456583,1.3941449],[103.745626,1.3941653]]]}},{"type":"Feature","properties":{"type":"HDB"},"geometry":{"type":"Polygon","coordinates":[[[103.745626,1.3941653],[103.7455953,1.3941158],[103.7454026,1.3942369],[103.7452328,1.3939634],[103.7454307,1.3938389],[103.7454376,1.3938207],[103.7454595,1.3937885],[103.7454902,1.3937648],[103.745508,1.3937569],[103.7455461,1.39375],[103.7455655,1.3937511],[103.7456026,1.3937625],[103.7456342,1.393785],[103.7459168,1.3942354],[103.7457306,1.3943525],[103.7457237,1.3943414],[103.7457712,1.3943116],[103.7457407,1.3942624],[103.7457211,1.3942748],[103.7457099,1.3942566],[103.7456765,1.3942776],[103.7456674,1.3942629],[103.745697,1.3942443],[103.7456848,1.3942245],[103.7457073,1.3942103],[103.745691,1.394184],[103.7456849,1.3941878],[103.7456583,1.3941449],[103.745626,1.3941653]]]}},{"type":"Feature","properties":{"type":"HDB"},"geometry":{"type":"Polygon","coordinates":[[[103.7428962,1.3945033],[103.7428102,1.3943655],[103.7428657,1.3943304],[103.742875,1.3943453],[103.7431771,1.3941544],[103.7430875,1.3940108],[103.7431757,1.393955],[103.7432266,1.3940365],[103.7432133,1.3940449],[103.7432447,1.3940952],[103.743258,1.3940868],[103.7432673,1.3941016],[103.7432584,1.3941074],[103.7432735,1.3941315],[103.7432824,1.3941258],[103.7433158,1.3941794],[103.7432703,1.3942081],[103.743268,1.3942042],[103.7432552,1.3942123],[103.7432576,1.3942161],[103.7432407,1.3942268],[103.7432224,1.3941974],[103.7432023,1.3942101],[103.7432613,1.3943046],[103.7431837,1.3943537],[103.7431247,1.3942591],[103.7431046,1.3942718],[103.7431282,1.3943097],[103.7430543,1.3943564],[103.7430478,1.394346],[103.7430189,1.3943643],[103.7430254,1.3943747],[103.7429307,1.3944346],[103.7429517,1.3944682],[103.7428962,1.3945033]]]}},{"type":"Feature","properties":{"type":"HDB"},"geometry":{"type":"Polygon","coordinates":[[[103.7444352,1.3941541],[103.7444457,1.3941709],[103.7444615,1.3941609],[103.7444612,1.3941477],[103.7444721,1.3941406],[103.7444841,1.3941466],[103.7444978,1.3941685],[103.7445122,1.3941595],[103.7444985,1.3941375],[103.7444893,1.3941433],[103.744472,1.3941158],[103.7445676,1.3940553],[103.7445807,1.3940763],[103.7445705,1.3940828],[103.744579,1.3940964],[103.7445872,1.3940913],[103.7446015,1.3941143],[103.7445844,1.3941252],[103.7445966,1.3941448],[103.7446026,1.394141],[103.7446305,1.3941857],[103.7446058,1.3942014],[103.744601,1.3941937],[103.7445692,1.3942138],[103.7445726,1.3942192],[103.7445479,1.3942348],[103.7445744,1.3942773],[103.7445921,1.3942661],[103.7445788,1.3942448],[103.7446261,1.3942149],[103.744655,1.394261],[103.7446446,1.3942676],[103.7446612,1.3942941],[103.7446485,1.3943021],[103.7446601,1.3943207],[103.7446723,1.3943129],[103.7446882,1.3943384],[103.7446997,1.3943311],[103.7447284,1.3943771],[103.7446754,1.3944107],[103.7446637,1.3943919],[103.7446495,1.3944009],[103.7446275,1.3943657],[103.7446141,1.3943741],[103.7446332,1.3944047],[103.7446133,1.3944172],[103.7446273,1.3944397],[103.7445991,1.3944575],[103.7445948,1.3944507],[103.7445554,1.3944756],[103.744538,1.3944479],[103.7445498,1.3944404],[103.7445375,1.3944207],[103.7445472,1.3944146],[103.7445148,1.3943626],[103.744505,1.3943688],[103.7444924,1.3943486],[103.7444807,1.3943561],[103.7444628,1.3943274],[103.7444966,1.394306],[103.744499,1.3943099],[103.7445051,1.394306],[103.7444729,1.3942544],[103.7444573,1.3942643],[103.7444625,1.3942727],[103.7444382,1.394288],[103.7443774,1.3941907],[103.7444352,1.3941541]]]}},{"type":"Feature","properties":{"type":"HDB"},"geometry":{"type":"Polygon","coordinates":[[[103.7444352,1.3941541],[103.7444457,1.3941709],[103.7444615,1.3941609],[103.7444612,1.3941477],[103.7444721,1.3941406],[103.7444841,1.3941466],[103.7444978,1.3941685],[103.7445122,1.3941595],[103.7444985,1.3941375],[103.7444893,1.3941433],[103.744472,1.3941158],[103.7445676,1.3940553],[103.7445807,1.3940763],[103.7445705,1.3940828],[103.744579,1.3940964],[103.7445872,1.3940913],[103.7446015,1.3941143],[103.7445844,1.3941252],[103.7445966,1.3941448],[103.7446026,1.394141],[103.7446305,1.3941857],[103.7446058,1.3942014],[103.744601,1.3941937],[103.7445692,1.3942138],[103.7445726,1.3942192],[103.7445479,1.3942348],[103.7445744,1.3942773],[103.7445921,1.3942661],[103.7445788,1.3942448],[103.7446261,1.3942149],[103.744655,1.394261],[103.7446446,1.3942676],[103.7446612,1.3942941],[103.7446485,1.3943021],[103.7446601,1.3943207],[103.7446723,1.3943129],[103.7446882,1.3943384],[103.7446997,1.3943311],[103.7447284,1.3943771],[103.7446754,1.3944107],[103.7446637,1.3943919],[103.7446495,1.3944009],[103.7446275,1.3943657],[103.7446141,1.3943741],[103.7446332,1.3944047],[103.7446133,1.3944172],[103.7446273,1.3944397],[103.7445991,1.3944575],[103.7445948,1.3944507],[103.7445554,1.3944756],[103.744538,1.3944479],[103.7445498,1.3944404],[103.7445375,1.3944207],[103.7445472,1.3944146],[103.7445148,1.3943626],[103.744505,1.3943688],[103.7444924,1.3943486],[103.7444807,1.3943561],[103.7444628,1.3943274],[103.7444966,1.394306],[103.744499,1.3943099],[103.7445051,1.394306],[103.7444729,1.3942544],[103.7444573,1.3942643],[103.7444625,1.3942727],[103.7444382,1.394288],[103.7443774,1.3941907],[103.7444352,1.3941541]]]}},{"type":"Feature","properties":{"type":"HDB"},"geometry":{"type":"Polygon","coordinates":[[[103.745626,1.3941653],[103.7456583,1.3941449],[103.7456849,1.3941878],[103.745691,1.394184],[103.7457073,1.3942103],[103.7456848,1.3942245],[103.745697,1.3942443],[103.7456674,1.3942629],[103.7456765,1.3942776],[103.7457099,1.3942566],[103.7457211,1.3942748],[103.7457407,1.3942624],[103.7457712,1.3943116],[103.7457237,1.3943414],[103.7457157,1.3943285],[103.7456892,1.3943452],[103.7456827,1.3943347],[103.7456646,1.3943461],[103.7456665,1.3943491],[103.7456467,1.3943615],[103.7456528,1.3943714],[103.7456253,1.3943887],[103.7456115,1.3943665],[103.7456211,1.3943605],[103.7456125,1.3943467],[103.7456079,1.3943496],[103.7455956,1.3943297],[103.7455743,1.3943431],[103.7455864,1.3943626],[103.7455787,1.3943674],[103.7455877,1.3943818],[103.745597,1.3943759],[103.7456119,1.3943999],[103.7455863,1.394416],[103.7455789,1.394404],[103.7455363,1.3944308],[103.7455418,1.3944396],[103.7455161,1.3944558],[103.7455092,1.3944446],[103.7454788,1.3944631],[103.7454818,1.3944679],[103.74548,1.3944761],[103.7454669,1.3944843],[103.7454718,1.3944922],[103.745421,1.3945241],[103.7454056,1.3944993],[103.7454131,1.3944946],[103.7454039,1.3944798],[103.7453966,1.3944844],[103.7453836,1.3944635],[103.745401,1.3944526],[103.7453769,1.3944139],[103.7453568,1.3944265],[103.7453409,1.394401],[103.7453499,1.3943953],[103.7453452,1.3943878],[103.7453413,1.3943902],[103.7453198,1.3943556],[103.7453475,1.3943382],[103.7453543,1.3943491],[103.7453719,1.394338],[103.7453795,1.3943503],[103.745449,1.3943065],[103.7454418,1.3942949],[103.7454644,1.3942807],[103.7454572,1.3942692],[103.7454832,1.3942528],[103.7455092,1.3942946],[103.7455144,1.3942913],[103.7455299,1.3943164],[103.7455066,1.3943311],[103.7455205,1.3943534],[103.7455812,1.3943152],[103.7455692,1.3942959],[103.745547,1.3943098],[103.745531,1.3942841],[103.7455359,1.394281],[103.7455103,1.3942398],[103.7455388,1.3942219],[103.745545,1.394232],[103.7455649,1.3942195],[103.745571,1.3942293],[103.7456228,1.3941968],[103.7456172,1.3941877],[103.7456336,1.3941774],[103.745626,1.3941653]]]}},{"type":"Feature","properties":{"type":"HDB"},"geometry":{"type":"Polygon","coordinates":[[[103.745626,1.3941653],[103.7456583,1.3941449],[103.7456849,1.3941878],[103.745691,1.394184],[103.7457073,1.3942103],[103.7456848,1.3942245],[103.745697,1.3942443],[103.7456674,1.3942629],[103.7456765,1.3942776],[103.7457099,1.3942566],[103.7457211,1.3942748],[103.7457407,1.3942624],[103.7457712,1.3943116],[103.7457237,1.3943414],[103.7457157,1.3943285],[103.7456892,1.3943452],[103.7456827,1.3943347],[103.7456646,1.3943461],[103.7456665,1.3943491],[103.7456467,1.3943615],[103.7456528,1.3943714],[103.7456253,1.3943887],[103.7456115,1.3943665],[103.7456211,1.3943605],[103.7456125,1.3943467],[103.7456079,1.3943496],[103.7455956,1.3943297],[103.7455743,1.3943431],[103.7455864,1.3943626],[103.7455787,1.3943674],[103.7455877,1.3943818],[103.745597,1.3943759],[103.7456119,1.3943999],[103.7455863,1.394416],[103.7455789,1.394404],[103.7455363,1.3944308],[103.7455418,1.3944396],[103.7455161,1.3944558],[103.7455092,1.3944446],[103.7454788,1.3944631],[103.7454818,1.3944679],[103.74548,1.3944761],[103.7454669,1.3944843],[103.7454718,1.3944922],[103.745421,1.3945241],[103.7454056,1.3944993],[103.7454131,1.3944946],[103.7454039,1.3944798],[103.7453966,1.3944844],[103.7453836,1.3944635],[103.745401,1.3944526],[103.7453769,1.3944139],[103.7453568,1.3944265],[103.7453409,1.394401],[103.7453499,1.3943953],[103.7453452,1.3943878],[103.7453413,1.3943902],[103.7453198,1.3943556],[103.7453475,1.3943382],[103.7453543,1.3943491],[103.7453719,1.394338],[103.7453795,1.3943503],[103.745449,1.3943065],[103.7454418,1.3942949],[103.7454644,1.3942807],[103.7454572,1.3942692],[103.7454832,1.3942528],[103.7455092,1.3942946],[103.7455144,1.3942913],[103.7455299,1.3943164],[103.7455066,1.3943311],[103.7455205,1.3943534],[103.7455812,1.3943152],[103.7455692,1.3942959],[103.745547,1.3943098],[103.745531,1.3942841],[103.7455359,1.394281],[103.7455103,1.3942398],[103.7455388,1.3942219],[103.745545,1.394232],[103.7455649,1.3942195],[103.745571,1.3942293],[103.7456228,1.3941968],[103.7456172,1.3941877],[103.7456336,1.3941774],[103.745626,1.3941653]]]}},{"type":"Feature","properties":{"type":"HDB"},"geometry":{"type":"Polygon","coordinates":[[[103.7451712,1.3946949],[103.7451113,1.3945957],[103.7451361,1.3945805],[103.7451422,1.3945906],[103.7451543,1.3945832],[103.7451252,1.3945351],[103.7450995,1.3945508],[103.7450706,1.394503],[103.7450829,1.3944955],[103.7450521,1.3944445],[103.7450386,1.3944527],[103.745011,1.394407],[103.7450611,1.3943764],[103.745073,1.3943962],[103.7450907,1.3943853],[103.7450726,1.3943552],[103.7450752,1.3943366],[103.7450647,1.3943192],[103.7450452,1.3943312],[103.7450595,1.394355],[103.7450331,1.3943711],[103.7450268,1.3943607],[103.7450209,1.3943643],[103.745024,1.3943695],[103.7449867,1.3943923],[103.7449695,1.3943638],[103.7449818,1.3943562],[103.7449688,1.3943347],[103.7449791,1.3943284],[103.7449635,1.3943026],[103.7449767,1.3942945],[103.7449656,1.394276],[103.7449495,1.3942859],[103.7449353,1.3942624],[103.7449259,1.3942681],[103.7449114,1.3942442],[103.7448992,1.3942516],[103.7448824,1.3942238],[103.7449238,1.3941985],[103.7449196,1.3941916],[103.744946,1.3941755],[103.7449601,1.394199],[103.744981,1.3941862],[103.7450011,1.3942195],[103.7450164,1.3942101],[103.7450017,1.3941858],[103.7450218,1.3941735],[103.7450072,1.3941494],[103.7450346,1.3941326],[103.7450392,1.3941401],[103.7450805,1.3941149],[103.7450961,1.3941406],[103.7450853,1.3941472],[103.7450988,1.3941694],[103.7450869,1.3941767],[103.7451179,1.394228],[103.7451282,1.3942217],[103.7451413,1.3942435],[103.7451546,1.3942353],[103.7451716,1.3942635],[103.7451387,1.3942836],[103.7451367,1.3942803],[103.7451287,1.3942852],[103.7451346,1.394295],[103.7451078,1.3943114],[103.7450931,1.3942871],[103.7450753,1.3942979],[103.7450822,1.3943093],[103.7450795,1.394311],[103.7450923,1.3943322],[103.7450923,1.3943523],[103.7451031,1.3943701],[103.7451234,1.3943577],[103.7451093,1.3943344],[103.7451343,1.3943191],[103.745139,1.3943269],[103.7451455,1.394323],[103.7451432,1.3943192],[103.7451792,1.3942972],[103.7451963,1.3943256],[103.7451838,1.3943332],[103.7451972,1.3943554],[103.7451874,1.3943613],[103.7452166,1.3944096],[103.7452278,1.3944028],[103.745241,1.3944246],[103.7452513,1.3944183],[103.7452692,1.394448],[103.7452371,1.3944676],[103.7452335,1.3944616],[103.7452266,1.3944658],[103.7452337,1.3944774],[103.7452066,1.3944939],[103.7451934,1.3944721],[103.7451751,1.3944833],[103.7452231,1.3945629],[103.7452367,1.3945612],[103.7452557,1.3945496],[103.7452517,1.3945431],[103.7452565,1.3945402],[103.7452321,1.3944997],[103.7453132,1.3944502],[103.7453068,1.3944396],[103.7453341,1.3944228],[103.7453455,1.3944417],[103.7453354,1.394448],[103.7453443,1.3944628],[103.7453513,1.3944585],[103.7453646,1.3944807],[103.7453518,1.3944885],[103.7453626,1.3945064],[103.7453778,1.3944971],[103.7453907,1.3945185],[103.7453804,1.3945248],[103.745385,1.3945324],[103.745395,1.3945263],[103.7454139,1.3945576],[103.7453173,1.3946166],[103.7453036,1.394594],[103.7453125,1.3945886],[103.7453039,1.3945743],[103.7452983,1.3945778],[103.745285,1.3945558],[103.7452655,1.3945677],[103.7452778,1.3945879],[103.7452708,1.3945922],[103.7452805,1.3946082],[103.7452872,1.3946041],[103.7453027,1.3946297],[103.745254,1.3946594],[103.7452347,1.3946275],[103.7452196,1.3946368],[103.7452316,1.3946566],[103.7452093,1.3946702],[103.7452054,1.3946636],[103.7451961,1.3946693],[103.7452007,1.3946768],[103.7451712,1.3946949]]]}},{"type":"Feature","properties":{"type":"HDB"},"geometry":{"type":"Polygon","coordinates":[[[103.7451712,1.3946949],[103.7451113,1.3945957],[103.7451361,1.3945805],[103.7451422,1.3945906],[103.7451543,1.3945832],[103.7451252,1.3945351],[103.7450995,1.3945508],[103.7450706,1.394503],[103.7450829,1.3944955],[103.7450521,1.3944445],[103.7450386,1.3944527],[103.745011,1.394407],[103.7450611,1.3943764],[103.745073,1.3943962],[103.7450907,1.3943853],[103.7450726,1.3943552],[103.7450752,1.3943366],[103.7450647,1.3943192],[103.7450452,1.3943312],[103.7450595,1.394355],[103.7450331,1.3943711],[103.7450268,1.3943607],[103.7450209,1.3943643],[103.745024,1.3943695],[103.7449867,1.3943923],[103.7449695,1.3943638],[103.7449818,1.3943562],[103.7449688,1.3943347],[103.7449791,1.3943284],[103.7449635,1.3943026],[103.7449767,1.3942945],[103.7449656,1.394276],[103.7449495,1.3942859],[103.7449353,1.3942624],[103.7449259,1.3942681],[103.7449114,1.3942442],[103.7448992,1.3942516],[103.7448824,1.3942238],[103.7449238,1.3941985],[103.7449196,1.3941916],[103.744946,1.3941755],[103.7449601,1.394199],[103.744981,1.3941862],[103.7450011,1.3942195],[103.7450164,1.3942101],[103.7450017,1.3941858],[103.7450218,1.3941735],[103.7450072,1.3941494],[103.7450346,1.3941326],[103.7450392,1.3941401],[103.7450805,1.3941149],[103.7450961,1.3941406],[103.7450853,1.3941472],[103.7450988,1.3941694],[103.7450869,1.3941767],[103.7451179,1.394228],[103.7451282,1.3942217],[103.7451413,1.3942435],[103.7451546,1.3942353],[103.7451716,1.3942635],[103.7451387,1.3942836],[103.7451367,1.3942803],[103.7451287,1.3942852],[103.7451346,1.394295],[103.7451078,1.3943114],[103.7450931,1.3942871],[103.7450753,1.3942979],[103.7450822,1.3943093],[103.7450795,1.394311],[103.7450923,1.3943322],[103.7450923,1.3943523],[103.7451031,1.3943701],[103.7451234,1.3943577],[103.7451093,1.3943344],[103.7451343,1.3943191],[103.745139,1.3943269],[103.7451455,1.394323],[103.7451432,1.3943192],[103.7451792,1.3942972],[103.7451963,1.3943256],[103.7451838,1.3943332],[103.7451972,1.3943554],[103.7451874,1.3943613],[103.7452166,1.3944096],[103.7452278,1.3944028],[103.745241,1.3944246],[103.7452513,1.3944183],[103.7452692,1.394448],[103.7452371,1.3944676],[103.7452335,1.3944616],[103.7452266,1.3944658],[103.7452337,1.3944774],[103.7452066,1.3944939],[103.7451934,1.3944721],[103.7451751,1.3944833],[103.7452231,1.3945629],[103.7452367,1.3945612],[103.7452557,1.3945496],[103.7452517,1.3945431],[103.7452565,1.3945402],[103.7452321,1.3944997],[103.7453132,1.3944502],[103.7453068,1.3944396],[103.7453341,1.3944228],[103.7453455,1.3944417],[103.7453354,1.394448],[103.7453443,1.3944628],[103.7453513,1.3944585],[103.7453646,1.3944807],[103.7453518,1.3944885],[103.7453626,1.3945064],[103.7453778,1.3944971],[103.7453907,1.3945185],[103.7453804,1.3945248],[103.745385,1.3945324],[103.745395,1.3945263],[103.7454139,1.3945576],[103.7453173,1.3946166],[103.7453036,1.394594],[103.7453125,1.3945886],[103.7453039,1.3945743],[103.7452983,1.3945778],[103.745285,1.3945558],[103.7452655,1.3945677],[103.7452778,1.3945879],[103.7452708,1.3945922],[103.7452805,1.3946082],[103.7452872,1.3946041],[103.7453027,1.3946297],[103.745254,1.3946594],[103.7452347,1.3946275],[103.7452196,1.3946368],[103.7452316,1.3946566],[103.7452093,1.3946702],[103.7452054,1.3946636],[103.7451961,1.3946693],[103.7452007,1.3946768],[103.7451712,1.3946949]]]}},{"type":"Feature","properties":{"type":"HDB"},"geometry":{"type":"Polygon","coordinates":[[[103.7459116,1.3948571],[103.7458425,1.3947465],[103.7458574,1.3947371],[103.7458062,1.3946551],[103.7456883,1.3947297],[103.7457475,1.3948247],[103.7457127,1.3948467],[103.745706,1.3948365],[103.7456902,1.3948465],[103.7456967,1.3948568],[103.7456501,1.3948862],[103.7456327,1.3948583],[103.7456357,1.3948563],[103.7456271,1.3948426],[103.7456241,1.3948446],[103.7455985,1.3948035],[103.7456205,1.3947897],[103.7456134,1.3947783],[103.7455967,1.3947889],[103.7455407,1.3946991],[103.7457129,1.3945903],[103.7457169,1.3945973],[103.7457465,1.3945786],[103.7457422,1.3945718],[103.7458337,1.3945139],[103.7458618,1.3945589],[103.7458583,1.394561],[103.745867,1.394575],[103.7458705,1.3945728],[103.7458804,1.3945886],[103.7458395,1.3946148],[103.7458524,1.3946356],[103.7459437,1.3945779],[103.745992,1.3946552],[103.745912,1.3947058],[103.745924,1.394725],[103.7459412,1.3947142],[103.7459968,1.3948032],[103.7459116,1.3948571]]]}},{"type":"Feature","properties":{"type":"HDB"},"geometry":{"type":"Polygon","coordinates":[[[103.7453959,1.3947907],[103.7454689,1.3947445],[103.7455234,1.3948318],[103.7452274,1.395019],[103.74529,1.3951193],[103.7454125,1.3950418],[103.745467,1.3951291],[103.7453941,1.3951751],[103.7453898,1.3951685],[103.7453373,1.3952017],[103.7453415,1.3952084],[103.7452676,1.3952551],[103.7452439,1.3952172],[103.7452491,1.395214],[103.7452378,1.3951958],[103.7452326,1.3951991],[103.7452217,1.3951816],[103.7452448,1.3951668],[103.7452291,1.3951417],[103.7451496,1.3951919],[103.7451014,1.3951146],[103.7451807,1.3950645],[103.745165,1.3950394],[103.745142,1.3950539],[103.7451312,1.3950365],[103.7451364,1.3950332],[103.745125,1.3950149],[103.7451197,1.3950182],[103.745096,1.3949802],[103.7451702,1.3949334],[103.7451743,1.3949406],[103.7452041,1.3949219],[103.7451996,1.3949148],[103.7452733,1.3948682],[103.7452776,1.3948753],[103.7452967,1.3948632],[103.7452923,1.3948561],[103.7453662,1.3948095],[103.7453705,1.3948165],[103.7454002,1.3947977],[103.7453959,1.3947907]]]}},{"type":"Feature","properties":{"type":"HDB"},"geometry":{"type":"Polygon","coordinates":[[[103.7459968,1.3948032],[103.7460524,1.3948923],[103.7460352,1.3949032],[103.7460473,1.3949224],[103.7461273,1.3948719],[103.7461755,1.3949492],[103.7460843,1.3950068],[103.7460973,1.3950276],[103.7461384,1.3950019],[103.7461483,1.3950178],[103.7461449,1.3950199],[103.7461536,1.3950339],[103.746157,1.3950317],[103.7461851,1.3950767],[103.7460937,1.3951345],[103.7460894,1.3951276],[103.7460598,1.3951463],[103.7460644,1.395153],[103.7458921,1.3952619],[103.7458361,1.3951722],[103.7458528,1.3951617],[103.7458457,1.3951503],[103.7458237,1.3951642],[103.7457981,1.3951232],[103.7458012,1.3951213],[103.7457926,1.3951076],[103.7457896,1.3951096],[103.745772,1.3950815],[103.7458186,1.395052],[103.7458251,1.3950624],[103.7458409,1.3950524],[103.7458346,1.395042],[103.7458694,1.3950199],[103.7459287,1.3951149],[103.7460467,1.3950403],[103.7459955,1.3949583],[103.7459807,1.3949677],[103.7459116,1.3948571],[103.7459968,1.3948032]]]}},{"type":"Feature","properties":{"type":"HDB"},"geometry":{"type":"Polygon","coordinates":[[[103.7458511,1.3954268],[103.7463114,1.3951358],[103.7464574,1.3953698],[103.7459971,1.3956608],[103.7458511,1.3954268]]]}},{"type":"Feature","properties":{"type":"HDB"},"geometry":{"type":"Polygon","coordinates":[[[103.745465,1.3955713],[103.7454078,1.3954797],[103.7454145,1.3954753],[103.7453823,1.3954237],[103.7453755,1.3954279],[103.7453264,1.3953493],[103.7454147,1.3952935],[103.7455013,1.3954322],[103.745583,1.3953806],[103.7455708,1.3953611],[103.7455926,1.3953473],[103.7455708,1.3953123],[103.7456263,1.3952772],[103.7457124,1.395415],[103.7456564,1.3954504],[103.7456377,1.3954205],[103.7456184,1.3954327],[103.7456686,1.3955132],[103.7455917,1.3955617],[103.7455344,1.3954699],[103.7455139,1.3954829],[103.7455396,1.3955242],[103.7455239,1.3955341],[103.7455214,1.3955303],[103.7455076,1.395539],[103.74551,1.3955429],[103.745465,1.3955713]]]}},{"type":"Feature","properties":{"type":"HDB"},"geometry":{"type":"Polygon","coordinates":[[[103.7444533,1.3955136],[103.7444307,1.3954066],[103.7445257,1.3953863],[103.7445286,1.3953997],[103.7445891,1.3953867],[103.7445863,1.3953733],[103.7447015,1.3953487],[103.7447136,1.3954061],[103.7447075,1.3954075],[103.7447133,1.395435],[103.7447194,1.3954337],[103.7447207,1.3954399],[103.7446846,1.3954476],[103.7446897,1.3954716],[103.744775,1.3954534],[103.7447721,1.3954399],[103.7448011,1.3954337],[103.7448104,1.3954776],[103.7448263,1.3954742],[103.7448336,1.3955087],[103.7448177,1.3955121],[103.7448269,1.3955557],[103.7447978,1.3955619],[103.7447938,1.3955434],[103.7447087,1.3955616],[103.7447137,1.3955853],[103.7447493,1.3955776],[103.7447741,1.3956946],[103.7446712,1.3957166],[103.7446208,1.3954778],[103.7444533,1.3955136]]]}},{"type":"Feature","properties":{"type":"HDB"},"geometry":{"type":"Polygon","coordinates":[[[103.7441085,1.3957603],[103.7440883,1.3956646],[103.7441017,1.3956618],[103.7440888,1.3956009],[103.7440755,1.3956038],[103.744051,1.3954878],[103.7441071,1.3954758],[103.7441085,1.3954819],[103.7441376,1.3954756],[103.7441363,1.3954696],[103.7441416,1.3954684],[103.7441494,1.3955047],[103.744173,1.3954996],[103.7441549,1.3954138],[103.7441416,1.3954166],[103.7441354,1.3953874],[103.7441793,1.3953782],[103.7441759,1.3953622],[103.7442104,1.3953548],[103.7442136,1.3953708],[103.7442568,1.3953616],[103.7442629,1.3953907],[103.7442446,1.3953946],[103.7442627,1.3954804],[103.7442862,1.3954753],[103.7442786,1.3954391],[103.7442839,1.395438],[103.7442853,1.395444],[103.7443143,1.3954378],[103.744313,1.3954318],[103.7443692,1.3954197],[103.7443936,1.3955355],[103.7443806,1.3955386],[103.7443934,1.3955995],[103.7444066,1.3955967],[103.7444267,1.3956922],[103.7443204,1.3957149],[103.7442847,1.3955465],[103.7441793,1.3955691],[103.7442147,1.3957375],[103.7441085,1.3957603]]]}},{"type":"Feature","properties":{"type":"HDB"},"geometry":{"type":"Polygon","coordinates":[[[103.7456182,1.3956853],[103.745634,1.3956753],[103.7456599,1.3957166],[103.7456803,1.3957037],[103.745623,1.3956118],[103.7456998,1.3955632],[103.74575,1.3956436],[103.7457696,1.3956312],[103.7457509,1.3956014],[103.7458067,1.3955661],[103.7458927,1.3957039],[103.7458372,1.395739],[103.7458153,1.395704],[103.7457928,1.3957182],[103.7457806,1.3956986],[103.7456996,1.3957499],[103.7458413,1.3959767],[103.745753,1.3960325],[103.7457037,1.3959536],[103.7457105,1.3959493],[103.7456918,1.3959193],[103.745685,1.3959236],[103.7456386,1.3958494],[103.7456456,1.3958449],[103.7456236,1.3958098],[103.7456167,1.3958142],[103.7455594,1.3957225],[103.7456044,1.395694],[103.7456068,1.3956977],[103.7456205,1.395689],[103.7456182,1.3956853]]]}},{"type":"Feature","properties":{"type":"HDB"},"geometry":{"type":"Polygon","coordinates":[[[103.7435889,1.3958023],[103.7437043,1.3957777],[103.7437121,1.3958136],[103.7437358,1.3958086],[103.7437176,1.3957226],[103.7436992,1.3957265],[103.743693,1.3956972],[103.7437365,1.3956879],[103.7437332,1.3956721],[103.7437674,1.3956648],[103.7437707,1.3956806],[103.7438143,1.3956713],[103.7438205,1.3957007],[103.7438071,1.3957037],[103.7438253,1.3957896],[103.743849,1.3957845],[103.7438413,1.3957479],[103.7438466,1.3957468],[103.743848,1.3957532],[103.743877,1.395747],[103.7438756,1.3957406],[103.743932,1.3957285],[103.7439566,1.3958449],[103.7439433,1.3958478],[103.7439562,1.3959088],[103.7439695,1.3959059],[103.7439895,1.3960005],[103.7438831,1.3960232],[103.7438476,1.3958551],[103.7436107,1.3959058],[103.7435889,1.3958023]]]}},{"type":"Feature","properties":{"type":"HDB"},"geometry":{"type":"Polygon","coordinates":[[[103.7451212,1.3960756],[103.7450859,1.3959084],[103.744849,1.395959],[103.7448271,1.3958556],[103.7449425,1.3958309],[103.7449503,1.3958668],[103.744974,1.3958618],[103.7449559,1.3957758],[103.7449374,1.3957797],[103.7449312,1.3957504],[103.7449748,1.3957412],[103.7449714,1.3957253],[103.7450056,1.395718],[103.745009,1.3957338],[103.7450526,1.3957245],[103.7450588,1.3957539],[103.7450453,1.3957569],[103.7450635,1.3958428],[103.7450873,1.3958377],[103.7450795,1.3958011],[103.7450848,1.3958],[103.7450862,1.3958065],[103.7451152,1.3958002],[103.7451138,1.3957938],[103.7451703,1.3957817],[103.7451949,1.3958981],[103.7451815,1.395901],[103.7451944,1.395962],[103.7452077,1.3959591],[103.7452275,1.3960528],[103.7451212,1.3960756]]]}},{"type":"Feature","properties":{"type":"HDB"},"geometry":{"type":"Polygon","coordinates":[[[103.7433298,1.3957751],[103.7433734,1.3957657],[103.74337,1.3957498],[103.7434043,1.3957424],[103.7434077,1.3957583],[103.743451,1.3957491],[103.7434572,1.3957784],[103.7434388,1.3957824],[103.7434569,1.3958681],[103.7434804,1.395863],[103.7434728,1.3958272],[103.7435887,1.3958024],[103.7436105,1.3959059],[103.7433736,1.3959566],[103.7434092,1.3961251],[103.7433028,1.3961478],[103.7432826,1.3960522],[103.743296,1.3960493],[103.7432831,1.3959884],[103.7432697,1.3959912],[103.7432453,1.3958754],[103.7433023,1.3958632],[103.7433037,1.3958693],[103.7433311,1.3958634],[103.7433298,1.3958573],[103.7433359,1.395856],[103.7433436,1.3958924],[103.7433674,1.3958872],[103.7433493,1.3958014],[103.7433359,1.3958043],[103.7433298,1.3957751]]]}},{"type":"Feature","properties":{"type":"HDB"},"geometry":{"type":"Polygon","coordinates":[[[103.7446116,1.3958189],[103.7446083,1.3958029],[103.7446426,1.3957956],[103.744646,1.3958115],[103.7446893,1.3958023],[103.7446955,1.3958316],[103.744677,1.3958356],[103.7446951,1.3959212],[103.7447187,1.3959162],[103.744711,1.3958804],[103.7448269,1.3958556],[103.7448488,1.3959591],[103.7446118,1.3960098],[103.7446474,1.3961782],[103.7445411,1.396201],[103.7445209,1.3961054],[103.7445342,1.3961025],[103.7445213,1.3960416],[103.744508,1.3960444],[103.7444835,1.3959286],[103.7445406,1.3959164],[103.744542,1.3959225],[103.7445693,1.3959166],[103.744568,1.3959105],[103.7445742,1.3959092],[103.7445818,1.3959455],[103.7446057,1.3959404],[103.7445875,1.3958546],[103.7445742,1.3958575],[103.744568,1.3958283],[103.7446116,1.3958189]]]}},{"type":"Feature","properties":{"type":"HDB"},"geometry":{"type":"Polygon","coordinates":[[[103.7441984,1.3964656],[103.7440854,1.3959304],[103.7443539,1.395873],[103.7444669,1.3964082],[103.7441984,1.3964656]]]}},{"type":"Feature","properties":{"type":"HDB"},"geometry":{"type":"Polygon","coordinates":[[[103.7430737,1.3958675],[103.7430939,1.3959633],[103.7430806,1.3959661],[103.7430936,1.3960275],[103.7431068,1.3960247],[103.7431301,1.3961349],[103.743087,1.396144],[103.7430863,1.3961405],[103.7430688,1.3961442],[103.7430778,1.396187],[103.7430953,1.3961832],[103.7430945,1.3961796],[103.7431376,1.3961704],[103.7431609,1.3962806],[103.7431475,1.3962836],[103.7431606,1.3963453],[103.7433071,1.396314],[103.7433297,1.396421],[103.7432348,1.3964413],[103.7432319,1.3964277],[103.7431977,1.3964351],[103.7432007,1.3964486],[103.7430858,1.3964732],[103.7430738,1.3964166],[103.7430799,1.3964153],[103.7429673,1.3958903],[103.7430737,1.3958675]]]}},{"type":"Feature","properties":{"type":"HDB"},"geometry":{"type":"Polygon","coordinates":[[[103.743335,1.3963006],[103.7438096,1.3961991],[103.7438134,1.396217],[103.7439193,1.3961943],[103.7438832,1.3960234],[103.7439895,1.3960005],[103.7440102,1.3960988],[103.7439971,1.3961016],[103.74401,1.3961625],[103.7440231,1.3961597],[103.7440475,1.3962753],[103.7439915,1.3962873],[103.7439902,1.3962813],[103.743961,1.3962876],[103.7439622,1.3962936],[103.7439572,1.3962947],[103.7439495,1.3962584],[103.7439156,1.3962657],[103.7439337,1.3963516],[103.7439468,1.3963488],[103.743953,1.396378],[103.7439095,1.3963872],[103.7439128,1.3964031],[103.7438785,1.3964104],[103.7438751,1.3963944],[103.7438316,1.3964037],[103.7438255,1.3963746],[103.743844,1.3963707],[103.7438259,1.3962848],[103.743792,1.396292],[103.743798,1.3963208],[103.7434157,1.3964026],[103.74341,1.3963761],[103.7433882,1.3963808],[103.7433936,1.3964074],[103.74333,1.396421],[103.7433092,1.3963227],[103.7433383,1.3963164],[103.743335,1.3963006]]]}},{"type":"Feature","properties":{"type":"HDB"},"geometry":{"type":"Polygon","coordinates":[[[103.7457921,1.396375],[103.7457792,1.3963544],[103.7456758,1.3964198],[103.745627,1.3963417],[103.7457306,1.3962763],[103.7457177,1.3962556],[103.7456765,1.3962817],[103.7456665,1.3962655],[103.7456704,1.3962631],[103.7456618,1.3962493],[103.7456579,1.3962517],[103.7456297,1.3962066],[103.7457212,1.3961487],[103.7457256,1.3961556],[103.7457605,1.3961335],[103.7457562,1.3961266],[103.7458298,1.3960801],[103.7458343,1.396087],[103.7458638,1.3960683],[103.7458594,1.3960614],[103.7459379,1.3960118],[103.7459933,1.3961006],[103.7457681,1.396243],[103.7458254,1.3963349],[103.7460355,1.3962021],[103.7460914,1.3962916],[103.7460746,1.3963022],[103.7460817,1.3963137],[103.7461039,1.3962998],[103.7461293,1.3963404],[103.7461242,1.3963435],[103.7461327,1.3963571],[103.7461377,1.396354],[103.7461546,1.3963809],[103.7461087,1.3964109],[103.7461027,1.3964013],[103.7460865,1.3964115],[103.7460927,1.3964214],[103.7460581,1.396444],[103.7459988,1.3963491],[103.7459189,1.3963996],[103.7459145,1.3963927],[103.7458847,1.3964115],[103.7458891,1.3964185],[103.7457979,1.3964761],[103.7457696,1.3964308],[103.7457734,1.3964284],[103.7457647,1.3964146],[103.745761,1.3964169],[103.7457511,1.3964011],[103.7457921,1.396375]]]}},{"type":"Feature","properties":{"type":"HDB"},"geometry":{"type":"Polygon","coordinates":[[[103.7452275,1.3960528],[103.7452475,1.3961472],[103.7452341,1.3961501],[103.7452469,1.3962108],[103.7452603,1.3962079],[103.7452848,1.3963239],[103.7452284,1.3963359],[103.7452272,1.3963297],[103.7451982,1.3963359],[103.7451995,1.3963421],[103.7451942,1.3963432],[103.7451865,1.3963069],[103.745163,1.3963119],[103.7451811,1.3963977],[103.7451941,1.3963949],[103.7452003,1.3964242],[103.7451569,1.3964335],[103.7451603,1.3964494],[103.7451259,1.3964567],[103.7451226,1.3964409],[103.745079,1.3964502],[103.7450728,1.3964208],[103.7450913,1.3964168],[103.7450732,1.3963311],[103.7450495,1.3963362],[103.7450556,1.396365],[103.7447364,1.3964333],[103.7447307,1.3964068],[103.7447087,1.3964115],[103.7447144,1.396438],[103.7446503,1.3964517],[103.7446296,1.3963535],[103.7446588,1.3963473],[103.7446555,1.3963313],[103.7450571,1.3962454],[103.7450607,1.3962633],[103.7451565,1.3962428],[103.7451212,1.3960756],[103.7452275,1.3960528]]]}},{"type":"Feature","properties":{"type":"HDB"},"geometry":{"type":"Polygon","coordinates":[[[103.7446759,1.3969544],[103.744675,1.3969764],[103.7445457,1.3969708],[103.7445499,1.3968707],[103.7445782,1.3968719],[103.7445789,1.3968555],[103.7451748,1.3968811],[103.7452484,1.3968778],[103.7452567,1.3970653],[103.7451822,1.3970686],[103.7451791,1.396998],[103.7449906,1.3969899],[103.7449913,1.3969724],[103.74496,1.396971],[103.7449593,1.3969886],[103.7446975,1.3969773],[103.7446984,1.3969554],[103.7446759,1.3969544]]]}},{"type":"Feature","properties":{"type":"HDB"},"geometry":{"type":"Polygon","coordinates":[[[103.7443364,1.3968671],[103.7443704,1.3968626],[103.7443711,1.3968465],[103.7444968,1.3968519],[103.7444925,1.3969531],[103.7444588,1.3969517],[103.7444591,1.3969418],[103.7444357,1.3969406],[103.7444353,1.3969507],[103.7443949,1.3969489],[103.7443954,1.396939],[103.7443712,1.396938],[103.7443709,1.3969479],[103.7443673,1.3969477],[103.7443664,1.396968],[103.7443979,1.397207],[103.7445327,1.397189],[103.7445361,1.3972206],[103.74456,1.3972173],[103.7445548,1.397186],[103.7446799,1.3971693],[103.744693,1.3972693],[103.7446596,1.397274],[103.7446581,1.3972642],[103.744635,1.3972673],[103.7446363,1.3972772],[103.7446095,1.3972808],[103.7446185,1.3973475],[103.7446816,1.3973389],[103.744683,1.3973486],[103.7447061,1.3973453],[103.7447048,1.3973357],[103.7447383,1.3973312],[103.7447516,1.3974316],[103.7446265,1.3974483],[103.7446242,1.3974318],[103.744603,1.3974347],[103.7446052,1.3974512],[103.7444803,1.3974678],[103.7444744,1.3974231],[103.7444549,1.3974258],[103.74445,1.3973892],[103.7445032,1.3973822],[103.744504,1.3973878],[103.7445144,1.3973863],[103.744511,1.3973609],[103.7445264,1.3973587],[103.7445207,1.3973169],[103.744546,1.3973134],[103.7445429,1.3972896],[103.7444273,1.3973052],[103.7444282,1.3973137],[103.7443874,1.3973192],[103.7443862,1.3973107],[103.7443114,1.3973207],[103.7442943,1.3971909],[103.7443256,1.3971878],[103.7443189,1.3971374],[103.7442879,1.3971424],[103.7442708,1.3970127],[103.7443021,1.3970095],[103.744299,1.3969864],[103.744268,1.3969913],[103.744251,1.3968625],[103.7443343,1.3968514],[103.7443364,1.3968671]]]}},{"type":"Feature","properties":{"type":"HDB"},"geometry":{"type":"Polygon","coordinates":[[[103.7451537,1.397153],[103.7451541,1.3971622],[103.7452608,1.3971574],[103.7452819,1.3976354],[103.7452543,1.3976366],[103.7452567,1.3976902],[103.7451846,1.3977921],[103.7450371,1.3976865],[103.7450353,1.3976464],[103.7450077,1.3976476],[103.7449865,1.3971697],[103.7450924,1.397165],[103.7450922,1.397156],[103.7451537,1.397153]]]}},{"type":"Feature","properties":{"type":"HDB"},"geometry":{"type":"Polygon","coordinates":[[[103.7445089,1.3976264],[103.7444199,1.3976383],[103.7444024,1.3975056],[103.7444914,1.3974937],[103.7445089,1.3976264]]]}},{"type":"Feature","properties":{"type":"HDB"},"geometry":{"type":"Polygon","coordinates":[[[103.7446292,1.3976376],[103.7446313,1.3976545],[103.7446535,1.3976516],[103.7446513,1.3976347],[103.7447761,1.397618],[103.7447894,1.3977185],[103.7447557,1.3977229],[103.7447544,1.3977132],[103.7447313,1.3977163],[103.7447326,1.3977257],[103.7446693,1.3977341],[103.7446782,1.3978011],[103.7447027,1.3977978],[103.7447039,1.3978071],[103.7447292,1.3978037],[103.744728,1.3977943],[103.7447616,1.3977898],[103.7447748,1.3978901],[103.7446505,1.3979067],[103.7446464,1.3978755],[103.7446222,1.3978787],[103.7446263,1.3979099],[103.7443761,1.3979433],[103.744372,1.3979121],[103.7443495,1.3979151],[103.7443536,1.3979463],[103.7443432,1.3979477],[103.744363,1.3980979],[103.7442544,1.3981124],[103.7442417,1.3980166],[103.7442557,1.3980147],[103.7442509,1.397978],[103.7442369,1.3979799],[103.7442214,1.3978622],[103.7442754,1.397855],[103.7442761,1.3978612],[103.7443099,1.3978567],[103.7443092,1.3978505],[103.7446111,1.3978102],[103.744608,1.397786],[103.7445825,1.3977894],[103.7445769,1.3977463],[103.7445612,1.3977484],[103.7445583,1.3977261],[103.7445481,1.3977275],[103.7445486,1.3977311],[103.7444956,1.3977381],[103.7444908,1.3977019],[103.7445101,1.3976992],[103.7445042,1.3976543],[103.7446292,1.3976376]]]}},{"type":"Feature","properties":{"type":"HDB"},"geometry":{"type":"Polygon","coordinates":[[[103.7458064,1.3979474],[103.7463477,1.3977976],[103.7463453,1.3977889],[103.7464356,1.3977639],[103.7464626,1.3978626],[103.7464427,1.3978681],[103.7464514,1.3978999],[103.7464713,1.3978944],[103.7464976,1.3979909],[103.7464073,1.3980158],[103.746377,1.3979051],[103.7462771,1.3979328],[103.7462714,1.3979116],[103.7462431,1.3979195],[103.7462488,1.3979406],[103.7461743,1.3979612],[103.7461692,1.3979425],[103.7461347,1.3979521],[103.7461401,1.397972],[103.7460401,1.3979983],[103.7460345,1.3979776],[103.746006,1.3979855],[103.7460117,1.3980062],[103.7458632,1.3980473],[103.7458575,1.3980265],[103.7458446,1.3980301],[103.7458475,1.3980406],[103.7458234,1.3980473],[103.7458317,1.3980776],[103.7457414,1.3981026],[103.7457144,1.3980039],[103.7457342,1.3979985],[103.745724,1.3979611],[103.7457157,1.3979634],[103.7457171,1.3979686],[103.7456753,1.3979802],[103.7456584,1.3979181],[103.7456955,1.3979079],[103.7456914,1.3978929],[103.745753,1.3978759],[103.7457571,1.3978908],[103.7457886,1.3978821],[103.7458064,1.3979474]]]}},{"type":"Feature","properties":{"type":"HDB"},"geometry":{"type":"Polygon","coordinates":[[[103.7450036,1.3978327],[103.7450854,1.3978902],[103.7450692,1.3979137],[103.7450823,1.397923],[103.7448956,1.3981919],[103.7442757,1.3982746],[103.7442626,1.3981751],[103.7443299,1.3981661],[103.7443311,1.3981751],[103.7447817,1.398115],[103.7447841,1.3981324],[103.7448209,1.3981275],[103.7448554,1.3980778],[103.7448407,1.3980674],[103.7449165,1.3979582],[103.7449367,1.3979724],[103.7449496,1.3979538],[103.7449294,1.3979396],[103.7450036,1.3978327]]]}},{"type":"Feature","properties":{"type":"HDB"},"geometry":{"type":"Polygon","coordinates":[[[103.7433874,1.3982475],[103.743451,1.398239],[103.7434421,1.3981725],[103.7434152,1.3981761],[103.743414,1.3981665],[103.7433908,1.3981696],[103.743392,1.3981791],[103.7433587,1.3981836],[103.7433455,1.3980831],[103.7434694,1.3980666],[103.7434735,1.3980979],[103.7434977,1.3980947],[103.7434935,1.3980634],[103.743621,1.3980463],[103.7436229,1.3980628],[103.7436452,1.3980598],[103.7436431,1.3980434],[103.7437677,1.3980268],[103.7437809,1.3981272],[103.7437469,1.3981317],[103.7437457,1.398122],[103.7437226,1.3981251],[103.7437239,1.3981348],[103.7435086,1.3981635],[103.7435118,1.3981874],[103.7435373,1.398184],[103.7435428,1.3982257],[103.7435582,1.3982236],[103.7435614,1.3982474],[103.7435715,1.398246],[103.743571,1.3982424],[103.7436243,1.3982353],[103.7436291,1.3982716],[103.7436097,1.3982743],[103.7436156,1.3983189],[103.743491,1.3983356],[103.7434888,1.3983191],[103.7434666,1.3983221],[103.743469,1.3983385],[103.7433441,1.3983552],[103.7433309,1.3982548],[103.7433641,1.3982503],[103.7433656,1.3982605],[103.7433887,1.3982574],[103.7433874,1.3982475]]]}},{"type":"Feature","properties":{"type":"HDB"},"geometry":{"type":"Polygon","coordinates":[[[103.7455675,1.3982775],[103.7455815,1.3983138],[103.7455836,1.3983362],[103.7455802,1.3983371],[103.7455823,1.3983448],[103.746206,1.3981723],[103.746199,1.3981466],[103.7462894,1.3981216],[103.7463164,1.3982205],[103.7462963,1.3982261],[103.7463065,1.3982632],[103.746315,1.3982609],[103.7463135,1.3982556],[103.7463554,1.398244],[103.7463724,1.3983061],[103.746335,1.3983164],[103.746339,1.3983313],[103.7462771,1.3983485],[103.7462731,1.3983335],[103.7462422,1.3983421],[103.7462241,1.3982761],[103.7462066,1.3982809],[103.7462027,1.3982666],[103.7461898,1.3982702],[103.7461955,1.3982909],[103.746047,1.398332],[103.7460413,1.398311],[103.7460131,1.3983188],[103.7460188,1.3983397],[103.7459462,1.3983598],[103.7459523,1.3983822],[103.745925,1.3983897],[103.7459196,1.39837],[103.7458832,1.39838],[103.7458825,1.3983774],[103.7458097,1.3983976],[103.745804,1.3983768],[103.7457756,1.3983846],[103.7457813,1.3984054],[103.7456329,1.3984465],[103.7456272,1.3984255],[103.7456145,1.398429],[103.7456174,1.3984396],[103.7455903,1.3984471],[103.7455874,1.3984366],[103.7455747,1.39844],[103.7455804,1.398461],[103.7454296,1.3985027],[103.7454239,1.3984818],[103.7454075,1.3984864],[103.7453838,1.3983997],[103.745551,1.3983535],[103.7455309,1.3982797],[103.7454434,1.3983039],[103.7454185,1.3982129],[103.7455164,1.3981858],[103.7455218,1.3982058],[103.7455536,1.398197],[103.7455481,1.398177],[103.745644,1.3981505],[103.7456688,1.3982413],[103.745562,1.3982708],[103.745564,1.3982784],[103.7455675,1.3982775]]]}},{"type":"Feature","properties":{"type":"HDB"},"geometry":{"type":"Polygon","coordinates":[[[103.7439804,1.3981006],[103.7439053,1.3981106],[103.7439041,1.3981006],[103.743881,1.3981037],[103.7438822,1.3981137],[103.7438486,1.3981181],[103.7438354,1.3980177],[103.7439592,1.3980012],[103.7439612,1.3980179],[103.7439855,1.3980146],[103.7439837,1.3979993],[103.7440667,1.3979882],[103.7440835,1.3981156],[103.7440525,1.3981197],[103.7440557,1.3981439],[103.7440867,1.3981398],[103.7441034,1.3982669],[103.7440725,1.398271],[103.7440792,1.3983221],[103.7441101,1.3983179],[103.7441269,1.3984455],[103.7438953,1.3984764],[103.7438985,1.3985006],[103.7439239,1.3984972],[103.7439296,1.3985403],[103.7439452,1.3985382],[103.7439481,1.3985604],[103.7439583,1.3985591],[103.7439578,1.3985555],[103.7440109,1.3985484],[103.7440157,1.3985847],[103.7439964,1.3985873],[103.7440023,1.3986322],[103.7438773,1.3986489],[103.7438751,1.398632],[103.7438529,1.398635],[103.7438551,1.3986519],[103.7437303,1.3986686],[103.7437171,1.3985681],[103.7437507,1.3985636],[103.743752,1.3985734],[103.7437751,1.3985703],[103.7437739,1.3985609],[103.7438371,1.3985525],[103.7438283,1.3984855],[103.7438038,1.3984888],[103.7438025,1.3984795],[103.7437772,1.3984829],[103.7437784,1.3984923],[103.7437448,1.3984968],[103.7437316,1.3983965],[103.7438557,1.39838],[103.7438598,1.3984116],[103.7438839,1.3984084],[103.7438797,1.3983767],[103.7440144,1.3983588],[103.7439804,1.3981006]]]}},{"type":"Feature","properties":{"type":"HDB"},"geometry":{"type":"Polygon","coordinates":[[[103.7449022,1.3988808],[103.7448508,1.3984912],[103.7447971,1.3984983],[103.7447981,1.3985061],[103.7447048,1.3985186],[103.7447037,1.3985106],[103.7446603,1.3985164],[103.7446613,1.3985244],[103.744598,1.3985328],[103.744597,1.3985256],[103.7445531,1.3985315],[103.7445541,1.3985387],[103.7444607,1.3985511],[103.7444598,1.398544],[103.7444038,1.3985515],[103.7444219,1.3986895],[103.744332,1.3987015],[103.7443184,1.3985984],[103.7443477,1.3985946],[103.7443427,1.3985561],[103.7443133,1.3985598],[103.7442995,1.398455],[103.7449293,1.3983709],[103.744943,1.3984751],[103.7449092,1.3984796],[103.7449142,1.398518],[103.744948,1.3985135],[103.7449754,1.3987212],[103.7449416,1.3987258],[103.744944,1.3987445],[103.7449779,1.39874],[103.744992,1.3988472],[103.7449742,1.3988496],[103.744977,1.3988709],[103.7449022,1.3988808]]]}},{"type":"Feature","properties":{"type":"HDB"},"geometry":{"type":"Polygon","coordinates":[[[103.7458933,1.3986118],[103.745966,1.3985917],[103.7459599,1.3985693],[103.7459872,1.3985617],[103.7459926,1.3985815],[103.7461025,1.3985539],[103.7461082,1.3985747],[103.7461365,1.3985669],[103.7461309,1.3985461],[103.7462792,1.398505],[103.746285,1.398526],[103.7462976,1.3985225],[103.7462947,1.3985119],[103.7463219,1.3985044],[103.7463248,1.3985149],[103.7463375,1.3985114],[103.7463318,1.3984905],[103.7464825,1.3984487],[103.7464882,1.3984696],[103.7465047,1.398465],[103.7465283,1.3985517],[103.7463611,1.3985979],[103.7463813,1.3986717],[103.7464688,1.3986475],[103.7464937,1.3987386],[103.7463958,1.3987656],[103.7463903,1.3987456],[103.7463586,1.3987544],[103.746364,1.3987744],[103.7462681,1.398801],[103.7462433,1.3987102],[103.7463501,1.3986806],[103.7463481,1.398673],[103.7463447,1.398674],[103.7463319,1.398644],[103.7463285,1.3986152],[103.746332,1.3986143],[103.7463299,1.3986066],[103.7457061,1.3987792],[103.7457132,1.3988049],[103.7456228,1.3988299],[103.7455958,1.398731],[103.7456158,1.3987254],[103.7456057,1.3986883],[103.7455971,1.3986907],[103.7455986,1.398696],[103.7455567,1.3987075],[103.7455398,1.3986455],[103.7455772,1.3986351],[103.7455731,1.3986202],[103.745635,1.3986031],[103.7456391,1.398618],[103.74567,1.3986094],[103.745688,1.3986754],[103.7457055,1.3986706],[103.7457094,1.3986849],[103.7457223,1.3986813],[103.7457167,1.3986606],[103.7458651,1.3986196],[103.7458709,1.3986405],[103.745899,1.3986327],[103.7458933,1.3986118]]]}},{"type":"Feature","properties":{"type":"HDB"},"geometry":{"type":"Polygon","coordinates":[[[103.7432961,1.3984722],[103.7435682,1.3984359],[103.7436574,1.3991127],[103.7433853,1.3991491],[103.7432961,1.3984722]]]}},{"type":"Feature","properties":{"type":"HDB"},"geometry":{"type":"Polygon","coordinates":[[[103.7443613,1.3987746],[103.7445967,1.3987431],[103.7446095,1.39884],[103.7445774,1.3988443],[103.7445761,1.3988346],[103.744552,1.3988378],[103.7445533,1.3988476],[103.7444784,1.3988576],[103.7444873,1.3989249],[103.7445303,1.3989192],[103.7445315,1.398929],[103.7445555,1.3989259],[103.7445542,1.3989159],[103.7445863,1.3989116],[103.7445991,1.3990083],[103.7444815,1.3990241],[103.7444792,1.3990062],[103.7444552,1.3990095],[103.7444575,1.3990272],[103.7443522,1.3990413],[103.7443477,1.3990072],[103.7443095,1.3990123],[103.744314,1.3990464],[103.7441066,1.3990741],[103.7441021,1.3990402],[103.7440637,1.3990453],[103.7440682,1.3990793],[103.7439631,1.3990933],[103.7439607,1.3990754],[103.7439367,1.3990785],[103.743939,1.3990964],[103.7438214,1.3991122],[103.7438087,1.3990153],[103.7438405,1.3990111],[103.7438418,1.399021],[103.7438658,1.3990178],[103.7438644,1.3990079],[103.7438859,1.399005],[103.743877,1.3989377],[103.7438237,1.3989449],[103.7438224,1.398935],[103.7437985,1.3989382],[103.7437998,1.3989481],[103.7437677,1.3989524],[103.743755,1.3988556],[103.7439902,1.3988242],[103.7439955,1.3988646],[103.744015,1.398862],[103.7440196,1.3988968],[103.7439559,1.3989034],[103.7439588,1.398925],[103.7439643,1.3989242],[103.7439703,1.3989692],[103.7439488,1.3989721],[103.7439525,1.3989998],[103.7444532,1.3989329],[103.7444439,1.3988621],[103.7444175,1.3988656],[103.7444148,1.3988447],[103.744352,1.3988531],[103.7443472,1.398817],[103.7443665,1.3988144],[103.7443613,1.3987746]]]}},{"type":"Feature","properties":{"type":"HDB"},"geometry":{"type":"Polygon","coordinates":[[[103.7449022,1.3988808],[103.744977,1.3988709],[103.7451218,1.3989827],[103.7450576,1.3990671],[103.7450309,1.3990463],[103.7450076,1.3990769],[103.7450344,1.3990976],[103.7448796,1.3993011],[103.7448152,1.3993097],[103.744813,1.3992946],[103.7447952,1.399297],[103.7448003,1.3993363],[103.7445926,1.399364],[103.744588,1.3993303],[103.7445507,1.3993353],[103.7445551,1.399369],[103.7444253,1.3993864],[103.7444261,1.3993917],[103.7443495,1.399402],[103.7443356,1.3992971],[103.7443651,1.3992932],[103.74436,1.3992546],[103.7443306,1.3992585],[103.744317,1.3991554],[103.7444069,1.3991434],[103.7444264,1.3992913],[103.7447992,1.3992416],[103.7448919,1.3991198],[103.7448969,1.3991237],[103.744987,1.3990052],[103.7449108,1.3989465],[103.7449022,1.3988808]]]}},{"type":"Feature","properties":{"type":"HDB"},"geometry":{"type":"Polygon","coordinates":[[[103.7434619,1.3992493],[103.7436972,1.3992179],[103.7437025,1.3992578],[103.7437219,1.3992552],[103.7437266,1.3992907],[103.7436637,1.399299],[103.7436662,1.3993185],[103.7436712,1.3993179],[103.7436771,1.3993631],[103.7436562,1.3993659],[103.7436598,1.3993935],[103.7440077,1.3993472],[103.7439883,1.3991993],[103.7440783,1.3991873],[103.7440918,1.3992903],[103.7440626,1.3992943],[103.7440677,1.3993329],[103.7440969,1.399329],[103.7441107,1.3994338],[103.7440341,1.399444],[103.7440334,1.3994387],[103.7435283,1.3995059],[103.7435156,1.3994091],[103.7435477,1.3994048],[103.743549,1.3994144],[103.7435731,1.3994112],[103.7435718,1.3994015],[103.7435925,1.3993987],[103.7435836,1.3993315],[103.7435304,1.3993386],[103.7435292,1.3993291],[103.7435055,1.3993322],[103.7435067,1.3993418],[103.7434747,1.3993461],[103.7434619,1.3992493]]]}},{"type":"Feature","properties":{"type":"HDB"},"geometry":{"type":"Polygon","coordinates":[[[103.7449166,1.3994986],[103.7449356,1.3996024],[103.7449017,1.3996087],[103.7449087,1.3996471],[103.7449426,1.3996408],[103.7449805,1.3998479],[103.7449466,1.3998542],[103.7449536,1.3998925],[103.7449876,1.3998862],[103.7450317,1.4001274],[103.7449336,1.4001456],[103.7449084,1.4000078],[103.7449146,1.4000066],[103.7448416,1.399608],[103.7447826,1.399619],[103.7447867,1.3996413],[103.7447388,1.3996502],[103.7447376,1.3996434],[103.7446501,1.3996596],[103.7446514,1.3996664],[103.7445585,1.3996837],[103.7445572,1.3996765],[103.7445016,1.3996869],[103.7445256,1.3998185],[103.7444364,1.399835],[103.7444177,1.3997327],[103.7444469,1.3997273],[103.7444398,1.3996889],[103.7444106,1.3996943],[103.7443916,1.3995905],[103.7444676,1.3995764],[103.7444686,1.3995817],[103.7449166,1.3994986]]]}},{"type":"Feature","properties":{"type":"HDB"},"geometry":{"type":"Polygon","coordinates":[[[103.7435679,1.4000163],[103.7435503,1.3999203],[103.7435822,1.3999144],[103.7435839,1.3999239],[103.7436074,1.3999195],[103.7436057,1.3999101],[103.7436585,1.3999003],[103.7436462,1.3998336],[103.7436257,1.3998374],[103.743624,1.3998277],[103.7436001,1.3998322],[103.7436018,1.3998417],[103.7435699,1.3998476],[103.7435524,1.3997516],[103.7440534,1.3996587],[103.7440524,1.3996534],[103.7441284,1.3996393],[103.7441474,1.3997433],[103.7441185,1.3997486],[103.7441255,1.399787],[103.7441545,1.3997816],[103.7441732,1.3998839],[103.7440839,1.3999004],[103.7440571,1.3997536],[103.7437119,1.3998177],[103.7437169,1.3998451],[103.7437377,1.3998412],[103.7437459,1.3998861],[103.743741,1.399887],[103.7437446,1.3999063],[103.743807,1.3998947],[103.7438134,1.3999299],[103.7437941,1.3999335],[103.7438013,1.399973],[103.7435679,1.4000163]]]}},{"type":"Feature","properties":{"type":"HDB"},"geometry":{"type":"Polygon","coordinates":[[[103.743946,1.4001357],[103.7439284,1.4000396],[103.7440451,1.400018],[103.7440483,1.4000357],[103.7440722,1.4000313],[103.7440689,1.4000135],[103.7441731,1.3999942],[103.7441793,1.4000278],[103.7442174,1.4000207],[103.7442113,1.3999871],[103.744417,1.3999489],[103.7444233,1.3999827],[103.7444611,1.3999757],[103.744455,1.3999419],[103.7445594,1.3999226],[103.7445626,1.3999401],[103.7445864,1.3999357],[103.7445832,1.3999181],[103.7446998,1.3998965],[103.7447174,1.3999924],[103.7446855,1.3999983],[103.7446837,1.3999885],[103.74466,1.3999929],[103.7446618,1.4000027],[103.7446192,1.4000105],[103.7446314,1.4000773],[103.7447057,1.4000635],[103.7447075,1.4000733],[103.7447314,1.4000688],[103.7447296,1.4000592],[103.7447614,1.4000533],[103.744779,1.4001494],[103.7445455,1.4001927],[103.7445382,1.4001532],[103.7445191,1.4001567],[103.7445125,1.4001209],[103.7445748,1.4001094],[103.744571,1.4000886],[103.7445971,1.4000838],[103.7445843,1.4000135],[103.7440875,1.4001057],[103.7440926,1.4001332],[103.7441138,1.4001293],[103.744122,1.4001739],[103.7441165,1.4001749],[103.7441204,1.4001963],[103.744183,1.4001828],[103.7441894,1.4002173],[103.74417,1.4002209],[103.7441773,1.400261],[103.743944,1.4003043],[103.7439264,1.4002082],[103.7439582,1.4002024],[103.74396,1.4002121],[103.7439837,1.4002078],[103.7439819,1.400198],[103.7440348,1.4001882],[103.7440226,1.4001215],[103.7440013,1.4001254],[103.7439995,1.4001156],[103.7439758,1.4001199],[103.7439776,1.4001298],[103.743946,1.4001357]]]}},{"type":"Feature","properties":{"type":"HDB"},"geometry":{"type":"Polygon","coordinates":[[[103.7437855,1.4000875],[103.7439084,1.400759],[103.7436384,1.400809],[103.7435155,1.4001375],[103.7437855,1.4000875]]]}},{"type":"Feature","properties":{"type":"HDB"},"geometry":{"type":"Polygon","coordinates":[[[103.744581,1.4003869],[103.7448145,1.4003435],[103.7448321,1.4004396],[103.7448004,1.4004454],[103.7447986,1.4004358],[103.7447747,1.4004403],[103.7447765,1.40045],[103.7447022,1.4004638],[103.7447144,1.4005306],[103.744757,1.4005227],[103.7447588,1.4005324],[103.7447826,1.400528],[103.7447807,1.4005182],[103.7448126,1.4005123],[103.7448302,1.4006082],[103.7447136,1.4006299],[103.7447104,1.4006122],[103.7446866,1.4006167],[103.7446898,1.4006343],[103.7445853,1.4006537],[103.7445791,1.4006199],[103.7445413,1.4006269],[103.7445475,1.4006608],[103.7443417,1.400699],[103.7443355,1.4006653],[103.7442974,1.4006724],[103.7443036,1.4007061],[103.7441993,1.4007255],[103.7441961,1.4007077],[103.7441722,1.4007121],[103.7441755,1.4007298],[103.7440588,1.4007515],[103.7440412,1.4006554],[103.7440728,1.4006496],[103.7440746,1.4006595],[103.7440983,1.400655],[103.7440965,1.4006451],[103.7441178,1.4006412],[103.7441055,1.4005745],[103.7440527,1.4005843],[103.7440509,1.4005746],[103.7440271,1.400579],[103.744029,1.4005888],[103.7439972,1.4005947],[103.7439795,1.4004986],[103.7442128,1.4004553],[103.7442202,1.4004954],[103.7442396,1.4004918],[103.7442459,1.4005263],[103.7441826,1.4005361],[103.7441866,1.4005576],[103.7441921,1.4005566],[103.7442003,1.4006011],[103.744179,1.4006051],[103.744184,1.4006327],[103.7446808,1.4005403],[103.7446679,1.4004701],[103.7446417,1.400475],[103.7446379,1.4004542],[103.7445757,1.4004658],[103.7445691,1.40043],[103.7445882,1.4004264],[103.744581,1.4003869]]]}},{"type":"Feature","properties":{"type":"HDB"},"geometry":{"type":"Polygon","coordinates":[[[103.7449538,1.4008244],[103.7450017,1.4008155],[103.7450058,1.4008378],[103.7450388,1.4008317],[103.7450348,1.4008094],[103.7450607,1.4008046],[103.744992,1.4004283],[103.7449859,1.4004295],[103.7449607,1.4002916],[103.7450588,1.4002735],[103.7451028,1.4005148],[103.7450689,1.400521],[103.7450759,1.4005593],[103.7451098,1.400553],[103.7451476,1.4007601],[103.7451137,1.4007664],[103.7451207,1.4008048],[103.7451546,1.4007985],[103.7451736,1.4009023],[103.7447255,1.4009852],[103.7447265,1.4009905],[103.7446505,1.4010046],[103.7446315,1.4009007],[103.7446607,1.4008953],[103.7446537,1.4008569],[103.7446245,1.4008623],[103.7446058,1.40076],[103.7446951,1.4007434],[103.7447191,1.4008751],[103.7447748,1.4008648],[103.7447735,1.4008577],[103.7448664,1.4008405],[103.7448676,1.4008474],[103.7449551,1.4008312],[103.7449538,1.4008244]]]}},{"type":"Feature","properties":{"type":"HDB"},"geometry":{"type":"Polygon","coordinates":[[[103.7436964,1.4009086],[103.7439299,1.4008654],[103.7439372,1.4009052],[103.7439564,1.4009016],[103.7439628,1.4009364],[103.7439002,1.400948],[103.7439041,1.4009695],[103.7438826,1.4009735],[103.7438955,1.4010437],[103.7442464,1.4009786],[103.7442195,1.4008319],[103.7443088,1.4008153],[103.7443275,1.4009177],[103.7442984,1.4009231],[103.7443054,1.4009613],[103.7443345,1.4009559],[103.7443536,1.4010599],[103.7442776,1.401074],[103.7442766,1.4010686],[103.7437756,1.4011616],[103.7437579,1.4010654],[103.7437896,1.4010595],[103.7437914,1.4010692],[103.7438154,1.4010648],[103.7438058,1.4010127],[103.7438289,1.4010084],[103.7438246,1.4009844],[103.7437695,1.4009946],[103.7437677,1.4009847],[103.743744,1.4009891],[103.7437458,1.4009988],[103.7437139,1.4010047],[103.7436964,1.4009086]]]}},{"type":"Feature","properties":{"type":"HDB"},"geometry":{"type":"Polygon","coordinates":[[[103.746051,1.401199],[103.7460557,1.4012147],[103.7460646,1.4012131],[103.7460652,1.4012167],[103.7461205,1.4012064],[103.7461169,1.4011869],[103.7461219,1.4011841],[103.7461908,1.4011713],[103.7461964,1.4011721],[103.7461996,1.4011798],[103.746212,1.4012575],[103.7461783,1.4012656],[103.74618,1.4012745],[103.7461764,1.4012751],[103.746179,1.4012894],[103.7460633,1.4013099],[103.7460373,1.4013479],[103.7460647,1.4014981],[103.7460833,1.4014946],[103.7460762,1.4014656],[103.7460637,1.4013874],[103.746084,1.4013837],[103.7460863,1.4013961],[103.7460898,1.4013955],[103.7460914,1.4014044],[103.7461011,1.4014026],[103.746099,1.4013809],[103.7461402,1.4013714],[103.7461485,1.4013717],[103.7461649,1.4014515],[103.7461641,1.4014571],[103.7461447,1.4014607],[103.7461489,1.4014839],[103.7461622,1.4014814],[103.7461646,1.4014846],[103.7461672,1.4015089],[103.746154,1.4015114],[103.7461585,1.4015363],[103.746178,1.4015327],[103.7461807,1.4015377],[103.7461926,1.4016128],[103.7461484,1.401621],[103.7461496,1.4016272],[103.7461446,1.4016299],[103.7461101,1.4016363],[103.7460937,1.4016366],[103.7460933,1.401634],[103.7460809,1.4016363],[103.7460814,1.4016389],[103.746066,1.4016445],[103.7460315,1.4016509],[103.7460259,1.4016501],[103.7460247,1.4016439],[103.7460198,1.4016467],[103.7459805,1.4016521],[103.7459778,1.4016471],[103.7459659,1.4015721],[103.7459871,1.4015681],[103.7459822,1.4015414],[103.7460149,1.4015354],[103.7460074,1.4014944],[103.7460051,1.401482],[103.7459813,1.4014864],[103.7459779,1.401468],[103.7459479,1.4014735],[103.7459451,1.4014685],[103.7459349,1.4014127],[103.7459357,1.401407],[103.7459513,1.4014023],[103.7459496,1.4013934],[103.7459523,1.4013929],[103.7459462,1.4013748],[103.74593,1.4013759],[103.7459273,1.4013709],[103.7459175,1.4013077],[103.7459429,1.4013029],[103.7459879,1.4012372],[103.7459832,1.4012116],[103.746051,1.401199]]]}},{"type":"Feature","properties":{"type":"HDB"},"geometry":{"type":"Polygon","coordinates":[[[103.7449943,1.4015412],[103.7449965,1.4015235],[103.7449824,1.4015262],[103.7449654,1.4014365],[103.7450062,1.4014286],[103.7450051,1.4014228],[103.7450228,1.4014194],[103.7450239,1.4014252],[103.7450351,1.4014231],[103.7450405,1.4014512],[103.7450572,1.4014481],[103.7450546,1.4014341],[103.745072,1.4014251],[103.7450818,1.4014288],[103.7450879,1.4014277],[103.7450906,1.4014419],[103.7451012,1.4014398],[103.7450958,1.4014114],[103.7451267,1.4014055],[103.7451253,1.4013981],[103.7451439,1.4013945],[103.7451452,1.4014019],[103.7451514,1.4014007],[103.7451627,1.4014602],[103.7451918,1.4014546],[103.7451805,1.4013951],[103.7451867,1.401394],[103.7451853,1.4013866],[103.7452038,1.401383],[103.7452052,1.4013904],[103.7452361,1.4013844],[103.7452415,1.4014128],[103.7452521,1.4014108],[103.7452494,1.4013966],[103.7452552,1.4013955],[103.7452632,1.4013883],[103.7452823,1.4013903],[103.745285,1.4014045],[103.7453362,1.4013946],[103.7453308,1.4013662],[103.7453405,1.4013644],[103.7453394,1.4013586],[103.7453571,1.4013552],[103.7453581,1.401361],[103.7453677,1.4013591],[103.7453854,1.4013713],[103.7453961,1.4013555],[103.7454406,1.401386],[103.745428,1.4014047],[103.7454422,1.4014077],[103.7454476,1.4014126],[103.7454498,1.4014196],[103.7454555,1.4014235],[103.7454318,1.4014587],[103.7454615,1.401479],[103.7454852,1.4014438],[103.745491,1.4014477],[103.7455017,1.4014484],[103.7455128,1.4014626],[103.7455254,1.4014439],[103.74557,1.4014744],[103.7455594,1.4014901],[103.7455771,1.4015023],[103.7455789,1.4015119],[103.7455847,1.4015108],[103.745588,1.4015285],[103.7455823,1.4015297],[103.7455842,1.4015394],[103.7455559,1.4015449],[103.745559,1.4015608],[103.7455161,1.4015691],[103.745518,1.4015788],[103.745552,1.4015723],[103.7455569,1.4015981],[103.7455798,1.4015936],[103.7455809,1.4015993],[103.745588,1.4016074],[103.7455884,1.4016146],[103.745585,1.4016212],[103.7455861,1.4016268],[103.745572,1.4016295],[103.745574,1.4016401],[103.7456022,1.4016347],[103.7456082,1.4016658],[103.7456154,1.4016644],[103.745619,1.401683],[103.7456117,1.4016844],[103.7456129,1.4016907],[103.7455538,1.401702],[103.7455593,1.4017314],[103.7456185,1.40172],[103.7456196,1.4017262],[103.7456269,1.4017248],[103.7456305,1.4017434],[103.7456232,1.4017449],[103.7456291,1.4017759],[103.7456009,1.4017813],[103.7456029,1.401792],[103.7456169,1.4017893],[103.7456181,1.4017952],[103.7456252,1.4018033],[103.7456233,1.4018229],[103.7456095,1.4018255],[103.7456127,1.4018424],[103.7456407,1.401837],[103.7456428,1.4018484],[103.7456485,1.4018473],[103.7456519,1.401865],[103.7456462,1.4018661],[103.745654,1.4019072],[103.7455649,1.4019243],[103.7455622,1.4019101],[103.7455502,1.401918],[103.7455429,1.4019184],[103.7455365,1.4019151],[103.7455269,1.4019169],[103.7455222,1.4019224],[103.7455153,1.4019248],[103.7455051,1.4019211],[103.7454995,1.4019222],[103.7454968,1.4019079],[103.7454862,1.40191],[103.7454916,1.4019384],[103.7454607,1.4019444],[103.7454621,1.4019517],[103.7454436,1.4019552],[103.7454422,1.4019479],[103.745436,1.4019491],[103.7454242,1.4018871],[103.7454101,1.4018898],[103.7454165,1.4019234],[103.7453971,1.4019271],[103.7454024,1.4019555],[103.7453912,1.4019577],[103.7453923,1.4019635],[103.7453746,1.4019669],[103.7453736,1.4019611],[103.7453327,1.4019689],[103.7453157,1.4018793],[103.7453298,1.4018766],[103.7453219,1.4018645],[103.7453215,1.4018572],[103.7453249,1.4018507],[103.7453229,1.4018401],[103.7453174,1.4018354],[103.7453151,1.4018285],[103.7453188,1.4018183],[103.7453175,1.4018117],[103.7453316,1.4018089],[103.7453197,1.4017459],[103.7453898,1.4017324],[103.7453887,1.4017266],[103.7454064,1.4017232],[103.7454075,1.401729],[103.7454168,1.4017272],[103.7454381,1.4018396],[103.7455039,1.401827],[103.7454954,1.4017825],[103.745521,1.4017776],[103.7454808,1.4015659],[103.745447,1.4015428],[103.7454347,1.401561],[103.7454241,1.4015538],[103.7454147,1.4015678],[103.7454007,1.4015583],[103.7453935,1.4015689],[103.7453738,1.4015555],[103.745381,1.4015448],[103.7453671,1.4015353],[103.7453765,1.4015212],[103.7453659,1.401514],[103.7453782,1.4014958],[103.7453444,1.4014727],[103.7451341,1.4015132],[103.745139,1.4015389],[103.7450955,1.4015473],[103.745108,1.4016128],[103.7452191,1.4015921],[103.7452209,1.4016014],[103.7452266,1.4016003],[103.74523,1.4016181],[103.7452242,1.4016192],[103.7452376,1.4016898],[103.745175,1.4017019],[103.7451777,1.4017161],[103.7451711,1.4017173],[103.7451631,1.4017245],[103.7451558,1.4017249],[103.7451494,1.4017215],[103.7451389,1.4017235],[103.7451309,1.4017307],[103.7451132,1.4017285],[103.7451159,1.4017427],[103.7450268,1.4017598],[103.745019,1.4017187],[103.7450133,1.4017199],[103.7450099,1.4017021],[103.7450156,1.4017009],[103.7450135,1.4016896],[103.7450417,1.4016843],[103.745038,1.4016647],[103.7450713,1.4016583],[103.7450686,1.401644],[103.7450071,1.4016559],[103.7450059,1.4016497],[103.7449986,1.4016511],[103.744995,1.4016324],[103.7450024,1.401631],[103.7449964,1.4015999],[103.7450247,1.4015945],[103.7450227,1.4015838],[103.7450085,1.4015866],[103.7450075,1.4015808],[103.7450003,1.4015727],[103.7449999,1.4015654],[103.7450033,1.401559],[103.7450014,1.4015493],[103.7449943,1.4015412]]]}},{"type":"Feature","properties":{"type":"HDB"},"geometry":{"type":"Polygon","coordinates":[[[103.7440469,1.4016716],[103.7440284,1.4016589],[103.7440586,1.401614],[103.7440742,1.4016247],[103.7440863,1.4016069],[103.7440959,1.401605],[103.7440948,1.4015992],[103.7441124,1.4015958],[103.7441135,1.4016017],[103.7441232,1.4015998],[103.7441286,1.4016282],[103.7441445,1.4016251],[103.7441527,1.4016682],[103.7441624,1.4016663],[103.7441559,1.4016322],[103.7441815,1.4016272],[103.7441771,1.4016041],[103.7441827,1.401603],[103.7441907,1.4015959],[103.744198,1.4015955],[103.7442044,1.4015989],[103.74421,1.4015978],[103.7442127,1.401612],[103.7442233,1.40161],[103.7442179,1.4015815],[103.7442488,1.4015756],[103.7442474,1.4015683],[103.7442659,1.4015647],[103.7442673,1.401572],[103.7442735,1.4015708],[103.7442848,1.4016304],[103.7443139,1.4016248],[103.7443026,1.4015653],[103.7443088,1.4015641],[103.7443074,1.4015567],[103.7443259,1.4015532],[103.7443273,1.4015605],[103.7443582,1.4015546],[103.7443636,1.401583],[103.7443741,1.401581],[103.7443715,1.4015668],[103.7443773,1.4015657],[103.7443853,1.4015585],[103.7444048,1.4015604],[103.7444075,1.4015743],[103.7444242,1.4015711],[103.7444189,1.401543],[103.7444302,1.4015408],[103.744429,1.401535],[103.7444467,1.4015316],[103.7444478,1.4015374],[103.7444886,1.4015295],[103.7445056,1.4016192],[103.7444915,1.401622],[103.7444994,1.401634],[103.7444998,1.4016413],[103.7444964,1.4016478],[103.7444983,1.4016574],[103.7445038,1.4016622],[103.7445061,1.4016691],[103.7445024,1.4016793],[103.7445035,1.401685],[103.7444894,1.4016877],[103.7444914,1.4016984],[103.7445196,1.4016929],[103.7445256,1.4017241],[103.7445328,1.4017227],[103.7445364,1.4017413],[103.7445291,1.4017427],[103.7445303,1.4017489],[103.7444687,1.4017608],[103.7444714,1.401775],[103.7445047,1.4017686],[103.7445084,1.4017881],[103.7445367,1.4017827],[103.7445389,1.401794],[103.7445446,1.4017929],[103.744548,1.4018107],[103.7445422,1.4018118],[103.74455,1.4018529],[103.7444609,1.40187],[103.7444582,1.4018558],[103.7444462,1.4018637],[103.744439,1.4018641],[103.7444325,1.4018607],[103.744422,1.4018627],[103.7444173,1.4018683],[103.7444104,1.4018706],[103.7444003,1.4018669],[103.7443937,1.4018681],[103.744391,1.4018539],[103.7443284,1.401866],[103.744315,1.4017954],[103.7443092,1.4017965],[103.7443058,1.4017788],[103.7443116,1.4017776],[103.7443098,1.4017683],[103.7444215,1.4017468],[103.7444089,1.4016806],[103.7443648,1.4016891],[103.7443599,1.4016634],[103.7441496,1.4017038],[103.7441266,1.4017379],[103.7441446,1.4017501],[103.7441375,1.4017608],[103.7441514,1.4017703],[103.7441419,1.4017844],[103.7441525,1.4017917],[103.7441391,1.4018115],[103.7441286,1.4018042],[103.7441191,1.4018183],[103.7441052,1.4018087],[103.744098,1.4018194],[103.7440799,1.401807],[103.7440569,1.4018411],[103.7440972,1.4020528],[103.7441228,1.4020478],[103.7441311,1.4020915],[103.7441961,1.402079],[103.7441756,1.4019672],[103.7441849,1.4019654],[103.7441838,1.4019596],[103.7442014,1.4019562],[103.7442025,1.401962],[103.7442727,1.4019485],[103.7442847,1.4020116],[103.7442988,1.4020089],[103.7443,1.4020155],[103.7443072,1.4020236],[103.7443076,1.4020309],[103.7443042,1.4020374],[103.7443062,1.4020479],[103.7443133,1.402056],[103.7443111,1.4020738],[103.7443252,1.402071],[103.7443423,1.4021608],[103.7443014,1.4021686],[103.7443026,1.4021744],[103.7442849,1.4021778],[103.7442838,1.402172],[103.7442726,1.4021742],[103.7442671,1.4021457],[103.7442477,1.4021495],[103.7442414,1.4021159],[103.7442272,1.4021186],[103.744239,1.4021806],[103.7442329,1.4021818],[103.7442342,1.4021891],[103.7442157,1.4021927],[103.7442143,1.4021853],[103.7441834,1.4021913],[103.744178,1.4021629],[103.7441674,1.4021649],[103.7441701,1.4021791],[103.7441644,1.4021802],[103.7441564,1.4021874],[103.7441491,1.4021878],[103.7441427,1.4021844],[103.7441331,1.4021863],[103.7441251,1.4021934],[103.7441074,1.4021912],[103.7441101,1.4022054],[103.744021,1.4022225],[103.7440132,1.4021814],[103.7440074,1.4021825],[103.7440041,1.4021648],[103.7440098,1.4021636],[103.7440077,1.4021523],[103.7440357,1.4021469],[103.7440325,1.4021301],[103.7440186,1.4021327],[103.7440097,1.4021152],[103.7440134,1.4021054],[103.7440122,1.4020992],[103.7440264,1.4020965],[103.7440243,1.4020858],[103.7439961,1.4020913],[103.7439902,1.4020602],[103.7439829,1.4020615],[103.7439793,1.4020429],[103.7439866,1.4020415],[103.7439854,1.4020353],[103.7440446,1.402024],[103.744039,1.4019946],[103.7439799,1.402006],[103.7439787,1.4019998],[103.7439714,1.4020012],[103.7439678,1.4019825],[103.7439752,1.4019811],[103.7439693,1.40195],[103.7439975,1.4019446],[103.7439955,1.4019339],[103.7439814,1.4019366],[103.7439802,1.4019308],[103.7439731,1.4019228],[103.7439751,1.4019036],[103.7439892,1.4019008],[103.7439794,1.4018493],[103.7439511,1.4018548],[103.7439493,1.4018449],[103.7439436,1.4018461],[103.7439402,1.4018283],[103.7439459,1.4018272],[103.7439441,1.4018176],[103.7439561,1.4017997],[103.7439405,1.401789],[103.7439708,1.4017442],[103.7439894,1.4017569],[103.7439924,1.4017426],[103.7439972,1.4017371],[103.7440042,1.401735],[103.744008,1.4017292],[103.744043,1.4017531],[103.7440632,1.4017232],[103.7440282,1.4016993],[103.7440322,1.4016935],[103.7440328,1.4016827],[103.7440469,1.4016716]]]}},{"type":"Feature","properties":{"type":"HDB"},"geometry":{"type":"Polygon","coordinates":[[[103.744552,1.4014933],[103.7448949,1.4014274],[103.7449244,1.4015825],[103.7449031,1.4015866],[103.7449757,1.4019686],[103.7451284,1.4019392],[103.7451986,1.4023092],[103.7451713,1.4023144],[103.7451736,1.4023269],[103.7450207,1.4023563],[103.7450183,1.4023439],[103.7449294,1.4023609],[103.7449316,1.4023724],[103.7447749,1.4024025],[103.7447727,1.4023909],[103.7447454,1.4023963],[103.7445992,1.4016261],[103.744578,1.4016302],[103.744552,1.4014933]]]}},{"type":"Feature","properties":{"type":"HDB"},"geometry":{"type":"Polygon","coordinates":[[[103.7453825,1.402272],[103.7453754,1.402264],[103.7453776,1.4022463],[103.7453635,1.402249],[103.7453465,1.4021592],[103.7453873,1.4021514],[103.7453862,1.4021456],[103.7454038,1.4021422],[103.7454049,1.402148],[103.7454162,1.4021458],[103.7454215,1.4021742],[103.745441,1.4021705],[103.7454474,1.402204],[103.7454615,1.4022013],[103.7454497,1.4021394],[103.7454559,1.4021382],[103.7454545,1.4021309],[103.745473,1.4021273],[103.7454744,1.4021346],[103.7455053,1.4021287],[103.7455107,1.4021571],[103.7455213,1.4021551],[103.7455186,1.4021408],[103.7455243,1.4021397],[103.7455324,1.4021326],[103.7455396,1.4021322],[103.745546,1.4021356],[103.7455556,1.4021338],[103.7455637,1.4021266],[103.7455813,1.4021288],[103.7455786,1.4021146],[103.7456677,1.4020975],[103.7456755,1.4021385],[103.7456813,1.4021374],[103.7456847,1.4021552],[103.7456789,1.4021563],[103.745681,1.4021677],[103.745653,1.402173],[103.7456562,1.4021899],[103.7456702,1.4021872],[103.745679,1.4022047],[103.7456754,1.4022147],[103.7456765,1.4022208],[103.7456624,1.4022235],[103.7456644,1.4022342],[103.7456927,1.4022288],[103.7456985,1.4022598],[103.7457058,1.4022584],[103.7457094,1.402277],[103.7457021,1.4022785],[103.7457033,1.4022847],[103.7456441,1.4022961],[103.7456497,1.4023254],[103.7457088,1.402314],[103.74571,1.4023202],[103.7457173,1.4023188],[103.7457208,1.4023375],[103.7457135,1.4023389],[103.7457195,1.40237],[103.7456912,1.4023754],[103.7456933,1.402386],[103.7457074,1.4023833],[103.7457085,1.4023893],[103.7457156,1.4023972],[103.7457136,1.4024165],[103.7456995,1.4024192],[103.7457093,1.4024707],[103.7457375,1.4024652],[103.7457394,1.402475],[103.7457452,1.4024739],[103.7457485,1.4024917],[103.7457428,1.4024928],[103.7457446,1.4025024],[103.7457326,1.4025202],[103.7457482,1.4025309],[103.7457179,1.4025758],[103.7456993,1.4025631],[103.7456943,1.4025804],[103.7456845,1.402585],[103.7456807,1.4025908],[103.7456457,1.4025669],[103.7456255,1.4025968],[103.7456605,1.4026207],[103.7456566,1.4026264],[103.7456571,1.4026337],[103.7456539,1.4026403],[103.7456418,1.4026483],[103.7456604,1.4026611],[103.7456301,1.402706],[103.7456145,1.4026953],[103.7456024,1.4027132],[103.7455929,1.402715],[103.745594,1.4027207],[103.7455763,1.4027241],[103.7455752,1.4027184],[103.7455655,1.4027202],[103.7455601,1.4026918],[103.7455442,1.4026948],[103.745536,1.4026517],[103.7455263,1.4026536],[103.7455328,1.4026879],[103.7455073,1.4026928],[103.7455116,1.4027159],[103.7455061,1.4027169],[103.745498,1.4027241],[103.7454908,1.4027245],[103.7454843,1.4027211],[103.7454787,1.4027222],[103.745476,1.402708],[103.7454654,1.40271],[103.7454709,1.4027384],[103.74544,1.4027444],[103.7454414,1.4027517],[103.7454228,1.4027552],[103.7454214,1.4027479],[103.7454152,1.4027491],[103.745404,1.4026896],[103.7453748,1.4026952],[103.7453861,1.4027547],[103.7453799,1.4027559],[103.7453813,1.4027632],[103.7453628,1.4027668],[103.7453614,1.4027595],[103.7453305,1.4027654],[103.7453252,1.402737],[103.7453145,1.402739],[103.7453172,1.4027532],[103.7452998,1.4027622],[103.7452897,1.4027585],[103.7452839,1.4027596],[103.7452812,1.4027456],[103.7452645,1.4027489],[103.7452698,1.4027771],[103.7452586,1.4027792],[103.7452597,1.402785],[103.745242,1.4027884],[103.7452409,1.4027826],[103.7452001,1.4027905],[103.7451831,1.4027008],[103.7451972,1.402698],[103.7451893,1.402686],[103.7451889,1.4026787],[103.7451923,1.4026722],[103.7451905,1.4026625],[103.745185,1.4026578],[103.7451826,1.4026508],[103.7451863,1.4026407],[103.7451852,1.402635],[103.7451994,1.4026323],[103.7451973,1.4026216],[103.7451691,1.402627],[103.7451632,1.4025959],[103.7451559,1.4025973],[103.7451524,1.4025787],[103.7451596,1.4025773],[103.7451585,1.402571],[103.74522,1.4025592],[103.7452173,1.402545],[103.745184,1.4025514],[103.7451803,1.4025319],[103.745152,1.4025373],[103.7451499,1.402526],[103.7451441,1.4025271],[103.7451408,1.4025093],[103.7451465,1.4025082],[103.7451387,1.4024671],[103.7452279,1.4024499],[103.7452306,1.4024642],[103.7452425,1.4024562],[103.7452498,1.4024559],[103.7452562,1.4024593],[103.7452667,1.4024572],[103.7452714,1.4024517],[103.7452783,1.4024494],[103.7452884,1.4024531],[103.745295,1.4024518],[103.7452977,1.402466],[103.7453603,1.402454],[103.7453737,1.4025246],[103.7453795,1.4025235],[103.7453829,1.4025413],[103.7453771,1.4025424],[103.7453789,1.4025517],[103.7452673,1.4025731],[103.7452798,1.4026393],[103.745324,1.4026308],[103.7453288,1.4026566],[103.7455391,1.4026162],[103.7455621,1.4025822],[103.7455441,1.4025698],[103.7455513,1.4025592],[103.7455373,1.4025496],[103.7455468,1.4025356],[103.7455362,1.4025284],[103.7455496,1.4025086],[103.7455602,1.4025158],[103.7455696,1.4025018],[103.7455836,1.4025113],[103.7455908,1.4025007],[103.7456088,1.402513],[103.7456318,1.4024789],[103.7455916,1.4022673],[103.7455659,1.4022722],[103.7455577,1.4022284],[103.7454925,1.4022409],[103.7455131,1.4023528],[103.7455038,1.4023546],[103.7455049,1.4023604],[103.7454873,1.4023637],[103.7454862,1.402358],[103.745416,1.4023714],[103.745404,1.4023084],[103.7453899,1.4023111],[103.7453887,1.4023045],[103.7453832,1.4022997],[103.7453809,1.4022928],[103.7453845,1.4022826],[103.7453825,1.402272]]]}},{"type":"Feature","properties":{"type":"HDB"},"geometry":{"type":"Polygon","coordinates":[[[103.7448772,1.4024266],[103.7450537,1.4023927],[103.745079,1.4025259],[103.7449025,1.4025598],[103.7448772,1.4024266]]]}},{"type":"Feature","properties":{"type":"HDB"},"geometry":{"type":"Polygon","coordinates":[[[103.7442522,1.4025057],[103.7442502,1.4024949],[103.7442361,1.4024977],[103.7442272,1.4024801],[103.7442308,1.40247],[103.7442297,1.4024642],[103.7442437,1.4024615],[103.7442404,1.4024446],[103.7442124,1.40245],[103.7442103,1.4024386],[103.7442045,1.4024397],[103.7442011,1.402422],[103.7442069,1.4024209],[103.7441991,1.4023798],[103.7442882,1.4023626],[103.7442909,1.4023769],[103.7443028,1.4023689],[103.7443101,1.4023686],[103.7443166,1.4023719],[103.7443262,1.4023701],[103.7443309,1.4023645],[103.7443378,1.4023622],[103.7443479,1.4023659],[103.7443536,1.4023649],[103.7443563,1.4023791],[103.7443668,1.402377],[103.7443615,1.4023486],[103.7443924,1.4023427],[103.7443909,1.4023353],[103.7444095,1.4023317],[103.7444109,1.4023391],[103.7444171,1.4023379],[103.7444289,1.4023999],[103.744443,1.4023972],[103.7444366,1.4023636],[103.744456,1.4023598],[103.7444506,1.4023314],[103.7444619,1.4023293],[103.7444608,1.4023235],[103.7444784,1.4023201],[103.7444795,1.4023259],[103.7445203,1.402318],[103.7445374,1.4024078],[103.7445233,1.4024105],[103.7445311,1.4024225],[103.7445315,1.4024298],[103.7445282,1.4024363],[103.7445302,1.4024468],[103.7445357,1.4024516],[103.744538,1.4024586],[103.7445343,1.4024687],[103.7445356,1.4024753],[103.7445215,1.402478],[103.7445334,1.4025411],[103.7444633,1.4025546],[103.7444644,1.4025604],[103.7444467,1.4025638],[103.7444456,1.402558],[103.7444363,1.4025598],[103.744415,1.4024474],[103.7443492,1.40246],[103.7443577,1.4025045],[103.744332,1.4025094],[103.7443723,1.402721],[103.7444061,1.4027442],[103.7444184,1.402726],[103.744429,1.4027333],[103.7444384,1.4027192],[103.7444524,1.4027287],[103.7444595,1.4027181],[103.7444792,1.4027316],[103.744472,1.4027422],[103.744486,1.4027517],[103.7444765,1.4027657],[103.7444871,1.402773],[103.7444749,1.4027911],[103.7445087,1.4028143],[103.744719,1.4027738],[103.7447141,1.4027481],[103.7447575,1.4027397],[103.7447451,1.4026742],[103.744634,1.4026949],[103.7446322,1.4026855],[103.7446265,1.4026866],[103.7446231,1.4026689],[103.7446289,1.4026678],[103.7446155,1.4025972],[103.7446781,1.4025851],[103.7446754,1.4025709],[103.744682,1.4025696],[103.74469,1.4025625],[103.7446973,1.4025621],[103.7447037,1.4025655],[103.7447142,1.4025634],[103.7447189,1.4025579],[103.7447258,1.4025556],[103.7447398,1.4025585],[103.7447371,1.4025443],[103.7448263,1.4025272],[103.7448341,1.4025683],[103.7448398,1.4025672],[103.7448431,1.4025849],[103.7448374,1.402586],[103.7448396,1.4025973],[103.7448114,1.4026028],[103.7448151,1.4026223],[103.7447817,1.4026287],[103.7447845,1.4026429],[103.744846,1.4026311],[103.7448472,1.4026373],[103.7448545,1.4026359],[103.744858,1.4026546],[103.7448507,1.402656],[103.7448566,1.4026871],[103.7448284,1.4026925],[103.7448304,1.4027032],[103.7448446,1.4027004],[103.7448456,1.4027062],[103.7448528,1.4027142],[103.7448532,1.4027216],[103.7448497,1.402728],[103.7448516,1.4027377],[103.7448571,1.4027425],[103.7448594,1.4027494],[103.7448565,1.4027635],[103.7448706,1.4027608],[103.7448877,1.4028505],[103.7448469,1.4028584],[103.744848,1.4028641],[103.7448303,1.4028675],[103.7448292,1.4028618],[103.7448179,1.4028639],[103.7448126,1.4028357],[103.7447958,1.4028389],[103.7447985,1.4028529],[103.7447924,1.4028541],[103.7447846,1.4028612],[103.7447652,1.4028594],[103.7447625,1.4028451],[103.7447519,1.4028471],[103.7447573,1.4028756],[103.7447264,1.4028815],[103.7447278,1.4028889],[103.7447092,1.4028924],[103.7447078,1.4028851],[103.7447017,1.4028863],[103.7446904,1.4028268],[103.7446612,1.4028324],[103.7446726,1.4028918],[103.7446664,1.402893],[103.7446678,1.4029004],[103.7446492,1.402904],[103.7446478,1.4028967],[103.744617,1.4029025],[103.7446116,1.4028742],[103.744601,1.4028762],[103.7446037,1.4028904],[103.7445978,1.4028915],[103.7445932,1.4028971],[103.7445863,1.4028993],[103.7445763,1.4028957],[103.7445708,1.4028967],[103.7445664,1.4028736],[103.7445408,1.4028785],[103.7445343,1.4028443],[103.7445246,1.4028462],[103.7445328,1.4028893],[103.7445169,1.4028923],[103.7445223,1.4029208],[103.7445126,1.4029226],[103.7445137,1.4029284],[103.744496,1.4029318],[103.7444949,1.4029261],[103.7444854,1.4029279],[103.7444676,1.4029157],[103.744457,1.4029315],[103.7444124,1.402901],[103.7444251,1.4028822],[103.7444108,1.4028793],[103.7444054,1.4028744],[103.7444033,1.4028674],[103.7443976,1.4028635],[103.7444213,1.4028283],[103.7443915,1.402808],[103.7443678,1.4028431],[103.7443621,1.4028392],[103.7443514,1.4028386],[103.7443403,1.4028244],[103.7443277,1.402843],[103.7442831,1.4028126],[103.7442937,1.4027968],[103.744276,1.4027847],[103.7442741,1.4027751],[103.7442684,1.4027762],[103.744265,1.4027584],[103.7442708,1.4027573],[103.7442689,1.4027476],[103.7442972,1.4027421],[103.7442874,1.4026906],[103.7442733,1.4026933],[103.7442722,1.4026877],[103.744265,1.4026796],[103.7442669,1.4026602],[103.7442811,1.4026575],[103.7442791,1.4026469],[103.7442508,1.4026523],[103.7442449,1.4026212],[103.7442376,1.4026226],[103.7442341,1.402604],[103.7442414,1.4026025],[103.7442402,1.4025963],[103.7442993,1.4025849],[103.7442938,1.4025556],[103.7442346,1.402567],[103.7442335,1.4025608],[103.7442262,1.4025622],[103.7442226,1.4025435],[103.7442299,1.4025421],[103.744224,1.4025111],[103.7442522,1.4025057]]]}},{"type":"Feature","properties":{"type":"HDB"},"geometry":{"type":"Polygon","coordinates":[[[103.7452998,1.4033974],[103.7452855,1.4033219],[103.7453133,1.4033166],[103.7452973,1.4032322],[103.7453061,1.4032305],[103.745305,1.4032247],[103.7453227,1.4032213],[103.7453237,1.4032271],[103.7453608,1.4032199],[103.7453663,1.4032484],[103.7454081,1.4032403],[103.7454055,1.4032261],[103.7454235,1.4032171],[103.7454328,1.4032209],[103.7454394,1.4032196],[103.7454421,1.4032338],[103.7455048,1.4032218],[103.7455182,1.4032923],[103.7455239,1.4032913],[103.7455273,1.4033091],[103.7455216,1.4033102],[103.7455234,1.4033194],[103.7454386,1.4033357],[103.7454559,1.403427],[103.7456846,1.403383],[103.7457078,1.4033486],[103.7456894,1.403336],[103.7456965,1.4033255],[103.7456827,1.4033161],[103.7456921,1.4033023],[103.7456816,1.4032952],[103.7456953,1.403275],[103.7457057,1.4032821],[103.745715,1.4032683],[103.7457288,1.4032776],[103.7457359,1.4032672],[103.7457543,1.4032797],[103.7457774,1.4032455],[103.7457372,1.4030338],[103.7457116,1.4030388],[103.7457031,1.4029943],[103.7456374,1.4030071],[103.7456587,1.4031194],[103.7456494,1.4031212],[103.7456506,1.403127],[103.7456329,1.4031304],[103.7456318,1.4031246],[103.7455616,1.403138],[103.7455496,1.403075],[103.7455355,1.4030777],[103.7455343,1.4030711],[103.7455274,1.4030637],[103.7455265,1.4030587],[103.7455301,1.4030492],[103.7455281,1.4030387],[103.7455213,1.4030313],[103.7455203,1.4030263],[103.7455232,1.4030129],[103.7455091,1.4030156],[103.7454921,1.4029259],[103.7455329,1.402918],[103.7455318,1.4029123],[103.7455494,1.4029089],[103.7455505,1.4029146],[103.7455618,1.4029124],[103.7455672,1.4029409],[103.7455866,1.4029371],[103.745593,1.4029707],[103.7456071,1.402968],[103.7455953,1.402906],[103.7456015,1.4029048],[103.7456001,1.4028975],[103.7456186,1.4028939],[103.74562,1.4029013],[103.7456509,1.4028953],[103.7456563,1.4029237],[103.7456669,1.4029217],[103.7456642,1.4029075],[103.7456699,1.4029064],[103.7456772,1.4028995],[103.7456873,1.4028995],[103.7456916,1.4029022],[103.7457012,1.4029004],[103.7457086,1.4028935],[103.7457136,1.4028925],[103.7457269,1.4028954],[103.7457242,1.4028812],[103.7458133,1.4028641],[103.7458211,1.4029052],[103.7458269,1.4029041],[103.7458302,1.4029219],[103.7458245,1.402923],[103.7458266,1.4029343],[103.7457984,1.4029397],[103.7458016,1.4029566],[103.7458157,1.4029539],[103.7458168,1.4029597],[103.7458237,1.4029671],[103.7458221,1.4029874],[103.745808,1.4029902],[103.74581,1.4030008],[103.7458383,1.4029954],[103.7458442,1.4030264],[103.7458514,1.403025],[103.745855,1.4030437],[103.7458477,1.4030451],[103.7458489,1.4030513],[103.74579,1.4030626],[103.7457955,1.403092],[103.7458545,1.4030806],[103.7458556,1.4030869],[103.7458629,1.4030854],[103.7458664,1.4031041],[103.7458592,1.4031055],[103.7458651,1.4031366],[103.7458368,1.403142],[103.7458388,1.4031527],[103.745853,1.40315],[103.745854,1.4031556],[103.7458609,1.403163],[103.7458593,1.4031831],[103.7458451,1.4031858],[103.7458549,1.4032373],[103.7458832,1.4032318],[103.745885,1.4032416],[103.7458908,1.4032405],[103.7458941,1.4032583],[103.7458884,1.4032594],[103.7458902,1.403269],[103.7458782,1.4032869],[103.7458938,1.4032976],[103.7458635,1.4033424],[103.745845,1.4033297],[103.7458423,1.4033434],[103.7458263,1.4033574],[103.7457913,1.4033335],[103.7457711,1.4033634],[103.7458061,1.4033873],[103.745799,1.4034075],[103.7457874,1.403415],[103.745806,1.4034277],[103.7457757,1.4034726],[103.74576,1.4034619],[103.7457481,1.4034798],[103.7457385,1.4034816],[103.7457396,1.4034874],[103.7457219,1.4034907],[103.7457208,1.403485],[103.7457112,1.4034869],[103.7457057,1.4034584],[103.7456898,1.4034615],[103.7456816,1.4034184],[103.7456719,1.4034203],[103.7456784,1.4034545],[103.7456528,1.4034594],[103.7456572,1.4034825],[103.7456393,1.4034915],[103.7456299,1.4034877],[103.7456243,1.4034888],[103.7456216,1.4034746],[103.7456111,1.4034766],[103.7456164,1.4035051],[103.7455856,1.403511],[103.745587,1.4035183],[103.7455685,1.4035219],[103.7455671,1.4035148],[103.7455609,1.4035159],[103.7455495,1.4034561],[103.7455204,1.4034617],[103.7455318,1.4035214],[103.7455253,1.4035226],[103.7455264,1.4035284],[103.7455088,1.4035318],[103.7455077,1.403526],[103.7454761,1.403532],[103.7454707,1.4035036],[103.7454601,1.4035056],[103.7454628,1.4035198],[103.7454449,1.4035288],[103.7454355,1.4035251],[103.74543,1.4035261],[103.7454156,1.4034507],[103.7454416,1.4034457],[103.7454343,1.4034068],[103.7454087,1.4034117],[103.7454022,1.4033778],[103.7453736,1.4033832],[103.7453786,1.4034099],[103.745346,1.4034162],[103.7453409,1.4033895],[103.7453228,1.403393],[103.7453239,1.4033988],[103.7453063,1.4034022],[103.7453051,1.4033964],[103.7452998,1.4033974]]]}},{"type":"Feature","properties":{"type":"HDB"},"geometry":{"type":"Polygon","coordinates":[[[103.7447949,1.4030894],[103.7447895,1.4030609],[103.7448204,1.403055],[103.744819,1.4030477],[103.7448375,1.4030441],[103.7448389,1.4030514],[103.7448451,1.4030502],[103.7448569,1.4031122],[103.744871,1.4031095],[103.7448646,1.403076],[103.744884,1.4030722],[103.7448787,1.4030438],[103.7448899,1.4030416],[103.7448888,1.4030358],[103.7449064,1.4030325],[103.7449075,1.4030382],[103.7449484,1.4030304],[103.7449654,1.4031201],[103.7449513,1.4031228],[103.7449588,1.4031341],[103.744959,1.403144],[103.7449562,1.4031484],[103.7449582,1.4031592],[103.7449651,1.4031666],[103.744966,1.4031716],[103.7449623,1.4031811],[103.7449636,1.4031877],[103.7449495,1.4031904],[103.7449614,1.4032535],[103.7448913,1.403267],[103.7448924,1.4032727],[103.7448747,1.4032761],[103.7448736,1.4032703],[103.7448643,1.4032721],[103.744843,1.4031597],[103.7447773,1.4031724],[103.7447857,1.4032168],[103.7447601,1.4032217],[103.7448003,1.4034333],[103.7448343,1.4034566],[103.7448468,1.4034381],[103.7448572,1.4034452],[103.7448666,1.4034314],[103.7448803,1.4034408],[103.7448874,1.4034303],[103.7449075,1.4034441],[103.7449004,1.4034545],[103.7449141,1.4034639],[103.7449048,1.4034778],[103.7449152,1.4034848],[103.7449027,1.4035034],[103.7449369,1.4035267],[103.7451655,1.4034827],[103.7451482,1.4033916],[103.7450635,1.4034079],[103.7450618,1.4033985],[103.745056,1.4033996],[103.7450526,1.4033819],[103.7450584,1.4033808],[103.7450449,1.4033101],[103.7451076,1.4032981],[103.7451049,1.4032839],[103.7451115,1.4032826],[103.7451188,1.4032757],[103.7451389,1.4032773],[103.7451416,1.4032915],[103.7451835,1.4032835],[103.7451781,1.4032551],[103.7452152,1.403248],[103.7452141,1.4032422],[103.7452317,1.4032388],[103.7452328,1.4032446],[103.7452417,1.4032429],[103.7452577,1.4033272],[103.7452855,1.4033219],[103.7452998,1.4033974],[103.7452945,1.4033984],[103.7452957,1.4034042],[103.745278,1.4034076],[103.7452769,1.4034018],[103.7452588,1.4034053],[103.7452639,1.4034319],[103.7452312,1.4034382],[103.7452262,1.4034116],[103.7451975,1.4034171],[103.7452039,1.4034511],[103.7451783,1.403456],[103.7451857,1.4034949],[103.7452117,1.4034899],[103.7452261,1.4035654],[103.7452081,1.4035743],[103.7451988,1.4035706],[103.7451932,1.4035717],[103.7451905,1.4035575],[103.7451799,1.4035595],[103.7451853,1.4035879],[103.7451538,1.403594],[103.7451548,1.4035998],[103.7451372,1.4036031],[103.7451361,1.4035974],[103.7451297,1.4035986],[103.7451184,1.4035391],[103.7450893,1.4035447],[103.7451006,1.4036042],[103.7450944,1.4036054],[103.7450958,1.4036127],[103.7450772,1.4036163],[103.7450759,1.403609],[103.745045,1.4036149],[103.7450396,1.4035865],[103.745029,1.4035885],[103.7450317,1.4036027],[103.7450258,1.4036039],[103.7450187,1.4036108],[103.7449988,1.4036091],[103.7449944,1.4035859],[103.7449688,1.4035909],[103.7449626,1.4035566],[103.7449526,1.4035586],[103.7449608,1.4036017],[103.7449449,1.4036047],[103.7449503,1.4036331],[103.7449406,1.403635],[103.7449417,1.4036408],[103.7449241,1.4036442],[103.744923,1.4036384],[103.7449134,1.4036402],[103.7448957,1.4036281],[103.7448851,1.4036438],[103.7448405,1.4036133],[103.7448531,1.4035946],[103.7448355,1.4035891],[103.7448316,1.4035799],[103.7448256,1.4035758],[103.7448493,1.4035407],[103.7448196,1.4035204],[103.7447959,1.4035555],[103.7447899,1.4035514],[103.74478,1.4035513],[103.7447683,1.4035367],[103.7447557,1.4035554],[103.7447111,1.4035249],[103.7447217,1.4035092],[103.744704,1.4034971],[103.7447022,1.4034875],[103.7446964,1.4034886],[103.7446931,1.4034708],[103.7446988,1.4034697],[103.744697,1.4034599],[103.7447252,1.4034545],[103.7447154,1.4034029],[103.7447013,1.4034057],[103.7447002,1.4034],[103.7446933,1.4033927],[103.744695,1.4033726],[103.7447091,1.4033699],[103.7447071,1.4033592],[103.7446789,1.4033646],[103.7446729,1.4033336],[103.7446657,1.4033349],[103.7446621,1.4033163],[103.7446694,1.4033149],[103.7446682,1.4033087],[103.7447274,1.4032973],[103.7447218,1.403268],[103.7446627,1.4032794],[103.7446615,1.4032731],[103.7446542,1.4032745],[103.7446507,1.4032559],[103.744658,1.4032545],[103.744652,1.4032234],[103.7446802,1.403218],[103.7446782,1.4032073],[103.7446641,1.40321],[103.744663,1.4032042],[103.7446561,1.4031968],[103.7446577,1.4031765],[103.7446716,1.4031738],[103.7446687,1.4031569],[103.7446404,1.4031624],[103.7446383,1.403151],[103.7446325,1.4031521],[103.7446292,1.4031343],[103.7446349,1.4031332],[103.7446271,1.4030921],[103.7447163,1.403075],[103.744719,1.4030892],[103.7447302,1.4030816],[103.7447352,1.4030806],[103.7447446,1.4030843],[103.7447542,1.4030824],[103.7447615,1.4030755],[103.7447666,1.4030745],[103.7447759,1.4030783],[103.7447816,1.4030772],[103.7447843,1.4030914],[103.7447949,1.4030894]]]}},{"type":"Feature","properties":{"type":"HDB"},"geometry":{"type":"Polygon","coordinates":[[[103.7459993,1.4038691],[103.7460075,1.403909],[103.7459486,1.4039213],[103.7459403,1.4038815],[103.7458884,1.4038923],[103.7458967,1.4039322],[103.7458377,1.4039445],[103.7458295,1.4039047],[103.7458136,1.403908],[103.7458065,1.4038735],[103.7458155,1.4038716],[103.7458144,1.4038663],[103.74583,1.403863],[103.7458269,1.403848],[103.7458086,1.4038527],[103.7458035,1.403828],[103.7458556,1.403818],[103.7458506,1.4037941],[103.7457989,1.4038058],[103.7457938,1.403781],[103.7458124,1.4037781],[103.7458093,1.403763],[103.7457937,1.4037663],[103.7457926,1.4037609],[103.7457844,1.4037626],[103.7457764,1.4037283],[103.7457932,1.4037248],[103.745784,1.4036851],[103.745843,1.4036727],[103.7458503,1.4037128],[103.7458802,1.4037065],[103.7458838,1.4037282],[103.7459032,1.4037241],[103.7459085,1.4037276],[103.7459189,1.4037779],[103.7459343,1.4037747],[103.7459319,1.4037632],[103.7459488,1.4037605],[103.7459456,1.4037455],[103.7459307,1.4037486],[103.7459296,1.4037433],[103.7459252,1.4037443],[103.7459155,1.4037019],[103.7459445,1.4036958],[103.745942,1.4036834],[103.7459745,1.4036766],[103.7459806,1.4037104],[103.746066,1.4036926],[103.7460581,1.4036591],[103.7460907,1.4036523],[103.7460932,1.4036647],[103.7461223,1.4036586],[103.7461302,1.4037013],[103.7461258,1.4037022],[103.7461269,1.4037075],[103.7461119,1.4037106],[103.746115,1.4037257],[103.7461295,1.4037226],[103.7461434,1.4036997],[103.7461587,1.4037108],[103.7461671,1.403698],[103.7461527,1.4036886],[103.7461557,1.403684],[103.746149,1.4036795],[103.7461682,1.40365],[103.7461862,1.403662],[103.7462059,1.4036317],[103.7462562,1.4036649],[103.7462455,1.4036813],[103.7462654,1.4036905],[103.7462854,1.4037075],[103.7462961,1.4036912],[103.7463464,1.4037244],[103.7463268,1.4037546],[103.7463448,1.4037665],[103.7463256,1.4037959],[103.7463188,1.4037915],[103.7463158,1.4037961],[103.7463016,1.4037867],[103.7462932,1.4037995],[103.7463106,1.403809],[103.7462989,1.4038269],[103.7463492,1.4038163],[103.7463543,1.4038197],[103.7463663,1.4038679],[103.7464058,1.4038594],[103.7464184,1.4039187],[103.7463789,1.4039272],[103.746382,1.4039422],[103.7463469,1.4039498],[103.746345,1.4039407],[103.7463406,1.4039417],[103.7463373,1.4039259],[103.7463223,1.4039291],[103.7463277,1.4039502],[103.7462811,1.4039602],[103.7462775,1.4039387],[103.7462625,1.4039419],[103.7462659,1.4039577],[103.7462606,1.4039588],[103.7462625,1.4039678],[103.7462282,1.4039752],[103.7462249,1.4039593],[103.7461862,1.4039676],[103.7461736,1.4039083],[103.7462123,1.4039],[103.7462061,1.4038708],[103.7462562,1.4038601],[103.7462555,1.4038566],[103.7462597,1.4038556],[103.74625,1.4038089],[103.7462245,1.403792],[103.7462223,1.4037955],[103.7462178,1.4037925],[103.7462131,1.4037997],[103.7462379,1.403816],[103.746212,1.4038558],[103.746187,1.4038393],[103.7461839,1.4038441],[103.7461894,1.4038455],[103.746179,1.4038438],[103.7461718,1.4038405],[103.7461638,1.4038337],[103.7461581,1.4038247],[103.7461616,1.4038292],[103.7461647,1.4038245],[103.7461331,1.4038037],[103.746137,1.4037977],[103.7461227,1.4037883],[103.746136,1.4037679],[103.7461595,1.4037633],[103.746191,1.4037841],[103.7461952,1.4037776],[103.7461907,1.4037747],[103.7461929,1.4037713],[103.7461674,1.4037544],[103.7460011,1.4037893],[103.7460019,1.4037932],[103.7459975,1.4037942],[103.7460013,1.4038124],[103.7459791,1.4038161],[103.7459822,1.4038311],[103.7459978,1.4038278],[103.7459989,1.4038331],[103.7460079,1.4038312],[103.7460151,1.4038658],[103.7459993,1.4038691]]]}},{"type":"Feature","properties":{"type":"HDB"},"geometry":{"type":"Polygon","coordinates":[[[103.7452909,1.4040105],[103.7452781,1.4040021],[103.7452688,1.4040165],[103.7452642,1.4040134],[103.7452598,1.4040203],[103.7452305,1.404001],[103.7452423,1.4039829],[103.7452122,1.4039631],[103.7452451,1.4039124],[103.7452613,1.403923],[103.7452729,1.4038994],[103.7452874,1.4038828],[103.7452712,1.4038722],[103.7453041,1.4038215],[103.7453342,1.4038413],[103.7453459,1.4038231],[103.7453753,1.4038424],[103.7453709,1.4038492],[103.7453754,1.4038522],[103.745366,1.4038666],[103.7453788,1.4038749],[103.7453884,1.4038585],[103.7454103,1.403874],[103.7454247,1.403871],[103.7454216,1.4038559],[103.7454066,1.4038591],[103.7454055,1.4038538],[103.7454011,1.4038547],[103.7453914,1.4038124],[103.7454204,1.4038063],[103.7454178,1.4037939],[103.7454503,1.403787],[103.7454565,1.4038208],[103.7455418,1.4038028],[103.7455339,1.4037694],[103.7455664,1.4037625],[103.745569,1.4037749],[103.745598,1.4037688],[103.745606,1.4038114],[103.7456016,1.4038124],[103.7456027,1.4038177],[103.7455878,1.4038208],[103.7455909,1.4038359],[103.7456074,1.4038315],[103.7456098,1.403843],[103.7456252,1.4038397],[103.7456147,1.4037895],[103.7456182,1.4037841],[103.7456376,1.40378],[103.7456322,1.4037587],[103.7456621,1.4037525],[103.7456529,1.4037128],[103.7457119,1.4037004],[103.7457193,1.4037404],[103.745736,1.4037368],[103.7457423,1.4037715],[103.7457342,1.4037732],[103.7457353,1.4037786],[103.7457197,1.4037819],[103.7457228,1.4037969],[103.7457411,1.4037921],[103.7457463,1.4038169],[103.7456942,1.403827],[103.7456992,1.4038509],[103.7457509,1.4038391],[103.7457561,1.4038638],[103.7457374,1.4038668],[103.7457405,1.4038819],[103.7457561,1.4038786],[103.7457572,1.4038839],[103.7457663,1.403882],[103.7457735,1.4039165],[103.7457577,1.4039199],[103.745766,1.4039597],[103.745707,1.4039721],[103.7456987,1.4039323],[103.7456468,1.4039433],[103.7456551,1.4039831],[103.7455962,1.4039956],[103.7455879,1.4039557],[103.7455721,1.4039591],[103.7455649,1.4039245],[103.7455739,1.4039226],[103.7455728,1.4039173],[103.7455884,1.403914],[103.7455853,1.403899],[103.7455635,1.4039045],[103.7455597,1.4038864],[103.7455553,1.4038873],[103.7455544,1.4038833],[103.7453882,1.4039184],[103.7453715,1.4039441],[103.7453749,1.4039464],[103.7453719,1.4039509],[103.7453783,1.4039551],[103.745399,1.4039233],[103.7454226,1.403918],[103.7454426,1.4039318],[103.7454331,1.4039457],[103.7454392,1.4039498],[103.7454186,1.4039815],[103.7454233,1.4039846],[103.7454246,1.403979],[103.7454231,1.4039895],[103.7454184,1.403999],[103.7454111,1.4040067],[103.7454042,1.4040107],[103.7454088,1.4040072],[103.745404,1.4040041],[103.7453876,1.4040293],[103.7453481,1.4040033],[103.7453644,1.4039783],[103.7453572,1.4039736],[103.7453543,1.4039782],[103.7453509,1.4039759],[103.7453342,1.4040016],[103.7453439,1.4040483],[103.7453482,1.4040475],[103.7453489,1.4040511],[103.7453991,1.4040407],[103.745405,1.4040699],[103.7454437,1.404062],[103.7454558,1.4041213],[103.7454171,1.4041293],[103.7454203,1.4041452],[103.745386,1.4041523],[103.7453842,1.4041432],[103.7453789,1.4041443],[103.7453757,1.4041286],[103.7453607,1.4041316],[103.7453659,1.4041528],[103.7453193,1.4041624],[103.7453158,1.4041409],[103.7453008,1.404144],[103.7453041,1.4041598],[103.7452997,1.4041607],[103.7453015,1.4041698],[103.7452663,1.404177],[103.7452632,1.404162],[103.7452236,1.4041701],[103.7452115,1.4041108],[103.7452511,1.4041026],[103.745243,1.4040536],[103.7452463,1.4040484],[103.7452965,1.4040378],[103.7452787,1.4040262],[103.7452909,1.4040105]]]}},{"type":"Feature","properties":{"type":"HDB"},"geometry":{"type":"Polygon","coordinates":[[[103.7453842,1.4042491],[103.7462277,1.4040716],[103.7462917,1.4043797],[103.7455611,1.4045335],[103.7454073,1.4043604],[103.7453842,1.4042491]]]}},{"type":"Feature","properties":{"type":"HDB"},"geometry":{"type":"Polygon","coordinates":[[[103.7477468,1.4044033],[103.7477309,1.4043448],[103.747769,1.4043343],[103.7477644,1.4043177],[103.7478002,1.4043088],[103.7478027,1.4043177],[103.747807,1.4043165],[103.7478112,1.404332],[103.7478259,1.4043279],[103.74782,1.4043098],[103.7478443,1.4043031],[103.7478575,1.4043548],[103.7478809,1.4043484],[103.747866,1.4042972],[103.7478902,1.4042904],[103.7478944,1.404309],[103.7479091,1.4043049],[103.7479049,1.4042894],[103.7479092,1.4042882],[103.7479067,1.4042793],[103.7479414,1.4042697],[103.7479457,1.4042854],[103.7479847,1.4042746],[103.7480006,1.404333],[103.7479617,1.4043438],[103.7479683,1.4043683],[103.7479757,1.4043953],[103.7480147,1.4043845],[103.7480307,1.4044429],[103.7479917,1.4044537],[103.747996,1.4044694],[103.7479613,1.404479],[103.7479589,1.40447],[103.7479545,1.4044712],[103.7479503,1.4044558],[103.7479356,1.4044598],[103.7479424,1.4044814],[103.7479246,1.4044863],[103.7479258,1.4044906],[103.7479219,1.4044917],[103.747967,1.4046566],[103.7479943,1.4046722],[103.7479963,1.4046687],[103.7479998,1.4046707],[103.748008,1.4046561],[103.7479756,1.4046376],[103.7479695,1.4046154],[103.7479817,1.4045938],[103.7479958,1.4046018],[103.7479989,1.4045963],[103.748027,1.4046124],[103.748032,1.4046086],[103.7480482,1.4046133],[103.7480589,1.4046226],[103.7480608,1.4046296],[103.7480833,1.4046425],[103.7480509,1.4046999],[103.7480532,1.4047013],[103.7480512,1.4047048],[103.7481001,1.4046927],[103.748099,1.4046887],[103.7481033,1.4046875],[103.7480889,1.4046381],[103.7481166,1.4046304],[103.7481062,1.404592],[103.7481642,1.4045759],[103.7481747,1.4046143],[103.7481903,1.40461],[103.7481998,1.4046449],[103.7481909,1.4046473],[103.7481921,1.4046517],[103.7481767,1.404656],[103.7481808,1.4046708],[103.748202,1.4046631],[103.7482151,1.404711],[103.7481929,1.4047153],[103.748197,1.4047301],[103.7482123,1.4047258],[103.7482135,1.4047302],[103.7482224,1.4047277],[103.7482297,1.404751],[103.7482331,1.4047633],[103.7482166,1.4047678],[103.7482271,1.4048062],[103.748169,1.4048222],[103.7481586,1.4047838],[103.748111,1.4047942],[103.7481055,1.404791],[103.7480912,1.4047385],[103.7480806,1.404758],[103.7480619,1.4047473],[103.7480513,1.4047662],[103.7480731,1.4047787],[103.7480585,1.4048047],[103.7480405,1.4047944],[103.7480214,1.4048282],[103.7479722,1.4048001],[103.7479793,1.4047875],[103.7479552,1.4047778],[103.7479348,1.404762],[103.7479276,1.4047746],[103.7478784,1.4047464],[103.7478976,1.4047126],[103.7478796,1.4047023],[103.7478942,1.4046764],[103.7479161,1.4046889],[103.7479268,1.40467],[103.7479088,1.4046597],[103.7479216,1.4046371],[103.7479177,1.4046228],[103.7479029,1.4046269],[103.747907,1.4046417],[103.7479018,1.4046431],[103.747903,1.4046475],[103.747861,1.404661],[103.7478538,1.4046311],[103.7478416,1.4046345],[103.7478328,1.4046022],[103.7478651,1.4045942],[103.747842,1.4045096],[103.7478102,1.4045194],[103.7478014,1.4044871],[103.7478135,1.4044837],[103.7478046,1.4044544],[103.7478475,1.4044444],[103.7478487,1.4044487],[103.7478539,1.4044473],[103.7478579,1.4044621],[103.7478726,1.404458],[103.747867,1.4044408],[103.7478783,1.4044377],[103.7478743,1.4044233],[103.7478252,1.4044369],[103.7478196,1.4044338],[103.7478146,1.4044155],[103.7477937,1.4044213],[103.7477858,1.4043925],[103.7477468,1.4044033]]]}},{"type":"Feature","properties":{"type":"HDB"},"geometry":{"type":"Polygon","coordinates":[[[103.7461833,1.4047847],[103.746201,1.4047533],[103.7461823,1.4047426],[103.7462,1.4047111],[103.7462071,1.4047152],[103.7462093,1.4047112],[103.7462242,1.4047197],[103.7462317,1.4047063],[103.7462148,1.4046978],[103.7462287,1.4046745],[103.7462249,1.4046605],[103.7462102,1.4046646],[103.7462142,1.4046794],[103.7462099,1.4046806],[103.7462113,1.4046859],[103.7461689,1.4046976],[103.746161,1.4046688],[103.7461489,1.4046722],[103.7461401,1.4046399],[103.746173,1.4046308],[103.7461504,1.404548],[103.7461174,1.4045571],[103.7461086,1.4045248],[103.7461208,1.4045215],[103.7461129,1.4044927],[103.7461553,1.404481],[103.7461568,1.4044862],[103.7461611,1.404485],[103.7461652,1.4044998],[103.7461799,1.4044957],[103.7461731,1.4044779],[103.7461991,1.4044707],[103.7462144,1.4045265],[103.7462343,1.404521],[103.7462191,1.4044652],[103.7462451,1.404458],[103.7462483,1.4044768],[103.7462631,1.4044727],[103.746259,1.4044579],[103.7462642,1.4044564],[103.7462628,1.4044512],[103.7463043,1.4044397],[103.7463122,1.4044685],[103.7463244,1.4044651],[103.7463332,1.4044974],[103.7463,1.4045056],[103.7463157,1.4045698],[103.7463125,1.4045753],[103.7462467,1.4045935],[103.7462746,1.4046955],[103.7462995,1.4047098],[103.7463015,1.4047063],[103.746307,1.4047094],[103.7463112,1.4047019],[103.7462784,1.4046831],[103.7462722,1.4046602],[103.7462837,1.4046399],[103.7462982,1.4046482],[103.7463022,1.4046411],[103.746335,1.4046599],[103.7463377,1.404655],[103.7463321,1.404654],[103.7463428,1.404655],[103.7463527,1.4046593],[103.7463608,1.4046665],[103.7463648,1.4046726],[103.746361,1.4046682],[103.7463583,1.4046732],[103.7463842,1.404688],[103.7463609,1.4047293],[103.7463351,1.4047146],[103.7463304,1.4047228],[103.7463359,1.4047259],[103.7463339,1.4047295],[103.7463589,1.4047437],[103.7464065,1.4047306],[103.7464054,1.4047266],[103.7464089,1.4047257],[103.7463953,1.404676],[103.7464239,1.4046681],[103.7464134,1.4046297],[103.7464714,1.4046136],[103.7464819,1.404652],[103.7464975,1.4046477],[103.7465059,1.4046819],[103.746498,1.4046842],[103.7464994,1.4046894],[103.746484,1.4046937],[103.746488,1.4047085],[103.7465086,1.4047019],[103.7465212,1.4047481],[103.7465002,1.4047529],[103.7465042,1.4047678],[103.7465196,1.4047635],[103.7465211,1.4047687],[103.7465291,1.4047665],[103.7465392,1.4048003],[103.7465236,1.4048046],[103.7465343,1.4048438],[103.7464763,1.4048599],[103.7464656,1.4048206],[103.7464183,1.4048319],[103.7464128,1.4048287],[103.7463986,1.4047768],[103.7463875,1.4047965],[103.7463715,1.4047864],[103.746364,1.4047997],[103.7463788,1.4048082],[103.7463766,1.4048122],[103.7463836,1.4048162],[103.7463658,1.4048476],[103.7463471,1.4048369],[103.7463294,1.4048684],[103.746277,1.4048384],[103.7462874,1.40482],[103.746268,1.4048129],[103.746246,1.4047963],[103.7462356,1.4048147],[103.7461833,1.4047847]]]}},{"type":"Feature","properties":{"type":"HDB"},"geometry":{"type":"Polygon","coordinates":[[[103.746941,1.404526],[103.7469303,1.4044868],[103.7469874,1.404471],[103.7469982,1.4045102],[103.7470142,1.4045058],[103.7470237,1.4045407],[103.7470148,1.4045432],[103.747016,1.4045475],[103.7470006,1.4045517],[103.7470047,1.4045666],[103.7470233,1.4045595],[103.7470304,1.4045857],[103.7469808,1.4045985],[103.7469867,1.4046203],[103.7470359,1.4046058],[103.747043,1.4046319],[103.7470235,1.4046355],[103.7470275,1.4046503],[103.7470429,1.404646],[103.7470443,1.4046513],[103.7470532,1.4046488],[103.7470625,1.4046828],[103.7470465,1.4046872],[103.7470572,1.4047265],[103.747,1.4047423],[103.7469893,1.404703],[103.7469603,1.404711],[103.7469562,1.4046895],[103.7469363,1.404695],[103.7469308,1.4046918],[103.7469173,1.4046423],[103.746903,1.4046463],[103.7469096,1.4046707],[103.7468929,1.4046744],[103.746897,1.4046892],[103.7469104,1.4046855],[103.7469118,1.4046907],[103.746914,1.4046901],[103.7469208,1.4047117],[103.7469241,1.4047239],[103.7469107,1.4047276],[103.7469179,1.4047538],[103.7468763,1.4047652],[103.7468691,1.4047391],[103.7468453,1.4047457],[103.7468428,1.4047365],[103.7468021,1.4047478],[103.7468046,1.4047569],[103.7467807,1.4047635],[103.7467879,1.4047897],[103.7467463,1.4048012],[103.7467391,1.404775],[103.7467257,1.4047787],[103.7467165,1.4047447],[103.7467195,1.4047439],[103.7467181,1.4047386],[103.7467315,1.4047349],[103.7467274,1.4047201],[103.7467118,1.4047244],[103.7467054,1.4047009],[103.7466902,1.4047051],[103.7467038,1.4047546],[103.7467006,1.4047601],[103.7466807,1.4047656],[103.7466882,1.4047863],[103.7466591,1.4047943],[103.7466699,1.4048336],[103.7466127,1.4048494],[103.746602,1.4048101],[103.7465859,1.4048145],[103.7465764,1.4047797],[103.7465853,1.4047772],[103.7465841,1.4047729],[103.7465995,1.4047686],[103.7465954,1.4047538],[103.7465769,1.4047608],[103.7465697,1.4047346],[103.7466194,1.4047219],[103.7466134,1.4047001],[103.7465642,1.4047146],[103.7465571,1.4046884],[103.7465767,1.4046849],[103.7465726,1.4046701],[103.7465572,1.4046743],[103.7465558,1.4046691],[103.7465469,1.4046715],[103.7465376,1.4046376],[103.7465537,1.4046331],[103.7465429,1.4045939],[103.7466001,1.4045781],[103.7466108,1.4046173],[103.7466628,1.404603],[103.7466521,1.4045637],[103.7467093,1.4045479],[103.74672,1.4045871],[103.746736,1.4045827],[103.7467456,1.4046176],[103.7467367,1.40462],[103.7467379,1.4046244],[103.7467225,1.4046286],[103.7467265,1.4046435],[103.7467486,1.4046355],[103.746753,1.4046586],[103.7467676,1.4046546],[103.7467659,1.4046485],[103.746772,1.4046468],[103.7467616,1.4046089],[103.7468071,1.4045963],[103.7468175,1.4046343],[103.7468235,1.4046326],[103.7468252,1.4046387],[103.7468397,1.4046347],[103.7468318,1.4046125],[103.7468548,1.404608],[103.7468507,1.4045932],[103.7468354,1.4045975],[103.7468342,1.4045931],[103.7468253,1.4045956],[103.7468158,1.4045607],[103.7468318,1.4045562],[103.7468211,1.404517],[103.7468783,1.4045012],[103.746889,1.4045404],[103.746941,1.404526]]]}},{"type":"Feature","properties":{"type":"HDB"},"geometry":{"type":"Polygon","coordinates":[[[103.7483749,1.4048412],[103.7483178,1.404857],[103.748307,1.4048178],[103.748291,1.4048222],[103.7482826,1.4047879],[103.7482906,1.4047857],[103.7482892,1.4047805],[103.7483045,1.4047763],[103.7483005,1.4047614],[103.7482825,1.4047673],[103.7482759,1.4047429],[103.7483255,1.4047301],[103.7483191,1.4047066],[103.7482699,1.4047211],[103.7482633,1.4046967],[103.7482817,1.4046925],[103.7482777,1.4046777],[103.7482623,1.404682],[103.7482608,1.4046767],[103.748252,1.4046792],[103.7482427,1.4046452],[103.7482591,1.4046406],[103.748248,1.4046015],[103.7483052,1.4045857],[103.7483157,1.4046259],[103.7483408,1.404619],[103.7483403,1.4046172],[103.7483686,1.4046113],[103.7483572,1.4045713],[103.7484143,1.4045555],[103.7484246,1.4045948],[103.7484411,1.4045903],[103.7484495,1.4046246],[103.7484415,1.4046268],[103.7484429,1.404632],[103.7484276,1.4046363],[103.7484314,1.4046502],[103.748453,1.4046442],[103.7484589,1.4046656],[103.7484725,1.4046618],[103.748471,1.4046561],[103.748477,1.4046545],[103.7484658,1.4046135],[103.7484629,1.4046156],[103.7484624,1.4046137],[103.7484653,1.4046117],[103.7484593,1.4045895],[103.7485048,1.4045769],[103.7485108,1.4045991],[103.7485149,1.4046012],[103.7485113,1.4046009],[103.7485225,1.4046419],[103.7485286,1.4046402],[103.7485301,1.4046459],[103.7485438,1.4046421],[103.7485379,1.4046207],[103.7485596,1.4046147],[103.7485558,1.4046008],[103.7485404,1.4046051],[103.748539,1.4045998],[103.7485309,1.404602],[103.7485208,1.4045683],[103.7485373,1.4045637],[103.7485261,1.4045246],[103.7485833,1.4045088],[103.7485936,1.4045482],[103.7486464,1.4045335],[103.7486353,1.4044944],[103.7486925,1.4044786],[103.7487028,1.404518],[103.7487192,1.4045134],[103.7487276,1.4045476],[103.7487196,1.4045499],[103.7487211,1.4045551],[103.7487057,1.4045594],[103.7487095,1.4045733],[103.7487277,1.4045682],[103.7487344,1.4045927],[103.7486847,1.4046055],[103.7486912,1.404629],[103.7487403,1.4046145],[103.748747,1.4046389],[103.7487288,1.4046439],[103.7487326,1.4046579],[103.748748,1.4046537],[103.7487492,1.404658],[103.748758,1.4046555],[103.7487676,1.4046904],[103.7487515,1.4046948],[103.7487623,1.4047341],[103.7487051,1.4047499],[103.7486943,1.4047107],[103.7486653,1.4047187],[103.7486613,1.4046971],[103.7486413,1.4047026],[103.7486358,1.4046994],[103.7486223,1.4046499],[103.748608,1.4046539],[103.7486147,1.4046783],[103.748598,1.404682],[103.748602,1.4046968],[103.7486154,1.4046931],[103.7486169,1.4046983],[103.748619,1.4046977],[103.7486258,1.4047193],[103.7486292,1.4047315],[103.7486158,1.4047352],[103.7486229,1.4047613],[103.7485813,1.4047729],[103.7485742,1.4047467],[103.7485504,1.4047533],[103.7485479,1.4047441],[103.7485071,1.4047554],[103.7485096,1.4047646],[103.7484858,1.4047711],[103.7484929,1.4047973],[103.7484513,1.4048088],[103.7484442,1.4047827],[103.7484308,1.4047864],[103.7484274,1.4047741],[103.7484224,1.4047521],[103.7484245,1.4047515],[103.7484231,1.4047463],[103.7484365,1.4047426],[103.7484325,1.4047278],[103.7484169,1.4047321],[103.7484105,1.4047085],[103.7483953,1.4047127],[103.7484088,1.4047622],[103.7484057,1.4047677],[103.7483857,1.4047732],[103.7483932,1.4047939],[103.7483642,1.4048019],[103.7483749,1.4048412]]]}},{"type":"Feature","properties":{"type":"HDB"},"geometry":{"type":"Polygon","coordinates":[[[103.7488215,1.4046285],[103.7488189,1.4046189],[103.7488509,1.4046101],[103.7488595,1.4046415],[103.7489009,1.40463],[103.7489036,1.40464],[103.7489275,1.4046334],[103.7489296,1.4046413],[103.7489656,1.4046314],[103.7489772,1.4046741],[103.7489842,1.4046722],[103.7489781,1.4046499],[103.7489945,1.4046454],[103.7489905,1.4046305],[103.7489758,1.4046346],[103.7489746,1.4046303],[103.7489711,1.4046312],[103.7489599,1.4045903],[103.7489859,1.404583],[103.7489833,1.4045735],[103.7490154,1.4045646],[103.7490239,1.404596],[103.749101,1.4045747],[103.7490925,1.4045433],[103.7491245,1.4045344],[103.7491272,1.404544],[103.7491531,1.4045368],[103.7491643,1.4045778],[103.7491609,1.4045787],[103.7491621,1.4045831],[103.7491473,1.4045872],[103.7491514,1.404602],[103.7491691,1.4045952],[103.7491767,1.4046231],[103.7491167,1.4046379],[103.7491231,1.4046614],[103.7491822,1.4046432],[103.7491898,1.4046711],[103.7491711,1.4046744],[103.7491752,1.4046892],[103.7491899,1.4046851],[103.7491911,1.4046895],[103.7491946,1.4046885],[103.7492058,1.4047295],[103.7491798,1.4047367],[103.7491824,1.4047463],[103.7491503,1.4047552],[103.7491418,1.4047238],[103.7491039,1.4047343],[103.7491064,1.4047434],[103.7490518,1.4047585],[103.7490345,1.4046953],[103.7490189,1.4046996],[103.7490232,1.4047153],[103.7490067,1.4047198],[103.7490108,1.4047346],[103.7490255,1.4047306],[103.7490267,1.404735],[103.7490301,1.404734],[103.7490413,1.404775],[103.7490154,1.4047822],[103.749018,1.4047918],[103.7489859,1.4048006],[103.7489773,1.4047693],[103.7489002,1.4047906],[103.7489088,1.404822],[103.7488768,1.4048308],[103.7488741,1.4048213],[103.7488481,1.4048285],[103.748837,1.4047874],[103.7488404,1.4047865],[103.7488392,1.4047821],[103.7488539,1.404778],[103.7488499,1.4047632],[103.7488322,1.40477],[103.7488246,1.4047421],[103.7488846,1.4047274],[103.7488782,1.4047038],[103.7488191,1.404722],[103.7488115,1.4046941],[103.7488301,1.4046908],[103.7488261,1.404676],[103.7488113,1.4046801],[103.7488102,1.4046757],[103.7488067,1.4046767],[103.7487955,1.4046357],[103.7488215,1.4046285]]]}},{"type":"Feature","properties":{"type":"HDB"},"geometry":{"type":"Polygon","coordinates":[[[103.7497125,1.3972894],[103.749724,1.3972904],[103.7497291,1.397286],[103.749741,1.397287],[103.7497455,1.3972923],[103.7497542,1.3972931],[103.749751,1.3973341],[103.7497612,1.397335],[103.7497636,1.3973056],[103.7497901,1.3972828],[103.7498195,1.3972855],[103.7498204,1.3972752],[103.7497797,1.3972713],[103.7497805,1.3972615],[103.7497762,1.3972563],[103.7497772,1.3972442],[103.7497824,1.3972399],[103.7497833,1.397229],[103.749779,1.3972238],[103.74978,1.3972121],[103.7497852,1.3972077],[103.7497862,1.3971967],[103.7497817,1.3971914],[103.7497828,1.397179],[103.7497881,1.3971746],[103.749789,1.3971636],[103.7497846,1.3971583],[103.7497856,1.3971464],[103.7497909,1.3971418],[103.7497927,1.3971208],[103.7499319,1.3971327],[103.7499157,1.3973242],[103.7498619,1.3973192],[103.7498602,1.39734],[103.7499139,1.3973448],[103.7499052,1.3974474],[103.7498065,1.3974387],[103.7497829,1.3974722],[103.7497251,1.3974315],[103.7493769,1.3974007],[103.7493796,1.3973681],[103.7492739,1.3973587],[103.7492825,1.39726],[103.7492942,1.3972609],[103.7492976,1.3972201],[103.7493067,1.3972209],[103.749312,1.3972165],[103.7493237,1.3972175],[103.7493281,1.3972227],[103.7493392,1.3972237],[103.7493443,1.3972193],[103.749356,1.3972203],[103.7493603,1.3972256],[103.7493716,1.3972266],[103.7493768,1.3972222],[103.7493887,1.3972232],[103.749393,1.3972284],[103.7494043,1.3972294],[103.7494095,1.3972251],[103.7494216,1.3972261],[103.749426,1.3972313],[103.7494353,1.3972321],[103.7494318,1.3972734],[103.7494435,1.3972744],[103.749442,1.3972906],[103.7494543,1.3972916],[103.7494577,1.3972503],[103.7494667,1.3972512],[103.7494718,1.3972468],[103.7494838,1.3972479],[103.7494881,1.3972531],[103.7494993,1.3972541],[103.7495045,1.3972497],[103.7495164,1.3972507],[103.7495208,1.397256],[103.7495318,1.397257],[103.749537,1.3972525],[103.7495487,1.3972536],[103.7495531,1.3972588],[103.7495638,1.3972598],[103.749569,1.3972554],[103.7495813,1.3972564],[103.7495857,1.3972617],[103.7495946,1.3972625],[103.7495911,1.3973037],[103.7496027,1.3973047],[103.7496013,1.3973211],[103.7496128,1.3973219],[103.7496164,1.3972808],[103.7496263,1.3972817],[103.749631,1.3972777],[103.7496429,1.3972787],[103.749647,1.3972835],[103.7496588,1.3972846],[103.7496636,1.3972805],[103.7496755,1.3972815],[103.7496797,1.3972865],[103.7496913,1.3972875],[103.7496963,1.3972832],[103.7497082,1.3972842],[103.7497125,1.3972894]]]}},{"type":"Feature","properties":{"type":"HDB"},"geometry":{"type":"Polygon","coordinates":[[[103.7481702,1.3977591],[103.7481708,1.397733],[103.7481582,1.3977328],[103.7481584,1.3977273],[103.7481252,1.3977265],[103.748125,1.3977337],[103.7480935,1.397733],[103.7480946,1.3976911],[103.7481116,1.3976916],[103.7481124,1.3976553],[103.748196,1.3976573],[103.7481958,1.3976655],[103.7482006,1.3976656],[103.7482062,1.397659],[103.7482127,1.3976571],[103.7482209,1.3976594],[103.7482261,1.3976662],[103.7482385,1.3976665],[103.7482439,1.39766],[103.7482505,1.3976579],[103.7482586,1.3976603],[103.7482637,1.3976672],[103.7482686,1.3976673],[103.7482688,1.3976591],[103.7483255,1.3976605],[103.7483253,1.3976685],[103.7483521,1.3976691],[103.7483511,1.39771],[103.7483406,1.3977098],[103.7483398,1.3977409],[103.748354,1.3977413],[103.7483545,1.3977227],[103.7484064,1.397724],[103.7484067,1.3977114],[103.748396,1.3977111],[103.748397,1.3976702],[103.748424,1.3976709],[103.7484242,1.3976629],[103.7484809,1.3976643],[103.7484807,1.3976723],[103.7484856,1.3976725],[103.7484897,1.3976669],[103.7484976,1.397664],[103.7485058,1.3976663],[103.748511,1.397673],[103.7485234,1.3976734],[103.7485288,1.3976668],[103.7485354,1.3976648],[103.7485435,1.3976672],[103.7485486,1.397674],[103.7485535,1.3976741],[103.7485537,1.3976661],[103.7486371,1.3976681],[103.7486362,1.3977042],[103.7486533,1.3977047],[103.7486522,1.3977463],[103.7486208,1.3977455],[103.748621,1.3977382],[103.7485878,1.3977374],[103.7485876,1.397743],[103.7485751,1.3977426],[103.7485744,1.3977687],[103.748587,1.397769],[103.7485869,1.3977744],[103.74862,1.3977752],[103.7486202,1.3977681],[103.7486517,1.3977689],[103.7486505,1.3978193],[103.7486334,1.3978189],[103.7486323,1.3978627],[103.7485139,1.3978598],[103.748513,1.3978933],[103.7484892,1.3978927],[103.748489,1.3979008],[103.7484053,1.3978987],[103.7484055,1.3978906],[103.7484007,1.3978906],[103.7483953,1.3978973],[103.7483887,1.3978993],[103.7483804,1.3978969],[103.7483752,1.3978899],[103.7483631,1.3978896],[103.7483576,1.3978963],[103.748351,1.3978984],[103.7483427,1.3978959],[103.7483376,1.397889],[103.7483329,1.3978889],[103.7483326,1.397897],[103.7482491,1.397895],[103.7482493,1.397887],[103.7482255,1.3978865],[103.7482263,1.3978528],[103.7481079,1.3978499],[103.748109,1.3978054],[103.7480918,1.3978049],[103.748093,1.3977555],[103.7481245,1.3977563],[103.7481243,1.3977635],[103.7481575,1.3977642],[103.7481576,1.3977588],[103.7481702,1.3977591]]]}},{"type":"Feature","properties":{"type":"HDB"},"geometry":{"type":"Polygon","coordinates":[[[103.7488825,1.3976747],[103.7488891,1.3976825],[103.748894,1.3976826],[103.7488942,1.3976746],[103.7489509,1.3976759],[103.7489507,1.3976839],[103.7489777,1.3976846],[103.7489767,1.3977255],[103.748966,1.3977252],[103.7489656,1.3977378],[103.7490176,1.3977391],[103.7490172,1.3977576],[103.7490314,1.397758],[103.7490322,1.3977268],[103.7490216,1.3977265],[103.7490226,1.3976857],[103.7490494,1.3976864],[103.7490496,1.3976783],[103.7491063,1.3976797],[103.7491061,1.3976878],[103.749111,1.397688],[103.749115,1.3976824],[103.7491229,1.3976793],[103.7491311,1.3976817],[103.7491362,1.3976886],[103.7491486,1.3976889],[103.7491527,1.3976833],[103.7491607,1.3976804],[103.7491689,1.3976827],[103.749174,1.3976895],[103.7491789,1.3976896],[103.7491791,1.3976815],[103.7492626,1.3976836],[103.7492618,1.3977198],[103.7492788,1.3977202],[103.7492778,1.397762],[103.7492463,1.3977613],[103.7492464,1.397754],[103.749211,1.3977531],[103.7492109,1.3977585],[103.7492006,1.3977583],[103.7491999,1.3977844],[103.7492103,1.3977847],[103.7492102,1.3977901],[103.7492456,1.397791],[103.7492457,1.3977838],[103.7492772,1.3977847],[103.749276,1.397834],[103.7492588,1.3978336],[103.7492578,1.397878],[103.7491393,1.3978752],[103.7491384,1.3979089],[103.7491147,1.3979083],[103.7491145,1.3979162],[103.749031,1.3979142],[103.7490312,1.3979061],[103.7490264,1.397906],[103.7490209,1.3979126],[103.7490126,1.3979147],[103.749006,1.3979123],[103.7490009,1.3979054],[103.7489888,1.397905],[103.7489833,1.3979117],[103.7489749,1.3979138],[103.7489684,1.3979114],[103.7489633,1.3979044],[103.7489585,1.3979043],[103.7489583,1.3979124],[103.7488746,1.3979104],[103.7488748,1.3979022],[103.748851,1.3979016],[103.7488518,1.3978682],[103.7487334,1.3978653],[103.7487344,1.3978215],[103.7487173,1.397821],[103.7487185,1.3977707],[103.74875,1.3977714],[103.7487498,1.3977786],[103.7487851,1.3977794],[103.7487853,1.397774],[103.7487957,1.3977742],[103.7487964,1.3977482],[103.748786,1.3977479],[103.7487861,1.3977425],[103.7487507,1.3977415],[103.7487505,1.3977488],[103.7487191,1.3977481],[103.7487201,1.3977064],[103.7487371,1.3977069],[103.748738,1.3976708],[103.7488214,1.3976728],[103.7488212,1.3976808],[103.7488261,1.3976809],[103.7488315,1.3976743],[103.748838,1.3976723],[103.7488462,1.3976747],[103.7488513,1.3976815],[103.7488638,1.3976818],[103.7488724,1.3976739],[103.7488825,1.3976747]]]}},{"type":"Feature","properties":{"type":"HDB"},"geometry":{"type":"Polygon","coordinates":[[[103.7498717,1.397768],[103.7498534,1.3977676],[103.7498532,1.3977731],[103.7498424,1.3977727],[103.749841,1.3978316],[103.7498518,1.3978318],[103.7498517,1.3978372],[103.74987,1.3978377],[103.7498705,1.3978173],[103.7499022,1.3978182],[103.7499009,1.3978713],[103.7498838,1.3978708],[103.7498829,1.3979075],[103.7498,1.3979054],[103.7498001,1.3978982],[103.749794,1.397898],[103.7497888,1.397904],[103.7497811,1.3979055],[103.7497712,1.3978975],[103.7497621,1.3978973],[103.7497639,1.39782],[103.7497567,1.3978199],[103.7497568,1.3978154],[103.7497529,1.3978153],[103.7497369,1.3977936],[103.7497295,1.3977951],[103.7497444,1.3978172],[103.7497438,1.3978261],[103.7497382,1.3978331],[103.7497312,1.3978355],[103.7497225,1.3978335],[103.7497059,1.3978127],[103.7496619,1.3978455],[103.7496619,1.3978486],[103.7496861,1.3978492],[103.7496862,1.397843],[103.7496998,1.3978433],[103.7496994,1.3978595],[103.7497315,1.3978602],[103.7497309,1.397883],[103.7497418,1.3978832],[103.7497408,1.3979243],[103.7497139,1.3979236],[103.7497137,1.3979321],[103.7496569,1.3979307],[103.7496571,1.3979227],[103.7496523,1.3979225],[103.7496483,1.3979282],[103.7496403,1.3979313],[103.749632,1.3979289],[103.7496268,1.3979219],[103.7496147,1.3979217],[103.7496092,1.3979284],[103.7496026,1.3979304],[103.7495944,1.397928],[103.7495892,1.3979211],[103.7495844,1.3979209],[103.7495842,1.397929],[103.7495274,1.3979276],[103.7495276,1.3979194],[103.7495007,1.3979188],[103.7495017,1.3978778],[103.7495124,1.3978781],[103.7495129,1.3978553],[103.7495449,1.3978561],[103.7495453,1.3978398],[103.7495588,1.3978401],[103.7495586,1.3978462],[103.7495828,1.3978468],[103.7495829,1.3978436],[103.7495403,1.3978083],[103.7495222,1.3978288],[103.7495133,1.3978304],[103.749505,1.3978265],[103.7495013,1.3978206],[103.7495012,1.3978114],[103.7495175,1.3977897],[103.7495155,1.3977881],[103.7495102,1.3977879],[103.7494929,1.3978089],[103.749489,1.3978088],[103.7494889,1.3978133],[103.7494817,1.3978131],[103.7494798,1.3978904],[103.7494713,1.3978901],[103.7494638,1.3978973],[103.7494548,1.3978967],[103.7494486,1.3978896],[103.7494424,1.3978895],[103.7494423,1.3978969],[103.7493585,1.3978948],[103.7493594,1.3978574],[103.7493422,1.397857],[103.7493434,1.3978043],[103.7493752,1.3978051],[103.7493747,1.3978254],[103.7493933,1.3978259],[103.7493934,1.3978204],[103.7494041,1.3978207],[103.7494057,1.3977622],[103.749395,1.3977619],[103.7493951,1.3977564],[103.7493764,1.3977559],[103.7493759,1.3977764],[103.7493442,1.3977756],[103.7493455,1.3977217],[103.7493626,1.3977222],[103.7493634,1.397686],[103.749447,1.3976879],[103.7494468,1.3976961],[103.7494517,1.3976962],[103.7494571,1.3976897],[103.7494654,1.3976878],[103.7494719,1.3976901],[103.749477,1.3976968],[103.7494895,1.3976972],[103.7494949,1.3976906],[103.7495031,1.3976886],[103.7495109,1.397692],[103.7495147,1.3976978],[103.7495196,1.3976979],[103.7495198,1.3976898],[103.7495765,1.3976912],[103.7495763,1.3976991],[103.7496031,1.3976998],[103.7496021,1.3977406],[103.7495916,1.3977404],[103.7495908,1.3977715],[103.749605,1.3977719],[103.7496055,1.3977533],[103.7496572,1.3977546],[103.7496576,1.397742],[103.7496469,1.3977418],[103.749648,1.3977009],[103.749675,1.3977015],[103.7496752,1.3976935],[103.7497319,1.397695],[103.7497317,1.397703],[103.7497366,1.3977031],[103.7497406,1.3976976],[103.7497486,1.3976946],[103.7497568,1.3976969],[103.7497619,1.3977037],[103.7497744,1.397704],[103.7497798,1.3976974],[103.7497864,1.3976954],[103.7497945,1.3976978],[103.7497996,1.3977047],[103.7498044,1.3977047],[103.7498046,1.3976967],[103.7498881,1.3976988],[103.7498872,1.3977349],[103.7499043,1.3977353],[103.7499029,1.3977893],[103.7498712,1.3977885],[103.7498717,1.397768]]]}},{"type":"Feature","properties":{"type":"HDB"},"geometry":{"type":"Polygon","coordinates":[[[103.7469085,1.3977528],[103.7469193,1.3977627],[103.7469413,1.3978462],[103.7469743,1.3978373],[103.7469621,1.3978286],[103.7469529,1.3978175],[103.7469432,1.3977898],[103.746947,1.3977609],[103.7469631,1.3977369],[103.746988,1.3977223],[103.7470168,1.3977204],[103.7470434,1.3977316],[103.7470622,1.3977536],[103.7470693,1.3977817],[103.7470679,1.3977962],[103.7470555,1.3978224],[103.7470452,1.3978327],[103.7470191,1.3978449],[103.7469903,1.3978441],[103.7469867,1.3978571],[103.7469627,1.397848],[103.7469577,1.3978518],[103.7469856,1.3979325],[103.7471515,1.3978727],[103.7471556,1.3978604],[103.7471611,1.3978566],[103.7471676,1.3978555],[103.747179,1.3978615],[103.7472507,1.3981202],[103.7470727,1.3981694],[103.7470509,1.3980897],[103.74681,1.3981564],[103.7468022,1.3981276],[103.7467754,1.398135],[103.7467701,1.3981159],[103.7466661,1.3981446],[103.7465869,1.3978546],[103.7469036,1.397767],[103.7468997,1.397752],[103.7469085,1.3977528]]]}},{"type":"Feature","properties":{"type":"HDB"},"geometry":{"type":"Polygon","coordinates":[[[103.7474263,1.3984557],[103.7473431,1.3984787],[103.7472634,1.398187],[103.7473466,1.398164],[103.7474263,1.3984557]]]}},{"type":"Feature","properties":{"type":"HDB"},"geometry":{"type":"Polygon","coordinates":[[[103.7497609,1.3982287],[103.7497695,1.3982286],[103.7497764,1.3982338],[103.7497881,1.3982305],[103.7497915,1.3982225],[103.7497972,1.3982186],[103.7498058,1.3982186],[103.7498127,1.3982237],[103.7498173,1.3982225],[103.7498152,1.3982147],[103.7498959,1.3981924],[103.749898,1.3982],[103.749921,1.3981937],[103.7499299,1.3982262],[103.7500441,1.3981946],[103.7500556,1.3982369],[103.7500722,1.3982323],[103.7500854,1.3982809],[103.750055,1.3982893],[103.7500532,1.3982824],[103.7500194,1.3982918],[103.7500208,1.398297],[103.7500105,1.3982999],[103.7500173,1.398325],[103.7500277,1.3983221],[103.7500291,1.3983274],[103.7500629,1.3983181],[103.750061,1.3983111],[103.7500913,1.3983027],[103.7501023,1.3983428],[103.7500858,1.3983474],[103.7500953,1.3983822],[103.7500148,1.3984045],[103.7500127,1.3983967],[103.7500081,1.3983981],[103.7500058,1.3984045],[103.7499991,1.3984097],[103.7499906,1.3984098],[103.7499837,1.3984047],[103.7499717,1.398408],[103.7499694,1.3984146],[103.7499626,1.3984197],[103.7499541,1.3984198],[103.7499473,1.3984148],[103.7499426,1.3984161],[103.7499447,1.3984238],[103.7498899,1.398439],[103.7498879,1.3984312],[103.7498618,1.3984384],[103.749851,1.398399],[103.7498612,1.3983962],[103.7498531,1.3983661],[103.7498393,1.39837],[103.7498442,1.3983878],[103.7497943,1.3984017],[103.7497976,1.3984138],[103.7498078,1.398411],[103.7498185,1.3984504],[103.7497926,1.3984575],[103.7497947,1.3984653],[103.74974,1.3984804],[103.7497379,1.3984725],[103.7497331,1.3984739],[103.7497298,1.3984817],[103.7497225,1.398486],[103.7497157,1.3984856],[103.7497089,1.3984805],[103.7496969,1.3984838],[103.7496945,1.3984903],[103.7496878,1.3984955],[103.7496793,1.3984956],[103.7496724,1.3984906],[103.7496677,1.3984919],[103.7496698,1.3984998],[103.7495892,1.398522],[103.7495797,1.398487],[103.7495633,1.3984916],[103.7495522,1.3984514],[103.7495826,1.3984429],[103.7495845,1.3984499],[103.7496183,1.3984407],[103.7496168,1.3984354],[103.7496272,1.3984325],[103.7496203,1.3984073],[103.74961,1.3984102],[103.7496086,1.398405],[103.7495748,1.3984143],[103.7495767,1.3984211],[103.7495463,1.3984295],[103.7495334,1.3983819],[103.7495499,1.3983772],[103.7495382,1.3983344],[103.7496524,1.3983028],[103.7496437,1.3982705],[103.7496666,1.3982642],[103.7496645,1.3982563],[103.7497451,1.398234],[103.7497472,1.3982418],[103.7497518,1.3982406],[103.7497541,1.398234],[103.7497609,1.3982287]]]}},{"type":"Feature","properties":{"type":"HDB"},"geometry":{"type":"Polygon","coordinates":[[[103.7470727,1.3981694],[103.7472507,1.3981202],[103.7472686,1.3981856],[103.7472634,1.398187],[103.7473571,1.3985297],[103.7470728,1.3986083],[103.7470478,1.3985168],[103.7471292,1.3984942],[103.7470857,1.3983346],[103.7470415,1.3983469],[103.7470165,1.3982553],[103.7470906,1.3982348],[103.7470727,1.3981694]]]}},{"type":"Feature","properties":{"type":"HDB"},"geometry":{"type":"Polygon","coordinates":[[[103.7469561,1.39865],[103.7466854,1.3987249],[103.7465179,1.3981119],[103.7466149,1.3980851],[103.7466336,1.3981536],[103.7467701,1.3981159],[103.7467999,1.3982248],[103.7468371,1.3982145],[103.7469561,1.39865]]]}},{"type":"Feature","properties":{"type":"HDB"},"geometry":{"type":"Polygon","coordinates":[[[103.748963,1.398579],[103.7489466,1.3985835],[103.7489356,1.3985434],[103.748966,1.398535],[103.7489679,1.398542],[103.749,1.3985331],[103.7489986,1.3985279],[103.7490106,1.3985245],[103.7490038,1.3984994],[103.7489917,1.3985028],[103.7489903,1.3984975],[103.7489582,1.3985063],[103.7489601,1.3985132],[103.7489297,1.3985216],[103.7489165,1.398473],[103.7489329,1.3984684],[103.7489214,1.3984262],[103.7490356,1.3983946],[103.7490269,1.3983623],[103.7490499,1.3983559],[103.7490477,1.398348],[103.7491284,1.3983258],[103.7491305,1.3983336],[103.7491351,1.3983323],[103.7491385,1.3983242],[103.7491442,1.3983204],[103.7491528,1.3983203],[103.7491597,1.3983254],[103.7491715,1.3983222],[103.7491748,1.3983142],[103.7491805,1.3983104],[103.7491891,1.3983102],[103.749196,1.3983154],[103.7492006,1.3983141],[103.7491985,1.3983063],[103.7492791,1.3982841],[103.7492812,1.3982917],[103.7493041,1.3982854],[103.749313,1.398318],[103.7494273,1.3982864],[103.7494389,1.3983291],[103.7494555,1.3983246],[103.7494686,1.3983723],[103.7494382,1.3983807],[103.7494364,1.3983738],[103.7494045,1.3983826],[103.749406,1.3983877],[103.7493937,1.3983912],[103.7494005,1.3984163],[103.7494128,1.398413],[103.7494143,1.3984182],[103.7494461,1.3984095],[103.7494442,1.3984024],[103.7494745,1.3983941],[103.7494854,1.3984343],[103.7494691,1.3984388],[103.7494786,1.3984739],[103.749398,1.3984961],[103.7493959,1.3984883],[103.7493912,1.3984896],[103.7493878,1.3984974],[103.7493804,1.3985017],[103.749372,1.3985007],[103.7493667,1.3984964],[103.7493547,1.3984996],[103.7493514,1.3985075],[103.749344,1.3985118],[103.7493372,1.3985114],[103.7493304,1.3985064],[103.7493257,1.3985077],[103.7493278,1.3985156],[103.7492731,1.3985307],[103.749271,1.398523],[103.7492451,1.3985301],[103.7492344,1.3984907],[103.7492446,1.3984879],[103.7492364,1.3984578],[103.7492226,1.3984616],[103.7492275,1.3984795],[103.7491774,1.3984934],[103.7491807,1.3985055],[103.7491911,1.3985027],[103.7492018,1.3985421],[103.7491758,1.3985493],[103.7491779,1.398557],[103.7491232,1.3985722],[103.7491211,1.3985644],[103.7491164,1.3985657],[103.7491141,1.3985722],[103.7491073,1.3985774],[103.7490988,1.3985775],[103.7490919,1.3985725],[103.7490799,1.3985758],[103.7490777,1.3985823],[103.7490709,1.3985875],[103.7490625,1.3985876],[103.7490556,1.3985825],[103.7490509,1.3985838],[103.749053,1.3985916],[103.7489726,1.3986138],[103.748963,1.398579]]]}},{"type":"Feature","properties":{"type":"HDB"},"geometry":{"type":"Polygon","coordinates":[[[103.7485123,1.3987417],[103.7485039,1.3987429],[103.7484953,1.3987375],[103.7484833,1.3987408],[103.7484811,1.3987473],[103.7484743,1.3987525],[103.7484659,1.3987526],[103.748459,1.3987475],[103.7484543,1.3987488],[103.7484564,1.3987566],[103.748376,1.3987788],[103.7483665,1.398744],[103.74835,1.3987486],[103.7483391,1.3987084],[103.7483694,1.3987],[103.7483713,1.398707],[103.7484055,1.3986976],[103.748404,1.3986923],[103.7484141,1.3986896],[103.7484072,1.3986644],[103.7483972,1.3986672],[103.7483957,1.398662],[103.7483616,1.3986714],[103.7483635,1.3986782],[103.7483331,1.3986866],[103.7483199,1.398638],[103.7483364,1.3986335],[103.7483249,1.3985914],[103.7484391,1.3985596],[103.7484303,1.3985273],[103.7484533,1.398521],[103.7484511,1.3985131],[103.7485318,1.3984908],[103.748534,1.3984985],[103.7485386,1.3984972],[103.7485419,1.3984893],[103.7485476,1.3984854],[103.7485563,1.3984853],[103.7485632,1.3984905],[103.7485749,1.3984872],[103.7485782,1.3984792],[103.748584,1.3984753],[103.7485925,1.3984753],[103.7485995,1.3984804],[103.7486041,1.3984792],[103.7486019,1.3984714],[103.7486826,1.3984491],[103.7486847,1.3984568],[103.7487072,1.3984505],[103.7487166,1.398483],[103.7488307,1.3984514],[103.7488424,1.3984941],[103.748859,1.3984896],[103.748872,1.3985373],[103.7488416,1.3985457],[103.7488398,1.3985388],[103.7488056,1.3985483],[103.748807,1.3985535],[103.7487971,1.3985562],[103.7488039,1.3985814],[103.7488139,1.3985786],[103.7488153,1.3985839],[103.7488495,1.3985745],[103.7488476,1.3985674],[103.748878,1.3985591],[103.7488889,1.3985994],[103.7488725,1.3986039],[103.7488821,1.3986389],[103.7488014,1.3986611],[103.7487993,1.3986533],[103.7487946,1.3986546],[103.7487912,1.3986624],[103.7487839,1.3986667],[103.7487754,1.3986657],[103.7487702,1.3986614],[103.7487581,1.3986647],[103.7487548,1.3986725],[103.7487475,1.3986769],[103.7487406,1.3986764],[103.7487338,1.3986714],[103.7487291,1.3986727],[103.7487312,1.3986805],[103.7486766,1.3986957],[103.7486744,1.398688],[103.7486485,1.3986951],[103.7486378,1.3986558],[103.748648,1.3986529],[103.7486398,1.3986228],[103.7486261,1.3986267],[103.7486309,1.3986446],[103.7485808,1.3986584],[103.7485841,1.3986706],[103.7485945,1.3986677],[103.7486053,1.3987071],[103.7485792,1.3987143],[103.7485813,1.398722],[103.7485266,1.3987372],[103.7485245,1.3987295],[103.7485198,1.3987307],[103.7485123,1.3987417]]]}},{"type":"Feature","properties":{"type":"HDB"},"geometry":{"type":"Polygon","coordinates":[[[103.7469761,1.3992367],[103.746957,1.3991328],[103.7469863,1.3991273],[103.7469793,1.399089],[103.74695,1.3990945],[103.7469313,1.3989921],[103.7470205,1.3989756],[103.7470484,1.3991277],[103.7473277,1.3990759],[103.7473113,1.3989858],[103.7472457,1.3989979],[103.7472318,1.3989217],[103.7474615,1.3988791],[103.7474791,1.3989751],[103.7474473,1.398981],[103.7474455,1.3989711],[103.7474217,1.3989756],[103.7474235,1.3989854],[103.7473494,1.3989992],[103.7473616,1.399066],[103.747404,1.3990581],[103.7474058,1.3990678],[103.7474297,1.3990633],[103.7474279,1.3990535],[103.7474595,1.3990476],[103.7474771,1.3991438],[103.7469761,1.3992367]]]}},{"type":"Feature","properties":{"type":"HDB"},"geometry":{"type":"Polygon","coordinates":[[[103.7473884,1.3993929],[103.7476584,1.3993428],[103.7477569,1.3998809],[103.7474869,1.399931],[103.7473884,1.3993929]]]}},{"type":"Feature","properties":{"type":"HDB"},"geometry":{"type":"Polygon","coordinates":[[[103.7469956,1.3993434],[103.7470029,1.399342],[103.7470003,1.3993278],[103.7469939,1.399329],[103.7469884,1.3992988],[103.7470433,1.3992886],[103.7470457,1.3993019],[103.7470617,1.3992989],[103.7470593,1.3992857],[103.7471014,1.3992778],[103.7472093,1.3998671],[103.7472439,1.3998607],[103.7472405,1.3998424],[103.7473571,1.3998208],[103.7473747,1.3999168],[103.7473428,1.3999227],[103.747341,1.399913],[103.7473171,1.3999175],[103.7473267,1.39997],[103.7473057,1.3999738],[103.7473101,1.3999979],[103.747363,1.3999881],[103.7473648,1.3999978],[103.7473887,1.3999933],[103.7473869,1.3999836],[103.7474187,1.3999777],[103.7474363,1.4000737],[103.7472028,1.400117],[103.7471956,1.4000774],[103.7471763,1.400081],[103.74717,1.4000463],[103.7472326,1.4000347],[103.7472287,1.4000131],[103.7472455,1.40001],[103.7472239,1.3998919],[103.7471984,1.3998966],[103.7472073,1.3999451],[103.7471091,1.3999633],[103.7471003,1.3999153],[103.7471074,1.399914],[103.7470911,1.3998251],[103.747084,1.3998264],[103.7470671,1.399734],[103.7470744,1.3997327],[103.7470583,1.3996446],[103.747051,1.3996459],[103.7470339,1.3995522],[103.7470413,1.3995508],[103.7470252,1.3994627],[103.7470177,1.3994641],[103.7470089,1.3994161],[103.7470225,1.3994136],[103.7470181,1.3993895],[103.7470045,1.3993921],[103.7469956,1.3993434]]]}},{"type":"Feature","properties":{"type":"HDB"},"geometry":{"type":"Polygon","coordinates":[[[103.7475151,1.4004571],[103.7475184,1.4004751],[103.7474017,1.4004967],[103.7473841,1.4004006],[103.7474159,1.4003947],[103.7474177,1.4004044],[103.7474416,1.4003999],[103.7474399,1.4003903],[103.7474927,1.4003805],[103.7474883,1.4003563],[103.7474672,1.4003602],[103.7474577,1.4003083],[103.7474339,1.4003127],[103.7474356,1.4003222],[103.7474038,1.4003281],[103.7473862,1.400232],[103.7475031,1.4002103],[103.7475045,1.4002181],[103.7475228,1.4002148],[103.7475214,1.4002069],[103.7476223,1.4001881],[103.7476057,1.4000975],[103.747541,1.4001095],[103.7475271,1.4000339],[103.7477569,1.3999913],[103.7477745,1.4000873],[103.7477427,1.4000932],[103.7477409,1.4000834],[103.747717,1.4000878],[103.7477188,1.4000976],[103.7476438,1.4001115],[103.747656,1.4001783],[103.7476993,1.4001703],[103.747701,1.4001799],[103.747725,1.4001755],[103.7477232,1.4001658],[103.7477549,1.4001599],[103.7477725,1.400256],[103.7475403,1.4002991],[103.747553,1.400369],[103.7476006,1.4003601],[103.7476046,1.4003815],[103.7476673,1.40037],[103.7476736,1.4004046],[103.7476539,1.4004082],[103.7476613,1.4004486],[103.7475423,1.4004706],[103.7475391,1.4004526],[103.7475151,1.4004571]]]}},{"type":"Feature","properties":{"type":"HDB"},"geometry":{"type":"Polygon","coordinates":[[[103.7502752,1.4003591],[103.7502901,1.4003327],[103.7502776,1.4003256],[103.7502881,1.4003072],[103.7502708,1.4002973],[103.7502841,1.4002737],[103.7503025,1.4002687],[103.7502972,1.4002489],[103.7501766,1.4002832],[103.7501715,1.4002644],[103.7501637,1.4002666],[103.7501548,1.400234],[103.7501366,1.400239],[103.7501185,1.4001727],[103.7502077,1.400148],[103.7502163,1.4001794],[103.750211,1.4001809],[103.7502141,1.4001922],[103.7502193,1.4001908],[103.7502224,1.4002021],[103.7502433,1.4001963],[103.7502402,1.400185],[103.7502455,1.4001835],[103.7502423,1.4001722],[103.7502371,1.4001737],[103.7502285,1.4001423],[103.7503177,1.4001176],[103.750327,1.4001514],[103.7503249,1.400155],[103.750353,1.4001711],[103.7503479,1.4001799],[103.7503695,1.4001923],[103.7503719,1.400188],[103.7503688,1.400177],[103.7503798,1.400174],[103.7503973,1.400143],[103.7504626,1.4001803],[103.7504466,1.4002086],[103.7504345,1.4002017],[103.7504296,1.4002103],[103.7504343,1.400213],[103.7504296,1.4002212],[103.7504671,1.4002427],[103.7504717,1.4002345],[103.7504764,1.4002371],[103.7504814,1.4002285],[103.7504692,1.4002216],[103.7504853,1.4001933],[103.7505504,1.4002306],[103.7505329,1.4002616],[103.7505359,1.4002726],[103.7505249,1.4002757],[103.7505225,1.4002799],[103.750544,1.4002922],[103.750549,1.4002833],[103.7505771,1.4002994],[103.7505792,1.4002957],[103.7506128,1.4002865],[103.7506373,1.4003763],[103.7506061,1.4003849],[103.7506047,1.4003796],[103.7505934,1.4003827],[103.7505949,1.400388],[103.7505836,1.4003911],[103.7505893,1.4004121],[103.7506006,1.400409],[103.750602,1.4004143],[103.7506133,1.4004112],[103.7506118,1.4004058],[103.750643,1.4003972],[103.7506676,1.4004871],[103.7506017,1.4005053],[103.7505967,1.400487],[103.7505643,1.4004959],[103.7505622,1.400488],[103.7505436,1.4004932],[103.7505111,1.4003714],[103.7504915,1.4003769],[103.7504966,1.4003953],[103.7504833,1.4004189],[103.7504661,1.4004091],[103.7504556,1.4004275],[103.7504432,1.4004204],[103.7504283,1.4004467],[103.7503704,1.4004137],[103.7503858,1.4003866],[103.7503788,1.4003826],[103.7503841,1.4003732],[103.7503988,1.4003691],[103.7504094,1.4003503],[103.750413,1.4003523],[103.7504204,1.4003392],[103.7504356,1.4003351],[103.7504411,1.4003381],[103.7504538,1.4003157],[103.7504335,1.4003041],[103.7504208,1.4003265],[103.7504171,1.4003275],[103.7503827,1.4003078],[103.7503817,1.4003041],[103.7503939,1.4002825],[103.7503736,1.4002708],[103.7503613,1.4002925],[103.7503668,1.4002956],[103.750371,1.4003109],[103.7503636,1.400324],[103.7503672,1.4003261],[103.7503566,1.4003449],[103.7503606,1.4003597],[103.7503553,1.4003691],[103.7503483,1.4003651],[103.750333,1.4003922],[103.7502752,1.4003591]]]}},{"type":"Feature","properties":{"type":"HDB"},"geometry":{"type":"Polygon","coordinates":[[[103.7473222,1.4005114],[103.7470924,1.400554],[103.7470748,1.400458],[103.7471463,1.4004447],[103.7471335,1.4003745],[103.7467536,1.4004449],[103.746736,1.4003489],[103.7467679,1.4003429],[103.7467697,1.4003528],[103.7467935,1.4003484],[103.7467839,1.400296],[103.7468051,1.400292],[103.7468007,1.4002681],[103.7467477,1.4002779],[103.7467459,1.4002683],[103.7467221,1.4002727],[103.7467238,1.4002821],[103.746692,1.400288],[103.7466744,1.400192],[103.7469077,1.4001487],[103.746915,1.4001887],[103.7469344,1.4001851],[103.7469408,1.40022],[103.7468786,1.4002315],[103.7468825,1.400253],[103.7468609,1.400257],[103.7468737,1.400327],[103.747108,1.4002836],[103.7471112,1.4003009],[103.7471346,1.4002966],[103.7471314,1.4002792],[103.747243,1.4002585],[103.7472606,1.4003546],[103.7472306,1.4003601],[103.7472288,1.4003502],[103.7472059,1.4003545],[103.7472077,1.4003641],[103.7471669,1.4003717],[103.7471791,1.4004384],[103.7472508,1.4004251],[103.7472526,1.4004351],[103.7472746,1.400431],[103.7472728,1.4004213],[103.7473046,1.4004154],[103.7473222,1.4005114]]]}},{"type":"Feature","properties":{"type":"HDB"},"geometry":{"type":"Polygon","coordinates":[[[103.749875,1.4002794],[103.7498714,1.4002774],[103.7498622,1.4002436],[103.7499514,1.4002189],[103.74996,1.4002503],[103.7499547,1.4002518],[103.7499578,1.4002632],[103.749963,1.4002617],[103.7499661,1.400273],[103.749987,1.4002673],[103.7499839,1.4002559],[103.7499891,1.4002544],[103.7499861,1.4002431],[103.7499808,1.4002446],[103.7499722,1.4002132],[103.7500614,1.4001885],[103.7500795,1.4002548],[103.7500614,1.4002598],[103.7500702,1.4002924],[103.7500625,1.4002946],[103.7500676,1.4003133],[103.7499466,1.4003459],[103.7499519,1.4003656],[103.7499703,1.4003606],[103.7499938,1.400374],[103.749984,1.4003913],[103.7500022,1.4004018],[103.7499952,1.4004143],[103.7500214,1.4004293],[103.7499886,1.4004875],[103.7499616,1.4004721],[103.7499576,1.4004792],[103.7499483,1.4004738],[103.7499443,1.400459],[103.7499256,1.4004483],[103.7499276,1.4004447],[103.7499146,1.4004373],[103.7499104,1.400422],[103.7499135,1.4004165],[103.749892,1.4004041],[103.7498804,1.4004245],[103.7499019,1.4004368],[103.7499029,1.4004406],[103.7498834,1.4004752],[103.7498797,1.4004761],[103.7498574,1.4004634],[103.7498458,1.4004838],[103.7498682,1.4004967],[103.7498713,1.4004912],[103.7498865,1.400487],[103.7498995,1.4004944],[103.7499015,1.4004908],[103.7499202,1.4005015],[103.749935,1.4004974],[103.7499443,1.4005027],[103.7499403,1.4005099],[103.7499672,1.4005252],[103.7499344,1.4005834],[103.7499081,1.4005684],[103.749901,1.4005809],[103.7498828,1.4005704],[103.7498729,1.4005878],[103.7498495,1.4005744],[103.7498444,1.4005559],[103.7498249,1.4005613],[103.7498589,1.4006827],[103.7498403,1.4006878],[103.7498424,1.4006957],[103.74981,1.4007046],[103.749815,1.4007229],[103.7497491,1.4007411],[103.7497246,1.4006513],[103.7497558,1.4006427],[103.7497572,1.400648],[103.7497685,1.4006449],[103.7497671,1.4006396],[103.7497783,1.4006365],[103.7497726,1.4006155],[103.7497613,1.4006186],[103.7497599,1.4006134],[103.7497486,1.4006165],[103.7497501,1.4006218],[103.7497189,1.4006303],[103.7496944,1.4005406],[103.7497279,1.4005313],[103.7497315,1.4005334],[103.7497475,1.4005051],[103.7497563,1.4005102],[103.7497686,1.4004885],[103.7497643,1.4004861],[103.7497534,1.4004891],[103.7497504,1.4004781],[103.7497195,1.4004605],[103.7497567,1.4003948],[103.7497848,1.4004109],[103.7497779,1.4004231],[103.7497865,1.400428],[103.7497891,1.4004233],[103.7497974,1.400428],[103.7498187,1.4003903],[103.7498105,1.4003856],[103.7498131,1.4003809],[103.7498046,1.4003759],[103.7497977,1.4003881],[103.7497696,1.400372],[103.7498066,1.4003064],[103.7498374,1.400324],[103.7498484,1.400321],[103.7498514,1.400332],[103.7498556,1.4003344],[103.7498678,1.4003128],[103.749859,1.4003077],[103.749875,1.4002794]]]}},{"type":"Feature","properties":{"type":"HDB"},"geometry":{"type":"Polygon","coordinates":[[[103.7466727,1.4006319],[103.746443,1.4006745],[103.7464254,1.4005784],[103.7464968,1.4005652],[103.746484,1.4004949],[103.7461041,1.4005653],[103.7460865,1.4004693],[103.7461184,1.4004634],[103.7461203,1.4004732],[103.746144,1.4004688],[103.7461345,1.4004164],[103.7461556,1.4004125],[103.7461512,1.4003886],[103.7460982,1.4003984],[103.7460964,1.4003887],[103.7460726,1.4003931],[103.7460743,1.4004026],[103.7460425,1.4004085],[103.7460249,1.4003124],[103.7462582,1.4002692],[103.7462655,1.4003092],[103.7462849,1.4003056],[103.7462913,1.4003404],[103.7462291,1.4003519],[103.746233,1.4003735],[103.7462114,1.4003774],[103.7462242,1.4004474],[103.7464585,1.400404],[103.7464617,1.4004214],[103.7464851,1.4004171],[103.7464819,1.4003997],[103.7465935,1.400379],[103.7466111,1.400475],[103.7465811,1.4004806],[103.7465793,1.4004707],[103.7465564,1.4004749],[103.7465582,1.4004845],[103.7465174,1.4004921],[103.7465296,1.4005588],[103.7466013,1.4005455],[103.7466031,1.4005555],[103.7466251,1.4005514],[103.7466233,1.4005417],[103.7466551,1.4005358],[103.7466727,1.4006319]]]}},{"type":"Feature","properties":{"type":"HDB"},"geometry":{"type":"Polygon","coordinates":[[[103.7500777,1.4010395],[103.7499472,1.4005608],[103.7500148,1.4004412],[103.7502451,1.4003776],[103.750244,1.4003657],[103.7502728,1.4003577],[103.7504278,1.4004465],[103.7505175,1.4007755],[103.7504308,1.4009287],[103.7504163,1.4009204],[103.7503452,1.4009401],[103.7503504,1.4009593],[103.7503192,1.401015],[103.7501276,1.401068],[103.7500777,1.4010395]]]}},{"type":"Feature","properties":{"type":"HDB"},"geometry":{"type":"Polygon","coordinates":[[[103.7492021,1.4010328],[103.7491362,1.401051],[103.7491107,1.4009577],[103.7491419,1.4009491],[103.7491433,1.4009544],[103.7491546,1.4009513],[103.7491531,1.400946],[103.7491644,1.4009429],[103.7491587,1.4009218],[103.7491474,1.4009249],[103.7491459,1.4009197],[103.7491347,1.4009228],[103.7491369,1.4009307],[103.7491057,1.4009394],[103.7490876,1.4008731],[103.7491189,1.4008644],[103.7491278,1.4008487],[103.7491162,1.4008421],[103.7491335,1.4008114],[103.7491451,1.400818],[103.7491574,1.4007964],[103.7491504,1.4007924],[103.7491394,1.4007955],[103.7491364,1.4007844],[103.7491056,1.4007668],[103.7491427,1.4007011],[103.7491708,1.4007172],[103.749164,1.4007294],[103.7491725,1.4007344],[103.7491752,1.4007296],[103.7491813,1.4007331],[103.7492026,1.4006954],[103.7491965,1.4006919],[103.7491992,1.4006872],[103.7491906,1.4006823],[103.7491836,1.4006944],[103.7491555,1.4006783],[103.7491927,1.4006127],[103.7492235,1.4006304],[103.7492345,1.4006273],[103.7492375,1.4006384],[103.7492444,1.4006423],[103.7492566,1.4006207],[103.7492451,1.4006141],[103.7492624,1.4005834],[103.749274,1.40059],[103.7492828,1.4005744],[103.7492742,1.4005428],[103.7493401,1.4005246],[103.7493486,1.400556],[103.7493408,1.4005581],[103.7493439,1.4005695],[103.7493491,1.400568],[103.7493522,1.4005793],[103.7493731,1.4005736],[103.74937,1.4005623],[103.7493752,1.4005608],[103.7493721,1.4005495],[103.7493668,1.4005509],[103.7493583,1.4005195],[103.7494475,1.4004949],[103.7494656,1.4005611],[103.7494474,1.4005661],[103.7494563,1.4005988],[103.7494485,1.4006009],[103.7494536,1.4006197],[103.7493326,1.4006523],[103.749338,1.400672],[103.7493564,1.4006669],[103.7493798,1.4006803],[103.74937,1.4006977],[103.7493883,1.4007082],[103.7493812,1.4007206],[103.7494075,1.4007357],[103.7493746,1.4007939],[103.7493477,1.4007784],[103.7493437,1.4007855],[103.7493344,1.4007802],[103.7493303,1.4007653],[103.7493116,1.4007546],[103.7493137,1.400751],[103.7493007,1.4007436],[103.7492965,1.4007283],[103.7492996,1.4007228],[103.7492772,1.40071],[103.7492657,1.4007305],[103.7492879,1.4007432],[103.749289,1.4007469],[103.7492694,1.4007815],[103.7492657,1.4007825],[103.7492435,1.4007698],[103.7492319,1.4007902],[103.7492543,1.400803],[103.7492574,1.4007975],[103.7492726,1.4007933],[103.7492856,1.4008008],[103.7492876,1.4007972],[103.7493063,1.4008079],[103.749321,1.4008038],[103.7493303,1.4008091],[103.7493263,1.4008162],[103.7493533,1.4008316],[103.7493204,1.4008898],[103.7492942,1.4008747],[103.7492871,1.4008873],[103.7492688,1.4008768],[103.749259,1.4008942],[103.7492356,1.4008808],[103.7492305,1.4008622],[103.7492109,1.4008676],[103.7492449,1.400989],[103.7492263,1.4009941],[103.7492285,1.401002],[103.7491961,1.4010109],[103.7492021,1.4010328]]]}},{"type":"Feature","properties":{"type":"HDB"},"geometry":{"type":"Polygon","coordinates":[[[103.750518,1.4007748],[103.7505443,1.4007898],[103.7505514,1.4007773],[103.7505697,1.4007878],[103.7505795,1.4007704],[103.7506029,1.4007838],[103.750608,1.4008023],[103.7506276,1.4007969],[103.7505936,1.4006755],[103.7506122,1.4006704],[103.75061,1.4006625],[103.7506424,1.4006536],[103.7506375,1.4006353],[103.7507033,1.4006171],[103.7507278,1.4007069],[103.7506966,1.4007155],[103.7506952,1.4007102],[103.7506839,1.4007133],[103.7506854,1.4007186],[103.7506741,1.4007217],[103.7506798,1.4007427],[103.7506911,1.4007396],[103.7506926,1.4007448],[103.7507038,1.4007417],[103.7507024,1.4007364],[103.7507335,1.4007278],[103.7507581,1.4008176],[103.7507245,1.4008269],[103.7507209,1.4008248],[103.7507049,1.4008532],[103.750696,1.4008481],[103.7506839,1.4008697],[103.7506881,1.4008721],[103.7506991,1.4008691],[103.7507021,1.4008801],[103.7507329,1.4008977],[103.7506958,1.4009634],[103.7506676,1.4009473],[103.7506746,1.4009351],[103.750666,1.4009302],[103.7506633,1.4009349],[103.7506551,1.4009302],[103.7506338,1.4009679],[103.750642,1.4009727],[103.7506393,1.4009773],[103.7506479,1.4009823],[103.7506548,1.4009701],[103.7506829,1.4009862],[103.7506458,1.4010518],[103.750615,1.4010342],[103.750604,1.4010372],[103.750601,1.4010261],[103.7505968,1.4010237],[103.7505846,1.4010454],[103.7505934,1.4010505],[103.7505775,1.4010787],[103.750581,1.4010808],[103.7505903,1.4011146],[103.750501,1.4011393],[103.7504925,1.4011079],[103.7504977,1.4011064],[103.7504947,1.401095],[103.7504894,1.4010965],[103.7504863,1.4010852],[103.7504655,1.4010909],[103.7504685,1.4011023],[103.7504633,1.4011038],[103.7504664,1.4011151],[103.7504717,1.4011136],[103.7504803,1.4011451],[103.750391,1.4011697],[103.7503729,1.4011034],[103.7503911,1.4010984],[103.7503822,1.4010658],[103.75039,1.4010637],[103.7503848,1.4010449],[103.7505059,1.4010123],[103.7505005,1.4009926],[103.7504821,1.4009977],[103.7504586,1.4009842],[103.7504685,1.4009668],[103.7504502,1.4009564],[103.7504572,1.4009439],[103.750431,1.4009289],[103.7504639,1.4008707],[103.7504908,1.4008862],[103.7504948,1.400879],[103.7505041,1.4008844],[103.7505082,1.4008992],[103.7505269,1.4009099],[103.7505248,1.4009135],[103.7505378,1.4009209],[103.750542,1.4009362],[103.7505389,1.4009417],[103.7505605,1.4009541],[103.750572,1.4009336],[103.7505505,1.4009214],[103.7505495,1.4009176],[103.7505691,1.400883],[103.7505728,1.400882],[103.750595,1.4008948],[103.7506066,1.4008743],[103.7505842,1.4008615],[103.7505811,1.400867],[103.7505659,1.4008712],[103.7505529,1.4008637],[103.7505509,1.4008674],[103.7505322,1.4008567],[103.7505175,1.4008608],[103.7505082,1.4008554],[103.7505122,1.4008484],[103.7504852,1.400833],[103.750518,1.4007748]]]}},{"type":"Feature","properties":{"type":"HDB"},"geometry":{"type":"Polygon","coordinates":[[[103.7491427,1.4010813],[103.7491265,1.4010219],[103.7492449,1.400989],[103.7492321,1.4009452],[103.7493097,1.4009237],[103.7492966,1.4008757],[103.7493205,1.4008893],[103.7494075,1.4007355],[103.7493837,1.4007217],[103.7497186,1.4006292],[103.7497264,1.400658],[103.749755,1.4006501],[103.7497587,1.4006636],[103.7497638,1.4006622],[103.7497854,1.4007473],[103.7498453,1.4007308],[103.7498395,1.4007098],[103.7499775,1.4006719],[103.7500045,1.4007712],[103.7498068,1.4008258],[103.7498083,1.400831],[103.7497826,1.4008381],[103.7498193,1.4009729],[103.7497325,1.4011263],[103.7497557,1.4011396],[103.7495156,1.401206],[103.7495293,1.4011818],[103.7493764,1.4010942],[103.7493628,1.4011184],[103.7493496,1.4010702],[103.7492722,1.4010917],[103.7492612,1.4010485],[103.7491427,1.4010813]]]}},{"type":"Feature","properties":{"type":"HDB"},"geometry":{"type":"Polygon","coordinates":[[[103.7478717,1.4010138],[103.7478843,1.4009919],[103.7478525,1.4009733],[103.7478417,1.4009921],[103.7478269,1.4009834],[103.7478377,1.4009647],[103.7478167,1.4009524],[103.7478821,1.400839],[103.7481137,1.4009743],[103.7480483,1.4010876],[103.7480273,1.4010754],[103.7480165,1.4010942],[103.7479753,1.4010701],[103.7479699,1.4010795],[103.7478627,1.4010169],[103.7478663,1.4010106],[103.7478717,1.4010138]]]}},{"type":"Feature","properties":{"type":"HDB"},"geometry":{"type":"Polygon","coordinates":[[[103.7490295,1.4006663],[103.7492393,1.4014355],[103.7490989,1.4014743],[103.7488891,1.4007051],[103.7490295,1.4006663]]]}},{"type":"Feature","properties":{"type":"HDB"},"geometry":{"type":"Polygon","coordinates":[[[103.7499398,1.4008325],[103.7500056,1.4008143],[103.7500301,1.4009041],[103.749999,1.4009128],[103.7499975,1.4009075],[103.7499863,1.4009106],[103.7499877,1.4009159],[103.7499764,1.400919],[103.7499821,1.4009399],[103.7499934,1.4009369],[103.7499949,1.4009421],[103.7500061,1.400939],[103.750004,1.4009311],[103.7500351,1.4009225],[103.7500533,1.4009887],[103.7500219,1.4009974],[103.750013,1.4010131],[103.7500246,1.4010198],[103.7500073,1.4010505],[103.7499984,1.4010454],[103.7499862,1.401067],[103.7499904,1.4010694],[103.7500014,1.4010663],[103.7500044,1.4010773],[103.7500352,1.401095],[103.7499981,1.4011606],[103.7499699,1.4011445],[103.7499768,1.4011323],[103.7499683,1.4011275],[103.7499656,1.4011322],[103.7499595,1.4011287],[103.7499382,1.4011664],[103.7499443,1.4011699],[103.7499416,1.4011746],[103.7499502,1.4011795],[103.7499571,1.4011674],[103.7499852,1.4011834],[103.7499481,1.4012491],[103.7499173,1.4012314],[103.7499063,1.4012345],[103.7499033,1.4012234],[103.7498991,1.401221],[103.7498869,1.4012427],[103.7498958,1.4012478],[103.7498784,1.4012784],[103.7498669,1.4012718],[103.749858,1.4012875],[103.7498666,1.401319],[103.7498008,1.4013372],[103.7497922,1.4013059],[103.7498,1.4013037],[103.7497969,1.4012924],[103.7497917,1.4012938],[103.7497886,1.4012824],[103.7497677,1.4012882],[103.7497708,1.4012996],[103.7497656,1.401301],[103.7497687,1.4013124],[103.749774,1.4013109],[103.7497826,1.4013423],[103.7496898,1.401368],[103.7496716,1.4013017],[103.7496934,1.4012957],[103.7496845,1.4012631],[103.7496922,1.4012609],[103.7496872,1.4012422],[103.7498082,1.4012095],[103.7498028,1.4011899],[103.7497844,1.4011949],[103.749761,1.4011815],[103.7497708,1.4011641],[103.7497525,1.4011537],[103.7497596,1.4011412],[103.7497333,1.4011262],[103.7497662,1.401068],[103.7497931,1.4010834],[103.7497971,1.4010763],[103.7498064,1.4010816],[103.7498105,1.4010964],[103.7498292,1.4011072],[103.7498271,1.4011108],[103.7498402,1.4011182],[103.7498443,1.4011335],[103.7498412,1.401139],[103.7498636,1.4011518],[103.7498751,1.4011313],[103.7498529,1.4011186],[103.7498518,1.4011149],[103.7498714,1.4010803],[103.7498751,1.4010793],[103.7498973,1.401092],[103.7499089,1.4010716],[103.7498865,1.4010588],[103.7498834,1.4010643],[103.7498683,1.4010685],[103.7498552,1.4010611],[103.7498532,1.4010647],[103.7498345,1.401054],[103.7498198,1.401058],[103.7498105,1.4010527],[103.7498145,1.4010456],[103.7497875,1.4010302],[103.7498204,1.4009721],[103.7498466,1.400987],[103.7498537,1.4009745],[103.749872,1.400985],[103.7498818,1.4009676],[103.7499053,1.400981],[103.7499103,1.4009996],[103.7499299,1.4009942],[103.7498959,1.4008728],[103.7499145,1.4008677],[103.7499124,1.4008598],[103.7499448,1.4008509],[103.7499398,1.4008325]]]}},{"type":"Feature","properties":{"type":"HDB"},"geometry":{"type":"Polygon","coordinates":[[[103.7474695,1.4011032],[103.7474616,1.4010986],[103.7473766,1.401246],[103.747393,1.4012555],[103.7474484,1.4011593],[103.7474663,1.4011697],[103.7474573,1.4011854],[103.747469,1.4011922],[103.7474795,1.4011774],[103.7474874,1.40118],[103.747517,1.4011972],[103.7475231,1.4012029],[103.7475219,1.4012084],[103.747484,1.4012742],[103.7474798,1.401278],[103.7474627,1.401268],[103.7474494,1.4012874],[103.7474626,1.4012951],[103.7474623,1.4012992],[103.7474486,1.4013194],[103.7474354,1.4013116],[103.7474345,1.4013132],[103.7474243,1.4013344],[103.7474414,1.4013444],[103.7474403,1.40135],[103.7474008,1.4014148],[103.7473657,1.4013964],[103.747362,1.4013921],[103.7473588,1.4013976],[103.7473533,1.4013965],[103.747323,1.4013788],[103.7473103,1.4013682],[103.7473117,1.4013659],[103.7473008,1.4013596],[103.7472994,1.4013619],[103.7472841,1.4013561],[103.7472538,1.4013384],[103.74725,1.4013341],[103.7472532,1.4013286],[103.7472204,1.4013116],[103.7472143,1.4013059],[103.7472506,1.4012393],[103.7472549,1.4012355],[103.747272,1.4012455],[103.7472871,1.4012229],[103.7473174,1.4012406],[103.7473239,1.4012257],[103.7473082,1.4012164],[103.7473274,1.4011837],[103.7473219,1.4011806],[103.7473297,1.4011634],[103.7473049,1.4011489],[103.747306,1.4011433],[103.7473343,1.4010942],[103.7473385,1.4010904],[103.7473525,1.4010986],[103.7473652,1.401082],[103.7473629,1.4010806],[103.7473683,1.4010712],[103.7473543,1.401063],[103.7473555,1.4010574],[103.7473856,1.4010052],[103.7473899,1.4010014],[103.7474276,1.4010235],[103.7474354,1.4010215],[103.7474319,1.4010083],[103.7474489,1.4010038],[103.7474473,1.4009976],[103.7474534,1.400996],[103.7474426,1.400959],[103.7475334,1.4009347],[103.7476251,1.4009471],[103.7477805,1.4010379],[103.7477935,1.4010152],[103.7478339,1.4010388],[103.74782,1.401063],[103.7477967,1.4010494],[103.7477829,1.4010733],[103.747834,1.4011031],[103.7478056,1.4011524],[103.7477885,1.4011456],[103.7477799,1.4011604],[103.747783,1.4011622],[103.7477627,1.4011975],[103.7477122,1.4011679],[103.7477307,1.4011359],[103.7477229,1.4011313],[103.7477405,1.4011008],[103.747725,1.4010918],[103.7477074,1.4011222],[103.7476996,1.4011177],[103.7476811,1.4011498],[103.7476306,1.4011203],[103.7476509,1.4010851],[103.7476536,1.4010867],[103.7476622,1.4010718],[103.7476533,1.4010666],[103.7476546,1.4010642],[103.747636,1.4010533],[103.7476346,1.4010557],[103.7476253,1.4010502],[103.7476217,1.4010565],[103.7476256,1.4010588],[103.7476184,1.4010713],[103.74762,1.4010722],[103.747602,1.4011035],[103.7475746,1.4010897],[103.7475709,1.4010854],[103.747589,1.4010511],[103.7475396,1.401045],[103.7475495,1.4010825],[103.7475447,1.4010857],[103.7475148,1.4010918],[103.7475055,1.4010568],[103.7475074,1.4010563],[103.7475037,1.4010424],[103.747508,1.4010412],[103.7475062,1.4010342],[103.7474812,1.4010381],[103.7474893,1.4010688],[103.7474695,1.4011032]]]}},{"type":"Feature","properties":{"type":"HDB"},"geometry":{"type":"Polygon","coordinates":[[[103.7492021,1.4010328],[103.749208,1.4010547],[103.7492404,1.4010457],[103.7492426,1.4010536],[103.7492612,1.4010485],[103.7492936,1.4011702],[103.7493132,1.4011648],[103.7493081,1.4011463],[103.7493214,1.4011227],[103.7493387,1.4011326],[103.7493491,1.4011142],[103.7493615,1.4011213],[103.7493765,1.4010949],[103.7494343,1.401128],[103.7494189,1.4011551],[103.7494259,1.4011591],[103.7494206,1.4011685],[103.749406,1.4011725],[103.7493953,1.4011914],[103.7493917,1.4011893],[103.7493843,1.4012024],[103.7493691,1.4012066],[103.7493637,1.4012035],[103.749351,1.401226],[103.7493713,1.4012376],[103.7493839,1.4012152],[103.7493876,1.4012142],[103.749422,1.4012338],[103.749423,1.4012375],[103.7494104,1.40126],[103.7494307,1.4012716],[103.7494434,1.4012491],[103.7494379,1.401246],[103.7494337,1.4012307],[103.7494411,1.4012176],[103.7494375,1.4012155],[103.7494482,1.4011967],[103.7494441,1.4011819],[103.7494494,1.4011726],[103.7494564,1.4011766],[103.7494717,1.4011494],[103.7495296,1.4011825],[103.7495146,1.4012089],[103.749527,1.4012161],[103.7495167,1.4012345],[103.7495339,1.4012443],[103.7495206,1.4012679],[103.7495022,1.401273],[103.7495076,1.4012927],[103.7496282,1.4012585],[103.7496331,1.4012773],[103.749641,1.4012751],[103.7496499,1.4013077],[103.7496716,1.4013017],[103.7496898,1.401368],[103.749597,1.4013936],[103.7495885,1.4013622],[103.7495938,1.4013608],[103.7495906,1.4013494],[103.7495855,1.4013509],[103.7495824,1.4013395],[103.7495614,1.4013453],[103.7495645,1.4013567],[103.7495593,1.4013581],[103.7495624,1.4013694],[103.7495703,1.4013673],[103.7495788,1.4013987],[103.749513,1.4014169],[103.7495044,1.4013853],[103.7494888,1.4013764],[103.7494821,1.401388],[103.7494517,1.4013706],[103.7494583,1.4013589],[103.7494368,1.4013466],[103.7494329,1.4013536],[103.7494359,1.4013647],[103.7494249,1.4013677],[103.7494074,1.4013987],[103.7493421,1.4013613],[103.7493581,1.401333],[103.7493703,1.40134],[103.7493751,1.4013314],[103.7493705,1.4013287],[103.7493739,1.4013226],[103.7493364,1.4013011],[103.749333,1.4013072],[103.7493283,1.4013045],[103.7493234,1.4013132],[103.7493355,1.40132],[103.7493195,1.4013483],[103.7492543,1.4013111],[103.7492718,1.4012801],[103.7492688,1.401269],[103.7492798,1.401266],[103.7492837,1.401259],[103.7492622,1.4012467],[103.7492556,1.4012584],[103.7492252,1.4012409],[103.7492318,1.4012293],[103.7492162,1.4012203],[103.7491848,1.401229],[103.7491667,1.4011627],[103.7491979,1.4011541],[103.7492,1.401162],[103.7492113,1.4011589],[103.7492099,1.4011537],[103.7492211,1.4011505],[103.7492154,1.4011295],[103.7492041,1.4011326],[103.7492027,1.4011274],[103.7491914,1.4011305],[103.7491929,1.4011358],[103.7491617,1.4011444],[103.7491362,1.401051],[103.7492021,1.4010328]]]}},{"type":"Feature","properties":{"type":"HDB"},"geometry":{"type":"Polygon","coordinates":[[[103.7463033,1.4011524],[103.7471057,1.4010036],[103.747113,1.4010381],[103.7471235,1.4010361],[103.7471353,1.4011001],[103.7471247,1.401102],[103.747137,1.4011695],[103.747069,1.4011821],[103.7470978,1.4013398],[103.7470298,1.4013524],[103.7470343,1.4013773],[103.7469051,1.4014012],[103.7469165,1.4014635],[103.7468382,1.4014799],[103.7468444,1.4015238],[103.7466646,1.4015571],[103.7466548,1.4015139],[103.7465758,1.4015267],[103.7465644,1.4014644],[103.7464357,1.4014883],[103.7464311,1.4014634],[103.7463617,1.4014763],[103.7463175,1.4012349],[103.7463132,1.4012357],[103.7463015,1.401172],[103.7463059,1.4011712],[103.7463033,1.4011524]]]}},{"type":"Feature","properties":{"type":"HDB"},"geometry":{"type":"Polygon","coordinates":[[[103.7480293,1.4013551],[103.7480255,1.4013508],[103.7480436,1.4013196],[103.7480452,1.4013205],[103.7480524,1.401308],[103.7480563,1.4013103],[103.7480599,1.401304],[103.7480506,1.4012986],[103.7480519,1.4012962],[103.7480226,1.4012822],[103.7480141,1.4012971],[103.7480172,1.4012989],[103.7479969,1.4013341],[103.7479501,1.4013089],[103.7479463,1.4013046],[103.7479648,1.4012725],[103.7479571,1.401268],[103.7479747,1.4012375],[103.7479591,1.4012284],[103.7479415,1.4012589],[103.7479338,1.4012544],[103.7479153,1.4012865],[103.7478647,1.401257],[103.747885,1.4012217],[103.7478881,1.4012236],[103.7478967,1.4012087],[103.7478874,1.4012033],[103.7478892,1.4012001],[103.7478828,1.4011964],[103.7479107,1.4011479],[103.7479618,1.4011777],[103.7479756,1.4011539],[103.7479523,1.4011402],[103.7479663,1.401116],[103.7480067,1.4011396],[103.7479936,1.4011623],[103.7481489,1.4012531],[103.7482051,1.401327],[103.7482292,1.4014184],[103.748192,1.4014273],[103.7481936,1.4014335],[103.7481876,1.4014351],[103.7481921,1.4014522],[103.748179,1.4014557],[103.7481811,1.4014635],[103.7482189,1.4014855],[103.7482177,1.4014911],[103.7481876,1.4015433],[103.7481834,1.4015471],[103.7481693,1.401539],[103.7481567,1.4015556],[103.748159,1.4015569],[103.7481536,1.4015663],[103.7481676,1.4015745],[103.7481664,1.4015801],[103.7481381,1.4016292],[103.7481339,1.401633],[103.748109,1.4016184],[103.7480981,1.4016338],[103.7480934,1.401631],[103.7480742,1.4016637],[103.7480581,1.4016544],[103.7480485,1.4016675],[103.7480788,1.4016852],[103.7480668,1.4017096],[103.7480839,1.4017196],[103.7480476,1.4017862],[103.7480433,1.40179],[103.7480354,1.4017875],[103.7480045,1.4017673],[103.7480013,1.4017728],[103.7479957,1.4017716],[103.7479654,1.4017539],[103.7479528,1.4017434],[103.7479542,1.401741],[103.7479433,1.4017347],[103.7479419,1.401737],[103.7479266,1.4017312],[103.7478963,1.4017135],[103.7478925,1.4017092],[103.7478957,1.4017038],[103.7478568,1.401681],[103.7478931,1.4016145],[103.7478974,1.4016106],[103.7479145,1.4016206],[103.7479262,1.4016003],[103.7479278,1.4016012],[103.7479155,1.4015919],[103.7479261,1.4015699],[103.7479294,1.4015677],[103.7479436,1.4015738],[103.747942,1.4015729],[103.7479528,1.4015542],[103.7479357,1.4015442],[103.7479369,1.4015386],[103.7479747,1.4014729],[103.747979,1.4014691],[103.7479869,1.4014716],[103.7480165,1.4014888],[103.7480226,1.4014945],[103.7480151,1.401511],[103.7480267,1.4015179],[103.7480357,1.4015022],[103.7480536,1.4015127],[103.7480157,1.401582],[103.7480305,1.4015906],[103.7481028,1.4014652],[103.7480974,1.401462],[103.7481152,1.401431],[103.7481428,1.4014236],[103.7481391,1.4014097],[103.7481356,1.4014106],[103.7481329,1.4014001],[103.7481259,1.401402],[103.7481271,1.4014064],[103.7481132,1.4014101],[103.7481137,1.4014119],[103.7480789,1.4014212],[103.7480758,1.4014164],[103.7480697,1.4013862],[103.7481069,1.4013763],[103.7480771,1.4013361],[103.7480566,1.401369],[103.7480293,1.4013551]]]}},{"type":"Feature","properties":{"type":"HDB"},"geometry":{"type":"Polygon","coordinates":[[[103.7507095,1.4016418],[103.7506845,1.4015504],[103.7507825,1.4015232],[103.7507781,1.4015073],[103.7507435,1.4015169],[103.7507288,1.401463],[103.7507633,1.4014535],[103.7507589,1.4014376],[103.7506611,1.4014647],[103.7506362,1.4013734],[103.750721,1.40135],[103.75072,1.4013463],[103.7507316,1.4013359],[103.7507529,1.4013263],[103.7507761,1.4013251],[103.7507875,1.4013278],[103.7507884,1.4013313],[103.7508734,1.4013078],[103.7508982,1.4013989],[103.7508002,1.4014261],[103.7508045,1.401442],[103.7508393,1.4014324],[103.750854,1.4014863],[103.7508194,1.4014959],[103.7508237,1.4015117],[103.7509217,1.4014846],[103.7509467,1.4015762],[103.7508617,1.4015997],[103.7508626,1.401603],[103.7508511,1.4016135],[103.7508299,1.4016232],[103.7508068,1.4016245],[103.7507954,1.401622],[103.7507944,1.4016183],[103.7507095,1.4016418]]]}},{"type":"Feature","properties":{"type":"HDB"},"geometry":{"type":"Polygon","coordinates":[[[103.7469888,1.4014418],[103.7469903,1.4014498],[103.7471121,1.4014291],[103.7471276,1.4015136],[103.747071,1.401524],[103.7470721,1.401545],[103.7470748,1.4015445],[103.7470767,1.4015552],[103.7471333,1.4015447],[103.7471365,1.4015524],[103.7471487,1.4016292],[103.7470307,1.4016529],[103.747025,1.4016521],[103.7470217,1.4016339],[103.7469864,1.4016405],[103.7469897,1.4016587],[103.7469847,1.4016615],[103.7468748,1.40168],[103.7468597,1.4016074],[103.7468602,1.4015999],[103.746907,1.4015913],[103.746905,1.4015806],[103.7469077,1.4015801],[103.7468997,1.4015512],[103.7468528,1.4015599],[103.7468382,1.4014799],[103.7469474,1.4014578],[103.746953,1.4014586],[103.7469601,1.4014973],[103.7469707,1.4014953],[103.7469637,1.4014566],[103.7469872,1.4014504],[103.7469857,1.4014424],[103.7469888,1.4014418]]]}},{"type":"Feature","properties":{"type":"HDB"},"geometry":{"type":"Polygon","coordinates":[[[103.7505222,1.4013388],[103.7506305,1.4017352],[103.7503229,1.4018202],[103.7502891,1.4016964],[103.7498775,1.4018103],[103.7498031,1.4015378],[103.7498811,1.4015162],[103.749872,1.401483],[103.7498989,1.4014756],[103.7499079,1.4015088],[103.7505222,1.4013388]]]}},{"type":"Feature","properties":{"type":"HDB"},"geometry":{"type":"Polygon","coordinates":[[[103.7463963,1.4016492],[103.7463809,1.4015647],[103.7463858,1.4015619],[103.7465021,1.4015403],[103.7465006,1.4015324],[103.7465037,1.4015318],[103.7465051,1.4015398],[103.7465293,1.4015371],[103.7465364,1.4015758],[103.746547,1.4015739],[103.7465399,1.4015352],[103.7465449,1.4015324],[103.7466548,1.4015139],[103.7466695,1.4015939],[103.7466226,1.4016026],[103.7466246,1.4016133],[103.7466219,1.4016138],[103.74663,1.4016426],[103.7466768,1.4016339],[103.7466799,1.4016407],[103.7466914,1.401714],[103.7465822,1.4017361],[103.7465766,1.4017353],[103.7465732,1.4017171],[103.7465379,1.4017237],[103.7465412,1.4017419],[103.7465362,1.4017446],[103.7464175,1.4017648],[103.746402,1.4016803],[103.7464586,1.4016698],[103.7464575,1.4016489],[103.7464548,1.4016494],[103.7464529,1.4016387],[103.7463963,1.4016492]]]}},{"type":"Feature","properties":{"type":"HDB"},"geometry":{"type":"Polygon","coordinates":[[[103.7492975,1.4017142],[103.7493011,1.4017274],[103.74935,1.4017138],[103.7493464,1.4017007],[103.7494145,1.4016818],[103.7494266,1.4017263],[103.7494807,1.4017114],[103.7494685,1.4016669],[103.7495366,1.4016481],[103.7495403,1.4016613],[103.7495893,1.4016478],[103.7495857,1.4016345],[103.7496538,1.4016156],[103.7496787,1.401707],[103.7496525,1.4017143],[103.7496563,1.4017285],[103.7497433,1.4017044],[103.7497622,1.4017735],[103.7497491,1.4017771],[103.7497559,1.401802],[103.7497507,1.4018034],[103.7497572,1.4018271],[103.7497624,1.4018257],[103.7497694,1.4018511],[103.7497824,1.4018475],[103.7497946,1.4018922],[103.7497504,1.4019044],[103.7497548,1.4019204],[103.74969,1.4019383],[103.749635,1.401737],[103.7495013,1.401774],[103.7495132,1.4018175],[103.7494529,1.4018342],[103.749441,1.4017907],[103.7493073,1.4018277],[103.7493623,1.402029],[103.7492976,1.4020468],[103.7492933,1.402031],[103.749249,1.4020433],[103.7492368,1.4019984],[103.7492499,1.4019948],[103.7492429,1.4019692],[103.749248,1.4019678],[103.7492415,1.4019441],[103.7492363,1.4019455],[103.7492295,1.4019204],[103.7492164,1.401924],[103.7491977,1.4018554],[103.7492847,1.4018313],[103.7492808,1.4018171],[103.7492545,1.4018244],[103.7492296,1.401733],[103.7492975,1.4017142]]]}},{"type":"Feature","properties":{"type":"HDB"},"geometry":{"type":"Polygon","coordinates":[[[103.7472324,1.4019836],[103.7472095,1.401915],[103.7472244,1.4019083],[103.7472203,1.4018954],[103.7472263,1.4018934],[103.7472246,1.4018883],[103.7472349,1.401885],[103.747236,1.4018884],[103.7473,1.4018677],[103.7473312,1.4018859],[103.7473423,1.4018642],[103.7473108,1.4018479],[103.7473136,1.4018423],[103.7473088,1.4018397],[103.7473138,1.4018301],[103.7473186,1.4018326],[103.7473215,1.4018269],[103.7472922,1.4018139],[103.7472859,1.4018086],[103.7473253,1.4017313],[103.7473933,1.4017645],[103.7473973,1.4017686],[103.7473874,1.4017879],[103.7474353,1.4018127],[103.7474452,1.4017934],[103.7474508,1.4017943],[103.7475171,1.4018306],[103.7474777,1.4019078],[103.7474505,1.4018958],[103.747442,1.4018894],[103.7474392,1.401895],[103.747444,1.4018975],[103.7474391,1.4019072],[103.7474343,1.4019047],[103.7474322,1.4019087],[103.7474381,1.4019122],[103.7474258,1.4019364],[103.7474232,1.4019357],[103.7474457,1.402012],[103.7474311,1.4020167],[103.747436,1.4020322],[103.7473673,1.4020535],[103.7473431,1.4019773],[103.7473338,1.4019955],[103.7472986,1.4019773],[103.7473079,1.4019592],[103.7473039,1.4019624],[103.7472324,1.4019836]]]}},{"type":"Feature","properties":{"type":"HDB"},"geometry":{"type":"Polygon","coordinates":[[[103.7470923,1.4020089],[103.7470967,1.4020226],[103.747071,1.4020309],[103.7470776,1.4020516],[103.747073,1.402055],[103.7470006,1.4020765],[103.7469964,1.4020693],[103.7469868,1.4020334],[103.7469809,1.4020354],[103.7469775,1.4020307],[103.7469668,1.4019972],[103.7469644,1.4019808],[103.746967,1.40198],[103.7469632,1.4019679],[103.7469606,1.4019688],[103.7469531,1.4019541],[103.7469424,1.4019205],[103.7469424,1.4019148],[103.7469484,1.4019129],[103.7469355,1.4018781],[103.7469347,1.4018698],[103.747006,1.4018449],[103.7470117,1.4018449],[103.7470177,1.4018639],[103.7470417,1.4018561],[103.7470376,1.4018432],[103.7470601,1.4018341],[103.7470641,1.4018347],[103.7470682,1.4018476],[103.7470922,1.4018399],[103.7470861,1.4018209],[103.7470907,1.4018175],[103.7471632,1.401796],[103.7471769,1.4018391],[103.7471829,1.4018372],[103.7471862,1.4018418],[103.7471969,1.4018754],[103.7471993,1.4018917],[103.7471942,1.4018934],[103.7471966,1.4019011],[103.7471346,1.4019211],[103.7471275,1.4018988],[103.7471004,1.4019075],[103.7471136,1.4019488],[103.7471804,1.4019272],[103.7471788,1.4019221],[103.747189,1.4019188],[103.7471907,1.4019239],[103.7471967,1.401922],[103.7472013,1.4019366],[103.7472159,1.4019319],[103.7472384,1.4019997],[103.7471637,1.4020257],[103.747158,1.4020257],[103.7471514,1.402005],[103.7471309,1.4020116],[103.7471265,1.4019978],[103.7470923,1.4020089]]]}},{"type":"Feature","properties":{"type":"HDB"},"geometry":{"type":"Polygon","coordinates":[[[103.750658,1.4019744],[103.7506331,1.4018834],[103.7507181,1.4018599],[103.7507171,1.4018563],[103.7507287,1.4018458],[103.7507499,1.4018362],[103.7507731,1.4018349],[103.7507845,1.4018375],[103.7507855,1.4018412],[103.7508703,1.4018178],[103.7508953,1.401909],[103.7507974,1.401936],[103.7508017,1.4019519],[103.7508362,1.4019423],[103.7508509,1.4019962],[103.7508163,1.4020058],[103.7508206,1.4020217],[103.7509186,1.4019946],[103.7509436,1.4020861],[103.7508587,1.4021096],[103.7508597,1.4021132],[103.7508512,1.4021213],[103.7508306,1.402132],[103.7508076,1.4021346],[103.7507924,1.4021315],[103.7507915,1.4021282],[103.7507064,1.4021517],[103.7506814,1.4020601],[103.7507794,1.402033],[103.7507751,1.4020172],[103.7507404,1.4020268],[103.7507257,1.4019729],[103.7507604,1.4019633],[103.7507561,1.4019473],[103.750658,1.4019744]]]}},{"type":"Feature","properties":{"type":"HDB"},"geometry":{"type":"Polygon","coordinates":[[[103.7499843,1.4021472],[103.749961,1.4020619],[103.7499555,1.4020634],[103.7499512,1.4020582],[103.7499397,1.4020341],[103.7499386,1.4020074],[103.7499392,1.4020041],[103.7499448,1.4020026],[103.7499214,1.4019172],[103.7500045,1.4018942],[103.7500303,1.4019885],[103.750046,1.4019842],[103.7500364,1.4019492],[103.7500899,1.4019344],[103.7500994,1.4019694],[103.7501152,1.401965],[103.7500895,1.4018707],[103.7501725,1.4018477],[103.7501958,1.4019332],[103.7502015,1.4019316],[103.7502037,1.4019341],[103.7502165,1.4019575],[103.7502188,1.4019841],[103.7502177,1.4019907],[103.750212,1.4019923],[103.7502353,1.4020777],[103.7501522,1.4021007],[103.7501265,1.4020066],[103.7501108,1.402011],[103.7501203,1.4020455],[103.7500669,1.4020603],[103.7500575,1.4020259],[103.7500417,1.4020303],[103.7500673,1.4021242],[103.7499843,1.4021472]]]}},{"type":"Feature","properties":{"type":"HDB"},"geometry":{"type":"Polygon","coordinates":[[[103.7460875,1.4019223],[103.7460548,1.4019285],[103.7460498,1.4019019],[103.7460286,1.4019059],[103.7460258,1.4019009],[103.7460135,1.401826],[103.7460211,1.4018227],[103.7460576,1.4018175],[103.7460564,1.4018113],[103.7460614,1.4018085],[103.7460958,1.4018019],[103.7461122,1.4018015],[103.7461127,1.4018042],[103.7461251,1.4018018],[103.7461245,1.4017991],[103.7461399,1.4017935],[103.7461744,1.4017869],[103.74618,1.4017876],[103.7461812,1.4017938],[103.746217,1.4017851],[103.7462253,1.4017854],[103.7462412,1.4018596],[103.7462404,1.4018653],[103.746221,1.401869],[103.7462257,1.4018939],[103.746239,1.4018913],[103.7462454,1.401915],[103.7462443,1.4019189],[103.7462309,1.4019215],[103.7462353,1.4019446],[103.7462547,1.4019408],[103.7462575,1.4019458],[103.7462709,1.4020261],[103.7462214,1.4020356],[103.7462156,1.4020146],[103.7462059,1.4020165],[103.7462076,1.4020254],[103.7462041,1.402026],[103.7462064,1.4020385],[103.7461861,1.4020424],[103.7461696,1.401965],[103.7461529,1.4019682],[103.7461757,1.4020888],[103.7462137,1.4021148],[103.7462351,1.4021107],[103.7462297,1.4020823],[103.7463374,1.4020616],[103.7463638,1.4022011],[103.74631,1.4022114],[103.7463043,1.4022106],[103.7463006,1.4021911],[103.746249,1.402201],[103.7462497,1.4022046],[103.7462408,1.4022063],[103.7462421,1.4022226],[103.7462372,1.4022254],[103.74618,1.4022364],[103.7461744,1.4022356],[103.7461695,1.40221],[103.746104,1.4021651],[103.7460786,1.40217],[103.7460649,1.4021075],[103.7460657,1.4021018],[103.7460812,1.402097],[103.7460795,1.4020881],[103.7460831,1.4020874],[103.7460812,1.4020777],[103.7460777,1.4020783],[103.746076,1.4020695],[103.7460598,1.4020707],[103.746057,1.4020658],[103.7460465,1.40201],[103.7460472,1.4020043],[103.7460772,1.4019986],[103.7460737,1.4019802],[103.7460975,1.4019756],[103.7460875,1.4019223]]]}},{"type":"Feature","properties":{"type":"HDB"},"geometry":{"type":"Polygon","coordinates":[[[103.7463374,1.4020616],[103.7464455,1.4020409],[103.7464496,1.4020622],[103.7464981,1.4020529],[103.7464995,1.40206],[103.7466178,1.4020373],[103.7466146,1.4020205],[103.746537,1.4020335],[103.7465208,1.4019482],[103.7466,1.4019312],[103.7466056,1.401932],[103.7466093,1.4019515],[103.7466322,1.4019471],[103.7466297,1.4019338],[103.7466532,1.4019274],[103.7466571,1.4019285],[103.7466596,1.4019419],[103.7466843,1.4019371],[103.7466806,1.4019176],[103.7466856,1.4019148],[103.7467544,1.4019016],[103.74676,1.4019024],[103.7467633,1.40191],[103.7467685,1.4019468],[103.7467746,1.4019456],[103.7467774,1.4019506],[103.746784,1.4019852],[103.7467843,1.4020017],[103.7467817,1.4020022],[103.7467841,1.4020147],[103.7467867,1.4020142],[103.7467924,1.4020296],[103.7467989,1.4020643],[103.7467982,1.40207],[103.746792,1.4020712],[103.7467948,1.4020761],[103.7468004,1.4021156],[103.7467266,1.4021316],[103.746721,1.4021308],[103.7467169,1.4021095],[103.7466904,1.4021146],[103.7466842,1.4020817],[103.7466489,1.4020885],[103.7466535,1.4021124],[103.7466351,1.4021159],[103.7466409,1.4021461],[103.7466359,1.4021489],[103.7465805,1.4021596],[103.7465749,1.4021588],[103.7465701,1.4021432],[103.7465528,1.4021437],[103.7465533,1.4021464],[103.7465427,1.4021484],[103.746544,1.4021647],[103.746539,1.4021675],[103.746475,1.4021798],[103.7464694,1.402179],[103.7464657,1.4021595],[103.7464189,1.4021684],[103.7464226,1.402188],[103.7463638,1.4022011],[103.7463374,1.4020616]]]}},{"type":"Feature","properties":{"type":"HDB"},"geometry":{"type":"Polygon","coordinates":[[[103.7479497,1.4019382],[103.747958,1.4019378],[103.7479611,1.4019425],[103.7479985,1.4020799],[103.7479978,1.4020843],[103.7479601,1.4020947],[103.747963,1.4021051],[103.7480007,1.4020948],[103.7480315,1.4022082],[103.7479536,1.4022297],[103.747941,1.4021834],[103.7479117,1.4021887],[103.7479124,1.4021913],[103.747902,1.4021942],[103.7479145,1.4022404],[103.7478365,1.4022619],[103.7478054,1.4021542],[103.7478057,1.4021485],[103.7478217,1.4021441],[103.7478122,1.4021092],[103.7477962,1.4021136],[103.7477931,1.4021088],[103.747763,1.4019915],[103.747837,1.4019692],[103.7478453,1.4019688],[103.7478605,1.4020246],[103.7478811,1.4020218],[103.7478804,1.4020192],[103.7478908,1.4020163],[103.7478757,1.4019604],[103.7479497,1.4019382]]]}},{"type":"Feature","properties":{"type":"HDB"},"geometry":{"type":"Polygon","coordinates":[[[103.7474206,1.4020372],[103.747425,1.402051],[103.7474379,1.4020468],[103.7474398,1.4020528],[103.7474449,1.4020512],[103.7474482,1.4020615],[103.7474431,1.4020632],[103.7474508,1.4020873],[103.7474525,1.4020867],[103.7474645,1.4021304],[103.7475056,1.4021172],[103.7474969,1.40209],[103.7474747,1.4020972],[103.7474548,1.4020347],[103.7474625,1.4020322],[103.7474608,1.4020271],[103.7474754,1.4020195],[103.7475088,1.4020087],[103.7475145,1.4020088],[103.7475164,1.4020148],[103.7475592,1.402001],[103.7475839,1.4020728],[103.7475838,1.4020785],[103.7475633,1.4020852],[103.747571,1.4021092],[103.747589,1.4021035],[103.7475918,1.4021063],[103.7475975,1.4021302],[103.7475795,1.402136],[103.7475872,1.4021601],[103.7476077,1.4021534],[103.7476111,1.4021581],[103.7476324,1.402231],[103.7475953,1.4022448],[103.7475896,1.4022448],[103.7475916,1.4022508],[103.747587,1.4022542],[103.7475536,1.4022649],[103.7475374,1.4022673],[103.7475366,1.4022647],[103.7475246,1.4022686],[103.7475254,1.4022712],[103.7475151,1.4022745],[103.7475108,1.4022788],[103.7474775,1.4022895],[103.7474718,1.4022895],[103.7474699,1.4022834],[103.7474653,1.4022868],[103.7474271,1.4022972],[103.7474023,1.4022255],[103.7474024,1.4022197],[103.7474229,1.4022131],[103.7474147,1.4021873],[103.7474284,1.4021829],[103.7474174,1.4021484],[103.7474037,1.4021528],[103.7473971,1.4021322],[103.7473766,1.4021388],[103.7473732,1.4021342],[103.7473508,1.4020578],[103.7474206,1.4020372]]]}},{"type":"Feature","properties":{"type":"HDB"},"geometry":{"type":"Polygon","coordinates":[[[103.7480753,1.4020265],[103.7480573,1.4019602],[103.7482315,1.4019122],[103.7482134,1.4018459],[103.7483547,1.401807],[103.7485582,1.4025554],[103.748417,1.4025943],[103.7483991,1.4025285],[103.7483835,1.4025327],[103.7484014,1.4025986],[103.7482428,1.4026423],[103.7482246,1.4025756],[103.7482003,1.4025823],[103.7481653,1.4024535],[103.7481047,1.4024702],[103.7480816,1.4023922],[103.7480387,1.4024022],[103.7479891,1.4022199],[103.7480315,1.4022082],[103.7480119,1.4021292],[103.7480319,1.4021237],[103.7480389,1.4021495],[103.7480796,1.4021382],[103.748051,1.4020332],[103.7480753,1.4020265]]]}},{"type":"Feature","properties":{"type":"HDB"},"geometry":{"type":"Polygon","coordinates":[[[103.7503587,1.4024541],[103.7503359,1.4023704],[103.7504293,1.4023445],[103.750425,1.4023287],[103.7503907,1.4023383],[103.750376,1.4022846],[103.7504102,1.4022752],[103.7504058,1.4022592],[103.7503125,1.402285],[103.7502897,1.4022014],[103.7503744,1.402178],[103.7503729,1.4021725],[103.750378,1.4021681],[103.750402,1.4021566],[103.7504286,1.4021554],[103.7504318,1.4021561],[103.7504334,1.4021617],[103.7505182,1.4021382],[103.750541,1.4022217],[103.7504473,1.4022477],[103.7504516,1.4022635],[103.7504864,1.4022539],[103.7505011,1.4023077],[103.7504664,1.4023173],[103.7504707,1.4023332],[103.7505644,1.4023073],[103.7505872,1.4023909],[103.7505023,1.4024144],[103.7505039,1.40242],[103.7505014,1.4024223],[103.7504781,1.4024351],[103.7504517,1.4024374],[103.7504452,1.4024363],[103.7504436,1.4024306],[103.7503587,1.4024541]]]}},{"type":"Feature","properties":{"type":"HDB"},"geometry":{"type":"Polygon","coordinates":[[[103.749406,1.4025254],[103.7493929,1.402529],[103.7493742,1.4024605],[103.7494184,1.4024483],[103.7494035,1.4023939],[103.7493593,1.4024061],[103.7493406,1.4023376],[103.7493538,1.402334],[103.7493403,1.4022846],[103.7493271,1.4022883],[103.7493084,1.4022197],[103.7493992,1.4021946],[103.7494064,1.402221],[103.7494205,1.4022171],[103.7493966,1.4021296],[103.7494652,1.4021106],[103.7494688,1.4021238],[103.7494936,1.4021169],[103.749495,1.4021222],[103.7495185,1.4021157],[103.7495171,1.4021104],[103.7495424,1.4021034],[103.7495388,1.4020903],[103.7495832,1.402078],[103.7495953,1.4021225],[103.7496112,1.4021181],[103.749629,1.4021833],[103.749429,1.4022386],[103.7494657,1.4023731],[103.749509,1.4023612],[103.7495255,1.4024219],[103.7494823,1.4024338],[103.7495191,1.4025684],[103.749719,1.4025131],[103.7497368,1.4025782],[103.7497211,1.4025825],[103.7497333,1.4026271],[103.7496888,1.4026395],[103.7496852,1.4026262],[103.7496597,1.4026333],[103.7496583,1.4026281],[103.7496348,1.4026346],[103.7496362,1.4026399],[103.7496112,1.4026468],[103.7496148,1.4026599],[103.7495466,1.4026788],[103.7495227,1.4025912],[103.7495086,1.4025951],[103.7495158,1.4026216],[103.749425,1.4026467],[103.7494063,1.4025783],[103.7494194,1.4025746],[103.749406,1.4025254]]]}},{"type":"Feature","properties":{"type":"HDB"},"geometry":{"type":"Polygon","coordinates":[[[103.7498408,1.4025974],[103.749818,1.4025138],[103.7499117,1.4024879],[103.7499074,1.402472],[103.7498727,1.4024816],[103.749858,1.4024277],[103.7498927,1.4024181],[103.7498884,1.4024023],[103.7497947,1.4024282],[103.7497718,1.4023447],[103.7498567,1.4023212],[103.7498552,1.4023156],[103.7498577,1.4023134],[103.7498811,1.4023007],[103.7499075,1.4022983],[103.7499141,1.4022994],[103.7499156,1.4023049],[103.7500004,1.4022815],[103.7500232,1.4023651],[103.7499299,1.4023909],[103.7499343,1.4024068],[103.7499684,1.4023974],[103.7499831,1.4024511],[103.7499487,1.4024605],[103.749953,1.4024763],[103.7500465,1.4024505],[103.7500694,1.4025341],[103.7499845,1.4025576],[103.749986,1.4025633],[103.7499809,1.4025677],[103.7499571,1.4025793],[103.7499306,1.4025802],[103.7499273,1.4025795],[103.7499258,1.4025739],[103.7498408,1.4025974]]]}},{"type":"Feature","properties":{"type":"HDB"},"geometry":{"type":"Polygon","coordinates":[[[103.7478866,1.402446],[103.7479646,1.4024245],[103.7479772,1.4024707],[103.7479875,1.4024678],[103.7479883,1.4024705],[103.7480162,1.4024599],[103.7480036,1.4024137],[103.74801,1.4024101],[103.7480816,1.4023922],[103.7481127,1.4024999],[103.7481124,1.4025056],[103.7480747,1.402516],[103.7480776,1.4025265],[103.7481153,1.4025161],[103.7481181,1.4025195],[103.7481551,1.4026626],[103.7481478,1.4026665],[103.7480728,1.4026853],[103.7480576,1.4026295],[103.748037,1.4026324],[103.7480377,1.402635],[103.7480273,1.4026378],[103.7480425,1.4026937],[103.7480351,1.4026976],[103.7479601,1.4027164],[103.7479266,1.4026],[103.7479269,1.4025942],[103.7479447,1.4025894],[103.7479352,1.4025545],[103.7479174,1.4025594],[103.7479143,1.4025546],[103.7478863,1.4024517],[103.7478866,1.402446]]]}},{"type":"Feature","properties":{"type":"HDB"},"geometry":{"type":"Polygon","coordinates":[[[103.7475152,1.40292],[103.747505,1.4028658],[103.7475057,1.4028601],[103.7475251,1.4028564],[103.7475183,1.4028154],[103.7475162,1.4028093],[103.7474968,1.4028131],[103.747494,1.4028081],[103.7474818,1.4027437],[103.7474826,1.402738],[103.7474982,1.4027332],[103.7474973,1.402714],[103.7474946,1.4027145],[103.7474929,1.4027057],[103.7474767,1.4027069],[103.7474739,1.4027019],[103.7474634,1.4026462],[103.7474641,1.4026405],[103.7474942,1.4026348],[103.7474907,1.4026163],[103.7474968,1.4026151],[103.7474901,1.4025796],[103.7474751,1.4025825],[103.7474701,1.4025558],[103.7474489,1.4025599],[103.7474461,1.4025549],[103.7474338,1.4024799],[103.7474723,1.4024707],[103.7474779,1.4024715],[103.7474767,1.4024653],[103.7474817,1.4024625],[103.7475161,1.4024559],[103.7475325,1.4024555],[103.747533,1.4024581],[103.7475454,1.4024558],[103.7475449,1.4024531],[103.7475602,1.4024474],[103.7475947,1.4024408],[103.7476003,1.4024416],[103.7476015,1.4024478],[103.7476456,1.4024393],[103.7476615,1.4025136],[103.7476607,1.4025193],[103.7476413,1.402523],[103.747646,1.4025479],[103.7476593,1.4025453],[103.7476656,1.402569],[103.7476645,1.4025729],[103.7476512,1.4025754],[103.7476556,1.4025985],[103.747675,1.4025948],[103.7476778,1.4025998],[103.7476912,1.4026801],[103.7476836,1.4026834],[103.7476417,1.4026896],[103.7476366,1.4026721],[103.7476234,1.4026747],[103.7476267,1.4026924],[103.7476064,1.4026963],[103.7475899,1.4026189],[103.7475917,1.4026185],[103.7475862,1.4025894],[103.7475677,1.402593],[103.7475957,1.4027412],[103.7476028,1.4027398],[103.747612,1.4027887],[103.7476332,1.4027846],[103.7476538,1.4028935],[103.7475152,1.40292]]]}},{"type":"Feature","properties":{"type":"HDB"},"geometry":{"type":"Polygon","coordinates":[[[103.7483078,1.4027971],[103.7483853,1.4027738],[103.748391,1.4027741],[103.7484039,1.4028147],[103.7484042,1.402823],[103.7483839,1.4028304],[103.7483865,1.4028401],[103.7483952,1.4028377],[103.7483961,1.4028411],[103.7484083,1.4028378],[103.7484137,1.4028579],[103.7483105,1.4028863],[103.7483155,1.4029046],[103.7484606,1.4028646],[103.7484833,1.4028245],[103.7484538,1.4027124],[103.7484689,1.4027082],[103.7484654,1.4026951],[103.7484727,1.4026912],[103.7485559,1.4026701],[103.7485766,1.4027395],[103.7485801,1.4027385],[103.7485829,1.402749],[103.7485582,1.4027539],[103.7485659,1.4027823],[103.7485694,1.4027813],[103.7485718,1.40279],[103.7485878,1.4027875],[103.748591,1.4027922],[103.748606,1.4028544],[103.7485811,1.4028613],[103.7485418,1.4029306],[103.7485486,1.4029557],[103.7485439,1.4029589],[103.7484878,1.4029744],[103.7484821,1.4029741],[103.7484761,1.4029588],[103.7484675,1.4029612],[103.7484667,1.4029586],[103.7484493,1.4029662],[103.7484518,1.4029824],[103.7484471,1.4029856],[103.7483927,1.4030006],[103.748387,1.4030003],[103.7483794,1.4029723],[103.748361,1.4029755],[103.7483593,1.4029695],[103.7483229,1.4029795],[103.7483181,1.402962],[103.7483127,1.4029626],[103.7483023,1.4029655],[103.7483113,1.4029986],[103.7482853,1.4030058],[103.748291,1.4030267],[103.7482187,1.4030485],[103.748213,1.4030482],[103.7482012,1.4030045],[103.7481951,1.4030062],[103.7481919,1.4030015],[103.7481827,1.4029675],[103.748181,1.402951],[103.7481836,1.4029503],[103.7481803,1.4029381],[103.7481777,1.4029388],[103.7481708,1.4029238],[103.7481616,1.4028898],[103.7481619,1.4028841],[103.748168,1.4028824],[103.7481561,1.4028388],[103.7482284,1.402817],[103.7482341,1.4028173],[103.7482393,1.4028365],[103.7482636,1.4028298],[103.74826,1.4028168],[103.748283,1.4028086],[103.7482869,1.4028093],[103.7482904,1.4028225],[103.748313,1.4028162],[103.7483078,1.4027971]]]}},{"type":"Feature","properties":{"type":"HDB"},"geometry":{"type":"Polygon","coordinates":[[[103.7515416,1.402901],[103.7515406,1.4028971],[103.7515457,1.4028957],[103.7515468,1.4028996],[103.7515871,1.4028885],[103.7515835,1.4028754],[103.7515762,1.4028774],[103.7515637,1.4028316],[103.751571,1.4028296],[103.7515671,1.4028152],[103.7514921,1.402836],[103.7514862,1.4028142],[103.751505,1.402808],[103.7515012,1.4027941],[103.7514848,1.4027987],[103.7514831,1.4027925],[103.7514761,1.4027945],[103.7514642,1.4027508],[103.75155,1.402727],[103.7515471,1.4027165],[103.7515735,1.4027049],[103.7516069,1.4026999],[103.7516098,1.4027105],[103.7516955,1.4026867],[103.7517075,1.4027304],[103.7517005,1.4027323],[103.7517022,1.4027384],[103.7516858,1.402743],[103.7516896,1.4027569],[103.7517089,1.4027525],[103.7517148,1.4027744],[103.7516841,1.4027828],[103.7516962,1.4028273],[103.7516785,1.4028322],[103.7516813,1.4028427],[103.751677,1.4028439],[103.7516791,1.4028518],[103.7516741,1.4028607],[103.7516908,1.402872],[103.7517379,1.4028589],[103.751758,1.4029359],[103.7516868,1.4029547],[103.7516822,1.4029381],[103.7516675,1.4029422],[103.751673,1.4029623],[103.7516262,1.4029752],[103.7516217,1.4029586],[103.7516069,1.4029627],[103.7516105,1.4029759],[103.7516045,1.4029776],[103.7516054,1.402981],[103.7514884,1.4030134],[103.7514875,1.40301],[103.7514814,1.4030117],[103.7514778,1.4029984],[103.7514631,1.4030025],[103.7514676,1.4030191],[103.7514442,1.4030256],[103.7514409,1.4030134],[103.7514149,1.4030206],[103.7514228,1.4030493],[103.7513682,1.4030645],[103.7513586,1.4030296],[103.7513405,1.4030346],[103.7513312,1.4030006],[103.7513346,1.4029996],[103.751333,1.4029935],[103.7513494,1.402989],[103.7513445,1.4029743],[103.751328,1.4029789],[103.7513219,1.4029563],[103.7513513,1.4029481],[103.7513463,1.4029298],[103.7513513,1.4029209],[103.7514016,1.402907],[103.7514061,1.402899],[103.7514191,1.4029064],[103.7514226,1.402919],[103.7514182,1.4029202],[103.7514221,1.4029342],[103.751435,1.4029306],[103.751434,1.4029267],[103.7514392,1.4029252],[103.7514402,1.4029291],[103.7515416,1.402901]]]}},{"type":"Feature","properties":{"type":"HDB"},"geometry":{"type":"Polygon","coordinates":[[[103.7521207,1.4028871],[103.752146,1.4029796],[103.7519848,1.4030241],[103.7519596,1.4029317],[103.7521207,1.4028871]]]}},{"type":"Feature","properties":{"type":"HDB"},"geometry":{"type":"Polygon","coordinates":[[[103.7518845,1.4030988],[103.7518914,1.403124],[103.7519226,1.4031154],[103.7519214,1.403111],[103.7519448,1.4031045],[103.7519414,1.4030923],[103.7520038,1.403075],[103.7520163,1.4031204],[103.752007,1.403123],[103.7520086,1.4031292],[103.7519946,1.4031331],[103.7519986,1.4031479],[103.7520168,1.4031428],[103.7520225,1.4031638],[103.7520424,1.4031583],[103.7520221,1.4030839],[103.7520473,1.4030769],[103.7520413,1.4030554],[103.7520639,1.4030492],[103.7520695,1.4030664],[103.7520834,1.4030625],[103.752079,1.4030466],[103.7520847,1.4030434],[103.7521167,1.4030345],[103.752121,1.4030502],[103.752163,1.4030386],[103.7521781,1.4030936],[103.752136,1.4031052],[103.7521402,1.4031299],[103.7521359,1.4031407],[103.7521274,1.4031488],[103.7521284,1.4031524],[103.7520721,1.4031679],[103.7520729,1.4031709],[103.7520677,1.4031723],[103.7520666,1.4031685],[103.7519761,1.4031935],[103.7519785,1.4032022],[103.7519862,1.4032001],[103.7519987,1.4032459],[103.7519901,1.4032482],[103.7519932,1.4032596],[103.7520218,1.4032517],[103.7520279,1.4032706],[103.752041,1.403267],[103.7520364,1.40325],[103.7520432,1.4032481],[103.7520426,1.4032459],[103.7520738,1.4032373],[103.7520993,1.4033307],[103.7520187,1.4033529],[103.7520216,1.4033634],[103.7519893,1.403378],[103.7519514,1.4033829],[103.7519485,1.4033724],[103.751868,1.4033947],[103.7518424,1.4033013],[103.7518737,1.4032927],[103.7518743,1.4032949],[103.7518811,1.4032929],[103.7518857,1.4033099],[103.7518988,1.4033063],[103.7518854,1.4032622],[103.7518676,1.4032671],[103.7518563,1.4032257],[103.751858,1.4032236],[103.7518466,1.4032211],[103.7518373,1.4032139],[103.7518284,1.4031902],[103.7517864,1.4032019],[103.7517714,1.4031469],[103.7518134,1.4031353],[103.7518091,1.4031196],[103.7518412,1.4031108],[103.7518477,1.4031107],[103.751852,1.4031265],[103.7518659,1.4031227],[103.751862,1.403105],[103.7518845,1.4030988]]]}},{"type":"Feature","properties":{"type":"HDB"},"geometry":{"type":"Polygon","coordinates":[[[103.7517529,1.4036413],[103.7517362,1.4035803],[103.7517605,1.4035736],[103.7517563,1.4035579],[103.7517804,1.4035512],[103.7517861,1.4035721],[103.7518009,1.403568],[103.7517961,1.4035506],[103.7518679,1.4035307],[103.7518889,1.4036075],[103.7518436,1.40362],[103.7518415,1.4036273],[103.7518343,1.4036358],[103.7518355,1.40364],[103.7517834,1.4036545],[103.7517845,1.4036584],[103.7517793,1.4036598],[103.7517784,1.4036563],[103.7516814,1.4036832],[103.7516844,1.4036959],[103.7516921,1.4036938],[103.7517046,1.4037396],[103.7516977,1.4037415],[103.7517007,1.4037528],[103.7517753,1.4037322],[103.7517812,1.403754],[103.7517624,1.4037602],[103.7517662,1.4037741],[103.7517827,1.4037696],[103.7517843,1.4037757],[103.751792,1.4037735],[103.7518042,1.403818],[103.751715,1.4038427],[103.7517137,1.4038379],[103.7516888,1.4038489],[103.7516898,1.4038527],[103.7516872,1.4038534],[103.7516862,1.4038496],[103.7516618,1.4038523],[103.7516591,1.403853],[103.7516604,1.4038578],[103.7515713,1.4038825],[103.7515591,1.403838],[103.7515668,1.4038358],[103.7515652,1.4038297],[103.7515816,1.4038252],[103.7515778,1.4038112],[103.7515585,1.4038156],[103.7515526,1.4037939],[103.7515982,1.4037812],[103.7515913,1.403756],[103.7515737,1.4037609],[103.7515628,1.4037166],[103.7515555,1.4037147],[103.7515468,1.4037078],[103.7514997,1.4037208],[103.7514788,1.403644],[103.7515508,1.4036249],[103.7515554,1.4036416],[103.7515701,1.4036375],[103.7515646,1.4036175],[103.7515906,1.4036103],[103.7515918,1.4036146],[103.751623,1.403606],[103.7516216,1.4036008],[103.7516442,1.4035945],[103.7516408,1.4035823],[103.7517048,1.4035646],[103.7517174,1.4036109],[103.7517073,1.4036136],[103.751709,1.4036197],[103.7516949,1.4036236],[103.751699,1.4036385],[103.7517171,1.4036334],[103.7517217,1.40365],[103.7517529,1.4036413]]]}},{"type":"Feature","properties":{"type":"HDB"},"geometry":{"type":"Polygon","coordinates":[[[103.7510332,1.4039799],[103.7510236,1.403945],[103.7510055,1.40395],[103.7509962,1.403916],[103.7509996,1.403915],[103.750998,1.403909],[103.7510144,1.4039044],[103.7510104,1.4038895],[103.7509931,1.4038943],[103.7509869,1.4038717],[103.7510163,1.4038635],[103.7510113,1.4038452],[103.7510163,1.4038363],[103.7510666,1.4038224],[103.7510711,1.4038144],[103.7510841,1.4038218],[103.7510876,1.4038344],[103.7510833,1.4038356],[103.7510871,1.4038495],[103.7511001,1.403846],[103.751099,1.4038421],[103.7511042,1.4038406],[103.7511053,1.4038445],[103.7512656,1.4038002],[103.7512594,1.4037775],[103.7512385,1.4037833],[103.7512261,1.4037375],[103.7512334,1.4037354],[103.7512306,1.403725],[103.7511556,1.4037457],[103.7511497,1.4037239],[103.7511687,1.4037187],[103.7511647,1.4037038],[103.7511482,1.4037084],[103.7511465,1.4037023],[103.7511396,1.4037042],[103.7511277,1.4036605],[103.7512135,1.4036368],[103.7512106,1.4036262],[103.7512412,1.4036135],[103.7512704,1.4036097],[103.7512732,1.4036202],[103.751359,1.4035965],[103.751371,1.4036402],[103.751364,1.4036421],[103.7513657,1.4036482],[103.7513492,1.4036527],[103.7513533,1.4036676],[103.7513723,1.4036623],[103.7513783,1.4036841],[103.7513033,1.4037049],[103.7513062,1.4037153],[103.7513409,1.4037057],[103.7513514,1.4037441],[103.7513336,1.403749],[103.7513372,1.4037619],[103.7513309,1.4037728],[103.7513319,1.4037762],[103.7513386,1.4037743],[103.7513398,1.4037786],[103.7513482,1.4037809],[103.7513558,1.4037874],[103.7514021,1.4037746],[103.7514231,1.4038513],[103.7513518,1.4038702],[103.7513472,1.4038535],[103.7513325,1.4038576],[103.751338,1.4038777],[103.7512912,1.4038906],[103.7512867,1.403874],[103.7512719,1.4038781],[103.7512755,1.4038913],[103.7512695,1.403893],[103.7512704,1.4038964],[103.7511534,1.4039288],[103.7511525,1.4039254],[103.7511465,1.403927],[103.7511428,1.4039138],[103.7511281,1.4039179],[103.7511326,1.4039345],[103.7511092,1.403941],[103.7511059,1.4039288],[103.7510799,1.403936],[103.7510878,1.4039648],[103.7510332,1.4039799]]]}},{"type":"Feature","properties":{"type":"HDB"},"geometry":{"type":"Polygon","coordinates":[[[103.7476538,1.4028935],[103.7476743,1.4030018],[103.7476461,1.4030073],[103.7476501,1.4030288],[103.7476881,1.4030548],[103.7478369,1.4030263],[103.7478334,1.4030076],[103.7478044,1.4030132],[103.7478048,1.403015],[103.7477272,1.403028],[103.7477233,1.4030075],[103.7477357,1.4030052],[103.747735,1.4030016],[103.7477438,1.4029999],[103.747742,1.4029902],[103.7477205,1.4029925],[103.7477111,1.4029427],[103.7477902,1.4029257],[103.7477958,1.4029265],[103.7477995,1.402946],[103.7478225,1.4029416],[103.7478199,1.4029283],[103.7478434,1.402922],[103.7478473,1.4029231],[103.7478498,1.4029364],[103.7478745,1.4029316],[103.7478708,1.4029121],[103.7478758,1.4029093],[103.7479503,1.4028969],[103.7479536,1.4029045],[103.7479587,1.4029413],[103.7479649,1.4029401],[103.7479676,1.4029451],[103.7479742,1.4029797],[103.7479746,1.4029962],[103.7479719,1.4029967],[103.7479743,1.4030092],[103.7479769,1.4030087],[103.7479826,1.4030241],[103.7479891,1.4030588],[103.7479884,1.4030645],[103.7479822,1.4030656],[103.7479906,1.4031101],[103.7479857,1.4031129],[103.7479112,1.4031253],[103.7479072,1.403104],[103.7478807,1.403109],[103.7478743,1.4030753],[103.7478586,1.4030792],[103.7478619,1.403097],[103.7478248,1.4031041],[103.747826,1.4031103],[103.7478077,1.4031138],[103.7478134,1.4031441],[103.7478085,1.4031468],[103.7477531,1.4031574],[103.7477474,1.4031567],[103.7477427,1.403141],[103.7477338,1.4031427],[103.7477333,1.4031401],[103.7477153,1.4031463],[103.7477166,1.4031626],[103.7477116,1.4031654],[103.7476488,1.4031756],[103.747644,1.40315],[103.7475784,1.4031051],[103.747553,1.40311],[103.7475502,1.403105],[103.7475393,1.4030475],[103.7475401,1.4030418],[103.7475556,1.403037],[103.747554,1.4030281],[103.7475575,1.4030274],[103.7475564,1.4030171],[103.7475477,1.4029755],[103.7475282,1.4029792],[103.7475255,1.4029742],[103.7475152,1.40292],[103.7476538,1.4028935]]]}},{"type":"Feature","properties":{"type":"HDB"},"geometry":{"type":"Polygon","coordinates":[[[103.7502045,1.4031095],[103.7501964,1.4031048],[103.7501462,1.4031187],[103.7501374,1.4031137],[103.7501324,1.4030954],[103.750103,1.4031036],[103.7500968,1.4030809],[103.7501141,1.4030761],[103.75011,1.4030613],[103.7500936,1.4030658],[103.7500919,1.4030597],[103.7500885,1.4030607],[103.7500792,1.4030267],[103.7500973,1.4030216],[103.7500878,1.4029867],[103.7501424,1.4029716],[103.7501503,1.4030005],[103.7501763,1.4029933],[103.7501729,1.402981],[103.7501964,1.4029745],[103.7502009,1.4029911],[103.7502156,1.4029871],[103.750212,1.402974],[103.7502181,1.4029723],[103.7502172,1.4029688],[103.750334,1.4029364],[103.750335,1.4029399],[103.7503411,1.4029382],[103.7503447,1.4029513],[103.7503594,1.4029472],[103.7503549,1.4029306],[103.7504017,1.4029177],[103.7504071,1.4029377],[103.7504219,1.4029336],[103.7504173,1.4029171],[103.7504882,1.4028966],[103.7505092,1.4029733],[103.7504623,1.4029863],[103.7504535,1.4030017],[103.7504547,1.4030062],[103.7504183,1.4030162],[103.7504212,1.4030267],[103.7504498,1.4030188],[103.7504623,1.4030645],[103.7504549,1.4030666],[103.7504578,1.4030771],[103.7505319,1.4030566],[103.7505379,1.4030784],[103.7505196,1.4030834],[103.7505237,1.4030982],[103.7505404,1.4030936],[103.7505421,1.4030997],[103.7505488,1.4030979],[103.7505609,1.4031423],[103.7504726,1.4031668],[103.7504687,1.4031594],[103.7504456,1.4031704],[103.7504474,1.4031768],[103.7504448,1.4031776],[103.750443,1.4031711],[103.7504176,1.4031736],[103.750418,1.4031819],[103.7503296,1.4032063],[103.7503174,1.4031619],[103.7503241,1.4031601],[103.7503225,1.403154],[103.7503392,1.4031493],[103.7503351,1.4031345],[103.7503161,1.4031398],[103.7503101,1.403118],[103.7503842,1.4030975],[103.7503813,1.403087],[103.7503475,1.4030964],[103.7503346,1.4030493],[103.7503519,1.4030444],[103.7503595,1.4030269],[103.7502183,1.4030659],[103.7502194,1.40307],[103.7502142,1.4030714],[103.7502131,1.4030674],[103.7502003,1.4030709],[103.7502041,1.4030849],[103.7502085,1.4030837],[103.7502119,1.4030964],[103.7502045,1.4031095]]]}},{"type":"Feature","properties":{"type":"HDB"},"geometry":{"type":"Polygon","coordinates":[[[103.7499148,1.403165],[103.749911,1.403151],[103.7498981,1.4031545],[103.7498993,1.4031585],[103.7498941,1.40316],[103.749893,1.4031559],[103.7497517,1.403195],[103.7497672,1.4032062],[103.7497845,1.4032015],[103.7497973,1.4032486],[103.7497635,1.4032579],[103.7497664,1.4032684],[103.7498405,1.4032479],[103.7498464,1.4032697],[103.7498274,1.403275],[103.7498314,1.4032898],[103.7498481,1.4032852],[103.7498498,1.4032913],[103.7498565,1.4032894],[103.7498686,1.4033339],[103.7497802,1.4033583],[103.749778,1.4033505],[103.7497532,1.4033619],[103.749755,1.4033684],[103.7497524,1.4033691],[103.7497506,1.4033626],[103.7497252,1.4033651],[103.7497256,1.4033734],[103.7496372,1.4033979],[103.7496251,1.4033534],[103.7496318,1.4033515],[103.7496301,1.4033454],[103.7496468,1.4033408],[103.7496428,1.403326],[103.7496246,1.403331],[103.7496186,1.4033092],[103.7496927,1.4032887],[103.7496899,1.4032782],[103.7496825,1.4032803],[103.74967,1.4032345],[103.7496986,1.4032266],[103.7496958,1.4032161],[103.7496594,1.4032262],[103.7496582,1.4032218],[103.7496428,1.403213],[103.7495959,1.4032259],[103.7495749,1.4031492],[103.7496463,1.4031304],[103.7496508,1.403147],[103.7496655,1.4031429],[103.7496601,1.4031228],[103.7497068,1.4031099],[103.7497114,1.4031265],[103.7497261,1.4031224],[103.7497226,1.4031093],[103.7497286,1.4031077],[103.7497276,1.4031041],[103.7498446,1.4030719],[103.7498455,1.4030754],[103.7498516,1.4030737],[103.7498552,1.4030868],[103.7498699,1.4030827],[103.7498654,1.4030661],[103.7498888,1.4030596],[103.7498922,1.4030719],[103.7499182,1.4030648],[103.7499103,1.4030358],[103.7499649,1.4030207],[103.7499744,1.4030557],[103.7499926,1.4030507],[103.7500019,1.4030847],[103.7499984,1.4030856],[103.7500001,1.4030917],[103.7499837,1.4030962],[103.7499877,1.4031111],[103.750005,1.4031063],[103.7500112,1.403129],[103.7499817,1.4031371],[103.7499867,1.4031554],[103.7499817,1.4031642],[103.7499315,1.4031781],[103.7499269,1.4031863],[103.7499139,1.4031788],[103.7499104,1.4031662],[103.7499148,1.403165]]]}},{"type":"Feature","properties":{"type":"HDB"},"geometry":{"type":"Polygon","coordinates":[[[103.7510686,1.4031338],[103.7510833,1.4031298],[103.7510788,1.4031132],[103.7511256,1.4031003],[103.7511311,1.4031203],[103.7511458,1.4031162],[103.7511413,1.4030996],[103.7512121,1.4030792],[103.7512331,1.4031559],[103.7511862,1.4031689],[103.7511782,1.403187],[103.751187,1.4031921],[103.7511892,1.4031999],[103.7511935,1.4031987],[103.7511964,1.4032092],[103.7512141,1.4032043],[103.7512263,1.4032488],[103.751257,1.4032403],[103.751263,1.4032621],[103.751244,1.4032673],[103.7512478,1.4032813],[103.7512644,1.4032767],[103.7512663,1.4032836],[103.751273,1.4032818],[103.751285,1.4033255],[103.7511992,1.4033492],[103.7512021,1.4033598],[103.7511763,1.4033711],[103.7511423,1.4033763],[103.7511394,1.4033657],[103.7510536,1.4033895],[103.7510417,1.4033457],[103.7510484,1.4033439],[103.7510465,1.403337],[103.7510632,1.4033324],[103.7510594,1.4033184],[103.7510403,1.4033237],[103.7510344,1.4033018],[103.7511093,1.4032811],[103.7511053,1.4032667],[103.751098,1.4032688],[103.7510855,1.403223],[103.7510929,1.4032209],[103.7510893,1.4032079],[103.751023,1.4032261],[103.7510241,1.4032301],[103.7510189,1.4032315],[103.7510178,1.4032276],[103.750854,1.4032729],[103.7508551,1.4032768],[103.7508499,1.4032783],[103.7508488,1.4032743],[103.7508228,1.4032815],[103.7508266,1.4032955],[103.750831,1.4032943],[103.7508344,1.4033069],[103.750827,1.40332],[103.750819,1.4033154],[103.7507688,1.4033293],[103.7507599,1.4033242],[103.7507549,1.4033059],[103.7507255,1.4033141],[103.7507193,1.4032914],[103.7507366,1.4032866],[103.7507326,1.4032717],[103.7507159,1.4032764],[103.7507142,1.4032703],[103.750711,1.4032712],[103.7507017,1.4032372],[103.7507199,1.4032321],[103.7507104,1.4031973],[103.750765,1.4031822],[103.7507721,1.4032083],[103.7507981,1.4032011],[103.7507962,1.4031942],[103.750856,1.4031776],[103.7508623,1.4031768],[103.7508659,1.4031899],[103.7508806,1.4031858],[103.7508761,1.4031693],[103.7509203,1.403157],[103.7509248,1.4031736],[103.7509395,1.4031695],[103.7509359,1.4031564],[103.7509418,1.4031539],[103.7510588,1.4031215],[103.751065,1.4031207],[103.7510686,1.4031338]]]}},{"type":"Feature","properties":{"type":"HDB"},"geometry":{"type":"Polygon","coordinates":[[[103.7486387,1.4035758],[103.7486148,1.4035824],[103.7486176,1.4035924],[103.7485762,1.4036039],[103.7485848,1.4036353],[103.7485527,1.4036441],[103.7485501,1.4036345],[103.7485241,1.4036417],[103.7485129,1.4036008],[103.7485164,1.4035998],[103.7485152,1.4035954],[103.7485299,1.4035914],[103.7485259,1.4035766],[103.7485081,1.4035833],[103.7485005,1.4035554],[103.7485606,1.4035407],[103.7485541,1.4035171],[103.7484951,1.4035354],[103.7484874,1.4035075],[103.7485061,1.4035042],[103.748502,1.4034893],[103.7484873,1.4034934],[103.7484861,1.4034891],[103.7484827,1.40349],[103.7484715,1.403449],[103.7484975,1.4034418],[103.7484949,1.4034322],[103.7485269,1.4034234],[103.7485355,1.4034548],[103.7486126,1.4034334],[103.748604,1.4034021],[103.7486361,1.4033932],[103.7486387,1.4034028],[103.7486647,1.4033956],[103.7486759,1.4034366],[103.7486724,1.4034375],[103.7486736,1.4034419],[103.7486589,1.403446],[103.7486629,1.4034608],[103.7486794,1.4034562],[103.7486837,1.4034719],[103.7486993,1.4034676],[103.748682,1.4034044],[103.7487366,1.4033893],[103.7487391,1.4033984],[103.748777,1.4033879],[103.7487684,1.4033566],[103.7488005,1.4033477],[103.7488031,1.4033573],[103.7488291,1.4033501],[103.7488403,1.4033911],[103.7488368,1.403392],[103.748838,1.4033964],[103.7488233,1.4034005],[103.7488273,1.4034153],[103.748845,1.4034085],[103.7488527,1.4034365],[103.7487926,1.4034512],[103.748799,1.4034747],[103.7488581,1.4034565],[103.7488658,1.4034844],[103.7488471,1.4034877],[103.7488511,1.4035025],[103.7488659,1.4034984],[103.7488671,1.4035028],[103.7488705,1.4035018],[103.7488817,1.4035428],[103.7488557,1.40355],[103.7488584,1.4035596],[103.7488263,1.4035685],[103.7488177,1.4035371],[103.7487406,1.4035584],[103.7487492,1.4035898],[103.7487171,1.4035987],[103.7487145,1.4035891],[103.7486885,1.4035962],[103.7486773,1.4035553],[103.7486808,1.4035543],[103.7486796,1.40355],[103.7486943,1.4035459],[103.7486903,1.4035311],[103.7486738,1.4035356],[103.7486677,1.4035134],[103.7486608,1.4035153],[103.7486725,1.403558],[103.7486365,1.4035679],[103.7486387,1.4035758]]]}},{"type":"Feature","properties":{"type":"HDB"},"geometry":{"type":"Polygon","coordinates":[[[103.7503592,1.4033838],[103.750363,1.4033978],[103.7503777,1.4033937],[103.7503732,1.4033771],[103.75042,1.4033642],[103.7504255,1.4033843],[103.7504402,1.4033802],[103.7504354,1.4033628],[103.7505065,1.4033431],[103.7505274,1.4034198],[103.7504807,1.4034327],[103.7504787,1.4034397],[103.7504718,1.403448],[103.7504726,1.4034509],[103.7504814,1.403456],[103.7504864,1.4034743],[103.750508,1.4034683],[103.7505202,1.4035128],[103.7505505,1.4035044],[103.7505565,1.4035262],[103.7505383,1.4035312],[103.7505423,1.403546],[103.7505588,1.4035415],[103.7505605,1.4035476],[103.7505674,1.4035457],[103.7505796,1.4035902],[103.7504912,1.4036146],[103.750489,1.4036068],[103.7504642,1.4036182],[103.750466,1.4036247],[103.7504633,1.4036253],[103.7504616,1.4036189],[103.7504362,1.4036214],[103.7504366,1.4036297],[103.7503482,1.4036542],[103.750336,1.4036097],[103.750343,1.4036077],[103.7503413,1.4036017],[103.7503578,1.4035971],[103.7503537,1.4035823],[103.7503346,1.4035875],[103.7503287,1.4035657],[103.7504037,1.403545],[103.7503997,1.4035307],[103.7503924,1.4035327],[103.7503799,1.4034869],[103.7503872,1.4034849],[103.7503837,1.4034718],[103.7503434,1.4034829],[103.7503444,1.4034868],[103.7503392,1.4034883],[103.7503382,1.4034844],[103.7502498,1.4035088],[103.7502509,1.4035127],[103.7502456,1.4035142],[103.7502446,1.4035103],[103.7502373,1.4035123],[103.7501902,1.4035956],[103.7502073,1.4036578],[103.7502112,1.4036567],[103.7502126,1.403662],[103.7502087,1.403663],[103.7502123,1.4036761],[103.7502261,1.4036723],[103.7502249,1.4036679],[103.7502375,1.4036645],[103.7502505,1.4036719],[103.7502459,1.40368],[103.7502597,1.4037305],[103.7502547,1.4037394],[103.7502365,1.4037445],[103.7502446,1.4037741],[103.7502221,1.4037803],[103.7502173,1.4037629],[103.7502026,1.403767],[103.7502071,1.4037836],[103.7502011,1.4037853],[103.750202,1.4037888],[103.7501599,1.4037985],[103.7501554,1.4037819],[103.7501285,1.4037893],[103.7501135,1.4037344],[103.7501422,1.4037265],[103.7501351,1.4037003],[103.7501228,1.4037037],[103.7501164,1.4036801],[103.7501329,1.4036756],[103.7501288,1.4036608],[103.750115,1.4036646],[103.7501133,1.4036585],[103.7501107,1.4036592],[103.7500943,1.403599],[103.7501339,1.4035881],[103.7501414,1.4035749],[103.7501059,1.4035546],[103.7501179,1.4035333],[103.7501327,1.4035418],[103.7501402,1.4035284],[103.7501278,1.4035213],[103.7501615,1.4034616],[103.7501947,1.4034805],[103.7502021,1.4034674],[103.7501912,1.4034275],[103.750251,1.4034109],[103.7502518,1.4034136],[103.7502578,1.4034119],[103.7502616,1.4034258],[103.7502763,1.4034217],[103.7502718,1.4034052],[103.7503524,1.4033829],[103.7503531,1.4033855],[103.7503592,1.4033838]]]}},{"type":"Feature","properties":{"type":"HDB"},"geometry":{"type":"Polygon","coordinates":[[[103.7481376,1.40366],[103.7481435,1.4036815],[103.7481218,1.4036874],[103.7481257,1.4037014],[103.748141,1.4036971],[103.7481424,1.4037024],[103.7481505,1.4037002],[103.7481606,1.4037339],[103.7481441,1.4037384],[103.7481553,1.4037776],[103.7480982,1.4037934],[103.7480879,1.4037541],[103.748035,1.4037687],[103.7480462,1.4038078],[103.747989,1.4038237],[103.7479787,1.4037844],[103.7479622,1.4037889],[103.7479538,1.4037546],[103.7479618,1.4037525],[103.7479604,1.4037472],[103.7479757,1.4037429],[103.747972,1.403729],[103.7479538,1.403734],[103.7479471,1.4037096],[103.7479967,1.4036968],[103.7479903,1.4036733],[103.7479411,1.4036878],[103.7479344,1.4036634],[103.7479526,1.4036583],[103.7479488,1.4036444],[103.7479335,1.4036487],[103.7479323,1.4036443],[103.7479234,1.4036467],[103.7479138,1.4036119],[103.7479299,1.4036074],[103.7479191,1.4035682],[103.7479763,1.4035524],[103.747987,1.4035917],[103.7480161,1.4035836],[103.7480201,1.4036053],[103.7480401,1.4035997],[103.7480456,1.4036029],[103.7480591,1.4036524],[103.7480734,1.4036484],[103.7480667,1.403624],[103.7480834,1.4036203],[103.7480794,1.4036054],[103.748066,1.4036092],[103.7480645,1.4036039],[103.7480623,1.4036045],[103.7480555,1.403583],[103.7480522,1.4035708],[103.7480656,1.4035671],[103.7480585,1.4035409],[103.7481,1.4035294],[103.7481072,1.4035555],[103.748131,1.4035489],[103.7481335,1.403558],[103.7481742,1.4035468],[103.7481717,1.4035377],[103.7481956,1.403531],[103.7481884,1.4035048],[103.74823,1.4034934],[103.7482371,1.4035195],[103.7482505,1.4035157],[103.7482539,1.4035279],[103.748259,1.40355],[103.7482568,1.4035506],[103.7482583,1.4035558],[103.7482449,1.4035596],[103.7482489,1.4035743],[103.7482645,1.40357],[103.7482709,1.4035936],[103.7482861,1.4035894],[103.7482725,1.4035399],[103.7482757,1.4035343],[103.7482956,1.4035288],[103.7482881,1.4035082],[103.7483171,1.4035002],[103.7483064,1.4034609],[103.7483636,1.4034451],[103.7483743,1.4034843],[103.7483903,1.4034799],[103.7483988,1.4035141],[103.7483907,1.4035163],[103.7483921,1.4035215],[103.7483768,1.4035258],[103.7483808,1.4035406],[103.7483988,1.4035347],[103.7484055,1.4035592],[103.7483559,1.403572],[103.7483623,1.4035955],[103.7484114,1.403581],[103.7484182,1.4036054],[103.7483997,1.4036095],[103.7484038,1.4036243],[103.7484191,1.4036201],[103.7484206,1.4036253],[103.7484294,1.4036229],[103.7484388,1.4036569],[103.7484223,1.4036614],[103.7484334,1.4037005],[103.7483763,1.4037164],[103.7483657,1.4036762],[103.7483129,1.4036908],[103.7483243,1.4037308],[103.7482671,1.4037466],[103.7482568,1.4037072],[103.7482403,1.4037118],[103.7482319,1.4036776],[103.7482399,1.4036753],[103.7482385,1.4036701],[103.7482539,1.4036659],[103.7482501,1.4036519],[103.7482284,1.403658],[103.7482225,1.4036365],[103.7482089,1.4036403],[103.7482105,1.403646],[103.7482044,1.4036477],[103.7482156,1.4036886],[103.7482185,1.4036866],[103.7482161,1.4036905],[103.7482222,1.4037126],[103.7481767,1.4037252],[103.7481706,1.4037031],[103.7481665,1.403701],[103.7481701,1.4037013],[103.7481589,1.4036603],[103.7481528,1.4036619],[103.7481513,1.4036562],[103.7481376,1.40366]]]}},{"type":"Feature","properties":{"type":"HDB"},"geometry":{"type":"Polygon","coordinates":[[[103.7504414,1.4037035],[103.7505973,1.4036603],[103.7506211,1.4037475],[103.7504652,1.4037907],[103.7504414,1.4037035]]]}},{"type":"Feature","properties":{"type":"HDB"},"geometry":{"type":"Polygon","coordinates":[[[103.7499192,1.4034324],[103.7501241,1.4041824],[103.7498381,1.4042615],[103.7496333,1.4035115],[103.7499192,1.4034324]]]}},{"type":"Feature","properties":{"type":"HDB"},"geometry":{"type":"Polygon","coordinates":[[[103.747829,1.4041822],[103.7478143,1.4041863],[103.7478201,1.4042044],[103.7477959,1.4042111],[103.7477827,1.4041594],[103.7477593,1.4041659],[103.7477742,1.4042171],[103.74775,1.4042238],[103.7477458,1.4042052],[103.7477311,1.4042093],[103.7477353,1.4042248],[103.747731,1.404226],[103.7477334,1.4042349],[103.7476982,1.4042457],[103.7476936,1.4042291],[103.7476555,1.4042396],[103.7476396,1.4041812],[103.7476785,1.4041704],[103.7476707,1.4041416],[103.7476916,1.4041358],[103.7476866,1.4041175],[103.7476898,1.404112],[103.7477389,1.4040983],[103.747735,1.404084],[103.7477237,1.4040871],[103.7477199,1.4040694],[103.7477051,1.4040735],[103.7477092,1.4040883],[103.747704,1.4040898],[103.7477052,1.4040941],[103.7476632,1.4041076],[103.747656,1.4040777],[103.7476438,1.4040811],[103.747635,1.4040488],[103.7476673,1.4040408],[103.7476442,1.4039562],[103.7476124,1.403966],[103.7476035,1.4039337],[103.7476157,1.4039304],[103.7476067,1.4039009],[103.7476496,1.4038909],[103.7476508,1.4038953],[103.747656,1.4038939],[103.7476601,1.4039087],[103.7476748,1.4039046],[103.7476709,1.4038903],[103.7476485,1.4038775],[103.7476586,1.4038594],[103.7476399,1.4038486],[103.7476275,1.4038707],[103.7476017,1.4038559],[103.7476119,1.4038379],[103.7475783,1.4038187],[103.7476063,1.4037691],[103.7476187,1.4037762],[103.7476283,1.4037521],[103.747644,1.4037314],[103.7476317,1.4037243],[103.7476597,1.4036748],[103.7476932,1.403694],[103.7477034,1.4036759],[103.7477291,1.4036906],[103.7477168,1.4037126],[103.7477355,1.4037234],[103.7477461,1.4037045],[103.7477651,1.4037159],[103.7477507,1.4036634],[103.7477539,1.4036578],[103.7478,1.4036422],[103.7477895,1.4036039],[103.7478475,1.4035878],[103.747858,1.4036262],[103.7478745,1.4036216],[103.7478834,1.4036576],[103.7478745,1.4036601],[103.7478757,1.4036644],[103.7478603,1.4036687],[103.7478644,1.4036835],[103.7478855,1.4036758],[103.7478987,1.4037237],[103.7478765,1.403728],[103.7478806,1.4037428],[103.747896,1.4037386],[103.7478971,1.4037429],[103.747906,1.4037404],[103.7479156,1.4037753],[103.7479,1.4037796],[103.7479105,1.403818],[103.7478524,1.403834],[103.7478419,1.4037957],[103.7478142,1.4038034],[103.7478015,1.4037534],[103.7477971,1.4037546],[103.7477961,1.4037507],[103.7477479,1.4037654],[103.7477514,1.4037674],[103.7477501,1.4037698],[103.7478071,1.4038024],[103.7477943,1.4038251],[103.7477962,1.4038321],[103.7477918,1.4038456],[103.7477802,1.4038579],[103.7477741,1.4038573],[103.7477581,1.4038856],[103.7477526,1.4038824],[103.7477446,1.4038966],[103.7477231,1.4038843],[103.7477171,1.4038621],[103.7477355,1.4038295],[103.7477211,1.4038212],[103.7477191,1.4038248],[103.7477155,1.4038227],[103.7477,1.4038502],[103.7477451,1.4040151],[103.747749,1.404014],[103.7477502,1.4040184],[103.7477679,1.4040134],[103.747773,1.4040355],[103.7477877,1.4040314],[103.7477835,1.4040159],[103.7477878,1.4040147],[103.7477854,1.4040058],[103.74782,1.4039961],[103.7478243,1.4040119],[103.7478633,1.404001],[103.7478793,1.4040595],[103.7478403,1.4040703],[103.7478477,1.4040973],[103.7478544,1.4041217],[103.7478934,1.4041109],[103.7479094,1.4041694],[103.7478703,1.4041801],[103.7478746,1.4041959],[103.74784,1.4042055],[103.7478375,1.4041965],[103.7478332,1.4041977],[103.747829,1.4041822]]]}},{"type":"Feature","properties":{"type":"HDB"},"geometry":{"type":"Polygon","coordinates":[[[103.7503041,1.4040126],[103.7503869,1.40406],[103.7503942,1.404058],[103.7503931,1.404054],[103.7503983,1.4040526],[103.7503994,1.4040565],[103.7504878,1.404032],[103.7504867,1.4040281],[103.7504919,1.4040267],[103.750493,1.4040306],[103.7505333,1.4040195],[103.7505297,1.4040064],[103.7505223,1.4040084],[103.7505098,1.4039626],[103.7505172,1.4039606],[103.7505133,1.4039462],[103.7504383,1.403967],[103.7504323,1.4039452],[103.7504514,1.4039399],[103.7504474,1.4039251],[103.7504309,1.4039296],[103.7504292,1.4039235],[103.7504223,1.4039254],[103.7504101,1.4038809],[103.7504985,1.4038565],[103.7505024,1.4038639],[103.7505255,1.403853],[103.7505238,1.4038465],[103.7505263,1.4038457],[103.7505281,1.4038522],[103.7505535,1.4038497],[103.7505531,1.4038414],[103.7506415,1.4038169],[103.7506536,1.4038614],[103.7506467,1.4038633],[103.7506484,1.4038695],[103.7506319,1.403874],[103.750636,1.4038889],[103.7506542,1.4038838],[103.7506601,1.4039056],[103.7506298,1.403914],[103.7506419,1.4039585],[103.7506203,1.4039645],[103.7506253,1.4039828],[103.7506203,1.4039917],[103.7506211,1.4039946],[103.7506312,1.4039981],[103.7506365,1.4040031],[103.7506832,1.4039902],[103.7507042,1.4040669],[103.7506331,1.4040865],[103.7506284,1.4040691],[103.7506136,1.4040732],[103.7506191,1.4040933],[103.7505723,1.4041063],[103.7505678,1.4040896],[103.7505531,1.4040937],[103.7505569,1.4041076],[103.7505508,1.4041093],[103.7505515,1.404112],[103.7504709,1.4041343],[103.7504664,1.4041177],[103.7504517,1.4041218],[103.7504555,1.4041357],[103.7504495,1.4041374],[103.7504502,1.40414],[103.7503904,1.4041566],[103.7503795,1.4041166],[103.7503664,1.4041092],[103.7503475,1.4041425],[103.7502882,1.4041085],[103.7502953,1.404096],[103.750282,1.4040884],[103.7502736,1.4041033],[103.7502525,1.4040912],[103.7502727,1.4040555],[103.7502595,1.404048],[103.7502199,1.404059],[103.7502035,1.4039988],[103.7502061,1.4039981],[103.7502044,1.403992],[103.7502183,1.4039881],[103.7502142,1.4039733],[103.7501978,1.4039779],[103.7501913,1.4039543],[103.7502035,1.4039509],[103.7501964,1.4039248],[103.7501677,1.4039327],[103.7501527,1.4038778],[103.7501796,1.4038704],[103.750175,1.4038538],[103.7502161,1.4038405],[103.7502171,1.403844],[103.7502232,1.4038423],[103.7502277,1.4038589],[103.7502424,1.4038549],[103.7502377,1.4038374],[103.7502602,1.4038312],[103.7502683,1.4038608],[103.7502865,1.4038558],[103.7502953,1.4038609],[103.7503091,1.4039114],[103.7503172,1.403916],[103.7503097,1.4039291],[103.7502972,1.4039325],[103.750296,1.4039282],[103.7502821,1.403932],[103.7502857,1.4039451],[103.7502896,1.403944],[103.7502911,1.4039492],[103.7502871,1.4039503],[103.7503041,1.4040126]]]}},{"type":"Feature","properties":{"type":"HDB"},"geometry":{"type":"Polygon","coordinates":[[[103.747056,1.4038912],[103.7470405,1.4038955],[103.7470391,1.4038902],[103.7470311,1.4038924],[103.7470209,1.4038587],[103.7470366,1.4038544],[103.7470258,1.4038151],[103.7470839,1.403799],[103.7470946,1.4038383],[103.7471418,1.4038271],[103.7471474,1.4038303],[103.7471616,1.4038821],[103.7471727,1.4038624],[103.7471886,1.4038726],[103.7471962,1.4038593],[103.7471814,1.4038508],[103.7471836,1.4038468],[103.7471766,1.4038428],[103.7471944,1.4038113],[103.747213,1.4038221],[103.7472309,1.4037906],[103.7472832,1.4038206],[103.7472728,1.403839],[103.7472971,1.4038489],[103.7473141,1.4038627],[103.7473246,1.4038443],[103.7473769,1.4038742],[103.7473592,1.4039057],[103.7473779,1.4039164],[103.7473601,1.4039478],[103.7473531,1.4039438],[103.7473509,1.4039477],[103.747336,1.4039392],[103.7473285,1.4039526],[103.7473453,1.4039612],[103.7473314,1.4039845],[103.7473352,1.4039984],[103.74735,1.4039944],[103.747346,1.4039795],[103.7473503,1.4039784],[103.7473488,1.4039731],[103.7473913,1.4039613],[103.7473992,1.4039902],[103.7474113,1.4039868],[103.7474201,1.4040191],[103.7473872,1.4040281],[103.7474098,1.404111],[103.7474428,1.4041019],[103.7474516,1.4041342],[103.7474394,1.4041375],[103.7474473,1.4041663],[103.7474048,1.4041781],[103.7474034,1.4041728],[103.7473991,1.404174],[103.747395,1.4041592],[103.7473803,1.4041633],[103.747387,1.4041811],[103.7473611,1.4041883],[103.7473458,1.4041325],[103.7473259,1.404138],[103.7473411,1.4041938],[103.7473151,1.404201],[103.7473119,1.4041822],[103.7472971,1.4041863],[103.7473012,1.4042011],[103.747296,1.4042026],[103.7472974,1.4042078],[103.7472558,1.4042192],[103.747248,1.4041905],[103.7472358,1.4041938],[103.747227,1.4041616],[103.7472602,1.4041534],[103.7472445,1.4040892],[103.7472476,1.4040837],[103.7473135,1.4040655],[103.7472857,1.4039635],[103.7472607,1.4039492],[103.7472587,1.4039527],[103.7472532,1.4039496],[103.747249,1.403957],[103.7472818,1.4039758],[103.747288,1.4039987],[103.7472765,1.4040191],[103.747262,1.4040108],[103.747258,1.4040179],[103.7472252,1.4039991],[103.7472224,1.404004],[103.7472281,1.404005],[103.7472209,1.4040047],[103.7472106,1.4040015],[103.7472018,1.4039952],[103.7471954,1.4039864],[103.7471992,1.4039908],[103.7472019,1.4039858],[103.747176,1.4039709],[103.7471993,1.4039297],[103.7472251,1.4039444],[103.7472298,1.4039361],[103.7472243,1.403933],[103.7472263,1.4039295],[103.7472013,1.4039152],[103.7471537,1.4039284],[103.7471548,1.4039323],[103.7471513,1.4039333],[103.7471649,1.403983],[103.7471363,1.4039909],[103.7471468,1.4040293],[103.7470887,1.4040453],[103.7470783,1.404007],[103.7470627,1.4040113],[103.7470543,1.4039771],[103.7470622,1.4039748],[103.7470608,1.4039696],[103.7470762,1.4039653],[103.7470721,1.4039505],[103.7470516,1.4039571],[103.7470389,1.4039109],[103.74706,1.403906],[103.747056,1.4038912]]]}},{"type":"Feature","properties":{"type":"HDB"},"geometry":{"type":"Polygon","coordinates":[[[103.7465312,1.4040785],[103.7465241,1.4040524],[103.7465436,1.4040488],[103.7465396,1.404034],[103.7465242,1.4040383],[103.746523,1.4040339],[103.7465141,1.4040364],[103.7465046,1.4040015],[103.7465206,1.403997],[103.7465099,1.4039578],[103.7465671,1.403942],[103.7465778,1.4039813],[103.7466069,1.4039732],[103.7466109,1.4039948],[103.7466308,1.4039893],[103.7466364,1.4039925],[103.7466498,1.404042],[103.746665,1.4040378],[103.7466586,1.4040142],[103.7466742,1.4040099],[103.7466701,1.4039951],[103.7466567,1.4039988],[103.7466553,1.4039936],[103.7466523,1.4039944],[103.746643,1.4039604],[103.7466564,1.4039567],[103.7466492,1.4039305],[103.7466909,1.4039191],[103.746698,1.4039452],[103.7467218,1.4039386],[103.7467243,1.4039478],[103.746765,1.4039365],[103.7467625,1.4039274],[103.7467864,1.4039208],[103.7467792,1.4038946],[103.7468208,1.4038831],[103.746828,1.4039093],[103.7468414,1.4039056],[103.7468447,1.4039178],[103.7468498,1.4039398],[103.7468476,1.4039404],[103.7468491,1.4039456],[103.7468356,1.4039493],[103.7468397,1.4039641],[103.7468559,1.4039588],[103.7468626,1.4039832],[103.7468768,1.4039792],[103.7468633,1.4039297],[103.7468665,1.4039242],[103.7468864,1.4039187],[103.7468789,1.403898],[103.746908,1.40389],[103.7468973,1.4038507],[103.7469544,1.4038349],[103.7469652,1.4038742],[103.7469812,1.4038697],[103.7469904,1.4039037],[103.7469816,1.4039062],[103.746983,1.4039114],[103.7469676,1.4039157],[103.7469717,1.4039305],[103.7469903,1.4039235],[103.7469974,1.4039496],[103.7469478,1.4039624],[103.7469537,1.4039842],[103.7470029,1.4039697],[103.74701,1.4039959],[103.7469905,1.4039994],[103.7469945,1.4040142],[103.7470099,1.4040099],[103.7470111,1.4040143],[103.74702,1.4040119],[103.7470295,1.4040467],[103.7470135,1.4040512],[103.7470242,1.4040904],[103.746967,1.4041062],[103.7469563,1.404067],[103.7469043,1.4040814],[103.746915,1.4041206],[103.7468578,1.4041364],[103.7468471,1.4040971],[103.7468311,1.4041016],[103.7468215,1.4040667],[103.7468304,1.4040643],[103.7468292,1.4040599],[103.7468446,1.4040556],[103.7468406,1.4040408],[103.7468185,1.4040488],[103.7468141,1.4040257],[103.7467996,1.4040297],[103.7468012,1.4040358],[103.7467951,1.4040374],[103.7468055,1.4040754],[103.74676,1.404088],[103.7467497,1.40405],[103.7467436,1.4040517],[103.746742,1.4040456],[103.7467274,1.4040496],[103.7467353,1.4040718],[103.7467123,1.4040763],[103.7467164,1.4040911],[103.7467318,1.4040868],[103.7467329,1.4040912],[103.7467418,1.4040887],[103.7467514,1.4041236],[103.7467353,1.404128],[103.746746,1.4041673],[103.7466888,1.4041831],[103.7466781,1.4041439],[103.7466261,1.4041582],[103.7466368,1.4041975],[103.7465796,1.4042133],[103.746569,1.4041741],[103.7465529,1.4041785],[103.7465437,1.4041445],[103.7465525,1.404142],[103.7465511,1.4041368],[103.7465665,1.4041325],[103.7465624,1.4041177],[103.7465439,1.4041247],[103.7465367,1.4040986],[103.7465863,1.4040858],[103.7465804,1.404064],[103.7465312,1.4040785]]]}},{"type":"Feature","properties":{"type":"HDB"},"geometry":{"type":"Polygon","coordinates":[[[103.7489505,1.4036607],[103.7491553,1.4044107],[103.7488537,1.404494],[103.748649,1.4037441],[103.7489505,1.4036607]]]}},{"type":"Feature","properties":{"type":"HDB"},"geometry":{"type":"Polygon","coordinates":[[[103.7480334,1.4039796],[103.7480811,1.404154],[103.7479944,1.404178],[103.7479468,1.4040036],[103.7480334,1.4039796]]]}},{"type":"Feature","properties":{"type":"HDB"},"geometry":{"type":"Polygon","coordinates":[[[103.7482751,1.4042042],[103.7482736,1.4041989],[103.7482871,1.4041952],[103.748283,1.4041804],[103.7482674,1.4041847],[103.748261,1.4041612],[103.7482458,1.4041653],[103.7482594,1.4042148],[103.7482562,1.4042204],[103.7482363,1.4042259],[103.7482438,1.4042466],[103.7482148,1.4042546],[103.7482255,1.4042939],[103.7481683,1.4043097],[103.7481576,1.4042705],[103.7481416,1.4042749],[103.7481331,1.4042406],[103.7481412,1.4042384],[103.7481397,1.4042332],[103.7481551,1.4042289],[103.7481511,1.4042141],[103.7481331,1.40422],[103.7481264,1.4041956],[103.748176,1.4041828],[103.7481696,1.4041592],[103.7481205,1.4041738],[103.7481138,1.4041494],[103.7481322,1.4041452],[103.7481282,1.4041304],[103.7481128,1.4041346],[103.7481114,1.4041294],[103.7481025,1.4041318],[103.7480932,1.4040978],[103.7481097,1.4040933],[103.7480985,1.4040542],[103.7481557,1.4040384],[103.7481662,1.4040786],[103.748194,1.4040709],[103.7482191,1.4040639],[103.7482077,1.404024],[103.7482649,1.4040082],[103.7482752,1.4040475],[103.7482916,1.404043],[103.7483001,1.4040772],[103.748292,1.4040794],[103.7482935,1.4040847],[103.7482781,1.4040889],[103.7482819,1.4041028],[103.7483036,1.4040968],[103.7483094,1.4041183],[103.748323,1.4041145],[103.7483215,1.4041088],[103.7483276,1.4041071],[103.7483164,1.4040661],[103.7483134,1.4040682],[103.7483159,1.4040643],[103.7483098,1.4040422],[103.7483553,1.4040296],[103.7483614,1.4040517],[103.7483649,1.404052],[103.7483654,1.4040539],[103.7483619,1.4040536],[103.7483731,1.4040945],[103.7483791,1.4040929],[103.7483807,1.4040985],[103.7483943,1.4040948],[103.7483885,1.4040734],[103.7484101,1.4040674],[103.7484063,1.4040534],[103.7483909,1.4040577],[103.7483895,1.4040524],[103.7483815,1.4040547],[103.7483713,1.4040209],[103.7483878,1.4040164],[103.7483767,1.4039772],[103.7484338,1.4039614],[103.7484441,1.4040008],[103.748497,1.4039862],[103.7484858,1.403947],[103.748543,1.4039312],[103.7485533,1.4039706],[103.7485698,1.403966],[103.7485782,1.4040003],[103.7485702,1.4040025],[103.7485716,1.4040077],[103.7485562,1.404012],[103.74856,1.4040259],[103.7485782,1.4040209],[103.7485849,1.4040453],[103.7485353,1.4040581],[103.7485417,1.4040816],[103.7485908,1.4040671],[103.7485975,1.4040915],[103.7485793,1.4040966],[103.7485831,1.4041105],[103.7485985,1.4041063],[103.7485997,1.4041107],[103.7486086,1.4041082],[103.7486181,1.404143],[103.7486021,1.4041475],[103.7486128,1.4041867],[103.7485556,1.4042026],[103.7485449,1.4041633],[103.7485159,1.4041713],[103.7485118,1.4041497],[103.7484919,1.4041552],[103.7484864,1.4041521],[103.7484729,1.4041025],[103.7484586,1.4041065],[103.7484652,1.4041309],[103.7484485,1.4041346],[103.7484526,1.4041494],[103.748466,1.4041457],[103.7484674,1.4041509],[103.7484696,1.4041503],[103.7484764,1.4041719],[103.7484797,1.4041841],[103.7484663,1.4041878],[103.7484735,1.404214],[103.7484319,1.4042255],[103.7484247,1.4041993],[103.7484009,1.4042059],[103.7483984,1.4041968],[103.7483577,1.4042081],[103.7483602,1.4042172],[103.7483363,1.4042238],[103.7483435,1.4042499],[103.7483019,1.4042614],[103.7482948,1.4042353],[103.7482813,1.404239],[103.7482729,1.4042048],[103.7482751,1.4042042]]]}},{"type":"Feature","properties":{"type":"HDB"},"geometry":{"type":"Polygon","coordinates":[[[103.7463467,1.404069],[103.7464333,1.4040451],[103.7464809,1.4042195],[103.7463943,1.4042435],[103.7463467,1.404069]]]}},{"type":"Feature","properties":{"type":"HDB"},"geometry":{"type":"Polygon","coordinates":[[[103.7505639,1.4043532],[103.7506142,1.4043392],[103.7506188,1.4043312],[103.7506318,1.4043386],[103.7506352,1.4043512],[103.7506309,1.4043524],[103.7506347,1.4043664],[103.7506607,1.4043592],[103.7506596,1.4043553],[103.7506648,1.4043538],[103.7506659,1.4043578],[103.7508297,1.4043125],[103.7508286,1.4043085],[103.7508338,1.4043071],[103.7508348,1.404311],[103.7508878,1.4042963],[103.750881,1.4042924],[103.7508758,1.4042734],[103.7508498,1.4042806],[103.7508369,1.4042331],[103.7508065,1.4042415],[103.7508006,1.4042197],[103.7508196,1.4042144],[103.7508156,1.4041996],[103.7507989,1.4042042],[103.7507973,1.4041981],[103.7507905,1.4042],[103.7507784,1.4041555],[103.7508668,1.404131],[103.7508706,1.4041383],[103.7508937,1.4041274],[103.750892,1.404121],[103.7508946,1.4041203],[103.7508964,1.4041267],[103.7509235,1.4041238],[103.7509214,1.4041159],[103.7510097,1.4040915],[103.7510219,1.404136],[103.7510152,1.4041378],[103.7510168,1.4041439],[103.7510002,1.4041485],[103.7510042,1.4041633],[103.7510233,1.4041581],[103.7510292,1.4041799],[103.7509543,1.4042006],[103.7509571,1.4042111],[103.7509645,1.404209],[103.750977,1.4042548],[103.7509484,1.4042627],[103.7509513,1.4042732],[103.7509877,1.4042631],[103.7509889,1.4042676],[103.7510042,1.4042763],[103.7510511,1.4042634],[103.7510721,1.4043401],[103.7510008,1.4043589],[103.7509963,1.4043423],[103.7509815,1.4043464],[103.750987,1.4043665],[103.7509402,1.4043794],[103.7509357,1.4043628],[103.7509209,1.4043669],[103.7509245,1.40438],[103.7509184,1.4043817],[103.7509194,1.4043851],[103.7508024,1.4044175],[103.7508015,1.404414],[103.7507954,1.4044157],[103.7507918,1.4044026],[103.7507771,1.4044067],[103.7507816,1.4044232],[103.7507374,1.4044355],[103.7507329,1.4044189],[103.7507182,1.404423],[103.7507218,1.4044361],[103.7507157,1.4044377],[103.7507166,1.4044412],[103.7506568,1.4044577],[103.7506535,1.4044454],[103.7506275,1.4044527],[103.7506354,1.4044816],[103.7505808,1.4044967],[103.7505713,1.4044618],[103.7505531,1.4044668],[103.7505438,1.4044328],[103.7505472,1.4044318],[103.7505456,1.4044257],[103.750562,1.4044211],[103.750558,1.4044063],[103.7505407,1.4044111],[103.7505345,1.4043885],[103.7505639,1.4043803],[103.7505589,1.404362],[103.7505639,1.4043532]]]}},{"type":"Feature","properties":{"type":"HDB"},"geometry":{"type":"Polygon","coordinates":[[[103.7499109,1.4044306],[103.7499069,1.4044158],[103.7498902,1.4044205],[103.7498886,1.4044144],[103.7498818,1.4044162],[103.7498697,1.4043718],[103.7499581,1.4043473],[103.7499602,1.4043551],[103.7499851,1.4043437],[103.7499833,1.4043373],[103.7499859,1.4043365],[103.7499877,1.404343],[103.7500131,1.4043405],[103.7500127,1.4043322],[103.7501011,1.4043077],[103.7501132,1.4043522],[103.7501065,1.4043541],[103.7501081,1.4043602],[103.7500915,1.4043648],[103.7500955,1.4043796],[103.7501146,1.4043743],[103.7501205,1.4043961],[103.7500902,1.4044045],[103.7501032,1.4044521],[103.7500772,1.4044592],[103.7500824,1.4044783],[103.7500785,1.4044851],[103.7501315,1.4044705],[103.7501304,1.4044665],[103.7501356,1.4044651],[103.7501367,1.4044691],[103.7503005,1.4044237],[103.7502994,1.4044198],[103.7503046,1.4044184],[103.7503057,1.4044223],[103.7503317,1.4044151],[103.7503278,1.4044012],[103.7503235,1.4044024],[103.7503201,1.4043898],[103.7503275,1.4043767],[103.7503355,1.4043812],[103.7503857,1.4043673],[103.7503946,1.4043724],[103.7503996,1.4043907],[103.750429,1.4043826],[103.7504352,1.4044052],[103.7504179,1.40441],[103.7504219,1.4044248],[103.7504384,1.4044203],[103.7504401,1.4044264],[103.7504435,1.4044254],[103.7504528,1.4044595],[103.7504346,1.4044645],[103.7504442,1.4044994],[103.7503896,1.4045145],[103.7503817,1.4044856],[103.7503557,1.4044928],[103.750359,1.4045051],[103.7502993,1.4045216],[103.7502983,1.4045181],[103.7502922,1.4045198],[103.7502887,1.4045067],[103.7502739,1.4045108],[103.7502785,1.4045274],[103.7502343,1.4045396],[103.7502297,1.404523],[103.750215,1.4045271],[103.7502186,1.4045402],[103.7502125,1.4045419],[103.7502135,1.4045453],[103.7500965,1.4045777],[103.7500955,1.4045742],[103.7500895,1.4045759],[103.7500859,1.4045628],[103.7500712,1.4045669],[103.7500757,1.4045834],[103.7500289,1.4045964],[103.7500234,1.4045764],[103.7500087,1.4045804],[103.7500132,1.404597],[103.7499424,1.4046175],[103.7499215,1.4045408],[103.7499683,1.4045278],[103.7499771,1.4045124],[103.7499759,1.4045079],[103.7500122,1.4044978],[103.7500094,1.4044874],[103.7499808,1.4044953],[103.7499683,1.4044495],[103.7499757,1.4044475],[103.7499728,1.404437],[103.7498978,1.4044577],[103.7498919,1.4044359],[103.7499109,1.4044306]]]}},{"type":"Feature","properties":{"type":"HDB"},"geometry":{"type":"Polygon","coordinates":[[[103.747278,1.4046222],[103.7472922,1.4045971],[103.7472887,1.4045951],[103.7472918,1.4045896],[103.7472836,1.4045849],[103.7472689,1.4046109],[103.7472279,1.4045874],[103.7472426,1.4045613],[103.7472378,1.4045584],[103.7472367,1.4045641],[103.7472378,1.4045533],[103.7472421,1.4045434],[103.7472493,1.4045353],[103.7472554,1.4045313],[103.7472511,1.4045351],[103.7472559,1.4045379],[103.7472745,1.4045049],[103.7472816,1.4045089],[103.7472898,1.4044943],[103.7473101,1.4045059],[103.7473163,1.4045288],[103.7472977,1.4045618],[103.7473051,1.404566],[103.7473082,1.4045605],[103.7473117,1.4045625],[103.7473259,1.4045374],[103.7472981,1.4044354],[103.7472322,1.4044537],[103.7472267,1.4044505],[103.7472076,1.4043873],[103.7471749,1.4043973],[103.7471661,1.4043651],[103.7471783,1.4043617],[103.7471704,1.4043329],[103.7472119,1.4043214],[103.7472134,1.4043266],[103.7472186,1.4043252],[103.7472226,1.4043401],[103.7472374,1.404336],[103.7472306,1.4043181],[103.7472566,1.4043109],[103.7472719,1.4043667],[103.7472918,1.4043612],[103.7472766,1.4043054],[103.7473026,1.4042982],[103.7473058,1.404317],[103.7473206,1.4043129],[103.7473165,1.4042981],[103.7473208,1.4042969],[103.7473194,1.4042917],[103.7473618,1.4042799],[103.7473697,1.4043087],[103.7473819,1.4043053],[103.7473907,1.4043376],[103.7473577,1.4043467],[103.7473803,1.4044296],[103.7474133,1.4044204],[103.7474221,1.4044527],[103.7474099,1.4044561],[103.7474178,1.4044849],[103.7473754,1.4044966],[103.7473739,1.4044914],[103.7473696,1.4044926],[103.7473656,1.4044777],[103.7473508,1.4044818],[103.7473546,1.4044958],[103.7473784,1.4045086],[103.7473683,1.4045247],[103.7473816,1.4045323],[103.74739,1.4045174],[103.7473939,1.4045196],[103.7473979,1.4045125],[103.7474292,1.4045304],[103.7474185,1.4045492],[103.7474497,1.4045671],[103.74742,1.4046198],[103.7474016,1.4046094],[103.747394,1.40463],[103.7473781,1.404651],[103.7473964,1.4046615],[103.7473667,1.4047142],[103.7473354,1.4046963],[103.7473248,1.4047151],[103.7472935,1.4046972],[103.7472975,1.4046902],[103.7472936,1.4046879],[103.747302,1.404673],[103.7472887,1.4046654],[103.7472802,1.4046824],[103.7472606,1.4046712],[103.7472748,1.404723],[103.7472716,1.4047286],[103.7472253,1.4047433],[103.7472361,1.4047825],[103.747178,1.4047985],[103.7471673,1.4047593],[103.7471517,1.4047636],[103.7471433,1.4047294],[103.7471512,1.4047272],[103.7471498,1.4047219],[103.7471652,1.4047177],[103.7471612,1.4047029],[103.7471406,1.4047095],[103.747128,1.4046633],[103.747149,1.4046584],[103.747145,1.4046436],[103.7471296,1.4046478],[103.7471282,1.4046426],[103.7471202,1.4046448],[103.74711,1.4046111],[103.7471256,1.4046067],[103.7471151,1.4045684],[103.7471732,1.4045523],[103.7471837,1.4045906],[103.7472123,1.4045827],[103.7472258,1.4046325],[103.7472293,1.4046315],[103.7472304,1.4046354],[103.747278,1.4046222]]]}}]}