{"type":"FeatureCollection","features":[{"type":"Feature","properties":{"type":"HDB"},"geometry":{"type":"Polygon","coordinates":[[[103.8845476,1.3057334],[103.8845822,1.3056588],[103.8849113,1.3058164],[103.8848756,1.3058919],[103.8845476,1.3057334]]]}},{"type":"Feature","properties":{"type":"HDB"},"geometry":{"type":"Polygon","coordinates":[[[103.8849956,1.3059659],[103.885003,1.3058784],[103.8850977,1.3058923],[103.885122,1.305799],[103.8851844,1.3058158],[103.8851573,1.3059093],[103.8852793,1.3059713],[103.8853347,1.3058851],[103.8853932,1.3059218],[103.8853321,1.3060002],[103.8854026,1.3060707],[103.8853445,1.3061264],[103.8853036,1.3060815],[103.8852774,1.3060579],[103.8852397,1.3060303],[103.8851903,1.3060023],[103.8851139,1.3059747],[103.8850334,1.3059664],[103.8850125,1.3059681],[103.8849956,1.3059659]]]}},{"type":"Feature","properties":{"type":"HDB"},"geometry":{"type":"Polygon","coordinates":[[[103.8858293,1.305985],[103.8858963,1.3059937],[103.8859076,1.3059194],[103.8859382,1.3059241],[103.8859393,1.3059174],[103.8860205,1.3059299],[103.8860137,1.3059743],[103.8860011,1.3059723],[103.8859973,1.3059973],[103.8859736,1.3059936],[103.8859718,1.3060054],[103.8860929,1.3060241],[103.8860948,1.306012],[103.8860708,1.3060083],[103.8860744,1.3059846],[103.8860667,1.3059834],[103.8860735,1.3059386],[103.8861555,1.3059513],[103.8861537,1.3059635],[103.886213,1.3059727],[103.8862148,1.3059604],[103.8862969,1.3059731],[103.8862901,1.3060179],[103.8862823,1.3060167],[103.8862787,1.3060403],[103.8862547,1.3060366],[103.8862527,1.3060501],[103.8862064,1.306043],[103.8862038,1.3060595],[103.8861855,1.3060567],[103.8861799,1.3060933],[103.8862324,1.3061015],[103.8862303,1.3061153],[103.8862541,1.3061189],[103.8862502,1.3061439],[103.8862629,1.3061459],[103.8862561,1.3061902],[103.8861749,1.3061776],[103.886176,1.306171],[103.8861453,1.3061663],[103.8861459,1.3061624],[103.8861256,1.3061593],[103.886124,1.3061698],[103.8860785,1.3061628],[103.8860971,1.306041],[103.8860389,1.306032],[103.886037,1.3060446],[103.886061,1.3060483],[103.8860574,1.306072],[103.886065,1.3060732],[103.8860582,1.306118],[103.8859764,1.3061054],[103.8859783,1.3060931],[103.8859188,1.3060839],[103.8859169,1.3060962],[103.8858352,1.3060836],[103.885842,1.3060389],[103.8858495,1.30604],[103.8858531,1.3060163],[103.8858771,1.30602],[103.8858789,1.3060081],[103.8858376,1.3060017],[103.8857571,1.3060435],[103.8857607,1.3060503],[103.885741,1.3060605],[103.8857577,1.3060931],[103.8857394,1.3061026],[103.8857122,1.3060495],[103.885687,1.3060626],[103.8856808,1.3060504],[103.8856592,1.3060616],[103.8856483,1.3060403],[103.8856415,1.3060438],[103.8856209,1.3060037],[103.8856944,1.3059655],[103.8856965,1.3059696],[103.88575,1.3059418],[103.8857479,1.3059377],[103.8858215,1.3058995],[103.8858421,1.3059398],[103.8858353,1.3059434],[103.8858461,1.3059646],[103.8858246,1.3059758],[103.8858293,1.305985]]]}},{"type":"Feature","properties":{"type":"HDB"},"geometry":{"type":"Polygon","coordinates":[[[103.8847218,1.306132],[103.8847528,1.306066],[103.8850574,1.3062093],[103.8850203,1.3062749],[103.8847218,1.306132]]]}},{"type":"Feature","properties":{"type":"HDB"},"geometry":{"type":"Polygon","coordinates":[[[103.8842951,1.3066061],[103.8843095,1.3065743],[103.8843073,1.3065727],[103.8843272,1.3065393],[103.8843135,1.3065342],[103.8843946,1.3063666],[103.8843826,1.3063552],[103.8844196,1.3062771],[103.8844311,1.3062824],[103.884513,1.3061086],[103.8845231,1.3061131],[103.8845557,1.306045],[103.8845764,1.3060551],[103.8845744,1.3060594],[103.8846272,1.3060847],[103.8846046,1.3061321],[103.8846379,1.3061481],[103.8846246,1.3061755],[103.8845915,1.3061596],[103.8844037,1.3065602],[103.8844362,1.3065766],[103.8844231,1.3066036],[103.8843911,1.3065893],[103.8843685,1.3066369],[103.8843142,1.3066132],[103.8843129,1.306617],[103.8842951,1.3066061]]]}},{"type":"Feature","properties":{"type":"HDB"},"geometry":{"type":"Polygon","coordinates":[[[103.8858863,1.3063154],[103.8858672,1.3063564],[103.8858602,1.306353],[103.88585,1.3063747],[103.8858281,1.3063644],[103.8858224,1.3063766],[103.8857801,1.3063566],[103.8857657,1.3063913],[103.8857751,1.3063957],[103.8857549,1.3064389],[103.8856929,1.3064096],[103.8856867,1.3064223],[103.8857538,1.3064541],[103.8857473,1.306468],[103.8857727,1.30648],[103.8857438,1.3065418],[103.8856991,1.3065206],[103.8857023,1.3065137],[103.8856871,1.3065065],[103.8856894,1.3065016],[103.8856869,1.3065004],[103.8856847,1.3065053],[103.8856694,1.306498],[103.8856661,1.306505],[103.8856214,1.3064839],[103.8856503,1.3064221],[103.8856652,1.3064291],[103.8856719,1.3064148],[103.8856039,1.3063821],[103.8855985,1.3063936],[103.8856204,1.306404],[103.8856103,1.3064256],[103.8856173,1.306429],[103.8855982,1.3064699],[103.8855233,1.3064344],[103.8855285,1.3064233],[103.8854741,1.3063975],[103.8854689,1.3064086],[103.885394,1.3063732],[103.8854131,1.3063323],[103.8854201,1.3063356],[103.8854303,1.3063139],[103.8854522,1.3063243],[103.8854579,1.306312],[103.8854502,1.3063084],[103.885459,1.3062896],[103.8855347,1.3063254],[103.8855634,1.3062639],[103.8855262,1.3062832],[103.8855238,1.3062786],[103.885519,1.3062811],[103.8855145,1.3062722],[103.8854937,1.306283],[103.8854636,1.3062243],[103.8855152,1.3061975],[103.8855218,1.3062104],[103.8855753,1.3061826],[103.8855687,1.3061697],[103.8856203,1.3061429],[103.8856504,1.3062016],[103.8856297,1.3062123],[103.8856342,1.3062212],[103.8856294,1.3062237],[103.8856318,1.3062283],[103.8855876,1.3062513],[103.8855473,1.3063374],[103.8856448,1.3063835],[103.8856737,1.3063217],[103.885694,1.3063313],[103.8856999,1.3063187],[103.885676,1.3063073],[103.8856818,1.3062951],[103.8856598,1.3062847],[103.88567,1.306263],[103.885663,1.3062597],[103.8856821,1.3062188],[103.885757,1.3062542],[103.8857518,1.3062653],[103.8858062,1.3062911],[103.8858114,1.30628],[103.8858863,1.3063154]]]}},{"type":"Feature","properties":{"type":"HDB"},"geometry":{"type":"Polygon","coordinates":[[[103.8860649,1.3064148],[103.8860871,1.3063085],[103.886234,1.3063395],[103.8862117,1.3064459],[103.8860649,1.3064148]]]}},{"type":"Feature","properties":{"type":"HDB"},"geometry":{"type":"Polygon","coordinates":[[[103.8848655,1.3068686],[103.8848894,1.3068231],[103.8848536,1.306807],[103.8848683,1.3067786],[103.8849011,1.3067938],[103.8850896,1.3063923],[103.885058,1.3063762],[103.8850691,1.3063503],[103.8851024,1.3063673],[103.8851239,1.3063147],[103.8851755,1.3063405],[103.885177,1.306338],[103.8851933,1.3063438],[103.8851623,1.3064126],[103.8851719,1.3064175],[103.8850916,1.3065903],[103.885104,1.3065968],[103.8850672,1.3066748],[103.885062,1.3066685],[103.8849747,1.3068413],[103.8849654,1.3068368],[103.8849338,1.306906],[103.8849139,1.3068975],[103.8849164,1.306893],[103.8848655,1.3068686]]]}},{"type":"Feature","properties":{"type":"HDB"},"geometry":{"type":"Polygon","coordinates":[[[103.885509,1.3070018],[103.8851753,1.3068443],[103.8853467,1.3064745],[103.8856806,1.3066313],[103.885509,1.3070018]]]}},{"type":"Feature","properties":{"type":"HDB"},"geometry":{"type":"Polygon","coordinates":[[[103.8828414,1.306758],[103.8829005,1.3067502],[103.8829303,1.3067513],[103.8829598,1.3067556],[103.8830165,1.3067739],[103.882976,1.3068548],[103.8829382,1.3068436],[103.882899,1.306841],[103.8828601,1.306847],[103.8828414,1.3068531],[103.8828129,1.3067667],[103.8828414,1.306758]]]}},{"type":"Feature","properties":{"type":"HDB"},"geometry":{"type":"Polygon","coordinates":[[[103.8843709,1.3068293],[103.8843769,1.3067506],[103.8844726,1.3067608],[103.8844956,1.306668],[103.8845551,1.3066881],[103.8845287,1.3067841],[103.8846508,1.3068421],[103.8847078,1.306759],[103.8847603,1.3067952],[103.8847022,1.306872],[103.8847741,1.3069362],[103.884719,1.3069974],[103.8846762,1.3069419],[103.8846209,1.3069],[103.8845659,1.3068688],[103.88452,1.3068507],[103.8844689,1.3068367],[103.8844206,1.3068303],[103.8843709,1.3068293]]]}},{"type":"Feature","properties":{"type":"HDB"},"geometry":{"type":"Polygon","coordinates":[[[103.8850575,1.3070996],[103.8850852,1.3070398],[103.8851064,1.3070497],[103.8851106,1.3070407],[103.8851155,1.307043],[103.8851177,1.3070382],[103.885125,1.3070417],[103.885126,1.3070394],[103.8851212,1.3070371],[103.8851253,1.3070281],[103.8851042,1.3070181],[103.8851319,1.3069583],[103.8851846,1.306983],[103.8851785,1.3069961],[103.8852542,1.3070317],[103.8852603,1.3070185],[103.8853129,1.3070433],[103.8852852,1.3071031],[103.885264,1.3070932],[103.8852598,1.3071022],[103.885255,1.3070999],[103.8852533,1.3071034],[103.8853022,1.3071264],[103.8853313,1.3070637],[103.8853746,1.3070841],[103.8853674,1.3070996],[103.8854377,1.3071331],[103.8854166,1.3071786],[103.8854356,1.3071875],[103.8854286,1.3072025],[103.8854527,1.307214],[103.8854242,1.3072756],[103.8853794,1.3072545],[103.8853826,1.3072476],[103.8853673,1.3072404],[103.8853696,1.3072355],[103.8853672,1.3072343],[103.8853649,1.3072392],[103.8853496,1.3072321],[103.8853464,1.307239],[103.8853016,1.307218],[103.8853302,1.3071563],[103.8853099,1.3071468],[103.8852998,1.3071684],[103.885295,1.3071661],[103.8852759,1.3072094],[103.8851802,1.3071645],[103.8852009,1.307122],[103.8851959,1.3071196],[103.8852058,1.3070983],[103.8851656,1.3070794],[103.8851447,1.3071246],[103.8851162,1.3071112],[103.8851101,1.3071244],[103.8850575,1.3070996]]]}},{"type":"Feature","properties":{"type":"HDB"},"geometry":{"type":"Polygon","coordinates":[[[103.8830958,1.3074885],[103.8830795,1.3075267],[103.8830339,1.3075052],[103.8830377,1.307497],[103.8829596,1.3074602],[103.8829669,1.3074446],[103.8829531,1.3074381],[103.8829475,1.30745],[103.8829394,1.3074461],[103.8829377,1.3074498],[103.8828815,1.3074233],[103.8829139,1.3073537],[103.8829669,1.3073787],[103.8829725,1.3073664],[103.8830055,1.3073819],[103.8830072,1.3073783],[103.8830154,1.3073822],[103.8830137,1.3073858],[103.8830401,1.3073983],[103.883089,1.3072935],[103.8830857,1.307292],[103.8830887,1.3072854],[103.883092,1.307287],[103.8831749,1.3071094],[103.8831716,1.3071078],[103.8831746,1.3071013],[103.8831779,1.3071028],[103.8832168,1.3070194],[103.8832066,1.3070145],[103.8831968,1.3070359],[103.8831341,1.3070063],[103.883144,1.306985],[103.8831322,1.3069794],[103.8831161,1.3070138],[103.8830999,1.3070062],[103.8830935,1.3070201],[103.8831081,1.307027],[103.8830925,1.3070646],[103.8830534,1.3070461],[103.8830557,1.3070412],[103.8830273,1.3070278],[103.8830372,1.3070065],[103.8830152,1.3069961],[103.8830335,1.3069569],[103.8830213,1.3069511],[103.8830339,1.3069241],[103.8830673,1.3069398],[103.8830799,1.3069128],[103.8830465,1.3068971],[103.8830591,1.30687],[103.8830713,1.3068758],[103.8830896,1.3068366],[103.8831116,1.3068469],[103.8831216,1.3068257],[103.88315,1.3068391],[103.8831523,1.3068342],[103.8831913,1.3068526],[103.8831726,1.3068886],[103.8831578,1.3068817],[103.8831513,1.3068956],[103.8831795,1.3069089],[103.8831874,1.3068919],[103.8832346,1.3069142],[103.8832267,1.3069312],[103.8832548,1.3069445],[103.8832614,1.3069305],[103.8832466,1.3069236],[103.8832622,1.306886],[103.8833012,1.3069044],[103.8832989,1.3069093],[103.8833274,1.3069228],[103.8833175,1.3069441],[103.8833395,1.3069545],[103.8833211,1.3069937],[103.8833334,1.3069995],[103.8833207,1.3070265],[103.8832874,1.3070107],[103.8832805,1.3070254],[103.8832748,1.3070228],[103.8832707,1.3070314],[103.88331,1.3070494],[103.8832998,1.3070715],[103.8832819,1.3070631],[103.8832755,1.307077],[103.8832872,1.3070825],[103.8832834,1.3070907],[103.8832895,1.3070936],[103.8832768,1.3071206],[103.8832703,1.3071175],[103.8832359,1.3071912],[103.8832323,1.3071894],[103.8832285,1.3071976],[103.8832167,1.3071921],[103.8832102,1.307206],[103.8832257,1.3072133],[103.8832039,1.3072599],[103.8831885,1.3072526],[103.8831819,1.3072665],[103.8831938,1.3072721],[103.8831899,1.3072803],[103.8831936,1.307282],[103.8831467,1.3073827],[103.883143,1.3073809],[103.8831392,1.3073891],[103.8831274,1.3073836],[103.8831208,1.3073975],[103.8831364,1.3074048],[103.8831036,1.3074752],[103.8830906,1.3074691],[103.8830841,1.307483],[103.8830958,1.3074885]]]}},{"type":"Feature","properties":{"type":"HDB"},"geometry":{"type":"Polygon","coordinates":[[[103.8826594,1.3074298],[103.8826646,1.3074187],[103.8826235,1.307399],[103.88264,1.3073732],[103.8826631,1.3073469],[103.8826864,1.3073581],[103.882691,1.3073483],[103.8826959,1.3073507],[103.8827106,1.3073197],[103.8827062,1.3073175],[103.8827093,1.307311],[103.8827138,1.3073132],[103.8828002,1.3071313],[103.8827819,1.3071225],[103.8827719,1.3071437],[103.8827297,1.3071235],[103.8827398,1.3071022],[103.8827256,1.3070954],[103.8827093,1.3071296],[103.8826932,1.3071219],[103.8826866,1.3071357],[103.8827011,1.3071427],[103.8826853,1.3071802],[103.8826464,1.3071615],[103.8826487,1.3071566],[103.8826203,1.3071429],[103.8826304,1.3071217],[103.8826085,1.3071112],[103.8826271,1.3070721],[103.882615,1.3070662],[103.8826277,1.3070393],[103.8826606,1.3070551],[103.8826734,1.3070282],[103.8826405,1.3070124],[103.8826533,1.3069855],[103.8826655,1.3069914],[103.8826841,1.3069522],[103.882706,1.3069627],[103.8827161,1.3069415],[103.8827444,1.3069552],[103.8827468,1.3069503],[103.8827857,1.306969],[103.8827667,1.3070049],[103.8827523,1.306998],[103.8827458,1.3070119],[103.882771,1.307024],[103.8827791,1.3070071],[103.8828261,1.3070297],[103.882818,1.3070467],[103.8828432,1.3070588],[103.8828498,1.307045],[103.8828356,1.3070381],[103.8828514,1.3070006],[103.8828903,1.3070193],[103.882888,1.3070242],[103.8829163,1.3070379],[103.8829063,1.307059],[103.8829282,1.3070696],[103.8829096,1.3071087],[103.8829217,1.3071146],[103.8829089,1.3071415],[103.8828757,1.3071255],[103.8828699,1.3071377],[103.8829031,1.3071537],[103.882902,1.3071562],[103.8828995,1.307155],[103.8828914,1.3071721],[103.8828938,1.3071733],[103.8828926,1.3071757],[103.8828748,1.3071671],[103.8828683,1.307181],[103.88288,1.3071867],[103.8828761,1.3071948],[103.8828822,1.3071977],[103.8828694,1.3072247],[103.8828504,1.3072155],[103.8828387,1.30724],[103.882805,1.3072238],[103.8827946,1.3072458],[103.8828282,1.307262],[103.8828167,1.3072865],[103.8828357,1.3072956],[103.8828229,1.3073225],[103.8828168,1.3073196],[103.8828129,1.3073278],[103.8828011,1.3073221],[103.8827946,1.307336],[103.8828124,1.3073446],[103.8828112,1.307347],[103.8828088,1.3073458],[103.8828007,1.307363],[103.8828031,1.3073642],[103.8827911,1.3073894],[103.8827773,1.3073828],[103.8827657,1.3074072],[103.8827495,1.3073995],[103.882743,1.3074133],[103.8827571,1.3074202],[103.8827424,1.3074562],[103.8826962,1.3074339],[103.8826909,1.307445],[103.8826594,1.3074298]]]}},{"type":"Feature","properties":{"type":"HDB"},"geometry":{"type":"Polygon","coordinates":[[[103.8823501,1.3076233],[103.8823623,1.3076292],[103.8823809,1.3075901],[103.8824028,1.3076006],[103.8824129,1.3075794],[103.8824413,1.307593],[103.8824436,1.3075881],[103.8824825,1.3076068],[103.8824635,1.3076428],[103.8824489,1.3076358],[103.8824423,1.3076496],[103.8824585,1.3076574],[103.8824422,1.3076916],[103.8824565,1.3076985],[103.8824665,1.3076773],[103.8825087,1.3076975],[103.8824986,1.3077187],[103.8825168,1.3077275],[103.8826033,1.3075456],[103.8825988,1.3075435],[103.8826019,1.3075369],[103.8826064,1.3075391],[103.8826211,1.3075081],[103.8826162,1.3075058],[103.8826209,1.307496],[103.8825976,1.3074848],[103.8826034,1.3074503],[103.882613,1.3074211],[103.8826541,1.3074408],[103.8826594,1.3074298],[103.8826909,1.307445],[103.8826857,1.307456],[103.8827319,1.3074783],[103.8827133,1.3075123],[103.8826991,1.3075056],[103.8826925,1.3075194],[103.8827087,1.3075272],[103.8826971,1.3075517],[103.8827108,1.3075583],[103.8826882,1.3075995],[103.8826907,1.3076007],[103.8826895,1.3076032],[103.8826717,1.3075946],[103.8826651,1.3076084],[103.8826769,1.3076141],[103.882673,1.3076222],[103.8826791,1.3076252],[103.8826662,1.3076521],[103.8826472,1.3076429],[103.8826356,1.3076674],[103.8826019,1.3076512],[103.8825915,1.3076732],[103.8826251,1.3076894],[103.8826135,1.3077139],[103.8826325,1.307723],[103.8826197,1.30775],[103.8826137,1.307747],[103.8826098,1.3077552],[103.8825981,1.3077495],[103.8825915,1.3077634],[103.8826093,1.307772],[103.8826081,1.3077744],[103.8826057,1.3077733],[103.8825976,1.3077904],[103.8826,1.3077915],[103.8825988,1.307794],[103.8825656,1.307778],[103.8825598,1.3077903],[103.8825931,1.3078062],[103.8825802,1.3078332],[103.8825681,1.3078273],[103.8825495,1.3078665],[103.8825275,1.3078559],[103.8825175,1.3078771],[103.8824891,1.3078635],[103.8824868,1.3078684],[103.8824479,1.3078497],[103.8824669,1.3078137],[103.8824812,1.3078206],[103.8824878,1.3078067],[103.8824626,1.3077946],[103.8824545,1.3078115],[103.8824075,1.3077889],[103.8824155,1.307772],[103.8823903,1.3077599],[103.8823837,1.3077737],[103.882398,1.3077806],[103.8823822,1.307818],[103.8823433,1.3077994],[103.8823456,1.3077944],[103.8823172,1.3077808],[103.8823273,1.3077596],[103.8823054,1.3077491],[103.882324,1.30771],[103.8823118,1.3077041],[103.8823246,1.3076772],[103.8823574,1.307693],[103.8823702,1.307666],[103.8823374,1.3076502],[103.8823501,1.3076233]]]}},{"type":"Feature","properties":{"type":"HDB"},"geometry":{"type":"Polygon","coordinates":[[[103.884915,1.3076643],[103.8850282,1.3077174],[103.8849906,1.3077985],[103.8850064,1.3078127],[103.8850273,1.3078157],[103.8850649,1.3077346],[103.8851781,1.3077877],[103.8851553,1.3078369],[103.8851457,1.3078324],[103.8851431,1.3078382],[103.885127,1.3078306],[103.885123,1.3078392],[103.8851202,1.3078379],[103.8851166,1.3078457],[103.8851369,1.3078552],[103.8851175,1.307897],[103.8850956,1.3078867],[103.8850908,1.3079044],[103.8851085,1.3079128],[103.8851059,1.3079185],[103.8851154,1.307923],[103.885098,1.3079607],[103.8850735,1.3079492],[103.8850682,1.3079607],[103.8850193,1.3079378],[103.8850349,1.3079042],[103.8850154,1.307895],[103.8850045,1.3079163],[103.8849825,1.307906],[103.8849969,1.307875],[103.8849789,1.3078666],[103.8849669,1.3078926],[103.8849311,1.3078758],[103.884938,1.3078587],[103.8849184,1.3078495],[103.8849027,1.307883],[103.8848538,1.3078601],[103.8848591,1.3078486],[103.8848349,1.3078372],[103.8848523,1.3077995],[103.8848619,1.307804],[103.8848646,1.3077983],[103.8848823,1.3078066],[103.8848863,1.307798],[103.8848891,1.3077993],[103.8848927,1.3077915],[103.8848707,1.3077812],[103.8848901,1.3077394],[103.8849105,1.307749],[103.8849141,1.3077412],[103.8849112,1.3077398],[103.8849152,1.3077312],[103.8848991,1.3077237],[103.8849023,1.3077181],[103.8848922,1.3077135],[103.884915,1.3076643]]]}},{"type":"Feature","properties":{"type":"HDB"},"geometry":{"type":"Polygon","coordinates":[[[103.8848099,1.307615],[103.884915,1.3076643],[103.8848922,1.3077135],[103.8848743,1.307705],[103.8847816,1.307905],[103.8847719,1.3079005],[103.8847029,1.3080492],[103.8846687,1.3080332],[103.8846634,1.3080447],[103.8846202,1.3080244],[103.8848099,1.307615]]]}},{"type":"Feature","properties":{"type":"HDB"},"geometry":{"type":"Polygon","coordinates":[[[103.8826068,1.308013],[103.8825869,1.3080485],[103.8825725,1.3080411],[103.8825656,1.3080548],[103.8825815,1.308063],[103.8825644,1.3080968],[103.882576,1.3081028],[103.8825866,1.3080818],[103.8826483,1.3081134],[103.8826377,1.3081344],[103.8826477,1.3081395],[103.8826893,1.3080574],[103.882686,1.3080557],[103.8826893,1.3080492],[103.8826925,1.3080509],[103.882781,1.3078761],[103.8827778,1.3078745],[103.8827811,1.307868],[103.8827843,1.3078696],[103.8828365,1.3077665],[103.8828105,1.3077532],[103.8828087,1.3077568],[103.8828006,1.3077527],[103.8828024,1.3077491],[103.8827701,1.3077325],[103.8827762,1.3077204],[103.8827241,1.3076937],[103.8827588,1.3076252],[103.882814,1.3076536],[103.8828122,1.3076572],[103.8828202,1.3076613],[103.8828143,1.307673],[103.8828279,1.30768],[103.8828357,1.3076647],[103.8829125,1.307704],[103.8829166,1.307696],[103.8829615,1.307719],[103.8829415,1.3077554],[103.88293,1.3077495],[103.882923,1.3077632],[103.8829358,1.3077697],[103.8829007,1.307839],[103.8828855,1.3078312],[103.8828786,1.3078449],[103.8828902,1.3078508],[103.8828861,1.3078589],[103.8828897,1.3078608],[103.8828395,1.3079598],[103.8828359,1.307958],[103.8828318,1.307966],[103.8828202,1.3079601],[103.8828133,1.3079738],[103.8828285,1.3079815],[103.8828052,1.3080275],[103.88279,1.3080197],[103.8827831,1.3080334],[103.8827947,1.3080393],[103.8827906,1.3080474],[103.8827943,1.3080492],[103.8827575,1.3081217],[103.882764,1.308125],[103.8827505,1.3081516],[103.8827445,1.3081485],[103.8827404,1.3081565],[103.8827288,1.3081507],[103.8827219,1.3081643],[103.8827394,1.3081734],[103.8827285,1.3081951],[103.8826902,1.308175],[103.8826859,1.3081835],[103.8826915,1.3081863],[103.8826842,1.3082008],[103.882717,1.3082176],[103.8827036,1.3082442],[103.8826916,1.308238],[103.882672,1.3082767],[103.8826504,1.3082656],[103.8826397,1.3082866],[103.8826117,1.3082722],[103.8826092,1.3082771],[103.8825708,1.3082574],[103.8825908,1.3082219],[103.8826053,1.3082294],[103.8826122,1.3082157],[103.8825845,1.3082015],[103.882576,1.3082182],[103.8825296,1.3081944],[103.8825381,1.3081777],[103.8825103,1.3081634],[103.8825034,1.3081772],[103.8825179,1.3081846],[103.8825012,1.3082217],[103.8824627,1.308202],[103.8824652,1.3081971],[103.8824371,1.3081828],[103.8824478,1.3081618],[103.8824261,1.3081507],[103.8824457,1.3081121],[103.8824337,1.308106],[103.8824471,1.3080794],[103.8824799,1.3080962],[103.8824934,1.3080696],[103.8824606,1.3080528],[103.8824741,1.3080262],[103.8824861,1.3080323],[103.8825057,1.3079937],[103.8825273,1.3080047],[103.8825379,1.3079838],[103.8825659,1.3079982],[103.8825684,1.3079933],[103.8826068,1.308013]]]}},{"type":"Feature","properties":{"type":"HDB"},"geometry":{"type":"Polygon","coordinates":[[[103.883636,1.308033],[103.8836897,1.3080605],[103.8836742,1.3080911],[103.8836886,1.3080985],[103.8836736,1.3081283],[103.8836707,1.3081269],[103.8836667,1.3081349],[103.8836494,1.3081261],[103.8836426,1.3081398],[103.8836578,1.3081476],[103.8836186,1.3082249],[103.8836266,1.308229],[103.8836038,1.3082741],[103.8835675,1.308254],[103.8835734,1.3082424],[103.8835598,1.3082355],[103.8835533,1.3082483],[103.8835309,1.3082368],[103.8835186,1.3082609],[103.8834722,1.3082372],[103.8834799,1.3082219],[103.8834663,1.3082149],[103.8834604,1.3082266],[103.8834524,1.3082225],[103.8834505,1.3082261],[103.8833521,1.3081756],[103.8833539,1.308172],[103.8833459,1.3081679],[103.8833518,1.3081562],[103.8833381,1.3081492],[103.8833304,1.3081645],[103.8832848,1.3081412],[103.8832925,1.3081259],[103.8832789,1.3081189],[103.883273,1.3081306],[103.883265,1.3081265],[103.8832632,1.3081301],[103.8831911,1.3080932],[103.8831878,1.3080996],[103.8831614,1.3080861],[103.8831644,1.30808],[103.8831564,1.3080759],[103.8831623,1.3080643],[103.8831487,1.3080573],[103.8831398,1.308075],[103.8831181,1.3080639],[103.8831377,1.3080253],[103.8831297,1.3080212],[103.883126,1.3080284],[103.8831116,1.308021],[103.8830957,1.3080525],[103.8830452,1.3080266],[103.8830616,1.3079944],[103.8830263,1.3079763],[103.8830406,1.3079481],[103.8830358,1.3079457],[103.8830553,1.307907],[103.8830906,1.3079271],[103.8830831,1.3079416],[103.8830968,1.3079486],[103.8831115,1.3079195],[103.8830949,1.307911],[103.8831185,1.3078643],[103.8831352,1.3078728],[103.8831499,1.3078437],[103.8831363,1.3078367],[103.8831289,1.3078514],[103.8830921,1.3078345],[103.8831116,1.3077958],[103.8831164,1.3077983],[103.8831307,1.3077701],[103.8831659,1.3077881],[103.8831823,1.3077559],[103.8832327,1.3077818],[103.8832168,1.3078132],[103.8832432,1.3078267],[103.8832591,1.3077953],[103.8833096,1.3078212],[103.8832933,1.3078534],[103.8833285,1.3078714],[103.8833143,1.3078997],[103.883319,1.3079021],[103.8832995,1.3079408],[103.8832634,1.3079203],[103.8832708,1.3079057],[103.8832572,1.3078987],[103.883249,1.3079149],[103.8832162,1.3078981],[103.8832096,1.307911],[103.8832305,1.3079216],[103.8831991,1.3079837],[103.8831782,1.307973],[103.8831734,1.3079826],[103.8832551,1.3080245],[103.8832569,1.3080209],[103.8832633,1.3080242],[103.8832615,1.3080278],[103.8834353,1.3081168],[103.8834371,1.3081132],[103.8834435,1.3081165],[103.8834417,1.3081201],[103.8835442,1.3081726],[103.8835695,1.3081227],[103.8835659,1.3081208],[103.88357,1.3081128],[103.8835735,1.3081146],[103.8835903,1.3080816],[103.8836071,1.3080902],[103.883636,1.308033]]]}},{"type":"Feature","properties":{"type":"HDB"},"geometry":{"type":"Polygon","coordinates":[[[103.8846202,1.3080244],[103.8846634,1.3080447],[103.8846687,1.3080332],[103.8847176,1.3080561],[103.884702,1.3080897],[103.8847216,1.3080989],[103.8847325,1.3080776],[103.8847545,1.3080879],[103.8847401,1.3081189],[103.884758,1.3081273],[103.8847701,1.3081013],[103.8848059,1.3081181],[103.884799,1.3081352],[103.8848185,1.3081444],[103.8848343,1.3081109],[103.8848832,1.3081338],[103.8848778,1.3081453],[103.8848979,1.3081547],[103.8848818,1.3081932],[103.884875,1.30819],[103.8848724,1.3081958],[103.8848546,1.3081877],[103.8848443,1.308203],[103.8848665,1.308213],[103.8848477,1.308255],[103.8848272,1.3082458],[103.8848238,1.3082536],[103.8848266,1.3082549],[103.8848228,1.3082636],[103.884839,1.3082709],[103.8848359,1.3082765],[103.884846,1.3082811],[103.8848266,1.3083248],[103.8848019,1.3083137],[103.8847994,1.3083195],[103.8847502,1.3082973],[103.884763,1.3082684],[103.8847219,1.3082523],[103.8847463,1.3081975],[103.8847304,1.3081836],[103.8847094,1.3081808],[103.8846848,1.3082361],[103.8846753,1.3082288],[103.8846451,1.3082152],[103.8846335,1.3082409],[103.8845851,1.3082191],[103.8845877,1.3082133],[103.8845611,1.3082013],[103.8845816,1.308157],[103.8845912,1.3081615],[103.8845939,1.3081557],[103.88461,1.3081633],[103.8846139,1.3081547],[103.8846168,1.308156],[103.8846204,1.3081482],[103.8846,1.3081387],[103.8846194,1.3080969],[103.8846414,1.3081072],[103.884645,1.3080994],[103.8846422,1.3080981],[103.8846461,1.3080894],[103.8846284,1.3080811],[103.8846311,1.3080754],[103.8846215,1.3080709],[103.8846223,1.3080692],[103.8846036,1.3080604],[103.8846202,1.3080244]]]}},{"type":"Feature","properties":{"type":"HDB"},"geometry":{"type":"Polygon","coordinates":[[[103.8848073,1.3085238],[103.8849043,1.3083144],[103.8849858,1.3083526],[103.8848888,1.308562],[103.8848073,1.3085238]]]}},{"type":"Feature","properties":{"type":"HDB"},"geometry":{"type":"Polygon","coordinates":[[[103.8850084,1.3085293],[103.8851362,1.3082513],[103.8856947,1.3085119],[103.8855808,1.3087579],[103.8853144,1.3086329],[103.8852992,1.3086657],[103.8850084,1.3085293]]]}},{"type":"Feature","properties":{"type":"HDB"},"geometry":{"type":"Polygon","coordinates":[[[103.8832503,1.3082711],[103.8829203,1.3089229],[103.8826552,1.3087869],[103.8829851,1.3081352],[103.8832503,1.3082711]]]}},{"type":"Feature","properties":{"type":"HDB"},"geometry":{"type":"Polygon","coordinates":[[[103.8825197,1.3085652],[103.8825176,1.3085841],[103.8824335,1.3085749],[103.8824357,1.3085514],[103.8823865,1.3085458],[103.8823837,1.3085695],[103.8822992,1.3085607],[103.8823022,1.3085358],[103.8822793,1.308533],[103.8822762,1.3085585],[103.8822081,1.3085513],[103.8821989,1.30854],[103.8821999,1.3085294],[103.882197,1.308526],[103.8821566,1.3085584],[103.8821584,1.3085621],[103.8821687,1.3085631],[103.8821788,1.3085748],[103.8821717,1.3086437],[103.8821478,1.3086411],[103.8821458,1.3086642],[103.8821692,1.3086666],[103.8821606,1.3087516],[103.8821334,1.3087489],[103.882132,1.3087614],[103.882128,1.3087619],[103.8820938,1.3087581],[103.8820922,1.3087706],[103.8820194,1.3087631],[103.8820276,1.3086943],[103.8820321,1.308695],[103.8820569,1.3084992],[103.8820881,1.3084734],[103.8820755,1.3084537],[103.882109,1.3084274],[103.8821241,1.3084453],[103.8821571,1.3084174],[103.8821559,1.3084143],[103.882245,1.3084221],[103.8822452,1.3084185],[103.8823556,1.3084303],[103.8823545,1.3084351],[103.8825562,1.3084548],[103.8825493,1.3085231],[103.8825369,1.3085227],[103.8825197,1.3085652]]]}},{"type":"Feature","properties":{"type":"HDB"},"geometry":{"type":"Polygon","coordinates":[[[103.8844828,1.3085935],[103.8844603,1.3086378],[103.8844925,1.3086529],[103.8844942,1.3086492],[103.884499,1.3086515],[103.8844973,1.3086552],[103.8845329,1.3086719],[103.8845495,1.3086363],[103.8845458,1.3086345],[103.8845481,1.3086296],[103.8845179,1.3086155],[103.8845278,1.3085942],[103.8845482,1.3086037],[103.8845518,1.3085959],[103.8845489,1.3085946],[103.8845529,1.308586],[103.8845368,1.3085784],[103.8845395,1.3085727],[103.8845299,1.3085682],[103.8845508,1.3085231],[103.8845573,1.3085262],[103.8845585,1.3085237],[103.8845723,1.3085302],[103.8845712,1.3085327],[103.8845752,1.3085346],[103.8845768,1.3085313],[103.8845833,1.3085344],[103.8845844,1.3085319],[103.8845983,1.3085384],[103.8845971,1.3085409],[103.8846203,1.3085487],[103.8846191,1.3085512],[103.8846256,1.3085542],[103.8846209,1.3085644],[103.884647,1.3085766],[103.8846479,1.3085747],[103.8846494,1.3085778],[103.8846755,1.30859],[103.8846802,1.3085799],[103.8846867,1.3085829],[103.8846879,1.3085804],[103.8847017,1.3085869],[103.8847006,1.3085894],[103.8847237,1.3085973],[103.8847226,1.3085997],[103.8847291,1.3086028],[103.8847276,1.3086061],[103.8847316,1.308608],[103.8847328,1.3086055],[103.8847466,1.308612],[103.8847455,1.3086145],[103.884752,1.3086175],[103.8847311,1.3086626],[103.8847215,1.3086581],[103.8847189,1.3086639],[103.8847028,1.3086563],[103.8846988,1.3086649],[103.884696,1.3086636],[103.8846924,1.3086714],[103.8847127,1.3086809],[103.8847028,1.3087022],[103.8846678,1.3086858],[103.8846583,1.3087063],[103.8846249,1.3086906],[103.8846181,1.3087054],[103.8846824,1.3087356],[103.8846726,1.3087569],[103.8846546,1.3087485],[103.884651,1.3087563],[103.8846539,1.3087576],[103.8846499,1.3087662],[103.8846635,1.3087726],[103.8846609,1.3087783],[103.8846745,1.3087847],[103.8846586,1.3088192],[103.8846521,1.3088161],[103.8846509,1.3088186],[103.8846371,1.3088121],[103.8846382,1.3088096],[103.8846341,1.3088077],[103.8846277,1.3088216],[103.8846212,1.3088186],[103.88462,1.308821],[103.8846062,1.3088145],[103.8846073,1.3088121],[103.8845842,1.3088042],[103.8845853,1.3088018],[103.8845788,1.3087987],[103.8845929,1.3087684],[103.8845375,1.3087424],[103.8845561,1.3087022],[103.884539,1.3086942],[103.8845304,1.3087126],[103.8845101,1.3087031],[103.8845065,1.3087109],[103.8845093,1.3087122],[103.8845053,1.3087208],[103.8845214,1.3087284],[103.8845188,1.3087341],[103.88453,1.3087394],[103.884511,1.3087803],[103.8845045,1.3087773],[103.8845033,1.3087797],[103.8844895,1.3087733],[103.8844906,1.3087708],[103.8844865,1.3087689],[103.8844827,1.3087771],[103.8844762,1.308774],[103.8844751,1.3087765],[103.8844612,1.30877],[103.8844624,1.3087675],[103.8844392,1.3087597],[103.8844404,1.3087572],[103.8844339,1.3087541],[103.8844492,1.3087209],[103.8844297,1.3087118],[103.8844287,1.3087138],[103.8844273,1.3087106],[103.8844077,1.3087015],[103.8843923,1.3087347],[103.8843858,1.3087316],[103.8843847,1.3087341],[103.8843638,1.3087213],[103.8843627,1.3087237],[103.8843488,1.3087172],[103.88435,1.3087148],[103.8843435,1.3087117],[103.8843476,1.3087027],[103.8843436,1.3087008],[103.8843424,1.3087032],[103.8843286,1.3086968],[103.8843297,1.3086943],[103.8843232,1.3086912],[103.8843418,1.3086511],[103.8843538,1.3086567],[103.8843565,1.308651],[103.8843717,1.3086581],[103.8843757,1.3086495],[103.8843786,1.3086509],[103.8843822,1.3086431],[103.8843626,1.3086339],[103.884382,1.3085921],[103.8844016,1.3086013],[103.8844052,1.3085935],[103.8844023,1.3085922],[103.8844063,1.3085835],[103.884391,1.3085764],[103.8843937,1.3085706],[103.8843817,1.308565],[103.8844001,1.3085248],[103.8844068,1.3085279],[103.8844079,1.3085254],[103.8844218,1.3085319],[103.8844206,1.3085344],[103.8844247,1.3085363],[103.8844289,1.3085273],[103.8844354,1.3085303],[103.8844366,1.3085279],[103.8844504,1.3085344],[103.8844493,1.3085368],[103.8844724,1.3085447],[103.8844713,1.3085472],[103.8844778,1.3085502],[103.8844607,1.308583],[103.8844828,1.3085935]]]}},{"type":"Feature","properties":{"type":"HDB"},"geometry":{"type":"Polygon","coordinates":[[[103.8868408,1.3086866],[103.8868508,1.308632],[103.8868395,1.3086292],[103.886851,1.3085779],[103.8869004,1.3085885],[103.8869058,1.3085615],[103.8869283,1.3085661],[103.8869245,1.3085849],[103.8869467,1.3085913],[103.8869608,1.3085923],[103.8869646,1.3085735],[103.8869871,1.3085781],[103.8869816,1.308605],[103.8870078,1.3086104],[103.8870132,1.3085834],[103.8870357,1.308588],[103.8870319,1.3086067],[103.8870453,1.3086114],[103.8870682,1.3086141],[103.887072,1.3085953],[103.8870945,1.3085999],[103.887089,1.3086269],[103.8871152,1.3086322],[103.8871206,1.3086052],[103.8871431,1.3086098],[103.8871393,1.3086286],[103.8871614,1.308635],[103.8871756,1.308636],[103.8871794,1.3086172],[103.8872019,1.3086218],[103.8871964,1.3086488],[103.8872105,1.3086517],[103.8872098,1.308655],[103.8872346,1.3086601],[103.8872353,1.3086567],[103.8872494,1.3086596],[103.8872548,1.3086326],[103.8872773,1.3086371],[103.8872735,1.3086559],[103.8872869,1.3086606],[103.8873098,1.3086633],[103.8873136,1.3086445],[103.887336,1.3086491],[103.8873306,1.3086761],[103.8873568,1.3086814],[103.8873622,1.3086544],[103.8873847,1.308659],[103.8873808,1.308678],[103.8874006,1.3086835],[103.8873798,1.3087876],[103.8873779,1.3087873],[103.8873788,1.3087833],[103.8872398,1.3087556],[103.8872282,1.3088136],[103.8871565,1.3087985],[103.8871681,1.308741],[103.8868763,1.3086817],[103.8868737,1.3086935],[103.8868408,1.3086866]]]}},{"type":"Feature","properties":{"type":"LANDMARK"},"geometry":{"type":"Polygon","coordinates":[[[103.8818324,1.3101525],[103.8818298,1.3101642],[103.8818124,1.3101603],[103.8818105,1.3101687],[103.8817683,1.3101592],[103.8817701,1.3101507],[103.8817528,1.3101468],[103.8817554,1.3101352],[103.881609,1.3101022],[103.8816289,1.3100126],[103.8814983,1.3099832],[103.8815557,1.3097258],[103.88167,1.3097515],[103.8816814,1.3097005],[103.8816926,1.309703],[103.8817108,1.3096216],[103.8820857,1.3097061],[103.8820572,1.3098341],[103.8821793,1.3098616],[103.8821223,1.3101174],[103.8819964,1.310089],[103.8819751,1.3101847],[103.8818324,1.3101525]]]}},{"type":"Feature","properties":{"type":"HDB"},"geometry":{"type":"Polygon","coordinates":[[[103.8783428,1.3161985],[103.8783276,1.3162139],[103.878309,1.316225],[103.8782882,1.3162311],[103.8782666,1.3162316],[103.8782455,1.3162267],[103.8782264,1.3162167],[103.8782103,1.3162021],[103.8781984,1.3161839],[103.8781915,1.3161633],[103.8781899,1.3161416],[103.8781968,1.3160177],[103.8782129,1.3160201],[103.8782165,1.3159959],[103.8787297,1.3160738],[103.8787229,1.3161191],[103.8787009,1.3161156],[103.878676,1.3162153],[103.878667,1.3162377],[103.8786521,1.3162567],[103.8786326,1.3162707],[103.8786099,1.3162787],[103.8785859,1.3162801],[103.8785625,1.3162746],[103.8785415,1.3162628],[103.8785247,1.3162456],[103.8785132,1.3162243],[103.8785053,1.3162231],[103.8784889,1.3163334],[103.8783344,1.3163093],[103.8783507,1.3161997],[103.8783428,1.3161985]]]}},{"type":"Feature","properties":{"type":"HDB"},"geometry":{"type":"Polygon","coordinates":[[[103.8787882,1.3162401],[103.8788111,1.3161546],[103.8789141,1.3161824],[103.8789045,1.3162183],[103.8789312,1.3162254],[103.8789408,1.3161896],[103.8790436,1.3162174],[103.8790207,1.3163034],[103.8789621,1.3162875],[103.8789521,1.3163248],[103.8790107,1.3163408],[103.8789879,1.3164264],[103.8787551,1.3163631],[103.878778,1.3162778],[103.8788364,1.3162938],[103.8788465,1.3162561],[103.8787882,1.3162401]]]}},{"type":"Feature","properties":{"type":"HDB"},"geometry":{"type":"Polygon","coordinates":[[[103.8767763,1.316342],[103.8767979,1.3163479],[103.8767949,1.3163485],[103.8767899,1.3163724],[103.8767727,1.3163658],[103.8767714,1.3163705],[103.8767503,1.3163648],[103.8767311,1.3164362],[103.8767522,1.316442],[103.8767509,1.3164467],[103.8767691,1.3164497],[103.8767615,1.316473],[103.8767637,1.316475],[103.8767421,1.3164691],[103.8767341,1.316499],[103.8767557,1.3165049],[103.8767527,1.3165055],[103.8767477,1.3165294],[103.8767305,1.3165228],[103.87673,1.3165246],[103.8767056,1.316518],[103.8766943,1.3165586],[103.8766956,1.3165621],[103.8766131,1.3165398],[103.876616,1.3165374],[103.8766334,1.3164722],[103.8765876,1.3164598],[103.8765947,1.3164322],[103.8766237,1.3164402],[103.8766579,1.3163104],[103.8766295,1.3163024],[103.8766367,1.3162752],[103.876666,1.3162829],[103.8767013,1.3161495],[103.8767987,1.3161754],[103.8768058,1.3161495],[103.8768881,1.3161723],[103.8768963,1.3161439],[103.8769232,1.3161512],[103.8769154,1.3161799],[103.8770465,1.3162151],[103.8770542,1.3161861],[103.8770815,1.3161936],[103.8770737,1.3162231],[103.8772025,1.3162581],[103.8772102,1.3162288],[103.8772372,1.316236],[103.8772295,1.3162655],[103.8773586,1.3163001],[103.8773663,1.3162713],[103.8773937,1.3162788],[103.8773857,1.3163081],[103.8775148,1.3163427],[103.8775226,1.3163147],[103.8775497,1.3163222],[103.8775419,1.3163502],[103.8776698,1.3163859],[103.8776783,1.3163563],[103.8777063,1.3163638],[103.8776939,1.3164098],[103.8777582,1.3164278],[103.8777617,1.3164265],[103.8777392,1.3165096],[103.877737,1.3165067],[103.8776963,1.3164958],[103.8776848,1.3165384],[103.8776622,1.3165304],[103.8776602,1.3165327],[103.8776653,1.3165135],[103.8776356,1.3165054],[103.8776305,1.3165246],[103.8776299,1.3165216],[103.8776061,1.3165165],[103.8776127,1.3164992],[103.877608,1.3164979],[103.8776137,1.3164766],[103.8775427,1.3164573],[103.877537,1.3164786],[103.8775324,1.3164773],[103.8775293,1.3164956],[103.8775062,1.3164879],[103.8775042,1.3164902],[103.8775094,1.3164711],[103.8774797,1.316463],[103.8774745,1.3164821],[103.8774739,1.3164791],[103.8774502,1.3164741],[103.8774567,1.3164567],[103.877452,1.3164554],[103.8774577,1.3164342],[103.8773868,1.3164148],[103.877381,1.3164361],[103.8773764,1.3164348],[103.8773733,1.3164531],[103.8773503,1.3164454],[103.8773483,1.3164477],[103.8773534,1.3164286],[103.8773237,1.3164205],[103.8773186,1.3164396],[103.877318,1.3164366],[103.8772942,1.3164316],[103.8773007,1.3164142],[103.877296,1.316413],[103.8773018,1.3163917],[103.8772308,1.3163724],[103.8772251,1.3163936],[103.8772204,1.3163924],[103.8772173,1.3164107],[103.8771943,1.316403],[103.8771923,1.3164052],[103.8771974,1.3163861],[103.8771677,1.316378],[103.8771626,1.3163971],[103.877162,1.3163942],[103.8771382,1.3163891],[103.8771447,1.3163718],[103.8771401,1.3163705],[103.8771458,1.3163492],[103.8770748,1.3163299],[103.8770691,1.3163512],[103.8770644,1.3163499],[103.8770614,1.3163682],[103.8770383,1.3163605],[103.8770363,1.3163628],[103.8770414,1.3163436],[103.8770117,1.3163355],[103.8770053,1.3163543],[103.877006,1.3163517],[103.8769822,1.3163466],[103.8769888,1.3163293],[103.8769841,1.316328],[103.8769898,1.3163067],[103.8769164,1.3162867],[103.8769107,1.316308],[103.876906,1.3163068],[103.876903,1.316325],[103.8768799,1.3163174],[103.8768779,1.3163196],[103.876883,1.3163005],[103.8768533,1.3162924],[103.8768482,1.3163115],[103.8768476,1.3163086],[103.8768252,1.3163053],[103.8768303,1.3162862],[103.8768257,1.3162849],[103.8768314,1.3162636],[103.8767811,1.3162499],[103.8767733,1.3162792],[103.8767944,1.316285],[103.8767931,1.3162897],[103.8768113,1.3162927],[103.8768037,1.316316],[103.8768059,1.316318],[103.8767843,1.3163121],[103.8767763,1.316342]]]}},{"type":"Feature","properties":{"type":"HDB"},"geometry":{"type":"Polygon","coordinates":[[[103.8783432,1.3166026],[103.8782391,1.3165741],[103.8782622,1.3164883],[103.8783211,1.3165044],[103.8783312,1.3164671],[103.8782722,1.3164509],[103.8782953,1.3163653],[103.8785276,1.3164289],[103.8785045,1.3165145],[103.8784459,1.3164984],[103.8784358,1.316536],[103.8784945,1.316552],[103.8784713,1.3166377],[103.8783702,1.31661],[103.8783801,1.3165724],[103.8783537,1.316565],[103.8783432,1.3166026]]]}},{"type":"Feature","properties":{"type":"HDB"},"geometry":{"type":"Polygon","coordinates":[[[103.8798266,1.3166619],[103.8798008,1.316655],[103.8798015,1.3166523],[103.8797888,1.3166488],[103.879785,1.3166711],[103.8797972,1.3166744],[103.8797982,1.3166708],[103.879825,1.3166781],[103.8798248,1.3166851],[103.8798074,1.3167436],[103.8798093,1.3167441],[103.8797963,1.316793],[103.8797943,1.3167925],[103.8797924,1.3167995],[103.8797654,1.3167922],[103.8797665,1.3167883],[103.8797541,1.316785],[103.8797508,1.3167973],[103.8797283,1.3167913],[103.8797374,1.3167573],[103.8797148,1.3167512],[103.8797158,1.3167472],[103.8797189,1.3167481],[103.8797277,1.3167153],[103.87971,1.3167106],[103.8797058,1.3167266],[103.8796942,1.3167235],[103.8796908,1.3167365],[103.8796951,1.3167377],[103.8796879,1.3167647],[103.87968,1.3167644],[103.8796325,1.3167516],[103.879633,1.3167497],[103.8795729,1.3167356],[103.8795735,1.3167335],[103.8795672,1.3167318],[103.8795747,1.3167038],[103.8795779,1.3167047],[103.879581,1.3166932],[103.8795695,1.3166901],[103.8795701,1.3166878],[103.8795602,1.3166851],[103.8795569,1.3166976],[103.8795598,1.3166984],[103.879553,1.3167238],[103.8795466,1.316722],[103.879546,1.3167243],[103.8795235,1.3167158],[103.8795264,1.3167049],[103.879474,1.3166908],[103.8794711,1.3167017],[103.8794649,1.3167],[103.8794643,1.3167023],[103.8794202,1.316688],[103.8794196,1.3166902],[103.8793978,1.3166819],[103.8794007,1.316671],[103.8793489,1.3166571],[103.8793462,1.3166673],[103.8793385,1.3166652],[103.8793378,1.3166681],[103.8793208,1.3166636],[103.8793216,1.3166607],[103.879316,1.3166591],[103.8793229,1.3166333],[103.8793259,1.3166341],[103.8793291,1.3166223],[103.8793172,1.3166191],[103.8793209,1.3166054],[103.8793039,1.3166008],[103.8793058,1.3165939],[103.8792855,1.3165884],[103.8792816,1.3166031],[103.8793013,1.3166084],[103.8792848,1.3166701],[103.8792334,1.3166578],[103.8792299,1.3166553],[103.8792335,1.3166417],[103.8791756,1.3166261],[103.8791719,1.3166398],[103.8791675,1.3166401],[103.8791168,1.316625],[103.8791336,1.3165621],[103.879154,1.3165676],[103.8791579,1.3165529],[103.8791957,1.3165631],[103.8791992,1.3165499],[103.8791616,1.3165398],[103.8791658,1.3165243],[103.8791447,1.3165186],[103.8791612,1.3164564],[103.8792176,1.3164716],[103.879214,1.3164854],[103.8792419,1.3164929],[103.8792456,1.3164792],[103.8792689,1.3164855],[103.8792651,1.3164998],[103.8792933,1.3165074],[103.8792971,1.3164931],[103.8793524,1.316508],[103.8793355,1.3165713],[103.8793145,1.3165657],[103.8793107,1.3165799],[103.879406,1.3166056],[103.8794098,1.3165915],[103.8793891,1.3165859],[103.8794056,1.3165239],[103.8794616,1.3165389],[103.8794581,1.3165518],[103.8795157,1.3165673],[103.8795191,1.3165544],[103.879575,1.3165695],[103.8795585,1.3166314],[103.8795371,1.3166256],[103.8795332,1.3166402],[103.8795706,1.3166503],[103.8795722,1.3166441],[103.8795773,1.3166455],[103.8795963,1.316574],[103.8796354,1.3165846],[103.8796292,1.3166081],[103.8796494,1.3166136],[103.8796512,1.3166067],[103.8796433,1.3166046],[103.8796464,1.3165931],[103.8797056,1.316609],[103.8796859,1.316683],[103.8797372,1.3166968],[103.87974,1.3166862],[103.8797357,1.316685],[103.879737,1.3166802],[103.879743,1.3166819],[103.8797765,1.3165557],[103.8797707,1.3165541],[103.8797722,1.3165482],[103.8797781,1.3165498],[103.8797852,1.3165231],[103.8797633,1.3165172],[103.8797663,1.3165062],[103.8797642,1.3165056],[103.8797809,1.3164498],[103.8797459,1.3164403],[103.8797465,1.3164381],[103.8797408,1.3164366],[103.8797442,1.3164241],[103.8797235,1.3164185],[103.8797398,1.3163572],[103.8797457,1.3163588],[103.8797463,1.3163566],[103.8797922,1.316369],[103.8797917,1.3163711],[103.879796,1.3163723],[103.8797932,1.3163829],[103.8798173,1.3163894],[103.8798166,1.3163917],[103.8798507,1.3163984],[103.8798535,1.3163878],[103.8799086,1.3164027],[103.8798922,1.3164644],[103.8798717,1.3164589],[103.8798683,1.3164716],[103.87988,1.3164748],[103.8798782,1.3164815],[103.8798801,1.316482],[103.8798672,1.3165303],[103.8798648,1.3165297],[103.8798629,1.3165371],[103.8798362,1.3165299],[103.8798373,1.3165257],[103.8798252,1.3165225],[103.8798222,1.3165336],[103.8798204,1.3165331],[103.8798174,1.3165441],[103.8798294,1.3165473],[103.8798303,1.3165439],[103.8798566,1.316551],[103.8798524,1.3165738],[103.8798506,1.3165733],[103.8798485,1.316581],[103.8798383,1.3165783],[103.8798311,1.3165993],[103.8798247,1.3166305],[103.8798342,1.3166331],[103.8798266,1.3166619]]]}},{"type":"Feature","properties":{"type":"HDB"},"geometry":{"type":"Polygon","coordinates":[[[103.8847499,1.3087569],[103.8847693,1.3087151],[103.8847888,1.3087243],[103.8847924,1.3087165],[103.8847896,1.3087152],[103.8847935,1.3087066],[103.8847783,1.3086994],[103.8847809,1.3086937],[103.8847689,1.308688],[103.8847874,1.3086478],[103.884794,1.3086509],[103.8847952,1.3086485],[103.884809,1.308655],[103.8848079,1.3086574],[103.884812,1.3086593],[103.8848161,1.3086503],[103.8848227,1.3086534],[103.8848238,1.3086509],[103.8848376,1.3086574],[103.8848365,1.3086599],[103.8848596,1.3086677],[103.8848585,1.3086702],[103.884865,1.3086733],[103.8848494,1.3087069],[103.8848714,1.3087172],[103.8848506,1.3087623],[103.8848831,1.3087776],[103.8848849,1.3087739],[103.8848897,1.3087762],[103.884888,1.3087799],[103.8849202,1.308795],[103.8849367,1.3087593],[103.884933,1.3087576],[103.8849353,1.3087527],[103.8849052,1.3087385],[103.8849151,1.3087172],[103.8849354,1.3087268],[103.884939,1.308719],[103.8849362,1.3087176],[103.8849402,1.308709],[103.8849241,1.3087015],[103.8849267,1.3086957],[103.8849172,1.3086912],[103.8849381,1.3086462],[103.8849446,1.3086492],[103.8849457,1.3086468],[103.8849596,1.3086533],[103.8849584,1.3086557],[103.8849625,1.3086576],[103.884964,1.3086544],[103.8849705,1.3086574],[103.8849717,1.3086549],[103.8849925,1.3086677],[103.8849937,1.3086653],[103.8850075,1.3086718],[103.8850064,1.3086742],[103.8850129,1.3086773],[103.8850082,1.3086874],[103.8850342,1.3086997],[103.8850352,1.3086977],[103.8850367,1.3087008],[103.8850628,1.3087131],[103.8850675,1.3087029],[103.885074,1.3087059],[103.8850751,1.3087035],[103.885096,1.3087163],[103.8850971,1.3087138],[103.885111,1.3087203],[103.8851098,1.3087228],[103.8851163,1.3087258],[103.8851148,1.3087291],[103.8851189,1.308731],[103.88512,1.3087286],[103.8851339,1.3087351],[103.8851327,1.3087375],[103.8851393,1.3087406],[103.8851184,1.3087857],[103.8851088,1.3087812],[103.8851061,1.3087869],[103.88509,1.3087794],[103.8850861,1.308788],[103.8850832,1.3087866],[103.8850796,1.3087944],[103.8851,1.308804],[103.8850901,1.3088253],[103.8850551,1.3088088],[103.8850456,1.3088293],[103.8850122,1.3088137],[103.8850053,1.3088284],[103.8850697,1.3088586],[103.8850598,1.3088799],[103.8850419,1.3088715],[103.8850383,1.3088793],[103.8850411,1.3088806],[103.8850372,1.3088892],[103.8850508,1.3088956],[103.8850481,1.3089014],[103.8850618,1.3089078],[103.8850458,1.3089422],[103.8850393,1.3089392],[103.8850382,1.3089416],[103.8850243,1.3089351],[103.8850255,1.3089327],[103.8850214,1.3089308],[103.8850149,1.3089447],[103.8850084,1.3089416],[103.8850073,1.3089441],[103.8849864,1.3089313],[103.8849853,1.3089338],[103.8849714,1.3089273],[103.8849726,1.3089248],[103.8849661,1.3089218],[103.8849801,1.3088914],[103.8849247,1.3088654],[103.8849433,1.3088253],[103.8849262,1.3088172],[103.8849177,1.3088357],[103.8848973,1.3088261],[103.8848937,1.3088339],[103.8848966,1.3088353],[103.8848926,1.3088439],[103.8849087,1.3088514],[103.884906,1.3088571],[103.8849172,1.3088624],[103.8848982,1.3089034],[103.8848917,1.3089003],[103.8848906,1.3089028],[103.8848767,1.3088963],[103.8848779,1.3088938],[103.8848738,1.3088919],[103.88487,1.3089001],[103.8848635,1.3088971],[103.8848623,1.3088995],[103.8848415,1.3088867],[103.8848403,1.3088892],[103.8848265,1.3088827],[103.8848276,1.3088802],[103.8848211,1.3088772],[103.8848365,1.308844],[103.8848169,1.3088348],[103.884816,1.3088369],[103.8848145,1.3088337],[103.884795,1.3088245],[103.8847796,1.3088577],[103.8847731,1.3088546],[103.8847719,1.3088571],[103.8847581,1.3088506],[103.8847592,1.3088481],[103.8847361,1.3088403],[103.8847372,1.3088378],[103.8847307,1.3088348],[103.8847349,1.3088257],[103.8847308,1.3088238],[103.8847297,1.3088263],[103.8847158,1.3088198],[103.884717,1.3088173],[103.8847104,1.3088143],[103.884729,1.3087741],[103.8847411,1.3087797],[103.8847437,1.308774],[103.884759,1.3087812],[103.884763,1.3087726],[103.8847658,1.3087739],[103.8847694,1.3087661],[103.8847499,1.3087569]]]}},{"type":"Feature","properties":{"type":"HDB"},"geometry":{"type":"Polygon","coordinates":[[[103.8854397,1.309051],[103.8854152,1.3090395],[103.8854088,1.3090535],[103.8853599,1.3090305],[103.8853753,1.3089973],[103.8853557,1.3089882],[103.8853544,1.308991],[103.8853186,1.3089742],[103.8853372,1.308934],[103.8853201,1.308926],[103.8853115,1.3089445],[103.8852912,1.3089349],[103.8852876,1.3089427],[103.8852904,1.308944],[103.8852864,1.3089526],[103.8853025,1.3089602],[103.8852999,1.3089659],[103.8853111,1.3089712],[103.8852921,1.3090122],[103.8852676,1.3090007],[103.8852638,1.3090089],[103.885215,1.308986],[103.8852233,1.3089679],[103.8851818,1.3089484],[103.8851734,1.3089665],[103.8851246,1.3089435],[103.8851287,1.3089345],[103.8851043,1.308923],[103.8851229,1.3088829],[103.8851349,1.3088885],[103.8851376,1.3088828],[103.8851528,1.3088899],[103.8851568,1.3088813],[103.8851597,1.3088827],[103.8851633,1.3088749],[103.8851437,1.3088657],[103.8851631,1.3088239],[103.8851827,1.3088331],[103.8851863,1.3088253],[103.8851834,1.3088238],[103.8851874,1.3088154],[103.8851721,1.3088082],[103.8851748,1.3088025],[103.8851628,1.3087968],[103.8851814,1.3087566],[103.8852058,1.3087681],[103.88521,1.3087591],[103.8852809,1.3087924],[103.8852446,1.3088706],[103.8852772,1.3088859],[103.8852787,1.3088826],[103.8852836,1.3088849],[103.8852821,1.3088882],[103.8853159,1.3089041],[103.8853322,1.3088688],[103.8853289,1.3088673],[103.8853312,1.3088624],[103.8853121,1.3088534],[103.8853219,1.3088321],[103.8853407,1.3088409],[103.8853443,1.3088331],[103.8853414,1.3088318],[103.8853454,1.3088231],[103.885331,1.3088164],[103.8853336,1.3088106],[103.8853208,1.3088046],[103.8853386,1.3087661],[103.8853631,1.3087775],[103.8853669,1.3087693],[103.8854182,1.3087934],[103.885404,1.3088242],[103.8854455,1.3088437],[103.8854597,1.3088129],[103.8855111,1.308837],[103.8855073,1.3088452],[103.8855317,1.3088567],[103.8855139,1.3088952],[103.885501,1.3088892],[103.8854984,1.3088949],[103.8854839,1.3088881],[103.8854799,1.3088967],[103.8854771,1.3088954],[103.8854735,1.3089032],[103.8854922,1.308912],[103.8854823,1.3089333],[103.8854583,1.308922],[103.8854488,1.3089425],[103.885406,1.3089224],[103.8853992,1.3089372],[103.8854635,1.3089674],[103.8854537,1.3089887],[103.8854357,1.3089803],[103.8854321,1.3089881],[103.885435,1.3089894],[103.885431,1.308998],[103.8854446,1.3090044],[103.885442,1.3090102],[103.8854556,1.3090166],[103.8854397,1.309051]]]}},{"type":"Feature","properties":{"type":"HDB"},"geometry":{"type":"Polygon","coordinates":[[[103.8831939,1.3090313],[103.8832353,1.3089496],[103.8832882,1.3089767],[103.8832917,1.3089698],[103.8833157,1.3089821],[103.8833131,1.3089874],[103.8833231,1.3089925],[103.8833269,1.3089848],[103.8833301,1.3089865],[103.8833363,1.3089744],[103.8832914,1.3089514],[103.8833041,1.3089264],[103.8833241,1.3089367],[103.8833359,1.3089134],[103.8833492,1.3089202],[103.8833518,1.3089149],[103.8833478,1.3089129],[103.8833517,1.3089052],[103.88333,1.3088941],[103.8833335,1.3088873],[103.8832807,1.3088602],[103.8833221,1.3087785],[103.883399,1.3088179],[103.8833912,1.3088332],[103.8834201,1.3088479],[103.8834098,1.3088681],[103.8834243,1.3088755],[103.8834344,1.3088553],[103.8835185,1.3088984],[103.8835388,1.3088586],[103.8835916,1.3088857],[103.8835679,1.3089324],[103.8835991,1.3089484],[103.8836228,1.3089017],[103.8837261,1.3089546],[103.8837024,1.3090013],[103.8837168,1.3090087],[103.8837236,1.3089954],[103.8837436,1.3090057],[103.8838114,1.308872],[103.8838663,1.3089001],[103.8838427,1.3089471],[103.8838596,1.3089557],[103.8838081,1.3090578],[103.8837909,1.3090915],[103.883774,1.3090828],[103.8837502,1.3091298],[103.8836982,1.3091031],[103.8836996,1.3091003],[103.8834298,1.308962],[103.8834208,1.3089797],[103.8834453,1.3089922],[103.8834273,1.3090277],[103.8833857,1.3090063],[103.8833883,1.3090011],[103.8833807,1.3089972],[103.8833734,1.3090117],[103.8834094,1.3090302],[103.883398,1.3090527],[103.8834075,1.3090576],[103.8834104,1.309052],[103.8834512,1.3090729],[103.8834345,1.3091059],[103.8834201,1.3090985],[103.8834005,1.3091372],[103.883326,1.309099],[103.8833338,1.3090837],[103.8832786,1.3090554],[103.8832708,1.3090707],[103.8831939,1.3090313]]]}},{"type":"Feature","properties":{"type":"HDB"},"geometry":{"type":"Polygon","coordinates":[[[103.8823715,1.3092192],[103.8822872,1.309211],[103.8822873,1.3092143],[103.8821772,1.3092032],[103.8821775,1.3091997],[103.8821231,1.3091939],[103.8821201,1.309224],[103.8821172,1.3092264],[103.8820989,1.3092245],[103.8820967,1.3092217],[103.8820997,1.3091915],[103.8819753,1.3091787],[103.8819826,1.3091107],[103.8819958,1.3091118],[103.8819993,1.3090732],[103.8820132,1.3090744],[103.8820165,1.3090472],[103.8821009,1.309056],[103.8820984,1.3090796],[103.8821479,1.3090852],[103.8821507,1.3090611],[103.882235,1.30907],[103.8822333,1.309094],[103.8822554,1.3090963],[103.8822578,1.3090724],[103.8823259,1.3090793],[103.8823351,1.3090899],[103.8823341,1.3091012],[103.8823369,1.3091045],[103.8823773,1.3090719],[103.8823756,1.3090685],[103.882364,1.3090674],[103.8823552,1.3090562],[103.8823625,1.3089877],[103.8823856,1.3089902],[103.8823884,1.3089669],[103.8823649,1.3089645],[103.8823736,1.3088793],[103.882401,1.3088825],[103.8824021,1.30887],[103.882406,1.3088693],[103.8824405,1.3088734],[103.882442,1.3088595],[103.8825097,1.3088667],[103.8824828,1.3091283],[103.8824439,1.3091598],[103.8824583,1.3091777],[103.8824231,1.3092069],[103.8824086,1.3091887],[103.8823715,1.3092192]]]}},{"type":"Feature","properties":{"type":"HDB"},"geometry":{"type":"Polygon","coordinates":[[[103.8826557,1.3093124],[103.8826757,1.3093227],[103.8826319,1.3094093],[103.8826247,1.3094057],[103.8826027,1.3094489],[103.8825981,1.3094956],[103.8825605,1.3094922],[103.8825592,1.3095062],[103.8825404,1.3095045],[103.8825381,1.3095269],[103.8823471,1.3095083],[103.8823494,1.3094857],[103.882315,1.3094825],[103.8823128,1.3095051],[103.8821906,1.3094933],[103.8821924,1.309471],[103.882177,1.3094693],[103.882175,1.3094917],[103.882075,1.3094819],[103.8820841,1.3093878],[103.8823213,1.309411],[103.8823216,1.3094083],[103.8823408,1.3094103],[103.8823405,1.3094128],[103.8825163,1.3094292],[103.8825994,1.3092656],[103.882597,1.3092643],[103.8826059,1.3092472],[103.8826077,1.3092478],[103.8827163,1.3090346],[103.8828001,1.3090776],[103.8827545,1.3091672],[103.8827342,1.3091569],[103.8827269,1.3091711],[103.8827472,1.3091815],[103.8826913,1.3092915],[103.8826715,1.3092812],[103.8826557,1.3093124]]]}},{"type":"Feature","properties":{"type":"HDB"},"geometry":{"type":"Polygon","coordinates":[[[103.8868412,1.3094425],[103.8867835,1.3096645],[103.886532,1.3095983],[103.8866801,1.3090284],[103.8866872,1.3090179],[103.8866969,1.3090131],[103.8867072,1.3090129],[103.8867975,1.3090369],[103.886801,1.3090284],[103.8868106,1.3090189],[103.8868294,1.3090145],[103.8869427,1.3090444],[103.8869503,1.309049],[103.8869577,1.3090589],[103.8869606,1.309067],[103.8869598,1.3090794],[103.8869808,1.3090861],[103.8869923,1.3090971],[103.886997,1.309108],[103.8869967,1.3091235],[103.8870119,1.3091281],[103.8870268,1.3091372],[103.887043,1.3091598],[103.8870471,1.309186],[103.8870231,1.3093066],[103.8870018,1.309301],[103.8869794,1.3093874],[103.8868132,1.3093437],[103.8867911,1.309429],[103.8868412,1.3094425]]]}},{"type":"Feature","properties":{"type":"HDB"},"geometry":{"type":"Polygon","coordinates":[[[103.887238,1.3096253],[103.8872401,1.3096146],[103.8871808,1.3096024],[103.8871787,1.309613],[103.8870981,1.3095964],[103.8871072,1.3095518],[103.8871177,1.309554],[103.8871209,1.3095384],[103.8871487,1.3095441],[103.8871527,1.3095247],[103.8870499,1.3095034],[103.8870459,1.3095229],[103.8870734,1.3095286],[103.8870702,1.3095442],[103.8870809,1.3095465],[103.8870719,1.3095909],[103.8869912,1.3095743],[103.8869934,1.3095637],[103.8869345,1.3095515],[103.8869323,1.3095621],[103.8868517,1.3095454],[103.8868608,1.3095008],[103.8868713,1.309503],[103.8868744,1.3094876],[103.886902,1.3094934],[103.8869115,1.3094469],[103.8869809,1.3094612],[103.8869791,1.3094704],[103.8871552,1.3095068],[103.8871654,1.3094568],[103.887191,1.3094621],[103.8871938,1.3094481],[103.8870955,1.3094278],[103.8870987,1.3094125],[103.8870432,1.309401],[103.8870476,1.3093793],[103.8870199,1.3093736],[103.8870231,1.3093578],[103.8870124,1.3093556],[103.8870215,1.309311],[103.8871023,1.3093277],[103.8871,1.3093386],[103.8871591,1.3093509],[103.8871614,1.30934],[103.8872419,1.3093566],[103.8872328,1.3094012],[103.8872224,1.3093991],[103.8872192,1.3094146],[103.8871916,1.3094089],[103.8871872,1.3094307],[103.8872125,1.3094359],[103.8872098,1.309449],[103.887241,1.3094555],[103.8872626,1.3093493],[103.8872748,1.3093518],[103.8872865,1.3092942],[103.8873079,1.3092986],[103.8873136,1.3092709],[103.887329,1.3092741],[103.8873312,1.3092634],[103.8873754,1.3092725],[103.8873589,1.3093535],[103.8873486,1.3093514],[103.8873364,1.3094109],[103.8873473,1.3094132],[103.8873361,1.3094679],[103.8872794,1.3094562],[103.8872847,1.3094301],[103.8872632,1.3094256],[103.8872537,1.3094719],[103.88727,1.3094752],[103.8872649,1.3095004],[103.8872825,1.3095041],[103.8872736,1.3095476],[103.8872968,1.3095524],[103.8872924,1.3095741],[103.8873199,1.3095797],[103.8873168,1.3095952],[103.8873274,1.3095974],[103.8873183,1.3096419],[103.887238,1.3096253]]]}},{"type":"Feature","properties":{"type":"HDB"},"geometry":{"type":"Polygon","coordinates":[[[103.8830213,1.3096566],[103.8830213,1.3095648],[103.8830806,1.3095649],[103.8830806,1.3095572],[103.8831076,1.3095572],[103.8831076,1.3095631],[103.8831188,1.3095631],[103.8831188,1.3095545],[103.8831229,1.3095545],[103.8831229,1.3095409],[103.8830721,1.3095409],[103.8830721,1.3095129],[103.8830946,1.3095129],[103.8830946,1.3094867],[103.8831099,1.3094867],[103.8831099,1.3094808],[103.883105,1.3094808],[103.883105,1.3094722],[103.8830807,1.3094722],[103.8830807,1.3094645],[103.8830213,1.3094645],[103.8830213,1.3093728],[103.8831077,1.3093728],[103.8831077,1.30939],[103.88314,1.30939],[103.88314,1.3094126],[103.8831562,1.3094126],[103.8831562,1.30939],[103.8832505,1.30939],[103.8832505,1.3093453],[103.8833099,1.3093453],[103.8833099,1.3093977],[103.8833449,1.3093977],[103.8833449,1.3093453],[103.8834609,1.3093453],[103.8834609,1.3093978],[103.883477,1.3093978],[103.883477,1.30938],[103.883511,1.30938],[103.8835287,1.3093891],[103.8835962,1.3092559],[103.8836513,1.3092841],[103.8836277,1.3093309],[103.8836446,1.3093395],[103.8835757,1.3094753],[103.8835588,1.3094666],[103.8835351,1.3095134],[103.8834832,1.3094867],[103.8833404,1.3094867],[103.8833404,1.3094886],[103.8831998,1.3094867],[103.8831997,1.309507],[103.8832276,1.3095071],[103.8832276,1.3095468],[103.8831808,1.3095468],[103.8831808,1.3095409],[103.8831719,1.3095409],[103.8831718,1.3095572],[103.8832127,1.3095572],[103.8832127,1.3095825],[103.8832235,1.3095825],[103.8832235,1.3095762],[103.8832694,1.3095762],[103.8832694,1.3096133],[103.8832532,1.3096132],[103.8832532,1.3096566],[103.8831696,1.3096566],[103.8831696,1.3096394],[103.8831076,1.3096394],[103.8831076,1.3096566],[103.8830213,1.3096566]]]}},{"type":"Feature","properties":{"type":"HDB"},"geometry":{"type":"Polygon","coordinates":[[[103.8842453,1.3095969],[103.8842458,1.3095675],[103.8843299,1.3095682],[103.8843509,1.3095943],[103.8843523,1.3095685],[103.8844369,1.309569],[103.8844475,1.3095894],[103.8844945,1.3095692],[103.8844899,1.3095673],[103.8844803,1.3095701],[103.8844711,1.3095571],[103.8844675,1.309557],[103.8844959,1.3094879],[103.884523,1.3094984],[103.8845366,1.3094624],[103.8845108,1.3094517],[103.8846,1.3092362],[103.8846032,1.3092366],[103.8846119,1.309217],[103.8847349,1.3092695],[103.8845801,1.3096575],[103.8845774,1.3096519],[103.8845273,1.3096704],[103.8845374,1.3096953],[103.884497,1.3097143],[103.884486,1.3096873],[103.8844542,1.3097007],[103.8844559,1.3097043],[103.8842029,1.3097046],[103.8842037,1.309596],[103.8842453,1.3095969]]]}},{"type":"Feature","properties":{"type":"HDB"},"geometry":{"type":"Polygon","coordinates":[[[103.8837613,1.3096898],[103.8837629,1.3096033],[103.8837921,1.3096033],[103.8837924,1.3095924],[103.8837839,1.3095926],[103.8837884,1.3095508],[103.8837616,1.3095451],[103.8837895,1.3094363],[103.8838095,1.3094378],[103.8838158,1.3094349],[103.8838122,1.3094334],[103.8838266,1.309404],[103.8838383,1.3094083],[103.8838419,1.3093954],[103.883817,1.3093826],[103.8838685,1.3093105],[103.8838813,1.3093228],[103.8839251,1.3092635],[103.8839247,1.3092678],[103.8839474,1.3092387],[103.883943,1.3092211],[103.8840004,1.3092057],[103.8840044,1.3092215],[103.8840346,1.309238],[103.8840394,1.3092291],[103.8841004,1.3092637],[103.8841124,1.3092393],[103.8841873,1.3092838],[103.8841742,1.3093082],[103.8842972,1.309379],[103.884303,1.3093895],[103.8843066,1.3093884],[103.8843049,1.3094975],[103.8841976,1.3094965],[103.8841824,1.3094442],[103.8841537,1.3094211],[103.8841388,1.3094417],[103.8840991,1.3094226],[103.8841131,1.3093984],[103.8840257,1.3093468],[103.8840295,1.3093411],[103.8840107,1.3093321],[103.8839936,1.3093455],[103.8839853,1.3093628],[103.8839896,1.3093661],[103.8839069,1.3095071],[103.8839023,1.3095049],[103.8838938,1.3095324],[103.8838976,1.3095349],[103.8838974,1.3097343],[103.8838311,1.3097344],[103.883831,1.3096982],[103.8837937,1.3096979],[103.8837931,1.3096886],[103.8837613,1.3096898]]]}},{"type":"Feature","properties":{"type":"HDB"},"geometry":{"type":"Polygon","coordinates":[[[103.8896655,1.3077412],[103.8895669,1.3077196],[103.889573,1.3076891],[103.8895384,1.3076821],[103.8895318,1.3077152],[103.8895146,1.3077117],[103.8895074,1.3077479],[103.8894905,1.3077445],[103.8894919,1.3077377],[103.8894433,1.3077279],[103.8894419,1.3077349],[103.8894284,1.3077321],[103.8894324,1.3077122],[103.8894127,1.3077083],[103.8894088,1.307728],[103.88939,1.3077242],[103.8894087,1.3076207],[103.8894445,1.307628],[103.8894525,1.3075879],[103.8895433,1.3076063],[103.8895786,1.3074297],[103.8893541,1.3073842],[103.8893583,1.3073631],[103.8890663,1.307304],[103.8890743,1.307264],[103.8890369,1.3072565],[103.8890533,1.3071744],[103.8890592,1.3071756],[103.8890628,1.3071576],[103.8890806,1.3071612],[103.8890767,1.3071807],[103.8890981,1.307185],[103.8891021,1.3071649],[103.8891161,1.3071677],[103.8891149,1.3071738],[103.8891622,1.3071834],[103.8891635,1.3071772],[103.8891824,1.307181],[103.8891758,1.3072138],[103.8892063,1.30722],[103.8892129,1.3071871],[103.8892315,1.3071909],[103.8892304,1.3071963],[103.8892777,1.3072058],[103.8892788,1.3072005],[103.8892975,1.3072043],[103.8892911,1.3072363],[103.8893072,1.3072396],[103.8893081,1.3072354],[103.889364,1.3072467],[103.8893629,1.3072526],[103.8893769,1.3072554],[103.8893836,1.3072218],[103.8894004,1.3072251],[103.8893992,1.3072312],[103.8894461,1.3072407],[103.8894472,1.3072348],[103.8894645,1.3072383],[103.8894574,1.3072741],[103.8894766,1.307278],[103.8894691,1.3073156],[103.8894988,1.3073216],[103.8895067,1.3072817],[103.8895235,1.3072851],[103.8895301,1.3072522],[103.8895494,1.3072561],[103.8895487,1.3072595],[103.8895881,1.3072674],[103.8895891,1.3072626],[103.8895999,1.3072648],[103.8895929,1.3072996],[103.8896127,1.3073036],[103.8896066,1.3073344],[103.8896387,1.3073409],[103.889644,1.3073141],[103.8897433,1.3073342],[103.8897396,1.3073527],[103.8897169,1.3073481],[103.8897128,1.3073683],[103.8897366,1.3073731],[103.8897337,1.3073877],[103.8897254,1.307386],[103.8897162,1.307432],[103.8897255,1.3074339],[103.8897218,1.3074524],[103.8896847,1.3074449],[103.8896733,1.3075015],[103.8897108,1.3075091],[103.8897073,1.3075267],[103.8897001,1.3075252],[103.8896907,1.3075719],[103.8896981,1.3075734],[103.8896945,1.3075915],[103.8896623,1.3075849],[103.8896561,1.3076155],[103.8896898,1.3076224],[103.8896864,1.3076393],[103.8896794,1.3076378],[103.8896699,1.3076854],[103.8896765,1.3076867],[103.8896734,1.3077019],[103.8896551,1.3076982],[103.889651,1.3077183],[103.8896694,1.307722],[103.8896655,1.3077412]]]}},{"type":"Feature","properties":{"type":"HDB"},"geometry":{"type":"Polygon","coordinates":[[[103.8880832,1.3078549],[103.8881049,1.307726],[103.8882266,1.3077506],[103.8882317,1.3077249],[103.8882756,1.3077338],[103.8882699,1.3077623],[103.8885099,1.3078109],[103.8885498,1.3076109],[103.8886424,1.3076296],[103.8886733,1.3074746],[103.8887512,1.3074904],[103.8887728,1.3073821],[103.8886014,1.3073474],[103.8885959,1.3073749],[103.8885445,1.3073645],[103.8885499,1.3073373],[103.8883133,1.3072894],[103.8882966,1.3073727],[103.888259,1.3073651],[103.8882549,1.3073853],[103.8881949,1.3073732],[103.8882057,1.307319],[103.8881884,1.3073155],[103.8881954,1.3072805],[103.8882454,1.3072906],[103.8882574,1.3072307],[103.8882096,1.307221],[103.8882167,1.3071857],[103.8882312,1.3071886],[103.8882413,1.3071378],[103.8883012,1.30715],[103.8882973,1.3071698],[103.8883342,1.3071772],[103.8883374,1.3071614],[103.8883776,1.3071695],[103.8883685,1.3072151],[103.8884152,1.3072245],[103.8884244,1.3071783],[103.888504,1.3071944],[103.8884949,1.3072402],[103.8885427,1.3072499],[103.8885518,1.3072045],[103.8885907,1.3072124],[103.8885818,1.3072569],[103.8886073,1.3072621],[103.888616,1.3072186],[103.8886562,1.3072268],[103.8886475,1.3072702],[103.8886954,1.3072799],[103.8887041,1.3072362],[103.8887452,1.3072446],[103.8887269,1.3073362],[103.8887787,1.3073467],[103.8888035,1.3072227],[103.888928,1.3072479],[103.8889193,1.3072915],[103.8888749,1.3072826],[103.8888654,1.3073299],[103.8889106,1.3073391],[103.8889024,1.30738],[103.8888585,1.3073711],[103.8888536,1.307395],[103.8888974,1.3074039],[103.8888887,1.3074474],[103.8888456,1.3074387],[103.8888363,1.3074855],[103.888881,1.3074946],[103.8888731,1.3075342],[103.8887977,1.3075189],[103.8887896,1.3075592],[103.888745,1.3075501],[103.888736,1.3075952],[103.8887831,1.3076047],[103.8887746,1.307647],[103.8887125,1.3076344],[103.8887073,1.3076604],[103.8886742,1.3076537],[103.8886662,1.3076937],[103.8886224,1.3076849],[103.8886128,1.307733],[103.8886578,1.3077421],[103.8886492,1.3077849],[103.8885574,1.3077663],[103.8885473,1.307817],[103.8886698,1.3078418],[103.8886445,1.3079687],[103.8886019,1.3079601],[103.8886108,1.3079155],[103.8885656,1.3079064],[103.8885569,1.3079502],[103.8885159,1.3079419],[103.8885246,1.3078982],[103.8885004,1.3078933],[103.8884917,1.3079371],[103.8884513,1.3079289],[103.8884602,1.3078844],[103.8884152,1.3078753],[103.8884062,1.3079198],[103.8883248,1.3079033],[103.8883335,1.3078598],[103.8882864,1.3078503],[103.8882779,1.3078932],[103.8882372,1.3078849],[103.888246,1.307841],[103.88822,1.3078357],[103.8882112,1.30788],[103.8881714,1.3078719],[103.8881801,1.3078284],[103.8881324,1.3078187],[103.8881236,1.3078631],[103.8880832,1.3078549]]]}},{"type":"Feature","properties":{"type":"HDB"},"geometry":{"type":"Polygon","coordinates":[[[103.8886985,1.3081576],[103.8887071,1.3081062],[103.8887513,1.3081152],[103.8887611,1.3080662],[103.8887199,1.3080578],[103.8887277,1.3080185],[103.8887588,1.3080248],[103.888769,1.3079738],[103.8887372,1.3079674],[103.8887456,1.3079255],[103.8887867,1.3079338],[103.888797,1.3078824],[103.8887558,1.307874],[103.8887636,1.3078348],[103.8888402,1.3078503],[103.888848,1.3078116],[103.8888898,1.30782],[103.8888997,1.3077707],[103.8888568,1.307762],[103.8888649,1.3077215],[103.8889457,1.3077378],[103.8889535,1.3076987],[103.888993,1.3077067],[103.8890018,1.3076625],[103.8889606,1.3076541],[103.8889696,1.3076093],[103.8890191,1.3076194],[103.8890312,1.3075588],[103.8890104,1.3075546],[103.8890226,1.3074935],[103.8890605,1.3075012],[103.8890573,1.3075174],[103.8890728,1.3075206],[103.8890799,1.3074849],[103.8891105,1.3074911],[103.8890993,1.307547],[103.8891471,1.3075567],[103.8891584,1.3075001],[103.8891887,1.3075062],[103.8891806,1.3075466],[103.8891944,1.3075494],[103.8891983,1.3075302],[103.889237,1.307538],[103.8892252,1.3075969],[103.8892033,1.3075925],[103.8891958,1.30763],[103.8891038,1.3076114],[103.8890698,1.3077821],[103.8889858,1.3077651],[103.8889602,1.3078933],[103.8888831,1.3078777],[103.888855,1.3080183],[103.8893153,1.3081114],[103.8893335,1.3080205],[103.8894295,1.3080399],[103.8894227,1.3080739],[103.8894006,1.3080694],[103.8893984,1.3080805],[103.8894402,1.308089],[103.889433,1.3081251],[103.8893735,1.3081131],[103.8893642,1.3081599],[103.8894257,1.3081723],[103.8894183,1.3082091],[103.8893738,1.3082001],[103.8893713,1.3082121],[103.8893922,1.3082164],[103.8893844,1.3082552],[103.8893218,1.3082425],[103.8893266,1.3082188],[103.8892684,1.308207],[103.8892637,1.3082303],[103.8892222,1.3082219],[103.8892307,1.3081797],[103.8891829,1.3081701],[103.8891745,1.3082118],[103.889091,1.3081949],[103.8890997,1.3081517],[103.8890595,1.3081435],[103.8890511,1.3081855],[103.8889659,1.3081683],[103.8889744,1.3081258],[103.8889242,1.3081157],[103.8889157,1.3081581],[103.888875,1.3081499],[103.8888932,1.3080589],[103.8888454,1.3080493],[103.8888189,1.308182],[103.8886985,1.3081576]]]}},{"type":"Feature","properties":{"type":"LANDMARK"},"geometry":{"type":"Polygon","coordinates":[[[103.8959294,1.3113253],[103.8959544,1.3112032],[103.8960169,1.311216],[103.8960227,1.3111893],[103.896093,1.3112041],[103.8960876,1.3112304],[103.8961199,1.3112371],[103.896107,1.3112995],[103.8960759,1.3112926],[103.8960635,1.3113531],[103.8959294,1.3113253]]]}},{"type":"Feature","properties":{"type":"HDB"},"geometry":{"type":"Polygon","coordinates":[[[103.8972327,1.3111194],[103.8972712,1.31104],[103.897285,1.311047],[103.8972938,1.3110274],[103.8973684,1.3110638],[103.8973591,1.3110832],[103.8973828,1.3110948],[103.8973921,1.3110754],[103.8974669,1.311112],[103.8974576,1.3111313],[103.8975309,1.3111672],[103.8975403,1.3111478],[103.8976028,1.3111772],[103.8976151,1.3111844],[103.8976058,1.3112037],[103.8976293,1.3112153],[103.8976387,1.3111959],[103.8977014,1.3112254],[103.8977136,1.3112325],[103.8977043,1.3112519],[103.8977281,1.3112635],[103.8977374,1.3112441],[103.8978001,1.3112736],[103.8978123,1.3112807],[103.8978029,1.3113001],[103.8978265,1.3113116],[103.8978359,1.3112922],[103.8978985,1.3113217],[103.8979109,1.3113289],[103.8979015,1.3113483],[103.8979119,1.3113533],[103.8979213,1.3113339],[103.8979729,1.3113592],[103.8979636,1.3113786],[103.8979748,1.3113841],[103.8979841,1.3113647],[103.8980468,1.3113941],[103.898059,1.3114013],[103.8980497,1.3114207],[103.8980733,1.3114322],[103.8980827,1.3114128],[103.898145,1.3114421],[103.898157,1.3114491],[103.8981477,1.3114685],[103.8981614,1.3114752],[103.8981233,1.3115545],[103.8972327,1.3111194]]]}},{"type":"Feature","properties":{"type":"HDB"},"geometry":{"type":"Polygon","coordinates":[[[103.8977004,1.3118907],[103.8976804,1.3119287],[103.8976066,1.3118926],[103.8976253,1.3118539],[103.8975525,1.3118184],[103.8975339,1.3118571],[103.8974589,1.3118204],[103.8974776,1.3117817],[103.8974542,1.3117703],[103.8974355,1.311809],[103.8973603,1.3117722],[103.8973789,1.3117335],[103.8973553,1.3117219],[103.8973366,1.3117607],[103.8972616,1.311724],[103.8972803,1.3116853],[103.8972567,1.3116737],[103.897238,1.3117124],[103.8971633,1.3116759],[103.897182,1.3116372],[103.897109,1.3116015],[103.8970903,1.3116402],[103.8970167,1.3116043],[103.8970343,1.311565],[103.8970208,1.3115584],[103.897059,1.3114796],[103.8977517,1.3118185],[103.8977138,1.3118974],[103.8977004,1.3118907]]]}},{"type":"Feature","properties":{"type":"HDB"},"geometry":{"type":"Polygon","coordinates":[[[103.8969595,1.3119109],[103.8969407,1.3119498],[103.8970139,1.3119856],[103.8970327,1.3119467],[103.8971072,1.3119832],[103.8970885,1.312022],[103.8971124,1.3120337],[103.8971311,1.3119949],[103.8972059,1.3120314],[103.8971871,1.3120703],[103.8972109,1.3120819],[103.8972297,1.3120431],[103.8973047,1.3120797],[103.8972859,1.3121186],[103.8973093,1.31213],[103.8973281,1.3120912],[103.8974033,1.312128],[103.8973845,1.3121668],[103.8974571,1.3122023],[103.8974758,1.3121634],[103.8975501,1.3121998],[103.8975322,1.312239],[103.8975461,1.3122455],[103.8975079,1.3123239],[103.896815,1.3119858],[103.8968531,1.3119063],[103.8968665,1.3119135],[103.8968859,1.3118749],[103.8969595,1.3119109]]]}},{"type":"Feature","properties":{"type":"HDB"},"geometry":{"type":"Polygon","coordinates":[[[103.8976397,1.3125764],[103.8976027,1.312653],[103.8975843,1.3126433],[103.8975665,1.3126796],[103.8974637,1.3126286],[103.8974928,1.3125691],[103.8974572,1.3125512],[103.8974706,1.3125231],[103.897506,1.312541],[103.8975651,1.312419],[103.8975411,1.3124079],[103.8975517,1.3123863],[103.8975751,1.3123978],[103.8976359,1.3122725],[103.8976118,1.3122615],[103.8976221,1.3122399],[103.897646,1.3122518],[103.8977059,1.3121303],[103.8976686,1.3121126],[103.8976821,1.3120844],[103.8977176,1.3121014],[103.8977768,1.3119801],[103.8977527,1.3119686],[103.8977632,1.3119468],[103.8977871,1.3119585],[103.8977886,1.3119552],[103.897805,1.3119632],[103.8978337,1.3119029],[103.8978391,1.3119044],[103.8979204,1.3119454],[103.8979032,1.311981],[103.8979222,1.3119904],[103.8978851,1.3120674],[103.8978661,1.3120582],[103.897832,1.312129],[103.897851,1.3121382],[103.8978144,1.3122139],[103.8977955,1.3122047],[103.8977626,1.312273],[103.8977815,1.3122822],[103.8977438,1.3123605],[103.8977249,1.3123513],[103.8976915,1.3124206],[103.8977103,1.3124298],[103.8976732,1.3125068],[103.8976544,1.3124976],[103.8976209,1.3125672],[103.8976397,1.3125764]]]}},{"type":"Feature","properties":{"type":"HDB"},"geometry":{"type":"Polygon","coordinates":[[[103.8964624,1.3129787],[103.8963755,1.3129363],[103.8964047,1.3128761],[103.8963532,1.3128508],[103.8963667,1.3128227],[103.8964015,1.31284],[103.8964605,1.3127188],[103.8964372,1.3127071],[103.8964476,1.3126861],[103.8964707,1.3126968],[103.8965312,1.3125723],[103.8965079,1.3125607],[103.8965185,1.3125391],[103.8965414,1.3125504],[103.8966002,1.3124291],[103.8965648,1.3124118],[103.8965783,1.3123838],[103.8966134,1.3124006],[103.8966727,1.3122795],[103.8966493,1.312268],[103.8966599,1.3122463],[103.8966837,1.3122577],[103.8966856,1.3122546],[103.8967007,1.3122626],[103.89673,1.3122023],[103.8968124,1.3122415],[103.8968169,1.3122448],[103.8967993,1.3122802],[103.8968186,1.3122899],[103.8967816,1.3123667],[103.8967625,1.3123575],[103.8967284,1.3124282],[103.8967474,1.3124374],[103.8967109,1.3125132],[103.896692,1.3125039],[103.8966591,1.3125722],[103.8966779,1.3125814],[103.8966401,1.3126597],[103.8966214,1.3126506],[103.896588,1.3127199],[103.8966067,1.312729],[103.8965695,1.312806],[103.8965509,1.3127969],[103.8965174,1.3128665],[103.8965359,1.3128756],[103.8964989,1.3129523],[103.8964794,1.3129427],[103.8964624,1.3129787]]]}},{"type":"Feature","properties":{"type":"HDB"},"geometry":{"type":"Polygon","coordinates":[[[103.8971934,1.3132514],[103.89717,1.3132399],[103.8971536,1.313275],[103.8970658,1.313232],[103.8970934,1.313176],[103.8970793,1.3131691],[103.8970929,1.3131408],[103.897154,1.3131704],[103.8971719,1.3131339],[103.8971106,1.3131041],[103.8971242,1.3130761],[103.8971378,1.3130827],[103.8971648,1.3130261],[103.8972522,1.3130689],[103.8972488,1.313076],[103.897273,1.3130878],[103.8972764,1.3130808],[103.897363,1.3131232],[103.8973354,1.3131792],[103.8973495,1.313186],[103.8973361,1.3132138],[103.8972759,1.3131834],[103.8972574,1.3132207],[103.8973182,1.3132508],[103.8973045,1.3132793],[103.8972905,1.3132725],[103.8972638,1.313329],[103.8971765,1.3132862],[103.8971934,1.3132514]]]}},{"type":"Feature","properties":{"type":"LANDMARK"},"geometry":{"type":"Polygon","coordinates":[[[103.8989818,1.3134998],[103.8989493,1.3134188],[103.8990259,1.3133822],[103.8990596,1.313394],[103.8990843,1.3134515],[103.8991193,1.3134371],[103.8991349,1.3134698],[103.8991388,1.3134671],[103.8991518,1.3134972],[103.8991609,1.3134933],[103.8991946,1.3135704],[103.899183,1.3135782],[103.8992245,1.3136801],[103.8991453,1.3137167],[103.8991116,1.3136449],[103.8990726,1.3136605],[103.8990402,1.3136383],[103.8990285,1.3136083],[103.8990051,1.3136135],[103.8989597,1.3135089],[103.8989818,1.3134998]]]}},{"type":"Feature","properties":{"type":"HDB"},"geometry":{"type":"Polygon","coordinates":[[[103.8874395,1.3084844],[103.8874167,1.3084766],[103.8873838,1.308473],[103.887386,1.3084622],[103.8873569,1.3084562],[103.8873574,1.3084541],[103.8873053,1.3084455],[103.8873031,1.3084563],[103.8872803,1.3084484],[103.8872474,1.3084448],[103.8872496,1.308434],[103.887198,1.3084233],[103.8871958,1.3084341],[103.887173,1.3084263],[103.8871401,1.3084227],[103.8871423,1.3084119],[103.8870907,1.3084012],[103.8870878,1.3084119],[103.8870657,1.3084041],[103.8870328,1.3084006],[103.887035,1.3083897],[103.8870092,1.3083842],[103.887006,1.3083889],[103.8869721,1.308382],[103.8869822,1.3083324],[103.8869952,1.308335],[103.8870062,1.3082882],[103.887293,1.3083473],[103.8872941,1.3083416],[103.8873065,1.3083441],[103.8873053,1.3083499],[103.8873379,1.3083566],[103.8873442,1.3083256],[103.8873397,1.3083247],[103.8873446,1.3083008],[103.8873494,1.3083018],[103.8873502,1.3082979],[103.8874033,1.3083089],[103.8874025,1.3083128],[103.8874069,1.3083136],[103.887402,1.3083376],[103.887398,1.3083367],[103.8873917,1.3083677],[103.8874248,1.3083745],[103.887426,1.3083688],[103.8874387,1.3083714],[103.8874375,1.3083772],[103.8877255,1.3084366],[103.8877159,1.3084835],[103.8876933,1.3084787],[103.8876842,1.3085236],[103.8876563,1.3085179],[103.8876541,1.3085287],[103.8876225,1.308519],[103.8875985,1.3085172],[103.8876007,1.3085064],[103.887549,1.3084957],[103.8875468,1.3085066],[103.8875152,1.3084969],[103.8874918,1.3084952],[103.8874934,1.3084843],[103.8874417,1.3084736],[103.8874395,1.3084844]]]}},{"type":"Feature","properties":{"type":"HDB"},"geometry":{"type":"Polygon","coordinates":[[[103.8883223,1.3086549],[103.8883201,1.3086657],[103.8882973,1.3086578],[103.8882645,1.3086542],[103.8882667,1.3086434],[103.8882133,1.3086302],[103.8882128,1.3086323],[103.888186,1.3086267],[103.8881831,1.3086374],[103.888161,1.3086296],[103.8881282,1.3086261],[103.8881303,1.3086153],[103.8880786,1.3086046],[103.8880765,1.3086154],[103.8880536,1.3086075],[103.8880208,1.3086039],[103.888023,1.3085932],[103.8879713,1.3085825],[103.8879691,1.3085933],[103.8879463,1.3085854],[103.8879135,1.3085818],[103.8879157,1.308571],[103.8878879,1.3085653],[103.887897,1.3085204],[103.8878756,1.3085159],[103.8878865,1.3084694],[103.8881745,1.3085288],[103.8881757,1.308523],[103.8881883,1.3085257],[103.8881872,1.3085314],[103.8882184,1.3085379],[103.8882247,1.3085073],[103.8882211,1.3085066],[103.8882261,1.3084822],[103.8882296,1.3084829],[103.8882304,1.308479],[103.8882839,1.3084901],[103.8882831,1.3084939],[103.8882866,1.3084947],[103.8882817,1.308519],[103.8882781,1.3085183],[103.8882719,1.3085489],[103.8883071,1.3085562],[103.8883083,1.3085504],[103.8883201,1.3085528],[103.888319,1.3085586],[103.8886058,1.3086178],[103.8885963,1.3086647],[103.8886088,1.3086673],[103.8885988,1.3087168],[103.8885641,1.3087096],[103.8885629,1.3087045],[103.888537,1.3086991],[103.8885348,1.3087099],[103.8885032,1.3087003],[103.8884792,1.3086985],[103.8884813,1.3086876],[103.8884297,1.308677],[103.8884275,1.3086878],[103.8884046,1.3086799],[103.8883718,1.3086763],[103.888374,1.3086655],[103.8883223,1.3086549]]]}},{"type":"Feature","properties":{"type":"HDB"},"geometry":{"type":"Polygon","coordinates":[[[103.887461,1.3088631],[103.8875145,1.3086056],[103.8876679,1.3086372],[103.8876719,1.3086178],[103.8878739,1.3086594],[103.88787,1.3086789],[103.8879811,1.3087018],[103.8879286,1.3089601],[103.887461,1.3088631]]]}},{"type":"Feature","properties":{"type":"HDB"},"geometry":{"type":"Polygon","coordinates":[[[103.8880121,1.3089147],[103.8880216,1.3088676],[103.8880428,1.3088719],[103.8880518,1.308827],[103.88808,1.3088324],[103.8880822,1.3088215],[103.8881138,1.3088311],[103.8881379,1.3088329],[103.8881357,1.3088437],[103.8881874,1.3088542],[103.8881896,1.3088434],[103.8882124,1.3088512],[103.8882453,1.3088548],[103.888243,1.3088655],[103.8882948,1.3088761],[103.888297,1.3088653],[103.8883285,1.3088748],[103.8883526,1.3088766],[103.8883505,1.3088874],[103.8883795,1.3088933],[103.8883792,1.3088953],[103.8884312,1.3089038],[103.8884334,1.308893],[103.8884563,1.3089009],[103.8884891,1.3089044],[103.8884869,1.3089152],[103.8885386,1.3089257],[103.8885408,1.3089149],[103.8885637,1.3089227],[103.8885965,1.3089262],[103.8885943,1.308937],[103.888646,1.3089475],[103.8886482,1.3089367],[103.8886798,1.3089463],[103.8887039,1.3089481],[103.8887017,1.3089589],[103.8887276,1.3089645],[103.8887308,1.3089594],[103.8887652,1.3089666],[103.8887549,1.3090163],[103.8887418,1.309014],[103.8887323,1.309061],[103.8884091,1.3089953],[103.8883966,1.3090598],[103.8883246,1.3090451],[103.8883373,1.3089813],[103.8880121,1.3089147]]]}},{"type":"Feature","properties":{"type":"HDB"},"geometry":{"type":"Polygon","coordinates":[[[103.8887274,1.3095525],[103.8887302,1.3095388],[103.8886909,1.3095306],[103.8886864,1.3095284],[103.8886889,1.3095159],[103.8886668,1.3095113],[103.8886718,1.3094869],[103.8886648,1.3094855],[103.8886732,1.3094444],[103.8887006,1.3094501],[103.8887013,1.3094471],[103.8887534,1.3094579],[103.8887507,1.3094708],[103.8888094,1.309483],[103.888812,1.3094701],[103.8888635,1.3094808],[103.8888629,1.3094838],[103.8888903,1.3094895],[103.8888819,1.3095306],[103.8888746,1.3095291],[103.8888696,1.3095535],[103.8888477,1.309549],[103.8888454,1.3095601],[103.8888768,1.3095666],[103.8888777,1.3095619],[103.888883,1.3095631],[103.8888821,1.3095677],[103.8889503,1.3095819],[103.888967,1.3095723],[103.8889645,1.309568],[103.888969,1.3095654],[103.8889372,1.3095099],[103.8889577,1.309498],[103.8889338,1.3094563],[103.8889729,1.3094336],[103.889006,1.3094914],[103.8890143,1.3094866],[103.8890267,1.3095083],[103.8890465,1.3094968],[103.8890569,1.309515],[103.8890616,1.3095123],[103.8890641,1.3095166],[103.8891573,1.3094625],[103.8891656,1.3094223],[103.8891606,1.3094212],[103.8891619,1.3094148],[103.8891205,1.3094062],[103.8891192,1.3094126],[103.8891137,1.3094115],[103.889115,1.3094051],[103.8890537,1.3093923],[103.889052,1.3094007],[103.8889727,1.3093842],[103.8889779,1.3093591],[103.8890122,1.3093663],[103.8890144,1.3093556],[103.8889932,1.3093512],[103.8890065,1.3092866],[103.8890621,1.3092982],[103.8890603,1.3093065],[103.8891183,1.3093186],[103.88912,1.3093102],[103.889175,1.3093217],[103.8891617,1.3093862],[103.8891415,1.309382],[103.8891391,1.3093938],[103.8891864,1.3094036],[103.8891955,1.3093592],[103.8891977,1.3093597],[103.8891987,1.3093547],[103.8892099,1.309357],[103.8892145,1.3093342],[103.8892388,1.3093393],[103.8892403,1.309332],[103.8892812,1.3093405],[103.8892756,1.3093681],[103.8892787,1.3093688],[103.8892679,1.3094213],[103.8892551,1.3094186],[103.8892431,1.3094769],[103.8892507,1.3094785],[103.8892393,1.3095341],[103.8891753,1.3095208],[103.8891795,1.3095],[103.8891691,1.3094978],[103.8891708,1.3094793],[103.8891655,1.3094782],[103.8891095,1.3095107],[103.889116,1.3095219],[103.8891358,1.3095104],[103.8891481,1.3095318],[103.8891545,1.3095281],[103.8891754,1.3095647],[103.8891063,1.3096079],[103.8891036,1.3096033],[103.8890519,1.3096333],[103.8890545,1.309638],[103.8889823,1.3096768],[103.8889614,1.3096402],[103.8889678,1.3096365],[103.8889552,1.3096145],[103.8889752,1.309603],[103.8889695,1.3095932],[103.8889542,1.3096021],[103.8889229,1.3095955],[103.8889124,1.3096432],[103.8888596,1.3096322],[103.8888622,1.3096198],[103.8888257,1.3096122],[103.8888231,1.3096247],[103.8887698,1.3096136],[103.8887789,1.3095646],[103.8887534,1.3095593],[103.8887347,1.3096502],[103.8887043,1.3096439],[103.8887016,1.309657],[103.8886222,1.3096379],[103.8886308,1.309596],[103.8886384,1.3095976],[103.8886434,1.3095736],[103.8886656,1.3095782],[103.888668,1.3095665],[103.8886585,1.3095646],[103.8886637,1.3095393],[103.8887274,1.3095525]]]}},{"type":"Feature","properties":{"type":"HDB"},"geometry":{"type":"Polygon","coordinates":[[[103.8879257,1.3096403],[103.8876841,1.309592],[103.887754,1.3092465],[103.8878532,1.3092669],[103.8878585,1.3092402],[103.8879097,1.3092507],[103.8879043,1.3092774],[103.8885606,1.3094121],[103.8885567,1.3094317],[103.8885788,1.3094362],[103.8885128,1.3097606],[103.8883894,1.3097355],[103.888389,1.3097376],[103.8883632,1.3097324],[103.8883636,1.3097302],[103.8881969,1.3096963],[103.8881893,1.3097341],[103.887939,1.3096832],[103.887944,1.3096586],[103.8879229,1.3096543],[103.8879257,1.3096403]]]}},{"type":"Feature","properties":{"type":"HDB"},"geometry":{"type":"Polygon","coordinates":[[[103.8886423,1.3098413],[103.8886865,1.3098097],[103.8886708,1.309785],[103.8886762,1.3097569],[103.8887677,1.3096957],[103.8887699,1.3096848],[103.8889597,1.3097234],[103.8889702,1.3097396],[103.8889788,1.3097339],[103.8890144,1.3097882],[103.8890058,1.3097939],[103.8890166,1.3098104],[103.8890014,1.3098859],[103.8890084,1.3098873],[103.8889943,1.3099573],[103.8889578,1.3099499],[103.8889589,1.3099446],[103.8888996,1.3099326],[103.8889021,1.3099204],[103.8887241,1.3098842],[103.8887184,1.3098755],[103.8886834,1.3098979],[103.8886675,1.3099004],[103.8886543,1.3098969],[103.8886396,1.3098831],[103.8886343,1.3098619],[103.8886354,1.3098542],[103.8886423,1.3098413]]]}},{"type":"Feature","properties":{"type":"HDB"},"geometry":{"type":"Polygon","coordinates":[[[103.8879254,1.309962],[103.8878777,1.3099522],[103.8878638,1.3100105],[103.8878133,1.3100002],[103.887817,1.3099818],[103.8877782,1.3099739],[103.8877745,1.3099922],[103.8877233,1.3099818],[103.8877338,1.309921],[103.8877083,1.3099157],[103.8876888,1.3100066],[103.8876577,1.3100002],[103.8876551,1.3100133],[103.8875761,1.3099944],[103.8875845,1.3099528],[103.8875924,1.3099544],[103.8875974,1.3099299],[103.88762,1.3099345],[103.8876223,1.3099231],[103.8876126,1.3099212],[103.8876177,1.3098959],[103.8876749,1.3099076],[103.8876777,1.3098937],[103.8876388,1.3098858],[103.8876392,1.3098839],[103.8876338,1.3098828],[103.8876362,1.309871],[103.8876134,1.3098663],[103.8876183,1.3098421],[103.8876109,1.3098406],[103.8876192,1.3097995],[103.8876992,1.3098132],[103.8876966,1.309826],[103.8877556,1.309838],[103.8877582,1.3098252],[103.8878374,1.3098441],[103.8878291,1.3098851],[103.8878219,1.3098837],[103.887817,1.3099079],[103.8877948,1.3099033],[103.8877924,1.3099152],[103.8878201,1.3099208],[103.8878211,1.3099157],[103.8878265,1.3099168],[103.8878255,1.3099219],[103.8879044,1.309938],[103.8879099,1.3099349],[103.8878784,1.30988],[103.8879011,1.3098668],[103.8879089,1.3098804],[103.8879454,1.3098592],[103.8879787,1.3099173],[103.8879938,1.3099086],[103.8880002,1.3098771],[103.8879833,1.3098715],[103.8879857,1.3098597],[103.8879631,1.309855],[103.887968,1.3098312],[103.8879606,1.3098296],[103.8879691,1.3097883],[103.8879973,1.3097942],[103.8879979,1.3097909],[103.8880498,1.3098017],[103.8880472,1.3098143],[103.8881055,1.3098265],[103.8881081,1.3098139],[103.8881886,1.3098329],[103.8881801,1.3098742],[103.8881726,1.3098727],[103.8881676,1.3098971],[103.888145,1.3098924],[103.8881427,1.3099036],[103.8881943,1.3099143],[103.8881953,1.3099091],[103.8882002,1.3099102],[103.888213,1.3098477],[103.8882659,1.3098598],[103.8882685,1.3098472],[103.8883479,1.3098661],[103.8883395,1.3099074],[103.8883326,1.3099059],[103.8883275,1.3099303],[103.8883051,1.3099257],[103.8883027,1.3099374],[103.8882971,1.3099363],[103.8882967,1.3099383],[103.8882559,1.3099298],[103.8882532,1.309943],[103.888294,1.3099515],[103.8882935,1.3099539],[103.8882991,1.3099551],[103.8882965,1.3099674],[103.888319,1.3099721],[103.8883141,1.3099956],[103.888321,1.3099971],[103.8883124,1.3100389],[103.8882842,1.310033],[103.8882836,1.310036],[103.8882319,1.3100252],[103.8882347,1.3100118],[103.8881773,1.3099999],[103.8881756,1.3100081],[103.8881205,1.3099966],[103.8881338,1.3099323],[103.8881546,1.3099366],[103.8881567,1.3099263],[103.8881247,1.3099197],[103.8881237,1.3099246],[103.8881184,1.3099235],[103.8881194,1.3099186],[103.8880207,1.309898],[103.8880195,1.3099039],[103.8880148,1.3099029],[103.888011,1.3099216],[103.8880285,1.3099521],[103.8880051,1.3099656],[103.888011,1.3099758],[103.8880313,1.309964],[103.8880436,1.3099855],[103.8880497,1.309982],[103.8880705,1.3100183],[103.8880011,1.3100616],[103.8879948,1.3100504],[103.8879428,1.3100806],[103.8879492,1.3100917],[103.8878779,1.3101301],[103.8878569,1.3100933],[103.8878628,1.3100899],[103.8878508,1.3100688],[103.8878703,1.3100575],[103.8878644,1.3100473],[103.8878694,1.3100444],[103.8878682,1.3100425],[103.8879057,1.3100207],[103.8878974,1.3100062],[103.887933,1.3099855],[103.8879304,1.309981],[103.8879348,1.3099785],[103.8879254,1.309962]]]}},{"type":"Feature","properties":{"type":"HDB"},"geometry":{"type":"Polygon","coordinates":[[[103.8883598,1.3101124],[103.8883647,1.3100884],[103.8883872,1.310093],[103.8883896,1.3100815],[103.8883801,1.3100795],[103.8883854,1.310054],[103.8884429,1.310066],[103.8884457,1.3100526],[103.888406,1.3100443],[103.8884065,1.3100419],[103.8884015,1.3100409],[103.8884039,1.3100294],[103.8883821,1.3100249],[103.8883871,1.3100007],[103.8883795,1.3099991],[103.8883881,1.3099577],[103.8884685,1.3099717],[103.8884658,1.3099845],[103.8885247,1.3099968],[103.8885273,1.309984],[103.8886059,1.310003],[103.8885975,1.310044],[103.8885897,1.3100423],[103.8885847,1.3100665],[103.8885625,1.3100619],[103.8885601,1.3100734],[103.8885881,1.3100792],[103.8885891,1.3100744],[103.8885948,1.3100755],[103.8885938,1.3100804],[103.8886727,1.3100968],[103.8886784,1.3100935],[103.8886473,1.3100392],[103.8886699,1.3100261],[103.8886776,1.3100396],[103.8887145,1.3100182],[103.8887478,1.3100763],[103.8887628,1.3100676],[103.8887706,1.3100366],[103.8887487,1.310032],[103.8887492,1.3100298],[103.8887441,1.3100288],[103.8887466,1.3100169],[103.8887243,1.3100122],[103.8887293,1.3099883],[103.8887221,1.3099868],[103.8887307,1.3099452],[103.8887586,1.309951],[103.8887592,1.3099483],[103.8888111,1.3099591],[103.8888084,1.3099723],[103.8888658,1.3099842],[103.8888674,1.3099764],[103.8889222,1.3099878],[103.888909,1.3100521],[103.8888883,1.3100478],[103.8888863,1.3100576],[103.8889332,1.3100673],[103.8889419,1.310025],[103.8889444,1.3100255],[103.8889456,1.3100197],[103.8889572,1.3100221],[103.8889618,1.3099996],[103.8889858,1.3100046],[103.8889873,1.3099975],[103.8890279,1.3100059],[103.8890221,1.310034],[103.8890249,1.3100346],[103.8890142,1.3100866],[103.8890091,1.3100855],[103.888997,1.3101445],[103.8890021,1.3101455],[103.8889835,1.3102251],[103.8889423,1.3102166],[103.8889437,1.3102095],[103.8889197,1.3102045],[103.8889244,1.3101818],[103.8889127,1.3101794],[103.8889086,1.3101993],[103.8888835,1.3101941],[103.8889012,1.3101081],[103.8889077,1.3101095],[103.8889122,1.3100878],[103.8889064,1.3100865],[103.8889073,1.3100818],[103.8887891,1.3100572],[103.888788,1.3100627],[103.8887833,1.3100617],[103.8887797,1.3100792],[103.8887976,1.3101105],[103.8887745,1.3101239],[103.8887801,1.3101336],[103.8887998,1.3101221],[103.8888123,1.3101438],[103.888819,1.3101399],[103.88884,1.3101766],[103.8887701,1.3102196],[103.8887638,1.3102086],[103.8887119,1.3102387],[103.8887182,1.3102498],[103.8886468,1.3102888],[103.8886257,1.3102521],[103.8886324,1.3102482],[103.88862,1.3102265],[103.8886398,1.310215],[103.8886343,1.3102053],[103.8886391,1.3102025],[103.8886379,1.3102003],[103.8886748,1.3101789],[103.8886664,1.3101643],[103.8887015,1.3101439],[103.8886988,1.3101391],[103.8887031,1.3101366],[103.8886937,1.3101202],[103.8886468,1.3101104],[103.8886327,1.3101691],[103.8885815,1.3101585],[103.8885854,1.3101395],[103.8885459,1.3101313],[103.888542,1.3101503],[103.8884912,1.3101397],[103.8885014,1.3100794],[103.8884763,1.3100742],[103.8884564,1.3101648],[103.8884262,1.3101585],[103.8884235,1.3101714],[103.8883443,1.3101522],[103.8883528,1.3101109],[103.8883598,1.3101124]]]}},{"type":"Feature","properties":{"type":"HDB"},"geometry":{"type":"Polygon","coordinates":[[[103.8881092,1.3106309],[103.8880558,1.3106212],[103.8880685,1.3105581],[103.8880633,1.310557],[103.8880643,1.3105522],[103.8880138,1.3105399],[103.8880111,1.3105528],[103.8880332,1.3105573],[103.8880282,1.310582],[103.8880353,1.3105835],[103.888027,1.3106248],[103.8879464,1.3106107],[103.8879491,1.3105974],[103.8878907,1.3105855],[103.887888,1.3105985],[103.8878363,1.310588],[103.8878369,1.3105851],[103.8878097,1.3105796],[103.887818,1.3105383],[103.8878256,1.3105398],[103.8878305,1.3105151],[103.8878526,1.3105196],[103.8878548,1.3105086],[103.8878723,1.3105096],[103.8878786,1.3104783],[103.8878684,1.3104647],[103.8878155,1.3105045],[103.8878116,1.3104993],[103.8877973,1.3105101],[103.8877625,1.3104584],[103.8878119,1.3104212],[103.8878079,1.3104159],[103.887729,1.3103998],[103.887728,1.3104049],[103.8877227,1.3104038],[103.8877241,1.310397],[103.8876963,1.3103914],[103.8876937,1.3104043],[103.8877161,1.3104089],[103.8877113,1.3104331],[103.8877186,1.3104345],[103.8877102,1.3104759],[103.8876297,1.3104621],[103.8876323,1.3104493],[103.887574,1.3104375],[103.8875715,1.3104502],[103.8874918,1.3104315],[103.8875001,1.3103901],[103.887507,1.3103915],[103.8875119,1.3103673],[103.8875343,1.3103719],[103.8875366,1.3103603],[103.8875424,1.3103615],[103.8875429,1.3103589],[103.8875819,1.3103669],[103.8875846,1.3103534],[103.8875268,1.3103416],[103.8875318,1.3103165],[103.8875416,1.3103185],[103.8875439,1.310307],[103.8875206,1.3103022],[103.8875256,1.3102773],[103.8875185,1.3102759],[103.8875269,1.3102343],[103.8876077,1.3102479],[103.8876051,1.3102608],[103.8876356,1.310267],[103.887619,1.3103594],[103.8876437,1.3103644],[103.8876577,1.3103045],[103.8877086,1.3103149],[103.8877048,1.3103338],[103.8877442,1.3103418],[103.887748,1.3103229],[103.887799,1.3103333],[103.8877889,1.3103931],[103.8878363,1.3104027],[103.8878514,1.3103914],[103.8878481,1.310387],[103.8878526,1.3103837],[103.8878291,1.3103497],[103.887841,1.3103407],[103.8878155,1.3103065],[103.8878175,1.3103049],[103.8878138,1.3103],[103.887823,1.3102931],[103.8878092,1.3102745],[103.8878292,1.3102594],[103.8878247,1.3102533],[103.8878579,1.3102283],[103.8879086,1.3102924],[103.887898,1.3103003],[103.8879342,1.3103488],[103.8879447,1.3103409],[103.8879919,1.3104083],[103.8879586,1.3104333],[103.8879542,1.3104273],[103.8879341,1.3104424],[103.8879205,1.3104241],[103.8879113,1.310431],[103.8879274,1.3104526],[103.8878994,1.3104737],[103.8878957,1.3104919],[103.8879005,1.3104929],[103.8878994,1.3104984],[103.8879981,1.3105185],[103.8879991,1.3105135],[103.8880041,1.3105145],[103.8880031,1.3105195],[103.8880343,1.3105278],[103.8880367,1.3105161],[103.8880162,1.3105119],[103.8880292,1.3104473],[103.8880844,1.3104586],[103.8880828,1.3104667],[103.888141,1.3104786],[103.8881436,1.3104658],[103.8881955,1.3104763],[103.8881949,1.3104793],[103.8882224,1.3104849],[103.8882141,1.310526],[103.8882067,1.3105245],[103.8882018,1.3105489],[103.8881791,1.3105443],[103.8881767,1.310556],[103.8881715,1.3105549],[103.888171,1.3105574],[103.8881301,1.3105491],[103.8881275,1.3105625],[103.8881683,1.3105708],[103.8881679,1.310573],[103.8881731,1.3105741],[103.8881708,1.3105857],[103.8881926,1.3105901],[103.8881878,1.3106142],[103.8881952,1.3106157],[103.8881868,1.3106575],[103.8881592,1.3106518],[103.8881586,1.3106548],[103.8881065,1.3106442],[103.8881092,1.3106309]]]}},{"type":"Feature","properties":{"type":"HDB"},"geometry":{"type":"Polygon","coordinates":[[[103.885186,1.3095525],[103.8852013,1.3095123],[103.885182,1.3095057],[103.8851874,1.309487],[103.8851389,1.3094705],[103.8851403,1.3094663],[103.8851354,1.3094646],[103.8851285,1.3094851],[103.8851225,1.3094851],[103.8851092,1.3095287],[103.884986,1.3094868],[103.8850012,1.3094439],[103.8849964,1.3094402],[103.8850144,1.3093866],[103.8850114,1.3093856],[103.8850102,1.3093891],[103.8849893,1.309382],[103.8850101,1.3093202],[103.8850622,1.309338],[103.8850588,1.3093481],[103.8851199,1.3093689],[103.8851233,1.3093587],[103.8851762,1.3093767],[103.8851546,1.3094382],[103.8851351,1.3094315],[103.8851306,1.3094451],[103.8851355,1.3094467],[103.885137,1.3094424],[103.885176,1.3094556],[103.8851833,1.3094374],[103.8852025,1.3094439],[103.8852142,1.3094031],[103.8853229,1.3094401],[103.8853083,1.3094799],[103.8853271,1.3094863],[103.885322,1.3095056],[103.8853686,1.3095204],[103.8853671,1.3095249],[103.8853717,1.3095264],[103.8853763,1.3095128],[103.8853569,1.3095063],[103.8853765,1.3094445],[103.8854293,1.3094624],[103.8854261,1.3094722],[103.8854868,1.3094929],[103.8854901,1.3094831],[103.8855422,1.3095008],[103.8855216,1.3095623],[103.8855021,1.3095557],[103.885497,1.309571],[103.8854791,1.3095661],[103.8854731,1.3095841],[103.8854525,1.3095771],[103.8854539,1.3095729],[103.8854416,1.3095688],[103.8854352,1.309588],[103.8854536,1.3095942],[103.8854387,1.3096388],[103.8853775,1.309618],[103.8853737,1.3096293],[103.8853442,1.3096193],[103.8853454,1.3096158],[103.8853223,1.309608],[103.8853449,1.3095405],[103.8853333,1.3095377],[103.8853263,1.3095562],[103.8853071,1.3095496],[103.8852949,1.3095903],[103.885186,1.3095525]]]}},{"type":"Feature","properties":{"type":"HDB"},"geometry":{"type":"Polygon","coordinates":[[[103.885186,1.3095525],[103.8852013,1.3095123],[103.885182,1.3095057],[103.8851874,1.309487],[103.8851389,1.3094705],[103.8851403,1.3094663],[103.8851354,1.3094646],[103.8851285,1.3094851],[103.8851225,1.3094851],[103.8851092,1.3095287],[103.884986,1.3094868],[103.8850012,1.3094439],[103.8849964,1.3094402],[103.8850144,1.3093866],[103.8850114,1.3093856],[103.8850102,1.3093891],[103.8849893,1.309382],[103.8850101,1.3093202],[103.8850622,1.309338],[103.8850588,1.3093481],[103.8851199,1.3093689],[103.8851233,1.3093587],[103.8851762,1.3093767],[103.8851546,1.3094382],[103.8851351,1.3094315],[103.8851306,1.3094451],[103.8851355,1.3094467],[103.885137,1.3094424],[103.885176,1.3094556],[103.8851833,1.3094374],[103.8852025,1.3094439],[103.8852142,1.3094031],[103.8853229,1.3094401],[103.8853083,1.3094799],[103.8853271,1.3094863],[103.885322,1.3095056],[103.8853686,1.3095204],[103.8853671,1.3095249],[103.8853717,1.3095264],[103.8853763,1.3095128],[103.8853569,1.3095063],[103.8853765,1.3094445],[103.8854293,1.3094624],[103.8854261,1.3094722],[103.8854868,1.3094929],[103.8854901,1.3094831],[103.8855422,1.3095008],[103.8855216,1.3095623],[103.8855021,1.3095557],[103.885497,1.309571],[103.8854791,1.3095661],[103.8854731,1.3095841],[103.8854525,1.3095771],[103.8854539,1.3095729],[103.8854416,1.3095688],[103.8854352,1.309588],[103.8854536,1.3095942],[103.8854387,1.3096388],[103.8853775,1.309618],[103.8853737,1.3096293],[103.8853442,1.3096193],[103.8853454,1.3096158],[103.8853223,1.309608],[103.8853449,1.3095405],[103.8853333,1.3095377],[103.8853263,1.3095562],[103.8853071,1.3095496],[103.8852949,1.3095903],[103.885186,1.3095525]]]}},{"type":"Feature","properties":{"type":"HDB"},"geometry":{"type":"Polygon","coordinates":[[[103.8851763,1.3098271],[103.8852205,1.3098493],[103.8852294,1.3098321],[103.8853051,1.3098711],[103.8852961,1.3098898],[103.8853087,1.3098949],[103.8852675,1.3099763],[103.8851778,1.3099301],[103.8851632,1.3099589],[103.8851228,1.3099377],[103.8851355,1.3099128],[103.8849479,1.3098158],[103.8849326,1.3098457],[103.8849167,1.3098379],[103.8849154,1.3098338],[103.8849289,1.3098059],[103.8848822,1.3097818],[103.8848841,1.3097781],[103.8848317,1.3097516],[103.8848728,1.3096695],[103.8848852,1.3096758],[103.8848939,1.3096587],[103.8849693,1.3096975],[103.8849603,1.3097144],[103.8850049,1.3097383],[103.8850136,1.3097205],[103.8850892,1.3097595],[103.8850809,1.3097776],[103.8851012,1.309787],[103.8851099,1.3097701],[103.8851853,1.309809],[103.8851763,1.3098271]]]}},{"type":"Feature","properties":{"type":"HDB"},"geometry":{"type":"Polygon","coordinates":[[[103.885836,1.3098357],[103.8858135,1.3098281],[103.8858121,1.309832],[103.8857827,1.3098221],[103.8857865,1.3098106],[103.8857247,1.3097897],[103.8857396,1.3097449],[103.8857519,1.309749],[103.8857567,1.3097345],[103.8857158,1.3097207],[103.885722,1.3097022],[103.8856994,1.3096946],[103.8856958,1.3096913],[103.8857007,1.3096767],[103.8856812,1.3096701],[103.8857009,1.3096079],[103.8857539,1.3096258],[103.8857506,1.3096356],[103.8858113,1.3096561],[103.8858146,1.3096463],[103.8858681,1.3096643],[103.885846,1.3097265],[103.8858265,1.3097199],[103.8858218,1.3097339],[103.885827,1.3097356],[103.8858286,1.3097309],[103.8858828,1.3097492],[103.8858812,1.3097539],[103.8858929,1.3097579],[103.8858945,1.3097532],[103.8859273,1.3097643],[103.8859258,1.309769],[103.8859306,1.3097706],[103.8859425,1.3097349],[103.8859233,1.3097284],[103.8859296,1.3097093],[103.8858941,1.3096973],[103.8858905,1.3096942],[103.8858949,1.309681],[103.885877,1.309675],[103.8858965,1.3096121],[103.8859515,1.3096307],[103.8859486,1.3096396],[103.8860031,1.309658],[103.8860061,1.3096491],[103.8860611,1.3096677],[103.8860392,1.3097301],[103.8860212,1.309724],[103.8860166,1.3097377],[103.8859924,1.3097305],[103.8859871,1.3097465],[103.8860391,1.3097628],[103.8859242,1.3101075],[103.8858974,1.3100985],[103.8858822,1.3101503],[103.8858909,1.3101532],[103.8858724,1.3102086],[103.8858113,1.310186],[103.8858175,1.3101675],[103.8858039,1.3101629],[103.8858196,1.3101173],[103.8858154,1.3101158],[103.8858266,1.3100824],[103.885831,1.3100839],[103.8858346,1.3100729],[103.8858302,1.3100714],[103.8858636,1.3099714],[103.885868,1.3099729],[103.8858718,1.3099616],[103.8858674,1.3099601],[103.8859,1.3098622],[103.8859044,1.3098637],[103.8859081,1.3098528],[103.8859037,1.3098513],[103.8859236,1.3097913],[103.885886,1.3097786],[103.8858874,1.3097745],[103.8858757,1.3097705],[103.8858743,1.3097747],[103.8858582,1.3097692],[103.885836,1.3098357]]]}},{"type":"Feature","properties":{"type":"HDB"},"geometry":{"type":"Polygon","coordinates":[[[103.885836,1.3098357],[103.8858135,1.3098281],[103.8858121,1.309832],[103.8857827,1.3098221],[103.8857865,1.3098106],[103.8857247,1.3097897],[103.8857396,1.3097449],[103.8857519,1.309749],[103.8857567,1.3097345],[103.8857158,1.3097207],[103.885722,1.3097022],[103.8856994,1.3096946],[103.8856958,1.3096913],[103.8857007,1.3096767],[103.8856812,1.3096701],[103.8857009,1.3096079],[103.8857539,1.3096258],[103.8857506,1.3096356],[103.8858113,1.3096561],[103.8858146,1.3096463],[103.8858681,1.3096643],[103.885846,1.3097265],[103.8858265,1.3097199],[103.8858218,1.3097339],[103.885827,1.3097356],[103.8858286,1.3097309],[103.8858828,1.3097492],[103.8858812,1.3097539],[103.8858929,1.3097579],[103.8858945,1.3097532],[103.8859273,1.3097643],[103.8859258,1.309769],[103.8859306,1.3097706],[103.8859425,1.3097349],[103.8859233,1.3097284],[103.8859296,1.3097093],[103.8858941,1.3096973],[103.8858905,1.3096942],[103.8858949,1.309681],[103.885877,1.309675],[103.8858965,1.3096121],[103.8859515,1.3096307],[103.8859486,1.3096396],[103.8860031,1.309658],[103.8860061,1.3096491],[103.8860611,1.3096677],[103.8860392,1.3097301],[103.8860212,1.309724],[103.8860166,1.3097377],[103.8859924,1.3097305],[103.8859871,1.3097465],[103.8860391,1.3097628],[103.8859242,1.3101075],[103.8858974,1.3100985],[103.8858822,1.3101503],[103.8858909,1.3101532],[103.8858724,1.3102086],[103.8858113,1.310186],[103.8858175,1.3101675],[103.8858039,1.3101629],[103.8858196,1.3101173],[103.8858154,1.3101158],[103.8858266,1.3100824],[103.885831,1.3100839],[103.8858346,1.3100729],[103.8858302,1.3100714],[103.8858636,1.3099714],[103.885868,1.3099729],[103.8858718,1.3099616],[103.8858674,1.3099601],[103.8859,1.3098622],[103.8859044,1.3098637],[103.8859081,1.3098528],[103.8859037,1.3098513],[103.8859236,1.3097913],[103.885886,1.3097786],[103.8858874,1.3097745],[103.8858757,1.3097705],[103.8858743,1.3097747],[103.8858582,1.3097692],[103.885836,1.3098357]]]}},{"type":"Feature","properties":{"type":"HDB"},"geometry":{"type":"Polygon","coordinates":[[[103.8866449,1.3102654],[103.8866269,1.3102593],[103.8866188,1.3102832],[103.8865055,1.3102443],[103.8865132,1.3102217],[103.8863331,1.3101597],[103.8865012,1.3096642],[103.886556,1.3096832],[103.8865502,1.3097002],[103.8867195,1.3097583],[103.8867341,1.3097662],[103.8867483,1.3097843],[103.8867529,1.3098107],[103.8867345,1.3098682],[103.8867751,1.3098822],[103.8866449,1.3102654]]]}},{"type":"Feature","properties":{"type":"HDB"},"geometry":{"type":"Polygon","coordinates":[[[103.8872035,1.3101271],[103.8871869,1.3102083],[103.8871425,1.3101991],[103.8871447,1.3101885],[103.8871294,1.3101853],[103.887135,1.3101576],[103.8871135,1.3101531],[103.8871252,1.3100957],[103.8871131,1.3100932],[103.8871325,1.3099979],[103.8870923,1.3099896],[103.8870897,1.3100026],[103.887073,1.3099992],[103.8870691,1.3100186],[103.8870968,1.3100243],[103.8870936,1.3100398],[103.8871042,1.310042],[103.8870951,1.3100866],[103.8870146,1.31007],[103.8870168,1.3100594],[103.8869578,1.3100472],[103.8869556,1.3100578],[103.886875,1.3100411],[103.8868841,1.3099967],[103.8868946,1.3099989],[103.8868978,1.3099832],[103.8869254,1.309989],[103.8869299,1.3099672],[103.886985,1.3099786],[103.8869882,1.3099631],[103.8870779,1.3099816],[103.8870807,1.309968],[103.887055,1.3099626],[103.8870653,1.3099126],[103.8869258,1.3098837],[103.8869239,1.309893],[103.8868564,1.309879],[103.8868658,1.3098325],[103.8868384,1.3098268],[103.8868415,1.3098116],[103.886831,1.3098094],[103.8868401,1.3097647],[103.8869207,1.3097813],[103.8869185,1.309792],[103.8869773,1.3098042],[103.8869795,1.3097934],[103.88706,1.3098101],[103.8870509,1.3098547],[103.8870403,1.3098525],[103.8870372,1.3098681],[103.8870097,1.3098624],[103.8870058,1.3098817],[103.8870963,1.3099004],[103.8871,1.309882],[103.8870741,1.3098766],[103.8870859,1.3098188],[103.8871405,1.30983],[103.8871383,1.309841],[103.8871971,1.3098532],[103.8871992,1.3098432],[103.8872541,1.3098545],[103.8872424,1.3099115],[103.8872164,1.3099061],[103.8872122,1.3099268],[103.8871909,1.3099224],[103.887182,1.309966],[103.8871635,1.3099622],[103.8871584,1.309987],[103.8871533,1.3099859],[103.8871461,1.3100214],[103.8871654,1.3100254],[103.8871704,1.3100013],[103.8872268,1.3100129],[103.8872155,1.3100679],[103.8872048,1.3100657],[103.8871927,1.3101249],[103.8872035,1.3101271]]]}},{"type":"Feature","properties":{"type":"HDB"},"geometry":{"type":"Polygon","coordinates":[[[103.8856343,1.3102549],[103.8853075,1.3100871],[103.8854602,1.3097825],[103.8857871,1.3099503],[103.8857074,1.3101092],[103.8857169,1.3101141],[103.8856899,1.3101681],[103.8856803,1.3101632],[103.8856343,1.3102549]]]}},{"type":"Feature","properties":{"type":"HDB"},"geometry":{"type":"Polygon","coordinates":[[[103.8856343,1.3102549],[103.8853075,1.3100871],[103.8854602,1.3097825],[103.8857871,1.3099503],[103.8857074,1.3101092],[103.8857169,1.3101141],[103.8856899,1.3101681],[103.8856803,1.3101632],[103.8856343,1.3102549]]]}},{"type":"Feature","properties":{"type":"HDB"},"geometry":{"type":"Polygon","coordinates":[[[103.8841212,1.3103499],[103.8841212,1.3103156],[103.8836736,1.3103155],[103.8836737,1.30995],[103.8842175,1.3099501],[103.8842174,1.3103156],[103.8841491,1.3103156],[103.884149,1.31035],[103.8841212,1.3103499]]]}},{"type":"Feature","properties":{"type":"LANDMARK"},"geometry":{"type":"Polygon","coordinates":[[[103.8939402,1.312066],[103.8937587,1.3120637],[103.8937602,1.3119764],[103.8938863,1.3119797],[103.8938865,1.3119518],[103.894011,1.3119532],[103.8940118,1.3120881],[103.8939399,1.3120867],[103.8939402,1.312066]]]}},{"type":"Feature","properties":{"type":"LANDMARK"},"geometry":{"type":"Polygon","coordinates":[[[103.8939513,1.312351],[103.8935871,1.3123474],[103.8935893,1.3121956],[103.8939502,1.3122009],[103.8939504,1.3121884],[103.8939776,1.3121888],[103.8939774,1.3122],[103.8939904,1.3122002],[103.8939905,1.312189],[103.8940183,1.3121894],[103.8940182,1.3122007],[103.8940268,1.3122008],[103.8940247,1.3123524],[103.8940187,1.3123523],[103.8940185,1.3123633],[103.8939906,1.3123629],[103.8939907,1.3123511],[103.8939773,1.3123509],[103.8939772,1.3123627],[103.8939512,1.3123623],[103.8939513,1.312351]]]}},{"type":"Feature","properties":{"type":"HDB"},"geometry":{"type":"Polygon","coordinates":[[[103.8954729,1.3132144],[103.8954008,1.3132139],[103.894961,1.3132236],[103.894958,1.3131516],[103.8949706,1.3131511],[103.8949697,1.3131121],[103.8949833,1.3131127],[103.8949829,1.3130708],[103.8950137,1.3130706],[103.895022,1.3130824],[103.8950291,1.3130824],[103.8950372,1.3130698],[103.8950674,1.3130692],[103.8950684,1.3131056],[103.895118,1.3131043],[103.8951175,1.3130684],[103.8951482,1.3130678],[103.8951564,1.3130802],[103.8951637,1.3130805],[103.8951719,1.3130675],[103.8952025,1.3130673],[103.8952031,1.3131008],[103.8952259,1.3131003],[103.8952254,1.3130664],[103.8952559,1.313066],[103.8952647,1.3130785],[103.8952718,1.3130785],[103.8952796,1.3130652],[103.8953103,1.3130647],[103.8953107,1.3131019],[103.8953603,1.3131012],[103.8953601,1.3130641],[103.895391,1.3130634],[103.8953993,1.3130752],[103.8954069,1.3130752],[103.8954141,1.3130631],[103.8954449,1.3130625],[103.8954457,1.3131042],[103.8954594,1.3131036],[103.8954596,1.3131428],[103.8954731,1.3131421],[103.8954729,1.3132144]]]}},{"type":"Feature","properties":{"type":"LANDMARK"},"geometry":{"type":"Polygon","coordinates":[[[103.8936487,1.3132614],[103.8936826,1.3132615],[103.8936827,1.3132558],[103.8937144,1.3132567],[103.8937146,1.3132649],[103.8937545,1.3132662],[103.893754,1.3132799],[103.893787,1.3132811],[103.8937861,1.3133053],[103.8938039,1.313306],[103.8938011,1.3133835],[103.8937794,1.3133827],[103.8937785,1.3134069],[103.8937469,1.3134058],[103.8937463,1.313422],[103.8937149,1.3134207],[103.8937145,1.3134384],[103.8936779,1.3134377],[103.8936783,1.3134198],[103.8936457,1.3134185],[103.8936465,1.3133955],[103.8935909,1.3133935],[103.8935919,1.3133669],[103.8935796,1.3133665],[103.8935818,1.3132933],[103.8935945,1.313294],[103.8935955,1.3132753],[103.8936481,1.3132772],[103.8936487,1.3132614]]]}},{"type":"Feature","properties":{"type":"LANDMARK"},"geometry":{"type":"Polygon","coordinates":[[[103.8945163,1.3138514],[103.8945179,1.3137519],[103.8945346,1.3137522],[103.8945371,1.3135862],[103.8945165,1.3135859],[103.8945186,1.3134501],[103.8945389,1.3134504],[103.8945414,1.313289],[103.8945204,1.3132887],[103.8945216,1.3132097],[103.8946244,1.3132114],[103.8946124,1.3138529],[103.8945163,1.3138514]]]}},{"type":"Feature","properties":{"type":"HDB"},"geometry":{"type":"Polygon","coordinates":[[[103.8955231,1.3134324],[103.8955216,1.3134354],[103.8955251,1.3134371],[103.8955153,1.3134572],[103.8955364,1.3134675],[103.8955461,1.3134474],[103.895549,1.3134488],[103.8955504,1.3134458],[103.8956349,1.3134873],[103.8956067,1.3135452],[103.8956213,1.3135511],[103.8956075,1.3135784],[103.8955402,1.3135441],[103.8955215,1.3135826],[103.8955888,1.313615],[103.895574,1.3136445],[103.8955609,1.3136367],[103.895533,1.313694],[103.8954483,1.3136542],[103.8954501,1.3136492],[103.8954178,1.3136334],[103.8954148,1.3136381],[103.8953324,1.3135957],[103.8953595,1.313538],[103.8953442,1.3135294],[103.8953575,1.3135006],[103.8954246,1.3135338],[103.8954433,1.3134985],[103.8953756,1.3134662],[103.8953896,1.3134383],[103.895404,1.3134454],[103.8954328,1.313388],[103.8955231,1.3134324]]]}},{"type":"Feature","properties":{"type":"HDB"},"geometry":{"type":"Polygon","coordinates":[[[103.8954313,1.3138259],[103.895493,1.3138563],[103.8954624,1.3139198],[103.8954514,1.3139139],[103.8954333,1.3139504],[103.8954215,1.3139441],[103.8954095,1.3139692],[103.895333,1.3139318],[103.8953448,1.3139078],[103.8953243,1.3138976],[103.8953125,1.3139216],[103.8952361,1.313884],[103.8952481,1.3138588],[103.895204,1.3138381],[103.8951912,1.3138622],[103.8951149,1.3138249],[103.8951252,1.313802],[103.8950227,1.3137512],[103.8950105,1.313732],[103.8950082,1.3136164],[103.8949696,1.3136171],[103.8949679,1.3135313],[103.8949816,1.3135313],[103.8949806,1.3134812],[103.8949669,1.3134812],[103.8949655,1.313396],[103.8949808,1.3133955],[103.8949803,1.3133726],[103.8949649,1.3133728],[103.8949643,1.3133418],[103.8949774,1.3133332],[103.8949766,1.3132741],[103.895111,1.3132719],[103.8951146,1.3134803],[103.8951383,1.3134801],[103.8951386,1.3135278],[103.8951161,1.313528],[103.8951174,1.3136452],[103.8951465,1.3136937],[103.8954298,1.313829],[103.8954313,1.3138259]]]}},{"type":"Feature","properties":{"type":"HDB"},"geometry":{"type":"Polygon","coordinates":[[[103.8959406,1.3140595],[103.8958539,1.314017],[103.895883,1.3139568],[103.8958308,1.3139315],[103.8958446,1.3139036],[103.8958803,1.3139211],[103.8959392,1.3137997],[103.8959155,1.313788],[103.8959259,1.3137664],[103.8959491,1.3137779],[103.8960099,1.313653],[103.8959861,1.3136414],[103.8959965,1.3136199],[103.8960203,1.3136317],[103.8960786,1.3135096],[103.8960431,1.3134923],[103.8960568,1.3134642],[103.8960922,1.3134816],[103.896151,1.3133606],[103.8961274,1.3133489],[103.8961379,1.3133273],[103.8961614,1.3133389],[103.8961627,1.3133363],[103.8961791,1.3133435],[103.8962081,1.3132832],[103.8962135,1.3132847],[103.8962951,1.3133257],[103.896278,1.3133615],[103.8962968,1.3133705],[103.8962594,1.313448],[103.8962407,1.3134389],[103.8962073,1.313508],[103.896226,1.3135172],[103.8961888,1.3135941],[103.8961701,1.3135849],[103.8961367,1.313654],[103.8961554,1.3136632],[103.8961179,1.3137408],[103.8960992,1.3137316],[103.8960658,1.3138007],[103.8960845,1.3138099],[103.8960472,1.3138871],[103.8960285,1.313878],[103.8959951,1.3139471],[103.8960138,1.3139563],[103.8959765,1.3140335],[103.8959578,1.3140243],[103.8959406,1.3140595]]]}},{"type":"Feature","properties":{"type":"LANDMARK"},"geometry":{"type":"Polygon","coordinates":[[[103.8914164,1.3144728],[103.8913379,1.3144597],[103.8913427,1.3144229],[103.8913069,1.3144146],[103.8913179,1.3143453],[103.8912862,1.3143411],[103.891291,1.3143113],[103.8913227,1.3143154],[103.8913503,1.314156],[103.8915108,1.3141775],[103.8914811,1.314339],[103.8915115,1.3143446],[103.8915059,1.3143778],[103.8914749,1.3143723],[103.8914619,1.3144402],[103.8914233,1.3144354],[103.8914164,1.3144728]]]}},{"type":"Feature","properties":{"type":"HDB"},"geometry":{"type":"Polygon","coordinates":[[[103.8961314,1.3145083],[103.896122,1.3145276],[103.8961091,1.3145225],[103.8960474,1.3144911],[103.8960567,1.3144718],[103.8960329,1.3144601],[103.8960236,1.3144794],[103.8960105,1.3144742],[103.8959488,1.3144428],[103.8959581,1.3144236],[103.8959344,1.3144119],[103.8959251,1.3144312],[103.8958505,1.3143947],[103.8958598,1.3143754],[103.8957867,1.3143397],[103.8957774,1.3143589],[103.895703,1.3143226],[103.8957125,1.3143034],[103.8956989,1.3142969],[103.8957374,1.3142182],[103.8964294,1.3145566],[103.8963916,1.3146358],[103.8963784,1.3146292],[103.8963691,1.3146487],[103.896294,1.3146118],[103.8963034,1.3145924],[103.8962298,1.3145565],[103.8962205,1.3145758],[103.896146,1.3145393],[103.8961553,1.31452],[103.8961314,1.3145083]]]}},{"type":"Feature","properties":{"type":"HDB"},"geometry":{"type":"Polygon","coordinates":[[[103.8970325,1.3138418],[103.8969712,1.313812],[103.8969537,1.3138487],[103.897015,1.3138784],[103.8970013,1.3139069],[103.8969874,1.3139],[103.8969593,1.3139559],[103.896872,1.3139132],[103.8968761,1.3139049],[103.8968524,1.3138939],[103.8968486,1.3139018],[103.8967635,1.3138601],[103.8967899,1.3138034],[103.896776,1.3137968],[103.8967892,1.3137694],[103.8968496,1.313799],[103.8968677,1.3137616],[103.8968073,1.313732],[103.896821,1.3137037],[103.8968346,1.3137104],[103.8968624,1.3136543],[103.8969485,1.3136965],[103.8969318,1.313731],[103.8969559,1.3137428],[103.8969726,1.3137083],[103.8970588,1.3137506],[103.8970322,1.3138072],[103.8970459,1.3138138],[103.8970325,1.3138418]]]}},{"type":"Feature","properties":{"type":"HDB"},"geometry":{"type":"Polygon","coordinates":[[[103.8965083,1.3152261],[103.8964216,1.3151836],[103.8964505,1.3151234],[103.8963986,1.3150982],[103.896412,1.3150702],[103.8964479,1.3150874],[103.8965071,1.3149659],[103.8964832,1.3149545],[103.8964936,1.3149328],[103.8965172,1.3149444],[103.8965775,1.3148197],[103.8965538,1.3148082],[103.8965643,1.3147864],[103.8965877,1.3147982],[103.8966464,1.314676],[103.8966111,1.3146592],[103.8966245,1.314631],[103.89666,1.3146482],[103.896719,1.3145266],[103.8966951,1.3145152],[103.8967055,1.3144936],[103.8967292,1.3145054],[103.8967309,1.314502],[103.896747,1.31451],[103.8967761,1.3144496],[103.8967813,1.3144511],[103.8968629,1.3144921],[103.8968458,1.3145278],[103.8968646,1.3145374],[103.8968271,1.3146148],[103.8968082,1.3146055],[103.8967747,1.3146747],[103.8967937,1.314684],[103.8967564,1.3147611],[103.8967374,1.3147518],[103.896704,1.314821],[103.896723,1.3148303],[103.8966856,1.3149076],[103.8966666,1.3148982],[103.8966332,1.3149674],[103.8966522,1.3149767],[103.8966158,1.3150521],[103.8965967,1.3150428],[103.8965629,1.3151127],[103.896582,1.315122],[103.8965445,1.3151996],[103.8965252,1.3151906],[103.8965083,1.3152261]]]}},{"type":"Feature","properties":{"type":"HDB"},"geometry":{"type":"Polygon","coordinates":[[[103.8987118,1.315511],[103.8987059,1.3155389],[103.8986079,1.3155213],[103.8986111,1.315493],[103.8985571,1.3154848],[103.8984762,1.3152599],[103.8985155,1.3152194],[103.8986122,1.3152386],[103.8986252,1.3152746],[103.8985634,1.3152947],[103.8985811,1.3153436],[103.898642,1.3153215],[103.8986618,1.3153719],[103.8986522,1.3154215],[103.8986997,1.3154293],[103.8987078,1.3153669],[103.8988183,1.315386],[103.8988073,1.3154511],[103.8988456,1.3154585],[103.8988619,1.3153878],[103.8989186,1.3153183],[103.8989656,1.3153583],[103.8989961,1.3153151],[103.8989497,1.3152755],[103.8989813,1.3152386],[103.8990175,1.3152429],[103.8990227,1.31526],[103.8990856,1.3152668],[103.8990952,1.3152981],[103.8989045,1.3155201],[103.8987965,1.3155019],[103.8987939,1.3155257],[103.8987118,1.315511]]]}},{"type":"Feature","properties":{"type":"HDB"},"geometry":{"type":"Polygon","coordinates":[[[103.8996326,1.3157137],[103.8995807,1.3159917],[103.8995201,1.3160657],[103.8993417,1.3160328],[103.8993124,1.3159472],[103.8992,1.3159274],[103.8991215,1.3160215],[103.898924,1.3159855],[103.8989218,1.3160022],[103.8987784,1.3159811],[103.8986284,1.3155537],[103.8985798,1.315548],[103.8984757,1.3152587],[103.8985131,1.3152148],[103.8986728,1.3152444],[103.8988844,1.3149968],[103.8991814,1.3150529],[103.8991832,1.3150577],[103.8990846,1.3155849],[103.8993338,1.3156335],[103.8993427,1.3156595],[103.8993653,1.3156632],[103.8993822,1.3156432],[103.8996232,1.3156872],[103.8996326,1.3157137]]]}},{"type":"Feature","properties":{"type":"HDB"},"geometry":{"type":"Polygon","coordinates":[[[103.8987048,1.3157128],[103.8987233,1.3156881],[103.8987849,1.3157026],[103.8987926,1.3156946],[103.8988235,1.3157018],[103.8988413,1.3157491],[103.8987845,1.31577],[103.8988032,1.3158198],[103.8988591,1.3157982],[103.8988773,1.3158491],[103.8988696,1.3158911],[103.8989144,1.3158995],[103.8989244,1.3158371],[103.8990337,1.3158562],[103.899025,1.3159235],[103.8990653,1.3159286],[103.8990824,1.3158539],[103.8991313,1.3157935],[103.8991807,1.315834],[103.8992145,1.3157912],[103.8991682,1.3157493],[103.8991943,1.3157141],[103.8992396,1.3157211],[103.8992389,1.3157329],[103.8992956,1.315743],[103.8993056,1.3157788],[103.8991211,1.315998],[103.8989595,1.3159676],[103.8989576,1.3159824],[103.8989254,1.3159749],[103.8989217,1.3160021],[103.8988234,1.3159874],[103.8988271,1.3159577],[103.8987805,1.3159539],[103.8987048,1.3157128]]]}},{"type":"Feature","properties":{"type":"HDB"},"geometry":{"type":"Polygon","coordinates":[[[103.898234,1.3155563],[103.8985744,1.3156209],[103.8987275,1.3160646],[103.8986309,1.3161782],[103.8981179,1.3160812],[103.8980226,1.315805],[103.898234,1.3155563]]]}},{"type":"Feature","properties":{"type":"HDB"},"geometry":{"type":"Polygon","coordinates":[[[103.8986589,1.3169878],[103.8983307,1.3169226],[103.8983272,1.3169415],[103.8982773,1.3169315],[103.8982627,1.3170054],[103.8981566,1.3169843],[103.8981626,1.3169539],[103.898152,1.3169518],[103.898148,1.3169724],[103.8981037,1.3169629],[103.8981069,1.316948],[103.8980798,1.3169424],[103.8980886,1.3168991],[103.8980807,1.3168975],[103.8980754,1.316924],[103.8980199,1.3169133],[103.898025,1.316887],[103.898017,1.3168855],[103.8980133,1.3169035],[103.8979469,1.3168906],[103.8979251,1.3168815],[103.8978854,1.3168738],[103.897894,1.3168288],[103.8977805,1.3168069],[103.8977719,1.3168477],[103.897637,1.3168061],[103.8975918,1.3167966],[103.8976003,1.3167537],[103.8975629,1.3167455],[103.8976056,1.3165303],[103.8976559,1.3165403],[103.8976772,1.3164328],[103.8977787,1.3164533],[103.8977782,1.3164556],[103.8983069,1.3165613],[103.8983183,1.3165032],[103.8984272,1.3165251],[103.898416,1.3165831],[103.8988881,1.3166773],[103.898829,1.3169742],[103.8988034,1.316969],[103.8987861,1.3170567],[103.8986506,1.3170299],[103.8986589,1.3169878]]]}},{"type":"Feature","properties":{"type":"HDB"},"geometry":{"type":"Polygon","coordinates":[[[103.8979747,1.3169849],[103.8979665,1.3170263],[103.8979458,1.3170222],[103.8979427,1.3170382],[103.8979306,1.3170358],[103.8979287,1.3170455],[103.8979093,1.3170416],[103.8979059,1.3170588],[103.8978763,1.317053],[103.8978729,1.3170702],[103.8978787,1.3170713],[103.8978753,1.3170886],[103.8978946,1.3170924],[103.8978926,1.3171025],[103.8979059,1.3171051],[103.8979029,1.3171204],[103.8979221,1.3171242],[103.8979142,1.3171657],[103.8978876,1.3171599],[103.8978856,1.3171689],[103.8978772,1.3171681],[103.8978311,1.3171578],[103.8978326,1.3171495],[103.8977742,1.3171378],[103.8977726,1.3171463],[103.8977259,1.3171383],[103.8977173,1.3171356],[103.897719,1.3171272],[103.8976926,1.317122],[103.8977011,1.3170805],[103.897721,1.3170844],[103.8977241,1.3170687],[103.8977364,1.3170711],[103.8977383,1.3170612],[103.8977581,1.3170651],[103.8977609,1.3170509],[103.8977363,1.317046],[103.8977354,1.3170509],[103.8977301,1.3170499],[103.897731,1.317045],[103.8976943,1.3170377],[103.897689,1.3170649],[103.8976453,1.3170562],[103.8976347,1.3171103],[103.8976327,1.3171098],[103.8976334,1.3171042],[103.8976061,1.3170988],[103.8976031,1.3171129],[103.8975485,1.3171018],[103.8975493,1.3170977],[103.8975271,1.3170929],[103.8975279,1.3170891],[103.8975232,1.3170881],[103.8975313,1.3170466],[103.8975524,1.3170509],[103.8975555,1.3170355],[103.8975669,1.3170378],[103.8975689,1.3170276],[103.8975884,1.3170315],[103.8975917,1.3170143],[103.8976129,1.3170182],[103.897616,1.3170013],[103.8975951,1.316997],[103.8975985,1.3169797],[103.8975792,1.3169758],[103.8975812,1.316966],[103.8975689,1.3169636],[103.8975718,1.3169479],[103.8975514,1.3169439],[103.8975596,1.3169025],[103.8975863,1.3169084],[103.8975881,1.3168995],[103.8976431,1.3169105],[103.8976402,1.3169251],[103.8976677,1.3169305],[103.8976688,1.316924],[103.8976714,1.3169246],[103.8976665,1.3169498],[103.8976853,1.3169535],[103.897688,1.316955],[103.8976873,1.3169599],[103.8977254,1.3169675],[103.8977304,1.3169412],[103.8977574,1.3169459],[103.8977589,1.3169383],[103.8978151,1.3169494],[103.897812,1.316965],[103.8978386,1.3169694],[103.8978399,1.3169632],[103.8978426,1.3169637],[103.8978371,1.3169921],[103.8978563,1.3169959],[103.8978628,1.3169628],[103.8978653,1.3169633],[103.897864,1.3169698],[103.8978912,1.3169753],[103.8978942,1.3169601],[103.897941,1.3169686],[103.8979492,1.316971],[103.8979478,1.3169798],[103.8979747,1.3169849]]]}},{"type":"Feature","properties":{"type":"HDB"},"geometry":{"type":"Polygon","coordinates":[[[103.8986241,1.3169809],[103.8986203,1.3170006],[103.8986893,1.3170144],[103.8986125,1.3174051],[103.898685,1.31742],[103.8986781,1.3174558],[103.8986805,1.3174562],[103.89868,1.3174592],[103.8986763,1.3174585],[103.8986738,1.3174715],[103.8986704,1.3174708],[103.898671,1.317468],[103.8986032,1.3174554],[103.8986028,1.3174574],[103.8979409,1.3173259],[103.8979429,1.3173141],[103.8979365,1.3173128],[103.8979523,1.3172322],[103.8979586,1.3172333],[103.8979693,1.3171818],[103.8980105,1.3171901],[103.8980324,1.3170973],[103.8980184,1.3170948],[103.8980295,1.317037],[103.8979667,1.3170254],[103.8979701,1.3170081],[103.8980469,1.3170235],[103.8980476,1.3170207],[103.8980508,1.3170217],[103.8980489,1.31703],[103.8981166,1.3170431],[103.8981319,1.3169687],[103.8981039,1.3169631],[103.8981138,1.3169117],[103.8981438,1.3169176],[103.8981463,1.3169051],[103.8983272,1.3169415],[103.8983307,1.3169226],[103.8986241,1.3169809]]]}},{"type":"Feature","properties":{"type":"HDB"},"geometry":{"type":"Polygon","coordinates":[[[103.8978751,1.3174818],[103.897867,1.3175226],[103.8978421,1.3175175],[103.8978404,1.3175261],[103.8978319,1.3175254],[103.8977856,1.3175152],[103.8977884,1.3175011],[103.8977607,1.3174956],[103.8977595,1.3175012],[103.8977573,1.3175008],[103.8977638,1.317468],[103.8977451,1.3174642],[103.8977383,1.3174925],[103.8977361,1.3174921],[103.8977376,1.3174848],[103.8977099,1.3174793],[103.8977068,1.3174949],[103.8976518,1.317484],[103.8976534,1.3174755],[103.897627,1.3174702],[103.8976321,1.317444],[103.8975934,1.3174365],[103.8975894,1.3174417],[103.8975705,1.3174379],[103.8975656,1.3174626],[103.8975358,1.3174566],[103.8975341,1.3174653],[103.897479,1.3174543],[103.8974807,1.3174458],[103.8974539,1.3174404],[103.8974619,1.3173991],[103.8974825,1.3174032],[103.8974856,1.3173876],[103.8974977,1.31739],[103.8974996,1.3173803],[103.8975194,1.3173842],[103.8975228,1.3173668],[103.8975434,1.3173709],[103.8975468,1.3173536],[103.897526,1.3173494],[103.8975294,1.3173319],[103.8975098,1.317328],[103.8975116,1.3173186],[103.8974997,1.3173163],[103.8975028,1.3173005],[103.8974822,1.3172964],[103.89749,1.317255],[103.8975171,1.3172604],[103.8975187,1.3172519],[103.8975663,1.3172604],[103.8975739,1.3172629],[103.8975711,1.317277],[103.8975985,1.3172825],[103.8975996,1.317277],[103.8976021,1.3172775],[103.8975931,1.3173235],[103.8976017,1.3173252],[103.8976002,1.3173331],[103.8976354,1.3173401],[103.89763,1.3173673],[103.8976672,1.3173747],[103.8976682,1.3173692],[103.8976732,1.3173702],[103.897672,1.3173763],[103.8976764,1.3173772],[103.8976812,1.3173523],[103.8976689,1.3173499],[103.897672,1.3173339],[103.8976517,1.3173299],[103.8976597,1.3172887],[103.8976869,1.3172938],[103.8976885,1.3172857],[103.8977353,1.3172938],[103.8977429,1.3172965],[103.8977412,1.3173052],[103.8977998,1.3173169],[103.8978016,1.317308],[103.8978097,1.3173087],[103.8978564,1.3173191],[103.8978547,1.3173274],[103.8978814,1.3173327],[103.8978734,1.3173741],[103.8978528,1.31737],[103.8978497,1.3173858],[103.8978376,1.3173834],[103.8978357,1.3173932],[103.8978163,1.3173893],[103.8978129,1.3174064],[103.8978078,1.3174054],[103.8978044,1.3174226],[103.8978332,1.3174283],[103.8978297,1.317446],[103.8978492,1.31745],[103.8978473,1.3174597],[103.8978595,1.3174621],[103.8978564,1.3174781],[103.8978751,1.3174818]]]}},{"type":"Feature","properties":{"type":"LANDMARK"},"geometry":{"type":"Polygon","coordinates":[[[103.885972,1.3141723],[103.8861875,1.3140729],[103.8862411,1.3141907],[103.8860254,1.3142902],[103.886012,1.3142608],[103.8859867,1.3142724],[103.8859538,1.3142002],[103.8859794,1.3141884],[103.885972,1.3141723]]]}},{"type":"Feature","properties":{"type":"LANDMARK"},"geometry":{"type":"Polygon","coordinates":[[[103.8862579,1.3143485],[103.8863554,1.314367],[103.8863599,1.314343],[103.8864054,1.3143516],[103.8863793,1.314491],[103.8863319,1.314482],[103.8863365,1.3144574],[103.8862398,1.3144391],[103.886243,1.314422],[103.886201,1.314414],[103.8862113,1.3143592],[103.8862544,1.3143674],[103.8862579,1.3143485]]]}},{"type":"Feature","properties":{"type":"LANDMARK"},"geometry":{"type":"Polygon","coordinates":[[[103.8862238,1.3145256],[103.8863204,1.3145442],[103.8863252,1.314519],[103.8863721,1.3145281],[103.8863469,1.3146602],[103.8863047,1.3146521],[103.8863077,1.3146368],[103.8862066,1.3146173],[103.8862102,1.3145989],[103.8861673,1.3145906],[103.8861774,1.3145379],[103.8862199,1.3145461],[103.8862238,1.3145256]]]}},{"type":"Feature","properties":{"type":"HDB"},"geometry":{"type":"Polygon","coordinates":[[[103.8863846,1.3161393],[103.8863314,1.3161298],[103.8863361,1.3161031],[103.885664,1.3159832],[103.8856593,1.3160099],[103.8856061,1.3160004],[103.885566,1.3158592],[103.8856895,1.3158812],[103.8856795,1.3159378],[103.8857157,1.3159442],[103.8857256,1.3158877],[103.8858894,1.3159169],[103.8858794,1.3159736],[103.8859127,1.3159796],[103.8859227,1.3159228],[103.8861129,1.3159567],[103.8861029,1.3160133],[103.8861364,1.3160193],[103.8861464,1.3159627],[103.8863105,1.315992],[103.8863005,1.3160486],[103.8863366,1.3160551],[103.8863466,1.3159984],[103.8864705,1.3160205],[103.8863846,1.3161393]]]}},{"type":"Feature","properties":{"type":"HDB"},"geometry":{"type":"Polygon","coordinates":[[[103.8861973,1.3164504],[103.8861799,1.316563],[103.8861368,1.3165553],[103.8861452,1.3165074],[103.8861015,1.3164996],[103.8860931,1.3165475],[103.8860486,1.3165396],[103.8860592,1.3164794],[103.8860348,1.316475],[103.8860242,1.3165352],[103.8859804,1.3165274],[103.8859885,1.3164813],[103.8859467,1.3164739],[103.8859386,1.31652],[103.8858402,1.3165024],[103.8858516,1.3164374],[103.8858841,1.3164432],[103.8858874,1.3164246],[103.8858726,1.316422],[103.8858803,1.3163782],[103.8859122,1.3163839],[103.8859231,1.3163216],[103.8857131,1.3162841],[103.8856738,1.3161458],[103.8858064,1.3161694],[103.8857982,1.3162158],[103.8858402,1.3162233],[103.8858484,1.3161769],[103.8859337,1.3161921],[103.8859253,1.31624],[103.8859679,1.3162476],[103.8859763,1.3161998],[103.8860743,1.3162172],[103.886063,1.3162814],[103.8860269,1.316275],[103.8860234,1.3162948],[103.8860396,1.3162977],[103.8860319,1.316341],[103.886001,1.3163355],[103.88599,1.3163978],[103.8861717,1.3164302],[103.886169,1.3164454],[103.8861973,1.3164504]]]}},{"type":"Feature","properties":{"type":"HDB"},"geometry":{"type":"Polygon","coordinates":[[[103.885193,1.3162357],[103.8853251,1.3162593],[103.885317,1.3163055],[103.8853594,1.3163131],[103.8853676,1.3162668],[103.8854526,1.316282],[103.8854445,1.316328],[103.8854871,1.3163356],[103.8854952,1.3162896],[103.8855935,1.3163072],[103.8855822,1.3163714],[103.8855485,1.3163654],[103.885545,1.3163852],[103.8855604,1.316388],[103.8855527,1.3164312],[103.8855215,1.3164257],[103.8855105,1.316488],[103.8856905,1.3165201],[103.8856883,1.3165332],[103.8857201,1.3165388],[103.8857,1.3166531],[103.8856557,1.3166452],[103.8856639,1.3165987],[103.8856197,1.3165908],[103.8856115,1.3166373],[103.8855685,1.3166297],[103.885577,1.3165812],[103.8855517,1.3165766],[103.8855431,1.3166252],[103.8854997,1.3166174],[103.8855078,1.3165715],[103.8854658,1.316564],[103.8854577,1.3166099],[103.8853594,1.3165924],[103.8853709,1.3165267],[103.8854038,1.3165326],[103.8854069,1.3165148],[103.8853919,1.3165121],[103.8853996,1.3164682],[103.8854327,1.3164741],[103.8854437,1.3164118],[103.8852323,1.3163741],[103.885193,1.3162357]]]}},{"type":"Feature","properties":{"type":"HDB"},"geometry":{"type":"Polygon","coordinates":[[[103.8867312,1.3167871],[103.8867227,1.3168355],[103.8866798,1.3168279],[103.8866902,1.3167686],[103.8866632,1.3167638],[103.8866527,1.3168231],[103.8866095,1.3168154],[103.886618,1.3167671],[103.8865737,1.3167592],[103.8865651,1.3168074],[103.8864805,1.3167923],[103.8864888,1.3167453],[103.8864312,1.316735],[103.8864001,1.316778],[103.8863554,1.31677],[103.8863342,1.3167298],[103.8863643,1.3166881],[103.8863367,1.3166366],[103.8862964,1.3166581],[103.8862593,1.3165877],[103.8862962,1.316568],[103.88628,1.3165377],[103.886249,1.3165322],[103.8862416,1.316574],[103.8862043,1.3165673],[103.8862148,1.3165075],[103.8861905,1.3165031],[103.8862,1.3164353],[103.88629,1.3164513],[103.8862868,1.3164691],[103.8863256,1.316476],[103.886344,1.316511],[103.8863599,1.3165025],[103.8864395,1.3166537],[103.8874733,1.3168381],[103.8874708,1.3168522],[103.8875036,1.316858],[103.8874836,1.3169713],[103.8874401,1.3169635],[103.8874486,1.3169156],[103.8874041,1.3169076],[103.8873956,1.3169555],[103.8873526,1.3169479],[103.8873631,1.3168886],[103.8873377,1.3168841],[103.8873273,1.3169434],[103.8872853,1.3169359],[103.8872937,1.3168879],[103.8872488,1.3168799],[103.8872404,1.3169279],[103.8871562,1.3169129],[103.8871647,1.3168646],[103.8871194,1.3168566],[103.8871109,1.3169048],[103.8870271,1.3168898],[103.8870356,1.3168419],[103.8869908,1.3168338],[103.8869824,1.3168818],[103.8868976,1.3168667],[103.886906,1.3168186],[103.8868618,1.3168107],[103.8868533,1.3168588],[103.886767,1.3168434],[103.8867755,1.316795],[103.8867312,1.3167871]]]}},{"type":"Feature","properties":{"type":"HDB"},"geometry":{"type":"Polygon","coordinates":[[[103.88457,1.3175934],[103.88494,1.3176154],[103.8849411,1.3175957],[103.8849534,1.3175847],[103.8849994,1.3175875],[103.8850098,1.3175991],[103.8850086,1.3176195],[103.8853809,1.3176417],[103.8853764,1.3177178],[103.8853485,1.3177161],[103.8853462,1.3177537],[103.8853331,1.3177529],[103.8853316,1.3177782],[103.885318,1.3177789],[103.8852461,1.317773],[103.8852477,1.3177457],[103.8851708,1.3177411],[103.8851692,1.3177682],[103.8851553,1.317769],[103.8850846,1.3177629],[103.8850862,1.3177364],[103.8850096,1.3177318],[103.885008,1.3177588],[103.8849937,1.3177579],[103.8849935,1.3177599],[103.8849239,1.3177539],[103.8849255,1.317727],[103.8848489,1.3177224],[103.8848473,1.3177493],[103.8848328,1.3177485],[103.8848327,1.3177508],[103.8847624,1.3177444],[103.884764,1.3177174],[103.8846872,1.3177128],[103.8846856,1.31774],[103.8846157,1.3177377],[103.8846158,1.3177359],[103.8846015,1.317735],[103.8846031,1.3177081],[103.8845907,1.3177073],[103.8845929,1.3176699],[103.8845656,1.3176682],[103.88457,1.3175934]]]}},{"type":"Feature","properties":{"type":"HDB"},"geometry":{"type":"Polygon","coordinates":[[[103.8853316,1.3177782],[103.8852784,1.3177765],[103.8852864,1.317636],[103.8853809,1.3176417],[103.8853764,1.3177178],[103.8853485,1.3177161],[103.8853462,1.3177537],[103.8853331,1.3177529],[103.8853316,1.3177782]]]}},{"type":"Feature","properties":{"type":"HDB"},"geometry":{"type":"Polygon","coordinates":[[[103.8864386,1.3174892],[103.8864358,1.3174861],[103.8863955,1.3175137],[103.8863968,1.3175162],[103.8863826,1.3175255],[103.8863746,1.3175144],[103.8863479,1.3175315],[103.8863558,1.317544],[103.8863378,1.3175572],[103.8863294,1.3175465],[103.8863315,1.3175349],[103.8863342,1.3175326],[103.8863167,1.3175044],[103.8863184,1.317491],[103.8862918,1.317451],[103.8862824,1.3174565],[103.8862693,1.3174543],[103.8862616,1.3174429],[103.8862652,1.3174298],[103.8862945,1.3174099],[103.8862985,1.3174129],[103.8863478,1.3173808],[103.886357,1.3173845],[103.8864023,1.3173528],[103.8865602,1.3173843],[103.8866025,1.3174471],[103.8866153,1.3174521],[103.8867173,1.3176065],[103.8867125,1.3176359],[103.886758,1.3176461],[103.8867497,1.3176903],[103.8867222,1.3176867],[103.8867034,1.3177811],[103.8866587,1.3178116],[103.8866574,1.3178188],[103.8864062,1.3179894],[103.8863534,1.3179789],[103.8863423,1.3179863],[103.8862878,1.3179745],[103.8862826,1.3179635],[103.8861983,1.3179469],[103.8861922,1.3179782],[103.8862382,1.3179889],[103.8862464,1.3180025],[103.8862397,1.3180351],[103.8862314,1.3180342],[103.8862254,1.3180616],[103.8862198,1.3180613],[103.8862145,1.3180876],[103.8862081,1.3180875],[103.8862016,1.3181187],[103.8861302,1.3181022],[103.886127,1.3180983],[103.8861293,1.3180853],[103.8861382,1.3180858],[103.8861408,1.3180741],[103.8861331,1.3180629],[103.8861487,1.3179879],[103.8861287,1.3179827],[103.8861178,1.3180314],[103.8861069,1.3180398],[103.886073,1.3180331],[103.8860735,1.3180234],[103.8860481,1.3180188],[103.8860482,1.3180135],[103.88602,1.3180069],[103.8860197,1.3180029],[103.8859895,1.3179951],[103.8860031,1.3179272],[103.8860102,1.3179208],[103.8860225,1.3179236],[103.8860216,1.3179321],[103.8860335,1.3179352],[103.8860452,1.3179277],[103.8861198,1.317942],[103.8861237,1.3179238],[103.886077,1.3179138],[103.886067,1.3178989],[103.8860729,1.3178683],[103.8860808,1.3178688],[103.8860879,1.3178395],[103.8860916,1.3178397],[103.8860979,1.3178132],[103.8861025,1.3178132],[103.8861095,1.317783],[103.8861781,1.3177963],[103.8861843,1.3178027],[103.8861812,1.3178149],[103.8861731,1.3178137],[103.8861703,1.3178262],[103.8861776,1.3178372],[103.8861645,1.3179136],[103.8861885,1.3179186],[103.8861962,1.3178817],[103.8862291,1.317887],[103.886227,1.3179008],[103.8862639,1.3179076],[103.8862598,1.317928],[103.886263,1.3179293],[103.8862618,1.3179397],[103.8862862,1.3179444],[103.8863015,1.317865],[103.8863185,1.3178682],[103.8863245,1.3178352],[103.886342,1.3178383],[103.8863413,1.317843],[103.8863872,1.3178516],[103.8863883,1.3178468],[103.8863915,1.3178472],[103.8863906,1.3178523],[103.8863989,1.317854],[103.8864129,1.3178755],[103.886453,1.3178476],[103.8864394,1.3178269],[103.8864532,1.3178166],[103.8864404,1.3177957],[103.8864575,1.3177835],[103.8864598,1.3177868],[103.8864997,1.3177596],[103.886498,1.3177553],[103.8865121,1.3177461],[103.8865315,1.3177719],[103.8865578,1.3177543],[103.8865403,1.3177258],[103.8865514,1.3177177],[103.8865546,1.317722],[103.8865931,1.3176953],[103.8865906,1.3176919],[103.8865924,1.3176898],[103.8865965,1.3176937],[103.8866036,1.3176888],[103.8866288,1.3176934],[103.886635,1.3176586],[103.8866195,1.3176357],[103.8866103,1.3176408],[103.8865993,1.3176265],[103.8865716,1.3176437],[103.8865629,1.3176302],[103.8865661,1.3176274],[103.8865408,1.3175888],[103.8865365,1.3175906],[103.8865289,1.3175785],[103.8865547,1.3175586],[103.8865376,1.3175308],[103.8865089,1.3175493],[103.8865018,1.3175378],[103.8865055,1.3175341],[103.8864802,1.3174952],[103.8864751,1.3174981],[103.8864734,1.3174956],[103.8864784,1.3174927],[103.8864733,1.3174847],[103.8864778,1.317465],[103.8864521,1.3174599],[103.8864468,1.3174836],[103.8864386,1.3174892]]]}},{"type":"Feature","properties":{"type":"HDB"},"geometry":{"type":"Polygon","coordinates":[[[103.8888072,1.3105691],[103.8888323,1.3105742],[103.8888283,1.3105942],[103.8888398,1.3105965],[103.8888443,1.3105739],[103.8888683,1.3105788],[103.8888697,1.3105716],[103.8889104,1.3105799],[103.8888968,1.3106607],[103.8888919,1.3106597],[103.88888,1.3107189],[103.8888849,1.3107199],[103.8888663,1.3107997],[103.8888256,1.3107914],[103.888827,1.3107843],[103.8888031,1.3107794],[103.8888076,1.3107566],[103.8887962,1.3107543],[103.8887973,1.3107486],[103.8887952,1.3107482],[103.8888037,1.310706],[103.8887816,1.3106998],[103.8887567,1.3106947],[103.8887543,1.3107064],[103.8887751,1.3107106],[103.8887622,1.3107747],[103.8887069,1.3107635],[103.8887085,1.3107555],[103.8886508,1.3107437],[103.8886483,1.3107564],[103.8885961,1.3107457],[103.8885967,1.3107429],[103.8885689,1.3107372],[103.8885771,1.3106962],[103.8885844,1.3106977],[103.8885894,1.3106731],[103.888612,1.3106777],[103.8886143,1.3106664],[103.8886405,1.3106695],[103.8886469,1.3106378],[103.8886367,1.310624],[103.888583,1.3106645],[103.8885573,1.3106299],[103.8885449,1.3106393],[103.8885291,1.3106179],[103.8885789,1.3105804],[103.8885752,1.3105754],[103.8884966,1.3105594],[103.8884957,1.310564],[103.88849,1.3105628],[103.8884912,1.3105565],[103.8884633,1.3105508],[103.8884609,1.3105631],[103.8884835,1.3105678],[103.8884786,1.3105923],[103.8884854,1.3105937],[103.8884771,1.3106349],[103.8883967,1.3106214],[103.8883993,1.3106083],[103.888341,1.3105965],[103.8883384,1.3106092],[103.8882594,1.3105903],[103.8882676,1.3105491],[103.8882751,1.3105506],[103.8882801,1.310526],[103.8883028,1.3105307],[103.8883051,1.3105192],[103.8883102,1.3105202],[103.8883106,1.310518],[103.8883499,1.310526],[103.8883528,1.3105118],[103.8882956,1.3105001],[103.8883006,1.310475],[103.8883107,1.310477],[103.888313,1.3104654],[103.8882903,1.3104608],[103.8882951,1.3104369],[103.8882872,1.3104353],[103.8882955,1.310394],[103.888323,1.3103996],[103.8883236,1.3103969],[103.8883758,1.3104076],[103.8883732,1.3104207],[103.8884038,1.310427],[103.8883869,1.3105182],[103.8884119,1.3105233],[103.8884263,1.3104636],[103.8884777,1.3104741],[103.8884739,1.3104929],[103.8885127,1.3105008],[103.8885165,1.310482],[103.8885673,1.3104923],[103.8885568,1.3105524],[103.8886043,1.3105621],[103.8886196,1.3105505],[103.8886164,1.3105463],[103.8886206,1.3105431],[103.8885962,1.3105102],[103.8886097,1.3105],[103.888584,1.3104654],[103.8885822,1.3104598],[103.8885915,1.3104528],[103.8885779,1.3104345],[103.8885978,1.3104195],[103.8885934,1.3104135],[103.8886267,1.3103883],[103.8886437,1.3104111],[103.8886459,1.3104094],[103.8886777,1.3104521],[103.8886675,1.3104598],[103.8887032,1.3105078],[103.8887134,1.3105001],[103.888745,1.3105426],[103.8887427,1.3105444],[103.8887597,1.3105672],[103.888726,1.3105926],[103.8887216,1.3105867],[103.8887021,1.3106014],[103.8886883,1.3105829],[103.888679,1.3105899],[103.8886951,1.3106115],[103.8886674,1.3106324],[103.8886618,1.3106512],[103.8886682,1.3106525],[103.8886671,1.310658],[103.8887859,1.3106822],[103.8887868,1.3106779],[103.8887945,1.3106776],[103.8887995,1.3106526],[103.8887908,1.3106509],[103.8888072,1.3105691]]]}},{"type":"Feature","properties":{"type":"LANDMARK"},"geometry":{"type":"Polygon","coordinates":[[[103.8888893,1.3149696],[103.8889123,1.3147697],[103.8889309,1.3147718],[103.8889348,1.3147372],[103.8889753,1.3147419],[103.8889714,1.3147756],[103.888997,1.3147786],[103.8889836,1.3148947],[103.8890013,1.3148967],[103.888998,1.3149256],[103.8889828,1.3149238],[103.8889763,1.3149798],[103.8888893,1.3149696]]]}},{"type":"Feature","properties":{"type":"HDB"},"geometry":{"type":"Polygon","coordinates":[[[103.8875349,1.3168636],[103.8875374,1.3168495],[103.8877164,1.3168814],[103.8877248,1.3168338],[103.8877512,1.3168386],[103.8877538,1.3168238],[103.8876961,1.3168135],[103.8877038,1.3167698],[103.8877204,1.3167728],[103.8877239,1.3167534],[103.8876889,1.3167471],[103.8877003,1.3166829],[103.8877979,1.3167003],[103.8877898,1.3167465],[103.8878321,1.316754],[103.8878402,1.3167079],[103.8879253,1.3167231],[103.8879172,1.316769],[103.8879586,1.3167764],[103.8879666,1.3167304],[103.8879955,1.3167356],[103.8880328,1.3168163],[103.8880064,1.3168116],[103.8880016,1.3168383],[103.8880467,1.3168464],[103.8880621,1.3168797],[103.8878051,1.3168339],[103.8877976,1.3168762],[103.8877734,1.3168719],[103.8877702,1.3168901],[103.8878273,1.3169012],[103.8878196,1.3169446],[103.8878042,1.3169419],[103.8878011,1.3169596],[103.8878344,1.3169656],[103.8878227,1.3170317],[103.887725,1.3170143],[103.8877332,1.3169676],[103.8876914,1.3169602],[103.8876832,1.3170069],[103.8876401,1.3169992],[103.8876507,1.3169386],[103.8876248,1.316934],[103.8876141,1.3169945],[103.8875717,1.3169869],[103.8875802,1.3169386],[103.8875356,1.3169306],[103.8875271,1.316979],[103.8874836,1.3169713],[103.8875036,1.316858],[103.8875349,1.3168636]]]}},{"type":"Feature","properties":{"type":"HDB"},"geometry":{"type":"Polygon","coordinates":[[[103.8883682,1.317129],[103.8882429,1.3171067],[103.8880761,1.3167459],[103.8881398,1.316635],[103.8881979,1.3167607],[103.8881486,1.3167837],[103.8881647,1.3168186],[103.888214,1.3167955],[103.8882943,1.3169692],[103.8882442,1.3169926],[103.8882598,1.3170263],[103.8883099,1.3170028],[103.8883682,1.317129]]]}},{"type":"Feature","properties":{"type":"HDB"},"geometry":{"type":"Polygon","coordinates":[[[103.8876199,1.3176642],[103.8876155,1.317688],[103.8876116,1.3176906],[103.8876144,1.3176946],[103.8875485,1.3177394],[103.887535,1.3177249],[103.8875182,1.3177363],[103.8875048,1.3177167],[103.8874812,1.317733],[103.8874394,1.3176704],[103.8874716,1.3176488],[103.887469,1.3176452],[103.8875553,1.317587],[103.8875578,1.3175907],[103.887576,1.3175773],[103.8877199,1.3176065],[103.8877332,1.3176259],[103.8877369,1.3176234],[103.887795,1.3177105],[103.8877916,1.317713],[103.8878335,1.3177761],[103.8878373,1.317774],[103.8878953,1.3178608],[103.8878918,1.3178634],[103.8879045,1.3178837],[103.8878744,1.3180301],[103.8878571,1.3180413],[103.8878598,1.318045],[103.8877737,1.3181028],[103.887771,1.3180994],[103.8877084,1.3181416],[103.8877108,1.3181451],[103.8876246,1.3182036],[103.8876218,1.3181997],[103.8876023,1.3182133],[103.8874939,1.3181915],[103.8874932,1.3181963],[103.8873908,1.3181753],[103.8873917,1.3181709],[103.8873684,1.3181663],[103.8873264,1.318106],[103.8873907,1.3180622],[103.887399,1.3180749],[103.8874188,1.3180612],[103.8874235,1.3180621],[103.8874242,1.318058],[103.8875053,1.3180743],[103.8875017,1.3180928],[103.8875223,1.3180971],[103.8875178,1.3181199],[103.8875595,1.3181263],[103.8875641,1.3181027],[103.8875681,1.3180998],[103.8875656,1.3180962],[103.8876347,1.3180475],[103.8876447,1.3180658],[103.887662,1.3180543],[103.8876746,1.3180741],[103.8877211,1.3180427],[103.8877081,1.3180235],[103.8877251,1.3180116],[103.8877145,1.3179964],[103.8877826,1.3179497],[103.8877851,1.3179532],[103.8877891,1.3179506],[103.8878127,1.3179553],[103.8878184,1.3179253],[103.887795,1.3179207],[103.8877926,1.3179168],[103.8877887,1.3179192],[103.8877417,1.3178528],[103.8877584,1.3178401],[103.8877468,1.3178229],[103.8877662,1.3178098],[103.8877351,1.3177631],[103.8877157,1.3177765],[103.8877041,1.3177591],[103.8876885,1.3177694],[103.8876427,1.3177007],[103.8876458,1.3176979],[103.8876431,1.3176938],[103.8876477,1.3176696],[103.8876199,1.3176642]]]}},{"type":"Feature","properties":{"type":"HDB"},"geometry":{"type":"Polygon","coordinates":[[[103.8879054,1.3185853],[103.8878391,1.3186295],[103.8878146,1.3186247],[103.8877695,1.3186547],[103.8876878,1.3186384],[103.8876656,1.3186524],[103.887498,1.3186195],[103.887484,1.3185979],[103.8874538,1.3185923],[103.8874464,1.3185814],[103.8874404,1.3185804],[103.887435,1.3186126],[103.8874407,1.3186141],[103.8874492,1.3186271],[103.8874422,1.3186604],[103.8874324,1.3186585],[103.8874271,1.3186869],[103.887422,1.318686],[103.8874162,1.3187142],[103.8874116,1.3187134],[103.8874048,1.3187447],[103.887333,1.3187306],[103.8873293,1.318725],[103.8873522,1.3186142],[103.8873311,1.3186099],[103.8873209,1.3186588],[103.8873085,1.3186674],[103.8872758,1.3186611],[103.8872778,1.3186511],[103.8872497,1.3186458],[103.8872508,1.3186407],[103.8872226,1.3186349],[103.8872237,1.3186296],[103.8871924,1.3186233],[103.8872063,1.3185513],[103.8872116,1.3185474],[103.8873226,1.3185691],[103.8873267,1.3185502],[103.8872773,1.3185403],[103.8872677,1.3185266],[103.887275,1.3184938],[103.8872838,1.3184957],[103.8872904,1.3184673],[103.887295,1.3184685],[103.8873009,1.3184401],[103.8873062,1.3184411],[103.8873118,1.3184098],[103.8873844,1.3184236],[103.8873881,1.3184292],[103.8873652,1.3185384],[103.8873906,1.3185433],[103.8873987,1.3185042],[103.8874267,1.3185099],[103.8874241,1.3185226],[103.8874665,1.3185309],[103.887476,1.318484],[103.8874934,1.3184871],[103.8874999,1.3184552],[103.8875794,1.3184707],[103.8875732,1.318503],[103.8875881,1.318506],[103.8875802,1.3185424],[103.8876135,1.3185489],[103.8876209,1.3185125],[103.887636,1.3185153],[103.8876422,1.318483],[103.8877221,1.3184986],[103.8877155,1.3185309],[103.887733,1.3185343],[103.8877276,1.3185608],[103.8877403,1.3185632],[103.8877464,1.3185349],[103.8877543,1.3185298],[103.8877509,1.3185242],[103.8877927,1.3184968],[103.8877962,1.3185021],[103.8878041,1.3184968],[103.8878274,1.3185014],[103.8878336,1.3184709],[103.8878127,1.3184667],[103.887795,1.3184785],[103.8877843,1.3184629],[103.8877942,1.3184434],[103.8877891,1.3184361],[103.8877675,1.3184374],[103.8877545,1.3184176],[103.8877931,1.3183919],[103.8877749,1.3183638],[103.887736,1.3183895],[103.8877227,1.3183701],[103.8877323,1.3183502],[103.8877273,1.318343],[103.887706,1.318344],[103.887691,1.3183221],[103.8877195,1.3183034],[103.8877014,1.3182764],[103.887683,1.3182885],[103.8876714,1.3182708],[103.8876831,1.3182625],[103.8876958,1.3182649],[103.8876974,1.3182677],[103.8877244,1.3182499],[103.8877355,1.3182536],[103.8877771,1.3182248],[103.8877705,1.3182147],[103.8877736,1.3182014],[103.8877843,1.3181942],[103.887797,1.3181966],[103.8878169,1.3182266],[103.8878002,1.3182377],[103.8878072,1.3182484],[103.8878191,1.318241],[103.8878274,1.3182425],[103.8879412,1.3184141],[103.8879054,1.3185853]]]}},{"type":"Feature","properties":{"type":"HDB"},"geometry":{"type":"Polygon","coordinates":[[[103.8875759,1.3226606],[103.8875794,1.3226586],[103.887615,1.3226594],[103.8876376,1.322662],[103.8876378,1.322659],[103.888325,1.3227002],[103.8883249,1.322703],[103.8883791,1.3227138],[103.8884308,1.3227376],[103.8884325,1.3227348],[103.8885857,1.3228286],[103.8885844,1.3228307],[103.888635,1.322861],[103.8886359,1.3228658],[103.8885891,1.3229427],[103.8885886,1.3229398],[103.888384,1.3228139],[103.8883981,1.3227908],[103.8883618,1.3227744],[103.8883426,1.3227692],[103.8883185,1.3227659],[103.8883167,1.3227953],[103.8878364,1.3227668],[103.8878376,1.3227454],[103.8878119,1.3227438],[103.8878107,1.3227649],[103.887572,1.3227507],[103.8875702,1.3227527],[103.8875759,1.3226606]]]}},{"type":"Feature","properties":{"type":"HDB"},"geometry":{"type":"Polygon","coordinates":[[[103.8875759,1.3226606],[103.8875794,1.3226586],[103.887615,1.3226594],[103.8876376,1.322662],[103.8876378,1.322659],[103.888325,1.3227002],[103.8883249,1.322703],[103.8883791,1.3227138],[103.8884308,1.3227376],[103.8884325,1.3227348],[103.8885857,1.3228286],[103.8885844,1.3228307],[103.888635,1.322861],[103.8886359,1.3228658],[103.8885891,1.3229427],[103.8885886,1.3229398],[103.888384,1.3228139],[103.8883981,1.3227908],[103.8883618,1.3227744],[103.8883426,1.3227692],[103.8883185,1.3227659],[103.8883167,1.3227953],[103.8878364,1.3227668],[103.8878376,1.3227454],[103.8878119,1.3227438],[103.8878107,1.3227649],[103.887572,1.3227507],[103.8875702,1.3227527],[103.8875759,1.3226606]]]}},{"type":"Feature","properties":{"type":"HDB"},"geometry":{"type":"Polygon","coordinates":[[[103.8874484,1.3231221],[103.8875468,1.3231281],[103.8875483,1.3231246],[103.8875491,1.3231115],[103.8875337,1.3231106],[103.887536,1.3230692],[103.8875365,1.3230628],[103.8875519,1.3230638],[103.8875526,1.3230485],[103.8875041,1.3230456],[103.8875043,1.3230419],[103.8875079,1.3230422],[103.8875088,1.3230269],[103.8874889,1.3230256],[103.8874941,1.3229406],[103.8875022,1.322931],[103.8875763,1.3229342],[103.8875744,1.3229655],[103.8875794,1.3229677],[103.8876011,1.3229671],[103.8876009,1.3229726],[103.8876148,1.3229733],[103.8876159,1.3229584],[103.8878288,1.3229713],[103.8878238,1.323052],[103.8878157,1.3230617],[103.8875941,1.3230475],[103.887593,1.3230662],[103.8876235,1.323068],[103.8876191,1.3231048],[103.8876213,1.323105],[103.8876206,1.3231158],[103.8876046,1.3231149],[103.8876046,1.3231302],[103.887652,1.3231331],[103.8876517,1.3231367],[103.8876482,1.3231365],[103.8876472,1.3231519],[103.8876675,1.3231531],[103.8876622,1.3232383],[103.8876533,1.3232478],[103.8875802,1.3232443],[103.8875821,1.3232119],[103.8875644,1.3232091],[103.8875643,1.3232109],[103.8875552,1.3232104],[103.8875555,1.3232052],[103.8875273,1.3232035],[103.8875263,1.323222],[103.8874427,1.3232168],[103.8874484,1.3231221]]]}},{"type":"Feature","properties":{"type":"HDB"},"geometry":{"type":"Polygon","coordinates":[[[103.8874484,1.3231221],[103.8875468,1.3231281],[103.8875483,1.3231246],[103.8875491,1.3231115],[103.8875337,1.3231106],[103.887536,1.3230692],[103.8875365,1.3230628],[103.8875519,1.3230638],[103.8875526,1.3230485],[103.8875041,1.3230456],[103.8875043,1.3230419],[103.8875079,1.3230422],[103.8875088,1.3230269],[103.8874889,1.3230256],[103.8874941,1.3229406],[103.8875022,1.322931],[103.8875763,1.3229342],[103.8875744,1.3229655],[103.8875794,1.3229677],[103.8876011,1.3229671],[103.8876009,1.3229726],[103.8876148,1.3229733],[103.8876159,1.3229584],[103.8878288,1.3229713],[103.8878238,1.323052],[103.8878157,1.3230617],[103.8875941,1.3230475],[103.887593,1.3230662],[103.8876235,1.323068],[103.8876191,1.3231048],[103.8876213,1.323105],[103.8876206,1.3231158],[103.8876046,1.3231149],[103.8876046,1.3231302],[103.887652,1.3231331],[103.8876517,1.3231367],[103.8876482,1.3231365],[103.8876472,1.3231519],[103.8876675,1.3231531],[103.8876622,1.3232383],[103.8876533,1.3232478],[103.8875802,1.3232443],[103.8875821,1.3232119],[103.8875644,1.3232091],[103.8875643,1.3232109],[103.8875552,1.3232104],[103.8875555,1.3232052],[103.8875273,1.3232035],[103.8875263,1.323222],[103.8874427,1.3232168],[103.8874484,1.3231221]]]}},{"type":"Feature","properties":{"type":"HDB"},"geometry":{"type":"Polygon","coordinates":[[[103.8988075,1.3173147],[103.8987932,1.3173792],[103.8987847,1.3173774],[103.8987739,1.3174326],[103.8987807,1.317434],[103.8987748,1.3174642],[103.8987855,1.3174663],[103.898781,1.3174894],[103.8986743,1.3174691],[103.8986763,1.3174585],[103.89868,1.3174592],[103.8987062,1.3173168],[103.8987088,1.3173142],[103.8987059,1.3173136],[103.8987076,1.3173042],[103.8987245,1.3172981],[103.8988075,1.3173147]]]}},{"type":"Feature","properties":{"type":"HDB"},"geometry":{"type":"Polygon","coordinates":[[[103.897867,1.3175226],[103.8978751,1.3174818],[103.8978969,1.3174861],[103.8979001,1.3174698],[103.8979125,1.3174723],[103.8979145,1.3174623],[103.8979338,1.3174661],[103.8979372,1.317449],[103.8979662,1.3174547],[103.8979695,1.3174377],[103.8979643,1.3174367],[103.8979677,1.3174193],[103.8979483,1.3174155],[103.8979503,1.3174053],[103.8979378,1.3174028],[103.8979408,1.3173875],[103.8979205,1.3173835],[103.8979287,1.3173421],[103.8979554,1.3173475],[103.8979575,1.3173388],[103.8980119,1.3173498],[103.8980102,1.3173581],[103.8980689,1.31737],[103.8980706,1.3173616],[103.8981252,1.3173724],[103.8981235,1.3173811],[103.8981505,1.3173864],[103.8981423,1.3174278],[103.8981221,1.3174237],[103.8981189,1.3174393],[103.8981066,1.3174368],[103.8981016,1.3174616],[103.898106,1.3174625],[103.8981069,1.3174581],[103.8981124,1.3174592],[103.8981116,1.3174629],[103.8981477,1.3174701],[103.8981531,1.317443],[103.8981971,1.3174518],[103.8982077,1.3173977],[103.8982378,1.3174037],[103.8982395,1.3173952],[103.8982946,1.3174061],[103.8982929,1.3174146],[103.8983197,1.3174199],[103.8983115,1.3174612],[103.8982907,1.3174571],[103.8982876,1.317473],[103.8982756,1.3174706],[103.8982736,1.3174807],[103.8982542,1.3174768],[103.8982508,1.3174939],[103.8982301,1.3174898],[103.8982268,1.3175066],[103.8982475,1.3175107],[103.8982441,1.3175282],[103.8982639,1.3175321],[103.898262,1.3175418],[103.8982739,1.3175442],[103.8982708,1.3175597],[103.8982915,1.3175638],[103.8982834,1.3176054],[103.8982568,1.3176001],[103.898255,1.3176088],[103.8982001,1.3175979],[103.898203,1.317583],[103.8981753,1.3175775],[103.898174,1.3175838],[103.8981719,1.3175834],[103.8981768,1.3175585],[103.8981573,1.3175546],[103.8981545,1.317553],[103.8981553,1.3175482],[103.8981173,1.3175405],[103.8981121,1.3175667],[103.8980855,1.3175614],[103.8980838,1.3175697],[103.8980288,1.317559],[103.8980316,1.3175448],[103.8980041,1.3175393],[103.8980012,1.3175446],[103.8980068,1.3175161],[103.897987,1.3175121],[103.8979797,1.3175451],[103.8979775,1.3175446],[103.8979786,1.317539],[103.8979512,1.3175336],[103.8979484,1.3175476],[103.8979403,1.3175467],[103.8978935,1.3175366],[103.8978951,1.3175284],[103.897867,1.3175226]]]}},{"type":"Feature","properties":{"type":"HDB"},"geometry":{"type":"Polygon","coordinates":[[[103.8988,1.3173524],[103.8988396,1.3173603],[103.8988355,1.317381],[103.8988511,1.3173841],[103.8988488,1.3173961],[103.8989,1.3174063],[103.8989025,1.3173941],[103.8989179,1.3173973],[103.898922,1.3173766],[103.8989632,1.3173848],[103.8989578,1.3174118],[103.8989663,1.3174135],[103.898958,1.3174609],[103.8989556,1.3174687],[103.8989471,1.317467],[103.8989355,1.317526],[103.898944,1.3175276],[103.8989332,1.3175827],[103.8989243,1.317581],[103.898919,1.3176081],[103.898878,1.3175998],[103.898882,1.3175794],[103.8988669,1.3175764],[103.8988693,1.3175642],[103.8988597,1.3175622],[103.8988636,1.3175426],[103.898849,1.3175397],[103.8988389,1.3175914],[103.8988502,1.3175937],[103.8988475,1.3176073],[103.8988886,1.3176155],[103.8988889,1.3176187],[103.8988851,1.3176378],[103.8988894,1.3176387],[103.8988889,1.3176412],[103.8988553,1.3176345],[103.8988524,1.3176493],[103.8988745,1.3176537],[103.8988726,1.3176635],[103.8988849,1.3176659],[103.8988818,1.3176814],[103.8989022,1.3176855],[103.8988942,1.3177269],[103.8988675,1.3177216],[103.8988658,1.3177301],[103.8988568,1.3177294],[103.8988106,1.3177191],[103.8988137,1.3177035],[103.8987864,1.317698],[103.898785,1.3177052],[103.8987824,1.3177047],[103.8987877,1.317678],[103.8987472,1.31767],[103.8987574,1.3176199],[103.8987609,1.3176206],[103.8987657,1.3175965],[103.898775,1.3175982],[103.8987801,1.3175719],[103.8988179,1.3175794],[103.8988189,1.317574],[103.8988231,1.3175748],[103.8988412,1.3174828],[103.8988368,1.3174819],[103.8988378,1.3174768],[103.8987748,1.3174642],[103.8987807,1.317434],[103.8987739,1.3174326],[103.8987847,1.3173774],[103.8987932,1.3173792],[103.8988,1.3173524]]]}},{"type":"Feature","properties":{"type":"HDB"},"geometry":{"type":"Polygon","coordinates":[[[103.8987502,1.3176549],[103.8987418,1.3176967],[103.8987151,1.3176914],[103.8987134,1.3177],[103.8987034,1.317698],[103.8987039,1.3176953],[103.8986684,1.3176883],[103.8986678,1.317691],[103.8986582,1.317689],[103.8986639,1.3176601],[103.8986366,1.3176547],[103.8986326,1.3176752],[103.89863,1.3176747],[103.8986365,1.3176414],[103.8986178,1.3176376],[103.8986112,1.3176666],[103.8986088,1.3176661],[103.89861,1.3176599],[103.8985827,1.3176545],[103.8985799,1.3176689],[103.8985714,1.3176683],[103.8985248,1.317658],[103.8985265,1.3176493],[103.8984998,1.317644],[103.898505,1.3176177],[103.8984669,1.3176101],[103.898466,1.317615],[103.8984626,1.3176155],[103.8984438,1.3176117],[103.8984386,1.3176365],[103.8984363,1.317636],[103.8984375,1.3176298],[103.8984098,1.3176243],[103.898407,1.3176386],[103.8983605,1.3176306],[103.8983521,1.3176276],[103.8983537,1.3176194],[103.8983271,1.3176141],[103.8983352,1.3175729],[103.8983556,1.317577],[103.8983587,1.3175616],[103.8983711,1.317564],[103.8983731,1.317554],[103.8983924,1.3175579],[103.8983958,1.3175404],[103.8984166,1.3175445],[103.8984198,1.3175276],[103.8983991,1.3175235],[103.8984025,1.3175062],[103.898383,1.3175024],[103.8983849,1.3174926],[103.8983727,1.3174901],[103.8983758,1.3174743],[103.8983552,1.3174702],[103.8983632,1.317429],[103.8983902,1.3174345],[103.898392,1.3174256],[103.8984467,1.3174364],[103.8984452,1.3174455],[103.8984749,1.317451],[103.8984646,1.317505],[103.8985086,1.3175141],[103.8985034,1.3175411],[103.8985396,1.3175482],[103.8985404,1.3175437],[103.8985457,1.3175448],[103.8985449,1.3175492],[103.8985493,1.3175501],[103.8985537,1.3175271],[103.898542,1.3175248],[103.8985451,1.3175084],[103.8985243,1.3175042],[103.8985329,1.3174625],[103.8985595,1.3174677],[103.8985613,1.3174595],[103.8986159,1.3174708],[103.8986144,1.3174788],[103.8986727,1.3174907],[103.8986744,1.3174821],[103.8987291,1.3174929],[103.8987275,1.3175012],[103.8987546,1.3175069],[103.8987465,1.317548],[103.8987257,1.3175439],[103.8987226,1.3175598],[103.8987109,1.3175575],[103.898709,1.3175671],[103.8986893,1.3175632],[103.8986859,1.3175805],[103.8986802,1.3175794],[103.8986768,1.3175963],[103.8987061,1.3176023],[103.8987039,1.317613],[103.8987237,1.3176169],[103.8987205,1.3176331],[103.8987425,1.3176375],[103.8987395,1.3176527],[103.8987502,1.3176549]]]}},{"type":"Feature","properties":{"type":"HDB"},"geometry":{"type":"Polygon","coordinates":[[[103.897138,1.3179576],[103.897152,1.3179404],[103.8971344,1.3179254],[103.8971211,1.317941],[103.8970957,1.3179204],[103.8971407,1.3178681],[103.897172,1.3178747],[103.8971866,1.3178567],[103.8977877,1.3179761],[103.897777,1.3179899],[103.8977945,1.318005],[103.8977363,1.3180764],[103.8977152,1.3180597],[103.8977076,1.3180685],[103.897696,1.3180653],[103.8976775,1.3180489],[103.8976528,1.3180761],[103.8976396,1.3180738],[103.8976236,1.3180593],[103.8976391,1.3180414],[103.8976186,1.318025],[103.8976047,1.3180413],[103.8975702,1.3180121],[103.8975479,1.3180385],[103.8975286,1.3180234],[103.8975191,1.3180333],[103.8975044,1.3180287],[103.8974835,1.3180107],[103.8974591,1.3180392],[103.897442,1.3180341],[103.8974297,1.3180227],[103.8974457,1.3180043],[103.8974247,1.3179861],[103.8974098,1.3180036],[103.8973876,1.3179858],[103.8973705,1.3180038],[103.89735,1.3179871],[103.8973398,1.3179974],[103.897328,1.317994],[103.8973061,1.3179755],[103.8972838,1.3180016],[103.8972688,1.3179999],[103.8972503,1.3179841],[103.8972654,1.3179659],[103.8972457,1.3179495],[103.8972299,1.3179659],[103.8971915,1.3179329],[103.8971808,1.3179452],[103.8971872,1.3179505],[103.8971631,1.3179782],[103.897138,1.3179576]]]}},{"type":"Feature","properties":{"type":"HDB"},"geometry":{"type":"Polygon","coordinates":[[[103.897138,1.3179576],[103.897152,1.3179404],[103.8971344,1.3179254],[103.8971211,1.317941],[103.8970957,1.3179204],[103.8971407,1.3178681],[103.897172,1.3178747],[103.8971866,1.3178567],[103.8977877,1.3179761],[103.897777,1.3179899],[103.8977945,1.318005],[103.8977363,1.3180764],[103.8977152,1.3180597],[103.8977076,1.3180685],[103.897696,1.3180653],[103.8976775,1.3180489],[103.8976528,1.3180761],[103.8976396,1.3180738],[103.8976236,1.3180593],[103.8976391,1.3180414],[103.8976186,1.318025],[103.8976047,1.3180413],[103.8975702,1.3180121],[103.8975479,1.3180385],[103.8975286,1.3180234],[103.8975191,1.3180333],[103.8975044,1.3180287],[103.8974835,1.3180107],[103.8974591,1.3180392],[103.897442,1.3180341],[103.8974297,1.3180227],[103.8974457,1.3180043],[103.8974247,1.3179861],[103.8974098,1.3180036],[103.8973876,1.3179858],[103.8973705,1.3180038],[103.89735,1.3179871],[103.8973398,1.3179974],[103.897328,1.317994],[103.8973061,1.3179755],[103.8972838,1.3180016],[103.8972688,1.3179999],[103.8972503,1.3179841],[103.8972654,1.3179659],[103.8972457,1.3179495],[103.8972299,1.3179659],[103.8971915,1.3179329],[103.8971808,1.3179452],[103.8971872,1.3179505],[103.8971631,1.3179782],[103.897138,1.3179576]]]}},{"type":"Feature","properties":{"type":"HDB"},"geometry":{"type":"Polygon","coordinates":[[[103.8979075,1.318106],[103.8979184,1.318095],[103.8978967,1.3180776],[103.8978868,1.3180888],[103.8978657,1.3180732],[103.8979073,1.3180216],[103.8979344,1.3180264],[103.8979481,1.3180101],[103.8985542,1.31813],[103.8985426,1.3181445],[103.8985607,1.3181605],[103.8985025,1.3182285],[103.8984809,1.31821],[103.898473,1.3182203],[103.898459,1.3182171],[103.8984409,1.318202],[103.8984152,1.3182294],[103.8984053,1.3182271],[103.8983874,1.3182114],[103.898403,1.3181938],[103.8983828,1.3181771],[103.8983678,1.3181922],[103.8983353,1.3181646],[103.8983125,1.3181916],[103.898292,1.3181747],[103.8982829,1.3181862],[103.8982719,1.3181843],[103.8982489,1.3181637],[103.8982245,1.318193],[103.8982149,1.3181914],[103.898197,1.3181736],[103.8982116,1.3181573],[103.8981902,1.3181372],[103.8981751,1.3181532],[103.8981537,1.3181344],[103.8981354,1.3181555],[103.8981164,1.3181391],[103.8981067,1.3181496],[103.8980952,1.3181477],[103.8980726,1.3181271],[103.8980464,1.3181575],[103.8980357,1.3181543],[103.8980156,1.3181374],[103.8980309,1.31812],[103.8980125,1.3181022],[103.8979964,1.3181198],[103.8979563,1.3180836],[103.897945,1.3180979],[103.897953,1.3181033],[103.8979326,1.3181262],[103.8979075,1.318106]]]}},{"type":"Feature","properties":{"type":"HDB"},"geometry":{"type":"Polygon","coordinates":[[[103.8979075,1.318106],[103.8979184,1.318095],[103.8978967,1.3180776],[103.8978868,1.3180888],[103.8978657,1.3180732],[103.8979073,1.3180216],[103.8979344,1.3180264],[103.8979481,1.3180101],[103.8985542,1.31813],[103.8985426,1.3181445],[103.8985607,1.3181605],[103.8985025,1.3182285],[103.8984809,1.31821],[103.898473,1.3182203],[103.898459,1.3182171],[103.8984409,1.318202],[103.8984152,1.3182294],[103.8984053,1.3182271],[103.8983874,1.3182114],[103.898403,1.3181938],[103.8983828,1.3181771],[103.8983678,1.3181922],[103.8983353,1.3181646],[103.8983125,1.3181916],[103.898292,1.3181747],[103.8982829,1.3181862],[103.8982719,1.3181843],[103.8982489,1.3181637],[103.8982245,1.318193],[103.8982149,1.3181914],[103.898197,1.3181736],[103.8982116,1.3181573],[103.8981902,1.3181372],[103.8981751,1.3181532],[103.8981537,1.3181344],[103.8981354,1.3181555],[103.8981164,1.3181391],[103.8981067,1.3181496],[103.8980952,1.3181477],[103.8980726,1.3181271],[103.8980464,1.3181575],[103.8980357,1.3181543],[103.8980156,1.3181374],[103.8980309,1.31812],[103.8980125,1.3181022],[103.8979964,1.3181198],[103.8979563,1.3180836],[103.897945,1.3180979],[103.897953,1.3181033],[103.8979326,1.3181262],[103.8979075,1.318106]]]}},{"type":"Feature","properties":{"type":"HDB"},"geometry":{"type":"Polygon","coordinates":[[[103.8967831,1.3182437],[103.8968562,1.3181592],[103.8968437,1.3181497],[103.8968704,1.3181187],[103.8969051,1.3181474],[103.8969375,1.318112],[103.8969015,1.3180811],[103.8969298,1.3180499],[103.8969709,1.3180837],[103.8970207,1.318023],[103.8970053,1.3180097],[103.8969975,1.3180157],[103.8969773,1.3179986],[103.8970242,1.317943],[103.8971114,1.3180193],[103.8971215,1.3180083],[103.8971554,1.3180365],[103.897123,1.3180761],[103.8971636,1.318111],[103.8971966,1.3180744],[103.897246,1.3181176],[103.8972143,1.3181551],[103.8972508,1.3181872],[103.8972837,1.3181501],[103.8973147,1.3181769],[103.8973046,1.3181908],[103.8973919,1.3182675],[103.897342,1.3183235],[103.8973214,1.3183065],[103.8973273,1.3182982],[103.8973101,1.3182832],[103.8972639,1.3183372],[103.8972803,1.3183529],[103.8972875,1.3183449],[103.8973082,1.3183628],[103.897261,1.3184172],[103.8971751,1.3183399],[103.8972323,1.3182758],[103.8970509,1.3181156],[103.8969491,1.3182371],[103.8970084,1.3182877],[103.8969316,1.318374],[103.8968786,1.3183255],[103.8968974,1.3183047],[103.8969026,1.3183095],[103.8969188,1.3182918],[103.8968648,1.3182464],[103.8968506,1.3182638],[103.8968556,1.3182702],[103.8968366,1.3182919],[103.8967831,1.3182437]]]}},{"type":"Feature","properties":{"type":"HDB"},"geometry":{"type":"Polygon","coordinates":[[[103.8967831,1.3182437],[103.8968562,1.3181592],[103.8968437,1.3181497],[103.8968704,1.3181187],[103.8969051,1.3181474],[103.8969375,1.318112],[103.8969015,1.3180811],[103.8969298,1.3180499],[103.8969709,1.3180837],[103.8970207,1.318023],[103.8970053,1.3180097],[103.8969975,1.3180157],[103.8969773,1.3179986],[103.8970242,1.317943],[103.8971114,1.3180193],[103.8971215,1.3180083],[103.8971554,1.3180365],[103.897123,1.3180761],[103.8971636,1.318111],[103.8971966,1.3180744],[103.897246,1.3181176],[103.8972143,1.3181551],[103.8972508,1.3181872],[103.8972837,1.3181501],[103.8973147,1.3181769],[103.8973046,1.3181908],[103.8973919,1.3182675],[103.897342,1.3183235],[103.8973214,1.3183065],[103.8973273,1.3182982],[103.8973101,1.3182832],[103.8972639,1.3183372],[103.8972803,1.3183529],[103.8972875,1.3183449],[103.8973082,1.3183628],[103.897261,1.3184172],[103.8971751,1.3183399],[103.8972323,1.3182758],[103.8970509,1.3181156],[103.8969491,1.3182371],[103.8970084,1.3182877],[103.8969316,1.318374],[103.8968786,1.3183255],[103.8968974,1.3183047],[103.8969026,1.3183095],[103.8969188,1.3182918],[103.8968648,1.3182464],[103.8968506,1.3182638],[103.8968556,1.3182702],[103.8968366,1.3182919],[103.8967831,1.3182437]]]}},{"type":"Feature","properties":{"type":"HDB"},"geometry":{"type":"Polygon","coordinates":[[[103.8829186,1.3101989],[103.8829779,1.3101989],[103.8829779,1.3101912],[103.8829982,1.3101912],[103.8829982,1.3101826],[103.8830037,1.3101826],[103.8830037,1.3101767],[103.8829918,1.3101767],[103.8829918,1.3101505],[103.8829693,1.3101505],[103.8829694,1.3101225],[103.8830206,1.3101225],[103.8830207,1.3101088],[103.8830152,1.3101088],[103.8830152,1.3100995],[103.8830049,1.3100995],[103.8830049,1.3101062],[103.8829779,1.3101062],[103.8829779,1.3100986],[103.8829186,1.3100985],[103.8829186,1.3100068],[103.8830049,1.3100068],[103.8830049,1.310024],[103.8830669,1.310024],[103.8830669,1.3100068],[103.8831505,1.3100068],[103.8831505,1.3100503],[103.8831667,1.3100503],[103.8831667,1.3100873],[103.8831208,1.3100873],[103.8831208,1.310081],[103.8831101,1.310081],[103.88311,1.3101062],[103.8830512,1.3101062],[103.8830512,1.3101225],[103.8830782,1.3101225],[103.8830782,1.3101166],[103.8831249,1.3101166],[103.8831249,1.3101564],[103.88308,1.3101564],[103.88308,1.3101768],[103.8834723,1.3101768],[103.8834723,1.3100295],[103.8835343,1.3100295],[103.8835343,1.3100819],[103.8835532,1.3100819],[103.8835531,1.3102337],[103.8835342,1.3102337],[103.8835342,1.3102862],[103.8834515,1.3102861],[103.8834515,1.3103182],[103.8833931,1.3103182],[103.8833931,1.3102663],[103.883358,1.3102663],[103.883358,1.3103182],[103.8832421,1.3103182],[103.8832421,1.3102663],[103.8832071,1.3102663],[103.883207,1.3103182],[103.8831478,1.3103182],[103.8831478,1.3102735],[103.8830533,1.3102735],[103.8830534,1.3102509],[103.8830372,1.3102509],[103.8830372,1.3102734],[103.8830048,1.3102734],[103.8830048,1.3102906],[103.8829186,1.3102906],[103.8829186,1.3101989]]]}},{"type":"Feature","properties":{"type":"HDB"},"geometry":{"type":"Polygon","coordinates":[[[103.8843348,1.3103605],[103.8843349,1.310289],[103.8843409,1.3102889],[103.8843403,1.3100962],[103.8843741,1.3100611],[103.8843578,1.3100447],[103.8843899,1.310012],[103.8844061,1.310028],[103.8844409,1.3099939],[103.8845258,1.3099926],[103.8845258,1.3099893],[103.8846349,1.309989],[103.8846353,1.3099927],[103.8847464,1.3099922],[103.8848691,1.3101133],[103.8848692,1.310171],[103.8848933,1.3101709],[103.8848934,1.3102006],[103.8848689,1.3102008],[103.8848692,1.3102211],[103.884895,1.3102654],[103.8850216,1.3103367],[103.8849871,1.3103963],[103.8849763,1.3103898],[103.8849563,1.3104234],[103.8849466,1.310417],[103.8849312,1.3104404],[103.8848572,1.3103978],[103.884869,1.3103766],[103.8847682,1.3103176],[103.8847612,1.3103052],[103.8847594,1.3101681],[103.8847332,1.3101674],[103.8846961,1.3101304],[103.8846966,1.310104],[103.8846769,1.3101035],[103.8846771,1.3101277],[103.8845918,1.310128],[103.8845919,1.3101048],[103.8845688,1.3101048],[103.8845693,1.3101282],[103.8845004,1.3101283],[103.8844828,1.3101098],[103.8844557,1.3101366],[103.8844744,1.3101549],[103.8844744,1.3102242],[103.8844474,1.3102241],[103.8844479,1.3102476],[103.8844747,1.310247],[103.884475,1.3103327],[103.8844473,1.3103331],[103.8844478,1.3103465],[103.8844085,1.3103466],[103.8844092,1.31036],[103.8843348,1.3103605]]]}},{"type":"Feature","properties":{"type":"HDB"},"geometry":{"type":"Polygon","coordinates":[[[103.8858764,1.3103792],[103.8857411,1.3103083],[103.8857882,1.310212],[103.8859115,1.3102756],[103.8858764,1.3103792]]]}},{"type":"Feature","properties":{"type":"HDB"},"geometry":{"type":"Polygon","coordinates":[[[103.8858764,1.3103792],[103.8857411,1.3103083],[103.8857882,1.310212],[103.8859115,1.3102756],[103.8858764,1.3103792]]]}},{"type":"Feature","properties":{"type":"HDB"},"geometry":{"type":"Polygon","coordinates":[[[103.8869546,1.310262],[103.8870352,1.3102789],[103.887033,1.3102895],[103.8870918,1.3103018],[103.8870941,1.3102909],[103.8871748,1.3103078],[103.8871656,1.3103523],[103.8871552,1.3103501],[103.887152,1.3103658],[103.8871245,1.3103601],[103.8871201,1.3103817],[103.887094,1.3103762],[103.887085,1.3104198],[103.8870667,1.310416],[103.8870616,1.3104408],[103.8870563,1.3104397],[103.8870486,1.310477],[103.8870681,1.3104811],[103.8870735,1.3104551],[103.8871299,1.3104669],[103.8871185,1.3105217],[103.8871081,1.3105195],[103.8870958,1.3105789],[103.8871067,1.3105812],[103.8870899,1.3106622],[103.8870458,1.3106529],[103.8870479,1.3106426],[103.8870325,1.3106394],[103.8870382,1.3106116],[103.8870166,1.3106071],[103.8870272,1.3105558],[103.8870144,1.3105531],[103.8870356,1.3104507],[103.8869955,1.3104423],[103.8869926,1.3104564],[103.8869763,1.310453],[103.8869722,1.3104725],[103.8869998,1.3104782],[103.8869965,1.3104939],[103.8870074,1.3104962],[103.8869981,1.3105411],[103.8869173,1.3105242],[103.8869195,1.3105134],[103.8868606,1.3105011],[103.8868584,1.3105119],[103.8867778,1.310495],[103.886787,1.3104506],[103.8867976,1.3104528],[103.8868009,1.310437],[103.8868281,1.3104427],[103.8868325,1.3104211],[103.8868854,1.3104322],[103.8868887,1.3104164],[103.886981,1.3104357],[103.8869838,1.3104217],[103.886958,1.3104163],[103.8869683,1.3103669],[103.886796,1.3103308],[103.8867941,1.3103399],[103.8867231,1.3103251],[103.8867339,1.3102794],[103.8867062,1.3102736],[103.8867093,1.3102583],[103.8866985,1.310256],[103.8867079,1.3102106],[103.8867885,1.3102275],[103.8867863,1.3102384],[103.8868452,1.3102507],[103.8868475,1.3102398],[103.8869281,1.3102567],[103.8869189,1.3103014],[103.8869085,1.3102992],[103.8869053,1.3103147],[103.8868778,1.310309],[103.8868738,1.3103283],[103.8869763,1.3103498],[103.8869804,1.3103302],[103.8869528,1.3103245],[103.886956,1.310309],[103.8869453,1.3103067],[103.8869546,1.310262]]]}},{"type":"Feature","properties":{"type":"HDB"},"geometry":{"type":"Polygon","coordinates":[[[103.8864731,1.3105317],[103.8864398,1.3104958],[103.8864248,1.3104899],[103.8864166,1.3105058],[103.8863766,1.3104847],[103.8863851,1.3104692],[103.886254,1.3103996],[103.8862516,1.3104044],[103.8861895,1.3103726],[103.8862235,1.3103055],[103.8862322,1.3103106],[103.8862482,1.3102797],[103.8862511,1.3102812],[103.8862543,1.3102751],[103.8862657,1.3102811],[103.8862767,1.3102596],[103.8863529,1.3102991],[103.8863427,1.3103191],[103.8863607,1.3103282],[103.8863709,1.3103083],[103.8864481,1.3103484],[103.8864387,1.3103681],[103.886521,1.3104121],[103.8865192,1.3104159],[103.8865656,1.3104397],[103.8865695,1.3104514],[103.8865746,1.3104975],[103.8865789,1.3105916],[103.8866,1.3105919],[103.886604,1.3106763],[103.8865782,1.3106783],[103.8865786,1.310691],[103.8865403,1.3106938],[103.8865413,1.3107061],[103.8864701,1.3107103],[103.8864665,1.3106406],[103.8864708,1.3106403],[103.8864674,1.310558],[103.8864735,1.3105577],[103.8864731,1.3105317]]]}},{"type":"Feature","properties":{"type":"HDB"},"geometry":{"type":"Polygon","coordinates":[[[103.8853347,1.3106291],[103.8852759,1.3105987],[103.8852531,1.3106417],[103.8852487,1.3106408],[103.8852473,1.3106479],[103.885243,1.3106471],[103.8852318,1.3107031],[103.8852384,1.3107044],[103.8852349,1.3107217],[103.8852419,1.3107231],[103.8852407,1.3107294],[103.8852496,1.3107312],[103.8852538,1.3107101],[103.8852735,1.3107141],[103.8852766,1.3106985],[103.8852541,1.310694],[103.8852585,1.3106721],[103.8852685,1.3106741],[103.8852713,1.3106602],[103.8855499,1.3107187],[103.8855503,1.3107166],[103.8856027,1.3107272],[103.8856014,1.3107339],[103.8856533,1.3107444],[103.8856546,1.3107377],[103.8857073,1.3107484],[103.8856994,1.310788],[103.8857099,1.3107901],[103.8857071,1.3108044],[103.8856966,1.3108023],[103.8856951,1.3108098],[103.8856801,1.3108068],[103.8856774,1.3108202],[103.8856414,1.3108129],[103.8856382,1.310829],[103.8856603,1.3108334],[103.8856577,1.3108467],[103.8856731,1.3108498],[103.8856609,1.3109108],[103.8856079,1.3109001],[103.8856091,1.3108941],[103.8855571,1.3108835],[103.8855559,1.3108896],[103.8855035,1.310879],[103.8855157,1.310818],[103.8855307,1.310821],[103.8855329,1.3108097],[103.8855007,1.3108032],[103.8854904,1.3108549],[103.8854677,1.3108503],[103.8854648,1.3108649],[103.8854388,1.3108596],[103.8854376,1.3108656],[103.8853845,1.3108549],[103.8853967,1.3107939],[103.8854118,1.3107969],[103.885414,1.3107857],[103.8853461,1.3107719],[103.8853418,1.3107933],[103.8853211,1.3107891],[103.8853179,1.310805],[103.8853301,1.3108074],[103.8853232,1.3108425],[103.885214,1.3108204],[103.885221,1.3107854],[103.8852341,1.310788],[103.8852373,1.3107722],[103.885217,1.3107681],[103.8852213,1.3107467],[103.8852081,1.310744],[103.8852031,1.3107688],[103.8851639,1.3107609],[103.8851689,1.310736],[103.8851551,1.3107332],[103.8851508,1.3107547],[103.8851311,1.3107507],[103.8851279,1.3107665],[103.8851405,1.3107691],[103.8851335,1.3108041],[103.8850236,1.3107818],[103.8850306,1.3107468],[103.8850438,1.3107495],[103.8850469,1.3107337],[103.8850256,1.3107293],[103.8850291,1.3107118],[103.8850124,1.3107084],[103.8850089,1.310726],[103.8849969,1.3107235],[103.8849938,1.3107394],[103.8850057,1.3107418],[103.8849987,1.3107768],[103.8849471,1.3107664],[103.8849512,1.3107457],[103.8849312,1.3107417],[103.8849271,1.3107623],[103.8848751,1.3107518],[103.8848821,1.3107168],[103.8848933,1.310719],[103.8848964,1.3107032],[103.8848852,1.3107009],[103.8848888,1.3106833],[103.884871,1.3106797],[103.8848675,1.3106973],[103.8848553,1.3106949],[103.8848522,1.3107107],[103.8848643,1.3107132],[103.8848573,1.3107482],[103.8848056,1.3107377],[103.884824,1.3106458],[103.8848532,1.3106517],[103.8848546,1.3106447],[103.8848686,1.3106475],[103.8848717,1.3106323],[103.8848918,1.3106363],[103.884895,1.3106204],[103.884882,1.3106177],[103.884889,1.3105828],[103.8849989,1.310605],[103.8849984,1.3106071],[103.885161,1.3106378],[103.885154,1.3106728],[103.885142,1.3106704],[103.8851388,1.3106863],[103.8851508,1.3106888],[103.8851472,1.3107068],[103.8851598,1.3107094],[103.8851591,1.3107129],[103.8851731,1.3107157],[103.8852003,1.3105797],[103.8852546,1.3105907],[103.885258,1.3105842],[103.8852609,1.3105857],[103.885323,1.3104682],[103.8853457,1.3104799],[103.8853904,1.3103953],[103.8853765,1.3103882],[103.8853689,1.3104026],[103.8853733,1.3104048],[103.8853569,1.3104357],[103.8852946,1.3104036],[103.885311,1.3103726],[103.8853148,1.3103746],[103.8853224,1.3103602],[103.8853086,1.3103531],[103.8853112,1.3103482],[103.8853053,1.3103452],[103.885313,1.3103307],[103.8852968,1.3103223],[103.8852938,1.310328],[103.8852862,1.310324],[103.885279,1.3103378],[103.8852654,1.3103308],[103.8852578,1.3103451],[103.8852619,1.3103473],[103.8852456,1.3103782],[103.8852135,1.3103617],[103.8852237,1.3103425],[103.8852057,1.3103332],[103.8851956,1.3103524],[103.8851633,1.3103357],[103.8851796,1.3103048],[103.8851835,1.3103068],[103.8851911,1.3102924],[103.8851769,1.310285],[103.8852068,1.3102284],[103.8852211,1.3102357],[103.8852284,1.3102218],[103.8852245,1.3102198],[103.8852411,1.3101884],[103.8853029,1.3102203],[103.8852863,1.3102517],[103.8852777,1.3102473],[103.8852704,1.3102612],[103.8852888,1.3102708],[103.8852787,1.3102899],[103.8852964,1.3102991],[103.8853066,1.3102799],[103.8853251,1.3102895],[103.8853325,1.3102756],[103.8853202,1.3102693],[103.8853369,1.3102378],[103.8854355,1.3102888],[103.8854189,1.3103203],[103.8854083,1.3103148],[103.885401,1.3103287],[103.8854203,1.3103387],[103.8854119,1.3103546],[103.8854164,1.3103569],[103.8854146,1.3103601],[103.8854213,1.3103636],[103.8854327,1.310342],[103.8854674,1.31036],[103.8854589,1.3103761],[103.8854731,1.3103834],[103.8854803,1.3103697],[103.8854982,1.3103789],[103.8855055,1.310365],[103.8854938,1.310359],[103.8855104,1.3103275],[103.8856071,1.3103775],[103.8855905,1.3104089],[103.885581,1.310404],[103.8855736,1.3104179],[103.8855927,1.3104278],[103.8855627,1.3104844],[103.8855532,1.3104795],[103.8855456,1.3104939],[103.8855551,1.3104988],[103.8855388,1.3105297],[103.8854928,1.3105059],[103.8855029,1.3104868],[103.8854842,1.3104771],[103.8854741,1.3104963],[103.8854277,1.3104723],[103.885444,1.3104414],[103.8854534,1.3104462],[103.885461,1.3104318],[103.8854504,1.3104264],[103.8854578,1.3104123],[103.8854452,1.3104058],[103.8854362,1.3104228],[103.8854015,1.3104049],[103.8853819,1.3104421],[103.8854187,1.3104611],[103.8853952,1.3105055],[103.8854209,1.3105188],[103.8854095,1.3105403],[103.8853877,1.310529],[103.8853347,1.3106291]]]}},{"type":"Feature","properties":{"type":"LANDMARK"},"geometry":{"type":"Polygon","coordinates":[[[103.8850378,1.3127193],[103.8851787,1.3127271],[103.8851728,1.3128323],[103.8850319,1.3128242],[103.8850378,1.3127193]]]}},{"type":"Feature","properties":{"type":"LANDMARK"},"geometry":{"type":"Polygon","coordinates":[[[103.8823484,1.3129884],[103.8823501,1.312972],[103.8823434,1.3129713],[103.8823449,1.3129565],[103.8823516,1.3129571],[103.8823528,1.312945],[103.8824966,1.3129597],[103.8824861,1.3130638],[103.8823439,1.3130329],[103.8823469,1.3130032],[103.8823402,1.3130025],[103.8823417,1.3129877],[103.8823484,1.3129884]]]}},{"type":"Feature","properties":{"type":"LANDMARK"},"geometry":{"type":"Polygon","coordinates":[[[103.8846598,1.3131199],[103.8847341,1.3131287],[103.8847224,1.3132284],[103.8847393,1.3132304],[103.8847308,1.3133037],[103.8847164,1.313302],[103.8847129,1.3133319],[103.8846982,1.3133302],[103.8846946,1.3133613],[103.8846443,1.3133554],[103.8846479,1.3133248],[103.8846329,1.313323],[103.8846369,1.3132889],[103.8846225,1.3132872],[103.8846306,1.3132178],[103.8846481,1.3132199],[103.8846598,1.3131199]]]}},{"type":"Feature","properties":{"type":"HDB"},"geometry":{"type":"Polygon","coordinates":[[[103.8754588,1.3173735],[103.8754565,1.3173901],[103.8753713,1.3173649],[103.8754227,1.3171739],[103.8753571,1.317156],[103.8753767,1.3170831],[103.8754421,1.3171009],[103.8755506,1.3166975],[103.87554,1.3166946],[103.8755423,1.3166861],[103.8755487,1.3166878],[103.8755589,1.3166497],[103.8755526,1.316648],[103.875555,1.316639],[103.8755654,1.3166419],[103.8756228,1.3164285],[103.8756342,1.3164316],[103.8756347,1.3164297],[103.8757096,1.3164501],[103.8757033,1.3164655],[103.8757451,1.3164794],[103.8757388,1.3165029],[103.8757182,1.3164973],[103.8757103,1.3165265],[103.875731,1.3165322],[103.8757247,1.3165554],[103.8756816,1.3165464],[103.8756747,1.3165721],[103.8757165,1.3165862],[103.8757102,1.3166097],[103.8756897,1.3166042],[103.8756819,1.3166333],[103.8757024,1.3166388],[103.8756961,1.3166623],[103.8756527,1.3166531],[103.8756473,1.3166667],[103.8756436,1.3166804],[103.8756577,1.3166842],[103.875647,1.316724],[103.8756345,1.3167206],[103.8756313,1.3167327],[103.8756734,1.3167468],[103.8756672,1.3167701],[103.8756465,1.3167645],[103.875639,1.3167925],[103.8756597,1.3167981],[103.8756534,1.3168214],[103.87561,1.3168126],[103.8756031,1.3168381],[103.8756451,1.3168523],[103.8756389,1.3168756],[103.8756182,1.31687],[103.8756103,1.3168994],[103.875631,1.316905],[103.8756248,1.3169281],[103.8755815,1.3169193],[103.8755741,1.3169471],[103.875616,1.3169611],[103.8756096,1.3169847],[103.8755889,1.316979],[103.875581,1.3170083],[103.8756018,1.317014],[103.8755955,1.3170375],[103.8755524,1.3170283],[103.8755453,1.3170545],[103.8755873,1.3170682],[103.875581,1.3170916],[103.8755605,1.317086],[103.8755527,1.3171151],[103.8755732,1.3171206],[103.8755669,1.317144],[103.8755236,1.3171347],[103.8755199,1.3171484],[103.8755181,1.3171479],[103.8755097,1.3171862],[103.8755518,1.3172004],[103.8755456,1.3172236],[103.875525,1.317218],[103.8755172,1.317247],[103.8755377,1.3172527],[103.8755314,1.3172762],[103.875488,1.3172671],[103.8754811,1.3172929],[103.8755231,1.3173068],[103.8755168,1.3173303],[103.8754957,1.3173245],[103.8754878,1.3173538],[103.8755082,1.3173594],[103.875502,1.3173824],[103.8754588,1.3173735]]]}},{"type":"Feature","properties":{"type":"HDB"},"geometry":{"type":"Polygon","coordinates":[[[103.8868863,1.3178992],[103.8869027,1.3179237],[103.8869136,1.3179162],[103.8868998,1.3178947],[103.8869151,1.3178841],[103.8868967,1.3178569],[103.8869101,1.3178484],[103.8869119,1.3178513],[103.8869521,1.3178244],[103.8869508,1.3178211],[103.8869647,1.3178118],[103.8869833,1.3178387],[103.8869939,1.317832],[103.8870172,1.3178631],[103.8870455,1.3178446],[103.887023,1.3178123],[103.8870348,1.3178041],[103.8870165,1.3177764],[103.8870304,1.3177675],[103.8870329,1.31777],[103.8870735,1.3177425],[103.8870721,1.3177393],[103.8870868,1.3177298],[103.8871049,1.3177575],[103.8871201,1.3177477],[103.8871332,1.3177341],[103.8871367,1.3177152],[103.887104,1.3177095],[103.8871065,1.317692],[103.8871118,1.3176926],[103.88712,1.3176482],[103.8871151,1.3176476],[103.887116,1.3176448],[103.887123,1.3176464],[103.8871243,1.3176361],[103.8871423,1.3176239],[103.887126,1.317601],[103.8871073,1.3176136],[103.8870976,1.3176118],[103.8870954,1.3176187],[103.8870932,1.3176185],[103.8870932,1.3176151],[103.8870511,1.3176075],[103.8870487,1.3176106],[103.8870492,1.3176036],[103.8870395,1.3176017],[103.8870264,1.3175819],[103.887014,1.3175899],[103.8869729,1.3175264],[103.8870356,1.3174839],[103.8871023,1.3174967],[103.8871043,1.317502],[103.8871819,1.317517],[103.8872556,1.3176305],[103.8872462,1.317683],[103.8872513,1.3176917],[103.8872394,1.3177535],[103.8872642,1.3177585],[103.8872558,1.3178029],[103.8872145,1.317795],[103.8872128,1.3178173],[103.8871576,1.3178546],[103.8871528,1.3178805],[103.88701,1.317976],[103.8869833,1.3179721],[103.8869149,1.3180188],[103.8868409,1.3180038],[103.8868371,1.3180073],[103.8867709,1.3179936],[103.8867284,1.3179301],[103.8867913,1.3178876],[103.8868003,1.3178999],[103.886818,1.3178878],[103.8868295,1.317889],[103.8868313,1.3178827],[103.8868322,1.3178874],[103.8868776,1.317895],[103.886879,1.3178903],[103.8868814,1.3178911],[103.8868797,1.3178981],[103.8868863,1.3178992]]]}},{"type":"Feature","properties":{"type":"HDB"},"geometry":{"type":"Polygon","coordinates":[[[103.8852774,1.317796],[103.8853673,1.3178017],[103.885351,1.3180649],[103.8852624,1.3180594],[103.8852774,1.317796]]]}},{"type":"Feature","properties":{"type":"HDB"},"geometry":{"type":"Polygon","coordinates":[[[103.8853673,1.3178017],[103.885351,1.3180649],[103.8852624,1.3180594],[103.8852774,1.317796],[103.8853673,1.3178017]]]}},{"type":"Feature","properties":{"type":"HDB"},"geometry":{"type":"Polygon","coordinates":[[[103.8853901,1.3181022],[103.885389,1.3181197],[103.8854348,1.3181226],[103.885442,1.31801],[103.8855077,1.3180142],[103.8855058,1.3180447],[103.8855121,1.3180451],[103.8855106,1.3180691],[103.8855169,1.3180695],[103.885512,1.3181473],[103.8854715,1.3181447],[103.88547,1.3181689],[103.8855867,1.3181765],[103.8855825,1.3182428],[103.8855553,1.3182411],[103.8855547,1.3182499],[103.8855203,1.3182476],[103.8855197,1.3182562],[103.885451,1.3182518],[103.8854523,1.3182326],[103.8854334,1.3182314],[103.8854268,1.3183353],[103.8853487,1.3183302],[103.8853506,1.3183014],[103.8853422,1.3183008],[103.8853441,1.3182697],[103.8853372,1.3182693],[103.8853416,1.3181996],[103.8853679,1.3182013],[103.8853694,1.3181766],[103.8852557,1.3181692],[103.8852596,1.3181091],[103.8852876,1.3181109],[103.8852881,1.3181026],[103.8853151,1.3181043],[103.8853155,1.3180974],[103.8853901,1.3181022]]]}},{"type":"Feature","properties":{"type":"HDB"},"geometry":{"type":"Polygon","coordinates":[[[103.8843429,1.3182494],[103.8843474,1.3181732],[103.8843754,1.3181749],[103.8843776,1.3181373],[103.8843908,1.3181381],[103.8843923,1.3181128],[103.8844059,1.3181122],[103.8844778,1.318118],[103.8844762,1.3181453],[103.8845531,1.3181499],[103.8845547,1.3181229],[103.8845686,1.318122],[103.8846392,1.3181281],[103.8846377,1.3181547],[103.8847143,1.3181593],[103.8847159,1.3181323],[103.8847302,1.3181331],[103.8847303,1.3181311],[103.8848,1.3181371],[103.8847984,1.3181641],[103.884875,1.3181686],[103.8848766,1.3181417],[103.8848911,1.3181426],[103.8848912,1.3181402],[103.8849615,1.3181466],[103.8849599,1.3181736],[103.8850367,1.3181782],[103.8850383,1.3181511],[103.8851082,1.3181533],[103.8851081,1.3181552],[103.8851224,1.318156],[103.8851208,1.318183],[103.8851332,1.3181837],[103.885131,1.3182212],[103.8851582,1.3182228],[103.8851538,1.3182976],[103.8847839,1.3182756],[103.8847827,1.3182953],[103.8847704,1.3183063],[103.8847245,1.3183036],[103.884714,1.318292],[103.8847153,1.3182715],[103.8843429,1.3182494]]]}},{"type":"Feature","properties":{"type":"HDB"},"geometry":{"type":"Polygon","coordinates":[[[103.8865355,1.3182607],[103.8865373,1.3182552],[103.886554,1.3182596],[103.8865493,1.3182934],[103.8865644,1.3182974],[103.8865573,1.3183326],[103.8866079,1.3183429],[103.8866139,1.318318],[103.8866316,1.3183203],[103.8866372,1.3182952],[103.8866577,1.3182995],[103.8866573,1.3183039],[103.8867075,1.3183133],[103.8867096,1.3183102],[103.8867238,1.3183121],[103.8867186,1.3183455],[103.8867314,1.3183493],[103.8867254,1.318386],[103.8867576,1.3183921],[103.8867652,1.3183568],[103.8867791,1.318359],[103.8867869,1.3183265],[103.8868035,1.3183293],[103.8868024,1.3183331],[103.8868504,1.3183425],[103.8868518,1.3183394],[103.8868686,1.3183432],[103.886863,1.3183779],[103.8868805,1.3183807],[103.886897,1.3183798],[103.8869131,1.318369],[103.8868951,1.318342],[103.8869076,1.3183331],[103.8869104,1.3183363],[103.8869489,1.3183115],[103.886947,1.3183067],[103.8869591,1.3182981],[103.8869777,1.3183251],[103.8870064,1.3183053],[103.8869896,1.3182782],[103.8870018,1.3182689],[103.8870058,1.3182736],[103.8870433,1.3182478],[103.8870405,1.318244],[103.8870431,1.3182426],[103.8870465,1.3182482],[103.887058,1.3182451],[103.8870772,1.3182494],[103.8870835,1.3182218],[103.8870584,1.3182144],[103.8870534,1.3182074],[103.88705,1.3182103],[103.8870473,1.3182081],[103.8870498,1.318206],[103.8870223,1.3181645],[103.8870192,1.3181658],[103.8870108,1.3181536],[103.8870208,1.3181444],[103.8870027,1.3181174],[103.8869918,1.3181238],[103.8869789,1.3181057],[103.8869898,1.3180981],[103.8870023,1.3181011],[103.8870051,1.3181045],[103.8870306,1.3180857],[103.8870438,1.3180875],[103.8870843,1.318059],[103.8870779,1.318049],[103.8870811,1.318036],[103.8870924,1.3180277],[103.8871049,1.3180304],[103.8871247,1.3180604],[103.8871107,1.3180703],[103.8871185,1.3180806],[103.8871252,1.3180759],[103.8871337,1.3180782],[103.8871583,1.3181143],[103.8871545,1.3181243],[103.8871856,1.3181684],[103.8871519,1.3183316],[103.887107,1.3183613],[103.8871048,1.3183724],[103.8869582,1.3184727],[103.8869726,1.3184955],[103.8869338,1.3185209],[103.8869109,1.3184863],[103.8868937,1.3184992],[103.8868278,1.3184858],[103.8868119,1.3184971],[103.8866395,1.3184627],[103.8866255,1.3184424],[103.8864711,1.3184088],[103.8864544,1.3183919],[103.8864258,1.3183851],[103.8864191,1.3183703],[103.8863766,1.318362],[103.8863702,1.3183935],[103.886413,1.3184035],[103.8864216,1.3184172],[103.8864148,1.3184502],[103.8864056,1.3184492],[103.8864005,1.3184767],[103.8863943,1.3184758],[103.8863886,1.3185047],[103.8863844,1.3185043],[103.8863775,1.3185352],[103.8863048,1.3185195],[103.8863028,1.3185155],[103.8863051,1.3185014],[103.886314,1.318502],[103.8863165,1.3184907],[103.8863101,1.3184789],[103.8863244,1.3184022],[103.8863054,1.3183978],[103.8862958,1.3184486],[103.8862822,1.3184558],[103.88625,1.3184501],[103.8862516,1.3184404],[103.8862233,1.318434],[103.8862236,1.3184294],[103.8861953,1.3184234],[103.8861963,1.3184172],[103.8861658,1.3184105],[103.8861797,1.3183392],[103.8861845,1.3183354],[103.8862964,1.3183576],[103.8863005,1.3183395],[103.8862501,1.3183287],[103.8862422,1.3183149],[103.8862495,1.3182817],[103.8862587,1.318283],[103.8862716,1.3182395],[103.8862772,1.3182396],[103.8862833,1.3182072],[103.8863562,1.3182198],[103.8863599,1.3182252],[103.8863572,1.3182379],[103.8863487,1.3182379],[103.8863467,1.3182467],[103.8863565,1.3182492],[103.8863419,1.3183273],[103.886366,1.3183328],[103.8863749,1.3182929],[103.8864072,1.3182993],[103.886406,1.318312],[103.8864419,1.3183192],[103.8864517,1.3182722],[103.8864692,1.3182745],[103.8864774,1.3182465],[103.8865355,1.3182607]]]}},{"type":"Feature","properties":{"type":"HDB"},"geometry":{"type":"Polygon","coordinates":[[[103.8841769,1.3188761],[103.8841953,1.3188641],[103.8842367,1.3188666],[103.8842482,1.3188804],[103.8842469,1.3189014],[103.8846172,1.3189236],[103.8846139,1.3189981],[103.8845873,1.3189965],[103.8845851,1.3190332],[103.884571,1.3190323],[103.8845696,1.3190567],[103.8845556,1.3190559],[103.8845554,1.3190592],[103.8845014,1.3190559],[103.8845017,1.3190528],[103.8844868,1.3190519],[103.8844883,1.3190268],[103.8844129,1.3190223],[103.8844114,1.3190473],[103.8843967,1.3190465],[103.8843966,1.3190495],[103.8843395,1.319046],[103.8843396,1.3190429],[103.8843243,1.319042],[103.8843257,1.319018],[103.884251,1.3190135],[103.8842495,1.3190382],[103.8842356,1.3190374],[103.8842354,1.3190407],[103.8841792,1.3190374],[103.8841794,1.3190339],[103.8841651,1.319033],[103.8841665,1.3190094],[103.884091,1.3190049],[103.8840896,1.3190291],[103.8840745,1.3190282],[103.8840743,1.3190318],[103.8840171,1.3190284],[103.8840173,1.319025],[103.8840032,1.3190241],[103.8840047,1.3189997],[103.8839891,1.3189988],[103.8839914,1.31896],[103.8839655,1.3189584],[103.8839698,1.3188849],[103.8841756,1.3188972],[103.8841769,1.3188761]]]}},{"type":"Feature","properties":{"type":"HDB"},"geometry":{"type":"Polygon","coordinates":[[[103.8827013,1.3190906],[103.8827,1.3191136],[103.882614,1.3191086],[103.8826154,1.3190848],[103.8825662,1.3190819],[103.8825648,1.3191063],[103.8824783,1.3191013],[103.8824797,1.3190777],[103.8824555,1.3190763],[103.8824542,1.3191002],[103.8823721,1.3190955],[103.8823735,1.3190715],[103.8823605,1.3190707],[103.8823629,1.3190286],[103.8823489,1.3190277],[103.8823527,1.3189607],[103.882933,1.3189944],[103.8829342,1.3189732],[103.8829827,1.318976],[103.8829815,1.3189979],[103.8834541,1.3190228],[103.8834501,1.3190916],[103.8834398,1.319091],[103.8834374,1.3191327],[103.8834238,1.319132],[103.8834225,1.3191553],[103.8833376,1.3191503],[103.883339,1.3191267],[103.883315,1.3191253],[103.8833137,1.3191488],[103.8832315,1.319144],[103.8832329,1.3191206],[103.8831847,1.3191178],[103.8831832,1.3191419],[103.8830977,1.3191369],[103.8830991,1.319113],[103.8830781,1.3191118],[103.8830767,1.319135],[103.8829898,1.3191299],[103.8829911,1.3191074],[103.8829166,1.319103],[103.8829153,1.3191263],[103.8828312,1.3191213],[103.8828325,1.3190989],[103.8828101,1.3190976],[103.8828087,1.3191204],[103.8827241,1.3191154],[103.8827254,1.319092],[103.8827013,1.3190906]]]}},{"type":"Feature","properties":{"type":"HDB"},"geometry":{"type":"Polygon","coordinates":[[[103.8852489,1.319196],[103.8851908,1.3191301],[103.8852078,1.3191149],[103.8851928,1.319098],[103.885175,1.3191139],[103.8851192,1.3190506],[103.8851359,1.3190357],[103.8851273,1.3190275],[103.8851325,1.319022],[103.8851075,1.3190135],[103.8851073,1.3190178],[103.8850954,1.3190171],[103.8850941,1.3190375],[103.8850077,1.3190324],[103.8850089,1.3190127],[103.8849882,1.3190115],[103.8849869,1.3190328],[103.8849003,1.3190277],[103.8849019,1.3190011],[103.8848891,1.3190003],[103.8848913,1.3189623],[103.8848775,1.3189615],[103.8848815,1.3188927],[103.88517,1.3189098],[103.8854696,1.3192413],[103.8854497,1.319541],[103.8853815,1.3195382],[103.8853821,1.3195237],[103.8853442,1.3195222],[103.8853448,1.3195069],[103.885319,1.3195058],[103.8853237,1.3194212],[103.8853476,1.3194214],[103.8853477,1.3194002],[103.8853255,1.3193986],[103.8853307,1.3193112],[103.8853548,1.319313],[103.8853557,1.3193003],[103.8853715,1.3193005],[103.8853729,1.3192754],[103.8853596,1.3192603],[103.8853471,1.3192714],[103.8853365,1.3192594],[103.88532,1.3192741],[103.8852641,1.3192106],[103.8852801,1.3191963],[103.8852662,1.3191805],[103.8852489,1.319196]]]}},{"type":"Feature","properties":{"type":"HDB"},"geometry":{"type":"Polygon","coordinates":[[[103.884843,1.319377],[103.8848441,1.3193589],[103.8849275,1.3193639],[103.8849264,1.3193819],[103.8849403,1.3193828],[103.8849351,1.3194706],[103.8848777,1.3194671],[103.8848775,1.3194707],[103.8844246,1.3194437],[103.8844215,1.3194952],[103.8843928,1.3194935],[103.8843957,1.319442],[103.8839921,1.319418],[103.8839923,1.3194144],[103.8839385,1.3194111],[103.8839437,1.3193236],[103.883957,1.3193244],[103.883958,1.3193063],[103.8840386,1.3193111],[103.8840375,1.3193292],[103.8840662,1.3193309],[103.8840673,1.3193128],[103.884148,1.3193176],[103.8841469,1.3193357],[103.8841998,1.3193388],[103.8842009,1.3193207],[103.8842735,1.3193251],[103.8842725,1.3193431],[103.884295,1.3193444],[103.884296,1.3193264],[103.8843507,1.3193296],[103.8843496,1.3193477],[103.8843748,1.3193492],[103.8843758,1.3193311],[103.8844646,1.3193364],[103.8844636,1.3193545],[103.8844833,1.3193556],[103.8844844,1.3193376],[103.8845741,1.3193429],[103.884573,1.319361],[103.884599,1.3193625],[103.8846001,1.3193444],[103.884688,1.3193496],[103.8846869,1.3193677],[103.8847407,1.3193709],[103.8847418,1.3193529],[103.8848216,1.3193576],[103.8848206,1.3193757],[103.884843,1.319377]]]}},{"type":"Feature","properties":{"type":"HDB"},"geometry":{"type":"Polygon","coordinates":[[[103.8823264,1.3193978],[103.8823921,1.3194017],[103.8823894,1.3193766],[103.8824682,1.3193812],[103.8824709,1.3194056],[103.8825983,1.319413],[103.8825956,1.3193882],[103.8826752,1.3193928],[103.882678,1.3194164],[103.8828066,1.319424],[103.8828038,1.3194007],[103.8829078,1.3194068],[103.8829106,1.3194321],[103.8830381,1.3194396],[103.8830354,1.3194144],[103.8831135,1.319419],[103.8831162,1.3194449],[103.8831802,1.3194486],[103.8831745,1.3195467],[103.8831225,1.3195437],[103.8831222,1.3195498],[103.8830235,1.319544],[103.8830239,1.3195376],[103.8829173,1.3195313],[103.8829169,1.3195383],[103.8828744,1.3195358],[103.8828734,1.3195534],[103.882828,1.3195507],[103.882829,1.3195329],[103.8827883,1.3195305],[103.8827887,1.3195229],[103.8826839,1.3195168],[103.8826834,1.3195248],[103.882583,1.3195189],[103.8825835,1.3195111],[103.8824776,1.3195049],[103.8824772,1.3195123],[103.8823748,1.3195063],[103.8823752,1.3194996],[103.8823206,1.3194964],[103.8823264,1.3193978]]]}},{"type":"Feature","properties":{"type":"HDB"},"geometry":{"type":"Polygon","coordinates":[[[103.8863417,1.3200552],[103.8864254,1.3200602],[103.8864239,1.3200852],[103.8864475,1.3200865],[103.886449,1.3200616],[103.8865333,1.3200665],[103.8865319,1.3200917],[103.8865442,1.3200924],[103.886547,1.3200447],[103.8865903,1.3200473],[103.8865888,1.3200736],[103.8866122,1.320075],[103.8866138,1.3200487],[103.8866982,1.3200537],[103.8866966,1.3200804],[103.8867198,1.3200818],[103.8867245,1.3200021],[103.8867039,1.3200009],[103.8867046,1.3199873],[103.8866796,1.3199859],[103.8866846,1.319901],[103.8867113,1.3199025],[103.8867126,1.3198796],[103.8866859,1.3198781],[103.8866877,1.3198482],[103.8866628,1.3198467],[103.886661,1.3198766],[103.8865518,1.3198701],[103.8865633,1.319674],[103.8865871,1.3196754],[103.8865884,1.3196523],[103.8865647,1.3196509],[103.8865696,1.3195663],[103.8865968,1.3195679],[103.8865981,1.3195444],[103.886571,1.3195428],[103.8865759,1.3194582],[103.886602,1.3194598],[103.8866027,1.3194482],[103.8866219,1.3194493],[103.886625,1.3193973],[103.8866114,1.3193947],[103.8866164,1.3193686],[103.8865946,1.3193644],[103.8865896,1.3193905],[103.8865456,1.319382],[103.8865566,1.3193242],[103.8865441,1.3193218],[103.8865391,1.3193485],[103.8864573,1.3193327],[103.8864624,1.3193061],[103.8864396,1.3193017],[103.8864345,1.3193283],[103.8863909,1.3193199],[103.8863968,1.3192888],[103.8863561,1.319281],[103.8863611,1.3192549],[103.8863377,1.3192504],[103.8863327,1.3192764],[103.8862504,1.3192605],[103.8862554,1.3192341],[103.8862321,1.3192296],[103.8862271,1.3192561],[103.8861824,1.3192474],[103.8862077,1.3191146],[103.8864204,1.3191557],[103.8864253,1.3191292],[103.886482,1.3191399],[103.8864709,1.3191977],[103.886575,1.3192178],[103.8865799,1.3191913],[103.8866366,1.319202],[103.8866256,1.3192598],[103.8867282,1.3192796],[103.8867243,1.3193458],[103.8867512,1.3193474],[103.8867475,1.3194103],[103.8866895,1.3194069],[103.8866869,1.3194522],[103.8867108,1.3194536],[103.8866949,1.3197257],[103.8867615,1.3197296],[103.886763,1.3197033],[103.8868305,1.3197072],[103.8868129,1.3200077],[103.8867902,1.3200063],[103.8867871,1.3200589],[103.8868439,1.3200622],[103.886836,1.3201972],[103.8865947,1.320183],[103.8865918,1.3202327],[103.8865345,1.3202292],[103.886536,1.3202022],[103.8863225,1.3201896],[103.8863196,1.3202392],[103.8862623,1.3202357],[103.8862637,1.3202087],[103.8859417,1.3201897],[103.8859397,1.320224],[103.8858058,1.3202159],[103.885823,1.319919],[103.8857961,1.3199173],[103.8857994,1.3198597],[103.8858488,1.3198626],[103.8858599,1.3196729],[103.885994,1.3196809],[103.8859796,1.319927],[103.8859571,1.3199256],[103.8859547,1.3199674],[103.8859293,1.3199659],[103.885928,1.3199895],[103.8859533,1.319991],[103.8859484,1.3200757],[103.8859231,1.3200742],[103.8859217,1.3200978],[103.8859993,1.3201025],[103.8860006,1.3200814],[103.8860129,1.3200821],[103.8860143,1.3200586],[103.8860992,1.3200636],[103.8860978,1.3200876],[103.8861205,1.3200889],[103.8861219,1.3200649],[103.8862071,1.3200699],[103.8862057,1.3200944],[103.8862293,1.3200958],[103.8862307,1.3200713],[103.8862734,1.3200739],[103.8862747,1.3200513],[103.8863183,1.3200539],[103.8863168,1.3200784],[103.8863402,1.3200798],[103.8863417,1.3200552]]]}},{"type":"Feature","properties":{"type":"HDB"},"geometry":{"type":"Polygon","coordinates":[[[103.8839108,1.3198947],[103.8839639,1.3198977],[103.8839642,1.31989],[103.8840658,1.3198954],[103.8840654,1.3199035],[103.8841717,1.3199096],[103.8841723,1.3199008],[103.8842723,1.3199075],[103.8842718,1.3199158],[103.8843779,1.3199229],[103.8843785,1.3199142],[103.8844194,1.3199169],[103.8844212,1.3198885],[103.8844661,1.3198915],[103.8844643,1.3199189],[103.8845051,1.3199216],[103.8845046,1.3199286],[103.8846119,1.3199357],[103.8846124,1.3199281],[103.8847146,1.3199349],[103.8847142,1.3199408],[103.8848186,1.3199478],[103.8848191,1.3199404],[103.8849206,1.3199471],[103.8849201,1.3199545],[103.8849732,1.3199581],[103.884967,1.3200523],[103.8849038,1.3200481],[103.8849019,1.3200772],[103.8848208,1.3200718],[103.8848227,1.3200429],[103.8846962,1.3200345],[103.8846942,1.3200653],[103.8846156,1.3200601],[103.8846174,1.3200316],[103.8844884,1.320023],[103.8844865,1.3200517],[103.8843804,1.3200446],[103.8843822,1.3200167],[103.8842557,1.3200083],[103.8842537,1.3200385],[103.8841727,1.3200331],[103.8841745,1.320004],[103.8840494,1.3199957],[103.8840475,1.3200258],[103.8839675,1.3200205],[103.8839693,1.3199927],[103.8839046,1.3199884],[103.8839108,1.3198947]]]}},{"type":"Feature","properties":{"type":"HDB"},"geometry":{"type":"Polygon","coordinates":[[[103.8825313,1.3201034],[103.8824916,1.3201009],[103.8824985,1.3199889],[103.8825635,1.319993],[103.8825619,1.3199534],[103.8825979,1.3199534],[103.8825953,1.3199943],[103.8830504,1.3200232],[103.8830531,1.3199809],[103.8830814,1.3199827],[103.8830788,1.3200244],[103.8831456,1.3200286],[103.8831387,1.3201397],[103.8830994,1.3201372],[103.8830934,1.3201652],[103.8830146,1.3201579],[103.8830163,1.3201321],[103.8829389,1.3201273],[103.8829373,1.3201527],[103.8828533,1.3201474],[103.8828549,1.3201229],[103.8827776,1.320118],[103.8827761,1.3201423],[103.882691,1.3201369],[103.8826925,1.3201127],[103.8826156,1.3201079],[103.8826142,1.3201312],[103.8825299,1.3201258],[103.8825313,1.3201034]]]}},{"type":"Feature","properties":{"type":"HDB"},"geometry":{"type":"Polygon","coordinates":[[[103.8827063,1.3205525],[103.8824224,1.3205375],[103.8821307,1.3202111],[103.8821445,1.3199936],[103.8821478,1.3199938],[103.882152,1.3199267],[103.8822188,1.319931],[103.8822181,1.3199433],[103.8822611,1.319946],[103.8822605,1.3199569],[103.8822827,1.3199584],[103.8822772,1.3200458],[103.8822566,1.3200445],[103.8822552,1.3200665],[103.882276,1.3200679],[103.8822706,1.3201527],[103.8822484,1.3201517],[103.8822477,1.3201672],[103.8822516,1.3201801],[103.882261,1.3201906],[103.8822773,1.3201758],[103.8823336,1.3202388],[103.8823166,1.3202543],[103.8823319,1.3202714],[103.8823487,1.3202562],[103.8824054,1.3203196],[103.8823885,1.3203349],[103.8824067,1.3203552],[103.882423,1.3203404],[103.8824765,1.3204002],[103.8824602,1.3204149],[103.8824705,1.3204264],[103.8824822,1.3204329],[103.8824963,1.3204337],[103.8824976,1.3204117],[103.8825829,1.3204169],[103.8825816,1.3204381],[103.8826022,1.3204394],[103.8826036,1.3204165],[103.882689,1.3204217],[103.8826877,1.3204441],[103.882701,1.3204449],[103.8826985,1.320488],[103.8827102,1.3204887],[103.8827063,1.3205525]]]}},{"type":"Feature","properties":{"type":"HDB"},"geometry":{"type":"Polygon","coordinates":[[[103.8846088,1.3204721],[103.8838813,1.3204299],[103.8838851,1.3203651],[103.8838985,1.3203659],[103.883901,1.3203223],[103.8839138,1.320323],[103.8839153,1.3202957],[103.8840019,1.3203007],[103.8840003,1.3203288],[103.8840517,1.3203318],[103.8840533,1.3203038],[103.8841392,1.3203088],[103.8841377,1.3203361],[103.8841587,1.3203374],[103.8841602,1.3203109],[103.8842372,1.3203154],[103.8842356,1.3203428],[103.884261,1.3203443],[103.8842626,1.320317],[103.8843473,1.320322],[103.8843457,1.3203491],[103.8843687,1.3203504],[103.8843703,1.3203223],[103.8844531,1.3203271],[103.8844515,1.3203554],[103.8845025,1.3203584],[103.8845041,1.3203305],[103.8845894,1.3203354],[103.8845877,1.320365],[103.8846015,1.3203658],[103.8845991,1.320409],[103.8846124,1.3204098],[103.8846088,1.3204721]]]}},{"type":"Feature","properties":{"type":"HDB"},"geometry":{"type":"Polygon","coordinates":[[[103.8854597,1.3205034],[103.8852402,1.3204899],[103.8852388,1.3205127],[103.8851864,1.3205094],[103.8851878,1.3204867],[103.8847248,1.3204583],[103.8847291,1.3203887],[103.8847437,1.3203896],[103.8847459,1.3203523],[103.8847587,1.3203531],[103.8847603,1.3203259],[103.8848444,1.320331],[103.8848429,1.3203561],[103.8848916,1.3203591],[103.8848931,1.3203335],[103.884979,1.3203388],[103.8849775,1.3203637],[103.8850003,1.3203651],[103.8850019,1.3203396],[103.8850884,1.320345],[103.8850868,1.3203709],[103.8851101,1.3203723],[103.8851117,1.3203458],[103.8851969,1.320351],[103.8851953,1.3203772],[103.8852439,1.3203802],[103.8852455,1.3203538],[103.8853315,1.3203591],[103.8853299,1.3203856],[103.8853521,1.320387],[103.8853537,1.3203602],[103.8854383,1.3203654],[103.8854365,1.3203947],[103.8854499,1.3203955],[103.8854476,1.3204331],[103.8854639,1.3204341],[103.8854597,1.3205034]]]}},{"type":"Feature","properties":{"type":"HDB"},"geometry":{"type":"Polygon","coordinates":[[[103.883568,1.3205877],[103.8829581,1.3205512],[103.8829633,1.3204626],[103.8829848,1.3204639],[103.8829859,1.3204452],[103.8833746,1.3204685],[103.8833732,1.3204932],[103.8834277,1.3204965],[103.8834291,1.3204717],[103.8835776,1.3204806],[103.8835765,1.3205001],[103.8835982,1.3205014],[103.8835959,1.3205404],[103.8835709,1.3205389],[103.883568,1.3205877]]]}},{"type":"Feature","properties":{"type":"HDB"},"geometry":{"type":"Polygon","coordinates":[[[103.8857892,1.3204367],[103.886539,1.3204816],[103.8865217,1.3207813],[103.8864222,1.3207762],[103.8864231,1.3207599],[103.8863919,1.3207587],[103.8863971,1.3206712],[103.8864294,1.3206733],[103.8864324,1.3206346],[103.8864631,1.3206368],[103.8864644,1.3206121],[103.8864164,1.3206085],[103.886418,1.3205857],[103.886396,1.3205849],[103.8863945,1.3206073],[103.8863081,1.3206019],[103.8863101,1.3205797],[103.8862857,1.3205776],[103.8862846,1.3206011],[103.8861992,1.3205957],[103.8862009,1.3205735],[103.8861769,1.3205723],[103.8861758,1.320594],[103.886089,1.3205894],[103.8860901,1.3205666],[103.8860657,1.3205649],[103.8860637,1.3205867],[103.8860231,1.3205844],[103.8860273,1.3205376],[103.886001,1.3205348],[103.8859975,1.3205829],[103.8857796,1.3205714],[103.8857892,1.3204367]]]}},{"type":"Feature","properties":{"type":"HDB"},"geometry":{"type":"Polygon","coordinates":[[[103.8855882,1.3209111],[103.8855878,1.3209171],[103.8856034,1.320918],[103.8856026,1.320932],[103.8856241,1.3209333],[103.8856286,1.3208907],[103.8856555,1.3208923],[103.885655,1.3209351],[103.8856765,1.3209364],[103.8856773,1.3209223],[103.8856913,1.3209232],[103.8856916,1.3209171],[103.8856977,1.3209175],[103.8856972,1.3209235],[103.885713,1.3209244],[103.8857122,1.3209385],[103.8857337,1.3209398],[103.8857382,1.3208971],[103.8857651,1.3208987],[103.8857646,1.3209416],[103.8857861,1.3209428],[103.885787,1.3209288],[103.8858006,1.3209296],[103.885801,1.3209236],[103.8858071,1.320924],[103.8858066,1.3209299],[103.885822,1.3209308],[103.8858212,1.3209449],[103.8858427,1.3209462],[103.8858472,1.3209035],[103.8858587,1.3209042],[103.8858555,1.3209778],[103.8858808,1.3209793],[103.8858826,1.3209485],[103.8859137,1.3209503],[103.8859162,1.3209076],[103.8859288,1.3209083],[103.8859283,1.3209512],[103.8859498,1.3209524],[103.8859506,1.3209384],[103.8859647,1.3209392],[103.885965,1.3209332],[103.885971,1.3209335],[103.8859706,1.3209396],[103.8859861,1.3209405],[103.8859853,1.3209545],[103.8860068,1.3209558],[103.8860113,1.3209132],[103.8860383,1.3209148],[103.8860377,1.3209576],[103.8860593,1.3209589],[103.8860601,1.3209448],[103.886074,1.3209456],[103.8860744,1.3209396],[103.8860804,1.32094],[103.88608,1.320946],[103.8860956,1.3209469],[103.8860948,1.320961],[103.8861163,1.3209622],[103.8861208,1.3209196],[103.8861365,1.3209205],[103.8861396,1.3208314],[103.8859164,1.3208198],[103.8859169,1.3208112],[103.8858939,1.3208065],[103.8858957,1.3207749],[103.8858624,1.320773],[103.8858599,1.3208165],[103.8855386,1.3207976],[103.8855412,1.3207541],[103.8855079,1.3207522],[103.8855061,1.3207837],[103.8854826,1.3207857],[103.8854821,1.3207943],[103.8852633,1.3207799],[103.8852626,1.3207923],[103.885259,1.3207921],[103.8852545,1.3208687],[103.8852729,1.3208698],[103.8852725,1.320912],[103.885294,1.3209132],[103.8852948,1.3208999],[103.8853084,1.3209007],[103.8853088,1.3208946],[103.8853148,1.320895],[103.8853144,1.320901],[103.8853303,1.3209019],[103.8853295,1.3209153],[103.885351,1.3209166],[103.8853554,1.3208746],[103.8853824,1.3208762],[103.8853819,1.3209184],[103.8854034,1.3209197],[103.8854042,1.3209063],[103.8854178,1.3209071],[103.8854182,1.3209011],[103.8854241,1.3209014],[103.8854238,1.3209074],[103.8854397,1.3209084],[103.8854389,1.3209218],[103.8854605,1.320923],[103.8854649,1.3208811],[103.8854774,1.3208818],[103.885475,1.3209239],[103.8854963,1.3209251],[103.8854945,1.3209566],[103.8855286,1.3209586],[103.8855339,1.3208851],[103.8855465,1.3208859],[103.885546,1.3209287],[103.8855675,1.32093],[103.8855683,1.3209159],[103.8855819,1.3209167],[103.8855824,1.3209107],[103.8855882,1.3209111]],[[103.8855824,1.3209107],[103.8855824,1.3209105],[103.8855824,1.3209107],[103.8855824,1.3209107]]]}},{"type":"Feature","properties":{"type":"HDB"},"geometry":{"type":"Polygon","coordinates":[[[103.8837675,1.3210091],[103.8837001,1.3210051],[103.8836999,1.3210081],[103.8829979,1.3209676],[103.8829981,1.320964],[103.8829309,1.3209601],[103.8829327,1.320902],[103.8829343,1.3208995],[103.882945,1.3209001],[103.8829476,1.3208555],[103.8829621,1.3208564],[103.8829637,1.3208273],[103.8830486,1.3208324],[103.883047,1.3208609],[103.8830704,1.3208623],[103.8830721,1.3208338],[103.8831563,1.3208388],[103.8831546,1.3208675],[103.8832055,1.3208706],[103.8832072,1.3208419],[103.8832906,1.3208469],[103.883289,1.3208746],[103.8833132,1.3208761],[103.8833148,1.3208483],[103.8833984,1.3208533],[103.8833968,1.3208808],[103.8834195,1.3208821],[103.8834211,1.3208547],[103.8835058,1.3208597],[103.8835042,1.3208869],[103.8835541,1.3208899],[103.8835557,1.3208627],[103.8836409,1.3208678],[103.8836393,1.3208952],[103.8836627,1.3208966],[103.8836644,1.3208692],[103.8837489,1.3208742],[103.8837473,1.3209017],[103.8837611,1.3209025],[103.8837585,1.3209476],[103.8837714,1.3209484],[103.8837724,1.3209509],[103.8837675,1.3210091]]]}},{"type":"Feature","properties":{"type":"HDB"},"geometry":{"type":"Polygon","coordinates":[[[103.8839018,1.320897],[103.8839029,1.3208772],[103.8839728,1.3208811],[103.8839717,1.3209001],[103.8839979,1.3209016],[103.8839989,1.3208818],[103.8840724,1.3208859],[103.8840712,1.3209056],[103.884095,1.320907],[103.8840962,1.3208869],[103.8841678,1.320891],[103.8841667,1.3209116],[103.8841916,1.320913],[103.8841927,1.320893],[103.8842644,1.320897],[103.8842632,1.3209177],[103.8842909,1.3209192],[103.884292,1.3208991],[103.8843631,1.3209032],[103.884362,1.3209232],[103.8843748,1.3209239],[103.884375,1.3209208],[103.8843972,1.3209221],[103.8843937,1.3209839],[103.8843715,1.3209827],[103.8843691,1.321025],[103.8843561,1.3210243],[103.884355,1.3210443],[103.8842827,1.3210402],[103.8842838,1.3210203],[103.8842578,1.3210189],[103.8842567,1.3210388],[103.8841841,1.3210347],[103.8841853,1.321014],[103.8841749,1.3210134],[103.8841744,1.3210235],[103.8840769,1.321018],[103.8840775,1.321008],[103.8840639,1.3210072],[103.8840627,1.3210278],[103.8839907,1.3210237],[103.8839919,1.3210029],[103.8839673,1.3210016],[103.8839662,1.3210222],[103.8838949,1.3210181],[103.883896,1.3209974],[103.8838838,1.3209967],[103.8838862,1.3209549],[103.8838645,1.3209537],[103.8838679,1.3208919],[103.883891,1.3208932],[103.8838909,1.3208963],[103.8839018,1.320897]]]}},{"type":"Feature","properties":{"type":"HDB"},"geometry":{"type":"Polygon","coordinates":[[[103.8848975,1.3214638],[103.8849341,1.320783],[103.8849534,1.320784],[103.884958,1.3207581],[103.8849683,1.3207338],[103.8849835,1.3207125],[103.8850031,1.320695],[103.885026,1.3206823],[103.8850511,1.320675],[103.8850773,1.3206735],[103.885103,1.3206778],[103.8851273,1.3206878],[103.8851487,1.3207029],[103.8851663,1.3207224],[103.8851791,1.3207453],[103.8851867,1.3207706],[103.8851885,1.3207968],[103.8852078,1.3207979],[103.885196,1.3210164],[103.8852274,1.3210181],[103.8852216,1.3211256],[103.8851902,1.3211238],[103.8851711,1.3214787],[103.8850561,1.3214724],[103.8850542,1.3215268],[103.8850176,1.3215243],[103.8850205,1.3214705],[103.8848975,1.3214638]]]}},{"type":"Feature","properties":{"type":"HDB"},"geometry":{"type":"Polygon","coordinates":[[[103.886057,1.3212029],[103.8860678,1.3210197],[103.8861602,1.3210252],[103.8861494,1.3212084],[103.886057,1.3212029]]]}},{"type":"Feature","properties":{"type":"HDB"},"geometry":{"type":"Polygon","coordinates":[[[103.8866538,1.3209587],[103.8867866,1.3209655],[103.8867723,1.3211891],[103.8867503,1.3211865],[103.886749,1.3212181],[103.886771,1.3212201],[103.8867658,1.3213067],[103.8867436,1.3213055],[103.8867421,1.3213278],[103.8867636,1.3213293],[103.8867582,1.3214152],[103.8867365,1.3214144],[103.8867345,1.3214377],[103.8867576,1.3214387],[103.8867519,1.3215217],[103.8867243,1.3215198],[103.8867235,1.3215366],[103.886617,1.3215304],[103.8866538,1.3209587]]]}},{"type":"Feature","properties":{"type":"HDB"},"geometry":{"type":"Polygon","coordinates":[[[103.8858584,1.3214144],[103.8858251,1.3214124],[103.8858277,1.3213689],[103.8855065,1.3213495],[103.8855039,1.321393],[103.8854707,1.321391],[103.8854725,1.3213595],[103.8854495,1.3213547],[103.88545,1.3213461],[103.885231,1.3213345],[103.8852318,1.3213221],[103.8852281,1.3213219],[103.8852327,1.3212452],[103.8852511,1.3212463],[103.8852556,1.3212044],[103.8852771,1.3212057],[103.8852763,1.3212191],[103.8852899,1.3212199],[103.8852896,1.3212259],[103.8852956,1.3212263],[103.8852959,1.3212203],[103.8853118,1.3212212],[103.8853126,1.3212078],[103.8853341,1.3212091],[103.8853336,1.3212513],[103.8853605,1.3212529],[103.885365,1.321211],[103.8853865,1.3212123],[103.8853857,1.3212255],[103.8853993,1.3212265],[103.885399,1.3212325],[103.8854049,1.3212329],[103.8854053,1.3212269],[103.8854212,1.3212278],[103.885422,1.3212144],[103.8854436,1.3212157],[103.885443,1.3212579],[103.8854556,1.3212587],[103.8854581,1.3212166],[103.8854794,1.3212179],[103.8854813,1.3211865],[103.8855154,1.3211885],[103.8855121,1.3212621],[103.8855246,1.3212628],[103.8855292,1.3212202],[103.8855507,1.3212215],[103.8855498,1.3212356],[103.8855634,1.3212364],[103.8855631,1.3212424],[103.885569,1.3212428],[103.8855693,1.3212368],[103.8855849,1.3212377],[103.8855857,1.3212236],[103.8856073,1.3212249],[103.8856067,1.3212678],[103.8856228,1.3212688],[103.8856336,1.3212694],[103.8856381,1.3212268],[103.8856597,1.3212281],[103.8856588,1.3212422],[103.8856728,1.321243],[103.8856724,1.321249],[103.8856784,1.3212494],[103.8856787,1.3212434],[103.8856945,1.3212443],[103.8856954,1.3212303],[103.8857169,1.3212316],[103.8857163,1.3212744],[103.8857432,1.321276],[103.8857478,1.3212334],[103.8857693,1.3212347],[103.8857684,1.3212488],[103.8857821,1.3212496],[103.8857818,1.3212556],[103.8857877,1.321256],[103.885788,1.32125],[103.8858035,1.3212509],[103.8858043,1.3212368],[103.8858259,1.3212381],[103.8858253,1.321281],[103.8858368,1.3212817],[103.8858422,1.3212082],[103.8858675,1.3212098],[103.8858657,1.3212405],[103.8858969,1.3212424],[103.8858943,1.3212851],[103.8859069,1.3212859],[103.8859114,1.3212433],[103.8859329,1.3212446],[103.8859321,1.3212586],[103.8859461,1.3212595],[103.8859458,1.3212655],[103.8859517,1.3212659],[103.8859521,1.3212599],[103.8859676,1.3212608],[103.8859684,1.3212467],[103.88599,1.321248],[103.8859894,1.3212909],[103.8860163,1.3212925],[103.8860209,1.3212499],[103.8860424,1.3212512],[103.8860416,1.3212646],[103.8860555,1.3212661],[103.8860552,1.3212714],[103.8860611,1.3212717],[103.8860615,1.3212665],[103.886077,1.3212674],[103.8860779,1.3212533],[103.8860994,1.3212546],[103.8860988,1.3212975],[103.8861146,1.3212984],[103.8861072,1.3213873],[103.8858842,1.3213723],[103.8858837,1.3213809],[103.8858603,1.3213829],[103.8858584,1.3214144]]]}},{"type":"Feature","properties":{"type":"HDB"},"geometry":{"type":"Polygon","coordinates":[[[103.8864066,1.3213056],[103.8863872,1.3213044],[103.8863873,1.3213024],[103.8863632,1.321303],[103.8863645,1.3212804],[103.8863758,1.3212811],[103.8863766,1.3212671],[103.8863895,1.3212658],[103.8863899,1.3212598],[103.8863769,1.3212611],[103.8863778,1.3212471],[103.8863666,1.3212464],[103.8863679,1.3212239],[103.8863921,1.3212233],[103.8863922,1.3212212],[103.8864115,1.3212224],[103.8864132,1.3211955],[103.8863938,1.3211944],[103.8863939,1.3211924],[103.8863698,1.3211929],[103.8863711,1.3211704],[103.8863823,1.3211711],[103.8863832,1.3211571],[103.8863961,1.3211558],[103.8863965,1.3211498],[103.8863835,1.3211511],[103.8863843,1.3211371],[103.8863731,1.3211364],[103.8863745,1.3211138],[103.8863987,1.3211132],[103.8863988,1.3211112],[103.8864181,1.3211123],[103.8864189,1.3210999],[103.8863691,1.3211005],[103.8863422,1.321098],[103.886344,1.3210673],[103.8863772,1.3210697],[103.8863788,1.3210423],[103.8864223,1.3210428],[103.886423,1.3210305],[103.8864036,1.3210293],[103.8864038,1.3210272],[103.8863796,1.3210279],[103.886381,1.3210053],[103.8863922,1.321006],[103.886393,1.320992],[103.886406,1.3209906],[103.8864063,1.3209847],[103.8863934,1.320986],[103.8863942,1.320972],[103.886383,1.3209713],[103.8863843,1.3209488],[103.8864085,1.3209481],[103.8864086,1.3209461],[103.886428,1.3209472],[103.8864296,1.3209204],[103.8864102,1.3209192],[103.8864103,1.3209172],[103.8863862,1.3209178],[103.8863876,1.3208953],[103.8863987,1.3208959],[103.8863996,1.3208819],[103.8864126,1.3208806],[103.8864129,1.3208746],[103.8863999,1.3208759],[103.8864008,1.3208619],[103.8863896,1.3208613],[103.8863909,1.3208387],[103.8864151,1.320838],[103.8864152,1.320836],[103.8864346,1.3208372],[103.8864355,1.3208206],[103.886527,1.3208283],[103.8865236,1.3208854],[103.8865209,1.3208852],[103.8865111,1.3210482],[103.8865148,1.3210592],[103.8865159,1.3210782],[103.8865484,1.3210796],[103.8865465,1.3211103],[103.8865195,1.3211096],[103.8865077,1.3211053],[103.8864881,1.3214334],[103.886527,1.3214372],[103.8865252,1.321468],[103.8864928,1.3214654],[103.886488,1.3214886],[103.886492,1.3214866],[103.8864917,1.3214909],[103.8864848,1.3214905],[103.8864717,1.3217086],[103.886478,1.321709],[103.8864762,1.3217385],[103.8864699,1.3217382],[103.8864684,1.3217646],[103.8864421,1.3217631],[103.8864368,1.3217711],[103.8864074,1.3217693],[103.8864066,1.3217828],[103.8863923,1.321782],[103.886392,1.3217914],[103.8863615,1.3217895],[103.8863624,1.3217801],[103.8863463,1.3217792],[103.8863521,1.3217618],[103.8863052,1.3217589],[103.8863055,1.3217548],[103.886141,1.3217449],[103.8861409,1.3217476],[103.8860841,1.3217442],[103.886085,1.3217297],[103.8860781,1.3217313],[103.8860828,1.3216536],[103.886104,1.3216528],[103.8861052,1.3216333],[103.8861072,1.3216335],[103.8861036,1.3216158],[103.886126,1.3216172],[103.8861253,1.3216285],[103.8861392,1.3216293],[103.8861435,1.3216357],[103.8861495,1.321636],[103.8861452,1.3216296],[103.8861591,1.3216305],[103.8861598,1.3216192],[103.8861821,1.3216206],[103.8861858,1.3216383],[103.8861879,1.3216384],[103.8861867,1.3216579],[103.8862134,1.3216595],[103.8862145,1.32164],[103.8862165,1.3216401],[103.8862129,1.3216224],[103.8862353,1.3216238],[103.8862346,1.3216351],[103.8862485,1.3216359],[103.8862529,1.3216423],[103.8862588,1.3216427],[103.8862545,1.3216363],[103.8862684,1.3216371],[103.8862691,1.3216258],[103.8862915,1.3216272],[103.8862952,1.3216449],[103.8862972,1.321645],[103.8862961,1.3216645],[103.8863104,1.3216653],[103.8863088,1.3216914],[103.8863418,1.3216934],[103.8863414,1.3217003],[103.886344,1.3217009],[103.8863849,1.3217033],[103.8863856,1.321691],[103.8863451,1.3216864],[103.8863464,1.3216639],[103.8863576,1.3216646],[103.8863585,1.3216506],[103.8863665,1.321651],[103.8863669,1.321645],[103.8863588,1.3216446],[103.8863548,1.3216323],[103.8863436,1.3216316],[103.8863449,1.321609],[103.8863691,1.3216085],[103.8863692,1.3216064],[103.8863906,1.3216077],[103.8863922,1.3215809],[103.8863708,1.3215796],[103.8863709,1.3215775],[103.8863468,1.3215781],[103.8863481,1.3215555],[103.8863593,1.3215562],[103.8863602,1.3215422],[103.8863731,1.321541],[103.8863735,1.321535],[103.8863606,1.3215362],[103.8863614,1.3215222],[103.8863501,1.3215216],[103.8863515,1.321499],[103.8863952,1.3214975],[103.8863959,1.3214851],[103.88633,1.3214832],[103.8863316,1.3214563],[103.8863209,1.3214556],[103.8863227,1.3214249],[103.8863993,1.3214281],[103.8864,1.3214157],[103.8863807,1.3214145],[103.8863808,1.3214124],[103.8863567,1.321413],[103.886358,1.3213904],[103.8863692,1.3213911],[103.88637,1.3213771],[103.886383,1.3213759],[103.8863833,1.3213699],[103.8863704,1.3213711],[103.8863713,1.3213571],[103.88636,1.3213565],[103.8863614,1.3213339],[103.8863855,1.3213333],[103.8863856,1.3213313],[103.886405,1.3213324],[103.8864066,1.3213056]]]}},{"type":"Feature","properties":{"type":"HDB"},"geometry":{"type":"Polygon","coordinates":[[[103.8872285,1.3210002],[103.8873653,1.3210096],[103.8873206,1.3216463],[103.8871834,1.3216357],[103.8871919,1.3215854],[103.8872134,1.3215864],[103.8872151,1.3215653],[103.887194,1.3215641],[103.887199,1.32148],[103.8872215,1.3214801],[103.8872225,1.3214561],[103.8872003,1.3214549],[103.8872053,1.3213703],[103.8872275,1.3213716],[103.8872288,1.321346],[103.8872072,1.3213436],[103.8872127,1.3212581],[103.8872348,1.3212596],[103.887237,1.3212221],[103.8872157,1.3212204],[103.8872285,1.3210002]]]}},{"type":"Feature","properties":{"type":"HDB"},"geometry":{"type":"Polygon","coordinates":[[[103.8847174,1.3214711],[103.8838858,1.3214195],[103.8838897,1.3213545],[103.8839037,1.3213554],[103.8839062,1.3213124],[103.8839199,1.3213133],[103.8839215,1.3212858],[103.8840047,1.3212908],[103.8840031,1.3213184],[103.884023,1.3213195],[103.8840246,1.3212924],[103.8841107,1.3212976],[103.8841091,1.3213244],[103.8841563,1.3213272],[103.8841579,1.3213002],[103.8842431,1.3213053],[103.8842415,1.3213325],[103.884266,1.321334],[103.8842676,1.3213069],[103.8843511,1.3213118],[103.8843495,1.3213394],[103.884372,1.3213407],[103.8843735,1.321314],[103.8844582,1.3213191],[103.8844566,1.3213467],[103.8845072,1.3213497],[103.8845089,1.3213225],[103.8845931,1.3213275],[103.8845915,1.3213544],[103.8846131,1.3213557],[103.8846146,1.3213291],[103.8846997,1.3213342],[103.8846981,1.3213607],[103.8847128,1.3213616],[103.8847101,1.3214065],[103.8847256,1.3214075],[103.8847174,1.3214711]]]}},{"type":"Feature","properties":{"type":"HDB"},"geometry":{"type":"Polygon","coordinates":[[[103.8852072,1.3215793],[103.8852087,1.3215459],[103.8852392,1.3215477],[103.885235,1.321611],[103.8852473,1.3216117],[103.8852482,1.3215966],[103.8853172,1.3216006],[103.8853163,1.3216157],[103.885343,1.3216173],[103.8853438,1.3216022],[103.8854129,1.3216062],[103.885412,1.3216213],[103.8854387,1.3216229],[103.8854395,1.3216078],[103.8855086,1.3216118],[103.8855077,1.321627],[103.8855343,1.3216285],[103.8855352,1.3216134],[103.8856043,1.3216174],[103.8856033,1.3216325],[103.8856156,1.3216332],[103.8856188,1.3215699],[103.8856493,1.3215716],[103.8856469,1.321605],[103.8856741,1.3216066],[103.8856724,1.3216366],[103.8856847,1.3216373],[103.8856856,1.3216221],[103.8857546,1.3216262],[103.8857537,1.3216413],[103.8857804,1.3216429],[103.8857812,1.3216278],[103.8858503,1.3216318],[103.8858494,1.3216469],[103.8858658,1.3216479],[103.8858618,1.3217181],[103.8858597,1.3217179],[103.885859,1.3217296],[103.8856677,1.3217184],[103.8856673,1.3217255],[103.8856397,1.3217283],[103.8856383,1.3217609],[103.8856079,1.3217591],[103.8856109,1.3217151],[103.8852303,1.3216928],[103.8852283,1.3217369],[103.8851978,1.3217352],[103.8852002,1.3217026],[103.8851731,1.3216965],[103.8851735,1.3216895],[103.8849822,1.3216783],[103.8849849,1.3215963],[103.8850012,1.3215973],[103.8850021,1.3215822],[103.8850712,1.3215862],[103.8850703,1.3216014],[103.8850969,1.3216029],[103.8850978,1.3215878],[103.8851669,1.3215918],[103.885166,1.321607],[103.8851783,1.3216077],[103.88518,1.3215777],[103.8852072,1.3215793]]]}},{"type":"Feature","properties":{"type":"HDB"},"geometry":{"type":"Polygon","coordinates":[[[103.8832909,1.322018],[103.8840061,1.3222729],[103.8838636,1.3226778],[103.8837398,1.3226336],[103.8835343,1.322617],[103.8835397,1.3225491],[103.8835531,1.3225502],[103.8835562,1.322511],[103.8835687,1.322512],[103.883571,1.3224846],[103.8836559,1.322492],[103.8836539,1.3225154],[103.8836931,1.3225188],[103.8836856,1.3226072],[103.8836981,1.3226083],[103.883701,1.3225742],[103.88373,1.3225768],[103.8837272,1.3226101],[103.8837426,1.3226113],[103.8837676,1.3226201],[103.8837717,1.3226081],[103.8837486,1.3226],[103.8837771,1.3225197],[103.8837996,1.3225276],[103.8838072,1.3225056],[103.8837847,1.3224977],[103.8838132,1.3224174],[103.8838357,1.3224254],[103.88384,1.3224133],[103.883921,1.3224423],[103.8839483,1.3223658],[103.8839385,1.3223622],[103.8839293,1.3223881],[103.8838491,1.3223594],[103.883857,1.3223368],[103.8838103,1.3223202],[103.8838024,1.3223428],[103.8837222,1.3223143],[103.8837302,1.3222915],[103.8837088,1.3222837],[103.8837008,1.3223065],[103.8836205,1.3222779],[103.8836296,1.3222518],[103.8836178,1.3222477],[103.8836313,1.322209],[103.8836206,1.3222051],[103.8836172,1.3222147],[103.8835899,1.322205],[103.8835775,1.3222407],[103.8835655,1.3222365],[103.8835572,1.3222601],[103.883543,1.322257],[103.8834772,1.3222318],[103.8834854,1.3222083],[103.883413,1.3221831],[103.8834048,1.3222066],[103.8833903,1.3222032],[103.8833247,1.3221775],[103.8833329,1.3221541],[103.8832604,1.3221286],[103.8832522,1.322152],[103.8832382,1.3221489],[103.8831726,1.3221232],[103.8831808,1.3220998],[103.8831083,1.3220742],[103.8831001,1.3220976],[103.8830857,1.3220944],[103.8830201,1.3220688],[103.8830283,1.3220453],[103.8829559,1.3220193],[103.8829477,1.3220428],[103.8828807,1.322021],[103.8828678,1.3220145],[103.8828759,1.321991],[103.8827922,1.3219606],[103.882784,1.3219841],[103.8827699,1.321981],[103.8827041,1.3219558],[103.8827123,1.3219323],[103.8826487,1.3219103],[103.8826405,1.3219337],[103.8826263,1.3219306],[103.8825606,1.3219054],[103.8825688,1.321882],[103.882496,1.3218557],[103.8824878,1.3218792],[103.8824209,1.3218574],[103.8824079,1.3218509],[103.8824161,1.3218274],[103.882369,1.3218107],[103.8823652,1.3218217],[103.8823491,1.3218159],[103.8822706,1.3218237],[103.8822562,1.3218323],[103.8822504,1.3218223],[103.8822073,1.3218479],[103.8822199,1.3218693],[103.8822082,1.3218782],[103.8821467,1.3219127],[103.8821342,1.3218913],[103.8820661,1.3219317],[103.8820787,1.3219531],[103.882019,1.3219908],[103.8820057,1.3219966],[103.8819932,1.3219753],[103.8819498,1.3220007],[103.8819558,1.3220109],[103.8819417,1.3220193],[103.8818963,1.3220857],[103.8818936,1.3221023],[103.8818823,1.3221002],[103.8818741,1.3221493],[103.8818984,1.3221537],[103.8818976,1.3221684],[103.8818844,1.322238],[103.88186,1.322234],[103.8818472,1.3223104],[103.8818716,1.3223144],[103.881871,1.3223291],[103.8818577,1.3223987],[103.8818348,1.3223949],[103.8818328,1.3224072],[103.8817938,1.3224007],[103.8817893,1.3224276],[103.8817147,1.3224151],[103.8817729,1.3220608],[103.8818039,1.322016],[103.8817887,1.3220048],[103.8817855,1.3219878],[103.8818112,1.3219499],[103.8818278,1.3219468],[103.8818435,1.3219572],[103.881874,1.321913],[103.8822084,1.3217139],[103.8823871,1.3216961],[103.8826133,1.3217765],[103.8826197,1.3217578],[103.8826346,1.321751],[103.8826779,1.3217664],[103.8826858,1.3217808],[103.8826791,1.3218003],[103.8832252,1.3219946],[103.8832317,1.3219764],[103.883247,1.321969],[103.88329,1.3219845],[103.8832973,1.3219999],[103.8832909,1.322018]]]}},{"type":"Feature","properties":{"type":"HDB"},"geometry":{"type":"Polygon","coordinates":[[[103.8832909,1.322018],[103.8840061,1.3222729],[103.8838636,1.3226778],[103.8837398,1.3226336],[103.8835343,1.322617],[103.8835397,1.3225491],[103.8835531,1.3225502],[103.8835562,1.322511],[103.8835687,1.322512],[103.883571,1.3224846],[103.8836559,1.322492],[103.8836539,1.3225154],[103.8836931,1.3225188],[103.8836856,1.3226072],[103.8836981,1.3226083],[103.883701,1.3225742],[103.88373,1.3225768],[103.8837272,1.3226101],[103.8837426,1.3226113],[103.8837676,1.3226201],[103.8837717,1.3226081],[103.8837486,1.3226],[103.8837771,1.3225197],[103.8837996,1.3225276],[103.8838072,1.3225056],[103.8837847,1.3224977],[103.8838132,1.3224174],[103.8838357,1.3224254],[103.88384,1.3224133],[103.883921,1.3224423],[103.8839483,1.3223658],[103.8839385,1.3223622],[103.8839293,1.3223881],[103.8838491,1.3223594],[103.883857,1.3223368],[103.8838103,1.3223202],[103.8838024,1.3223428],[103.8837222,1.3223143],[103.8837302,1.3222915],[103.8837088,1.3222837],[103.8837008,1.3223065],[103.8836205,1.3222779],[103.8836296,1.3222518],[103.8836178,1.3222477],[103.8836313,1.322209],[103.8836206,1.3222051],[103.8836172,1.3222147],[103.8835899,1.322205],[103.8835775,1.3222407],[103.8835655,1.3222365],[103.8835572,1.3222601],[103.883543,1.322257],[103.8834772,1.3222318],[103.8834854,1.3222083],[103.883413,1.3221831],[103.8834048,1.3222066],[103.8833903,1.3222032],[103.8833247,1.3221775],[103.8833329,1.3221541],[103.8832604,1.3221286],[103.8832522,1.322152],[103.8832382,1.3221489],[103.8831726,1.3221232],[103.8831808,1.3220998],[103.8831083,1.3220742],[103.8831001,1.3220976],[103.8830857,1.3220944],[103.8830201,1.3220688],[103.8830283,1.3220453],[103.8829559,1.3220193],[103.8829477,1.3220428],[103.8828807,1.322021],[103.8828678,1.3220145],[103.8828759,1.321991],[103.8827922,1.3219606],[103.882784,1.3219841],[103.8827699,1.321981],[103.8827041,1.3219558],[103.8827123,1.3219323],[103.8826487,1.3219103],[103.8826405,1.3219337],[103.8826263,1.3219306],[103.8825606,1.3219054],[103.8825688,1.321882],[103.882496,1.3218557],[103.8824878,1.3218792],[103.8824209,1.3218574],[103.8824079,1.3218509],[103.8824161,1.3218274],[103.882369,1.3218107],[103.8823652,1.3218217],[103.8823491,1.3218159],[103.8822706,1.3218237],[103.8822562,1.3218323],[103.8822504,1.3218223],[103.8822073,1.3218479],[103.8822199,1.3218693],[103.8822082,1.3218782],[103.8821467,1.3219127],[103.8821342,1.3218913],[103.8820661,1.3219317],[103.8820787,1.3219531],[103.882019,1.3219908],[103.8820057,1.3219966],[103.8819932,1.3219753],[103.8819498,1.3220007],[103.8819558,1.3220109],[103.8819417,1.3220193],[103.8818963,1.3220857],[103.8818936,1.3221023],[103.8818823,1.3221002],[103.8818741,1.3221493],[103.8818984,1.3221537],[103.8818976,1.3221684],[103.8818844,1.322238],[103.88186,1.322234],[103.8818472,1.3223104],[103.8818716,1.3223144],[103.881871,1.3223291],[103.8818577,1.3223987],[103.8818348,1.3223949],[103.8818328,1.3224072],[103.8817938,1.3224007],[103.8817893,1.3224276],[103.8817147,1.3224151],[103.8817729,1.3220608],[103.8818039,1.322016],[103.8817887,1.3220048],[103.8817855,1.3219878],[103.8818112,1.3219499],[103.8818278,1.3219468],[103.8818435,1.3219572],[103.881874,1.321913],[103.8822084,1.3217139],[103.8823871,1.3216961],[103.8826133,1.3217765],[103.8826197,1.3217578],[103.8826346,1.321751],[103.8826779,1.3217664],[103.8826858,1.3217808],[103.8826791,1.3218003],[103.8832252,1.3219946],[103.8832317,1.3219764],[103.883247,1.321969],[103.88329,1.3219845],[103.8832973,1.3219999],[103.8832909,1.322018]]]}},{"type":"Feature","properties":{"type":"HDB"},"geometry":{"type":"Polygon","coordinates":[[[103.8823211,1.322611],[103.8819715,1.322487],[103.8819969,1.3224148],[103.8820223,1.3224239],[103.8820349,1.3223881],[103.8820463,1.3223922],[103.8820547,1.3223685],[103.8821216,1.3223905],[103.8821348,1.3223972],[103.8821264,1.3224207],[103.8821989,1.3224465],[103.8822073,1.322423],[103.8822747,1.3224443],[103.8822877,1.3224509],[103.8822793,1.3224743],[103.8823516,1.3225005],[103.8823599,1.3224771],[103.8823742,1.3224799],[103.8824269,1.322499],[103.8824399,1.3225057],[103.8824315,1.3225291],[103.882506,1.3225555],[103.8825144,1.3225321],[103.8825814,1.3225541],[103.8825942,1.3225607],[103.8825859,1.3225838],[103.882649,1.3226065],[103.8827358,1.3226254],[103.8827344,1.3226413],[103.8827494,1.3226436],[103.8827505,1.3226301],[103.8828337,1.3226372],[103.8828357,1.3226119],[103.8829063,1.3226154],[103.8829205,1.3226184],[103.8829183,1.3226433],[103.882931,1.3226443],[103.882928,1.3226823],[103.8829549,1.3226844],[103.882949,1.3227604],[103.8826943,1.3227361],[103.8826711,1.3227312],[103.8823868,1.3226345],[103.8823807,1.3226522],[103.8823651,1.3226597],[103.8823221,1.3226443],[103.8823148,1.3226289],[103.8823211,1.322611]]]}},{"type":"Feature","properties":{"type":"HDB"},"geometry":{"type":"Polygon","coordinates":[[[103.8842748,1.3227096],[103.8841788,1.3227021],[103.8841819,1.3226381],[103.8841666,1.3226369],[103.8841687,1.3226058],[103.884242,1.3226117],[103.8842453,1.3225703],[103.8841723,1.3225644],[103.8841745,1.3225341],[103.8841904,1.3225354],[103.8841963,1.3224715],[103.8844133,1.3224884],[103.8844096,1.3225525],[103.8844254,1.3225538],[103.8844231,1.3225845],[103.8843498,1.3225788],[103.8843466,1.3226204],[103.8844199,1.3226261],[103.8844175,1.3226568],[103.8844023,1.3226556],[103.8843956,1.3227191],[103.8842999,1.3227116],[103.8843016,1.3226894],[103.8842765,1.3226875],[103.8842748,1.3227096]]]}},{"type":"Feature","properties":{"type":"HDB"},"geometry":{"type":"Polygon","coordinates":[[[103.8842748,1.3227096],[103.8841788,1.3227021],[103.8841819,1.3226381],[103.8841666,1.3226369],[103.8841687,1.3226058],[103.884242,1.3226117],[103.8842453,1.3225703],[103.8841723,1.3225644],[103.8841745,1.3225341],[103.8841904,1.3225354],[103.8841963,1.3224715],[103.8844133,1.3224884],[103.8844096,1.3225525],[103.8844254,1.3225538],[103.8844231,1.3225845],[103.8843498,1.3225788],[103.8843466,1.3226204],[103.8844199,1.3226261],[103.8844175,1.3226568],[103.8844023,1.3226556],[103.8843956,1.3227191],[103.8842999,1.3227116],[103.8843016,1.3226894],[103.8842765,1.3226875],[103.8842748,1.3227096]]]}},{"type":"Feature","properties":{"type":"HDB"},"geometry":{"type":"Polygon","coordinates":[[[103.8857982,1.3226038],[103.8858002,1.3225709],[103.885829,1.3225726],[103.8858271,1.3226056],[103.8860717,1.3226202],[103.8860689,1.3226673],[103.8860431,1.3226657],[103.8860406,1.3227087],[103.8860265,1.3227079],[103.8860254,1.3227275],[103.8860117,1.3227267],[103.8860116,1.3227292],[103.8859561,1.3227259],[103.8859563,1.3227231],[103.8859421,1.3227222],[103.8859432,1.322703],[103.8859174,1.3227015],[103.8859163,1.322721],[103.8859022,1.3227202],[103.8859021,1.3227227],[103.8858465,1.3227194],[103.8858467,1.3227168],[103.8858326,1.3227159],[103.8858338,1.3226965],[103.88582,1.3226956],[103.8858202,1.3226919],[103.8857947,1.3226904],[103.8857944,1.3226942],[103.8857803,1.3226934],[103.8857791,1.3227128],[103.8857653,1.322712],[103.8857651,1.3227145],[103.8857099,1.3227112],[103.88571,1.3227086],[103.8856964,1.3227078],[103.8856975,1.3226885],[103.8856714,1.3226869],[103.8856703,1.3227061],[103.8856563,1.3227053],[103.8856562,1.322708],[103.8856009,1.3227047],[103.885601,1.3227019],[103.8855866,1.3227011],[103.8855877,1.3226817],[103.8855621,1.3226802],[103.885561,1.3226993],[103.8855468,1.3226985],[103.8855467,1.3227015],[103.8854912,1.3226981],[103.8854914,1.322695],[103.8854776,1.3226942],[103.8854787,1.322675],[103.8854646,1.3226742],[103.8854672,1.3226309],[103.8854408,1.3226293],[103.8854441,1.3225826],[103.8857982,1.3226038]]]}},{"type":"Feature","properties":{"type":"HDB"},"geometry":{"type":"Polygon","coordinates":[[[103.8857982,1.3226038],[103.8858002,1.3225709],[103.885829,1.3225726],[103.8858271,1.3226056],[103.8860717,1.3226202],[103.8860689,1.3226673],[103.8860431,1.3226657],[103.8860406,1.3227087],[103.8860265,1.3227079],[103.8860254,1.3227275],[103.8860117,1.3227267],[103.8860116,1.3227292],[103.8859561,1.3227259],[103.8859563,1.3227231],[103.8859421,1.3227222],[103.8859432,1.322703],[103.8859174,1.3227015],[103.8859163,1.322721],[103.8859022,1.3227202],[103.8859021,1.3227227],[103.8858465,1.3227194],[103.8858467,1.3227168],[103.8858326,1.3227159],[103.8858338,1.3226965],[103.88582,1.3226956],[103.8858202,1.3226919],[103.8857947,1.3226904],[103.8857944,1.3226942],[103.8857803,1.3226934],[103.8857791,1.3227128],[103.8857653,1.322712],[103.8857651,1.3227145],[103.8857099,1.3227112],[103.88571,1.3227086],[103.8856964,1.3227078],[103.8856975,1.3226885],[103.8856714,1.3226869],[103.8856703,1.3227061],[103.8856563,1.3227053],[103.8856562,1.322708],[103.8856009,1.3227047],[103.885601,1.3227019],[103.8855866,1.3227011],[103.8855877,1.3226817],[103.8855621,1.3226802],[103.885561,1.3226993],[103.8855468,1.3226985],[103.8855467,1.3227015],[103.8854912,1.3226981],[103.8854914,1.322695],[103.8854776,1.3226942],[103.8854787,1.322675],[103.8854646,1.3226742],[103.8854672,1.3226309],[103.8854408,1.3226293],[103.8854441,1.3225826],[103.8857982,1.3226038]]]}},{"type":"Feature","properties":{"type":"HDB"},"geometry":{"type":"Polygon","coordinates":[[[103.8862124,1.3226055],[103.8862725,1.3226084],[103.8862727,1.3226052],[103.8869598,1.3226462],[103.8869596,1.3226492],[103.8870139,1.3226601],[103.8870655,1.3226838],[103.8870675,1.3226806],[103.8872203,1.3227748],[103.8872191,1.3227769],[103.8872695,1.3228073],[103.8872704,1.3228129],[103.8872236,1.3228896],[103.8872231,1.3228867],[103.8870187,1.3227608],[103.8870327,1.3227376],[103.8869965,1.3227212],[103.8869772,1.322716],[103.8869531,1.3227127],[103.8869514,1.3227421],[103.8864712,1.3227134],[103.8864724,1.3226919],[103.8864467,1.3226904],[103.8864455,1.3227114],[103.8862069,1.3226971],[103.8862051,1.3226991],[103.8862124,1.3226055]]]}},{"type":"Feature","properties":{"type":"HDB"},"geometry":{"type":"Polygon","coordinates":[[[103.8862124,1.3226055],[103.8862725,1.3226084],[103.8862727,1.3226052],[103.8869598,1.3226462],[103.8869596,1.3226492],[103.8870139,1.3226601],[103.8870655,1.3226838],[103.8870675,1.3226806],[103.8872203,1.3227748],[103.8872191,1.3227769],[103.8872695,1.3228073],[103.8872704,1.3228129],[103.8872236,1.3228896],[103.8872231,1.3228867],[103.8870187,1.3227608],[103.8870327,1.3227376],[103.8869965,1.3227212],[103.8869772,1.322716],[103.8869531,1.3227127],[103.8869514,1.3227421],[103.8864712,1.3227134],[103.8864724,1.3226919],[103.8864467,1.3226904],[103.8864455,1.3227114],[103.8862069,1.3226971],[103.8862051,1.3226991],[103.8862124,1.3226055]]]}},{"type":"Feature","properties":{"type":"HDB"},"geometry":{"type":"Polygon","coordinates":[[[103.8832434,1.3228716],[103.8832401,1.3228714],[103.8832421,1.3228465],[103.8832142,1.3228443],[103.8832123,1.3228692],[103.8832063,1.3228687],[103.883206,1.3228716],[103.8831177,1.3228646],[103.8831218,1.3228005],[103.8831057,1.3227992],[103.883108,1.3227686],[103.8831815,1.3227744],[103.8831847,1.3227327],[103.8831113,1.3227269],[103.8831136,1.3226961],[103.8831296,1.3226972],[103.8831354,1.3226335],[103.8832309,1.3226411],[103.8832306,1.3226442],[103.8832566,1.3226463],[103.8832569,1.3226431],[103.8833523,1.3226507],[103.8833493,1.3227156],[103.8833652,1.3227168],[103.8833623,1.3227469],[103.8832886,1.3227411],[103.8832853,1.3227831],[103.8833587,1.3227889],[103.8833567,1.3228192],[103.8833406,1.3228178],[103.8833347,1.3228818],[103.8832432,1.3228745],[103.8832434,1.3228716]]]}},{"type":"Feature","properties":{"type":"HDB"},"geometry":{"type":"Polygon","coordinates":[[[103.8832434,1.3228716],[103.8832401,1.3228714],[103.8832421,1.3228465],[103.8832142,1.3228443],[103.8832123,1.3228692],[103.8832063,1.3228687],[103.883206,1.3228716],[103.8831177,1.3228646],[103.8831218,1.3228005],[103.8831057,1.3227992],[103.883108,1.3227686],[103.8831815,1.3227744],[103.8831847,1.3227327],[103.8831113,1.3227269],[103.8831136,1.3226961],[103.8831296,1.3226972],[103.8831354,1.3226335],[103.8832309,1.3226411],[103.8832306,1.3226442],[103.8832566,1.3226463],[103.8832569,1.3226431],[103.8833523,1.3226507],[103.8833493,1.3227156],[103.8833652,1.3227168],[103.8833623,1.3227469],[103.8832886,1.3227411],[103.8832853,1.3227831],[103.8833587,1.3227889],[103.8833567,1.3228192],[103.8833406,1.3228178],[103.8833347,1.3228818],[103.8832432,1.3228745],[103.8832434,1.3228716]]]}},{"type":"Feature","properties":{"type":"HDB"},"geometry":{"type":"Polygon","coordinates":[[[103.8853183,1.3227545],[103.8854195,1.3227606],[103.8853996,1.3230933],[103.8852985,1.3230872],[103.8853011,1.3230426],[103.8852929,1.3230421],[103.8852943,1.3230187],[103.8853025,1.3230192],[103.8853077,1.3229325],[103.8852995,1.3229321],[103.8853009,1.3229087],[103.8853091,1.3229092],[103.8853143,1.3228225],[103.8853061,1.322822],[103.8853075,1.3227986],[103.8853157,1.3227991],[103.8853183,1.3227545]]]}},{"type":"Feature","properties":{"type":"HDB"},"geometry":{"type":"Polygon","coordinates":[[[103.8853183,1.3227545],[103.8854195,1.3227606],[103.8853996,1.3230933],[103.8852985,1.3230872],[103.8853011,1.3230426],[103.8852929,1.3230421],[103.8852943,1.3230187],[103.8853025,1.3230192],[103.8853077,1.3229325],[103.8852995,1.3229321],[103.8853009,1.3229087],[103.8853091,1.3229092],[103.8853143,1.3228225],[103.8853061,1.322822],[103.8853075,1.3227986],[103.8853157,1.3227991],[103.8853183,1.3227545]]]}},{"type":"Feature","properties":{"type":"HDB"},"geometry":{"type":"Polygon","coordinates":[[[103.8836216,1.3231969],[103.8836257,1.3231328],[103.8836095,1.3231315],[103.8836118,1.3231006],[103.8836853,1.3231063],[103.8836886,1.3230649],[103.8836152,1.3230592],[103.8836174,1.3230283],[103.8836333,1.3230296],[103.8836395,1.3229658],[103.8837315,1.3229731],[103.8837312,1.3229767],[103.883764,1.3229793],[103.8837642,1.3229757],[103.8838563,1.322983],[103.8838526,1.3230473],[103.8838684,1.3230485],[103.8838661,1.3230792],[103.8837926,1.3230737],[103.8837896,1.3231152],[103.883863,1.3231207],[103.8838606,1.3231513],[103.8838447,1.3231501],[103.8838388,1.3232141],[103.8837457,1.3232067],[103.8837459,1.3232045],[103.8837416,1.3232041],[103.8837438,1.3231765],[103.8837213,1.3231747],[103.8837192,1.3232024],[103.8837153,1.323202],[103.8837151,1.3232043],[103.8836216,1.3231969]]]}},{"type":"Feature","properties":{"type":"HDB"},"geometry":{"type":"Polygon","coordinates":[[[103.8836216,1.3231969],[103.8836257,1.3231328],[103.8836095,1.3231315],[103.8836118,1.3231006],[103.8836853,1.3231063],[103.8836886,1.3230649],[103.8836152,1.3230592],[103.8836174,1.3230283],[103.8836333,1.3230296],[103.8836395,1.3229658],[103.8837315,1.3229731],[103.8837312,1.3229767],[103.883764,1.3229793],[103.8837642,1.3229757],[103.8838563,1.322983],[103.8838526,1.3230473],[103.8838684,1.3230485],[103.8838661,1.3230792],[103.8837926,1.3230737],[103.8837896,1.3231152],[103.883863,1.3231207],[103.8838606,1.3231513],[103.8838447,1.3231501],[103.8838388,1.3232141],[103.8837457,1.3232067],[103.8837459,1.3232045],[103.8837416,1.3232041],[103.8837438,1.3231765],[103.8837213,1.3231747],[103.8837192,1.3232024],[103.8837153,1.323202],[103.8837151,1.3232043],[103.8836216,1.3231969]]]}},{"type":"Feature","properties":{"type":"HDB"},"geometry":{"type":"Polygon","coordinates":[[[103.885533,1.3232794],[103.8852882,1.3232647],[103.8852911,1.3232176],[103.8853169,1.3232192],[103.8853194,1.3231762],[103.8853335,1.323177],[103.8853346,1.3231574],[103.8853483,1.3231582],[103.8853484,1.3231562],[103.8854039,1.3231595],[103.8854038,1.3231618],[103.885418,1.3231627],[103.8854169,1.3231819],[103.8854427,1.3231834],[103.8854438,1.3231639],[103.8855136,1.3231661],[103.8855135,1.3231682],[103.8855275,1.323169],[103.8855264,1.3231885],[103.8855402,1.3231893],[103.88554,1.323193],[103.8855655,1.3231946],[103.8855657,1.3231908],[103.8855799,1.3231916],[103.8855811,1.3231721],[103.8855949,1.3231729],[103.885595,1.323171],[103.8856639,1.3231772],[103.8856627,1.3231965],[103.8856888,1.3231981],[103.88569,1.3231788],[103.8857594,1.3231808],[103.8857593,1.3231831],[103.8857737,1.3231839],[103.8857726,1.3232033],[103.8857982,1.3232049],[103.8857993,1.3231857],[103.8858135,1.3231866],[103.8858137,1.3231841],[103.8858691,1.3231874],[103.885869,1.32319],[103.8858828,1.3231908],[103.8858816,1.32321],[103.8858958,1.3232109],[103.8858932,1.3232542],[103.8859191,1.3232558],[103.8859163,1.3233025],[103.8855619,1.3232812],[103.8855594,1.323324],[103.8855305,1.3233223],[103.885533,1.3232794]]]}},{"type":"Feature","properties":{"type":"HDB"},"geometry":{"type":"Polygon","coordinates":[[[103.8870774,1.3232981],[103.8872954,1.3233136],[103.8872965,1.3232946],[103.8872669,1.3232928],[103.8872698,1.3232449],[103.8872853,1.3232459],[103.8872852,1.3232304],[103.8872377,1.3232275],[103.8872379,1.3232239],[103.8872415,1.3232241],[103.8872425,1.3232088],[103.8872223,1.3232075],[103.8872273,1.3231247],[103.8872305,1.3231168],[103.887236,1.3231129],[103.8873097,1.3231164],[103.8873078,1.3231482],[103.8873125,1.3231485],[103.8873124,1.3231506],[103.8873341,1.32315],[103.8873338,1.3231554],[103.8873617,1.3231571],[103.8873628,1.3231386],[103.8874471,1.3231438],[103.8874414,1.3232385],[103.8873431,1.3232326],[103.8873415,1.3232361],[103.8873407,1.3232491],[103.8873572,1.3232501],[103.8873565,1.3232611],[103.8873543,1.3232609],[103.8873541,1.3232983],[103.8873379,1.3232973],[103.8873375,1.3233125],[103.8873854,1.3233154],[103.8873852,1.3233191],[103.8873816,1.3233189],[103.8873807,1.323334],[103.887401,1.3233352],[103.887396,1.3234182],[103.8873939,1.3234246],[103.8873886,1.3234293],[103.8873136,1.3234264],[103.8873155,1.3233952],[103.887298,1.3233923],[103.8872979,1.3233941],[103.8872899,1.3233936],[103.8872902,1.3233882],[103.887275,1.3233872],[103.8872741,1.3234023],[103.8870611,1.3233893],[103.8870661,1.3233086],[103.8870705,1.3233012],[103.8870774,1.3232981]]]}},{"type":"Feature","properties":{"type":"HDB"},"geometry":{"type":"Polygon","coordinates":[[[103.8870774,1.3232981],[103.8872954,1.3233136],[103.8872965,1.3232946],[103.8872669,1.3232928],[103.8872698,1.3232449],[103.8872853,1.3232459],[103.8872852,1.3232304],[103.8872377,1.3232275],[103.8872379,1.3232239],[103.8872415,1.3232241],[103.8872425,1.3232088],[103.8872223,1.3232075],[103.8872273,1.3231247],[103.8872305,1.3231168],[103.887236,1.3231129],[103.8873097,1.3231164],[103.8873078,1.3231482],[103.8873125,1.3231485],[103.8873124,1.3231506],[103.8873341,1.32315],[103.8873338,1.3231554],[103.8873617,1.3231571],[103.8873628,1.3231386],[103.8874471,1.3231438],[103.8874414,1.3232385],[103.8873431,1.3232326],[103.8873415,1.3232361],[103.8873407,1.3232491],[103.8873572,1.3232501],[103.8873565,1.3232611],[103.8873543,1.3232609],[103.8873541,1.3232983],[103.8873379,1.3232973],[103.8873375,1.3233125],[103.8873854,1.3233154],[103.8873852,1.3233191],[103.8873816,1.3233189],[103.8873807,1.323334],[103.887401,1.3233352],[103.887396,1.3234182],[103.8873939,1.3234246],[103.8873886,1.3234293],[103.8873136,1.3234264],[103.8873155,1.3233952],[103.887298,1.3233923],[103.8872979,1.3233941],[103.8872899,1.3233936],[103.8872902,1.3233882],[103.887275,1.3233872],[103.8872741,1.3234023],[103.8870611,1.3233893],[103.8870661,1.3233086],[103.8870705,1.3233012],[103.8870774,1.3232981]]]}},{"type":"Feature","properties":{"type":"HDB"},"geometry":{"type":"Polygon","coordinates":[[[103.8868545,1.3230968],[103.8869279,1.3231027],[103.8869254,1.3231343],[103.8868777,1.3231304],[103.8868769,1.3231403],[103.8869023,1.3231424],[103.8869001,1.3231698],[103.8869315,1.3231724],[103.8869269,1.3232294],[103.8868955,1.3232268],[103.8868928,1.3232611],[103.8868913,1.3232797],[103.8869227,1.3232823],[103.8869181,1.3233393],[103.8868867,1.3233367],[103.8868846,1.3233632],[103.8868752,1.3233624],[103.8868726,1.3233953],[103.8868994,1.3233974],[103.8868971,1.3234263],[103.8869029,1.3234267],[103.8869013,1.323446],[103.8868955,1.3234455],[103.8868932,1.3234744],[103.8868659,1.3234721],[103.8868634,1.3235037],[103.8868068,1.3234991],[103.8868093,1.3234675],[103.8867567,1.3234633],[103.8867542,1.3234949],[103.8866976,1.3234903],[103.8867001,1.3234587],[103.8866387,1.3234537],[103.8866203,1.3234522],[103.8866177,1.3234838],[103.8865611,1.3234792],[103.8865636,1.3234476],[103.8865167,1.3234438],[103.8865111,1.3234434],[103.8865085,1.323475],[103.8864519,1.3234704],[103.8864544,1.3234388],[103.8864282,1.3234366],[103.8864273,1.3234476],[103.8864009,1.3234455],[103.8864017,1.3234345],[103.8863658,1.3234316],[103.8863473,1.3234301],[103.8863448,1.3234617],[103.8862881,1.3234571],[103.8862907,1.3234255],[103.8862722,1.323424],[103.8862381,1.3234212],[103.8862356,1.3234528],[103.886179,1.3234482],[103.8861815,1.3234166],[103.8861542,1.3234144],[103.8861562,1.3233889],[103.8861464,1.3233881],[103.8861425,1.3234361],[103.8861112,1.3234336],[103.8861171,1.3233597],[103.8861583,1.323363],[103.8861646,1.3232846],[103.8867572,1.3233327],[103.8867733,1.3231319],[103.8868512,1.3231382],[103.8868545,1.3230968]]]}},{"type":"Feature","properties":{"type":"HDB"},"geometry":{"type":"Polygon","coordinates":[[[103.8868545,1.3230968],[103.8869279,1.3231027],[103.8869254,1.3231343],[103.8868777,1.3231304],[103.8868769,1.3231403],[103.8869023,1.3231424],[103.8869001,1.3231698],[103.8869315,1.3231724],[103.8869269,1.3232294],[103.8868955,1.3232268],[103.8868928,1.3232611],[103.8868913,1.3232797],[103.8869227,1.3232823],[103.8869181,1.3233393],[103.8868867,1.3233367],[103.8868846,1.3233632],[103.8868752,1.3233624],[103.8868726,1.3233953],[103.8868994,1.3233974],[103.8868971,1.3234263],[103.8869029,1.3234267],[103.8869013,1.323446],[103.8868955,1.3234455],[103.8868932,1.3234744],[103.8868659,1.3234721],[103.8868634,1.3235037],[103.8868068,1.3234991],[103.8868093,1.3234675],[103.8867567,1.3234633],[103.8867542,1.3234949],[103.8866976,1.3234903],[103.8867001,1.3234587],[103.8866387,1.3234537],[103.8866203,1.3234522],[103.8866177,1.3234838],[103.8865611,1.3234792],[103.8865636,1.3234476],[103.8865167,1.3234438],[103.8865111,1.3234434],[103.8865085,1.323475],[103.8864519,1.3234704],[103.8864544,1.3234388],[103.8864282,1.3234366],[103.8864273,1.3234476],[103.8864009,1.3234455],[103.8864017,1.3234345],[103.8863658,1.3234316],[103.8863473,1.3234301],[103.8863448,1.3234617],[103.8862881,1.3234571],[103.8862907,1.3234255],[103.8862722,1.323424],[103.8862381,1.3234212],[103.8862356,1.3234528],[103.886179,1.3234482],[103.8861815,1.3234166],[103.8861542,1.3234144],[103.8861562,1.3233889],[103.8861464,1.3233881],[103.8861425,1.3234361],[103.8861112,1.3234336],[103.8861171,1.3233597],[103.8861583,1.323363],[103.8861646,1.3232846],[103.8867572,1.3233327],[103.8867733,1.3231319],[103.8868512,1.3231382],[103.8868545,1.3230968]]]}},{"type":"Feature","properties":{"type":"HDB"},"geometry":{"type":"Polygon","coordinates":[[[103.8858913,1.32371],[103.8857902,1.3237038],[103.8858103,1.3233712],[103.8859115,1.3233774],[103.8859088,1.323422],[103.885917,1.3234225],[103.8859155,1.3234459],[103.8859073,1.3234454],[103.8859021,1.323532],[103.8859103,1.3235325],[103.8859089,1.3235559],[103.8859007,1.3235554],[103.8858954,1.323642],[103.8859036,1.3236426],[103.8859022,1.3236659],[103.885894,1.3236654],[103.8858913,1.32371]]]}},{"type":"Feature","properties":{"type":"HDB"},"geometry":{"type":"Polygon","coordinates":[[[103.885678,1.3235227],[103.8856616,1.3237747],[103.8852113,1.3237458],[103.8852274,1.3234932],[103.8852101,1.323492],[103.8852172,1.3233676],[103.8856885,1.3233992],[103.8856801,1.3235227],[103.885678,1.3235227]]]}},{"type":"Feature","properties":{"type":"HDB"},"geometry":{"type":"Polygon","coordinates":[[[103.8821141,1.3235484],[103.8821086,1.3235475],[103.8821043,1.3235729],[103.8821554,1.3235816],[103.8821597,1.3235562],[103.8821541,1.3235553],[103.8821611,1.3235156],[103.8821645,1.323512],[103.8822446,1.3235244],[103.8822528,1.3235295],[103.8822469,1.3235711],[103.8822397,1.3235698],[103.882237,1.3235857],[103.882245,1.3235913],[103.8822511,1.3236016],[103.8822517,1.3236122],[103.8822481,1.3236216],[103.8822416,1.323628],[103.8822294,1.323632],[103.8821835,1.3236245],[103.8821796,1.3236492],[103.8822249,1.3236572],[103.882233,1.3236623],[103.8822395,1.3236734],[103.8822401,1.3236828],[103.8822369,1.3236917],[103.8822305,1.3236987],[103.8822175,1.3237031],[103.8822146,1.3237207],[103.8822217,1.3237219],[103.8822153,1.3237597],[103.8822112,1.3237639],[103.8821333,1.3237517],[103.8821243,1.3237479],[103.8821233,1.3237408],[103.8821294,1.3237047],[103.8821349,1.3237056],[103.8821389,1.3236802],[103.8820879,1.3236715],[103.8820838,1.3236969],[103.8820891,1.3236978],[103.8820826,1.3237358],[103.8820768,1.3237417],[103.8819988,1.3237289],[103.8819909,1.3237246],[103.8819964,1.3236821],[103.8820035,1.3236833],[103.8820063,1.3236672],[103.8819932,1.3236548],[103.8819911,1.3236463],[103.8819928,1.3236359],[103.8820007,1.3236259],[103.8820075,1.3236225],[103.8820302,1.3236237],[103.8820344,1.3235992],[103.8820124,1.3235928],[103.8820065,1.3235863],[103.8820029,1.3235725],[103.8820064,1.3235615],[103.8820116,1.3235555],[103.8820256,1.3235501],[103.8820285,1.3235339],[103.8820212,1.3235326],[103.8820287,1.3234919],[103.8820369,1.3234891],[103.8821177,1.3235036],[103.8821201,1.3235108],[103.8821141,1.3235484]]]}},{"type":"Feature","properties":{"type":"HDB"},"geometry":{"type":"Polygon","coordinates":[[[103.8870251,1.3241914],[103.8870294,1.324215],[103.8870946,1.3242054],[103.8871007,1.3242523],[103.8870906,1.3242519],[103.8870624,1.3242895],[103.8870381,1.3242725],[103.887008,1.3243135],[103.8870304,1.3243308],[103.8870016,1.3243712],[103.8870036,1.32438],[103.886959,1.3243868],[103.8869577,1.3243764],[103.8869137,1.3243832],[103.8869078,1.3243385],[103.8868634,1.3243439],[103.8868694,1.32439],[103.8868247,1.3243956],[103.8868225,1.3243832],[103.8867969,1.3243872],[103.8867901,1.3243321],[103.8867638,1.3243351],[103.8867743,1.324404],[103.8867292,1.3244108],[103.886724,1.3243652],[103.8866794,1.3243702],[103.8866853,1.3244171],[103.886599,1.3244302],[103.8865931,1.3243839],[103.8865491,1.3243894],[103.8865562,1.3244364],[103.8865111,1.3244425],[103.8865056,1.3243968],[103.8864789,1.3243988],[103.8864856,1.3244469],[103.8864428,1.3244527],[103.8864366,1.3244067],[103.8863918,1.3244121],[103.8863984,1.3244593],[103.8863535,1.3244659],[103.8863369,1.3243487],[103.8863691,1.3243441],[103.886367,1.3243298],[103.886956,1.3242451],[103.8869252,1.3240262],[103.8863351,1.3241124],[103.8863331,1.3240979],[103.8863011,1.3241026],[103.8862848,1.3239877],[103.8863295,1.3239811],[103.8863362,1.324028],[103.8863817,1.3240219],[103.8863739,1.3239745],[103.8864175,1.3239681],[103.8864264,1.3240155],[103.8864485,1.3240122],[103.8864414,1.323965],[103.8864844,1.3239576],[103.8864928,1.3240054],[103.8865379,1.3239993],[103.8865291,1.3239501],[103.8866156,1.3239368],[103.8866226,1.3239853],[103.8866672,1.3239796],[103.88666,1.3239304],[103.8867043,1.3239243],[103.8867066,1.323939],[103.8867342,1.3239355],[103.8867433,1.3239912],[103.8867671,1.3239868],[103.8867564,1.3239175],[103.8867983,1.3239116],[103.8868072,1.3239591],[103.8868513,1.3239521],[103.8868445,1.3239064],[103.8868889,1.323899],[103.8868875,1.3238874],[103.8869309,1.3238811],[103.8869334,1.3238915],[103.8869716,1.3239204],[103.8869549,1.3239436],[103.8869955,1.3239741],[103.8870119,1.3239507],[103.8870491,1.3239811],[103.8870615,1.3239794],[103.8870679,1.3240237],[103.8870096,1.324031],[103.8870139,1.324057],[103.8870706,1.3240485],[103.8870772,1.3240937],[103.8870205,1.324101],[103.8870269,1.3241446],[103.8870843,1.324138],[103.8870903,1.3241818],[103.8870251,1.3241914]]]}},{"type":"Feature","properties":{"type":"HDB"},"geometry":{"type":"Polygon","coordinates":[[[103.8851654,1.3242074],[103.8854113,1.3241722],[103.8854008,1.3240984],[103.8854259,1.3240948],[103.8854246,1.3240858],[103.8854597,1.3240808],[103.885461,1.32409],[103.8854858,1.3240863],[103.8854962,1.3241601],[103.8857422,1.324125],[103.885744,1.324139],[103.8857768,1.3241346],[103.8857837,1.3241863],[103.8857503,1.3241909],[103.8857555,1.3242264],[103.8857264,1.3242305],[103.8857271,1.3242342],[103.8852108,1.3243087],[103.8852101,1.3243045],[103.8851798,1.3243089],[103.8851654,1.3242074]]]}},{"type":"Feature","properties":{"type":"HDB"},"geometry":{"type":"Polygon","coordinates":[[[103.8858461,1.324003],[103.8859481,1.3239883],[103.8859465,1.3239772],[103.8860169,1.3239668],[103.8860185,1.3239774],[103.8861327,1.3239619],[103.8861435,1.3240414],[103.8861279,1.3240436],[103.886211,1.3246398],[103.885944,1.3246808],[103.8859228,1.3245451],[103.8859202,1.3245455],[103.8859158,1.3245154],[103.8858461,1.324003]]]}},{"type":"Feature","properties":{"type":"HDB"},"geometry":{"type":"MultiPolygon","coordinates":[[[[103.8858324,1.3245074],[103.8858324,1.3245074],[103.8858324,1.3245075],[103.8858324,1.3245074]]],[[[103.8852074,1.3245051],[103.8857832,1.3244216],[103.8857876,1.3244525],[103.8858241,1.3244475],[103.8858324,1.3245074],[103.8857967,1.3245129],[103.8857984,1.3245233],[103.8855402,1.3245606],[103.8855501,1.3246348],[103.885537,1.3246367],[103.8855377,1.3246405],[103.8855023,1.3246458],[103.8855017,1.3246418],[103.8854722,1.3246463],[103.8854621,1.3245693],[103.8852242,1.3246041],[103.8852221,1.3246063],[103.8852074,1.3245051]]]]}},{"type":"Feature","properties":{"type":"HDB"},"geometry":{"type":"Polygon","coordinates":[[[103.8863438,1.3247107],[103.8870283,1.324613],[103.8870354,1.324661],[103.8870611,1.3246573],[103.8870686,1.3247138],[103.8867457,1.3247603],[103.8867568,1.3248349],[103.8867281,1.3248396],[103.8867283,1.3248425],[103.8866926,1.3248473],[103.8866919,1.3248434],[103.8866623,1.3248475],[103.8866509,1.3247735],[103.8863288,1.3248186],[103.8863224,1.3247685],[103.8863157,1.3247691],[103.8863079,1.3247107],[103.8863425,1.324705],[103.8863438,1.3247107]]]}},{"type":"Feature","properties":{"type":"HDB"},"geometry":{"type":"Polygon","coordinates":[[[103.8856344,1.3250022],[103.8855371,1.3250178],[103.8855256,1.3249358],[103.8852027,1.3249823],[103.8851943,1.3249259],[103.8852237,1.3249213],[103.8852175,1.3248781],[103.8852444,1.324874],[103.8852437,1.3248683],[103.8858717,1.3247778],[103.885872,1.3247835],[103.8859297,1.3247754],[103.8859436,1.3248745],[103.8856188,1.3249212],[103.885628,1.3249867],[103.8856322,1.3249865],[103.8856344,1.3250022]]]}},{"type":"Feature","properties":{"type":"HDB"},"geometry":{"type":"Polygon","coordinates":[[[103.8864286,1.3248921],[103.8864643,1.3248871],[103.8864649,1.3248908],[103.886486,1.3248876],[103.8864986,1.3249623],[103.8868297,1.3249146],[103.8868374,1.3249701],[103.8868078,1.3249742],[103.8868142,1.3250223],[103.8861005,1.3251311],[103.8860924,1.3250742],[103.8860969,1.3250737],[103.88609,1.3250231],[103.8864112,1.3249748],[103.8863997,1.3249002],[103.8864289,1.3248958],[103.8864286,1.3248921]]]}},{"type":"Feature","properties":{"type":"HDB"},"geometry":{"type":"Polygon","coordinates":[[[103.8804476,1.3162305],[103.8805317,1.3162537],[103.880526,1.3162742],[103.880567,1.3162835],[103.88056,1.3163044],[103.8805622,1.3163064],[103.8805494,1.316303],[103.8805467,1.3163146],[103.8805419,1.3163133],[103.8805403,1.3163194],[103.8805451,1.3163207],[103.8805416,1.3163322],[103.8805544,1.3163357],[103.8805514,1.3163363],[103.880547,1.3163579],[103.8805314,1.3163518],[103.8805287,1.3163616],[103.8805092,1.3163563],[103.880505,1.3163717],[103.8805247,1.316377],[103.8805221,1.3163868],[103.8805385,1.3163894],[103.8805315,1.3164103],[103.8805338,1.3164124],[103.880521,1.3164089],[103.8805183,1.3164206],[103.8805135,1.3164192],[103.8805118,1.3164253],[103.8805167,1.3164267],[103.8805131,1.3164381],[103.8805259,1.3164416],[103.880523,1.3164422],[103.8805185,1.3164638],[103.8805029,1.3164577],[103.8805003,1.3164676],[103.8804798,1.316462],[103.8804685,1.3165039],[103.880489,1.3165094],[103.8804864,1.3165193],[103.8805029,1.3165219],[103.8804959,1.3165429],[103.8804982,1.3165449],[103.8804854,1.3165414],[103.8804827,1.3165531],[103.8804779,1.3165518],[103.8804762,1.3165579],[103.8804811,1.3165592],[103.8804775,1.3165706],[103.8804903,1.3165741],[103.8804874,1.3165747],[103.880483,1.3165964],[103.8804673,1.3165903],[103.8804647,1.3166001],[103.8804451,1.3165947],[103.880441,1.3166101],[103.8804607,1.3166154],[103.880458,1.3166253],[103.8804745,1.3166279],[103.8804675,1.3166488],[103.8804697,1.3166508],[103.8804569,1.3166474],[103.8804543,1.316659],[103.8804494,1.3166577],[103.8804478,1.3166638],[103.8804526,1.3166651],[103.8804491,1.3166766],[103.8804619,1.3166801],[103.8804589,1.3166807],[103.8804545,1.3167023],[103.8804389,1.3166962],[103.8804363,1.316706],[103.8804167,1.3167007],[103.8804126,1.3167161],[103.8804322,1.3167214],[103.8804296,1.3167312],[103.880446,1.3167338],[103.880439,1.3167547],[103.8804413,1.3167567],[103.8804285,1.3167533],[103.8804258,1.3167649],[103.880421,1.3167636],[103.8804193,1.3167697],[103.8804242,1.3167711],[103.8804206,1.3167825],[103.8804334,1.316786],[103.8804305,1.3167866],[103.8804261,1.3168082],[103.8804105,1.3168021],[103.8804078,1.316812],[103.8803873,1.3168064],[103.880369,1.3168743],[103.8803896,1.3168799],[103.8803868,1.3168902],[103.8804033,1.3168929],[103.8803963,1.3169138],[103.8803986,1.3169158],[103.8803858,1.3169123],[103.8803831,1.316924],[103.8803783,1.3169227],[103.8803766,1.3169288],[103.8803815,1.3169301],[103.8803779,1.3169416],[103.8803904,1.3169463],[103.8803878,1.3169456],[103.8803834,1.3169673],[103.8803677,1.3169612],[103.880365,1.3169714],[103.8803445,1.3169658],[103.8803406,1.3169803],[103.8803611,1.3169859],[103.8803584,1.3169961],[103.8803749,1.3169988],[103.8803679,1.3170197],[103.8803701,1.3170217],[103.8803573,1.3170182],[103.8803547,1.3170299],[103.8803498,1.3170286],[103.8803482,1.3170347],[103.880353,1.317036],[103.8803495,1.3170475],[103.8803623,1.3170509],[103.8803593,1.3170515],[103.8803549,1.3170732],[103.8803169,1.317061],[103.8803119,1.3170815],[103.8802983,1.3170778],[103.8802902,1.3171081],[103.8802414,1.3170947],[103.8802495,1.3170645],[103.8802252,1.3170582],[103.8804476,1.3162305]]]}},{"type":"Feature","properties":{"type":"HDB"},"geometry":{"type":"Polygon","coordinates":[[[103.8761023,1.3169065],[103.8761471,1.3167384],[103.8758548,1.3166595],[103.8758817,1.3165538],[103.8763401,1.316679],[103.8763125,1.3167839],[103.8762608,1.3167701],[103.8762649,1.3167509],[103.8762496,1.3167475],[103.87623,1.3167592],[103.8762251,1.3167773],[103.8762491,1.3167832],[103.876208,1.3169355],[103.8761023,1.3169065]]]}},{"type":"Feature","properties":{"type":"HDB"},"geometry":{"type":"Polygon","coordinates":[[[103.876406,1.3169868],[103.876445,1.3168375],[103.8764679,1.3168438],[103.8764715,1.3168271],[103.87646,1.3168033],[103.8764463,1.3168004],[103.8764411,1.3168196],[103.8763887,1.3168054],[103.8764163,1.3167007],[103.8768905,1.3168323],[103.8768715,1.3170556],[103.8767629,1.3170468],[103.8767759,1.3169112],[103.8765554,1.3168526],[103.8765128,1.3170156],[103.876406,1.3169868]]]}},{"type":"Feature","properties":{"type":"HDB"},"geometry":{"type":"Polygon","coordinates":[[[103.8762223,1.3171152],[103.8761261,1.317089],[103.8761207,1.3171091],[103.8760789,1.3170983],[103.8760827,1.3170831],[103.8757448,1.3169888],[103.8757731,1.3168818],[103.8758205,1.3168939],[103.875816,1.3169134],[103.8758315,1.3169175],[103.8758475,1.3169086],[103.8758508,1.3168971],[103.8758317,1.3168928],[103.8758461,1.3168339],[103.8759518,1.3168631],[103.8759428,1.3168923],[103.8759309,1.3168887],[103.8759208,1.3169222],[103.8761011,1.3169701],[103.8761098,1.3169384],[103.876095,1.3169341],[103.8761023,1.3169065],[103.876208,1.3169355],[103.8761939,1.3169877],[103.8761728,1.3169819],[103.8761697,1.3169959],[103.876182,1.3170149],[103.8761955,1.3170167],[103.8761993,1.3169979],[103.8762501,1.3170124],[103.8762223,1.3171152]]]}},{"type":"Feature","properties":{"type":"HDB"},"geometry":{"type":"Polygon","coordinates":[[[103.8781238,1.3171198],[103.8781449,1.3170412],[103.8782534,1.3170696],[103.8782128,1.3172265],[103.8781272,1.3172041],[103.8781488,1.3171266],[103.8781238,1.3171198]]]}},{"type":"Feature","properties":{"type":"HDB"},"geometry":{"type":"Polygon","coordinates":[[[103.876406,1.3169868],[103.8765128,1.3170156],[103.8765051,1.3170451],[103.8764898,1.3170413],[103.8764819,1.317075],[103.8768632,1.3171793],[103.8768552,1.3172664],[103.876796,1.317261],[103.8767927,1.3173065],[103.8768512,1.3173115],[103.8768417,1.3174052],[103.8767354,1.317396],[103.876747,1.3172629],[103.8764406,1.3171801],[103.876435,1.3171969],[103.8763918,1.3171851],[103.8763977,1.3171643],[103.8763026,1.3171372],[103.876329,1.3170339],[103.8763821,1.3170461],[103.8763774,1.3170703],[103.8763843,1.3170721],[103.8764111,1.3170608],[103.8764133,1.317047],[103.8763915,1.3170422],[103.876406,1.3169868]]]}},{"type":"Feature","properties":{"type":"HDB"},"geometry":{"type":"Polygon","coordinates":[[[103.8758654,1.3173769],[103.8759214,1.3173823],[103.8759201,1.3174027],[103.8759437,1.3174063],[103.8759646,1.3173907],[103.8759679,1.3173762],[103.8759499,1.3173717],[103.8759915,1.3172145],[103.8760985,1.3172439],[103.8760556,1.3173943],[103.876853,1.3174664],[103.8768447,1.3175758],[103.8762573,1.3175219],[103.8762551,1.3175523],[103.8762097,1.3175482],[103.8762117,1.3175181],[103.8758551,1.3174854],[103.8758654,1.3173769]]]}},{"type":"Feature","properties":{"type":"LANDMARK"},"geometry":{"type":"Polygon","coordinates":[[[103.8781264,1.3184319],[103.8779141,1.3183435],[103.8779734,1.3181997],[103.878011,1.3182153],[103.8780024,1.3182359],[103.8780896,1.3182727],[103.8781278,1.3182887],[103.8781363,1.318268],[103.8781846,1.3182882],[103.8781264,1.3184319]]]}},{"type":"Feature","properties":{"type":"HDB"},"geometry":{"type":"Polygon","coordinates":[[[103.881785,1.3231993],[103.8817918,1.3231604],[103.8817973,1.3231555],[103.8818768,1.3231684],[103.881884,1.3231748],[103.8818789,1.323215],[103.8818649,1.3232127],[103.8818624,1.3232283],[103.8818731,1.3232327],[103.8818806,1.3232407],[103.8818834,1.323254],[103.8818791,1.3232657],[103.8818715,1.3232725],[103.8818606,1.3232755],[103.8818148,1.3232685],[103.8818106,1.3232932],[103.8818568,1.3233015],[103.8818657,1.3233076],[103.8818711,1.3233192],[103.8818712,1.3233272],[103.881866,1.3233385],[103.8818486,1.3233471],[103.8818462,1.323361],[103.8818532,1.3233627],[103.881844,1.3234067],[103.8818359,1.3234079],[103.8817568,1.3233939],[103.8817533,1.3233884],[103.8817603,1.3233452],[103.8817663,1.3233463],[103.8817699,1.3233249],[103.8817188,1.3233154],[103.8817151,1.3233368],[103.8817203,1.3233378],[103.8817132,1.323381],[103.8817096,1.3233853],[103.8816987,1.3233848],[103.8816993,1.3233799],[103.8816302,1.323368],[103.8816295,1.3233733],[103.8816226,1.3233705],[103.8816209,1.3233648],[103.8816271,1.3233264],[103.8816403,1.3233287],[103.8816429,1.3233131],[103.8816339,1.3233099],[103.8816259,1.3233026],[103.8816218,1.323292],[103.8816226,1.3232826],[103.8816276,1.3232739],[103.8816384,1.3232668],[103.8816618,1.3232682],[103.8816658,1.3232435],[103.881643,1.3232369],[103.8816356,1.3232275],[103.8816335,1.3232182],[103.8816356,1.3232081],[103.8816413,1.3232003],[103.8816515,1.323195],[103.8816625,1.3231948],[103.8816651,1.3231791],[103.881652,1.3231771],[103.8816603,1.3231352],[103.8816731,1.323134],[103.8817489,1.3231484],[103.8817508,1.3231546],[103.8817448,1.3231926],[103.8817392,1.3231917],[103.8817347,1.3232173],[103.8817863,1.3232259],[103.8817907,1.3232002],[103.881785,1.3231993]]]}},{"type":"Feature","properties":{"type":"LANDMARK"},"geometry":{"type":"Polygon","coordinates":[[[103.901445,1.311503],[103.901324,1.3114204],[103.9013354,1.3114056],[103.9013199,1.3113939],[103.9013178,1.3113713],[103.9013272,1.3113567],[103.9013501,1.3113571],[103.9013645,1.3113686],[103.9013725,1.311356],[103.9014916,1.311442],[103.901445,1.311503]]]}},{"type":"Feature","properties":{"type":"LANDMARK"},"geometry":{"type":"Polygon","coordinates":[[[103.9012047,1.3117767],[103.9011446,1.3118543],[103.9010269,1.3117726],[103.9010529,1.3117326],[103.9010505,1.3117121],[103.9010651,1.3116925],[103.9010935,1.3116917],[103.9012047,1.3117767]]]}},{"type":"Feature","properties":{"type":"LANDMARK"},"geometry":{"type":"Polygon","coordinates":[[[103.9020006,1.3144866],[103.9019969,1.3145119],[103.9019657,1.3145073],[103.9019694,1.3144815],[103.901936,1.3144766],[103.9019525,1.3143618],[103.9020529,1.3143762],[103.9020339,1.3144915],[103.9020006,1.3144866]]]}},{"type":"Feature","properties":{"type":"LANDMARK"},"geometry":{"type":"Polygon","coordinates":[[[103.9039894,1.3172711],[103.9040072,1.3171789],[103.9041465,1.3171943],[103.9041285,1.3172834],[103.9039894,1.3172711]]]}},{"type":"Feature","properties":{"type":"HDB"},"geometry":{"type":"Polygon","coordinates":[[[103.901282,1.3174037],[103.9012646,1.3174004],[103.9012634,1.3174064],[103.9012213,1.3173984],[103.9012519,1.3172349],[103.9012942,1.3172429],[103.901293,1.3172494],[103.9013105,1.3172527],[103.9013169,1.3172187],[103.9012993,1.3172153],[103.9012981,1.3172217],[103.9012559,1.3172136],[103.9012714,1.317131],[103.9013136,1.317139],[103.9013129,1.3171429],[103.9013519,1.3171503],[103.9013488,1.3171669],[103.9013989,1.3171764],[103.9014027,1.317156],[103.9014847,1.3171715],[103.9014767,1.3172142],[103.9014706,1.317213],[103.9014674,1.3172301],[103.9015006,1.3172364],[103.9015038,1.3172193],[103.9014977,1.3172181],[103.9015056,1.3171755],[103.9016673,1.3172062],[103.9016594,1.3172484],[103.9016537,1.3172474],[103.9016504,1.3172648],[103.9016835,1.3172711],[103.9016867,1.317254],[103.9016803,1.3172528],[103.9016883,1.3172102],[103.9017703,1.3172257],[103.9017623,1.3172683],[103.9017588,1.3172676],[103.9017519,1.3173044],[103.9017554,1.3173051],[103.90175,1.3173342],[103.9016961,1.3173239],[103.9016993,1.3173071],[103.9013452,1.3172398],[103.9012886,1.317542],[103.9013027,1.3175446],[103.9012875,1.3176255],[103.9012052,1.3176099],[103.9012131,1.3175678],[103.9012189,1.3175689],[103.9012221,1.3175516],[103.9011816,1.3175439],[103.9011784,1.3175612],[103.9011833,1.3175621],[103.9011754,1.3176042],[103.9010933,1.3175887],[103.9011012,1.3175466],[103.9011074,1.3175477],[103.9011145,1.3175099],[103.9011083,1.3175087],[103.9011203,1.3174442],[103.901149,1.3174497],[103.9011417,1.317489],[103.9012011,1.3175003],[103.9012173,1.3174196],[103.9012594,1.3174276],[103.9012583,1.3174336],[103.9012758,1.3174369],[103.901282,1.3174037]]]}},{"type":"Feature","properties":{"type":"HDB"},"geometry":{"type":"Polygon","coordinates":[[[103.9019027,1.3172509],[103.902029,1.3172749],[103.9020203,1.3173214],[103.9019782,1.3173135],[103.9019706,1.3173544],[103.9020126,1.3173624],[103.902004,1.3174083],[103.9019724,1.3174023],[103.9019677,1.3174277],[103.9019993,1.3174337],[103.9019907,1.3174792],[103.901948,1.3174712],[103.9019403,1.3175123],[103.901983,1.3175204],[103.9019743,1.3175668],[103.9019308,1.3175585],[103.9019258,1.3175858],[103.9018986,1.3175806],[103.901894,1.3176054],[103.9019663,1.3176191],[103.9019618,1.3176429],[103.9019398,1.3176387],[103.9019373,1.3176522],[103.9019593,1.3176563],[103.9019485,1.3177142],[103.901913,1.3177075],[103.9019161,1.3176912],[103.9018614,1.3176808],[103.9018583,1.3176971],[103.9017762,1.3176815],[103.9017841,1.3176392],[103.9017435,1.3176315],[103.9017356,1.3176738],[103.9016898,1.3176651],[103.9016971,1.317626],[103.9015979,1.3176072],[103.9016062,1.3175632],[103.9015652,1.3175554],[103.9015569,1.3175994],[103.9014752,1.3175839],[103.9014785,1.3175662],[103.9014241,1.3175559],[103.9014208,1.3175736],[103.9013854,1.3175668],[103.9013962,1.3175093],[103.901418,1.3175135],[103.9014207,1.3174991],[103.9013989,1.3174949],[103.9014032,1.3174722],[103.9014757,1.317486],[103.9014807,1.3174599],[103.9014532,1.3174546],[103.9014584,1.317427],[103.9015413,1.3174427],[103.9015373,1.317464],[103.901668,1.3174888],[103.9016606,1.3175279],[103.9018443,1.3175628],[103.9019027,1.3172509]]]}},{"type":"Feature","properties":{"type":"HDB"},"geometry":{"type":"Polygon","coordinates":[[[103.9011763,1.3179647],[103.9011828,1.3179314],[103.9011638,1.3179276],[103.9011625,1.317934],[103.9011202,1.3179255],[103.9011362,1.3178446],[103.9010755,1.3178326],[103.9010679,1.3178716],[103.9010394,1.3178659],[103.9010521,1.3178016],[103.9010575,1.3178027],[103.9010649,1.3177649],[103.9010595,1.3177638],[103.9010677,1.3177218],[103.9011497,1.3177381],[103.9011414,1.3177802],[103.9011365,1.3177792],[103.9011328,1.3177977],[103.9011728,1.3178056],[103.9011765,1.317787],[103.9011715,1.317786],[103.9011797,1.317744],[103.9012617,1.3177604],[103.9012458,1.3178411],[103.9012317,1.3178383],[103.9011725,1.3181399],[103.9015259,1.3182102],[103.9015293,1.3181934],[103.901583,1.3182041],[103.9015774,1.3182328],[103.9015733,1.3182319],[103.9015661,1.3182687],[103.9015701,1.3182695],[103.9015618,1.3183123],[103.9014796,1.318296],[103.901488,1.3182533],[103.9014944,1.3182546],[103.901498,1.318236],[103.901465,1.3182295],[103.9014614,1.3182477],[103.9014673,1.3182489],[103.9014588,1.3182919],[103.9012969,1.3182596],[103.9013052,1.3182172],[103.9013112,1.3182184],[103.9013148,1.3182001],[103.901282,1.3181935],[103.9012784,1.318212],[103.9012842,1.3182131],[103.9012759,1.3182555],[103.9011939,1.3182392],[103.901198,1.3182185],[103.9011473,1.3182085],[103.901144,1.3182251],[103.9011069,1.3182178],[103.9011062,1.3182217],[103.9010637,1.3182132],[103.9010798,1.3181311],[103.9011221,1.3181395],[103.9011209,1.3181459],[103.90114,1.3181497],[103.9011467,1.3181151],[103.9011278,1.3181114],[103.9011265,1.3181179],[103.9010841,1.3181095],[103.9011161,1.3179466],[103.9011584,1.317955],[103.9011572,1.3179609],[103.9011763,1.3179647]]]}},{"type":"Feature","properties":{"type":"HDB"},"geometry":{"type":"Polygon","coordinates":[[[103.901694,1.3183386],[103.9017551,1.3180272],[103.9015718,1.3179908],[103.9015641,1.3180298],[103.9014336,1.3180038],[103.9014295,1.3180251],[103.9013464,1.3180086],[103.9013518,1.3179814],[103.9013796,1.317987],[103.9013847,1.3179611],[103.9013121,1.3179467],[103.9013166,1.3179236],[103.9013384,1.317928],[103.9013412,1.317914],[103.9013194,1.3179096],[103.9013308,1.3178515],[103.9013657,1.3178585],[103.9013622,1.3178764],[103.9014172,1.3178874],[103.9014207,1.3178694],[103.9015021,1.3178856],[103.9014934,1.3179299],[103.9015341,1.317938],[103.9015428,1.3178937],[103.9016419,1.3179134],[103.9016496,1.3178744],[103.9016953,1.3178835],[103.9016869,1.3179261],[103.9017272,1.3179341],[103.9017355,1.3178915],[103.9018177,1.3179078],[103.9018144,1.3179245],[103.9018693,1.3179354],[103.9018726,1.3179187],[103.9019079,1.3179258],[103.9018965,1.3179837],[103.9018745,1.3179794],[103.9018719,1.3179929],[103.9018938,1.3179973],[103.9018892,1.3180207],[103.901817,1.3180062],[103.9018121,1.3180314],[103.9018393,1.3180368],[103.9018339,1.3180641],[103.9018772,1.3180727],[103.9018681,1.3181187],[103.9018254,1.3181101],[103.9018174,1.3181511],[103.9018601,1.3181596],[103.9018511,1.3182053],[103.9018198,1.3181991],[103.9018148,1.3182245],[103.9018461,1.3182308],[103.9018372,1.3182764],[103.9017952,1.3182681],[103.9017872,1.3183087],[103.9018292,1.3183171],[103.90182,1.3183637],[103.901694,1.3183386]]]}},{"type":"Feature","properties":{"type":"HDB"},"geometry":{"type":"Polygon","coordinates":[[[103.9011786,1.3198053],[103.9020967,1.3199862],[103.902043,1.3202627],[103.901191,1.3200948],[103.9011994,1.3200506],[103.9011884,1.3200486],[103.9011872,1.320055],[103.9011799,1.3200526],[103.9011755,1.3200741],[103.9011299,1.320065],[103.9011456,1.3199865],[103.9011952,1.3199965],[103.9011981,1.3199818],[103.9011933,1.3199807],[103.9011955,1.3199683],[103.9011621,1.3199623],[103.9011607,1.3199713],[103.9011503,1.3199695],[103.9011518,1.31996],[103.9011488,1.3199595],[103.9011786,1.3198053]]]}},{"type":"Feature","properties":{"type":"HDB"},"geometry":{"type":"Polygon","coordinates":[[[103.9010655,1.3202296],[103.9011712,1.3202506],[103.9011418,1.3203984],[103.9010369,1.3203778],[103.9010655,1.3202296]]]}},{"type":"Feature","properties":{"type":"HDB"},"geometry":{"type":"Polygon","coordinates":[[[103.9007347,1.3202436],[103.9007423,1.3202046],[103.9007784,1.3202117],[103.900781,1.3201984],[103.9007167,1.3201857],[103.9007236,1.3201502],[103.9007447,1.3201544],[103.900751,1.3201222],[103.9009433,1.3201603],[103.9009371,1.3201924],[103.9009582,1.3201965],[103.9009513,1.320232],[103.900887,1.3202194],[103.900884,1.3202344],[103.9008912,1.3202359],[103.900889,1.3202469],[103.9009142,1.3202519],[103.9009111,1.3202679],[103.9009234,1.3202703],[103.9009225,1.3202747],[103.900934,1.320277],[103.9009371,1.320261],[103.9009618,1.3202659],[103.900953,1.3203111],[103.9009389,1.3203084],[103.9009341,1.3203332],[103.9009032,1.3203271],[103.9008946,1.3203715],[103.9009254,1.3203776],[103.9009206,1.3204024],[103.9009347,1.3204052],[103.9009259,1.3204505],[103.9009012,1.3204456],[103.9009043,1.3204297],[103.9008929,1.3204274],[103.900892,1.3204318],[103.9008796,1.3204294],[103.9008765,1.3204454],[103.900828,1.3204358],[103.9008358,1.3203959],[103.9008327,1.3203953],[103.9008372,1.3203722],[103.9008104,1.3203669],[103.9008234,1.3202999],[103.9008613,1.3203074],[103.9008636,1.3202954],[103.9008596,1.3202946],[103.9008641,1.3202715],[103.9008681,1.3202723],[103.900873,1.320247],[103.9007997,1.3202326],[103.9007878,1.3202938],[103.9007918,1.3202946],[103.9007873,1.3203177],[103.9007833,1.3203169],[103.9007657,1.3204074],[103.9007697,1.3204082],[103.9007652,1.3204313],[103.9007612,1.3204305],[103.9007563,1.3204558],[103.9009345,1.3204909],[103.9009353,1.3204869],[103.9009405,1.3204879],[103.9009301,1.3205513],[103.900908,1.320547],[103.9009052,1.3205616],[103.9008783,1.3205563],[103.900875,1.3205735],[103.9008415,1.3205669],[103.9008475,1.320536],[103.900862,1.3205388],[103.9008666,1.3205153],[103.9008499,1.320512],[103.9008532,1.3204947],[103.9008354,1.3204912],[103.9008321,1.3205084],[103.9008153,1.3205051],[103.9008108,1.3205286],[103.9008253,1.3205315],[103.9008191,1.3205635],[103.9007856,1.3205569],[103.9007891,1.3205387],[103.9007636,1.3205336],[103.9007591,1.3205567],[103.900663,1.3205378],[103.9006692,1.3205058],[103.900648,1.3205017],[103.9006549,1.3204662],[103.9007193,1.3204788],[103.9007223,1.3204637],[103.9007376,1.3204668],[103.9007397,1.3204557],[103.9007141,1.3204506],[103.9007172,1.3204346],[103.9007049,1.3204322],[103.9007058,1.3204278],[103.9006943,1.3204255],[103.9006912,1.3204415],[103.9006665,1.3204366],[103.9006753,1.3203914],[103.9006894,1.3203942],[103.9006942,1.3203693],[103.9007251,1.3203754],[103.9007337,1.320331],[103.9007029,1.3203249],[103.9007077,1.3203001],[103.9006936,1.3202973],[103.9007024,1.320252],[103.9007271,1.3202569],[103.900724,1.3202729],[103.9007354,1.3202751],[103.9007363,1.3202707],[103.9007487,1.3202731],[103.9007518,1.3202571],[103.9007773,1.3202622],[103.9007792,1.3202524],[103.9007347,1.3202436]]]}},{"type":"Feature","properties":{"type":"HDB"},"geometry":{"type":"Polygon","coordinates":[[[103.9014174,1.3203788],[103.9014145,1.3203934],[103.9014401,1.3203985],[103.901437,1.3204145],[103.9014608,1.3204192],[103.901463,1.3204076],[103.9014886,1.3204126],[103.9014798,1.3204579],[103.9014657,1.3204551],[103.9014609,1.32048],[103.90143,1.3204739],[103.9014214,1.3205183],[103.9014522,1.3205244],[103.9014474,1.3205492],[103.9014615,1.320552],[103.9014527,1.3205973],[103.9014271,1.3205922],[103.9014294,1.3205807],[103.9014056,1.320576],[103.9014025,1.320592],[103.9013766,1.3205869],[103.9013727,1.3206068],[103.9013838,1.320609],[103.9013809,1.3206241],[103.9014453,1.3206368],[103.9014384,1.3206723],[103.9014172,1.3206681],[103.901411,1.3207001],[103.9012196,1.3206624],[103.9012258,1.3206304],[103.9012047,1.3206263],[103.9012116,1.3205908],[103.9012759,1.3206034],[103.9012785,1.3205901],[103.9012492,1.3205844],[103.9012539,1.3205604],[103.9013284,1.3205751],[103.9013269,1.3205831],[103.9013608,1.3205897],[103.9013627,1.32058],[103.9013574,1.3205789],[103.9013619,1.3205559],[103.9013672,1.3205569],[103.9013943,1.3204175],[103.901389,1.3204165],[103.9013935,1.3203934],[103.9013988,1.3203944],[103.9014069,1.3203528],[103.9013422,1.32034],[103.901328,1.3204129],[103.9013341,1.3204141],[103.901333,1.3204198],[103.9013687,1.3204268],[103.9013553,1.3204956],[103.9013135,1.3204874],[103.9013067,1.3205224],[103.901312,1.3205235],[103.901311,1.3205288],[103.9013061,1.3205278],[103.9013016,1.3205509],[103.9012426,1.3205393],[103.901247,1.3205166],[103.9012298,1.3205133],[103.9012351,1.3204857],[103.9012219,1.3204831],[103.9012289,1.3204472],[103.9012641,1.3204541],[103.9012612,1.3204692],[103.9012788,1.3204727],[103.9012818,1.3204576],[103.9013029,1.3204618],[103.9013055,1.3204485],[103.9012844,1.3204443],[103.9012873,1.3204292],[103.9012476,1.3204214],[103.9012618,1.3203486],[103.9012485,1.320346],[103.9012555,1.3203101],[103.9012908,1.320317],[103.9012879,1.3203321],[103.9013055,1.3203356],[103.9013084,1.3203205],[103.9013278,1.3203243],[103.9013311,1.3203074],[103.9012667,1.3202948],[103.9012736,1.3202593],[103.9012948,1.3202634],[103.901301,1.3202315],[103.9014924,1.3202692],[103.9014862,1.3203011],[103.9015073,1.3203053],[103.9015004,1.3203408],[103.9014361,1.3203281],[103.9014335,1.3203414],[103.9014695,1.3203485],[103.9014618,1.3203876],[103.9014174,1.3203788]]]}},{"type":"Feature","properties":{"type":"HDB"},"geometry":{"type":"Polygon","coordinates":[[[103.9017801,1.3204099],[103.9018164,1.320417],[103.901819,1.3204037],[103.9017546,1.320391],[103.9017615,1.3203555],[103.9017827,1.3203597],[103.9017889,1.3203278],[103.9019802,1.3203654],[103.901974,1.3203974],[103.9019952,1.3204016],[103.9019883,1.3204371],[103.9019239,1.3204244],[103.9019213,1.3204377],[103.9019278,1.320439],[103.9019253,1.3204518],[103.9019509,1.3204569],[103.9019478,1.3204729],[103.9019716,1.3204776],[103.9019739,1.320466],[103.9019994,1.3204711],[103.9019906,1.3205163],[103.9019765,1.3205135],[103.9019717,1.3205384],[103.9019408,1.3205323],[103.9019365,1.3205545],[103.9019322,1.3205767],[103.9019631,1.3205828],[103.9019582,1.3206076],[103.9019723,1.3206104],[103.9019635,1.3206557],[103.901938,1.3206506],[103.9019402,1.3206391],[103.9019164,1.3206344],[103.9019133,1.3206504],[103.9018705,1.3206419],[103.9018659,1.320635],[103.9018801,1.3205623],[103.9018862,1.3205635],[103.9019031,1.3204765],[103.9018996,1.3204758],[103.9019041,1.3204527],[103.901838,1.3204397],[103.9018309,1.3204761],[103.9018344,1.3204768],[103.9018299,1.3204999],[103.9018264,1.3204992],[103.9018209,1.3205274],[103.9018258,1.3205284],[103.9018246,1.320535],[103.9018596,1.3205419],[103.9018462,1.3206107],[103.9018049,1.3206025],[103.9018003,1.3206263],[103.9018052,1.3206272],[103.9018027,1.3206401],[103.901849,1.3206492],[103.9018457,1.3206661],[103.9018501,1.3206669],[103.901849,1.3206727],[103.9018862,1.3206801],[103.9018872,1.3206752],[103.9019013,1.320678],[103.9019004,1.3206824],[103.9019957,1.3207011],[103.9019913,1.3207233],[103.9019755,1.3207202],[103.9019719,1.3207384],[103.9019966,1.3207433],[103.9019883,1.3207859],[103.901961,1.3207805],[103.9019577,1.3207973],[103.9019031,1.3207866],[103.9019135,1.3207329],[103.9018915,1.3207285],[103.9018965,1.3207028],[103.9018876,1.3207011],[103.9018883,1.3206975],[103.9018736,1.3206946],[103.9018696,1.320715],[103.9018546,1.3207121],[103.9018511,1.3207298],[103.9018661,1.3207328],[103.9018592,1.3207683],[103.9018235,1.3207612],[103.9018266,1.3207453],[103.9018011,1.3207402],[103.9017966,1.3207633],[103.9016996,1.3207442],[103.9017058,1.3207122],[103.9016846,1.3207081],[103.9016915,1.3206726],[103.9017568,1.3206854],[103.9017597,1.3206703],[103.9017754,1.3206734],[103.9017776,1.3206623],[103.9017517,1.3206572],[103.9017548,1.3206413],[103.901731,1.3206366],[103.9017288,1.3206481],[103.9017032,1.3206431],[103.901712,1.3205978],[103.9017261,1.3206006],[103.9017309,1.3205757],[103.9017618,1.3205818],[103.9017661,1.3205596],[103.9017704,1.3205375],[103.9017396,1.3205314],[103.9017444,1.3205065],[103.9017303,1.3205037],[103.9017391,1.3204585],[103.9017647,1.3204635],[103.9017624,1.3204751],[103.9017862,1.3204797],[103.9017893,1.3204638],[103.9018152,1.3204689],[103.9018173,1.3204578],[103.9017725,1.3204489],[103.9017801,1.3204099]]]}},{"type":"Feature","properties":{"type":"HDB"},"geometry":{"type":"Polygon","coordinates":[[[103.9032614,1.3209653],[103.9032158,1.3209597],[103.9032175,1.3209462],[103.9031586,1.3209391],[103.9031601,1.3209265],[103.9031325,1.3209232],[103.9031423,1.3208408],[103.9031633,1.3208433],[103.903166,1.3208208],[103.903145,1.3208183],[103.9031547,1.3207369],[103.9031757,1.3207395],[103.9031791,1.3207107],[103.9031582,1.3207082],[103.9031682,1.3206246],[103.9031891,1.3206272],[103.9031917,1.3206052],[103.9031708,1.3206027],[103.9031808,1.3205186],[103.9032018,1.3205211],[103.9032046,1.3204975],[103.9031837,1.320495],[103.9031942,1.3204073],[103.9032218,1.3204107],[103.9032233,1.3203981],[103.9032822,1.3204052],[103.9032838,1.3203918],[103.9033276,1.3203967],[103.9032614,1.3209653]]]}},{"type":"Feature","properties":{"type":"HDB"},"geometry":{"type":"Polygon","coordinates":[[[103.902459,1.3202778],[103.9024745,1.3202797],[103.9024756,1.3202765],[103.9025429,1.3202842],[103.902543,1.3202875],[103.9025481,1.3202868],[103.9025456,1.3203043],[103.9025667,1.3203067],[103.9025587,1.3203773],[103.9025385,1.3203757],[103.9025366,1.3203904],[103.9025572,1.3203924],[103.9025493,1.3204608],[103.9025286,1.3204576],[103.902526,1.3204716],[103.902548,1.3204752],[103.9025396,1.3205419],[103.9025201,1.3205401],[103.9025184,1.3205537],[103.902539,1.3205555],[103.902531,1.3206231],[103.9025097,1.320622],[103.9025078,1.3206356],[103.9025273,1.3206374],[103.9025209,1.3207064],[103.9025003,1.3207037],[103.9024942,1.3207611],[103.9025142,1.3207654],[103.9025093,1.3208045],[103.9024896,1.3208018],[103.9024879,1.3208138],[103.9025078,1.3208158],[103.9025005,1.320883],[103.9024806,1.320881],[103.9024782,1.3208945],[103.9024988,1.3208961],[103.9024906,1.3209637],[103.9024718,1.3209614],[103.9024692,1.3209741],[103.9024896,1.3209773],[103.9024818,1.3210388],[103.902462,1.3210368],[103.9024615,1.3210495],[103.9024801,1.3210515],[103.9024743,1.3211123],[103.902455,1.3211114],[103.902452,1.3211313],[103.9024473,1.3211298],[103.902446,1.321133],[103.9023757,1.3211247],[103.9023759,1.3211208],[103.9023602,1.3211201],[103.902459,1.3202778]]]}},{"type":"Feature","properties":{"type":"HDB"},"geometry":{"type":"MultiPolygon","coordinates":[[[[103.9047565,1.3207642],[103.9045374,1.3207386],[103.9045389,1.3207077],[103.9044884,1.3207041],[103.9044847,1.3207325],[103.9042712,1.3207076],[103.9042795,1.3206356],[103.9042661,1.320634],[103.9042732,1.3205735],[103.9047848,1.320634],[103.9047783,1.3206936],[103.9047648,1.320692],[103.9047565,1.3207642]]],[[[103.9047149,1.3214175],[103.9046711,1.3214127],[103.9046722,1.3214001],[103.9046129,1.321393],[103.9046153,1.3213803],[103.9045906,1.3213748],[103.9046003,1.3212937],[103.9046254,1.3212951],[103.9046262,1.3212752],[103.9046013,1.3212717],[103.9046134,1.3211867],[103.9046367,1.3211877],[103.9046375,1.321169],[103.904613,1.3211644],[103.9046239,1.3210742],[103.90465,1.3210752],[103.9046508,1.3210601],[103.9046265,1.3210568],[103.9046389,1.3209729],[103.9046619,1.3209732],[103.9046643,1.3209527],[103.904639,1.3209486],[103.9046497,1.3208665],[103.9046735,1.3208659],[103.9046759,1.3208564],[103.9047365,1.3208601],[103.9047389,1.3208488],[103.9047813,1.3208538],[103.9047149,1.3214175]]],[[[103.9041993,1.3213561],[103.904156,1.3213508],[103.9042223,1.3207827],[103.9042694,1.320788],[103.9042678,1.3208014],[103.9043273,1.3208087],[103.9043258,1.3208213],[103.9043523,1.3208246],[103.904342,1.3209097],[103.9043148,1.3209064],[103.9043119,1.3209302],[103.9043391,1.3209336],[103.9043291,1.3210158],[103.904302,1.3210125],[103.9042992,1.321035],[103.9043264,1.3210384],[103.9043161,1.3211232],[103.9042889,1.3211198],[103.904286,1.3211439],[103.9043132,1.3211473],[103.9043032,1.3212297],[103.9042761,1.3212264],[103.9042732,1.32125],[103.9043004,1.3212533],[103.9042898,1.3213408],[103.9042622,1.3213374],[103.9042606,1.3213499],[103.9042009,1.3213426],[103.9041993,1.3213561]]],[[[103.9039592,1.3213131],[103.9038755,1.3213042],[103.9038781,1.3212795],[103.9038564,1.3212772],[103.9038539,1.3213019],[103.9037696,1.321293],[103.9037721,1.3212683],[103.9037483,1.3212658],[103.9037457,1.3212905],[103.9036589,1.3212813],[103.9036615,1.3212566],[103.9036427,1.3212546],[103.9036401,1.3212793],[103.9035571,1.3212705],[103.9035597,1.3212458],[103.9035367,1.3212434],[103.9035341,1.3212681],[103.9034496,1.3212592],[103.9034522,1.3212344],[103.9034286,1.3212319],[103.903426,1.3212567],[103.9033427,1.3212479],[103.9033453,1.3212231],[103.9033256,1.321221],[103.9033231,1.3212458],[103.9032348,1.3212364],[103.9032374,1.3212117],[103.9032144,1.3212093],[103.9032118,1.321234],[103.9031248,1.3212248],[103.9031278,1.3211969],[103.9031152,1.3211956],[103.9031215,1.3211353],[103.9031081,1.3211339],[103.9031136,1.3210902],[103.9040009,1.3211837],[103.903996,1.3212282],[103.9039797,1.3212267],[103.9039742,1.3212874],[103.9039617,1.3212861],[103.9039592,1.3213131]]],[[[103.9035751,1.3201655],[103.9035563,1.3203235],[103.9028109,1.3202359],[103.9028294,1.3200793],[103.9035751,1.3201655]]],[[[103.903114,1.321415],[103.9023203,1.3213191],[103.9023393,1.3211619],[103.9025453,1.3211866],[103.902542,1.3212137],[103.902608,1.3212217],[103.9026113,1.3211945],[103.9026952,1.3212045],[103.9026919,1.3212318],[103.9027133,1.3212343],[103.9027166,1.3212071],[103.9028022,1.3212173],[103.9027989,1.3212446],[103.9028203,1.3212472],[103.9028236,1.3212199],[103.9029092,1.3212302],[103.9029059,1.3212575],[103.9029273,1.3212601],[103.9029306,1.3212327],[103.9031323,1.3212569],[103.903114,1.321415]]]]}},{"type":"Feature","properties":{"type":"HDB"},"geometry":{"type":"Polygon","coordinates":[[[103.9028276,1.32083],[103.9028073,1.3208274],[103.9028151,1.3207602],[103.9028348,1.3207628],[103.9028408,1.3207072],[103.902821,1.3207045],[103.9028258,1.3206665],[103.9028461,1.3206691],[103.9028479,1.3206552],[103.9028275,1.3206526],[103.9028354,1.3205855],[103.9028557,1.3205881],[103.9028574,1.3205742],[103.9028371,1.3205716],[103.902845,1.3205045],[103.9028653,1.320507],[103.9028669,1.3204933],[103.9028466,1.3204907],[103.9028543,1.3204238],[103.9028747,1.3204264],[103.9028763,1.3204127],[103.902856,1.3204101],[103.902864,1.3203429],[103.9028851,1.3203448],[103.9028874,1.3203236],[103.9029755,1.3203345],[103.9028754,1.321185],[103.9027877,1.3211758],[103.9027898,1.3211536],[103.9027692,1.3211509],[103.902777,1.3210839],[103.9027977,1.321086],[103.9027993,1.3210721],[103.9027785,1.32107],[103.9027864,1.321003],[103.9028072,1.3210051],[103.9028087,1.3209913],[103.9027879,1.3209893],[103.9027961,1.3209222],[103.9028168,1.3209242],[103.9028185,1.3209103],[103.9027977,1.3209083],[103.9028056,1.3208412],[103.902826,1.3208438],[103.9028276,1.32083]]]}},{"type":"Feature","properties":{"type":"HDB"},"geometry":{"type":"Polygon","coordinates":[[[103.9010179,1.3209954],[103.9010148,1.3210114],[103.9010853,1.3210253],[103.9010786,1.3210599],[103.9010565,1.3210556],[103.9010491,1.3210937],[103.9008428,1.3210531],[103.9008495,1.3210185],[103.9008283,1.3210143],[103.9008347,1.3209815],[103.9008991,1.3209942],[103.9009017,1.3209808],[103.9008838,1.3209773],[103.9008867,1.3209622],[103.9008522,1.3209554],[103.9008449,1.3209603],[103.9008349,1.3209453],[103.9008412,1.320941],[103.9008436,1.3209289],[103.9008861,1.3209372],[103.9008869,1.3209332],[103.9008678,1.3209096],[103.900865,1.3209174],[103.9008412,1.3209127],[103.9008443,1.3208967],[103.9008205,1.3208921],[103.9008176,1.3209071],[103.9007867,1.3209011],[103.9008026,1.3208194],[103.9008582,1.3208304],[103.9008613,1.3208144],[103.9008974,1.3208215],[103.9009028,1.320794],[103.9009567,1.3208037],[103.9009484,1.3208463],[103.9009687,1.3208503],[103.900957,1.3209106],[103.9009499,1.3209093],[103.9009512,1.320903],[103.9009415,1.320901],[103.9009435,1.3208905],[103.9009215,1.3208861],[103.9009182,1.320903],[103.9008847,1.3208964],[103.9008836,1.3209019],[103.9008967,1.3209181],[103.9009474,1.3209281],[103.9009391,1.3209707],[103.9009577,1.3209744],[103.9009615,1.3209545],[103.9009956,1.3209356],[103.9010197,1.3209403],[103.901023,1.3209462],[103.9010501,1.3209311],[103.9010505,1.3209291],[103.9010205,1.3209231],[103.9010238,1.3209063],[103.9010017,1.3209019],[103.9009997,1.3209125],[103.90099,1.3209106],[103.9009887,1.3209169],[103.9009817,1.3209155],[103.9009934,1.3208552],[103.9010137,1.3208592],[103.901022,1.3208165],[103.9010756,1.320828],[103.9010703,1.3208555],[103.9011064,1.3208627],[103.9011033,1.3208786],[103.9011589,1.3208896],[103.901143,1.3209712],[103.9011121,1.3209652],[103.9011151,1.3209501],[103.9010912,1.3209454],[103.9010881,1.3209614],[103.9010643,1.3209567],[103.9010661,1.3209478],[103.9010582,1.3209462],[103.9010338,1.3209598],[103.9010764,1.3209682],[103.9010691,1.3210055],[103.9010179,1.3209954]]]}},{"type":"Feature","properties":{"type":"HDB"},"geometry":{"type":"Polygon","coordinates":[[[103.9012745,1.3209896],[103.9012666,1.3209881],[103.9012648,1.3209969],[103.901241,1.3209922],[103.9012441,1.3209763],[103.9012203,1.3209716],[103.9012174,1.3209867],[103.9011865,1.3209806],[103.9012024,1.3208989],[103.901258,1.3209099],[103.9012611,1.3208939],[103.9012972,1.320901],[103.9013026,1.3208735],[103.9013565,1.3208832],[103.9013483,1.3209258],[103.9013685,1.3209298],[103.9013568,1.3209902],[103.9013497,1.3209888],[103.901351,1.3209825],[103.9013413,1.3209806],[103.9013433,1.32097],[103.9013213,1.3209657],[103.901318,1.3209825],[103.901288,1.3209766],[103.9012876,1.3209787],[103.9013071,1.3210029],[103.9013122,1.3209987],[103.9013364,1.3210035],[103.9013609,1.321034],[103.901357,1.3210538],[103.9013755,1.3210574],[103.9013838,1.3210148],[103.9014345,1.3210248],[103.9014527,1.3210148],[103.9014538,1.3210093],[103.9014203,1.3210027],[103.9014236,1.3209858],[103.9014015,1.3209815],[103.9013995,1.320992],[103.9013898,1.3209901],[103.9013885,1.3209964],[103.9013815,1.320995],[103.9013932,1.3209347],[103.9014135,1.3209387],[103.9014218,1.3208961],[103.9014754,1.3209075],[103.9014701,1.3209351],[103.9015062,1.3209422],[103.9015031,1.3209582],[103.9015587,1.3209691],[103.9015428,1.3210507],[103.9015119,1.3210447],[103.9015149,1.3210296],[103.901491,1.3210249],[103.9014879,1.3210409],[103.9014641,1.3210362],[103.9014645,1.3210279],[103.901438,1.3210425],[103.9014372,1.3210465],[103.9014797,1.3210549],[103.9014774,1.3210671],[103.9014816,1.3210734],[103.9014667,1.3210835],[103.9014618,1.3210763],[103.9014273,1.3210695],[103.9014243,1.3210846],[103.9014064,1.321081],[103.9014038,1.3210943],[103.9014682,1.321107],[103.9014618,1.3211399],[103.9014407,1.3211357],[103.9014339,1.3211703],[103.9012276,1.3211297],[103.901235,1.3210915],[103.901213,1.3210872],[103.9012197,1.3210525],[103.9012902,1.3210664],[103.9012935,1.3210499],[103.9012419,1.3210397],[103.9012491,1.3210024],[103.9012914,1.3210108],[103.9012745,1.3209896]]]}},{"type":"Feature","properties":{"type":"HDB"},"geometry":{"type":"Polygon","coordinates":[[[103.9018179,1.3211536],[103.9018148,1.3211696],[103.9018854,1.3211835],[103.9018786,1.3212181],[103.9018566,1.3212137],[103.9018492,1.3212519],[103.9016428,1.3212113],[103.9016495,1.3211766],[103.9016284,1.3211725],[103.9016348,1.3211396],[103.9016991,1.3211523],[103.9017017,1.321139],[103.9016838,1.3211355],[103.9016868,1.3211204],[103.9016522,1.3211136],[103.901645,1.3211185],[103.901635,1.3211035],[103.9016413,1.3210992],[103.9016436,1.321087],[103.9016862,1.3210954],[103.901687,1.3210914],[103.9016679,1.3210677],[103.9016651,1.3210756],[103.9016413,1.3210709],[103.9016444,1.3210549],[103.9016206,1.3210502],[103.9016176,1.3210653],[103.9015868,1.3210592],[103.9016026,1.3209776],[103.9016582,1.3209885],[103.9016613,1.3209725],[103.9016975,1.3209797],[103.9017028,1.3209521],[103.9017568,1.3209619],[103.9017485,1.3210045],[103.9017688,1.3210085],[103.901757,1.3210688],[103.90175,1.3210674],[103.9017512,1.3210611],[103.9017415,1.3210592],[103.9017436,1.3210486],[103.9017215,1.3210443],[103.9017182,1.3210612],[103.9016847,1.3210546],[103.9016837,1.3210601],[103.9016968,1.3210763],[103.9017475,1.3210863],[103.9017392,1.3211289],[103.9017577,1.3211325],[103.9017615,1.3211127],[103.9017956,1.3210937],[103.9018198,1.3210985],[103.901823,1.3211043],[103.9018501,1.3210893],[103.9018505,1.3210872],[103.9018205,1.3210813],[103.9018238,1.3210644],[103.9018018,1.3210601],[103.9017997,1.3210707],[103.90179,1.3210688],[103.9017888,1.3210751],[103.9017817,1.3210737],[103.9017935,1.3210133],[103.9018137,1.3210173],[103.901822,1.3209747],[103.9018756,1.3209862],[103.9018703,1.3210137],[103.9019064,1.3210208],[103.9019033,1.3210368],[103.9019589,1.3210477],[103.901943,1.3211294],[103.9019122,1.3211233],[103.9019151,1.3211082],[103.9018913,1.3211035],[103.9018882,1.3211195],[103.9018644,1.3211148],[103.9018661,1.321106],[103.9018582,1.3211044],[103.9018337,1.321118],[103.9018767,1.3211265],[103.9018694,1.3211638],[103.9018179,1.3211536]]]}},{"type":"Feature","properties":{"type":"HDB"},"geometry":{"type":"Polygon","coordinates":[[[103.9007861,1.3216037],[103.9007945,1.3215606],[103.9008077,1.3215632],[103.9008123,1.3215391],[103.9008329,1.3215431],[103.9008351,1.3215315],[103.9007722,1.3215192],[103.9007758,1.3215006],[103.9008543,1.3215159],[103.900855,1.3215124],[103.9008603,1.3215134],[103.9008596,1.3215169],[103.9009917,1.3215428],[103.9009924,1.3215392],[103.9009977,1.3215403],[103.900997,1.3215438],[103.9010215,1.3215486],[103.9010258,1.3215264],[103.9009949,1.3215204],[103.9009993,1.3214977],[103.9009931,1.3214965],[103.9010017,1.3214521],[103.9010656,1.3214647],[103.9010725,1.3214289],[103.901069,1.3214282],[103.90107,1.3214229],[103.9010735,1.3214236],[103.9010808,1.3213861],[103.9010755,1.3213851],[103.9010762,1.3213815],[103.9010581,1.321378],[103.9010564,1.3213868],[103.9010013,1.3213761],[103.9010061,1.3213512],[103.9010125,1.3213525],[103.9010147,1.3213409],[103.9009942,1.3213369],[103.9009988,1.3213127],[103.9009856,1.3213101],[103.9009939,1.3212671],[103.901214,1.3213101],[103.9012057,1.3213532],[103.9011924,1.3213506],[103.9011878,1.3213747],[103.9011672,1.3213707],[103.901165,1.3213823],[103.9011816,1.3213855],[103.90116,1.3214974],[103.9011172,1.321489],[103.9011198,1.3214757],[103.9010958,1.321471],[103.9010998,1.3214503],[103.901088,1.321448],[103.9010763,1.3215087],[103.9011112,1.3215155],[103.9011017,1.3215643],[103.9011335,1.3215705],[103.9011342,1.321567],[103.9011395,1.321568],[103.9011388,1.3215716],[103.9012193,1.3215873],[103.9012212,1.3215773],[103.901215,1.3215761],[103.9012168,1.3215672],[103.9012229,1.3215684],[103.9012344,1.321509],[103.9013455,1.3215307],[103.9013372,1.3215738],[103.901324,1.3215712],[103.9013193,1.3215953],[103.9012988,1.3215913],[103.9012966,1.3216029],[103.9013292,1.3216093],[103.9013257,1.3216275],[103.9012628,1.3216152],[103.9012606,1.3216268],[103.9012811,1.3216308],[103.9012765,1.3216549],[103.9012897,1.3216575],[103.9012814,1.3217006],[103.9011703,1.3216788],[103.9011855,1.3216],[103.9011252,1.3215882],[103.901123,1.3215998],[103.9011435,1.3216039],[103.9011389,1.321628],[103.9011521,1.3216306],[103.9011438,1.3216736],[103.9009237,1.3216306],[103.900932,1.3215875],[103.9009453,1.3215901],[103.9009499,1.321566],[103.9009705,1.32157],[103.9009727,1.3215584],[103.9009125,1.3215466],[103.9008973,1.3216254],[103.9007861,1.3216037]]]}},{"type":"Feature","properties":{"type":"HDB"},"geometry":{"type":"Polygon","coordinates":[[[103.9013105,1.3217063],[103.9013188,1.3216632],[103.901332,1.3216658],[103.9013367,1.3216416],[103.9013573,1.3216457],[103.9013595,1.3216341],[103.9013257,1.3216275],[103.9013292,1.3216093],[103.9013784,1.3216189],[103.9013792,1.3216149],[103.9013845,1.3216159],[103.9013837,1.3216199],[103.9014007,1.3216232],[103.901415,1.3215491],[103.9014494,1.3215558],[103.9014593,1.3215044],[103.9014558,1.3215037],[103.9014568,1.3214983],[103.9014604,1.321499],[103.9014676,1.3214617],[103.9014623,1.3214607],[103.901463,1.3214572],[103.9014449,1.3214536],[103.9014432,1.3214625],[103.901388,1.3214517],[103.9013928,1.3214269],[103.9013993,1.3214281],[103.9014015,1.3214165],[103.901381,1.3214125],[103.9013856,1.3213884],[103.9013724,1.3213858],[103.9013807,1.3213427],[103.9016008,1.3213858],[103.9015925,1.3214288],[103.9015792,1.3214262],[103.9015746,1.3214504],[103.901554,1.3214464],[103.9015518,1.3214579],[103.9015684,1.3214612],[103.9015468,1.321573],[103.901504,1.3215647],[103.9015066,1.3215514],[103.9014826,1.3215467],[103.9014866,1.321526],[103.9014748,1.3215237],[103.9014661,1.3215688],[103.9015301,1.3215813],[103.9015219,1.3216235],[103.9015316,1.3216254],[103.9015273,1.3216476],[103.9015864,1.3216591],[103.9015871,1.3216556],[103.9015924,1.3216566],[103.9015917,1.3216602],[103.9016519,1.3216719],[103.9016526,1.3216684],[103.901668,1.3216714],[103.9016713,1.3216543],[103.9016674,1.3216535],[103.9016689,1.3216455],[103.9016729,1.3216463],[103.9016795,1.3216119],[103.9016932,1.3216148],[103.9016973,1.3215935],[103.9017608,1.3216059],[103.901744,1.3216927],[103.9017226,1.3216885],[103.90172,1.3217023],[103.9017394,1.3217061],[103.9017276,1.3217673],[103.9016751,1.3217571],[103.9016776,1.3217442],[103.901659,1.3217406],[103.9016577,1.3217477],[103.901633,1.3217428],[103.9016343,1.3217357],[103.9016158,1.3217321],[103.9016133,1.321745],[103.9015608,1.3217347],[103.9015722,1.3216757],[103.901512,1.3216639],[103.9015098,1.3216755],[103.9015303,1.3216795],[103.9015257,1.3217037],[103.9015389,1.3217062],[103.9015306,1.3217493],[103.9013105,1.3217063]]]}},{"type":"Feature","properties":{"type":"HDB"},"geometry":{"type":"Polygon","coordinates":[[[103.9016812,1.32182],[103.9016927,1.3217605],[103.9017276,1.3217673],[103.901736,1.3217245],[103.9017727,1.3217317],[103.9017789,1.3216993],[103.9017575,1.3216951],[103.9017878,1.3215382],[103.9016952,1.3215201],[103.9017101,1.3214429],[103.9017207,1.3214449],[103.9017329,1.3213819],[103.9019276,1.32142],[103.9018867,1.3217537],[103.9018762,1.3217999],[103.9018572,1.3218261],[103.9018283,1.3218415],[103.9017963,1.3218425],[103.9016812,1.32182]]]}},{"type":"Feature","properties":{"type":"HDB"},"geometry":{"type":"Polygon","coordinates":[[[103.9048995,1.3219115],[103.9048633,1.3219073],[103.9048613,1.3219263],[103.9047739,1.3219159],[103.9047766,1.3218972],[103.9047006,1.3218884],[103.9046998,1.3219071],[103.904613,1.3218967],[103.9046148,1.3218783],[103.9045374,1.3218693],[103.9045363,1.3218876],[103.9044528,1.3218777],[103.9044544,1.3218596],[103.9043779,1.3218507],[103.9043762,1.3218686],[103.9042942,1.3218589],[103.9042945,1.321841],[103.9042205,1.3218323],[103.9042176,1.3218498],[103.9041346,1.3218399],[103.9041354,1.3218224],[103.9040612,1.3218138],[103.9040581,1.3218308],[103.9039727,1.3218207],[103.9039748,1.3218037],[103.9039383,1.3217994],[103.9039393,1.3217904],[103.9039371,1.3217902],[103.9039509,1.3216842],[103.9040165,1.3216918],[103.9040213,1.3216501],[103.9040505,1.3216536],[103.9040461,1.3216952],[103.9043398,1.321729],[103.9043446,1.3216888],[103.904372,1.3216921],[103.9043679,1.3217323],[103.9046608,1.321766],[103.9046656,1.3217272],[103.9046928,1.3217304],[103.9046881,1.3217692],[103.9049143,1.3217952],[103.9049023,1.3219056],[103.9049003,1.3219053],[103.9048995,1.3219115]]]}},{"type":"Feature","properties":{"type":"HDB"},"geometry":{"type":"Polygon","coordinates":[[[103.9022928,1.3217846],[103.9022906,1.3217843],[103.9023001,1.321704],[103.9023023,1.3217043],[103.902305,1.3216818],[103.9023696,1.3216895],[103.9023741,1.3216514],[103.9024009,1.3216546],[103.9023964,1.3216927],[103.9026885,1.3217277],[103.902693,1.3216895],[103.9027242,1.3216933],[103.9027197,1.3217314],[103.9030096,1.3217662],[103.9030141,1.321728],[103.9030431,1.3217315],[103.9030386,1.3217697],[103.9032638,1.3217966],[103.9032612,1.3218191],[103.9032634,1.3218194],[103.9032539,1.3218997],[103.9032517,1.3218994],[103.9032509,1.3219062],[103.9032085,1.3219011],[103.9032055,1.3219262],[103.9031252,1.3219166],[103.9031282,1.3218915],[103.9030524,1.3218824],[103.9030495,1.3219075],[103.9029669,1.3218977],[103.9029699,1.3218725],[103.9028963,1.3218637],[103.9028934,1.3218888],[103.9028108,1.321879],[103.9028138,1.3218538],[103.9027402,1.321845],[103.9027372,1.3218702],[103.9026503,1.3218597],[103.9026533,1.3218346],[103.9025752,1.3218253],[103.9025722,1.3218504],[103.9024897,1.3218405],[103.9024927,1.3218154],[103.9024191,1.3218066],[103.9024162,1.3218317],[103.902327,1.321821],[103.9023299,1.3217959],[103.902292,1.3217913],[103.9022928,1.3217846]]]}},{"type":"Feature","properties":{"type":"HDB"},"geometry":{"type":"Polygon","coordinates":[[[103.903723,1.3222189],[103.9037245,1.3222054],[103.9037223,1.3222051],[103.9037308,1.3221333],[103.9037331,1.3221335],[103.9037337,1.3221282],[103.9037582,1.3221312],[103.9037603,1.3221141],[103.9038249,1.3221218],[103.9038228,1.3221394],[103.9038362,1.322141],[103.9038383,1.3221235],[103.9039074,1.3221318],[103.9039054,1.3221489],[103.9039188,1.3221505],[103.9039208,1.3221334],[103.9039877,1.3221415],[103.9039857,1.3221585],[103.903999,1.3221601],[103.9040011,1.3221431],[103.9040747,1.3221519],[103.9040726,1.322169],[103.904086,1.3221706],[103.904088,1.3221535],[103.9041549,1.3221616],[103.9041529,1.3221787],[103.9042086,1.3221854],[103.9042106,1.3221683],[103.9042508,1.3221731],[103.9042487,1.3221902],[103.9042621,1.3221918],[103.9042642,1.3221747],[103.9043288,1.3221825],[103.9043268,1.3221996],[103.9043402,1.3222012],[103.9043422,1.3221842],[103.9044046,1.3221917],[103.9044026,1.3222087],[103.904416,1.3222103],[103.904418,1.3221933],[103.9044827,1.3222011],[103.9044806,1.3222181],[103.9044918,1.3222195],[103.9044938,1.3222024],[103.9045585,1.3222102],[103.9045565,1.3222273],[103.9045787,1.3222299],[103.9045781,1.3222353],[103.9045803,1.3222356],[103.9045718,1.3223074],[103.9045696,1.3223071],[103.904568,1.3223206],[103.903723,1.3222189]]]}},{"type":"Feature","properties":{"type":"HDB"},"geometry":{"type":"Polygon","coordinates":[[[103.9024542,1.322358],[103.9024588,1.3223173],[103.9022339,1.3222903],[103.9022362,1.3222664],[103.9022337,1.3222668],[103.9022464,1.3221767],[103.9022886,1.3221818],[103.902291,1.3221597],[103.9023731,1.32217],[103.9023688,1.3221918],[103.9024469,1.3222006],[103.902451,1.3221797],[103.9025318,1.3221897],[103.9025305,1.3222112],[103.9026039,1.3222201],[103.902607,1.3221974],[103.902688,1.3222079],[103.9026854,1.32223],[103.9027601,1.3222391],[103.9027622,1.3222169],[103.9028482,1.3222264],[103.9028457,1.3222495],[103.9029239,1.322259],[103.9029267,1.322236],[103.9030095,1.322246],[103.9030063,1.322269],[103.9030833,1.3222781],[103.9030845,1.3222551],[103.9031705,1.3222658],[103.903168,1.3222883],[103.9032064,1.3222934],[103.903205,1.3223021],[103.9032081,1.3223035],[103.9031991,1.3223794],[103.903195,1.3223789],[103.9031925,1.3224026],[103.9031304,1.3223943],[103.9031244,1.3224377],[103.9030984,1.3224342],[103.9031034,1.3223915],[103.9028082,1.3223568],[103.9028031,1.3223994],[103.9027785,1.3223961],[103.9027822,1.3223554],[103.9024849,1.3223198],[103.9024791,1.3223603],[103.9024542,1.322358]]]}},{"type":"Feature","properties":{"type":"HDB"},"geometry":{"type":"Polygon","coordinates":[[[103.9032315,1.3226076],[103.9032333,1.3225953],[103.9032735,1.3226002],[103.9032724,1.3226122],[103.9033,1.3226159],[103.9033015,1.3226036],[103.9033423,1.3226085],[103.9033409,1.3226209],[103.9034505,1.3226332],[103.9034527,1.3226217],[103.9034954,1.3226269],[103.9034934,1.3226383],[103.9035194,1.3226418],[103.903521,1.3226299],[103.9035613,1.3226348],[103.9035597,1.3226462],[103.9036738,1.3226585],[103.9036752,1.3226485],[103.9037184,1.3226537],[103.9037177,1.3226644],[103.9037432,1.3226674],[103.9037444,1.3226568],[103.9037844,1.3226616],[103.9037834,1.3226729],[103.9038314,1.3226781],[103.9038309,1.3226861],[103.9038345,1.3226871],[103.9038251,1.3227639],[103.9038212,1.3227634],[103.9038212,1.32277],[103.903755,1.3227626],[103.9037521,1.3227784],[103.9036753,1.3227692],[103.9036767,1.3227542],[103.9035374,1.3227377],[103.9035356,1.3227525],[103.9034598,1.3227434],[103.9034616,1.322727],[103.9033184,1.3227121],[103.9033152,1.3227261],[103.90324,1.3227171],[103.903241,1.3227012],[103.903169,1.3226938],[103.9031704,1.3226868],[103.9031666,1.3226857],[103.9031753,1.3226087],[103.9031785,1.3226089],[103.9031794,1.3226013],[103.9032315,1.3226076]]]}},{"type":"Feature","properties":{"type":"HDB"},"geometry":{"type":"Polygon","coordinates":[[[103.9041432,1.3230143],[103.9041302,1.3230128],[103.9041322,1.3229899],[103.9041067,1.3229869],[103.9041041,1.3230097],[103.904093,1.3230084],[103.9040925,1.3230128],[103.9040325,1.3230057],[103.904033,1.3230013],[103.9040199,1.3229998],[103.9040226,1.3229768],[103.9040091,1.3229751],[103.9040188,1.3228913],[103.9048924,1.3229947],[103.9048822,1.3230798],[103.9048686,1.3230782],[103.9048677,1.3230988],[103.9048523,1.323097],[103.9048515,1.3231024],[103.9047963,1.3230959],[103.9047965,1.3230905],[103.9047807,1.3230887],[103.904783,1.3230679],[103.9047599,1.3230651],[103.9047567,1.3230859],[103.9047442,1.3230844],[103.9047437,1.3230897],[103.9046875,1.323083],[103.904688,1.3230778],[103.9046743,1.3230763],[103.9046762,1.3230551],[103.9045949,1.3230454],[103.9045931,1.3230668],[103.9045783,1.3230651],[103.904578,1.3230701],[103.9045235,1.3230637],[103.9045244,1.3230588],[103.904509,1.323057],[103.904511,1.3230353],[103.9044844,1.3230321],[103.9044813,1.3230538],[103.9044686,1.3230523],[103.9044679,1.3230571],[103.9044125,1.3230506],[103.904413,1.3230458],[103.904401,1.3230444],[103.9044041,1.3230225],[103.9043811,1.3230197],[103.9043784,1.3230418],[103.9043638,1.3230401],[103.9043634,1.3230448],[103.9043088,1.3230383],[103.9043098,1.3230337],[103.9042957,1.323032],[103.9042979,1.3230098],[103.9042137,1.3229997],[103.9042115,1.3230223],[103.9041985,1.3230208],[103.9041978,1.3230252],[103.9041429,1.3230188],[103.9041432,1.3230143]]]}},{"type":"Feature","properties":{"type":"HDB"},"geometry":{"type":"Polygon","coordinates":[[[103.9037841,1.3231344],[103.9037729,1.3232294],[103.9037447,1.3232261],[103.9037435,1.3232352],[103.9036741,1.3232268],[103.9036755,1.3232178],[103.9036487,1.3232147],[103.9036476,1.3232238],[103.9036072,1.3232192],[103.9036084,1.3232101],[103.903553,1.3232021],[103.9034963,1.3231958],[103.9034951,1.3232059],[103.9034548,1.323201],[103.9034559,1.3231918],[103.9034293,1.3231887],[103.9034281,1.3231978],[103.9033878,1.3231931],[103.9033891,1.323184],[103.9032773,1.3231706],[103.9032761,1.3231798],[103.9032354,1.3231751],[103.9032365,1.3231665],[103.9032101,1.323163],[103.903209,1.3231722],[103.9031684,1.3231674],[103.9031696,1.3231583],[103.9031124,1.3231515],[103.9031237,1.3230566],[103.9031955,1.3230648],[103.9031969,1.3230553],[103.9032743,1.3230642],[103.9032728,1.3230741],[103.9034153,1.3230909],[103.9034165,1.323081],[103.9034938,1.3230904],[103.9034923,1.3231002],[103.9036349,1.323117],[103.9036358,1.3231075],[103.9037129,1.323116],[103.903712,1.3231258],[103.9037841,1.3231344]]]}},{"type":"Feature","properties":{"type":"HDB"},"geometry":{"type":"Polygon","coordinates":[[[103.9039629,1.3233684],[103.9039732,1.3232836],[103.9039839,1.3232849],[103.9039867,1.3232652],[103.9040012,1.323267],[103.9040013,1.3232643],[103.9040553,1.3232707],[103.9040554,1.3232734],[103.9040709,1.3232752],[103.9040684,1.3232952],[103.9040917,1.323298],[103.9040935,1.3232779],[103.9041073,1.3232796],[103.9041076,1.3232769],[103.9041623,1.3232834],[103.9041618,1.323286],[103.9041758,1.3232877],[103.9041731,1.3233079],[103.9042546,1.3233178],[103.9042577,1.3232975],[103.9042707,1.323299],[103.9042711,1.3232962],[103.9043282,1.323303],[103.904328,1.3233058],[103.9043437,1.3233077],[103.9043405,1.3233282],[103.9043666,1.3233313],[103.9043695,1.3233108],[103.9043831,1.3233124],[103.904383,1.3233095],[103.9044377,1.3233159],[103.9044377,1.3233189],[103.9044491,1.3233203],[103.9044455,1.3233409],[103.9044702,1.3233439],[103.9044733,1.3233231],[103.9044871,1.3233248],[103.9044872,1.3233218],[103.9045426,1.3233283],[103.904542,1.3233313],[103.9045538,1.3233327],[103.9045522,1.3233538],[103.9046355,1.3233639],[103.9046376,1.3233427],[103.9046516,1.3233443],[103.9046522,1.3233413],[103.9047061,1.3233476],[103.9047059,1.3233508],[103.9047198,1.3233525],[103.9047174,1.3233738],[103.9047422,1.3233768],[103.9047454,1.3233555],[103.9047599,1.3233572],[103.9047604,1.323354],[103.904816,1.3233606],[103.9048152,1.3233638],[103.9048297,1.3233655],[103.9048274,1.3233871],[103.9048434,1.3233891],[103.9048344,1.3234722],[103.9039629,1.3233684]]]}},{"type":"Feature","properties":{"type":"HDB"},"geometry":{"type":"Polygon","coordinates":[[[103.9002177,1.3199328],[103.9002772,1.3196247],[103.9010666,1.3197791],[103.9010301,1.3199682],[103.9010517,1.3199724],[103.9010351,1.3200586],[103.9005954,1.3199725],[103.900589,1.3200054],[103.9003687,1.3199623],[103.9003666,1.3199729],[103.9003063,1.3199611],[103.9003083,1.3199505],[103.9002177,1.3199328]]]}},{"type":"Feature","properties":{"type":"HDB"},"geometry":{"type":"Polygon","coordinates":[[[103.9001618,1.3203357],[103.9001701,1.3202927],[103.9001834,1.3202952],[103.900188,1.3202711],[103.9002086,1.3202751],[103.9002108,1.3202635],[103.9002044,1.3202623],[103.9002092,1.3202374],[103.9002802,1.3202513],[103.9002754,1.3202739],[103.9002988,1.3202784],[103.9003091,1.3202247],[103.9002452,1.3202122],[103.9002538,1.3201678],[103.9002617,1.3201694],[103.9002656,1.320149],[103.9002232,1.3201411],[103.9002249,1.3201322],[103.9002205,1.3201314],[103.900222,1.3201238],[103.9002039,1.3201203],[103.9002157,1.320059],[103.9002682,1.3200693],[103.9002657,1.3200822],[103.9003045,1.3200898],[103.900307,1.3200769],[103.9003595,1.3200872],[103.9003481,1.3201462],[103.9003746,1.3201514],[103.9003835,1.3201052],[103.9004042,1.3201093],[103.9004067,1.3200964],[103.9004592,1.3201067],[103.9004478,1.3201657],[103.9004725,1.3201701],[103.9004898,1.3200947],[103.9005035,1.3200976],[103.9005076,1.3200763],[103.9005711,1.3200887],[103.9005446,1.3202261],[103.9004974,1.3202169],[103.9004964,1.3202222],[103.9004787,1.3202187],[103.9004797,1.3202134],[103.9004687,1.3202113],[103.9004636,1.3202379],[103.9004667,1.3202385],[103.9004677,1.3202332],[103.9004853,1.3202366],[103.9004843,1.3202419],[103.9005315,1.3202512],[103.9005115,1.3203546],[103.9004643,1.3203454],[103.9004633,1.3203507],[103.9004457,1.3203472],[103.9004467,1.3203419],[103.9004436,1.3203413],[103.9004385,1.3203679],[103.9004495,1.3203701],[103.9004505,1.3203648],[103.9004682,1.3203682],[103.9004671,1.3203736],[103.9005143,1.3203828],[103.9004878,1.3205202],[103.9004243,1.3205077],[103.9004284,1.3204864],[103.9004169,1.3204842],[103.9004128,1.3205055],[103.9003881,1.3205007],[103.9004023,1.3204272],[103.9004076,1.3204282],[103.9004173,1.3203781],[103.9004138,1.3203774],[103.9004148,1.3203721],[103.9004183,1.3203728],[103.9004536,1.3201899],[103.9004483,1.3201888],[103.9004491,1.3201848],[103.9004182,1.3201788],[103.9004175,1.3201828],[103.90041,1.3201813],[103.9004107,1.3201773],[103.9003935,1.320174],[103.9003856,1.3202148],[103.9003385,1.3202056],[103.9003367,1.3202145],[103.900331,1.3202133],[103.9003177,1.3202821],[103.9003638,1.3202911],[103.9003611,1.320305],[103.9003817,1.320309],[103.900377,1.3203331],[103.9003902,1.3203357],[103.9003819,1.3203788],[103.9001618,1.3203357]]]}},{"type":"Feature","properties":{"type":"HDB"},"geometry":{"type":"Polygon","coordinates":[[[103.9000545,1.3208914],[103.9000628,1.3208484],[103.9000761,1.320851],[103.9000807,1.3208268],[103.9001013,1.3208309],[103.9001039,1.320817],[103.9001919,1.3208343],[103.9001951,1.3208174],[103.9001912,1.3208166],[103.9001922,1.3208113],[103.9001432,1.3208017],[103.9001472,1.320779],[103.9001362,1.3207768],[103.9001447,1.3207324],[103.9002104,1.3207453],[103.9002158,1.3207178],[103.9001265,1.3207003],[103.9001292,1.3206865],[103.9001086,1.3206825],[103.9001133,1.3206583],[103.9001,1.3206558],[103.9001083,1.3206127],[103.9003284,1.3206557],[103.9003201,1.3206988],[103.9003069,1.3206962],[103.9003022,1.3207204],[103.9002817,1.3207163],[103.9002794,1.3207279],[103.9003445,1.3207407],[103.9003465,1.3207302],[103.9003404,1.320729],[103.9003421,1.3207201],[103.9003482,1.3207213],[103.9003597,1.3206619],[103.9004709,1.3206836],[103.9004626,1.3207267],[103.9004493,1.3207241],[103.9004447,1.3207482],[103.9004241,1.3207442],[103.9004214,1.320758],[103.9003646,1.3207469],[103.9003546,1.3207986],[103.9003661,1.3208008],[103.9003702,1.3207795],[103.9004337,1.320792],[103.9004169,1.3208787],[103.9003942,1.3208743],[103.900392,1.3208859],[103.9004132,1.32089],[103.9004008,1.3209539],[103.9002924,1.3209311],[103.9003068,1.3208567],[103.9003235,1.32086],[103.9003316,1.3208181],[103.9003281,1.3208174],[103.9003291,1.320812],[103.9003327,1.3208127],[103.9003429,1.3207597],[103.9003402,1.3207628],[103.9003349,1.3207618],[103.9003356,1.3207583],[103.9002642,1.3207443],[103.9002491,1.3208224],[103.9002143,1.3208156],[103.9002117,1.3208289],[103.9002179,1.3208301],[103.9002161,1.320839],[103.9002565,1.3208469],[103.9002538,1.3208607],[103.9002743,1.3208647],[103.9002697,1.3208889],[103.9002829,1.3208914],[103.9002746,1.3209345],[103.9000545,1.3208914]]]}},{"type":"Feature","properties":{"type":"HDB"},"geometry":{"type":"Polygon","coordinates":[[[103.9005621,1.3211353],[103.9005904,1.3209888],[103.9006962,1.3210095],[103.900668,1.321156],[103.9005621,1.3211353]]]}},{"type":"Feature","properties":{"type":"HDB"},"geometry":{"type":"Polygon","coordinates":[[[103.9001874,1.3213859],[103.9001791,1.321429],[103.899959,1.3213859],[103.8999673,1.3213429],[103.8999806,1.3213455],[103.8999852,1.3213213],[103.9000058,1.3213253],[103.9000085,1.3213115],[103.9000977,1.321329],[103.900103,1.3213015],[103.9000373,1.3212886],[103.9000459,1.3212442],[103.9000569,1.3212464],[103.9000617,1.3212238],[103.9001107,1.3212334],[103.9001117,1.3212281],[103.9001157,1.3212289],[103.9001189,1.321212],[103.900031,1.3211948],[103.9000337,1.321181],[103.9000131,1.321177],[103.9000178,1.3211528],[103.9000045,1.3211502],[103.9000129,1.3211072],[103.9002329,1.3211502],[103.9002246,1.3211933],[103.9002114,1.3211907],[103.9002067,1.3212148],[103.9001862,1.3212108],[103.9001835,1.3212246],[103.9001432,1.3212167],[103.9001415,1.3212256],[103.9001353,1.3212244],[103.9001327,1.3212377],[103.9001676,1.3212445],[103.9001525,1.3213227],[103.9002239,1.3213366],[103.9002246,1.3213331],[103.9002299,1.3213341],[103.9002312,1.3213381],[103.9002415,1.321285],[103.9002379,1.3212843],[103.900239,1.321279],[103.9002425,1.3212797],[103.9002506,1.3212377],[103.9002338,1.3212345],[103.9002482,1.3211601],[103.9003572,1.3211798],[103.9003449,1.3212437],[103.9003237,1.3212396],[103.9003215,1.3212511],[103.9003442,1.3212556],[103.9003274,1.3213424],[103.900264,1.3213299],[103.9002681,1.3213086],[103.9002566,1.3213064],[103.9002466,1.3213581],[103.9003034,1.3213692],[103.9003008,1.321383],[103.9003213,1.321387],[103.9003166,1.3214112],[103.9003299,1.3214138],[103.9003216,1.3214568],[103.9002104,1.3214351],[103.9002219,1.3213756],[103.9002157,1.3213744],[103.9002174,1.3213655],[103.9002236,1.3213667],[103.9002256,1.3213563],[103.9001605,1.3213436],[103.9001583,1.3213552],[103.9001789,1.3213592],[103.9001742,1.3213833],[103.9001874,1.3213859]]]}},{"type":"Feature","properties":{"type":"HDB"},"geometry":{"type":"Polygon","coordinates":[[[103.9003993,1.321528],[103.9004077,1.321485],[103.9004209,1.3214876],[103.9004256,1.3214634],[103.9004461,1.3214674],[103.9004488,1.3214536],[103.9005056,1.3214647],[103.9005083,1.321451],[103.9004514,1.3214399],[103.9004541,1.3214261],[103.9004335,1.321422],[103.9004382,1.3213979],[103.900425,1.3213953],[103.9004333,1.3213522],[103.9005444,1.321374],[103.9005437,1.321378],[103.9005661,1.3213824],[103.9005517,1.3214572],[103.9006048,1.3214676],[103.9006056,1.3214636],[103.9006109,1.3214646],[103.9006101,1.3214686],[103.9006271,1.3214719],[103.9006414,1.3213978],[103.9006758,1.3214045],[103.9006857,1.3213533],[103.9006822,1.3213526],[103.9006832,1.3213472],[103.9006868,1.3213479],[103.900694,1.3213104],[103.9006887,1.3213094],[103.9006894,1.3213058],[103.9006713,1.3213023],[103.9006696,1.3213111],[103.9006145,1.3213004],[103.9006193,1.3212755],[103.9006257,1.3212768],[103.900628,1.3212652],[103.9006074,1.3212612],[103.9006121,1.321237],[103.9005988,1.3212344],[103.9006071,1.3211914],[103.9008272,1.3212345],[103.9008189,1.3212775],[103.9008057,1.3212749],[103.900801,1.3212991],[103.9007805,1.321295],[103.9007782,1.3213066],[103.9007948,1.3213099],[103.9007732,1.3214217],[103.9007304,1.3214134],[103.900733,1.3214],[103.900709,1.3213954],[103.900713,1.3213747],[103.9007013,1.3213724],[103.9006926,1.3214175],[103.9007569,1.3214301],[103.9007488,1.3214722],[103.9007581,1.3214741],[103.9007538,1.3214962],[103.9007758,1.3215006],[103.9007722,1.3215192],[103.9007384,1.3215126],[103.9007362,1.3215242],[103.9007568,1.3215282],[103.9007521,1.3215523],[103.9007653,1.3215549],[103.900757,1.321598],[103.9005369,1.3215549],[103.9005453,1.3215119],[103.9005585,1.3215145],[103.9005632,1.3214903],[103.9005837,1.3214943],[103.9005859,1.3214828],[103.9005257,1.321471],[103.9005105,1.3215498],[103.9003993,1.321528]]]}},{"type":"Feature","properties":{"type":"HDB"},"geometry":{"type":"Polygon","coordinates":[[[103.899663,1.3253153],[103.8996103,1.3253048],[103.8996068,1.3253226],[103.8992343,1.32525],[103.8992355,1.3252439],[103.8992257,1.3252419],[103.8992162,1.3252923],[103.8992257,1.3252941],[103.8992091,1.3253824],[103.8991125,1.3253636],[103.8991308,1.3252665],[103.8991484,1.3252699],[103.8991557,1.325231],[103.8991388,1.3252277],[103.8991584,1.3251239],[103.8992319,1.3251379],[103.899231,1.3251424],[103.8993427,1.3251641],[103.8993434,1.3251606],[103.89954,1.3251989],[103.8995393,1.3252024],[103.8997664,1.3252466],[103.8997671,1.3252426],[103.8999639,1.3252809],[103.8999632,1.3252846],[103.9001619,1.3253233],[103.9001627,1.3253195],[103.9002636,1.3253391],[103.9002423,1.325448],[103.9000546,1.3254109],[103.9000619,1.3253733],[103.9000378,1.3253686],[103.9000305,1.3254062],[103.8996595,1.3253328],[103.899663,1.3253153]]]}},{"type":"Feature","properties":{"type":"HDB"},"geometry":{"type":"Polygon","coordinates":[[[103.9004949,1.3254976],[103.9003072,1.3254605],[103.9003287,1.3253521],[103.9011512,1.325514],[103.9011297,1.3256224],[103.9009413,1.3255851],[103.9009449,1.325567],[103.9008945,1.325557],[103.9008909,1.3255751],[103.9005194,1.3255024],[103.9005215,1.325492],[103.900497,1.3254872],[103.9004949,1.3254976]]]}},{"type":"Feature","properties":{"type":"HDB"},"geometry":{"type":"Polygon","coordinates":[[[103.8997473,1.3256023],[103.8997445,1.3256167],[103.8997716,1.325622],[103.8997743,1.3256076],[103.8998512,1.3256227],[103.8998484,1.3256371],[103.8998854,1.3256444],[103.8998882,1.3256299],[103.8999211,1.3256364],[103.8999123,1.3256822],[103.8999371,1.3256871],[103.899946,1.3256413],[103.89996,1.3256441],[103.8999572,1.3256585],[103.8999851,1.325664],[103.8999879,1.3256495],[103.9000642,1.3256646],[103.9000615,1.325679],[103.9000862,1.3256839],[103.900089,1.3256695],[103.9001062,1.3256728],[103.900084,1.325786],[103.899365,1.3256446],[103.8993868,1.3255315],[103.8994036,1.3255348],[103.8994008,1.3255492],[103.8994268,1.3255543],[103.8994296,1.3255399],[103.8995068,1.325555],[103.8995041,1.3255694],[103.899532,1.3255749],[103.8995348,1.3255605],[103.8995501,1.3255635],[103.8995473,1.3255779],[103.8995723,1.3255828],[103.8995751,1.3255684],[103.8995901,1.3255714],[103.8995873,1.3255858],[103.8996173,1.3255917],[103.8996201,1.3255773],[103.8996935,1.3255917],[103.8996907,1.3256061],[103.8997188,1.3256116],[103.8997216,1.3255972],[103.8997473,1.3256023]]]}},{"type":"Feature","properties":{"type":"HDB"},"geometry":{"type":"Polygon","coordinates":[[[103.9010177,1.3258722],[103.9010213,1.325854],[103.9010352,1.3258568],[103.9010131,1.32597],[103.900136,1.3257968],[103.9001582,1.3256829],[103.9001749,1.3256865],[103.9001714,1.3257048],[103.9002003,1.3257107],[103.9002056,1.3256834],[103.9002349,1.3256891],[103.9002359,1.3257044],[103.9002455,1.3257067],[103.9002537,1.3256928],[103.900283,1.3256986],[103.9002777,1.325726],[103.900303,1.325731],[103.9003064,1.3257134],[103.9003243,1.3257169],[103.9003208,1.3257345],[103.9003439,1.3257391],[103.9003473,1.3257215],[103.9003647,1.3257249],[103.9003613,1.3257425],[103.9003903,1.3257482],[103.9003956,1.3257208],[103.9004266,1.325727],[103.9004282,1.3257414],[103.9004371,1.3257432],[103.9004442,1.3257304],[103.9004694,1.3257354],[103.900464,1.3257627],[103.9004905,1.325768],[103.9004941,1.3257499],[103.9005255,1.3257561],[103.900522,1.3257742],[103.9005464,1.325779],[103.90055,1.3257609],[103.9006274,1.3257762],[103.9006238,1.3257943],[103.9006521,1.3257999],[103.9006557,1.3257818],[103.9006825,1.3257871],[103.900679,1.3258052],[103.9007055,1.3258104],[103.900709,1.3257923],[103.9007758,1.3258055],[103.9007664,1.325854],[103.9007914,1.325859],[103.9007982,1.3258243],[103.9007926,1.3258232],[103.9007953,1.3258093],[103.9008363,1.3258174],[103.9008327,1.3258355],[103.9008601,1.325841],[103.9008636,1.3258228],[103.9008891,1.3258279],[103.9008855,1.325846],[103.9009134,1.3258515],[103.900917,1.3258334],[103.9009939,1.3258486],[103.9009904,1.3258667],[103.9010177,1.3258722]]]}},{"type":"Feature","properties":{"type":"HDB"},"geometry":{"type":"Polygon","coordinates":[[[103.9019447,1.3232995],[103.9028182,1.3234045],[103.9028088,1.3234897],[103.9027942,1.3234879],[103.9027933,1.3235086],[103.9027779,1.3235067],[103.902777,1.3235121],[103.9027219,1.3235055],[103.9027221,1.3235001],[103.9027062,1.3234983],[103.9027086,1.3234775],[103.9026855,1.3234746],[103.9026823,1.3234954],[103.9026698,1.3234939],[103.9026693,1.3234992],[103.902613,1.3234925],[103.9026136,1.3234873],[103.9025999,1.3234856],[103.9026019,1.3234645],[103.9025205,1.3234546],[103.9025187,1.323476],[103.9025039,1.3234743],[103.9025036,1.3234793],[103.9024491,1.3234728],[103.90245,1.3234679],[103.9024347,1.3234661],[103.9024366,1.3234444],[103.90241,1.3234411],[103.902407,1.3234628],[103.9023943,1.3234613],[103.9023936,1.3234661],[103.9023382,1.3234595],[103.9023387,1.3234547],[103.9023267,1.3234533],[103.9023298,1.3234314],[103.9023068,1.3234286],[103.902304,1.3234506],[103.9022895,1.3234489],[103.902289,1.3234536],[103.9022344,1.3234471],[103.9022355,1.3234424],[103.9022214,1.3234408],[103.9022236,1.3234185],[103.9021394,1.3234082],[103.9021372,1.3234308],[103.9021242,1.3234293],[103.9021235,1.3234338],[103.9020686,1.3234272],[103.9020689,1.3234228],[103.9020559,1.3234212],[103.9020579,1.3233983],[103.9020325,1.3233952],[103.9020298,1.3234181],[103.9020187,1.3234168],[103.9020183,1.3234211],[103.9019582,1.3234139],[103.9019588,1.3234096],[103.9019457,1.323408],[103.9019484,1.323385],[103.9019348,1.3233833],[103.9019447,1.3232995]]]}},{"type":"Feature","properties":{"type":"HDB"},"geometry":{"type":"Polygon","coordinates":[[[103.9039307,1.3236383],[103.9048024,1.3237416],[103.9047924,1.3238272],[103.9047784,1.3238255],[103.9047755,1.3238444],[103.9047618,1.3238427],[103.9047607,1.3238507],[103.9047086,1.3238446],[103.9047097,1.3238364],[103.9046935,1.3238345],[103.9046958,1.3238156],[103.9046716,1.3238127],[103.9046686,1.3238314],[103.9046564,1.32383],[103.9046549,1.3238384],[103.9046006,1.323832],[103.9046016,1.3238234],[103.9045861,1.3238215],[103.904588,1.3238027],[103.9045081,1.3237932],[103.9045048,1.3238119],[103.9044922,1.3238103],[103.9044896,1.3238191],[103.904434,1.3238126],[103.9044337,1.3238034],[103.9044207,1.3238018],[103.9044218,1.3237829],[103.9043964,1.3237798],[103.9043921,1.3237984],[103.9043785,1.3237968],[103.9043778,1.323806],[103.9043252,1.3237999],[103.9043277,1.3237907],[103.904315,1.3237892],[103.9043185,1.3237705],[103.9042932,1.3237675],[103.9042904,1.3237862],[103.9042778,1.3237847],[103.9042773,1.3237943],[103.904221,1.3237877],[103.9042223,1.3237781],[103.9042078,1.3237764],[103.9042098,1.3237576],[103.9041277,1.3237478],[103.9041245,1.3237664],[103.9041122,1.323765],[103.9041085,1.3237746],[103.9040551,1.3237684],[103.9040566,1.3237583],[103.904042,1.3237566],[103.9040449,1.3237379],[103.9040217,1.3237351],[103.9040185,1.3237537],[103.9040064,1.3237523],[103.9040039,1.3237624],[103.9039474,1.3237559],[103.9039494,1.3237455],[103.903935,1.3237438],[103.9039373,1.3237251],[103.9039208,1.3237231],[103.9039307,1.3236383]]]}},{"type":"Feature","properties":{"type":"HDB"},"geometry":{"type":"Polygon","coordinates":[[[103.9027621,1.3238837],[103.9018862,1.3237796],[103.9018964,1.3236916],[103.9019114,1.3236934],[103.9019139,1.3236722],[103.901928,1.323673],[103.9019964,1.323682],[103.901994,1.3237032],[103.9020202,1.3237063],[103.9020227,1.3236852],[103.9020365,1.3236859],[103.9021051,1.3236949],[103.9021026,1.3237161],[103.9021832,1.3237256],[103.9021856,1.3237045],[103.9021997,1.3237053],[103.9022681,1.3237143],[103.9022657,1.3237355],[103.9022946,1.3237389],[103.9022971,1.3237176],[103.9023111,1.3237184],[103.9023795,1.3237274],[103.902377,1.3237487],[103.9024032,1.3237518],[103.9024057,1.3237305],[103.9024198,1.3237313],[103.9024881,1.3237403],[103.9024857,1.3237616],[103.9025662,1.3237712],[103.9025687,1.3237499],[103.9026511,1.3237597],[103.9026486,1.323781],[103.902675,1.3237842],[103.9026775,1.3237628],[103.9027599,1.3237727],[103.9027575,1.3237939],[103.9027724,1.3237958],[103.9027621,1.3238837]]]}},{"type":"Feature","properties":{"type":"HDB"},"geometry":{"type":"Polygon","coordinates":[[[103.9030278,1.3238677],[103.9030389,1.3237728],[103.9030939,1.3237794],[103.903095,1.3237705],[103.9031354,1.3237752],[103.9031343,1.3237842],[103.903161,1.3237874],[103.903162,1.3237784],[103.9032023,1.3237832],[103.9032012,1.3237922],[103.9033154,1.3238058],[103.9033164,1.3237968],[103.903357,1.3238016],[103.9033559,1.3238106],[103.9033824,1.3238138],[103.9033834,1.3238048],[103.903424,1.3238096],[103.9034229,1.3238186],[103.9035347,1.323832],[103.9035358,1.323823],[103.903576,1.3238278],[103.903575,1.3238367],[103.9036017,1.32384],[103.9036028,1.323831],[103.9036432,1.3238358],[103.9036422,1.3238447],[103.9036992,1.3238516],[103.9036996,1.323858],[103.9036879,1.3239464],[103.9036158,1.3239378],[103.9036147,1.3239476],[103.9035379,1.3239384],[103.903539,1.3239287],[103.9033963,1.3239117],[103.9033951,1.3239214],[103.9033181,1.3239122],[103.9033193,1.3239024],[103.9031773,1.3238855],[103.9031761,1.3238953],[103.9030991,1.323886],[103.9031002,1.3238763],[103.9030278,1.3238677]]]}},{"type":"Feature","properties":{"type":"HDB"},"geometry":{"type":"Polygon","coordinates":[[[103.902774,1.3241665],[103.90365,1.3242702],[103.9036397,1.3243582],[103.9036248,1.3243564],[103.9036195,1.3244017],[103.903595,1.3243988],[103.9035976,1.3243757],[103.9035643,1.3243718],[103.9035616,1.3243948],[103.9035371,1.3243919],[103.9035423,1.3243467],[103.9035159,1.3243435],[103.9035107,1.3243888],[103.9034862,1.3243859],[103.9034888,1.3243628],[103.9034554,1.3243589],[103.9034527,1.3243819],[103.9034282,1.324379],[103.9034335,1.3243338],[103.9033529,1.3243243],[103.9033477,1.3243695],[103.9033231,1.3243666],[103.9033258,1.3243435],[103.9032925,1.3243396],[103.9032898,1.3243626],[103.9032652,1.3243597],[103.9032705,1.3243145],[103.9032443,1.3243114],[103.903239,1.3243566],[103.9032145,1.3243537],[103.9032172,1.3243307],[103.9031838,1.3243267],[103.9031812,1.3243497],[103.9031566,1.3243468],[103.9031619,1.3243016],[103.903133,1.3242982],[103.9031277,1.3243434],[103.9031031,1.3243405],[103.9031058,1.3243173],[103.9030724,1.3243134],[103.9030697,1.3243365],[103.9030452,1.3243336],[103.9030504,1.3242884],[103.9029699,1.3242789],[103.9029646,1.324324],[103.9029401,1.3243211],[103.9029428,1.324298],[103.9029094,1.3242941],[103.9029068,1.3243172],[103.9028822,1.3243143],[103.9028875,1.3242691],[103.9028612,1.324266],[103.902856,1.3243112],[103.9028314,1.3243083],[103.9028341,1.3242852],[103.9028007,1.3242812],[103.902798,1.3243043],[103.9027734,1.3243014],[103.9027787,1.3242562],[103.9027637,1.3242544],[103.902774,1.3241665]]]}},{"type":"Feature","properties":{"type":"HDB"},"geometry":{"type":"Polygon","coordinates":[[[103.9018249,1.3243143],[103.9018359,1.3242195],[103.9018909,1.3242261],[103.901892,1.3242171],[103.9019324,1.3242219],[103.9019314,1.3242309],[103.901958,1.3242341],[103.9019591,1.3242251],[103.9019993,1.3242299],[103.9019983,1.3242389],[103.9021125,1.3242525],[103.9021135,1.3242435],[103.902154,1.3242483],[103.9021529,1.3242573],[103.9021794,1.3242605],[103.9021805,1.3242515],[103.902221,1.3242563],[103.9022199,1.3242653],[103.9023318,1.3242786],[103.9023328,1.3242697],[103.9023731,1.3242745],[103.902372,1.3242834],[103.9023988,1.3242866],[103.9023999,1.3242776],[103.9024402,1.3242825],[103.9024392,1.3242914],[103.9024963,1.3242982],[103.9024966,1.3243046],[103.902485,1.3243931],[103.9024129,1.3243845],[103.9024117,1.3243943],[103.9023349,1.3243851],[103.9023361,1.3243753],[103.9021933,1.3243583],[103.9021922,1.3243681],[103.9021152,1.3243589],[103.9021163,1.3243491],[103.9019743,1.3243321],[103.9019732,1.324342],[103.9018961,1.3243327],[103.9018973,1.324323],[103.9018249,1.3243143]]]}},{"type":"Feature","properties":{"type":"HDB"},"geometry":{"type":"Polygon","coordinates":[[[103.9028164,1.3246369],[103.9028014,1.3246351],[103.9028117,1.3245471],[103.9036877,1.3246508],[103.9036775,1.3247388],[103.9036625,1.3247371],[103.9036572,1.3247824],[103.9036327,1.3247794],[103.9036354,1.3247563],[103.903602,1.3247524],[103.9035993,1.3247755],[103.9035748,1.3247726],[103.90358,1.3247273],[103.9035536,1.3247242],[103.9035483,1.3247695],[103.9035238,1.3247665],[103.9035265,1.3247435],[103.9034931,1.3247395],[103.9034905,1.3247626],[103.9034659,1.3247597],[103.9034712,1.3247144],[103.9033906,1.3247049],[103.9033854,1.3247501],[103.9033608,1.3247472],[103.9033635,1.3247242],[103.9033302,1.3247202],[103.9033275,1.3247433],[103.9033029,1.3247404],[103.9033082,1.3246952],[103.903282,1.324692],[103.9032767,1.3247372],[103.9032522,1.3247343],[103.9032549,1.3247113],[103.9032215,1.3247074],[103.9032188,1.3247304],[103.9031943,1.3247275],[103.9031996,1.3246823],[103.9031706,1.3246788],[103.9031654,1.324724],[103.9031409,1.3247211],[103.9031436,1.324698],[103.9031101,1.324694],[103.9031074,1.3247172],[103.9030829,1.3247143],[103.9030881,1.3246691],[103.9030076,1.3246595],[103.9030023,1.3247047],[103.9029777,1.3247018],[103.9029805,1.3246787],[103.9029471,1.3246747],[103.9029444,1.3246978],[103.9029199,1.3246949],[103.9029252,1.3246497],[103.9028989,1.3246466],[103.9028937,1.3246918],[103.9028692,1.3246889],[103.9028718,1.3246658],[103.9028384,1.3246618],[103.9028357,1.324685],[103.9028112,1.324682],[103.9028164,1.3246369]]]}},{"type":"Feature","properties":{"type":"HDB"},"geometry":{"type":"Polygon","coordinates":[[[103.9018002,1.3246587],[103.9018305,1.3246623],[103.9018281,1.3246805],[103.9018549,1.3246837],[103.9018561,1.3246739],[103.9019332,1.3246831],[103.901932,1.3246928],[103.901958,1.3246959],[103.9019606,1.3246782],[103.9019905,1.3246815],[103.9019884,1.3246996],[103.9020174,1.324703],[103.9020196,1.3246848],[103.9020495,1.3246886],[103.9020476,1.3247066],[103.902074,1.3247097],[103.9020752,1.3247],[103.9021521,1.3247091],[103.902151,1.3247189],[103.9021776,1.3247221],[103.9021797,1.3247043],[103.9022097,1.3247079],[103.9022078,1.3247257],[103.9022371,1.3247292],[103.9022392,1.3247112],[103.902269,1.3247148],[103.902267,1.3247327],[103.9022938,1.3247359],[103.9022949,1.3247261],[103.9023717,1.3247353],[103.9023705,1.3247451],[103.902397,1.3247482],[103.9023992,1.3247303],[103.9024292,1.3247339],[103.902427,1.3247518],[103.9024427,1.3247537],[103.9024431,1.3247601],[103.9024317,1.3248486],[103.9023746,1.3248418],[103.9023735,1.3248507],[103.9023331,1.3248459],[103.9023342,1.3248369],[103.9023074,1.3248338],[103.9023064,1.3248427],[103.9022661,1.3248379],[103.9022672,1.324829],[103.9021553,1.3248156],[103.9021543,1.3248246],[103.9021138,1.3248198],[103.9021148,1.3248108],[103.9020883,1.3248076],[103.9020873,1.3248166],[103.9020468,1.3248118],[103.9020478,1.3248028],[103.9019337,1.3247892],[103.9019326,1.3247982],[103.9018924,1.3247934],[103.9018934,1.3247844],[103.9018668,1.3247812],[103.9018657,1.3247902],[103.9018253,1.3247854],[103.9018263,1.3247764],[103.9017713,1.3247698],[103.9017809,1.3246812],[103.9017825,1.324675],[103.9017982,1.3246769],[103.9018002,1.3246587]]]}},{"type":"Feature","properties":{"type":"HDB"},"geometry":{"type":"Polygon","coordinates":[[[103.9037144,1.3250051],[103.9037089,1.3250515],[103.9037238,1.3250532],[103.9037135,1.3251413],[103.9028376,1.3250371],[103.9028479,1.3249491],[103.9028629,1.3249509],[103.9028683,1.3249044],[103.9028928,1.3249073],[103.90289,1.3249317],[103.9029234,1.3249357],[103.9029263,1.3249113],[103.9029508,1.3249142],[103.9029454,1.3249607],[103.9029716,1.3249638],[103.902977,1.3249174],[103.9030016,1.3249203],[103.9029987,1.3249447],[103.9030321,1.3249486],[103.9030349,1.3249242],[103.9030595,1.3249272],[103.903054,1.3249735],[103.9031346,1.3249831],[103.90314,1.3249367],[103.9031646,1.3249397],[103.9031617,1.324964],[103.9031951,1.324968],[103.903198,1.3249436],[103.9032225,1.3249465],[103.9032171,1.324993],[103.903246,1.3249964],[103.9032515,1.32495],[103.903276,1.3249529],[103.9032731,1.3249771],[103.9033065,1.3249811],[103.9033094,1.3249569],[103.9033339,1.3249598],[103.9033284,1.3250062],[103.9033546,1.3250093],[103.9033601,1.3249629],[103.9033846,1.3249658],[103.9033818,1.32499],[103.9034151,1.324994],[103.903418,1.3249698],[103.9034425,1.3249727],[103.9034371,1.3250191],[103.9035176,1.3250287],[103.903523,1.3249823],[103.9035476,1.3249852],[103.9035448,1.3250094],[103.9035781,1.3250134],[103.9035809,1.3249892],[103.9036055,1.3249921],[103.9036001,1.3250385],[103.9036264,1.3250416],[103.9036319,1.3249952],[103.9036564,1.3249982],[103.9036536,1.3250224],[103.903687,1.3250263],[103.9036898,1.3250021],[103.9037144,1.3250051]]]}},{"type":"Feature","properties":{"type":"HDB"},"geometry":{"type":"Polygon","coordinates":[[[103.9015615,1.3255886],[103.9016557,1.3256109],[103.901654,1.3256158],[103.9018331,1.3256574],[103.9018372,1.3256518],[103.902021,1.3256946],[103.9020193,1.3257011],[103.9022256,1.3257509],[103.9022275,1.3257427],[103.902415,1.325787],[103.9024132,1.3257947],[103.9025917,1.3258369],[103.9025934,1.3258296],[103.9026891,1.3258523],[103.9026614,1.3259712],[103.9026454,1.3259674],[103.9026506,1.3259454],[103.9026115,1.3259361],[103.9026064,1.3259581],[103.9025344,1.3259411],[103.9025386,1.3259234],[103.9025112,1.3259169],[103.9025072,1.325934],[103.9024901,1.3259299],[103.9024942,1.3259123],[103.9024705,1.3259067],[103.9024664,1.3259244],[103.9024493,1.3259204],[103.9024534,1.3259027],[103.9024248,1.325896],[103.9024205,1.3259142],[103.902348,1.3258971],[103.9023529,1.3258759],[103.9023138,1.3258667],[103.9023089,1.3258877],[103.9022803,1.3258809],[103.902285,1.3258608],[103.9022422,1.3258507],[103.9022373,1.3258716],[103.9021657,1.3258547],[103.9021698,1.325837],[103.9021395,1.3258299],[103.9021353,1.3258477],[103.902095,1.3258382],[103.9021071,1.3257862],[103.902081,1.32578],[103.9020689,1.3258318],[103.9020543,1.3258284],[103.9020586,1.3258101],[103.902031,1.3258036],[103.9020269,1.3258216],[103.9019561,1.3258048],[103.9019612,1.3257834],[103.9019204,1.3257738],[103.9019152,1.3257959],[103.9018869,1.3257892],[103.9018918,1.3257683],[103.9018532,1.3257591],[103.9018458,1.325791],[103.9018195,1.3257848],[103.9018146,1.3257677],[103.9018085,1.3257663],[103.9017954,1.3257791],[103.9017716,1.3257735],[103.9017782,1.3257452],[103.901752,1.325739],[103.901748,1.3257563],[103.9017317,1.3257524],[103.9017359,1.3257346],[103.9017113,1.3257289],[103.9017071,1.3257468],[103.9016912,1.3257431],[103.9016955,1.3257248],[103.9016671,1.3257181],[103.9016602,1.3257476],[103.9016392,1.3257426],[103.9016356,1.3257259],[103.9016279,1.3257248],[103.9016151,1.3257369],[103.9015891,1.3257308],[103.9015968,1.3256978],[103.9015603,1.3256892],[103.9015555,1.3257097],[103.9015335,1.3257045],[103.9015615,1.3255886]]]}},{"type":"Feature","properties":{"type":"HDB"},"geometry":{"type":"Polygon","coordinates":[[[103.9012952,1.3260956],[103.9011792,1.3260723],[103.9012063,1.3259229],[103.9012267,1.325927],[103.9012313,1.3259039],[103.9012096,1.3258995],[103.9012265,1.3258149],[103.9012514,1.3258199],[103.9012535,1.3258095],[103.9012478,1.3258083],[103.901253,1.3257823],[103.9012345,1.3257785],[103.9012869,1.3255151],[103.9014058,1.3255391],[103.9012952,1.3260956]]]}},{"type":"Feature","properties":{"type":"HDB"},"geometry":{"type":"Polygon","coordinates":[[[103.9014821,1.3259918],[103.9015046,1.325896],[103.9014981,1.3258945],[103.90152,1.3258009],[103.9016367,1.3258286],[103.9016333,1.3258434],[103.9016132,1.3258386],[103.9016039,1.3258782],[103.9016349,1.3258856],[103.9016287,1.3259121],[103.9016146,1.3259171],[103.9016127,1.3259236],[103.9016233,1.325935],[103.9016175,1.3259596],[103.9015886,1.3259528],[103.9015823,1.3259798],[103.9016,1.325984],[103.9015964,1.3259995],[103.901579,1.3259954],[103.9015644,1.3260576],[103.9015818,1.3260617],[103.9015646,1.3261353],[103.9015484,1.3261315],[103.901553,1.326112],[103.9014976,1.3260989],[103.9014897,1.3261323],[103.9014638,1.3261261],[103.9014601,1.3261109],[103.9014535,1.3261085],[103.9014443,1.3261215],[103.9014156,1.3261147],[103.9014232,1.3260821],[103.9013839,1.3260728],[103.9013793,1.3260926],[103.9013625,1.3260886],[103.9013893,1.3259697],[103.9014821,1.3259918]]]}},{"type":"Feature","properties":{"type":"HDB"},"geometry":{"type":"Polygon","coordinates":[[[103.9027934,1.3259174],[103.9028046,1.32592],[103.9028125,1.3258871],[103.9029392,1.3259178],[103.9029286,1.325962],[103.902871,1.325948],[103.9028608,1.3259909],[103.9029172,1.3260045],[103.9029068,1.326048],[103.9028633,1.3260374],[103.9028576,1.3260608],[103.9029007,1.3260712],[103.9028902,1.3261151],[103.9028318,1.3261011],[103.9028217,1.3261437],[103.9028791,1.3261576],[103.9028685,1.3262019],[103.9027407,1.326171],[103.9027476,1.3261397],[103.9027407,1.326138],[103.9027934,1.3259174]]]}},{"type":"Feature","properties":{"type":"HDB"},"geometry":{"type":"Polygon","coordinates":[[[103.9016746,1.3259847],[103.901671,1.3260001],[103.9016992,1.3260068],[103.9017056,1.3259791],[103.9017283,1.3259845],[103.9017326,1.326],[103.9017387,1.3260019],[103.9017499,1.3259896],[103.9017787,1.3259964],[103.9017722,1.326024],[103.9018001,1.3260306],[103.9018041,1.3260136],[103.9018159,1.3260164],[103.9018114,1.3260357],[103.9018356,1.3260414],[103.9018399,1.3260228],[103.9018546,1.3260263],[103.9018507,1.3260429],[103.9018757,1.3260488],[103.9018826,1.3260189],[103.9019093,1.3260252],[103.9019129,1.3260422],[103.9019213,1.3260439],[103.9019314,1.3260304],[103.9019599,1.3260371],[103.9019527,1.3260679],[103.9019773,1.3260737],[103.9019811,1.3260575],[103.9020125,1.3260649],[103.9020089,1.3260804],[103.9020337,1.3260862],[103.9020374,1.3260703],[103.9021119,1.3260879],[103.9021077,1.3261061],[103.9021363,1.3261128],[103.9021409,1.3260933],[103.9021699,1.3261001],[103.9021657,1.3261181],[103.902192,1.3261243],[103.9021961,1.3261066],[103.9022612,1.326122],[103.90225,1.3261701],[103.9022747,1.3261759],[103.9022833,1.326139],[103.9022776,1.3261377],[103.9022803,1.3261261],[103.9023225,1.326136],[103.9023186,1.3261525],[103.9023477,1.3261594],[103.9023518,1.3261418],[103.9023817,1.3261489],[103.9023773,1.3261679],[103.9024005,1.3261734],[103.9024048,1.3261545],[103.9024829,1.3261729],[103.9024788,1.3261907],[103.9025047,1.3261968],[103.9025091,1.3261778],[103.9025267,1.326182],[103.9024997,1.3262981],[103.9016273,1.3260923],[103.9016566,1.3259805],[103.9016746,1.3259847]]]}},{"type":"Feature","properties":{"type":"HDB"},"geometry":{"type":"Polygon","coordinates":[[[103.9013801,1.3264361],[103.9014022,1.3263415],[103.9013087,1.3263193],[103.9013359,1.3262029],[103.9013537,1.3262071],[103.9013488,1.326228],[103.9013896,1.3262376],[103.9013977,1.3262028],[103.9014211,1.3262083],[103.9014258,1.3262245],[103.9014326,1.3262264],[103.9014426,1.3262134],[103.90147,1.3262199],[103.9014623,1.326253],[103.9015171,1.3262659],[103.9015219,1.3262451],[103.9015376,1.3262488],[103.9015201,1.3263236],[103.9015032,1.3263196],[103.9014889,1.3263811],[103.9015064,1.3263852],[103.9015029,1.3264002],[103.9014855,1.326396],[103.9014792,1.3264227],[103.9015095,1.3264298],[103.9015041,1.3264533],[103.9014864,1.3264588],[103.9014844,1.3264656],[103.9014982,1.3264785],[103.9014922,1.3265042],[103.9014585,1.3264963],[103.9014491,1.3265367],[103.9014693,1.3265415],[103.9014657,1.3265568],[103.9013484,1.3265291],[103.9013715,1.326434],[103.9013801,1.3264361]]]}},{"type":"Feature","properties":{"type":"HDB"},"geometry":{"type":"Polygon","coordinates":[[[103.9027238,1.3263422],[103.9026927,1.3263346],[103.9027195,1.3262225],[103.9027631,1.326233],[103.9027517,1.3262804],[103.9027957,1.3262911],[103.9028071,1.326243],[103.9028498,1.3262533],[103.9028421,1.3262855],[103.9028678,1.3262917],[103.9028756,1.3262591],[103.9029194,1.3262697],[103.9029084,1.3263157],[103.9029509,1.326326],[103.9029619,1.3262797],[103.9030464,1.3263002],[103.9030359,1.3263445],[103.9030771,1.3263545],[103.9030882,1.3263082],[103.903171,1.3263282],[103.9031604,1.3263725],[103.9032035,1.3263829],[103.9032145,1.3263373],[103.9032576,1.3263477],[103.9032485,1.3263856],[103.9033237,1.3264038],[103.9033448,1.3263785],[103.9033803,1.3264066],[103.9033505,1.3264447],[103.9033848,1.3264717],[103.9034142,1.326434],[103.9034504,1.3264626],[103.9033787,1.3265546],[103.9033538,1.326535],[103.9033452,1.3265461],[103.9032662,1.3264829],[103.9027216,1.3263511],[103.9027238,1.3263422]]]}},{"type":"Feature","properties":{"type":"HDB"},"geometry":{"type":"Polygon","coordinates":[[[103.9011768,1.3267166],[103.9010583,1.326694],[103.9010856,1.3265477],[103.9011063,1.3265514],[103.9011104,1.3265287],[103.9010915,1.3265252],[103.9011068,1.3264404],[103.9011288,1.3264445],[103.9011264,1.32643],[103.9011308,1.3264061],[103.9011354,1.3264038],[103.9011376,1.3263961],[103.9011183,1.3263925],[103.9011331,1.3263109],[103.9011528,1.3263145],[103.9011567,1.3262929],[103.9011382,1.3262895],[103.9011646,1.3261435],[103.9012769,1.3261641],[103.9011768,1.3267166]]]}},{"type":"Feature","properties":{"type":"HDB"},"geometry":{"type":"Polygon","coordinates":[[[103.9015805,1.3263032],[103.9024501,1.3265089],[103.9024244,1.326619],[103.9024063,1.3266148],[103.90241,1.3265986],[103.9023832,1.3265923],[103.9023766,1.3266206],[103.9023518,1.3266147],[103.9023475,1.3265989],[103.9023392,1.3265964],[103.9023282,1.3266092],[103.9022989,1.3266022],[103.9023053,1.3265748],[103.9022783,1.3265684],[103.9022749,1.3265831],[103.9022608,1.3265798],[103.9022648,1.3265627],[103.90224,1.3265568],[103.9022356,1.3265755],[103.902221,1.3265721],[103.9022249,1.3265554],[103.9021987,1.3265492],[103.9021919,1.3265781],[103.902167,1.3265722],[103.9021637,1.3265584],[103.9021565,1.3265565],[103.9021451,1.326567],[103.9021173,1.3265604],[103.9021243,1.3265306],[103.9020984,1.3265244],[103.9020944,1.3265417],[103.9020629,1.3265342],[103.9020668,1.3265174],[103.9020425,1.3265117],[103.9020386,1.3265286],[103.9019618,1.3265104],[103.9019659,1.3264928],[103.9019418,1.3264871],[103.9019378,1.3265042],[103.9019089,1.3264974],[103.9019126,1.3264816],[103.9018869,1.3264756],[103.9018835,1.3264902],[103.9018174,1.3264746],[103.901828,1.3264292],[103.901803,1.3264233],[103.9017944,1.32646],[103.9017987,1.3264611],[103.9017961,1.3264721],[103.9017527,1.3264618],[103.9017563,1.326446],[103.9017308,1.32644],[103.9017272,1.3264551],[103.9016955,1.3264476],[103.9016992,1.3264314],[103.9016736,1.3264253],[103.9016696,1.3264424],[103.9015962,1.326425],[103.9016004,1.326407],[103.9015719,1.3264003],[103.9015677,1.326418],[103.9015538,1.3264148],[103.9015805,1.3263032]]]}},{"type":"Feature","properties":{"type":"HDB"},"geometry":{"type":"Polygon","coordinates":[[[103.9036894,1.326192],[103.9037719,1.3262475],[103.9037682,1.3262529],[103.904075,1.3264595],[103.9040796,1.3264526],[103.9042382,1.3265594],[103.9042335,1.3265665],[103.9043836,1.3266675],[103.9043882,1.3266606],[103.9044682,1.3267145],[103.9044005,1.3268164],[103.9043859,1.3268066],[103.9043974,1.3267892],[103.9043627,1.3267658],[103.9043442,1.3267935],[103.9043211,1.3267779],[103.9043203,1.3267625],[103.9043153,1.3267593],[103.9043038,1.3267662],[103.9042799,1.3267501],[103.9042971,1.3267242],[103.904275,1.3267093],[103.9042645,1.3267251],[103.9042507,1.3267158],[103.9042612,1.3267],[103.9042402,1.3266859],[103.9042291,1.3267026],[103.9042158,1.3266916],[103.9042258,1.3266766],[103.9042024,1.3266609],[103.9041854,1.3266865],[103.9041648,1.3266726],[103.9041673,1.3266594],[103.9041619,1.3266558],[103.904148,1.3266613],[103.9041252,1.3266459],[103.9041435,1.3266184],[103.9041109,1.3265964],[103.9040992,1.3266141],[103.904075,1.3265979],[103.9040867,1.3265803],[103.9040509,1.3265562],[103.9040387,1.3265746],[103.9039786,1.3265342],[103.9039893,1.326518],[103.9039663,1.3265026],[103.9039555,1.3265189],[103.9039301,1.3265019],[103.9039405,1.3264863],[103.9039173,1.3264707],[103.9039068,1.3264865],[103.9038547,1.3264515],[103.9038849,1.326407],[103.9038622,1.3263918],[103.9038384,1.3264276],[103.9038425,1.3264304],[103.9038367,1.3264391],[103.9038034,1.3264167],[103.9038142,1.3264005],[103.9037907,1.3263847],[103.9037801,1.3264007],[103.9037546,1.3263835],[103.9037648,1.3263681],[103.9037415,1.3263524],[103.9037312,1.3263679],[103.9036706,1.326327],[103.9036821,1.3263097],[103.9036471,1.3262861],[103.9036358,1.326303],[103.903621,1.326293],[103.9036894,1.326192]]]}},{"type":"Feature","properties":{"type":"HDB"},"geometry":{"type":"Polygon","coordinates":[[[103.9033859,1.3267148],[103.9034131,1.3266799],[103.9033683,1.3266446],[103.9033952,1.3266101],[103.9034303,1.3266378],[103.9034473,1.3266159],[103.9034121,1.326588],[103.9034393,1.3265531],[103.9034855,1.3265897],[103.9035128,1.3265546],[103.9034686,1.3265197],[103.9034951,1.3264858],[103.9035401,1.3265214],[103.9035562,1.3265008],[103.9035104,1.3264646],[103.9035378,1.3264295],[103.9035843,1.3264662],[103.9036102,1.326433],[103.9035659,1.326398],[103.9035958,1.3263596],[103.9036945,1.3264376],[103.9036739,1.3264641],[103.9036872,1.3264746],[103.9034483,1.3267809],[103.9034347,1.3267702],[103.9034149,1.3267956],[103.9033133,1.3267153],[103.9033413,1.3266796],[103.9033859,1.3267148]]]}},{"type":"Feature","properties":{"type":"HDB"},"geometry":{"type":"Polygon","coordinates":[[[103.8991139,1.3258739],[103.8991091,1.3258989],[103.8991273,1.3259024],[103.8991247,1.3259154],[103.8991052,1.3259117],[103.8991001,1.3259381],[103.8991196,1.3259418],[103.8991169,1.3259555],[103.8990987,1.325952],[103.8990929,1.3259819],[103.8991213,1.3259874],[103.8991167,1.3260114],[103.8990988,1.3260157],[103.8990972,1.3260242],[103.8991117,1.326037],[103.8991063,1.3260648],[103.8990756,1.3260589],[103.8990704,1.3260859],[103.8990895,1.3260896],[103.8990867,1.326104],[103.8989739,1.3260824],[103.8990425,1.3257312],[103.899155,1.3257535],[103.899152,1.3257688],[103.899133,1.3257652],[103.8991275,1.3257933],[103.8991581,1.3257991],[103.8991525,1.3258277],[103.8991366,1.3258335],[103.8991347,1.3258427],[103.899148,1.3258506],[103.8991424,1.3258793],[103.8991139,1.3258739]]]}},{"type":"Feature","properties":{"type":"HDB"},"geometry":{"type":"Polygon","coordinates":[[[103.8998787,1.3260817],[103.8998638,1.326079],[103.8998673,1.3260616],[103.8998392,1.3260561],[103.8998357,1.3260736],[103.8998186,1.3260702],[103.8998213,1.3260567],[103.8997926,1.3260511],[103.8997895,1.3260663],[103.8997166,1.3260521],[103.8997196,1.3260369],[103.8996913,1.3260313],[103.8996882,1.3260466],[103.8996607,1.3260412],[103.8996637,1.3260259],[103.8996376,1.3260209],[103.8996346,1.3260361],[103.8995546,1.3260205],[103.8995577,1.3260053],[103.8995307,1.326],[103.8995276,1.3260152],[103.8994865,1.3260072],[103.8994954,1.3259625],[103.8994727,1.3259581],[103.8994637,1.3260028],[103.8994484,1.3259998],[103.8994515,1.3259845],[103.8994224,1.3259789],[103.8994194,1.3259941],[103.8993453,1.3259797],[103.8993484,1.3259644],[103.8993189,1.3259587],[103.8993158,1.3259739],[103.8993012,1.3259711],[103.899324,1.3258572],[103.9000428,1.3259982],[103.9000209,1.3261115],[103.9000057,1.3261085],[103.9000087,1.3260933],[103.8999809,1.3260878],[103.8999779,1.3261031],[103.899903,1.3260885],[103.899906,1.3260732],[103.8998813,1.3260684],[103.8998787,1.3260817]]]}},{"type":"Feature","properties":{"type":"HDB"},"geometry":{"type":"Polygon","coordinates":[[[103.9003172,1.3261594],[103.9003235,1.3261606],[103.9003215,1.3261705],[103.9002767,1.3261617],[103.9002801,1.326145],[103.9002526,1.3261396],[103.9002492,1.3261563],[103.9002205,1.3261506],[103.9002239,1.326134],[103.9001958,1.3261284],[103.9001925,1.3261451],[103.900118,1.3261304],[103.9001214,1.3261138],[103.9000939,1.3261083],[103.9000905,1.326125],[103.9000729,1.3261215],[103.9000955,1.3260087],[103.9009719,1.326181],[103.9009497,1.3262943],[103.9009358,1.3262916],[103.9009392,1.3262749],[103.9009087,1.3262689],[103.9009031,1.3262969],[103.9008766,1.3262916],[103.9008738,1.3262784],[103.9008656,1.3262768],[103.9008574,1.3262878],[103.9008295,1.3262823],[103.9008351,1.3262544],[103.9008072,1.3262489],[103.9008039,1.3262656],[103.9007869,1.3262622],[103.9007909,1.3262422],[103.9007708,1.3262383],[103.9007668,1.3262583],[103.9007485,1.3262547],[103.9007519,1.326238],[103.9007266,1.326233],[103.900721,1.326261],[103.9006915,1.3262552],[103.900689,1.3262418],[103.9006793,1.3262393],[103.9006717,1.3262512],[103.9006462,1.3262462],[103.9006518,1.3262183],[103.900623,1.3262126],[103.9006196,1.3262293],[103.9005883,1.3262231],[103.9005917,1.3262064],[103.9005642,1.326201],[103.9005608,1.3262177],[103.9004855,1.3262028],[103.9004889,1.3261862],[103.9004602,1.3261805],[103.9004569,1.3261972],[103.9004312,1.3261921],[103.9004345,1.3261755],[103.9004071,1.3261701],[103.9004037,1.3261867],[103.9003386,1.3261739],[103.9003478,1.3261283],[103.9003243,1.3261237],[103.9003172,1.3261594]]]}},{"type":"Feature","properties":{"type":"HDB"},"geometry":{"type":"Polygon","coordinates":[[[103.8997163,1.3263091],[103.8997217,1.3262809],[103.8997475,1.326286],[103.8997513,1.3263007],[103.899763,1.3263024],[103.8997708,1.3262906],[103.8997998,1.3262964],[103.8997944,1.3263245],[103.899822,1.3263299],[103.8998249,1.3263146],[103.8998404,1.3263177],[103.8998375,1.326333],[103.8998597,1.3263374],[103.8998627,1.3263221],[103.8998789,1.3263253],[103.899876,1.3263406],[103.8999046,1.3263463],[103.8999101,1.3263182],[103.8999359,1.3263233],[103.8999376,1.3263371],[103.8999486,1.3263394],[103.8999555,1.3263272],[103.8999845,1.3263329],[103.8999791,1.326361],[103.900006,1.3263663],[103.9000089,1.326351],[103.9000243,1.3263537],[103.9000022,1.3264669],[103.8989394,1.3262575],[103.8989612,1.3261446],[103.8989768,1.3261477],[103.8989739,1.3261628],[103.899001,1.3261681],[103.8990039,1.3261529],[103.8990796,1.3261676],[103.8990767,1.3261828],[103.8991046,1.3261883],[103.8991076,1.3261731],[103.8991221,1.3261759],[103.8991191,1.3261912],[103.8991445,1.3261962],[103.8991475,1.3261808],[103.8991641,1.3261841],[103.8991611,1.3261995],[103.8991857,1.3262043],[103.8991887,1.3261888],[103.8991908,1.3261892],[103.8992672,1.3262043],[103.8992642,1.3262198],[103.8992892,1.3262248],[103.8992921,1.3262093],[103.8993233,1.3262155],[103.8993203,1.3262309],[103.8993462,1.326236],[103.8993492,1.3262206],[103.8994248,1.3262355],[103.8994218,1.3262509],[103.8994498,1.3262565],[103.8994528,1.326241],[103.8994939,1.3262492],[103.8994849,1.3262956],[103.8995094,1.3263004],[103.8995184,1.326254],[103.8995323,1.3262568],[103.8995293,1.3262722],[103.8995574,1.3262777],[103.8995604,1.3262623],[103.899637,1.3262775],[103.8996341,1.3262928],[103.8996621,1.3262984],[103.8996651,1.326283],[103.8996944,1.3262888],[103.8996914,1.3263042],[103.8997163,1.3263091]]]}},{"type":"Feature","properties":{"type":"HDB"},"geometry":{"type":"Polygon","coordinates":[[[103.9009271,1.3265479],[103.9009302,1.3265321],[103.9009479,1.3265356],[103.9009251,1.326649],[103.9000472,1.3264762],[103.9000692,1.3263625],[103.9000849,1.3263656],[103.9000819,1.3263812],[103.9001076,1.3263863],[103.9001131,1.326358],[103.9001413,1.3263636],[103.900146,1.3263793],[103.900154,1.3263807],[103.9001633,1.3263679],[103.9001904,1.3263732],[103.9001849,1.3264016],[103.9002129,1.3264071],[103.900216,1.3263915],[103.9002309,1.3263945],[103.9002279,1.3264101],[103.9002553,1.3264155],[103.9002583,1.3263999],[103.9002698,1.3264021],[103.9002668,1.3264177],[103.9002972,1.3264237],[103.9003027,1.3263954],[103.9003285,1.3264005],[103.9003339,1.3264154],[103.9003419,1.3264166],[103.9003522,1.3264051],[103.9003775,1.3264101],[103.900372,1.3264385],[103.900399,1.3264438],[103.900402,1.3264282],[103.9004337,1.3264345],[103.9004307,1.3264501],[103.9004557,1.326455],[103.9004587,1.3264394],[103.9005348,1.3264543],[103.9005318,1.3264701],[103.9005583,1.3264753],[103.9005613,1.3264595],[103.9005886,1.3264648],[103.9005855,1.3264806],[103.9006153,1.3264864],[103.9006183,1.3264707],[103.9006808,1.326483],[103.9006726,1.3265258],[103.9006984,1.326531],[103.9007045,1.3264997],[103.900697,1.3264982],[103.9006992,1.3264866],[103.9007457,1.3264958],[103.9007426,1.3265115],[103.9007712,1.3265172],[103.9007743,1.3265014],[103.9008013,1.3265067],[103.9007982,1.3265225],[103.9008251,1.3265278],[103.9008281,1.326512],[103.9009051,1.3265272],[103.9009021,1.3265429],[103.9009271,1.3265479]]]}},{"type":"Feature","properties":{"type":"HDB"},"geometry":{"type":"Polygon","coordinates":[[[103.8997538,1.3269105],[103.8997541,1.3269132],[103.8997588,1.3269126],[103.8997603,1.3269255],[103.8997846,1.3269225],[103.8997875,1.3269472],[103.8997967,1.3269461],[103.8998015,1.3269873],[103.8997737,1.3269907],[103.8997741,1.3269945],[103.8997205,1.3270011],[103.8997189,1.3269877],[103.8996579,1.3269952],[103.8996594,1.3270086],[103.8996061,1.3270152],[103.8996057,1.3270114],[103.899578,1.3270148],[103.8995732,1.3269736],[103.8995812,1.3269726],[103.8995783,1.3269479],[103.8996023,1.3269449],[103.8996008,1.3269321],[103.8996057,1.3269315],[103.8996054,1.3269288],[103.8996495,1.3269233],[103.8996486,1.3269152],[103.8996638,1.3269133],[103.8996608,1.3268876],[103.8995073,1.3268575],[103.8995048,1.32687],[103.8995282,1.3268746],[103.8995234,1.3268988],[103.8995334,1.3269008],[103.8995252,1.3269422],[103.8994973,1.3269367],[103.8994966,1.3269404],[103.8994436,1.32693],[103.8994462,1.3269167],[103.899415,1.3269106],[103.8994159,1.3269061],[103.8993738,1.3268978],[103.8993865,1.3268337],[103.8993275,1.3268221],[103.899325,1.3268346],[103.8993494,1.3268394],[103.8993446,1.3268637],[103.8993533,1.3268654],[103.899345,1.3269068],[103.8993173,1.3269014],[103.8993166,1.326905],[103.8992631,1.3268945],[103.8992657,1.3268812],[103.8992052,1.3268693],[103.8992028,1.3268814],[103.8991497,1.326871],[103.8991503,1.3268676],[103.8991229,1.3268622],[103.8991309,1.3268217],[103.8991397,1.3268234],[103.8991445,1.3267992],[103.8991678,1.3268038],[103.8991703,1.3267913],[103.8991759,1.3267924],[103.8991765,1.3267894],[103.8992194,1.3267978],[103.8992222,1.3267839],[103.8992004,1.3267796],[103.8992009,1.3267771],[103.8991962,1.3267762],[103.8991986,1.3267643],[103.8991739,1.3267595],[103.8991786,1.3267358],[103.8991703,1.3267341],[103.8991784,1.3266933],[103.8992065,1.3266989],[103.8992074,1.3266946],[103.8992604,1.3267051],[103.899258,1.3267174],[103.8992886,1.3267234],[103.8992872,1.3267304],[103.8993102,1.326735],[103.8993093,1.3267396],[103.8993638,1.3267503],[103.8993658,1.3267403],[103.8993978,1.3267466],[103.8994006,1.3267326],[103.8994538,1.3267431],[103.8994527,1.3267482],[103.8994796,1.3267535],[103.8994716,1.3267933],[103.8994633,1.3267917],[103.8994586,1.3268154],[103.8994349,1.3268108],[103.8994323,1.3268237],[103.8995502,1.3268469],[103.8995527,1.3268339],[103.8995292,1.3268293],[103.8995339,1.3268056],[103.8995252,1.3268039],[103.8995333,1.3267631],[103.8995602,1.3267683],[103.8995611,1.3267641],[103.8996148,1.3267747],[103.8996124,1.326787],[103.8996436,1.3267932],[103.8996422,1.3268002],[103.8996623,1.3268041],[103.8996637,1.3267971],[103.8996938,1.326803],[103.8996963,1.3267907],[103.8997509,1.3268014],[103.89975,1.3268056],[103.8997772,1.326811],[103.8997691,1.3268518],[103.89976,1.32685],[103.8997553,1.3268737],[103.8997316,1.3268691],[103.8997293,1.3268809],[103.8997248,1.32688],[103.8997243,1.3268825],[103.8996781,1.3268735],[103.8996825,1.326911],[103.8997096,1.3269077],[103.8997105,1.3269158],[103.8997538,1.3269105]]]}},{"type":"Feature","properties":{"type":"HDB"},"geometry":{"type":"Polygon","coordinates":[[[103.9001137,1.3270883],[103.9001222,1.327093],[103.9001026,1.3271286],[103.9000784,1.3271151],[103.9000764,1.3271187],[103.9000288,1.3270921],[103.9000349,1.3270811],[103.8999802,1.3270506],[103.8999741,1.3270617],[103.8999272,1.3270355],[103.8999292,1.3270319],[103.8999045,1.3270182],[103.8999242,1.3269826],[103.8999317,1.3269868],[103.8999439,1.3269646],[103.8999655,1.3269767],[103.8999719,1.3269649],[103.8999762,1.3269673],[103.8999772,1.3269654],[103.9000154,1.3269867],[103.900019,1.32698],[103.900035,1.3269889],[103.9000487,1.3269641],[103.9000058,1.3269555],[103.9000088,1.3269402],[103.8999659,1.3269315],[103.8999616,1.3269294],[103.8999644,1.3269158],[103.8999397,1.3269108],[103.8999443,1.3268877],[103.8999352,1.3268859],[103.8999437,1.3268432],[103.8999713,1.3268487],[103.8999721,1.3268451],[103.900025,1.3268558],[103.9000225,1.3268684],[103.9000542,1.3268748],[103.9000522,1.326885],[103.9000721,1.326889],[103.9000741,1.3268788],[103.9001054,1.3268851],[103.9001081,1.3268715],[103.9001612,1.3268822],[103.9001604,1.3268859],[103.9001885,1.3268915],[103.9001804,1.3269326],[103.9001721,1.326931],[103.9001673,1.3269552],[103.9001432,1.3269504],[103.9001406,1.3269635],[103.9002318,1.3269819],[103.9002344,1.3269687],[103.9002109,1.326964],[103.9002157,1.3269398],[103.9002064,1.3269379],[103.9002147,1.3268959],[103.9002423,1.3269014],[103.900243,1.3268977],[103.9002959,1.3269084],[103.9002932,1.326922],[103.9003541,1.3269342],[103.9003566,1.326922],[103.900409,1.3269325],[103.9004083,1.3269362],[103.9004365,1.3269419],[103.9004284,1.3269826],[103.9004195,1.3269808],[103.9004147,1.3270051],[103.9003913,1.3270004],[103.9003887,1.3270135],[103.9003825,1.3270141],[103.9003399,1.3270055],[103.9003358,1.3270264],[103.9003989,1.3270391],[103.9003899,1.3270843],[103.9003939,1.3270851],[103.9003893,1.327108],[103.9003706,1.3271042],[103.9003682,1.3271166],[103.9003925,1.3271215],[103.9003877,1.3271457],[103.9003967,1.3271475],[103.9003885,1.3271884],[103.9003608,1.3271828],[103.9003601,1.3271862],[103.9003079,1.3271757],[103.9003104,1.3271633],[103.9002492,1.3271509],[103.9002468,1.3271634],[103.9001941,1.3271528],[103.9001947,1.3271494],[103.9001668,1.3271438],[103.900175,1.3271029],[103.9001832,1.3271045],[103.900188,1.3270803],[103.9002117,1.3270851],[103.9002145,1.3270711],[103.9002195,1.3270722],[103.9002199,1.3270702],[103.9002635,1.327079],[103.9002676,1.3270584],[103.9002702,1.3270589],[103.90028,1.32701],[103.9000692,1.3269675],[103.9000522,1.3269985],[103.900073,1.3270101],[103.9000693,1.3270167],[103.9001081,1.3270383],[103.900107,1.3270402],[103.9001107,1.3270423],[103.9001043,1.3270541],[103.9001259,1.3270661],[103.9001137,1.3270883]]]}},{"type":"Feature","properties":{"type":"HDB"},"geometry":{"type":"Polygon","coordinates":[[[103.8990156,1.3269479],[103.8990244,1.3269034],[103.8989866,1.3268959],[103.8990149,1.3267521],[103.89907,1.3267093],[103.8991105,1.3267174],[103.8990674,1.3269359],[103.8990836,1.3269391],[103.8990793,1.3269606],[103.8993302,1.3270107],[103.8992676,1.3273357],[103.8992649,1.3273351],[103.8992511,1.3274053],[103.8992538,1.3274059],[103.8992327,1.3275129],[103.898887,1.3274439],[103.8989035,1.32736],[103.8989222,1.3273637],[103.899003,1.3269454],[103.8990156,1.3269479]]]}},{"type":"Feature","properties":{"type":"HDB"},"geometry":{"type":"Polygon","coordinates":[[[103.8995826,1.3274201],[103.899605,1.3273799],[103.8995814,1.3273666],[103.8995852,1.3273599],[103.8995474,1.3273385],[103.8995484,1.3273367],[103.8995443,1.3273344],[103.8995503,1.3273236],[103.8995285,1.3273113],[103.8995408,1.3272892],[103.8995329,1.3272848],[103.8995531,1.3272484],[103.8995779,1.3272623],[103.8995795,1.3272595],[103.8996264,1.3272859],[103.8996203,1.3272968],[103.899674,1.3273271],[103.8996801,1.3273162],[103.8997267,1.3273424],[103.8997251,1.3273453],[103.89975,1.3273593],[103.8997297,1.3273957],[103.8997224,1.3273916],[103.899711,1.327412],[103.8996893,1.3273998],[103.8996824,1.3274123],[103.8996789,1.3274103],[103.8996779,1.3274121],[103.8996389,1.3273901],[103.8996352,1.3273969],[103.8996221,1.3273896],[103.8996033,1.3274234],[103.8996863,1.3274475],[103.8996847,1.3274571],[103.8997279,1.3274646],[103.8997273,1.3274679],[103.899732,1.3274687],[103.8997297,1.3274821],[103.8997534,1.3274863],[103.8997492,1.3275109],[103.8997577,1.3275124],[103.8997508,1.3275528],[103.8997225,1.3275478],[103.8997219,1.327551],[103.899668,1.3275416],[103.8996704,1.3275279],[103.8996392,1.3275225],[103.899641,1.3275118],[103.8996209,1.3275083],[103.8996192,1.3275179],[103.8995881,1.3275125],[103.8995861,1.3275241],[103.8995323,1.3275148],[103.8995331,1.3275102],[103.8995059,1.3275055],[103.899513,1.327464],[103.8995224,1.3274657],[103.8995265,1.3274417],[103.8995508,1.3274459],[103.899553,1.3274336],[103.8994936,1.3274233],[103.8994827,1.3274866],[103.8994065,1.3274762],[103.8994045,1.3274878],[103.8993511,1.3274786],[103.8993521,1.3274726],[103.8993248,1.3274678],[103.8993315,1.3274287],[103.8993383,1.3274299],[103.8993423,1.3274068],[103.8993667,1.327411],[103.8993689,1.3273981],[103.8993754,1.3273993],[103.8993797,1.3273746],[103.8993833,1.3273753],[103.8993936,1.3273224],[103.899384,1.3273187],[103.8993865,1.3273059],[103.8993634,1.3273013],[103.8993681,1.3272773],[103.8993614,1.3272759],[103.8993689,1.3272371],[103.8993975,1.3272427],[103.8993985,1.327238],[103.8994505,1.3272483],[103.899448,1.3272609],[103.8994813,1.3272675],[103.8994577,1.3273955],[103.8995826,1.3274201]]]}},{"type":"Feature","properties":{"type":"HDB"},"geometry":{"type":"Polygon","coordinates":[[[103.8998151,1.3275666],[103.899823,1.3275266],[103.8998318,1.3275282],[103.8998365,1.3275045],[103.8998607,1.3275091],[103.8998634,1.3274953],[103.8998683,1.3274947],[103.8999121,1.327503],[103.8999152,1.327487],[103.8999572,1.3274949],[103.8999538,1.3274674],[103.899936,1.3274696],[103.899935,1.3274615],[103.8998917,1.3274669],[103.8998913,1.3274642],[103.8998861,1.3274648],[103.8998846,1.3274526],[103.8998601,1.3274557],[103.8998571,1.3274316],[103.8998486,1.3274326],[103.8998435,1.327391],[103.8998715,1.3273875],[103.899871,1.3273836],[103.8999245,1.3273769],[103.8999262,1.3273905],[103.899987,1.3273829],[103.8999854,1.3273693],[103.900039,1.3273625],[103.9000395,1.3273664],[103.9000685,1.3273628],[103.9000736,1.3274045],[103.9000647,1.3274056],[103.9000676,1.3274297],[103.9000434,1.3274327],[103.9000449,1.3274449],[103.9000391,1.3274457],[103.9000394,1.3274484],[103.8999958,1.3274539],[103.8999968,1.327462],[103.8999731,1.327465],[103.8999773,1.3274987],[103.9001888,1.3275384],[103.9001978,1.3274924],[103.9001949,1.3274918],[103.9001993,1.3274695],[103.9001564,1.327461],[103.9001568,1.3274586],[103.900152,1.3274576],[103.9001542,1.3274461],[103.9001296,1.3274412],[103.9001344,1.3274169],[103.9001258,1.3274152],[103.9001338,1.3273744],[103.9001621,1.32738],[103.9001629,1.3273759],[103.9002156,1.3273863],[103.9002131,1.3273991],[103.9002737,1.3274111],[103.9002762,1.3273984],[103.9003294,1.327409],[103.9003286,1.3274131],[103.9003558,1.3274186],[103.9003478,1.3274593],[103.9003391,1.3274576],[103.9003343,1.3274819],[103.9003105,1.3274772],[103.9003083,1.3274887],[103.9003266,1.3274923],[103.9003218,1.327517],[103.9003184,1.3275164],[103.9003103,1.3275577],[103.9002462,1.327545],[103.9002419,1.3275667],[103.9002862,1.3275751],[103.9002857,1.3275773],[103.9002908,1.3275783],[103.9002884,1.3275906],[103.9003123,1.3275951],[103.9003076,1.327619],[103.9003158,1.3276206],[103.9003079,1.3276608],[103.9002758,1.3276547],[103.9002751,1.3276579],[103.9002258,1.3276487],[103.9002283,1.327636],[103.9001682,1.3276246],[103.9001657,1.3276373],[103.9001129,1.3276274],[103.9001136,1.3276242],[103.9000859,1.327619],[103.9000938,1.3275788],[103.9001026,1.3275805],[103.9001073,1.3275565],[103.9001312,1.327561],[103.9001339,1.3275476],[103.9000426,1.3275304],[103.9000401,1.3275428],[103.9000637,1.3275472],[103.900059,1.327571],[103.9000678,1.3275726],[103.90006,1.3276127],[103.9000328,1.3276075],[103.9000319,1.3276122],[103.8999781,1.3276021],[103.8999806,1.3275894],[103.8999494,1.3275835],[103.8999512,1.3275745],[103.8999313,1.3275708],[103.8999295,1.3275798],[103.8998982,1.3275739],[103.8998957,1.3275866],[103.8998423,1.3275765],[103.8998432,1.3275719],[103.8998151,1.3275666]]]}},{"type":"Feature","properties":{"type":"HDB"},"geometry":{"type":"Polygon","coordinates":[[[103.9026652,1.3265789],[103.9031374,1.3266899],[103.9033454,1.3268563],[103.9033362,1.3268681],[103.9033618,1.3268885],[103.9032911,1.326979],[103.9032539,1.3269495],[103.9032826,1.3269127],[103.9032479,1.3268852],[103.9032185,1.3269228],[103.9031848,1.3268961],[103.9032044,1.326871],[103.9031858,1.3268563],[103.9031659,1.3268818],[103.9031292,1.3268528],[103.9031598,1.3268137],[103.9031255,1.3267866],[103.9030963,1.3268239],[103.9030622,1.3267968],[103.9030801,1.3267728],[103.9030294,1.3267608],[103.9030205,1.3267994],[103.9029769,1.3267891],[103.9029879,1.3267415],[103.9029444,1.3267313],[103.9029328,1.326781],[103.9028483,1.3267611],[103.90286,1.3267104],[103.9028168,1.3267002],[103.9028052,1.3267506],[103.9027601,1.32674],[103.9027676,1.3267074],[103.9027429,1.3267016],[103.9027356,1.3267333],[103.9026929,1.3267232],[103.9027042,1.3266744],[103.9026601,1.326664],[103.9026489,1.326712],[103.9026047,1.3267017],[103.9026312,1.3265876],[103.9026616,1.3265947],[103.9026652,1.3265789]]]}},{"type":"Feature","properties":{"type":"HDB"},"geometry":{"type":"Polygon","coordinates":[[[103.9014658,1.3266377],[103.9014808,1.3266412],[103.9014766,1.3266594],[103.9014994,1.3266648],[103.9015036,1.3266466],[103.9015181,1.32665],[103.9015142,1.3266665],[103.9015401,1.3266727],[103.9015469,1.3266438],[103.9015726,1.3266499],[103.9015766,1.3266633],[103.901585,1.3266654],[103.9015958,1.3266554],[103.9016217,1.3266615],[103.9016152,1.3266896],[103.9016406,1.3266956],[103.9016443,1.3266798],[103.901675,1.3266871],[103.9016717,1.3267014],[103.9016952,1.326707],[103.9016985,1.3266927],[103.9017736,1.3267104],[103.9017702,1.3267252],[103.9017968,1.3267315],[103.9018003,1.3267167],[103.901841,1.3267263],[103.90183,1.3267734],[103.9018532,1.3267789],[103.9018642,1.3267318],[103.9018788,1.3267353],[103.9018753,1.3267504],[103.9019017,1.3267567],[103.9019053,1.3267415],[103.9019814,1.3267595],[103.9019779,1.3267746],[103.9020032,1.3267806],[103.9020067,1.3267655],[103.9020378,1.3267729],[103.9020341,1.3267886],[103.9020612,1.3267949],[103.9020648,1.3267792],[103.9021397,1.3267969],[103.9021368,1.3268096],[103.9021646,1.3268162],[103.9021675,1.3268035],[103.9021828,1.3268071],[103.9021797,1.3268206],[103.9022048,1.3268266],[103.9022079,1.3268131],[103.902224,1.3268169],[103.902221,1.3268299],[103.9022493,1.3268366],[103.9022524,1.3268236],[103.9023276,1.3268413],[103.9023243,1.3268554],[103.9023525,1.3268621],[103.9023558,1.326848],[103.9023707,1.3268515],[103.9023448,1.326963],[103.9012908,1.3267145],[103.9013168,1.3266024],[103.9013357,1.3266069],[103.9013318,1.3266239],[103.901359,1.3266304],[103.9013655,1.3266026],[103.9013902,1.3266084],[103.901395,1.3266232],[103.9014029,1.3266246],[103.9014173,1.3266149],[103.9014404,1.3266203],[103.9014338,1.3266487],[103.9014617,1.3266553],[103.9014658,1.3266377]]]}},{"type":"Feature","properties":{"type":"HDB"},"geometry":{"type":"Polygon","coordinates":[[[103.9036896,1.3265831],[103.903703,1.3265937],[103.9036922,1.3266076],[103.9037141,1.3266248],[103.9037323,1.3266014],[103.9037527,1.3266175],[103.903752,1.326634],[103.9037566,1.3266381],[103.9037719,1.3266326],[103.9037924,1.3266488],[103.9037744,1.3266718],[103.9037963,1.3266891],[103.9038069,1.3266756],[103.9038194,1.3266855],[103.9038086,1.3266993],[103.9038288,1.3267152],[103.9038393,1.3267018],[103.9038522,1.326712],[103.9038416,1.3267255],[103.9038601,1.3267401],[103.9038784,1.3267167],[103.9039004,1.326734],[103.9038995,1.3267481],[103.9039051,1.3267542],[103.9039195,1.3267491],[103.9039414,1.3267663],[103.9039234,1.3267894],[103.9039452,1.3268065],[103.9039555,1.3267933],[103.90398,1.3268126],[103.9039692,1.3268265],[103.9039906,1.3268434],[103.9040012,1.3268297],[103.9040597,1.3268758],[103.9040483,1.3268905],[103.9040728,1.3269097],[103.9040843,1.3268948],[103.9041075,1.3269131],[103.904096,1.326928],[103.9041176,1.326945],[103.9041277,1.3269319],[103.9041812,1.326974],[103.90415,1.3270141],[103.9041679,1.3270283],[103.9041917,1.3269977],[103.9041881,1.3269949],[103.9041958,1.326985],[103.9042302,1.3270121],[103.9042193,1.327026],[103.9042422,1.327044],[103.9042535,1.3270295],[103.9042765,1.3270477],[103.9042651,1.3270623],[103.9042877,1.3270801],[103.904299,1.3270655],[103.904358,1.327112],[103.9043465,1.3271267],[103.90437,1.3271452],[103.9043817,1.3271301],[103.9043923,1.3271384],[103.9043201,1.3272311],[103.903617,1.3266769],[103.9036896,1.3265831]]]}},{"type":"Feature","properties":{"type":"HDB"},"geometry":{"type":"Polygon","coordinates":[[[103.9025862,1.3267889],[103.9025964,1.3267912],[103.9026041,1.3267581],[103.9027313,1.326788],[103.9027205,1.3268344],[103.9026639,1.3268211],[103.902654,1.3268641],[103.9027107,1.3268774],[103.9027003,1.3269223],[103.9026556,1.3269118],[103.9026503,1.3269348],[103.9026943,1.3269451],[103.9026842,1.3269886],[103.9026281,1.3269754],[103.9026184,1.3270169],[103.9026736,1.3270299],[103.9026633,1.3270746],[103.9025366,1.3270448],[103.9025437,1.3270123],[103.9025348,1.3270103],[103.9025862,1.3267889]]]}},{"type":"Feature","properties":{"type":"HDB"},"geometry":{"type":"Polygon","coordinates":[[[103.9048759,1.3271126],[103.9048655,1.3271282],[103.9048043,1.3270868],[103.9048139,1.3270723],[103.9047901,1.3270562],[103.9047802,1.327071],[103.9047584,1.3270562],[103.9047679,1.3270419],[103.9047447,1.3270262],[103.9047353,1.3270403],[103.9046824,1.3270045],[103.9047105,1.3269624],[103.9046865,1.3269462],[103.9046646,1.3269789],[103.9046691,1.3269819],[103.9046629,1.3269911],[103.9046287,1.326968],[103.9046386,1.3269531],[103.9046134,1.3269361],[103.9046037,1.3269507],[103.9045797,1.3269345],[103.9045898,1.3269195],[103.9045669,1.326904],[103.9045568,1.326919],[103.9044937,1.3268763],[103.9045044,1.3268602],[103.9044712,1.3268377],[103.9044612,1.3268528],[103.904447,1.3268433],[103.9045125,1.3267451],[103.9045938,1.3268001],[103.90459,1.3268059],[103.9048974,1.3270136],[103.9049017,1.3270071],[103.9051682,1.3271907],[103.9051858,1.3272821],[103.9051109,1.3273923],[103.9050584,1.3274754],[103.9049603,1.3274105],[103.9049699,1.3273958],[103.9049859,1.3274064],[103.9050092,1.3273707],[103.904982,1.3273527],[103.9049958,1.3273316],[103.9050106,1.3273331],[103.9050141,1.3273271],[103.9050078,1.3273131],[103.9050262,1.3272849],[103.9050552,1.3273041],[103.9050755,1.327273],[103.9051408,1.3273162],[103.9051684,1.3272795],[103.9051636,1.3272541],[103.905104,1.3272657],[103.9050986,1.3272378],[103.9051572,1.3272263],[103.9051527,1.3271979],[103.9051163,1.3271733],[103.9050721,1.3272396],[103.9050414,1.3272189],[103.905021,1.3272495],[103.9049944,1.3272316],[103.9049949,1.3272155],[103.9049902,1.3272134],[103.9049759,1.3272191],[103.9049516,1.3272027],[103.9049698,1.3271754],[103.9049366,1.3271529],[103.9049257,1.3271693],[103.9049032,1.3271542],[103.9049138,1.3271382],[103.9048759,1.3271126]]]}},{"type":"Feature","properties":{"type":"HDB"},"geometry":{"type":"Polygon","coordinates":[[[103.9034774,1.3268575],[103.9035039,1.3268785],[103.9035134,1.3268663],[103.9041684,1.327384],[103.9041587,1.3273964],[103.9041827,1.3274153],[103.9041116,1.3275065],[103.9040769,1.3274791],[103.904107,1.3274405],[103.9040723,1.327413],[103.9040421,1.3274517],[103.9040071,1.3274241],[103.9040275,1.327398],[103.9040084,1.3273829],[103.9039888,1.3274081],[103.9039535,1.3273803],[103.9039832,1.3273422],[103.9039467,1.3273134],[103.9039159,1.3273529],[103.9038481,1.3272993],[103.9038792,1.3272594],[103.9038444,1.3272319],[103.9038143,1.3272704],[103.9037799,1.3272432],[103.9037898,1.3272304],[103.9037478,1.3271971],[103.9037381,1.3272095],[103.9037037,1.3271823],[103.9037341,1.3271433],[103.9036987,1.3271153],[103.9036687,1.3271537],[103.9036024,1.3271013],[103.9036321,1.3270632],[103.9035965,1.3270351],[103.9035666,1.3270735],[103.9035322,1.3270463],[103.9035511,1.3270221],[103.9035317,1.3270067],[103.9035122,1.3270317],[103.9034761,1.3270032],[103.9035061,1.3269647],[103.9034717,1.3269375],[103.9034421,1.3269756],[103.9034071,1.3269479],[103.9034774,1.3268575]]]}},{"type":"Feature","properties":{"type":"HDB"},"geometry":{"type":"Polygon","coordinates":[[[103.9046902,1.3276405],[103.9047072,1.327619],[103.9046845,1.3276008],[103.9047027,1.3275778],[103.9047153,1.3275813],[103.9047183,1.3275781],[103.904713,1.3275647],[103.9047334,1.3275389],[103.9047596,1.3275599],[103.9047647,1.3275534],[103.9047627,1.3275519],[103.9047823,1.3275262],[103.9047856,1.3275269],[103.9047912,1.3275198],[103.9047645,1.3274984],[103.9047858,1.3274714],[103.9047998,1.3274762],[103.9048023,1.327472],[103.904797,1.3274572],[103.9048126,1.3274374],[103.9048354,1.3274556],[103.9048531,1.3274332],[103.9048394,1.3274222],[103.9048498,1.3274091],[103.9049449,1.3274852],[103.9047605,1.3277188],[103.9046647,1.3276442],[103.9046763,1.3276294],[103.9046902,1.3276405]]]}},{"type":"Feature","properties":{"type":"HDB"},"geometry":{"type":"Polygon","coordinates":[[[103.9038657,1.3277164],[103.9038709,1.3277205],[103.9038552,1.3277408],[103.9038678,1.3277507],[103.9037031,1.3279635],[103.9036076,1.3278886],[103.9039527,1.3274451],[103.9040471,1.3275192],[103.9039577,1.3276346],[103.9039415,1.3276219],[103.9039262,1.3276416],[103.9039437,1.3276553],[103.9038925,1.3277215],[103.9038734,1.3277065],[103.9038657,1.3277164]]]}},{"type":"Feature","properties":{"type":"HDB"},"geometry":{"type":"Polygon","coordinates":[[[103.9048266,1.3279639],[103.9048146,1.3279794],[103.9047569,1.327934],[103.9047673,1.3279205],[103.9047446,1.3279026],[103.9047349,1.3279152],[103.9047028,1.32789],[103.9047346,1.3278491],[103.9047164,1.3278347],[103.9046836,1.3278768],[103.9046677,1.3278642],[103.9046784,1.3278505],[103.9046569,1.3278336],[103.9046463,1.3278472],[103.9045877,1.3278011],[103.9045987,1.3277869],[103.9045682,1.3277628],[103.9045565,1.327778],[103.904543,1.3277673],[103.9046155,1.327674],[103.9046929,1.3277349],[103.904688,1.3277413],[103.9048531,1.3278713],[103.9048591,1.3278635],[103.9051133,1.3280669],[103.9051247,1.3281632],[103.9049842,1.3283452],[103.9048878,1.3282696],[103.9048986,1.3282557],[103.9049157,1.3282691],[103.9049413,1.328236],[103.9049251,1.3282233],[103.9049745,1.3281594],[103.9049922,1.3281732],[103.9050152,1.3281435],[103.9050804,1.3281945],[103.9051074,1.3281582],[103.9051046,1.328135],[103.9050473,1.3281419],[103.9050436,1.3281106],[103.9051009,1.3281037],[103.9050992,1.3280783],[103.905059,1.3280467],[103.9050103,1.3281093],[103.9049815,1.3280866],[103.9049685,1.3281033],[103.904902,1.3280509],[103.9049148,1.3280344],[103.9048817,1.3280083],[103.90487,1.3280235],[103.9048463,1.3280048],[103.9048585,1.3279891],[103.9048266,1.3279639]]]}},{"type":"Feature","properties":{"type":"HDB"},"geometry":{"type":"Polygon","coordinates":[[[103.9040883,1.3277146],[103.9041017,1.3277252],[103.9040911,1.3277387],[103.9041133,1.3277561],[103.9041315,1.3277327],[103.9041524,1.3277492],[103.9041523,1.3277648],[103.9041577,1.3277695],[103.9041711,1.3277639],[103.9041914,1.3277799],[103.9041731,1.3278034],[103.9041976,1.3278227],[103.9042084,1.3278088],[103.9042209,1.3278186],[103.9042104,1.3278321],[103.9042286,1.3278464],[103.9042401,1.3278316],[103.9042526,1.3278415],[103.9042417,1.3278555],[103.9042631,1.3278724],[103.904282,1.3278483],[103.9043016,1.3278637],[103.9043001,1.3278788],[103.9043051,1.3278824],[103.9043222,1.32788],[103.9043411,1.3278948],[103.9043219,1.3279195],[103.9043435,1.3279366],[103.9043547,1.3279222],[103.9043782,1.3279406],[103.904367,1.327955],[103.9043882,1.3279717],[103.9043998,1.3279569],[103.9044581,1.3280028],[103.9044467,1.3280174],[103.9044699,1.3280357],[103.9044814,1.3280208],[103.9045031,1.3280379],[103.9044912,1.3280532],[103.9045155,1.3280723],[103.9045272,1.3280572],[103.9045783,1.3280974],[103.9045481,1.3281363],[103.9045672,1.3281514],[103.9045923,1.3281192],[103.9045887,1.3281163],[103.9045945,1.3281089],[103.9046285,1.3281357],[103.9046158,1.328152],[103.9046381,1.3281695],[103.9046499,1.3281544],[103.9046726,1.3281723],[103.9046602,1.3281883],[103.9046827,1.328206],[103.9046943,1.328191],[103.9047546,1.3282386],[103.9047431,1.3282534],[103.9047633,1.3282694],[103.904774,1.3282556],[103.9047872,1.3282659],[103.9047171,1.328356],[103.9040186,1.3278057],[103.9040883,1.3277146]]]}},{"type":"Feature","properties":{"type":"HDB"},"geometry":{"type":"Polygon","coordinates":[[[103.8997972,1.3278866],[103.8997546,1.3278781],[103.8997578,1.3279054],[103.8997759,1.3279032],[103.8997768,1.3279108],[103.8998198,1.3279057],[103.8998201,1.3279087],[103.8998253,1.3279081],[103.8998267,1.3279207],[103.8998514,1.3279177],[103.8998543,1.3279422],[103.8998631,1.3279411],[103.8998678,1.3279817],[103.8998405,1.3279849],[103.899841,1.3279888],[103.8997867,1.3279952],[103.8997852,1.3279823],[103.8997239,1.3279896],[103.8997255,1.3280025],[103.8996718,1.3280089],[103.8996714,1.328005],[103.8996437,1.3280083],[103.899639,1.3279677],[103.8996472,1.3279668],[103.8996444,1.3279423],[103.8996687,1.3279395],[103.8996672,1.3279269],[103.899672,1.3279263],[103.8996716,1.3279233],[103.8997155,1.3279181],[103.8997147,1.3279105],[103.8997384,1.3279077],[103.8997345,1.3278741],[103.8995236,1.3278323],[103.8995123,1.3279022],[103.8995563,1.3279106],[103.8995558,1.3279129],[103.8995605,1.3279138],[103.899558,1.3279263],[103.8995818,1.3279309],[103.8995771,1.3279551],[103.8995861,1.3279568],[103.8995781,1.3279976],[103.8995509,1.3279924],[103.89955,1.3279967],[103.8994966,1.3279865],[103.8994991,1.3279735],[103.8994386,1.327962],[103.8994361,1.327975],[103.8993834,1.3279649],[103.8993842,1.3279606],[103.899356,1.3279552],[103.899364,1.3279144],[103.8993727,1.3279161],[103.8993774,1.3278919],[103.8994009,1.3278964],[103.8994034,1.3278838],[103.8993852,1.3278804],[103.8993897,1.3278577],[103.8993928,1.3278583],[103.8994015,1.3278138],[103.899465,1.3278263],[103.8994692,1.3278049],[103.8994252,1.3277961],[103.8994257,1.3277935],[103.8994207,1.3277925],[103.8994232,1.3277799],[103.8993994,1.3277752],[103.8994041,1.3277513],[103.8993958,1.3277496],[103.8994038,1.3277091],[103.8994309,1.3277144],[103.8994316,1.3277108],[103.8994855,1.3277215],[103.8994832,1.3277332],[103.8995432,1.3277451],[103.8995455,1.3277334],[103.8995986,1.3277439],[103.8995979,1.3277475],[103.8996253,1.327753],[103.8996173,1.3277936],[103.8996088,1.3277919],[103.8996041,1.3278158],[103.8995803,1.3278111],[103.8995779,1.3278237],[103.8996693,1.3278418],[103.8996718,1.3278292],[103.8996475,1.3278244],[103.8996522,1.3278005],[103.8996437,1.3277988],[103.8996518,1.3277573],[103.8996796,1.3277628],[103.8996803,1.3277591],[103.8997326,1.3277695],[103.8997301,1.327782],[103.8997617,1.3277883],[103.8997598,1.3277981],[103.8997803,1.3278021],[103.8997822,1.3277924],[103.8998131,1.3277985],[103.8998156,1.327786],[103.8998685,1.3277965],[103.8998678,1.3278001],[103.8998961,1.3278057],[103.899888,1.3278472],[103.8998799,1.3278456],[103.8998753,1.3278695],[103.8998513,1.3278648],[103.8998485,1.3278788],[103.8998432,1.327879],[103.8998004,1.3278705],[103.8997972,1.3278866]]]}},{"type":"Feature","properties":{"type":"HDB"},"geometry":{"type":"Polygon","coordinates":[[[103.9002441,1.3280618],[103.9003578,1.3280852],[103.9003681,1.328031],[103.900352,1.3280279],[103.9003541,1.3280168],[103.9003113,1.3280085],[103.9003118,1.3280062],[103.9003065,1.3280051],[103.9003088,1.3279928],[103.900285,1.3279882],[103.9002896,1.327964],[103.9002807,1.3279623],[103.9002885,1.3279211],[103.9003169,1.3279266],[103.9003175,1.3279233],[103.90037,1.3279335],[103.9003675,1.3279468],[103.9004288,1.3279587],[103.9004313,1.3279453],[103.9004845,1.3279556],[103.9004839,1.3279589],[103.90051,1.3279639],[103.9005021,1.3280051],[103.9004935,1.3280035],[103.9004889,1.3280276],[103.900466,1.3280232],[103.9004637,1.3280355],[103.9004585,1.3280345],[103.900458,1.3280369],[103.9004141,1.3280284],[103.9004119,1.3280395],[103.9003884,1.328035],[103.9003774,1.3280892],[103.9004844,1.3281112],[103.9004896,1.328084],[103.9005402,1.3280939],[103.9005409,1.3280902],[103.900554,1.3280928],[103.9005623,1.3280496],[103.9005648,1.3280501],[103.9005659,1.3280444],[103.9005785,1.3280469],[103.9005831,1.3280227],[103.9006071,1.3280274],[103.9006088,1.3280186],[103.9006491,1.3280265],[103.9006436,1.3280547],[103.9006476,1.3280555],[103.9006372,1.3281091],[103.9006245,1.3281066],[103.9006125,1.3281685],[103.9006252,1.328171],[103.900615,1.3282238],[103.900611,1.3282231],[103.9006055,1.3282516],[103.9005652,1.3282437],[103.9005667,1.3282361],[103.9005427,1.3282314],[103.9005478,1.3282053],[103.9005352,1.3282028],[103.9005319,1.3282198],[103.9004888,1.3282114],[103.9004881,1.3282153],[103.9004651,1.3282108],[103.9004806,1.3281305],[103.9004212,1.3281183],[103.9004188,1.3281305],[103.9004433,1.3281355],[103.9004382,1.3281604],[103.9004467,1.3281622],[103.9004384,1.3282028],[103.9004106,1.3281971],[103.9004097,1.3282014],[103.9003568,1.3281905],[103.9003594,1.3281779],[103.9002995,1.3281655],[103.9002969,1.3281782],[103.9002432,1.3281671],[103.9002441,1.3281628],[103.9002171,1.3281573],[103.9002253,1.3281166],[103.9002329,1.3281182],[103.900238,1.3280933],[103.9002614,1.3280981],[103.9002639,1.3280859],[103.9002396,1.3280809],[103.9001713,1.3280427],[103.9001651,1.3280539],[103.9001868,1.3280661],[103.9001748,1.3280878],[103.9001819,1.3280918],[103.9001618,1.3281282],[103.9001374,1.3281145],[103.9001354,1.3281181],[103.9000884,1.3280918],[103.9000951,1.3280796],[103.9000409,1.3280492],[103.9000342,1.3280614],[103.899987,1.3280351],[103.899989,1.3280315],[103.8999646,1.3280179],[103.8999847,1.3279814],[103.8999928,1.3279859],[103.9000047,1.3279642],[103.9000262,1.3279762],[103.9000324,1.327965],[103.900036,1.327967],[103.9000372,1.3279647],[103.900076,1.3279864],[103.9000885,1.3279208],[103.9000657,1.3279164],[103.9000676,1.3279062],[103.9000239,1.3278977],[103.9000243,1.3278955],[103.9000195,1.3278946],[103.9000221,1.3278814],[103.899998,1.3278767],[103.9000025,1.327853],[103.8999943,1.3278515],[103.9000022,1.3278102],[103.9000296,1.3278155],[103.9000304,1.3278112],[103.9000838,1.3278215],[103.9000812,1.3278351],[103.9001124,1.3278411],[103.9001105,1.3278509],[103.9001312,1.3278549],[103.9001331,1.3278451],[103.9001641,1.3278511],[103.9001667,1.3278375],[103.9002195,1.3278477],[103.9002186,1.3278521],[103.9002462,1.3278574],[103.9002384,1.3278987],[103.9002294,1.3278969],[103.9002249,1.3279206],[103.9002014,1.327916],[103.9001988,1.3279293],[103.9001938,1.3279283],[103.9001933,1.3279305],[103.9001505,1.3279222],[103.9001486,1.3279324],[103.9001074,1.3279245],[103.9000969,1.3279794],[103.9002441,1.3280618]]]}},{"type":"Feature","properties":{"type":"HDB"},"geometry":{"type":"Polygon","coordinates":[[[103.8996635,1.3283004],[103.8997179,1.3283312],[103.8997243,1.3283196],[103.899771,1.328346],[103.8997688,1.3283501],[103.8997934,1.3283641],[103.8997731,1.3284006],[103.8997663,1.3283967],[103.8997544,1.328418],[103.8997328,1.3284057],[103.8997264,1.3284171],[103.8997215,1.3284144],[103.8997202,1.3284168],[103.8996821,1.3283953],[103.8996784,1.3284019],[103.8996633,1.3283933],[103.8996497,1.3284177],[103.8996922,1.3284262],[103.8996889,1.3284426],[103.8997313,1.328451],[103.8997365,1.3284536],[103.8997339,1.3284667],[103.8997574,1.3284714],[103.8997526,1.3284956],[103.8997621,1.3284975],[103.899754,1.3285382],[103.8997263,1.3285327],[103.8997255,1.3285366],[103.8996723,1.3285261],[103.8996749,1.3285132],[103.8996437,1.328507],[103.8996456,1.3284976],[103.8996249,1.3284934],[103.899623,1.3285029],[103.8995917,1.3284967],[103.8995891,1.3285096],[103.8995364,1.3284991],[103.8995372,1.3284952],[103.8995098,1.3284897],[103.8995177,1.3284496],[103.899526,1.3284512],[103.899531,1.3284264],[103.899555,1.3284312],[103.8995575,1.3284185],[103.8994657,1.3284001],[103.8994632,1.3284131],[103.8994874,1.328418],[103.8994828,1.3284425],[103.8994912,1.3284442],[103.8994833,1.328486],[103.8994554,1.3284804],[103.8994544,1.3284852],[103.8994016,1.3284746],[103.8994042,1.3284611],[103.8993444,1.3284491],[103.8993419,1.3284626],[103.899289,1.328452],[103.8992899,1.3284471],[103.8992616,1.3284414],[103.8992695,1.3283997],[103.8992777,1.3284013],[103.8992823,1.3283768],[103.8993067,1.3283817],[103.8993092,1.3283686],[103.8993151,1.3283682],[103.8993592,1.328377],[103.8993631,1.3283561],[103.8992986,1.3283437],[103.8993065,1.3283018],[103.8993029,1.3283011],[103.8993076,1.3282763],[103.8993269,1.32828],[103.8993294,1.3282667],[103.899305,1.3282621],[103.8993095,1.328238],[103.8993016,1.3282364],[103.8993093,1.3281957],[103.8993366,1.328201],[103.8993372,1.328198],[103.8993907,1.3282083],[103.8993883,1.328221],[103.8994491,1.3282326],[103.8994515,1.3282199],[103.8995043,1.32823],[103.8995037,1.328233],[103.8995314,1.3282383],[103.8995237,1.328279],[103.899515,1.3282773],[103.8995104,1.3283014],[103.8994861,1.3282968],[103.8994836,1.32831],[103.8994785,1.328309],[103.899478,1.3283117],[103.8994342,1.3283033],[103.8994187,1.3283712],[103.899629,1.3284135],[103.8996457,1.3283834],[103.899624,1.3283712],[103.8996277,1.3283646],[103.8995902,1.3283434],[103.8995916,1.328341],[103.8995866,1.3283382],[103.8995929,1.3283268],[103.8995723,1.3283151],[103.8995842,1.3282939],[103.8995765,1.3282895],[103.8995968,1.328253],[103.8996204,1.3282664],[103.8996227,1.3282623],[103.8996699,1.3282889],[103.8996635,1.3283004]]]}},{"type":"Feature","properties":{"type":"HDB"},"geometry":{"type":"Polygon","coordinates":[[[103.9004241,1.3284182],[103.9004487,1.3284232],[103.9004481,1.3284262],[103.9004908,1.3284348],[103.9004874,1.328452],[103.9004986,1.3284543],[103.900504,1.3284276],[103.9005272,1.3284323],[103.9005291,1.3284228],[103.9005714,1.3284314],[103.9005657,1.3284596],[103.9005702,1.3284605],[103.9005595,1.3285138],[103.9005465,1.3285112],[103.9005343,1.3285721],[103.9005473,1.3285747],[103.9005367,1.3286279],[103.9005322,1.328627],[103.9005264,1.3286557],[103.9004869,1.3286477],[103.9004886,1.3286394],[103.9004654,1.3286347],[103.9004702,1.3286106],[103.9004562,1.3286077],[103.9004571,1.328603],[103.9004549,1.3286025],[103.9004639,1.3285578],[103.900399,1.3285432],[103.9004043,1.3285167],[103.9002983,1.3284951],[103.9002874,1.3285495],[103.900313,1.3285547],[103.9003109,1.3285651],[103.9003532,1.3285736],[103.9003527,1.328576],[103.9003582,1.3285771],[103.9003555,1.3285903],[103.9003794,1.3285951],[103.9003745,1.3286195],[103.9003836,1.3286214],[103.9003756,1.3286616],[103.9003487,1.3286561],[103.900348,1.3286597],[103.9002941,1.3286488],[103.9002967,1.3286358],[103.9002356,1.3286234],[103.900233,1.3286363],[103.9001797,1.3286255],[103.9001804,1.328622],[103.9001538,1.3286165],[103.9001618,1.3285764],[103.9001705,1.3285782],[103.9001754,1.3285538],[103.9001993,1.3285586],[103.9002019,1.3285454],[103.9002065,1.3285464],[103.900207,1.328544],[103.9002497,1.3285527],[103.9002518,1.3285423],[103.9002685,1.3285457],[103.9002794,1.3284913],[103.9000372,1.3284422],[103.9000192,1.3284445],[103.9000096,1.3284953],[103.9000383,1.3285008],[103.9000363,1.3285112],[103.9000796,1.3285195],[103.9000791,1.3285217],[103.9000837,1.3285226],[103.9000814,1.328535],[103.9001052,1.3285396],[103.9001005,1.328564],[103.900109,1.3285656],[103.9001013,1.328606],[103.9000736,1.3286006],[103.9000728,1.328605],[103.9000204,1.3285949],[103.9000228,1.3285823],[103.8999904,1.328576],[103.8999924,1.3285658],[103.8999726,1.328562],[103.8999706,1.3285722],[103.899939,1.3285661],[103.8999366,1.3285787],[103.8998843,1.3285687],[103.8998851,1.3285644],[103.8998576,1.3285591],[103.8998653,1.3285187],[103.8998741,1.3285204],[103.8998787,1.328496],[103.8999028,1.3285006],[103.8999052,1.3284882],[103.8999098,1.3284891],[103.8999102,1.3284869],[103.8999525,1.3284951],[103.8999545,1.3284847],[103.8999902,1.3284915],[103.9000001,1.3284362],[103.899956,1.3284418],[103.8999557,1.3284395],[103.8999516,1.32844],[103.8999499,1.3284272],[103.8999248,1.3284304],[103.8999217,1.3284059],[103.8999134,1.3284069],[103.8999081,1.3283652],[103.8999362,1.3283616],[103.8999357,1.3283575],[103.8999893,1.3283506],[103.8999909,1.3283635],[103.9000522,1.3283557],[103.9000506,1.3283428],[103.900105,1.3283359],[103.9001056,1.3283399],[103.9001329,1.3283365],[103.9001381,1.3283782],[103.9001294,1.3283794],[103.9001325,1.3284039],[103.900107,1.3284072],[103.9001086,1.3284199],[103.9001034,1.3284206],[103.9001037,1.328423],[103.9000619,1.3284283],[103.9001932,1.328455],[103.9001959,1.3284419],[103.9001711,1.3284369],[103.9001757,1.3284135],[103.9001672,1.3284118],[103.9001755,1.3283701],[103.9002029,1.3283757],[103.9002037,1.3283714],[103.9002567,1.3283821],[103.900254,1.3283955],[103.9003148,1.3284079],[103.9003175,1.3283945],[103.9003703,1.3284052],[103.9003694,1.3284094],[103.9003968,1.328415],[103.9003885,1.3284567],[103.90038,1.3284549],[103.9003754,1.3284783],[103.9003526,1.3284737],[103.9003499,1.3284868],[103.900408,1.3284985],[103.9004241,1.3284182]]]}},{"type":"Feature","properties":{"type":"HDB"},"geometry":{"type":"Polygon","coordinates":[[[103.8996369,1.3288498],[103.8996373,1.3288531],[103.8996423,1.3288524],[103.8996439,1.328865],[103.8996675,1.3288619],[103.8996706,1.3288855],[103.8996792,1.3288844],[103.8996845,1.3289258],[103.8996564,1.3289294],[103.899657,1.3289337],[103.8996037,1.3289406],[103.8996021,1.3289277],[103.8995412,1.3289356],[103.8995429,1.3289486],[103.8994892,1.3289555],[103.8994887,1.3289513],[103.8994609,1.3289549],[103.8994556,1.3289135],[103.8994649,1.3289123],[103.8994619,1.3288886],[103.8994858,1.3288855],[103.8994842,1.328873],[103.8994891,1.3288724],[103.8994887,1.328869],[103.899532,1.3288634],[103.899531,1.3288561],[103.8995554,1.328853],[103.899551,1.3288191],[103.8993402,1.3287791],[103.8993283,1.3288484],[103.8993728,1.3288575],[103.8993723,1.3288598],[103.8993769,1.3288607],[103.8993742,1.328874],[103.8993997,1.3288792],[103.899395,1.3289023],[103.8994037,1.328904],[103.8993956,1.3289439],[103.8993679,1.3289382],[103.899367,1.3289423],[103.8993139,1.3289315],[103.8993164,1.328919],[103.8992563,1.3289067],[103.8992538,1.3289191],[103.8991983,1.3289078],[103.8991992,1.3289036],[103.8991736,1.3288984],[103.8991817,1.3288585],[103.8991895,1.3288601],[103.8991941,1.3288371],[103.8992184,1.3288421],[103.8992211,1.3288288],[103.8992026,1.328825],[103.8992184,1.3287579],[103.8992824,1.328771],[103.8992865,1.3287507],[103.8992425,1.3287417],[103.899243,1.3287391],[103.8992387,1.3287382],[103.8992414,1.3287252],[103.8992169,1.3287202],[103.8992218,1.328696],[103.8992126,1.3286941],[103.8992209,1.3286533],[103.8992487,1.328659],[103.8992496,1.3286548],[103.8993022,1.3286656],[103.8992994,1.3286791],[103.8993604,1.3286916],[103.8993632,1.3286781],[103.8994161,1.3286889],[103.8994153,1.3286932],[103.899443,1.3286989],[103.8994348,1.3287396],[103.8994258,1.3287378],[103.8994209,1.328762],[103.8993973,1.3287572],[103.8993948,1.3287699],[103.8994857,1.3287871],[103.8994882,1.3287749],[103.8994645,1.3287703],[103.8994695,1.3287454],[103.8994608,1.3287437],[103.899469,1.3287031],[103.8994963,1.3287084],[103.8994972,1.3287036],[103.8995505,1.3287139],[103.8995477,1.3287276],[103.8995787,1.3287336],[103.8995767,1.3287435],[103.8995975,1.3287475],[103.8995995,1.3287376],[103.8996305,1.3287437],[103.8996333,1.32873],[103.8996856,1.3287402],[103.8996846,1.3287451],[103.899713,1.3287506],[103.8997048,1.3287912],[103.8996961,1.3287895],[103.8996911,1.3288143],[103.8996677,1.3288098],[103.899665,1.3288229],[103.8996588,1.3288233],[103.8996173,1.3288152],[103.8996141,1.328831],[103.8995715,1.3288229],[103.899575,1.3288504],[103.8995919,1.3288482],[103.8995928,1.3288555],[103.8996369,1.3288498]]]}},{"type":"Feature","properties":{"type":"HDB"},"geometry":{"type":"Polygon","coordinates":[[[103.8999817,1.3289713],[103.9000177,1.3289914],[103.9000165,1.3289935],[103.9000208,1.3289959],[103.9000147,1.3290072],[103.9000364,1.3290193],[103.9000247,1.3290406],[103.900033,1.3290452],[103.9000127,1.329082],[103.8999884,1.3290684],[103.899986,1.3290726],[103.8999387,1.3290462],[103.8999454,1.3290339],[103.8998906,1.3290034],[103.8998839,1.3290157],[103.8998362,1.3289891],[103.8998385,1.3289849],[103.8998144,1.3289714],[103.8998347,1.3289347],[103.8998424,1.3289389],[103.8998541,1.3289176],[103.8998757,1.3289297],[103.8998819,1.3289185],[103.899886,1.3289208],[103.8998872,1.3289186],[103.8999255,1.32894],[103.8999292,1.3289333],[103.8999551,1.3289478],[103.8999659,1.3289499],[103.8999759,1.3288975],[103.8999408,1.3288906],[103.8999428,1.3288801],[103.8998999,1.3288718],[103.8999003,1.3288698],[103.8998953,1.3288688],[103.8998979,1.3288554],[103.8998738,1.3288507],[103.8998784,1.3288266],[103.89987,1.328825],[103.8998778,1.3287847],[103.8999052,1.32879],[103.899906,1.3287861],[103.8999589,1.3287964],[103.8999564,1.3288091],[103.8999876,1.3288152],[103.8999857,1.3288251],[103.9000062,1.328829],[103.9000074,1.3288225],[103.9000395,1.3288288],[103.9000418,1.3288166],[103.9000965,1.3288273],[103.9000841,1.3288916],[103.9000631,1.3288876],[103.9000605,1.328901],[103.900055,1.3288999],[103.9000546,1.3289019],[103.9000282,1.3288967],[103.9000262,1.3289073],[103.8999952,1.3289012],[103.8999851,1.3289536],[103.9001456,1.3289849],[103.9001499,1.3289625],[103.900155,1.3289635],[103.9001641,1.3289161],[103.9002663,1.328936],[103.9002572,1.3289834],[103.9002626,1.3289845],[103.9002583,1.3290068],[103.9003284,1.3290204],[103.9003376,1.3289725],[103.9003763,1.3289801],[103.9003881,1.3289186],[103.9003397,1.3289092],[103.9003421,1.3288969],[103.9003153,1.3288917],[103.9003159,1.328889],[103.900311,1.328888],[103.9003136,1.3288749],[103.900293,1.3288709],[103.9003051,1.3288078],[103.9003594,1.3288184],[103.900357,1.3288312],[103.9004433,1.328848],[103.9004351,1.3288908],[103.9004558,1.3288948],[103.9004513,1.3289182],[103.9004756,1.3289229],[103.9004649,1.3289786],[103.9004214,1.3289701],[103.9004179,1.3289882],[103.9004625,1.3289968],[103.9004576,1.3290222],[103.9004546,1.3290216],[103.9004463,1.3290651],[103.9004174,1.3290595],[103.9004128,1.3290836],[103.9003922,1.3290796],[103.9003843,1.3291206],[103.9002758,1.3290995],[103.9002842,1.3290559],[103.9002633,1.3290518],[103.900268,1.329027],[103.9002208,1.3290178],[103.9002183,1.3290308],[103.9002389,1.3290348],[103.9002263,1.3291003],[103.9001721,1.3290897],[103.9001744,1.3290776],[103.9001138,1.3290658],[103.9001115,1.3290779],[103.9000557,1.3290671],[103.9000683,1.3290016],[103.900089,1.3290056],[103.9000915,1.3289926],[103.8999817,1.3289713]]]}},{"type":"Feature","properties":{"type":"HDB"},"geometry":{"type":"Polygon","coordinates":[[[103.8985478,1.3292181],[103.8986687,1.3285916],[103.8987579,1.3286092],[103.8987535,1.3286318],[103.8987891,1.3286389],[103.8988038,1.328563],[103.8990134,1.3286043],[103.8989686,1.3288345],[103.8989804,1.3288368],[103.8989756,1.3288616],[103.8989638,1.3288592],[103.898907,1.3291534],[103.8989184,1.3291556],[103.8989136,1.3291804],[103.8989022,1.3291782],[103.8988497,1.3294503],[103.8986149,1.3293298],[103.898618,1.3293142],[103.8985935,1.3293093],[103.8985965,1.3292937],[103.898561,1.3292323],[103.8985632,1.3292211],[103.8985478,1.3292181]]]}},{"type":"Feature","properties":{"type":"HDB"},"geometry":{"type":"Polygon","coordinates":[[[103.8993211,1.3293209],[103.8992291,1.3293014],[103.8992265,1.3293149],[103.8992507,1.3293197],[103.8992461,1.3293433],[103.8992547,1.3293449],[103.8992465,1.3293868],[103.8992192,1.3293814],[103.8992184,1.3293855],[103.8991652,1.3293751],[103.8991677,1.3293619],[103.8991068,1.3293499],[103.8991042,1.3293631],[103.8990511,1.3293526],[103.8990519,1.3293485],[103.8990238,1.329343],[103.8990319,1.3293011],[103.8990409,1.3293029],[103.8990455,1.3292793],[103.8990689,1.3292839],[103.8990718,1.3292691],[103.8991206,1.3292787],[103.8991248,1.3292573],[103.899061,1.3292448],[103.8990692,1.3292023],[103.899066,1.3292017],[103.8990708,1.329177],[103.899089,1.3291806],[103.8990913,1.3291684],[103.8990679,1.3291638],[103.8990728,1.3291388],[103.8990638,1.3291371],[103.8990717,1.3290965],[103.8990984,1.3291018],[103.8990992,1.3290979],[103.8991536,1.3291087],[103.8991513,1.3291207],[103.8992118,1.3291326],[103.8992141,1.3291205],[103.8992672,1.329131],[103.8992665,1.3291348],[103.8992935,1.3291401],[103.8992856,1.3291807],[103.8992773,1.3291791],[103.8992725,1.329204],[103.8992485,1.3291993],[103.8992462,1.3292115],[103.899241,1.3292105],[103.8992406,1.3292126],[103.8991971,1.3292041],[103.8991818,1.3292729],[103.8993928,1.3293159],[103.8994087,1.3292867],[103.8993882,1.3292753],[103.899392,1.3292682],[103.8993536,1.3292469],[103.8993548,1.3292448],[103.8993498,1.3292421],[103.8993561,1.3292306],[103.899335,1.3292188],[103.8993468,1.3291973],[103.8993389,1.329193],[103.899359,1.3291562],[103.8993836,1.3291699],[103.8993851,1.329167],[103.8994329,1.3291935],[103.8994266,1.3292052],[103.8994801,1.3292349],[103.8994865,1.3292232],[103.8995332,1.3292491],[103.8995317,1.329252],[103.8995566,1.3292658],[103.8995365,1.3293025],[103.8995291,1.3292984],[103.8995173,1.3293199],[103.8994958,1.329308],[103.8994895,1.3293196],[103.8994855,1.3293173],[103.8994844,1.3293194],[103.8994456,1.3292979],[103.8994417,1.329305],[103.8994253,1.3292959],[103.8994122,1.3293199],[103.8994551,1.3293286],[103.899452,1.329345],[103.899495,1.3293534],[103.8994991,1.3293562],[103.8994966,1.3293689],[103.8995212,1.3293737],[103.8995164,1.3293986],[103.8995257,1.3294004],[103.8995177,1.3294414],[103.8994895,1.3294358],[103.8994887,1.32944],[103.8994355,1.3294296],[103.8994381,1.3294165],[103.899407,1.3294104],[103.8994088,1.3294008],[103.8993882,1.3293968],[103.8993864,1.3294064],[103.8993553,1.3294002],[103.8993528,1.3294133],[103.8992999,1.3294029],[103.8993007,1.3293987],[103.8992725,1.3293931],[103.8992804,1.3293522],[103.8992892,1.3293539],[103.8992941,1.329329],[103.8993186,1.3293339],[103.8993211,1.3293209]]]}},{"type":"Feature","properties":{"type":"HDB"},"geometry":{"type":"Polygon","coordinates":[[[103.8996217,1.3293936],[103.899646,1.3293982],[103.8996485,1.329385],[103.8996528,1.3293859],[103.8996532,1.3293839],[103.8996966,1.329392],[103.8996994,1.3293767],[103.8998147,1.3293982],[103.8998094,1.3293513],[103.8997881,1.3293537],[103.8997872,1.3293458],[103.8997437,1.3293508],[103.8997434,1.3293479],[103.8997385,1.3293485],[103.8997371,1.3293361],[103.8997123,1.3293389],[103.8997096,1.3293144],[103.899701,1.3293154],[103.8996963,1.3292739],[103.8997233,1.3292708],[103.8997229,1.3292672],[103.8997777,1.329261],[103.899779,1.3292731],[103.8998405,1.3292661],[103.8998392,1.329254],[103.8998918,1.329248],[103.8998922,1.3292515],[103.8999204,1.3292483],[103.899925,1.3292898],[103.899917,1.3292907],[103.8999198,1.3293152],[103.8998954,1.329318],[103.8998968,1.3293304],[103.8998919,1.329331],[103.8998923,1.3293338],[103.8998487,1.3293388],[103.8998496,1.3293467],[103.899829,1.329349],[103.8998353,1.3294052],[103.8999367,1.3294241],[103.8999408,1.329402],[103.8999461,1.329403],[103.8999548,1.3293557],[103.9000569,1.3293748],[103.9000482,1.3294221],[103.9000531,1.329423],[103.9000488,1.3294459],[103.9001186,1.3294589],[103.9001278,1.3294093],[103.9001666,1.3294165],[103.9001779,1.3293552],[103.9001305,1.3293463],[103.9001329,1.3293334],[103.9001063,1.3293284],[103.9001068,1.3293256],[103.9001015,1.3293246],[103.9001037,1.3293124],[103.9000838,1.3293087],[103.9000958,1.3292437],[103.9001509,1.329254],[103.9001484,1.3292675],[103.9002331,1.3292833],[103.9002252,1.3293262],[103.9002448,1.3293298],[103.9002405,1.3293535],[103.9002651,1.3293581],[103.9002546,1.329415],[103.9002121,1.3294071],[103.9002087,1.3294258],[103.9002382,1.3294313],[103.900234,1.3294542],[103.9002446,1.3294561],[103.9002362,1.3295014],[103.9002086,1.3294962],[103.9002044,1.329519],[103.900183,1.329515],[103.9001752,1.3295574],[103.9000657,1.3295369],[103.9000735,1.3294946],[103.9000534,1.3294908],[103.900058,1.3294656],[103.9000112,1.3294569],[103.9000089,1.3294696],[103.9000292,1.3294734],[103.9000173,1.3295382],[103.8999625,1.329528],[103.8999646,1.3295163],[103.899904,1.329505],[103.8999019,1.3295167],[103.8998464,1.3295063],[103.8998583,1.3294415],[103.899879,1.3294453],[103.8998813,1.3294326],[103.8998132,1.3294199],[103.8998111,1.3294315],[103.8998313,1.3294353],[103.8998196,1.3294991],[103.8997641,1.3294887],[103.8997666,1.3294756],[103.8997357,1.3294698],[103.8997368,1.3294639],[103.8997162,1.3294601],[103.8997146,1.3294689],[103.8996834,1.3294631],[103.899681,1.3294764],[103.8996282,1.3294666],[103.899629,1.3294622],[103.8996013,1.3294571],[103.899609,1.3294155],[103.8996174,1.3294171],[103.8996217,1.3293936]]]}},{"type":"Feature","properties":{"type":"HDB"},"geometry":{"type":"Polygon","coordinates":[[[103.8990026,1.3295338],[103.8988607,1.3295072],[103.8988769,1.3294199],[103.8990721,1.3294566],[103.8990645,1.3294976],[103.8990026,1.3295338]]]}},{"type":"Feature","properties":{"type":"HDB"},"geometry":{"type":"Polygon","coordinates":[[[103.903273,1.3279657],[103.9033916,1.3278131],[103.9034816,1.3278839],[103.9034714,1.327897],[103.9034585,1.3278869],[103.903441,1.3279094],[103.9034551,1.3279206],[103.9034057,1.3279842],[103.9033934,1.3279744],[103.9033835,1.3279871],[103.9033968,1.3279975],[103.9033877,1.3280091],[103.9033748,1.327999],[103.9033659,1.3280104],[103.9033484,1.3279966],[103.9033295,1.3280209],[103.9033315,1.3280455],[103.9033496,1.3280585],[103.9033711,1.3280308],[103.9033678,1.3280282],[103.903376,1.3280176],[103.9034117,1.3280457],[103.9033999,1.3280609],[103.9034212,1.3280777],[103.9034329,1.3280627],[103.9034559,1.3280809],[103.9034443,1.3280958],[103.9034665,1.3281133],[103.9034771,1.3280996],[103.9035381,1.3281476],[103.9035268,1.3281622],[103.9035463,1.3281775],[103.9035579,1.3281626],[103.903584,1.3281832],[103.9035728,1.3281976],[103.9035927,1.3282132],[103.9036123,1.3281879],[103.9036358,1.3282064],[103.9036341,1.3282224],[103.9036382,1.3282263],[103.9036524,1.3282195],[103.9036731,1.3282358],[103.9036529,1.3282618],[103.9036737,1.3282781],[103.9036854,1.3282631],[103.9037,1.3282746],[103.9036874,1.3282908],[103.9037088,1.3283086],[103.9037139,1.3283021],[103.9037089,1.3282975],[103.9037164,1.3282878],[103.9037251,1.3282944],[103.9037394,1.3282867],[103.9037596,1.3283026],[103.9037394,1.3283286],[103.9037611,1.3283457],[103.9037723,1.3283313],[103.9037944,1.3283487],[103.9037837,1.3283625],[103.903806,1.3283801],[103.9038259,1.3283545],[103.9038482,1.328372],[103.9038461,1.3283874],[103.9038504,1.328392],[103.9038653,1.3283855],[103.9038884,1.3284037],[103.9038694,1.3284296],[103.9038896,1.3284456],[103.903902,1.3284296],[103.9039156,1.3284403],[103.903843,1.3285343],[103.9038435,1.3285315],[103.903821,1.3285138],[103.9038186,1.328515],[103.9038201,1.3285131],[103.9037796,1.3284813],[103.9037772,1.3284824],[103.9037786,1.3284805],[103.9037382,1.3284485],[103.9037356,1.3284498],[103.9037372,1.3284477],[103.9037157,1.3284311],[103.9037144,1.3284328],[103.9037149,1.3284304],[103.9036936,1.3284135],[103.9036913,1.3284146],[103.9036927,1.3284127],[103.9036523,1.3283806],[103.9036507,1.3283827],[103.9036485,1.3283809],[103.9036227,1.3284152],[103.9036229,1.328412],[103.9036054,1.3283995],[103.9036305,1.3283669],[103.9036302,1.3283634],[103.9036085,1.3283466],[103.9036071,1.3283484],[103.9036078,1.328346],[103.9035672,1.3283141],[103.9035658,1.3283159],[103.9035663,1.3283134],[103.9035258,1.3282813],[103.9035243,1.3282833],[103.903525,1.3282807],[103.9035035,1.3282637],[103.9035012,1.3282649],[103.9035027,1.328263],[103.9034812,1.3282464],[103.9034798,1.3282481],[103.9034803,1.3282456],[103.9034398,1.3282139],[103.9034374,1.3282148],[103.9034388,1.3282131],[103.9033985,1.3281812],[103.9033962,1.3281822],[103.9033976,1.3281805],[103.9033762,1.3281637],[103.9033738,1.3281648],[103.9033754,1.3281628],[103.9032911,1.3280994],[103.903273,1.3279657]]]}},{"type":"Feature","properties":{"type":"HDB"},"geometry":{"type":"Polygon","coordinates":[[[103.9038858,1.3279722],[103.9045869,1.3285237],[103.9045147,1.3286167],[103.9045041,1.3286083],[103.904516,1.3285929],[103.9044915,1.3285737],[103.9044738,1.3285965],[103.904452,1.3285794],[103.9044516,1.3285656],[103.9044473,1.3285617],[103.9044343,1.3285654],[103.9044144,1.3285498],[103.904432,1.3285272],[103.9044088,1.3285089],[103.9043979,1.328523],[103.9043854,1.3285132],[103.9043963,1.3284991],[103.9043763,1.3284833],[103.9043647,1.3284984],[103.9043538,1.3284898],[103.9043654,1.3284749],[103.9043418,1.3284564],[103.9043241,1.3284792],[103.9043041,1.3284635],[103.904304,1.3284485],[103.9042982,1.3284444],[103.904286,1.3284492],[103.9042649,1.3284327],[103.904283,1.3284094],[103.9042626,1.3283934],[103.9042511,1.3284082],[103.9042277,1.3283897],[103.9042385,1.3283757],[103.9042161,1.3283581],[103.9042047,1.3283727],[103.9041433,1.3283245],[103.9041542,1.3283104],[103.9041336,1.3282941],[103.9041225,1.3283083],[103.9040983,1.3282892],[103.9041089,1.3282756],[103.9040884,1.3282595],[103.9040781,1.3282727],[103.9040264,1.3282321],[103.9040568,1.328193],[103.9040349,1.3281757],[103.9040106,1.328207],[103.9040146,1.3282102],[103.9040085,1.3282181],[103.9039759,1.3281925],[103.9039867,1.3281785],[103.9039617,1.3281588],[103.9039504,1.3281734],[103.9039283,1.328156],[103.9039397,1.3281414],[103.903919,1.3281251],[103.9039082,1.328139],[103.9038479,1.3280915],[103.9038588,1.3280775],[103.9038366,1.3280601],[103.9038256,1.3280743],[103.9038131,1.3280645],[103.9038858,1.3279722]]]}},{"type":"Feature","properties":{"type":"HDB"},"geometry":{"type":"Polygon","coordinates":[[[103.9045848,1.3286381],[103.9046022,1.3286154],[103.9045781,1.3285967],[103.9045956,1.3285739],[103.9046088,1.3285778],[103.9046131,1.3285724],[103.9046087,1.3285567],[103.9046273,1.3285323],[103.9046558,1.3285543],[103.9046693,1.3285366],[103.9046413,1.328515],[103.9046635,1.3284859],[103.9046764,1.3284899],[103.904681,1.328483],[103.9046746,1.3284714],[103.9046935,1.3284467],[103.9047221,1.3284689],[103.904727,1.3284625],[103.9047244,1.3284596],[103.9047419,1.3284363],[103.9047458,1.3284379],[103.9047521,1.3284296],[103.9047238,1.3284077],[103.9047443,1.3283809],[103.9047572,1.3283855],[103.9047616,1.3283797],[103.9047568,1.3283645],[103.9047718,1.328345],[103.9047967,1.3283642],[103.904815,1.3283403],[103.9048003,1.3283289],[103.9048106,1.3283154],[103.9049029,1.3283869],[103.9046516,1.3287159],[103.9045585,1.3286411],[103.9045697,1.3286264],[103.9045848,1.3286381]]]}},{"type":"Feature","properties":{"type":"HDB"},"geometry":{"type":"Polygon","coordinates":[[[103.9028948,1.3283914],[103.9028973,1.328392],[103.9029173,1.3283719],[103.9029165,1.3283693],[103.9029182,1.3283708],[103.9029539,1.328334],[103.9029523,1.3283322],[103.902955,1.3283332],[103.9029905,1.3282964],[103.9029897,1.3282938],[103.9029916,1.3282954],[103.902995,1.328292],[103.9030295,1.3282549],[103.903151,1.3282531],[103.9031506,1.3282556],[103.90317,1.328275],[103.9031717,1.3282735],[103.903171,1.3282761],[103.9032075,1.3283119],[103.9032092,1.3283103],[103.9032084,1.3283128],[103.9032277,1.3283319],[103.9032302,1.3283311],[103.9032287,1.3283329],[103.9032479,1.3283519],[103.9032504,1.3283511],[103.9032488,1.3283529],[103.9032853,1.3283891],[103.9032871,1.3283874],[103.9032864,1.3283899],[103.9033228,1.3284261],[103.9033245,1.3284246],[103.9033238,1.3284271],[103.903343,1.328446],[103.9033456,1.3284452],[103.9033441,1.3284471],[103.9033633,1.3284659],[103.9033658,1.3284651],[103.9033643,1.3284669],[103.9034008,1.3285029],[103.9034025,1.3285014],[103.9034018,1.3285039],[103.9034382,1.3285401],[103.9034408,1.3285392],[103.9034392,1.328541],[103.9034465,1.3285484],[103.9034584,1.32856],[103.9034609,1.3285592],[103.9034594,1.328561],[103.9034777,1.328579],[103.9034794,1.3285775],[103.9034787,1.32858],[103.9035152,1.328616],[103.9035177,1.3286153],[103.9035162,1.328617],[103.9035354,1.328636],[103.9035371,1.3286346],[103.9035363,1.328637],[103.9035555,1.328656],[103.9035573,1.3286544],[103.9035567,1.3286571],[103.9035931,1.3286931],[103.9035956,1.3286923],[103.9035941,1.3286941],[103.9036305,1.3287302],[103.9036324,1.3287286],[103.9036316,1.3287313],[103.9036405,1.3287403],[103.9036519,1.3287511],[103.9036544,1.3287504],[103.9035744,1.3288327],[103.903563,1.3288213],[103.903576,1.3288081],[103.903556,1.3287876],[103.9035334,1.3288105],[103.9035134,1.328791],[103.9035154,1.3287808],[103.9035086,1.328774],[103.9034984,1.3287762],[103.9034786,1.3287569],[103.9034965,1.3287377],[103.9034766,1.3287181],[103.9034676,1.3287271],[103.9034474,1.3287068],[103.9034562,1.3286979],[103.9034361,1.3286781],[103.9034179,1.3286969],[103.903398,1.3286772],[103.903402,1.3286626],[103.903396,1.3286564],[103.9034083,1.3286424],[103.9033951,1.3286289],[103.903381,1.3286413],[103.9033706,1.3286307],[103.9033828,1.3286182],[103.9033628,1.3285983],[103.9033408,1.3286206],[103.9033211,1.3286011],[103.9033236,1.3285886],[103.9033204,1.3285856],[103.9033061,1.3285859],[103.9032863,1.3285664],[103.9033085,1.3285431],[103.9032896,1.3285241],[103.9032763,1.3285378],[103.9032542,1.3285159],[103.903267,1.3285025],[103.9032479,1.3284838],[103.9032349,1.3284969],[103.9031802,1.3284427],[103.9031933,1.3284291],[103.9031729,1.32841],[103.9031597,1.3284226],[103.9031397,1.3284027],[103.9031532,1.328389],[103.903133,1.328369],[103.9031193,1.3283825],[103.9030886,1.3283523],[103.903096,1.3283446],[103.9030987,1.3283472],[103.9031225,1.3283233],[103.903106,1.3283068],[103.9030824,1.3283067],[103.9030638,1.3283262],[103.9030809,1.328343],[103.9030697,1.3283533],[103.9030807,1.3283648],[103.9030706,1.3283753],[103.9030607,1.3283658],[103.9030514,1.3283753],[103.9030611,1.328385],[103.9030072,1.3284402],[103.9029941,1.3284273],[103.9029747,1.3284476],[103.9029874,1.3284602],[103.9029761,1.328472],[103.9028948,1.3283914]]]}},{"type":"Feature","properties":{"type":"HDB"},"geometry":{"type":"Polygon","coordinates":[[[103.9027126,1.3286162],[103.9026935,1.3285976],[103.9028567,1.3284304],[103.9029423,1.3285148],[103.9029307,1.3285263],[103.9029167,1.3285125],[103.9029073,1.3285249],[103.9028968,1.3285331],[103.9029206,1.3285565],[103.9029032,1.3285745],[103.9028879,1.3285731],[103.902884,1.3285773],[103.9028881,1.3285899],[103.9028651,1.3286133],[103.902838,1.3285869],[103.9028309,1.3285949],[103.9028346,1.3285985],[103.9028144,1.3286193],[103.90281,1.328615],[103.9028028,1.3286231],[103.9028298,1.3286496],[103.9028069,1.328673],[103.9027942,1.3286692],[103.902788,1.3286753],[103.9027921,1.3286886],[103.9027742,1.3287064],[103.9027503,1.3286829],[103.9027409,1.328695],[103.9027303,1.3287029],[103.9027447,1.3287171],[103.9027332,1.328729],[103.9026618,1.3286584],[103.9026653,1.3286576],[103.9026838,1.328636],[103.902689,1.328641],[103.9027126,1.3286162]]]}},{"type":"Feature","properties":{"type":"HDB"},"geometry":{"type":"Polygon","coordinates":[[[103.9042445,1.3286859],[103.9042679,1.3287044],[103.9042483,1.3287296],[103.9042681,1.3287452],[103.9042793,1.3287308],[103.9043054,1.3287514],[103.9042938,1.3287664],[103.9043133,1.3287817],[103.9043246,1.3287672],[103.9043856,1.3288152],[103.904375,1.3288288],[103.9043972,1.3288463],[103.9044088,1.3288314],[103.9044319,1.3288495],[103.9044202,1.3288645],[103.9044416,1.3288813],[103.9044533,1.3288661],[103.904489,1.3288942],[103.9044808,1.3289048],[103.9044775,1.3289022],[103.904456,1.3289298],[103.9044729,1.3289444],[103.9044971,1.3289404],[103.904516,1.3289161],[103.9044984,1.3289023],[103.9045073,1.3288909],[103.9044944,1.3288807],[103.9045034,1.3288691],[103.9045167,1.3288795],[103.9045265,1.3288669],[103.9045141,1.3288571],[103.9045635,1.3287936],[103.9045777,1.3288047],[103.9045952,1.3287822],[103.9045824,1.328772],[103.9045926,1.3287589],[103.9046825,1.3288297],[103.9045599,1.3289875],[103.9044335,1.3289993],[103.9040907,1.328729],[103.9040647,1.3287633],[103.9040649,1.32876],[103.9040473,1.3287475],[103.9040705,1.3287179],[103.904072,1.3287115],[103.9040315,1.3286797],[103.9040302,1.3286814],[103.9040307,1.3286788],[103.9040094,1.328662],[103.9040079,1.3286639],[103.9040084,1.3286614],[103.9039871,1.3286446],[103.9039856,1.3286464],[103.9039862,1.3286438],[103.9039456,1.328612],[103.9039442,1.3286138],[103.9039447,1.3286113],[103.9039043,1.3285795],[103.9039029,1.3285813],[103.9039034,1.3285787],[103.903881,1.328561],[103.9038784,1.3285623],[103.903951,1.3284684],[103.9039651,1.3284795],[103.9039528,1.3284955],[103.903973,1.3285114],[103.9039934,1.3284866],[103.9040165,1.3285048],[103.9040138,1.3285209],[103.9040193,1.3285239],[103.9040337,1.3285183],[103.9040559,1.3285357],[103.9040359,1.3285614],[103.9040583,1.3285789],[103.904069,1.3285651],[103.9040911,1.3285825],[103.90408,1.3285969],[103.9041017,1.328614],[103.9041219,1.3285881],[103.9041421,1.328604],[103.9041381,1.3286198],[103.9041466,1.3286267],[103.9041391,1.3286364],[103.9041334,1.3286326],[103.9041283,1.3286391],[103.9041506,1.3286557],[103.9041632,1.3286395],[103.9041778,1.328651],[103.9041662,1.3286661],[103.904187,1.3286824],[103.9042071,1.3286565],[103.9042279,1.3286728],[103.9042247,1.3286883],[103.9042294,1.3286914],[103.9042445,1.3286859]]]}},{"type":"Feature","properties":{"type":"HDB"},"geometry":{"type":"Polygon","coordinates":[[[103.9036687,1.329283],[103.9036893,1.3293034],[103.9037019,1.3292902],[103.9037121,1.3293004],[103.9036996,1.3293135],[103.903718,1.3293317],[103.9037305,1.3293185],[103.9037409,1.3293289],[103.9037284,1.329342],[103.9037486,1.329362],[103.9037705,1.329339],[103.9037905,1.3293585],[103.9037877,1.3293705],[103.9037939,1.3293768],[103.9038059,1.3293742],[103.9038254,1.3293935],[103.9038029,1.3294165],[103.9038231,1.3294365],[103.9038365,1.3294229],[103.9038479,1.3294343],[103.9037679,1.3295164],[103.9037682,1.3295138],[103.9037484,1.3294939],[103.9037466,1.3294955],[103.9037474,1.3294929],[103.9037107,1.3294567],[103.903708,1.3294576],[103.9037097,1.3294557],[103.9036849,1.329431],[103.9036731,1.3294197],[103.9036714,1.3294213],[103.9036721,1.3294188],[103.9036531,1.3293998],[103.9036512,1.3294015],[103.903652,1.3293988],[103.9036338,1.3293807],[103.903632,1.3293822],[103.9036327,1.3293796],[103.9036135,1.3293608],[103.9036118,1.3293623],[103.9036126,1.3293599],[103.9035758,1.3293236],[103.9035741,1.3293252],[103.903575,1.3293226],[103.9035385,1.3292867],[103.9035367,1.3292882],[103.9035375,1.3292857],[103.9035183,1.3292668],[103.9035166,1.3292684],[103.9035172,1.3292657],[103.9034982,1.3292464],[103.9034962,1.3292482],[103.903497,1.3292457],[103.9034606,1.3292096],[103.903458,1.3292104],[103.9034596,1.3292086],[103.9034232,1.3291724],[103.9034213,1.3291741],[103.9034221,1.3291717],[103.9034028,1.3291529],[103.9034011,1.3291543],[103.9034019,1.3291518],[103.9033645,1.3291146],[103.9033627,1.3291162],[103.9033635,1.3291137],[103.9033442,1.3290943],[103.9033427,1.3290957],[103.9033069,1.3290575],[103.903305,1.3290592],[103.9033057,1.3290567],[103.9032691,1.3290207],[103.9032675,1.3290221],[103.9032682,1.3290196],[103.9032492,1.3290007],[103.9032466,1.3290015],[103.9032481,1.3289997],[103.9032287,1.3289807],[103.903227,1.3289822],[103.9032277,1.3289796],[103.9031913,1.3289435],[103.9031887,1.3289444],[103.9031902,1.3289427],[103.9031537,1.3289065],[103.9031511,1.3289074],[103.9031526,1.3289056],[103.9031338,1.3288864],[103.903131,1.3288876],[103.9031325,1.3288858],[103.9031144,1.3288674],[103.9031125,1.3288692],[103.9031132,1.3288667],[103.9030942,1.3288476],[103.9030924,1.3288492],[103.9030931,1.3288467],[103.9030567,1.3288103],[103.9030546,1.3288122],[103.9030555,1.3288096],[103.9030193,1.3287734],[103.9030174,1.328775],[103.9030182,1.3287725],[103.902998,1.3287528],[103.9029953,1.3287534],[103.9030752,1.3286713],[103.9030868,1.3286829],[103.9030746,1.3286955],[103.9030944,1.3287152],[103.903107,1.3287026],[103.903162,1.3287568],[103.9031499,1.3287708],[103.9031694,1.3287898],[103.9031822,1.3287771],[103.9031928,1.3287874],[103.9031795,1.3288003],[103.9031976,1.3288186],[103.9032107,1.3288053],[103.9032211,1.3288155],[103.9032086,1.328829],[103.9032286,1.3288486],[103.9032417,1.3288356],[103.9032966,1.3288901],[103.9032841,1.3289029],[103.9033034,1.3289219],[103.9033162,1.3289091],[103.9033378,1.3289305],[103.9033256,1.328944],[103.9033451,1.3289631],[103.9033573,1.3289499],[103.9034122,1.3290039],[103.9033993,1.3290172],[103.9034186,1.3290364],[103.9034324,1.3290239],[103.903462,1.3290533],[103.9034287,1.3290874],[103.9034469,1.3291055],[103.9034803,1.3290714],[103.9034909,1.3290817],[103.9034774,1.3290956],[103.9034979,1.3291155],[103.9035112,1.3291018],[103.903566,1.3291559],[103.9035537,1.3291693],[103.9035724,1.3291884],[103.9035853,1.3291749],[103.9036073,1.3291969],[103.9035965,1.3292079],[103.9036157,1.3292269],[103.9036358,1.3292063],[103.9036557,1.3292257],[103.9036535,1.3292381],[103.9036587,1.3292433],[103.903671,1.3292409],[103.9036908,1.3292603],[103.9036687,1.329283]]]}},{"type":"Feature","properties":{"type":"HDB"},"geometry":{"type":"Polygon","coordinates":[[[103.903859,1.3289555],[103.9038614,1.3289547],[103.90386,1.3289565],[103.9038784,1.3289746],[103.9038801,1.3289732],[103.9038793,1.3289755],[103.9038984,1.3289945],[103.9039,1.3289931],[103.9038994,1.3289955],[103.9039359,1.3290316],[103.9039384,1.3290308],[103.9039369,1.3290325],[103.9039735,1.3290686],[103.9039752,1.3290671],[103.9039745,1.3290696],[103.9039936,1.3290886],[103.9039962,1.3290877],[103.9039947,1.3290896],[103.9040139,1.3291086],[103.9040163,1.3291078],[103.9040148,1.3291096],[103.9040514,1.3291456],[103.9040539,1.3291449],[103.9040525,1.3291466],[103.9040889,1.3291827],[103.9040907,1.3291812],[103.9040899,1.3291837],[103.904109,1.3292026],[103.9041115,1.3292018],[103.90411,1.3292035],[103.9041291,1.3292223],[103.9041309,1.329221],[103.9041302,1.3292235],[103.9041666,1.3292597],[103.9041683,1.3292582],[103.9041676,1.3292607],[103.9041746,1.3292677],[103.904187,1.3292798],[103.9041895,1.329279],[103.9041898,1.3293225],[103.904192,1.3293226],[103.9041898,1.3293246],[103.9041894,1.3293571],[103.9041922,1.3293572],[103.9041894,1.3293592],[103.9041907,1.3294024],[103.9041882,1.3294017],[103.9041505,1.3294402],[103.9041512,1.3294427],[103.9041495,1.3294413],[103.9041135,1.3294782],[103.904115,1.3294798],[103.9041126,1.3294791],[103.9040768,1.3295159],[103.9040775,1.3295184],[103.9040758,1.329517],[103.9040561,1.3295371],[103.9040568,1.3295397],[103.9039751,1.3294593],[103.9039864,1.3294477],[103.9039993,1.3294607],[103.9040193,1.3294404],[103.9040064,1.3294274],[103.9040601,1.3293722],[103.9040734,1.3293856],[103.9040829,1.3293758],[103.9040696,1.3293623],[103.9040801,1.3293518],[103.9040934,1.3293646],[103.9041023,1.3293558],[103.9041016,1.3293523],[103.904118,1.3293692],[103.9041377,1.3293502],[103.9041372,1.3293259],[103.9041206,1.3293095],[103.9040971,1.3293336],[103.9040997,1.3293361],[103.9040922,1.3293438],[103.9040613,1.3293134],[103.9040753,1.3293001],[103.904054,1.3292803],[103.904041,1.3292935],[103.9040207,1.3292737],[103.9040338,1.3292599],[103.904014,1.32924],[103.9040008,1.3292536],[103.903946,1.3291995],[103.9039589,1.3291859],[103.9039395,1.329167],[103.9039268,1.3291807],[103.9039046,1.3291587],[103.9039176,1.3291451],[103.9038985,1.3291261],[103.9038762,1.3291494],[103.9038564,1.3291297],[103.9038587,1.3291173],[103.9038534,1.3291121],[103.9038409,1.3291143],[103.9038212,1.329095],[103.903843,1.3290726],[103.9038229,1.3290527],[103.9038103,1.3290656],[103.9037954,1.3290509],[103.9038079,1.3290381],[103.9037939,1.3290242],[103.9037888,1.3290293],[103.9037917,1.3290323],[103.9037847,1.3290402],[103.9037786,1.3290341],[103.9037641,1.3290384],[103.9037442,1.3290191],[103.903761,1.3290016],[103.9037409,1.3289815],[103.9037334,1.3289893],[103.9037131,1.3289692],[103.9037209,1.3289613],[103.9037009,1.3289415],[103.9036839,1.3289593],[103.903664,1.3289396],[103.9036667,1.3289236],[103.9036622,1.3289191],[103.9036485,1.3289243],[103.9036286,1.3289046],[103.9036512,1.3288819],[103.9036313,1.3288622],[103.9036179,1.3288756],[103.9036065,1.3288639],[103.9036865,1.3287819],[103.9036858,1.3287844],[103.9037059,1.3288046],[103.9037084,1.3288037],[103.9037069,1.3288055],[103.9037435,1.3288415],[103.9037452,1.32884],[103.9037445,1.3288425],[103.9037811,1.3288786],[103.9037828,1.3288771],[103.9037821,1.3288796],[103.9038013,1.3288985],[103.903803,1.328897],[103.9038023,1.3288995],[103.9038214,1.3289185],[103.9038239,1.3289177],[103.9038225,1.3289195],[103.903859,1.3289555]]]}},{"type":"Feature","properties":{"type":"HDB"},"geometry":{"type":"Polygon","coordinates":[[[103.9028685,1.3295673],[103.9028461,1.329545],[103.9028516,1.3295394],[103.9028271,1.3295152],[103.9028078,1.3295344],[103.9023329,1.329066],[103.9023318,1.3289692],[103.9024178,1.3288806],[103.9024372,1.3288996],[103.9024607,1.3288755],[103.9024556,1.3288705],[103.9024778,1.3288479],[103.9025492,1.3289184],[103.9025374,1.3289304],[103.9025235,1.3289166],[103.902504,1.3289364],[103.9025271,1.3289605],[103.9025098,1.3289784],[103.9024969,1.3289746],[103.9024907,1.328981],[103.9024946,1.3289938],[103.9024791,1.3290092],[103.9024634,1.329009],[103.9024451,1.3289906],[103.9024373,1.3290011],[103.902378,1.3289422],[103.9023463,1.3289751],[103.9023467,1.3290028],[103.9023984,1.3290023],[103.9023984,1.3289967],[103.9024057,1.3289968],[103.9024046,1.3290295],[103.9024073,1.3290313],[103.9023469,1.3290317],[103.9023477,1.3290605],[103.9023796,1.3290919],[103.9024378,1.329032],[103.9024456,1.3290422],[103.9024638,1.3290235],[103.9024796,1.3290226],[103.902495,1.329038],[103.9024914,1.329051],[103.9024976,1.329057],[103.9025104,1.329053],[103.9025281,1.3290708],[103.9025054,1.3290954],[103.9025257,1.3291151],[103.9025391,1.3291012],[103.9025598,1.3291214],[103.9025462,1.3291355],[103.9025659,1.3291553],[103.9025802,1.3291417],[103.9026368,1.3291976],[103.9026199,1.3292149],[103.9026364,1.329231],[103.9026532,1.3292137],[103.902715,1.3292749],[103.9026983,1.3292919],[103.9027059,1.3292995],[103.9027179,1.3292874],[103.9027246,1.3292943],[103.9027208,1.3292982],[103.9027331,1.3293104],[103.9027371,1.3293064],[103.9027385,1.3293077],[103.9027014,1.3293461],[103.9027206,1.329365],[103.9027469,1.3293378],[103.9027548,1.3293478],[103.9027717,1.3293307],[103.9028333,1.3293915],[103.902817,1.3294092],[103.9028331,1.3294252],[103.9028498,1.329408],[103.9029063,1.3294638],[103.9028926,1.3294779],[103.9029013,1.3294868],[103.9029034,1.3294862],[103.9029129,1.3294981],[103.9029267,1.3294839],[103.9029384,1.3294954],[103.9028685,1.3295673]]]}},{"type":"Feature","properties":{"type":"HDB"},"geometry":{"type":"Polygon","coordinates":[[[103.9031516,1.3292148],[103.9031541,1.3292141],[103.9031526,1.3292158],[103.9031891,1.3292518],[103.9031907,1.3292504],[103.9031901,1.3292528],[103.9032094,1.3292718],[103.9032117,1.3292711],[103.9032103,1.3292728],[103.9032479,1.3293098],[103.90325,1.329309],[103.9032486,1.3293105],[103.9032681,1.3293298],[103.9032704,1.3293292],[103.9032691,1.3293307],[103.9033055,1.3293668],[103.9033071,1.3293654],[103.9033065,1.3293678],[103.9033432,1.3294039],[103.9033454,1.3294032],[103.9033441,1.3294048],[103.9033634,1.329424],[103.903365,1.3294225],[103.9033644,1.329425],[103.9033739,1.3294345],[103.9033836,1.3294439],[103.9033854,1.3294425],[103.9033846,1.3294449],[103.9034211,1.329481],[103.9034235,1.3294803],[103.9034221,1.329482],[103.9034586,1.3295181],[103.903461,1.3295173],[103.9034596,1.3295191],[103.9034787,1.329538],[103.9034812,1.3295373],[103.9034797,1.329539],[103.9034979,1.329557],[103.9034997,1.3295555],[103.9034989,1.329558],[103.9035181,1.329577],[103.9035198,1.3295755],[103.9035191,1.3295779],[103.9035556,1.3296141],[103.9035574,1.3296126],[103.9035566,1.3296151],[103.9035932,1.3296513],[103.9035957,1.3296504],[103.9035941,1.3296523],[103.9036143,1.3296722],[103.9036169,1.3296712],[103.903537,1.3297535],[103.9035255,1.3297419],[103.9035386,1.3297285],[103.9035185,1.3297086],[103.903496,1.3297315],[103.9034762,1.3297121],[103.9034803,1.3296972],[103.9034755,1.3296924],[103.903461,1.3296967],[103.903441,1.3296772],[103.903463,1.329655],[103.903443,1.3296348],[103.9034303,1.3296478],[103.9034196,1.3296373],[103.9034161,1.3296331],[103.903421,1.329628],[103.9034248,1.3296317],[103.9034324,1.329624],[103.9034142,1.3296059],[103.9034012,1.3296193],[103.9033908,1.3296087],[103.9034034,1.3295958],[103.9033832,1.3295761],[103.9033613,1.3295987],[103.9033416,1.3295793],[103.9033451,1.3295642],[103.9033403,1.3295594],[103.9033258,1.3295637],[103.9033061,1.3295444],[103.9033286,1.3295211],[103.9033164,1.3295089],[103.9033098,1.3295024],[103.9032964,1.3295157],[103.9032745,1.3294939],[103.9032871,1.3294808],[103.9032683,1.3294615],[103.9032551,1.3294748],[103.9032003,1.3294206],[103.9032126,1.329407],[103.9031927,1.3293875],[103.9031799,1.3294005],[103.9031501,1.3293717],[103.9031835,1.3293373],[103.9031652,1.3293192],[103.903132,1.3293531],[103.9031216,1.329343],[103.9031347,1.3293287],[103.9031256,1.3293196],[103.9031145,1.3293088],[103.9031013,1.3293228],[103.9030466,1.329269],[103.9030598,1.3292542],[103.9030407,1.3292357],[103.903027,1.3292496],[103.9030052,1.329228],[103.903009,1.3292241],[103.9029896,1.3292049],[103.9029857,1.3292087],[103.9029309,1.3291546],[103.9029332,1.3291522],[103.902913,1.3291322],[103.9029107,1.3291345],[103.9029002,1.3291242],[103.9028973,1.3291194],[103.902902,1.3291145],[103.9029059,1.3291183],[103.9029132,1.3291107],[103.902895,1.3290927],[103.9028819,1.3291062],[103.9028714,1.3290958],[103.9028844,1.3290823],[103.9028643,1.3290623],[103.902851,1.3290757],[103.9027964,1.3290217],[103.90281,1.3290078],[103.9027902,1.3289881],[103.9027763,1.3290016],[103.9027647,1.3289901],[103.9028447,1.3289082],[103.9028436,1.328911],[103.9028636,1.328931],[103.9028657,1.3289291],[103.9028646,1.328932],[103.9028685,1.328936],[103.9029016,1.3289678],[103.9029041,1.328967],[103.9029025,1.3289687],[103.902939,1.3290048],[103.9029415,1.329004],[103.90294,1.3290057],[103.9029592,1.3290248],[103.9029609,1.3290233],[103.9029601,1.3290258],[103.9029782,1.329044],[103.9029808,1.329043],[103.9029792,1.3290449],[103.9029985,1.3290639],[103.9030011,1.3290631],[103.9029995,1.3290649],[103.903036,1.3291009],[103.9030387,1.3291],[103.903037,1.3291019],[103.9030736,1.329138],[103.9030755,1.3291364],[103.9030747,1.3291391],[103.9030938,1.3291579],[103.9030963,1.329157],[103.9030948,1.3291588],[103.9031141,1.3291779],[103.9031166,1.3291771],[103.9031151,1.3291789],[103.9031516,1.3292148]]]}},{"type":"Feature","properties":{"type":"HDB"},"geometry":{"type":"Polygon","coordinates":[[[103.9023669,1.3296342],[103.9023809,1.3296437],[103.9023638,1.3296696],[103.9023493,1.3296597],[103.9022605,1.32979],[103.9021769,1.3297309],[103.9022158,1.3296759],[103.9022366,1.3296906],[103.9022587,1.3296557],[103.9022404,1.3296429],[103.9022672,1.3296039],[103.9022644,1.3296007],[103.9022819,1.3295747],[103.9022853,1.3295771],[103.9023127,1.3295368],[103.9023313,1.3295501],[103.9023663,1.3294997],[103.9023447,1.3294807],[103.9023515,1.3294738],[103.9023411,1.3294633],[103.9023128,1.3294924],[103.9022771,1.3294571],[103.9022945,1.3294391],[103.9022644,1.3294103],[103.9022498,1.3294269],[103.9021785,1.3293568],[103.9021934,1.3293396],[103.9021764,1.3293231],[103.9021803,1.3293191],[103.9021466,1.3292845],[103.9021257,1.3293198],[103.9021435,1.329332],[103.9020873,1.3294147],[103.902068,1.3294014],[103.9020557,1.3294207],[103.9020776,1.3294357],[103.9020613,1.32946],[103.9020576,1.3294575],[103.9020305,1.3294979],[103.9020231,1.3294931],[103.902,1.3295271],[103.9020086,1.3295327],[103.9019704,1.3295891],[103.9018871,1.329532],[103.9019761,1.3294011],[103.9019618,1.3293913],[103.9019782,1.3293669],[103.9019926,1.3293771],[103.9021319,1.3291724],[103.902461,1.3294964],[103.9023669,1.3296342]]]}},{"type":"Feature","properties":{"type":"HDB"},"geometry":{"type":"Polygon","coordinates":[[[103.9015933,1.3293911],[103.9017849,1.3295234],[103.9016965,1.3296543],[103.9017109,1.3296635],[103.9016951,1.3296889],[103.9016798,1.3296785],[103.9015253,1.3299045],[103.9015399,1.3299141],[103.9015236,1.3299386],[103.9015088,1.3299288],[103.9014196,1.3300595],[103.9012034,1.3299105],[103.9012346,1.3298652],[103.9010432,1.3297326],[103.9011326,1.3296017],[103.9011196,1.3295934],[103.9011365,1.3295685],[103.9011489,1.3295777],[103.9012717,1.3293971],[103.9012583,1.3293889],[103.9012751,1.3293643],[103.9012883,1.3293732],[103.9013775,1.3292422],[103.9015694,1.3293745],[103.9015791,1.3293601],[103.9016036,1.329377],[103.9015933,1.3293911]],[[103.9013661,1.3294753],[103.901255,1.3296384],[103.9012355,1.3296246],[103.9012293,1.329633],[103.9012342,1.3296364],[103.9012176,1.3296605],[103.9012141,1.3296584],[103.901187,1.3296987],[103.9011671,1.3296851],[103.9011442,1.329719],[103.9011846,1.329747],[103.9012024,1.3297208],[103.901213,1.329728],[103.9012252,1.3297094],[103.9012957,1.3297578],[103.9012827,1.3297767],[103.9012935,1.3297836],[103.9012912,1.329787],[103.9013139,1.3298015],[103.9012896,1.329837],[103.901298,1.3298428],[103.9013057,1.3298314],[103.9013758,1.3298797],[103.9013635,1.3298988],[103.9013734,1.3299058],[103.9013568,1.3299302],[103.9013969,1.3299577],[103.9014184,1.3299258],[103.9013996,1.3299124],[103.9014502,1.3298399],[103.9014309,1.3298268],[103.9014801,1.3297546],[103.9014985,1.3297676],[103.9015114,1.329749],[103.901493,1.3297361],[103.901542,1.3296637],[103.9015604,1.3296766],[103.9015735,1.3296578],[103.9015551,1.3296449],[103.901582,1.3296047],[103.9015916,1.329611],[103.9015899,1.3296142],[103.9015986,1.3296202],[103.9016414,1.3295578],[103.9016619,1.329572],[103.9016836,1.3295372],[103.9016437,1.3295096],[103.9016257,1.3295357],[103.9016154,1.3295283],[103.9016026,1.3295471],[103.9015326,1.3294988],[103.9015465,1.3294782],[103.9015382,1.3294726],[103.9015345,1.3294777],[103.9015103,1.3294607],[103.9015136,1.3294558],[103.9015054,1.32945],[103.9014914,1.3294704],[103.9014214,1.3294217],[103.901434,1.3294034],[103.9014237,1.3293963],[103.9014406,1.3293717],[103.9013994,1.3293431],[103.9013782,1.329376],[103.9013974,1.3293893],[103.9013537,1.3294537],[103.9013563,1.3294685],[103.9013661,1.3294753]]]}},{"type":"Feature","properties":{"type":"HDB"},"geometry":{"type":"Polygon","coordinates":[[[103.9036848,1.3298634],[103.9035994,1.3297792],[103.9036109,1.3297675],[103.9036188,1.3297753],[103.9036388,1.3297549],[103.9036209,1.3297372],[103.9036385,1.3297192],[103.9036513,1.3297227],[103.9036575,1.3297163],[103.9036537,1.3297033],[103.9036766,1.3296802],[103.9037036,1.3297071],[103.903711,1.3296995],[103.903707,1.3296955],[103.9037272,1.3296748],[103.9037311,1.3296784],[103.9037386,1.3296711],[103.9037121,1.3296438],[103.9037345,1.3296206],[103.9037477,1.3296239],[103.9037532,1.3296183],[103.9037496,1.3296051],[103.903772,1.3295826],[103.9037988,1.3296096],[103.9038063,1.3295995],[103.9038159,1.3295923],[103.9037887,1.3295654],[103.903811,1.3295425],[103.9038238,1.3295461],[103.9038299,1.3295396],[103.9038257,1.329527],[103.9038435,1.3295093],[103.9038625,1.3295273],[103.9038828,1.3295066],[103.9038737,1.3294976],[103.9038852,1.329486],[103.9039707,1.3295704],[103.9036848,1.3298634]]]}},{"type":"Feature","properties":{"type":"HDB"},"geometry":{"type":"Polygon","coordinates":[[[103.9030311,1.3295858],[103.9030427,1.3295972],[103.9030269,1.3296134],[103.9030417,1.3296254],[103.9030571,1.3296429],[103.9030727,1.3296269],[103.9031254,1.3296788],[103.9031118,1.3296929],[103.9031237,1.329702],[103.9031224,1.3297034],[103.9031324,1.3297132],[103.9031459,1.3296991],[103.9031623,1.3297156],[103.9031586,1.3297193],[103.9031708,1.3297316],[103.9031749,1.3297274],[103.9031764,1.3297288],[103.9031389,1.329767],[103.9031569,1.3297847],[103.903194,1.3297466],[103.9032049,1.3297574],[103.9031912,1.3297719],[103.9032032,1.329781],[103.9032019,1.3297823],[103.9032119,1.329792],[103.9032255,1.3297777],[103.903278,1.3298297],[103.9032624,1.329846],[103.9032802,1.3298609],[103.9032789,1.3298625],[103.9032924,1.3298757],[103.9033082,1.3298594],[103.9033288,1.3298797],[103.9033133,1.3298958],[103.9033263,1.3299092],[103.9033277,1.3299078],[103.9033431,1.3299255],[103.9033588,1.3299095],[103.9034172,1.3299671],[103.9033997,1.3299851],[103.9034285,1.3300114],[103.903373,1.3300682],[103.9034059,1.3301009],[103.903431,1.3301006],[103.9034305,1.3300492],[103.903425,1.3300493],[103.9034249,1.3300423],[103.9034595,1.3300411],[103.9034603,1.3301004],[103.9034844,1.3301001],[103.9035178,1.3300667],[103.9034613,1.3300105],[103.9034883,1.329983],[103.9034717,1.3299665],[103.9035292,1.3299079],[103.9035454,1.3299237],[103.9035603,1.3299057],[103.9035616,1.3299071],[103.9035752,1.3298939],[103.9035587,1.3298776],[103.9035701,1.3298658],[103.9036562,1.329951],[103.9036543,1.3299529],[103.903651,1.3299496],[103.9036022,1.329999],[103.9036041,1.3300008],[103.9035894,1.3300192],[103.9035867,1.330019],[103.9034924,1.3301164],[103.9034,1.3301176],[103.9033034,1.3300219],[103.9033008,1.3300221],[103.9033042,1.3300185],[103.9032887,1.3300034],[103.903284,1.3300057],[103.9032874,1.3300022],[103.9032624,1.3299775],[103.903259,1.329981],[103.9032612,1.3299762],[103.9032381,1.3299533],[103.9032335,1.3299556],[103.9032368,1.3299521],[103.9032138,1.3299292],[103.9032091,1.3299315],[103.9032125,1.329928],[103.9031874,1.3299033],[103.9031827,1.3299055],[103.9031861,1.329902],[103.9031707,1.3298869],[103.903166,1.3298889],[103.9031717,1.3298832],[103.9030223,1.3297342],[103.9030161,1.3297408],[103.9030181,1.329736],[103.9030033,1.3297206],[103.9029994,1.3297243],[103.9030014,1.3297196],[103.9029763,1.3296952],[103.9029717,1.3296971],[103.9029753,1.3296936],[103.9029518,1.329671],[103.9029486,1.3296742],[103.9029467,1.3296724],[103.9030311,1.3295858]]]}},{"type":"Feature","properties":{"type":"HDB"},"geometry":{"type":"Polygon","coordinates":[[[103.9016296,1.3299728],[103.9019173,1.3295529],[103.902023,1.3296256],[103.901952,1.3297308],[103.9020523,1.3297996],[103.9021239,1.3296952],[103.9022308,1.3297695],[103.9019439,1.3301901],[103.9018372,1.3301159],[103.9019083,1.3300116],[103.9018078,1.3299422],[103.9017365,1.3300467],[103.9016296,1.3299728]]]}},{"type":"Feature","properties":{"type":"HDB"},"geometry":{"type":"Polygon","coordinates":[[[103.9013426,1.3301622],[103.901563,1.3303152],[103.9014315,1.3305079],[103.9014454,1.3305183],[103.9014296,1.3305418],[103.9014151,1.3305322],[103.9012834,1.3307253],[103.9010631,1.330573],[103.9010533,1.330587],[103.9010296,1.3305705],[103.9010526,1.3305361],[103.9006006,1.3302239],[103.9005792,1.3302548],[103.9005554,1.3302386],[103.900565,1.3302243],[103.9004278,1.3301298],[103.9005216,1.3299224],[103.9005071,1.3299153],[103.900519,1.3298887],[103.9005337,1.3298956],[103.9006349,1.3296729],[103.9008391,1.3298139],[103.9008478,1.3297996],[103.9008745,1.3298177],[103.9008518,1.3298525],[103.901164,1.3300689],[103.9013027,1.3301642],[103.9013259,1.3301295],[103.9013528,1.3301475],[103.9013426,1.3301622]],[[103.9012118,1.3305271],[103.9011989,1.3305457],[103.9012494,1.3305805],[103.9012363,1.3305999],[103.9012689,1.3306219],[103.9012959,1.3305817],[103.9012714,1.3305649],[103.9012787,1.3305544],[103.9012601,1.3305418],[103.9013081,1.3304709],[103.9013268,1.3304838],[103.9013548,1.3304422],[103.9013363,1.3304295],[103.9013844,1.330359],[103.9014027,1.3303717],[103.9014101,1.3303614],[103.9014345,1.3303781],[103.9014634,1.3303391],[103.9014299,1.3303156],[103.9014168,1.3303348],[103.9013668,1.3302994],[103.9013541,1.3303185],[103.9012821,1.3302688],[103.9012949,1.3302502],[103.9012606,1.3302265],[103.9012338,1.3302647],[103.9009714,1.3300835],[103.900984,1.3300648],[103.9009652,1.330052],[103.9009524,1.3300706],[103.9007905,1.3299587],[103.9008032,1.32994],[103.9007929,1.3299329],[103.9007968,1.3299268],[103.900772,1.3299113],[103.9007954,1.329877],[103.9007766,1.3298636],[103.9007636,1.3298828],[103.9006816,1.3298265],[103.9006948,1.3298073],[103.9006609,1.3297837],[103.9006424,1.3298265],[103.9006695,1.3298387],[103.9006643,1.3298504],[103.9006847,1.3298597],[103.9006495,1.3299376],[103.9006327,1.3299299],[103.9006162,1.3299659],[103.9006122,1.3299641],[103.9006079,1.3299737],[103.9006287,1.3299833],[103.9005933,1.3300612],[103.900573,1.3300518],[103.9005678,1.3300632],[103.9005407,1.3300505],[103.9005173,1.330098],[103.9005682,1.3301334],[103.9005808,1.3301143],[103.9006202,1.3301427],[103.9006309,1.3301277],[103.9006669,1.3301489],[103.9006796,1.33013],[103.9007511,1.3301792],[103.9007384,1.3301979],[103.9007571,1.3302111],[103.9007698,1.3301924],[103.9008416,1.3302419],[103.900829,1.3302605],[103.9008477,1.3302735],[103.9008604,1.3302548],[103.900932,1.3303043],[103.9009193,1.330323],[103.9009383,1.330336],[103.900951,1.3303173],[103.9010225,1.3303666],[103.9010098,1.3303852],[103.9010288,1.3303985],[103.9010414,1.3303798],[103.9011129,1.3304289],[103.9011,1.3304479],[103.9011106,1.3304548],[103.9011071,1.3304601],[103.90113,1.3304742],[103.9011177,1.3304924],[103.9011262,1.3304982],[103.9011398,1.3304776],[103.9012118,1.3305271]]]}},{"type":"Feature","properties":{"type":"HDB"},"geometry":{"type":"Polygon","coordinates":[[[103.9015193,1.3305684],[103.9016512,1.3303755],[103.9018716,1.3305279],[103.9018813,1.3305128],[103.9019082,1.3305313],[103.9018836,1.330566],[103.9022901,1.3308467],[103.9023138,1.3308123],[103.9023402,1.3308305],[103.9023305,1.3308448],[103.9025344,1.3309857],[103.9023618,1.3311628],[103.9023745,1.3311753],[103.9023569,1.331194],[103.9023438,1.3311811],[103.9021863,1.3313432],[103.9020495,1.3312485],[103.9020398,1.3312631],[103.9020154,1.3312462],[103.902037,1.3312149],[103.9016304,1.330934],[103.9016057,1.3309694],[103.9015825,1.3309527],[103.9015921,1.330938],[103.9013717,1.3307856],[103.9015029,1.3305927],[103.9014885,1.3305829],[103.9015053,1.3305583],[103.9015193,1.3305684]],[[103.902233,1.330942],[103.9022264,1.3309514],[103.9020965,1.3308613],[103.9021094,1.3308428],[103.9020911,1.3308298],[103.9020782,1.3308483],[103.9018149,1.3306668],[103.9018382,1.3306327],[103.9018121,1.3306148],[103.9018162,1.3306085],[103.9018078,1.3306029],[103.9017943,1.3306231],[103.9017226,1.3305736],[103.9017355,1.3305549],[103.9016849,1.3305199],[103.9016979,1.3305011],[103.901665,1.3304798],[103.9016386,1.3305193],[103.9016631,1.330536],[103.9016561,1.3305463],[103.9016744,1.3305589],[103.9016265,1.3306296],[103.901608,1.3306169],[103.9015792,1.3306579],[103.9015983,1.3306711],[103.9015497,1.3307416],[103.9015315,1.3307286],[103.9015242,1.3307393],[103.9014999,1.3307222],[103.9014721,1.3307622],[103.9015049,1.3307845],[103.9015178,1.3307654],[103.9015682,1.3308004],[103.9015807,1.3307816],[103.9016525,1.330831],[103.9016385,1.3308515],[103.9016468,1.3308574],[103.9016571,1.3308425],[103.9016785,1.3308571],[103.9016899,1.3308407],[103.9016874,1.330839],[103.9016939,1.3308296],[103.9017338,1.3308571],[103.901721,1.3308761],[103.9017396,1.3308891],[103.9017525,1.3308702],[103.9018241,1.3309195],[103.9018112,1.3309384],[103.9018301,1.3309513],[103.901843,1.3309324],[103.9019147,1.330982],[103.9019018,1.331001],[103.9019206,1.331014],[103.9019335,1.3309951],[103.9020049,1.3310447],[103.9019921,1.3310633],[103.902011,1.3310762],[103.9020238,1.3310576],[103.9020634,1.3310848],[103.9020602,1.3310895],[103.9020754,1.3310997],[103.9020784,1.3310953],[103.9020953,1.3311068],[103.9020841,1.3311236],[103.9021194,1.3311463],[103.9021025,1.331171],[103.9021239,1.3311864],[103.9021275,1.3311814],[103.9021456,1.3311944],[103.9021322,1.3312133],[103.9021808,1.3312465],[103.902218,1.331209],[103.9021968,1.3311883],[103.9022059,1.3311792],[103.9021895,1.3311632],[103.9022492,1.3311022],[103.9022669,1.3311195],[103.9022739,1.3311122],[103.9022696,1.331108],[103.9022899,1.3310868],[103.9022948,1.3310909],[103.9023019,1.3310839],[103.9022842,1.3310662],[103.9023439,1.3310053],[103.9023595,1.331021],[103.9023686,1.3310122],[103.9023899,1.3310332],[103.9024217,1.3310003],[103.9023881,1.3309773],[103.902375,1.3309967],[103.902293,1.3309401],[103.9023061,1.330921],[103.9022872,1.3309081],[103.9022656,1.33094],[103.9022403,1.3309249],[103.9022304,1.3309398],[103.902233,1.330942]]]}},{"type":"Feature","properties":{"type":"HDB"},"geometry":{"type":"Polygon","coordinates":[[[103.8985421,1.3182789],[103.8985648,1.3182518],[103.8985747,1.3182541],[103.8986053,1.3182136],[103.8986,1.3182106],[103.8986241,1.3181824],[103.8986628,1.3181893],[103.8986642,1.3181842],[103.8987567,1.3182012],[103.8987556,1.3182076],[103.8988646,1.3182286],[103.8988656,1.3182254],[103.8988956,1.3182296],[103.8988947,1.3182333],[103.8989251,1.3182398],[103.8989249,1.318234],[103.8989533,1.3182405],[103.8989526,1.3182454],[103.8990736,1.3182704],[103.8990747,1.3182651],[103.8991822,1.3182864],[103.8991813,1.3182908],[103.8992878,1.3183139],[103.8992903,1.3183092],[103.8994105,1.3183306],[103.8994101,1.3183378],[103.8995105,1.3183579],[103.8994887,1.3183818],[103.8994834,1.318382],[103.8994431,1.3184267],[103.899448,1.318429],[103.8994266,1.3184549],[103.8993531,1.318442],[103.8993548,1.3184263],[103.8993037,1.3184158],[103.8992992,1.3184285],[103.8991253,1.3183952],[103.899128,1.3183786],[103.8990721,1.3183683],[103.8990685,1.3183836],[103.8989047,1.3183525],[103.8989065,1.3183378],[103.8988799,1.3183317],[103.8988756,1.3183465],[103.8986977,1.3183128],[103.8987008,1.3182962],[103.8986724,1.3182903],[103.8986704,1.3183058],[103.8985421,1.3182789]]]}},{"type":"Feature","properties":{"type":"HDB"},"geometry":{"type":"Polygon","coordinates":[[[103.8985421,1.3182789],[103.8985648,1.3182518],[103.8985747,1.3182541],[103.8986053,1.3182136],[103.8986,1.3182106],[103.8986241,1.3181824],[103.8986628,1.3181893],[103.8986642,1.3181842],[103.8987567,1.3182012],[103.8987556,1.3182076],[103.8988646,1.3182286],[103.8988656,1.3182254],[103.8988956,1.3182296],[103.8988947,1.3182333],[103.8989251,1.3182398],[103.8989249,1.318234],[103.8989533,1.3182405],[103.8989526,1.3182454],[103.8990736,1.3182704],[103.8990747,1.3182651],[103.8991822,1.3182864],[103.8991813,1.3182908],[103.8992878,1.3183139],[103.8992903,1.3183092],[103.8994105,1.3183306],[103.8994101,1.3183378],[103.8995105,1.3183579],[103.8994887,1.3183818],[103.8994834,1.318382],[103.8994431,1.3184267],[103.899448,1.318429],[103.8994266,1.3184549],[103.8993531,1.318442],[103.8993548,1.3184263],[103.8993037,1.3184158],[103.8992992,1.3184285],[103.8991253,1.3183952],[103.899128,1.3183786],[103.8990721,1.3183683],[103.8990685,1.3183836],[103.8989047,1.3183525],[103.8989065,1.3183378],[103.8988799,1.3183317],[103.8988756,1.3183465],[103.8986977,1.3183128],[103.8987008,1.3182962],[103.8986724,1.3182903],[103.8986704,1.3183058],[103.8985421,1.3182789]]]}},{"type":"Feature","properties":{"type":"HDB"},"geometry":{"type":"Polygon","coordinates":[[[103.8975509,1.3183988],[103.8976267,1.3183117],[103.8976133,1.3182979],[103.8976394,1.31827],[103.8976759,1.3183004],[103.8977072,1.3182641],[103.8976716,1.3182335],[103.8976982,1.3182029],[103.8977416,1.3182389],[103.897789,1.3181787],[103.8977706,1.3181634],[103.8977646,1.3181698],[103.8977447,1.3181528],[103.8977925,1.3180974],[103.8978808,1.3181716],[103.8978903,1.3181611],[103.8979194,1.3181864],[103.897888,1.3182215],[103.897926,1.3182549],[103.8979553,1.3182179],[103.8980179,1.3182715],[103.8979889,1.3183074],[103.8980263,1.3183388],[103.8980566,1.3183036],[103.8980878,1.3183296],[103.898076,1.3183439],[103.8981589,1.3184167],[103.8981119,1.3184721],[103.8980891,1.3184524],[103.8980956,1.3184447],[103.8980761,1.3184276],[103.8980288,1.3184853],[103.8980469,1.3185008],[103.8980539,1.3184938],[103.8980764,1.3185128],[103.8980273,1.3185698],[103.8979439,1.3184952],[103.8979991,1.3184303],[103.8978169,1.3182714],[103.8977147,1.3183898],[103.8977748,1.3184427],[103.897702,1.3185289],[103.8976456,1.3184805],[103.8976637,1.3184591],[103.8976728,1.3184659],[103.8976894,1.3184476],[103.8976328,1.3183987],[103.8976175,1.3184181],[103.897625,1.3184246],[103.8976062,1.3184464],[103.8975509,1.3183988]]]}},{"type":"Feature","properties":{"type":"HDB"},"geometry":{"type":"Polygon","coordinates":[[[103.8975509,1.3183988],[103.8976267,1.3183117],[103.8976133,1.3182979],[103.8976394,1.31827],[103.8976759,1.3183004],[103.8977072,1.3182641],[103.8976716,1.3182335],[103.8976982,1.3182029],[103.8977416,1.3182389],[103.897789,1.3181787],[103.8977706,1.3181634],[103.8977646,1.3181698],[103.8977447,1.3181528],[103.8977925,1.3180974],[103.8978808,1.3181716],[103.8978903,1.3181611],[103.8979194,1.3181864],[103.897888,1.3182215],[103.897926,1.3182549],[103.8979553,1.3182179],[103.8980179,1.3182715],[103.8979889,1.3183074],[103.8980263,1.3183388],[103.8980566,1.3183036],[103.8980878,1.3183296],[103.898076,1.3183439],[103.8981589,1.3184167],[103.8981119,1.3184721],[103.8980891,1.3184524],[103.8980956,1.3184447],[103.8980761,1.3184276],[103.8980288,1.3184853],[103.8980469,1.3185008],[103.8980539,1.3184938],[103.8980764,1.3185128],[103.8980273,1.3185698],[103.8979439,1.3184952],[103.8979991,1.3184303],[103.8978169,1.3182714],[103.8977147,1.3183898],[103.8977748,1.3184427],[103.897702,1.3185289],[103.8976456,1.3184805],[103.8976637,1.3184591],[103.8976728,1.3184659],[103.8976894,1.3184476],[103.8976328,1.3183987],[103.8976175,1.3184181],[103.897625,1.3184246],[103.8976062,1.3184464],[103.8975509,1.3183988]]]}},{"type":"Feature","properties":{"type":"HDB"},"geometry":{"type":"Polygon","coordinates":[[[103.8997289,1.3184682],[103.899739,1.3184596],[103.89972,1.3184431],[103.8997091,1.3184581],[103.8996832,1.3184361],[103.8997249,1.3183847],[103.8997548,1.3183909],[103.8997712,1.3183718],[103.9000033,1.318417],[103.8999915,1.3184324],[103.9000084,1.3184474],[103.899948,1.3185172],[103.8999281,1.3184996],[103.8999211,1.3185085],[103.8999113,1.3185067],[103.8998887,1.3184884],[103.8998637,1.3185176],[103.8998541,1.3185162],[103.8998371,1.318501],[103.899853,1.3184839],[103.899834,1.318467],[103.8998185,1.318485],[103.8997786,1.3184496],[103.8997685,1.3184618],[103.899776,1.3184696],[103.8997577,1.318493],[103.8997289,1.3184682]]]}},{"type":"Feature","properties":{"type":"HDB"},"geometry":{"type":"Polygon","coordinates":[[[103.8997289,1.3184682],[103.899739,1.3184596],[103.89972,1.3184431],[103.8997091,1.3184581],[103.8996832,1.3184361],[103.8997249,1.3183847],[103.8997548,1.3183909],[103.8997712,1.3183718],[103.9000033,1.318417],[103.8999915,1.3184324],[103.9000084,1.3184474],[103.899948,1.3185172],[103.8999281,1.3184996],[103.8999211,1.3185085],[103.8999113,1.3185067],[103.8998887,1.3184884],[103.8998637,1.3185176],[103.8998541,1.3185162],[103.8998371,1.318501],[103.899853,1.3184839],[103.899834,1.318467],[103.8998185,1.318485],[103.8997786,1.3184496],[103.8997685,1.3184618],[103.899776,1.3184696],[103.8997577,1.318493],[103.8997289,1.3184682]]]}},{"type":"Feature","properties":{"type":"HDB"},"geometry":{"type":"Polygon","coordinates":[[[103.8983481,1.3183714],[103.8993137,1.3185627],[103.8992269,1.3186633],[103.8988696,1.3185912],[103.898861,1.3186389],[103.8988823,1.3186418],[103.8988659,1.3187387],[103.8989001,1.3187439],[103.8988936,1.3187759],[103.898757,1.3187482],[103.8987626,1.3187171],[103.8987916,1.3187234],[103.8988101,1.3186294],[103.8988324,1.3186337],[103.8988417,1.318587],[103.8986551,1.3185514],[103.8986475,1.3185956],[103.8986691,1.3186013],[103.89865,1.3186969],[103.8986865,1.3187032],[103.8986816,1.318734],[103.8985438,1.3187068],[103.8985492,1.3186761],[103.8985775,1.3186804],[103.8985969,1.3185876],[103.8986176,1.3185901],[103.8986261,1.3185454],[103.8984342,1.3185059],[103.8984269,1.318553],[103.8984469,1.3185549],[103.8984291,1.3186511],[103.8984643,1.3186574],[103.8984583,1.3186903],[103.8983178,1.318662],[103.8983247,1.3186313],[103.8983519,1.3186365],[103.898372,1.3185412],[103.8983947,1.3185457],[103.8984041,1.3185006],[103.8982613,1.3184721],[103.8983481,1.3183714]]]}},{"type":"Feature","properties":{"type":"HDB"},"geometry":{"type":"Polygon","coordinates":[[[103.8983481,1.3183714],[103.8993137,1.3185627],[103.8992269,1.3186633],[103.8988696,1.3185912],[103.898861,1.3186389],[103.8988823,1.3186418],[103.8988659,1.3187387],[103.8989001,1.3187439],[103.8988936,1.3187759],[103.898757,1.3187482],[103.8987626,1.3187171],[103.8987916,1.3187234],[103.8988101,1.3186294],[103.8988324,1.3186337],[103.8988417,1.318587],[103.8986551,1.3185514],[103.8986475,1.3185956],[103.8986691,1.3186013],[103.89865,1.3186969],[103.8986865,1.3187032],[103.8986816,1.318734],[103.8985438,1.3187068],[103.8985492,1.3186761],[103.8985775,1.3186804],[103.8985969,1.3185876],[103.8986176,1.3185901],[103.8986261,1.3185454],[103.8984342,1.3185059],[103.8984269,1.318553],[103.8984469,1.3185549],[103.8984291,1.3186511],[103.8984643,1.3186574],[103.8984583,1.3186903],[103.8983178,1.318662],[103.8983247,1.3186313],[103.8983519,1.3186365],[103.898372,1.3185412],[103.8983947,1.3185457],[103.8984041,1.3185006],[103.8982613,1.3184721],[103.8983481,1.3183714]]]}},{"type":"Feature","properties":{"type":"HDB"},"geometry":{"type":"Polygon","coordinates":[[[103.8993789,1.3187651],[103.8994519,1.3186811],[103.8994359,1.3186676],[103.8994641,1.3186345],[103.8994997,1.3186655],[103.8995293,1.3186284],[103.899495,1.3185983],[103.8995211,1.3185673],[103.899564,1.3186044],[103.8996121,1.3185407],[103.8995937,1.3185259],[103.8995867,1.3185327],[103.8995657,1.3185147],[103.899611,1.3184593],[103.8996989,1.3185348],[103.8997093,1.3185226],[103.8997396,1.3185496],[103.8997074,1.3185876],[103.8997453,1.3186192],[103.8997746,1.3185824],[103.8998366,1.3186353],[103.8998066,1.3186727],[103.8998441,1.318704],[103.8998745,1.3186698],[103.8999064,1.3186969],[103.8998953,1.3187098],[103.8999815,1.3187832],[103.8999349,1.3188397],[103.8999127,1.3188205],[103.8999195,1.3188125],[103.8999002,1.3187963],[103.8998538,1.3188521],[103.8998731,1.3188674],[103.8998796,1.3188603],[103.8999015,1.3188791],[103.8998547,1.3189352],[103.8997683,1.3188585],[103.8998233,1.3187938],[103.8996394,1.318634],[103.8995378,1.3187545],[103.8996021,1.3188096],[103.8995279,1.3188979],[103.8994717,1.3188461],[103.8994891,1.3188255],[103.8994979,1.3188322],[103.8995139,1.3188131],[103.8994599,1.3187649],[103.8994434,1.3187836],[103.8994514,1.3187921],[103.8994338,1.3188132],[103.8993789,1.3187651]]]}},{"type":"Feature","properties":{"type":"HDB"},"geometry":{"type":"Polygon","coordinates":[[[103.8993789,1.3187651],[103.8994519,1.3186811],[103.8994359,1.3186676],[103.8994641,1.3186345],[103.8994997,1.3186655],[103.8995293,1.3186284],[103.899495,1.3185983],[103.8995211,1.3185673],[103.899564,1.3186044],[103.8996121,1.3185407],[103.8995937,1.3185259],[103.8995867,1.3185327],[103.8995657,1.3185147],[103.899611,1.3184593],[103.8996989,1.3185348],[103.8997093,1.3185226],[103.8997396,1.3185496],[103.8997074,1.3185876],[103.8997453,1.3186192],[103.8997746,1.3185824],[103.8998366,1.3186353],[103.8998066,1.3186727],[103.8998441,1.318704],[103.8998745,1.3186698],[103.8999064,1.3186969],[103.8998953,1.3187098],[103.8999815,1.3187832],[103.8999349,1.3188397],[103.8999127,1.3188205],[103.8999195,1.3188125],[103.8999002,1.3187963],[103.8998538,1.3188521],[103.8998731,1.3188674],[103.8998796,1.3188603],[103.8999015,1.3188791],[103.8998547,1.3189352],[103.8997683,1.3188585],[103.8998233,1.3187938],[103.8996394,1.318634],[103.8995378,1.3187545],[103.8996021,1.3188096],[103.8995279,1.3188979],[103.8994717,1.3188461],[103.8994891,1.3188255],[103.8994979,1.3188322],[103.8995139,1.3188131],[103.8994599,1.3187649],[103.8994434,1.3187836],[103.8994514,1.3187921],[103.8994338,1.3188132],[103.8993789,1.3187651]]]}},{"type":"Feature","properties":{"type":"HDB"},"geometry":{"type":"Polygon","coordinates":[[[103.8882121,1.3232177],[103.8882101,1.3232493],[103.8881534,1.3232455],[103.8881555,1.3232138],[103.8881279,1.323212],[103.8881297,1.3231834],[103.8881221,1.3231829],[103.8881234,1.3231634],[103.888131,1.3231638],[103.8881329,1.3231351],[103.8881604,1.3231369],[103.8881625,1.3231052],[103.8882191,1.3231089],[103.8882171,1.3231405],[103.8882694,1.3231439],[103.8882714,1.3231124],[103.8883284,1.3231161],[103.8883264,1.3231474],[103.8884071,1.323153],[103.8884333,1.3231546],[103.8884353,1.3231231],[103.8884918,1.3231268],[103.8884897,1.3231584],[103.8885423,1.3231619],[103.8885443,1.3231303],[103.8886008,1.323134],[103.8885988,1.3231656],[103.8887066,1.3231729],[103.8887087,1.3231411],[103.8887654,1.3231448],[103.8887633,1.3231768],[103.8887906,1.3231786],[103.8887887,1.323207],[103.8887963,1.3232076],[103.8887951,1.3232271],[103.8887874,1.3232266],[103.8887856,1.3232549],[103.8887584,1.3232531],[103.8887563,1.3232854],[103.8886996,1.3232816],[103.8887016,1.3232496],[103.8886479,1.3232461],[103.8886472,1.3232571],[103.8886193,1.3232552],[103.8886199,1.3232445],[103.8885938,1.3232428],[103.8885917,1.3232746],[103.8885352,1.3232709],[103.8885373,1.323239],[103.8884847,1.3232356],[103.8884827,1.3232672],[103.8884262,1.3232635],[103.8884283,1.323232],[103.8884016,1.3232302],[103.8884009,1.323241],[103.8883739,1.3232393],[103.8883746,1.3232286],[103.8883213,1.3232251],[103.8883193,1.3232566],[103.8882623,1.3232529],[103.8882644,1.3232212],[103.8882121,1.3232177]]]}},{"type":"Feature","properties":{"type":"HDB"},"geometry":{"type":"Polygon","coordinates":[[[103.8882121,1.3232177],[103.8882101,1.3232493],[103.8881534,1.3232455],[103.8881555,1.3232138],[103.8881279,1.323212],[103.8881297,1.3231834],[103.8881221,1.3231829],[103.8881234,1.3231634],[103.888131,1.3231638],[103.8881329,1.3231351],[103.8881604,1.3231369],[103.8881625,1.3231052],[103.8882191,1.3231089],[103.8882171,1.3231405],[103.8882694,1.3231439],[103.8882714,1.3231124],[103.8883284,1.3231161],[103.8883264,1.3231474],[103.8884071,1.323153],[103.8884333,1.3231546],[103.8884353,1.3231231],[103.8884918,1.3231268],[103.8884897,1.3231584],[103.8885423,1.3231619],[103.8885443,1.3231303],[103.8886008,1.323134],[103.8885988,1.3231656],[103.8887066,1.3231729],[103.8887087,1.3231411],[103.8887654,1.3231448],[103.8887633,1.3231768],[103.8887906,1.3231786],[103.8887887,1.323207],[103.8887963,1.3232076],[103.8887951,1.3232271],[103.8887874,1.3232266],[103.8887856,1.3232549],[103.8887584,1.3232531],[103.8887563,1.3232854],[103.8886996,1.3232816],[103.8887016,1.3232496],[103.8886479,1.3232461],[103.8886472,1.3232571],[103.8886193,1.3232552],[103.8886199,1.3232445],[103.8885938,1.3232428],[103.8885917,1.3232746],[103.8885352,1.3232709],[103.8885373,1.323239],[103.8884847,1.3232356],[103.8884827,1.3232672],[103.8884262,1.3232635],[103.8884283,1.323232],[103.8884016,1.3232302],[103.8884009,1.323241],[103.8883739,1.3232393],[103.8883746,1.3232286],[103.8883213,1.3232251],[103.8883193,1.3232566],[103.8882623,1.3232529],[103.8882644,1.3232212],[103.8882121,1.3232177]]]}},{"type":"Feature","properties":{"type":"HDB"},"geometry":{"type":"Polygon","coordinates":[[[103.8892803,1.3233966],[103.8892839,1.3233788],[103.889297,1.3233818],[103.8892998,1.323369],[103.8892926,1.3233673],[103.8893159,1.323263],[103.8893845,1.3232785],[103.8894024,1.3231979],[103.8894096,1.3231996],[103.8894125,1.3231868],[103.8893993,1.3231838],[103.8894033,1.3231662],[103.8894535,1.3231775],[103.88945,1.3231929],[103.8894715,1.3231977],[103.8894661,1.323222],[103.8894797,1.3232251],[103.8894786,1.3232299],[103.8895216,1.3232396],[103.8895059,1.32331],[103.8895111,1.3233112],[103.8895103,1.3233151],[103.8895357,1.3233209],[103.8895415,1.3232949],[103.8895854,1.3233048],[103.8895974,1.3232593],[103.8896109,1.3232624],[103.8896164,1.3232381],[103.8896378,1.3232429],[103.8896413,1.3232275],[103.8896919,1.323239],[103.8896875,1.3232565],[103.8896744,1.3232535],[103.8896715,1.3232663],[103.8896788,1.323268],[103.8896604,1.3233503],[103.8896556,1.3233492],[103.8896514,1.3233679],[103.8896938,1.3233793],[103.8896907,1.323393],[103.8897118,1.3233978],[103.889709,1.3234203],[103.8897202,1.3234228],[103.8897104,1.323467],[103.8896308,1.323449],[103.8896332,1.3234384],[103.8896034,1.3234317],[103.8896168,1.3233712],[103.8896116,1.3233701],[103.8896125,1.3233661],[103.8895785,1.3233584],[103.8895756,1.3233714],[103.8895971,1.3233763],[103.8895833,1.3234383],[103.8895271,1.3234256],[103.8895291,1.323417],[103.8895006,1.3234106],[103.8894986,1.3234192],[103.889475,1.3234138],[103.8894769,1.3234052],[103.8894484,1.3233988],[103.8894465,1.3234074],[103.8893904,1.3233947],[103.8894042,1.3233327],[103.8894257,1.3233376],[103.8894286,1.3233246],[103.8893884,1.3233155],[103.8893876,1.3233195],[103.8893823,1.3233183],[103.8893799,1.3233291],[103.889386,1.3233305],[103.8893769,1.3233716],[103.889374,1.323376],[103.8893605,1.323373],[103.889355,1.3233972],[103.8893336,1.3233924],[103.8893301,1.3234078],[103.8892803,1.3233966]]]}},{"type":"Feature","properties":{"type":"HDB"},"geometry":{"type":"Polygon","coordinates":[[[103.8897054,1.3235324],[103.8897153,1.3234883],[103.8897264,1.3234908],[103.8897335,1.3234693],[103.8897546,1.323474],[103.8897576,1.3234603],[103.8897628,1.3234596],[103.8898008,1.3234682],[103.8898049,1.3234495],[103.8898001,1.3234484],[103.8898185,1.3233661],[103.8898257,1.3233677],[103.8898285,1.3233549],[103.8898154,1.323352],[103.8898193,1.3233343],[103.8898695,1.3233456],[103.8898661,1.323361],[103.8898876,1.3233659],[103.8898822,1.3233901],[103.8898958,1.3233932],[103.8898873,1.3234395],[103.8899311,1.3234494],[103.8899253,1.3234754],[103.8899508,1.3234812],[103.8899517,1.3234772],[103.8899569,1.3234784],[103.8899726,1.323408],[103.8900156,1.3234177],[103.8900167,1.3234129],[103.8900302,1.3234159],[103.8900357,1.3233917],[103.8900571,1.3233965],[103.8900606,1.3233811],[103.8901108,1.3233924],[103.8901068,1.3234101],[103.8900937,1.3234071],[103.8900908,1.3234199],[103.8900981,1.3234216],[103.8900801,1.3235021],[103.8901487,1.3235176],[103.8901254,1.3236219],[103.8901182,1.3236203],[103.8901153,1.3236331],[103.8901285,1.323636],[103.8901246,1.3236537],[103.8900744,1.3236424],[103.8900766,1.3236322],[103.8900709,1.323631],[103.8900721,1.3236257],[103.8900563,1.3236221],[103.8900617,1.3235978],[103.8900481,1.3235948],[103.8900475,1.3235895],[103.8900566,1.3235484],[103.8900628,1.3235498],[103.8900652,1.323539],[103.8900599,1.3235378],[103.8900608,1.3235339],[103.8900207,1.3235248],[103.8900178,1.3235378],[103.8900393,1.3235427],[103.8900254,1.3236047],[103.8899693,1.323592],[103.8899712,1.3235834],[103.8899427,1.323577],[103.8899408,1.3235856],[103.8899172,1.3235802],[103.8899191,1.3235716],[103.8898906,1.3235652],[103.8898887,1.3235738],[103.8898325,1.3235611],[103.8898464,1.3234991],[103.8898678,1.323504],[103.8898707,1.323491],[103.8898368,1.3234833],[103.8898359,1.3234873],[103.8898306,1.3234861],[103.8898172,1.3235465],[103.8897873,1.3235398],[103.889785,1.3235504],[103.8897054,1.3235324]]]}},{"type":"Feature","properties":{"type":"HDB"},"geometry":{"type":"Polygon","coordinates":[[[103.8901867,1.3235992],[103.8902137,1.3234783],[103.890219,1.3234704],[103.8902274,1.323468],[103.8902353,1.323471],[103.8902551,1.3234896],[103.8902919,1.3235309],[103.8903378,1.3236013],[103.8903404,1.3236198],[103.8903354,1.3236307],[103.8903262,1.3236383],[103.8903082,1.3236406],[103.8901964,1.3236153],[103.8901895,1.3236109],[103.8901867,1.3235992]]]}},{"type":"Feature","properties":{"type":"HDB"},"geometry":{"type":"Polygon","coordinates":[[[103.889751,1.3238332],[103.8898094,1.3238463],[103.8898103,1.3238419],[103.8898156,1.3238431],[103.8898146,1.3238475],[103.889837,1.3238526],[103.88984,1.3238391],[103.8898187,1.3238343],[103.8898239,1.3238112],[103.8898142,1.323809],[103.8898232,1.3237688],[103.8898508,1.3237751],[103.8898518,1.3237707],[103.8899042,1.3237825],[103.8899012,1.3237957],[103.8899626,1.3238096],[103.8899655,1.3237963],[103.8900179,1.3238082],[103.8900169,1.3238126],[103.8900446,1.3238188],[103.8900356,1.323859],[103.890026,1.3238568],[103.8900208,1.32388],[103.8899996,1.3238752],[103.8899966,1.3238886],[103.8899745,1.3238855],[103.8899701,1.3239049],[103.8900013,1.3239119],[103.889998,1.3239267],[103.8900194,1.3239315],[103.8900057,1.3239931],[103.8899505,1.3239806],[103.889953,1.3239692],[103.8899217,1.3239621],[103.8899235,1.3239539],[103.8899034,1.3239494],[103.8899015,1.3239575],[103.8898702,1.3239505],[103.8898676,1.3239619],[103.8898124,1.3239495],[103.8898261,1.3238879],[103.8898476,1.3238928],[103.8898505,1.3238797],[103.8898222,1.3238734],[103.8898212,1.3238778],[103.889816,1.3238766],[103.889817,1.3238722],[103.8897753,1.3238628],[103.8897723,1.3238762],[103.8897936,1.323881],[103.8897884,1.3239042],[103.8897981,1.3239064],[103.8897891,1.3239465],[103.8897615,1.3239403],[103.8897605,1.3239447],[103.8897081,1.3239329],[103.8897111,1.3239196],[103.8896497,1.3239058],[103.8896467,1.323919],[103.8895944,1.3239072],[103.8895954,1.3239028],[103.8895677,1.3238965],[103.8895767,1.3238564],[103.8895863,1.3238586],[103.8895915,1.3238354],[103.8896128,1.3238402],[103.8896157,1.3238267],[103.8895855,1.3238199],[103.8895845,1.3238243],[103.8895792,1.3238231],[103.8895802,1.3238187],[103.8895322,1.3238079],[103.88951,1.3239076],[103.8894863,1.3239023],[103.8894903,1.3238846],[103.8894675,1.3238795],[103.889455,1.3239355],[103.889412,1.3239258],[103.8894428,1.3237877],[103.8894233,1.3237833],[103.8894223,1.3237877],[103.8894171,1.3237865],[103.889418,1.3237821],[103.8893944,1.3237768],[103.8893914,1.3237902],[103.8894126,1.323795],[103.8894075,1.3238182],[103.8894171,1.3238204],[103.8894082,1.3238605],[103.8893805,1.3238543],[103.8893796,1.3238587],[103.8893272,1.3238469],[103.8893301,1.3238336],[103.8892687,1.3238198],[103.8892658,1.323833],[103.8892134,1.3238212],[103.8892144,1.3238168],[103.8891868,1.3238105],[103.8891957,1.3237704],[103.8892054,1.3237726],[103.8892105,1.3237494],[103.8892318,1.3237542],[103.8892348,1.3237407],[103.88924,1.3237401],[103.8892795,1.323749],[103.8892838,1.3237296],[103.8892443,1.3237207],[103.8892399,1.3237178],[103.8892429,1.3237043],[103.8892216,1.3236995],[103.8892268,1.3236764],[103.8892172,1.3236742],[103.8892261,1.3236341],[103.8892537,1.3236403],[103.8892547,1.3236359],[103.8893071,1.3236477],[103.8893041,1.3236609],[103.8893359,1.3236681],[103.8893335,1.3236789],[103.8893537,1.3236835],[103.8893561,1.3236727],[103.8893879,1.3236798],[103.8893908,1.3236666],[103.8894432,1.3236784],[103.8894422,1.3236828],[103.8894698,1.3236891],[103.8894609,1.3237292],[103.8894512,1.3237271],[103.8894461,1.3237502],[103.8894248,1.3237454],[103.8894218,1.3237589],[103.8894497,1.3237652],[103.8894507,1.3237607],[103.8894559,1.3237619],[103.8894549,1.3237663],[103.8895047,1.3237776],[103.8895077,1.3237639],[103.8894845,1.3237587],[103.8894894,1.3237366],[103.8894782,1.3237341],[103.8894881,1.3236899],[103.8895676,1.3237079],[103.8895653,1.3237185],[103.8895951,1.3237252],[103.8895811,1.3237879],[103.8895937,1.3237912],[103.8895977,1.3237939],[103.8895967,1.3237984],[103.889623,1.3238043],[103.8896259,1.3237913],[103.8896045,1.3237864],[103.8896182,1.3237249],[103.8896734,1.3237373],[103.8896709,1.3237488],[103.8897314,1.3237625],[103.8897339,1.323751],[103.8897892,1.3237635],[103.8897754,1.323825],[103.8897539,1.3238202],[103.889751,1.3238332]]]}},{"type":"Feature","properties":{"type":"HDB"},"geometry":{"type":"Polygon","coordinates":[[[103.8880378,1.3237342],[103.8881281,1.3237179],[103.8881418,1.3237191],[103.8881425,1.3237245],[103.8882357,1.323711],[103.8882389,1.3237335],[103.8882739,1.3237285],[103.8882707,1.323706],[103.8884599,1.3236785],[103.8884631,1.3237008],[103.8884977,1.3236958],[103.8884945,1.3236735],[103.888594,1.3236591],[103.8886053,1.3237379],[103.8885745,1.3237423],[103.8885766,1.3237566],[103.8887087,1.3237375],[103.8887191,1.3238103],[103.888691,1.3238143],[103.8886922,1.323823],[103.8886602,1.3238277],[103.888659,1.3238192],[103.8886074,1.32383],[103.8886054,1.3238166],[103.8885852,1.3238196],[103.8886037,1.3239487],[103.8885312,1.3239592],[103.8885275,1.3239338],[103.8885192,1.323935],[103.8885146,1.3239028],[103.8885233,1.3239015],[103.8885195,1.3238748],[103.8885163,1.3238753],[103.8885129,1.3238511],[103.8885073,1.3238519],[103.8885005,1.3238363],[103.8885033,1.3238238],[103.8885205,1.3238214],[103.8885151,1.3237838],[103.8885478,1.323779],[103.8885455,1.323763],[103.8881454,1.323821],[103.8881647,1.3239552],[103.8880713,1.3239688],[103.8880571,1.3238693],[103.8880791,1.3238661],[103.8880741,1.3238313],[103.8880521,1.3238344],[103.8880378,1.3237342]]]}},{"type":"Feature","properties":{"type":"HDB"},"geometry":{"type":"Polygon","coordinates":[[[103.8872241,1.324259],[103.8871839,1.3239816],[103.8872717,1.323864],[103.8873146,1.3238577],[103.8873123,1.3238415],[103.8877207,1.3237816],[103.8877259,1.3238175],[103.8877588,1.3238126],[103.8877725,1.3239121],[103.887757,1.323914],[103.8877547,1.323899],[103.8877269,1.3239031],[103.8877288,1.3239166],[103.8877176,1.3239182],[103.8877181,1.3239212],[103.8876644,1.3239292],[103.8876639,1.323926],[103.8876511,1.3239279],[103.8876474,1.3239022],[103.8875722,1.3239134],[103.8875758,1.3239388],[103.8875625,1.3239407],[103.8875631,1.3239442],[103.8875312,1.323949],[103.8875295,1.3239379],[103.8875122,1.3239405],[103.8875138,1.3239515],[103.887479,1.3239567],[103.8874784,1.3239529],[103.8874662,1.3239547],[103.8874626,1.3239301],[103.8873854,1.3239415],[103.8873889,1.3239659],[103.8873717,1.3239684],[103.8873723,1.3239725],[103.8873226,1.3239799],[103.8873215,1.3239727],[103.8872978,1.323955],[103.8872799,1.3239794],[103.8873035,1.323997],[103.8873107,1.3239959],[103.8873187,1.3240503],[103.8873155,1.3240508],[103.8873174,1.324064],[103.887292,1.3240678],[103.8873035,1.324146],[103.887329,1.3241422],[103.887331,1.3241562],[103.8873343,1.3241557],[103.8873421,1.3242087],[103.8873347,1.3242098],[103.8873152,1.3242338],[103.8873392,1.3242535],[103.8873587,1.3242295],[103.8873576,1.3242213],[103.8874111,1.3242135],[103.8874116,1.3242172],[103.8874268,1.324215],[103.8874301,1.3242382],[103.8875047,1.3242272],[103.8875014,1.3242041],[103.8875163,1.3242019],[103.8875158,1.3241982],[103.8875487,1.3241933],[103.8875505,1.3242059],[103.8875692,1.3242032],[103.8875674,1.3241906],[103.8875988,1.324186],[103.8875993,1.3241897],[103.8876123,1.3241878],[103.8876159,1.3242128],[103.8876891,1.324202],[103.8876856,1.3241771],[103.8877009,1.3241748],[103.8877004,1.3241712],[103.8877582,1.3241627],[103.8877587,1.3241663],[103.8877707,1.3241646],[103.8877739,1.3241872],[103.8878511,1.3241758],[103.8878478,1.3241533],[103.8878602,1.3241514],[103.8878597,1.3241478],[103.8879133,1.32414],[103.8879138,1.3241436],[103.887929,1.3241414],[103.8879309,1.3241546],[103.8879584,1.3241506],[103.8879565,1.3241373],[103.8879696,1.3241354],[103.8879726,1.3241564],[103.8879764,1.3241558],[103.8879868,1.324228],[103.8879831,1.3242285],[103.8879841,1.3242351],[103.8879484,1.3242404],[103.8879537,1.3242771],[103.8873861,1.3243596],[103.8873832,1.3243391],[103.8873387,1.3243456],[103.8872241,1.324259]]]}},{"type":"Feature","properties":{"type":"HDB"},"geometry":{"type":"Polygon","coordinates":[[[103.8885228,1.3239604],[103.8886131,1.3239473],[103.8886251,1.3240317],[103.8886081,1.3240342],[103.888617,1.3240964],[103.888634,1.324094],[103.8886464,1.3241805],[103.8885561,1.324193],[103.8885488,1.3241331],[103.888532,1.3241355],[103.8885346,1.3241542],[103.888483,1.3241617],[103.8884803,1.3241429],[103.8884716,1.3241442],[103.8884762,1.3241764],[103.8884674,1.3241777],[103.8884773,1.3242379],[103.8883871,1.324251],[103.8883745,1.3241632],[103.8883913,1.3241608],[103.8883824,1.3240985],[103.8883656,1.3241009],[103.888353,1.3240129],[103.8884436,1.3240016],[103.8884507,1.3240614],[103.8884597,1.3240601],[103.8884609,1.3240688],[103.8884695,1.3240676],[103.8884655,1.3240395],[103.8885173,1.324032],[103.8885192,1.3240455],[103.8885279,1.3240443],[103.8885242,1.3240182],[103.8885324,1.324017],[103.8885228,1.3239604]]]}},{"type":"Feature","properties":{"type":"HDB"},"geometry":{"type":"Polygon","coordinates":[[[103.8897745,1.3242273],[103.8897783,1.3242101],[103.8898283,1.3242214],[103.8898175,1.3242699],[103.8898227,1.3242711],[103.8898216,1.3242764],[103.8898553,1.324284],[103.8898667,1.3242388],[103.8898614,1.3242376],[103.8898626,1.3242324],[103.8898451,1.3242284],[103.8898567,1.3241761],[103.8898791,1.3241812],[103.8898865,1.3241478],[103.8898905,1.3241487],[103.8898989,1.3241108],[103.8899011,1.3241113],[103.8899022,1.3241064],[103.8899189,1.3241102],[103.8899153,1.3241085],[103.88992,1.3240877],[103.8899816,1.3241016],[103.889969,1.3241581],[103.8899604,1.3241562],[103.8899536,1.3241866],[103.8899069,1.3241761],[103.889904,1.3241893],[103.8899505,1.3241998],[103.8899393,1.3242501],[103.8899222,1.3242463],[103.8899136,1.3242846],[103.8899307,1.3242885],[103.8899195,1.3243388],[103.889873,1.3243283],[103.8898691,1.324346],[103.8899156,1.3243564],[103.889909,1.3243869],[103.8899175,1.3243889],[103.889905,1.3244453],[103.8898434,1.3244314],[103.889848,1.3244107],[103.8898519,1.3244107],[103.8898352,1.3244069],[103.8898363,1.324402],[103.8898341,1.3244016],[103.8898429,1.3243623],[103.8898372,1.324361],[103.8898407,1.3243451],[103.8898464,1.3243464],[103.8898554,1.3243063],[103.8898365,1.324302],[103.8898296,1.324325],[103.889819,1.3243226],[103.8898093,1.3243663],[103.889698,1.3243412],[103.8897077,1.3242975],[103.8896963,1.3242949],[103.8896849,1.3242923],[103.8896752,1.324336],[103.8895638,1.3243109],[103.8895735,1.3242672],[103.889563,1.3242648],[103.8895663,1.3242419],[103.8895374,1.3242354],[103.8895233,1.3242368],[103.8895242,1.3242324],[103.8895045,1.324228],[103.8895016,1.324241],[103.8895231,1.3242458],[103.8895094,1.3243074],[103.8894541,1.3242949],[103.8894567,1.3242834],[103.8893962,1.3242698],[103.8893936,1.3242813],[103.8893384,1.3242688],[103.8893521,1.3242072],[103.8893736,1.3242121],[103.8893765,1.3241991],[103.8893349,1.3241897],[103.8893207,1.3241911],[103.8893217,1.3241867],[103.889304,1.3241827],[103.889301,1.3241962],[103.8893222,1.3242013],[103.8893171,1.3242241],[103.8893267,1.3242263],[103.8893178,1.3242664],[103.8892901,1.3242602],[103.8892892,1.3242646],[103.8892368,1.3242528],[103.8892397,1.3242396],[103.8891867,1.3242276],[103.8891783,1.3242257],[103.8891754,1.3242389],[103.889123,1.3242271],[103.889124,1.3242227],[103.8890964,1.3242165],[103.8891053,1.3241763],[103.889115,1.3241785],[103.8891201,1.3241553],[103.8891414,1.3241601],[103.8891444,1.3241467],[103.8891496,1.324146],[103.8891711,1.3241509],[103.8891754,1.3241314],[103.8891338,1.324122],[103.8891293,1.3241192],[103.8891323,1.3241057],[103.8891111,1.3241009],[103.8891162,1.3240778],[103.8891066,1.3240756],[103.8891155,1.3240354],[103.8891432,1.3240417],[103.8891441,1.3240373],[103.8891965,1.3240491],[103.8891936,1.3240623],[103.8892254,1.3240695],[103.8892226,1.3240821],[103.8892427,1.3240866],[103.8892455,1.324074],[103.8892773,1.3240812],[103.8892803,1.324068],[103.8893326,1.3240798],[103.8893317,1.3240842],[103.8893593,1.3240905],[103.8893503,1.3241306],[103.8893407,1.3241284],[103.8893355,1.3241516],[103.8893143,1.3241468],[103.8893113,1.3241603],[103.8893402,1.3241659],[103.889341,1.3241623],[103.8893462,1.3241635],[103.8893452,1.3241679],[103.8893952,1.3241792],[103.889426,1.3240411],[103.8894689,1.3240508],[103.8894565,1.3241068],[103.8894793,1.324112],[103.8894832,1.3240943],[103.8895069,1.3240997],[103.8894846,1.3241994],[103.8895022,1.3242034],[103.889509,1.3241812],[103.8895195,1.3241836],[103.8895292,1.3241399],[103.8896406,1.3241651],[103.8896308,1.3242088],[103.8896413,1.3242111],[103.8896395,1.3242279],[103.8896517,1.3242306],[103.8896502,1.3242377],[103.889673,1.3242428],[103.8896741,1.3242375],[103.8896794,1.3242387],[103.8896902,1.3241902],[103.8897402,1.3242015],[103.8897363,1.3242187],[103.8897745,1.3242273]]]}},{"type":"Feature","properties":{"type":"HDB"},"geometry":{"type":"Polygon","coordinates":[[[103.889827,1.3247962],[103.8899824,1.324099],[103.8899736,1.3240971],[103.8899789,1.3240732],[103.8899877,1.3240752],[103.8899986,1.3240262],[103.8900424,1.3240361],[103.890092,1.3238138],[103.8900481,1.3238039],[103.8900606,1.3237478],[103.8900703,1.32375],[103.8900825,1.3236953],[103.8901298,1.323706],[103.8901286,1.3237113],[103.8901804,1.323723],[103.8901863,1.3236965],[103.8903125,1.323725],[103.8903109,1.323732],[103.8903925,1.3237505],[103.8903771,1.3238193],[103.8903824,1.3238205],[103.8903771,1.3238443],[103.8903727,1.3238433],[103.8903435,1.3239743],[103.8903707,1.3239805],[103.8903428,1.3241058],[103.8903156,1.3240996],[103.8902549,1.3243719],[103.8902637,1.3243739],[103.8902518,1.3244272],[103.890243,1.3244253],[103.8901569,1.3248118],[103.8901656,1.3248138],[103.8901532,1.3248698],[103.889827,1.3247962]]]}},{"type":"Feature","properties":{"type":"HDB"},"geometry":{"type":"Polygon","coordinates":[[[103.8890419,1.3244242],[103.8890735,1.3242826],[103.8891065,1.32429],[103.8891075,1.3242852],[103.8891251,1.3242891],[103.889124,1.324294],[103.8891366,1.3242968],[103.8891333,1.3243117],[103.8891386,1.3243128],[103.8891355,1.3243265],[103.8891303,1.3243253],[103.889105,1.3244385],[103.8890419,1.3244242]]]}},{"type":"Feature","properties":{"type":"HDB"},"geometry":{"type":"Polygon","coordinates":[[[103.88765,1.3245395],[103.8876546,1.3245388],[103.8876553,1.3245435],[103.887929,1.3245041],[103.8879216,1.3244525],[103.8879485,1.3244487],[103.8879559,1.3245005],[103.8882243,1.3244618],[103.8882234,1.3244562],[103.8882257,1.3244559],[103.8882397,1.3245543],[103.888236,1.3245548],[103.8882356,1.3245517],[103.8882102,1.3245554],[103.8882115,1.3245648],[103.8881541,1.3245731],[103.8881528,1.3245637],[103.8877488,1.3246247],[103.8877497,1.3246313],[103.8876943,1.3246392],[103.8876934,1.3246324],[103.8876671,1.3246362],[103.8876674,1.3246388],[103.8876642,1.3246393],[103.88765,1.3245395]]]}},{"type":"Feature","properties":{"type":"HDB"},"geometry":{"type":"Polygon","coordinates":[[[103.8889666,1.3249262],[103.8889779,1.3248691],[103.8889943,1.3248697],[103.8889985,1.3248505],[103.8890085,1.3248527],[103.8890074,1.3248576],[103.8890489,1.3248669],[103.8890502,1.3248613],[103.889045,1.3248602],[103.8890532,1.3248232],[103.8891355,1.3248417],[103.8891384,1.3248285],[103.8890445,1.3248074],[103.8890449,1.3248055],[103.8890401,1.3248044],[103.8890431,1.3247909],[103.8890262,1.3247871],[103.8890269,1.3247844],[103.8890217,1.3247832],[103.8890266,1.3247611],[103.8890314,1.3247621],[103.8890418,1.324715],[103.8890467,1.3247161],[103.8890473,1.3247135],[103.8890654,1.3247175],[103.8890648,1.3247199],[103.8890706,1.3247212],[103.8890712,1.3247186],[103.8890892,1.3247226],[103.8890887,1.324725],[103.889113,1.3247282],[103.8891124,1.3247309],[103.8891187,1.3247323],[103.8891193,1.3247296],[103.8891372,1.3247336],[103.8891367,1.3247361],[103.8891419,1.3247373],[103.8891317,1.3247836],[103.8891373,1.3247849],[103.8891324,1.3248074],[103.8891484,1.3248128],[103.8891543,1.3248218],[103.889178,1.3248271],[103.8891813,1.324812],[103.8891595,1.3248071],[103.8891731,1.3247454],[103.8891801,1.3247469],[103.8891807,1.324744],[103.8891982,1.3247479],[103.8891976,1.3247505],[103.889205,1.3247521],[103.8892056,1.3247495],[103.8892234,1.3247535],[103.8892228,1.3247562],[103.8892291,1.3247576],[103.8892272,1.3247665],[103.8892306,1.3247673],[103.8892312,1.3247649],[103.8892541,1.3247701],[103.8892536,1.3247725],[103.8892845,1.3247794],[103.8892867,1.3247692],[103.8892936,1.3247708],[103.8892941,1.3247683],[103.8893115,1.3247722],[103.8893109,1.3247748],[103.8893146,1.3247756],[103.8893154,1.3247719],[103.8893207,1.3247731],[103.8893213,1.3247706],[103.8893456,1.3247785],[103.8893461,1.324776],[103.8893641,1.3247801],[103.8893635,1.3247827],[103.8893686,1.3247838],[103.8893656,1.3247974],[103.8893691,1.3247982],[103.8893696,1.3247958],[103.8893985,1.3248046],[103.8893991,1.3248023],[103.8894219,1.3248074],[103.8894213,1.3248101],[103.8894253,1.324811],[103.8894285,1.3247968],[103.8894334,1.3247979],[103.889434,1.3247954],[103.8894516,1.3247993],[103.889451,1.3248021],[103.8894583,1.3248037],[103.889459,1.3248006],[103.8894769,1.3248046],[103.8894762,1.3248077],[103.889481,1.3248088],[103.8894803,1.324812],[103.8894842,1.3248129],[103.8894848,1.3248102],[103.8895021,1.3248141],[103.8895015,1.3248169],[103.8895347,1.3248244],[103.8895361,1.3248181],[103.8895424,1.3248196],[103.8895429,1.3248173],[103.8895683,1.3248253],[103.8895688,1.3248231],[103.8895867,1.3248271],[103.8895862,1.3248294],[103.889593,1.3248309],[103.8895936,1.3248286],[103.8896115,1.3248326],[103.8896109,1.3248353],[103.8896158,1.3248363],[103.889614,1.3248441],[103.8896169,1.3248423],[103.8896655,1.3248554],[103.889666,1.3248532],[103.8896867,1.3248604],[103.8896872,1.3248579],[103.8897047,1.3248642],[103.8897052,1.3248616],[103.8897278,1.3248667],[103.8897272,1.3248694],[103.8897302,1.3248701],[103.889732,1.3248618],[103.8897364,1.3248627],[103.889737,1.3248601],[103.889755,1.3248641],[103.8897545,1.3248665],[103.8897796,1.3248698],[103.8897791,1.3248721],[103.8898054,1.3248755],[103.8898049,1.3248778],[103.8898118,1.3248794],[103.8898014,1.3249261],[103.8897926,1.3249241],[103.8897873,1.3249479],[103.889763,1.3249424],[103.8897606,1.3249533],[103.8897554,1.3249522],[103.8897548,1.3249549],[103.8897142,1.3249458],[103.8897113,1.324959],[103.8897503,1.3249677],[103.8897498,1.3249697],[103.8897547,1.3249707],[103.8897521,1.3249822],[103.889776,1.3249875],[103.8897708,1.3250111],[103.8897786,1.3250129],[103.8897694,1.3250544],[103.8897626,1.3250529],[103.889762,1.3250555],[103.8897442,1.3250516],[103.8897448,1.3250489],[103.8897413,1.3250481],[103.8897405,1.3250518],[103.8897355,1.3250507],[103.889735,1.3250532],[103.8897168,1.3250491],[103.8897174,1.3250463],[103.8897105,1.3250447],[103.8897099,1.3250473],[103.8896919,1.3250432],[103.8896925,1.3250405],[103.889688,1.3250394],[103.889691,1.3250256],[103.8896872,1.3250248],[103.8896866,1.3250277],[103.889663,1.3250225],[103.8896635,1.3250201],[103.8896575,1.3250188],[103.8896569,1.3250213],[103.8896338,1.3250161],[103.8896343,1.3250138],[103.8896309,1.325013],[103.8896278,1.3250269],[103.8896227,1.3250257],[103.8896221,1.3250284],[103.8896041,1.3250244],[103.8896047,1.3250219],[103.8895793,1.3250187],[103.8895799,1.3250162],[103.8895747,1.325015],[103.8895755,1.3250116],[103.8895721,1.3250109],[103.8895716,1.3250134],[103.8895535,1.3250094],[103.889554,1.3250069],[103.8895474,1.3250054],[103.8895566,1.324964],[103.8895636,1.3249655],[103.8895688,1.324942],[103.8895923,1.3249473],[103.889595,1.324935],[103.8895707,1.3249296],[103.8895603,1.3249289],[103.8895595,1.3249325],[103.8895351,1.324927],[103.8895358,1.3249235],[103.8895253,1.3249212],[103.8895244,1.3249255],[103.8895116,1.3249219],[103.8895126,1.3249171],[103.889505,1.3249154],[103.8894997,1.3249332],[103.889508,1.3249351],[103.889499,1.3249758],[103.889494,1.3249746],[103.8894934,1.3249771],[103.8894697,1.3249693],[103.8894692,1.3249718],[103.8894514,1.3249678],[103.8894519,1.3249652],[103.8894466,1.324964],[103.8894493,1.3249521],[103.889432,1.3249482],[103.8894332,1.3249429],[103.8894282,1.3249418],[103.889427,1.3249474],[103.8894097,1.3249436],[103.889407,1.3249555],[103.8894021,1.3249544],[103.8894015,1.3249571],[103.8893834,1.3249531],[103.889384,1.3249505],[103.889378,1.3249492],[103.8893774,1.3249518],[103.8893598,1.3249479],[103.8893604,1.324945],[103.889355,1.3249438],[103.8893659,1.3248896],[103.889352,1.3248878],[103.8893529,1.3248837],[103.8893426,1.3248814],[103.8893419,1.3248847],[103.889322,1.3248802],[103.8893231,1.3248754],[103.889312,1.3248729],[103.8893008,1.324872],[103.8892999,1.3248763],[103.8892914,1.3248744],[103.8892895,1.3248831],[103.8893112,1.3248879],[103.8892975,1.3249499],[103.8892904,1.3249483],[103.8892898,1.324951],[103.8892719,1.324947],[103.8892725,1.3249444],[103.8892655,1.3249428],[103.889265,1.3249454],[103.8892475,1.3249415],[103.889248,1.3249391],[103.8892416,1.3249377],[103.8892437,1.3249283],[103.8892407,1.3249277],[103.8892401,1.3249304],[103.8892169,1.3249252],[103.8892174,1.3249226],[103.8892121,1.3249214],[103.8892092,1.3249342],[103.889153,1.3249216],[103.8891524,1.3249244],[103.8891396,1.3249215],[103.8891402,1.3249189],[103.8891335,1.3249174],[103.8891369,1.324902],[103.8891162,1.3248974],[103.8891238,1.3249007],[103.8891104,1.3249576],[103.889105,1.3249563],[103.8891044,1.3249592],[103.8890869,1.3249553],[103.8890875,1.3249526],[103.8890814,1.3249512],[103.8890808,1.3249538],[103.8890627,1.3249497],[103.8890632,1.3249475],[103.8890584,1.3249464],[103.8890611,1.3249341],[103.8890435,1.3249302],[103.8890446,1.3249252],[103.88904,1.3249242],[103.8890388,1.3249295],[103.8890218,1.3249257],[103.8890191,1.3249379],[103.8890136,1.3249367],[103.889013,1.3249391],[103.8889898,1.3249316],[103.8889893,1.3249341],[103.8889711,1.3249301],[103.8889718,1.3249273],[103.8889666,1.3249262]]]}},{"type":"Feature","properties":{"type":"HDB"},"geometry":{"type":"Polygon","coordinates":[[[103.8877042,1.3249056],[103.8877092,1.3249049],[103.88771,1.3249106],[103.8877348,1.324907],[103.8877333,1.3248964],[103.8877883,1.3248885],[103.8877894,1.3248957],[103.8881948,1.3248373],[103.8881937,1.3248294],[103.8882497,1.3248213],[103.8882509,1.3248298],[103.888275,1.3248263],[103.8882745,1.3248224],[103.8882791,1.3248217],[103.888293,1.3249194],[103.8882869,1.3249203],[103.8882864,1.3249175],[103.8880194,1.3249587],[103.888026,1.3250056],[103.8879966,1.3250098],[103.88799,1.3249633],[103.8877258,1.325004],[103.887726,1.3250061],[103.8877192,1.3250071],[103.8877042,1.3249056]]]}},{"type":"Feature","properties":{"type":"HDB"},"geometry":{"type":"Polygon","coordinates":[[[103.8874109,1.3249899],[103.8873648,1.3246629],[103.8874147,1.3246554],[103.8874135,1.324647],[103.8874689,1.3246389],[103.8875714,1.325367],[103.8875422,1.3253715],[103.8875461,1.3253968],[103.8874701,1.3254082],[103.8874245,1.3250827],[103.8873483,1.3250944],[103.8873346,1.3250003],[103.8874109,1.3249899]]]}},{"type":"Feature","properties":{"type":"HDB"},"geometry":{"type":"Polygon","coordinates":[[[103.8877429,1.3251899],[103.888017,1.325152],[103.8880103,1.3251049],[103.8880407,1.3251005],[103.8880472,1.325146],[103.8883139,1.3251076],[103.8883135,1.3251053],[103.8883199,1.3251044],[103.8883346,1.325208],[103.8883313,1.3252085],[103.8883307,1.3252045],[103.8881426,1.3252316],[103.8881439,1.3252407],[103.8880885,1.3252487],[103.8880873,1.3252399],[103.8877604,1.3252869],[103.887761,1.3252908],[103.8877573,1.3252913],[103.8877429,1.3251899]]]}},{"type":"Feature","properties":{"type":"HDB"},"geometry":{"type":"Polygon","coordinates":[[[103.8893814,1.3252981],[103.8894073,1.3251813],[103.8895824,1.3252206],[103.8895566,1.3253374],[103.8893814,1.3252981]]]}},{"type":"Feature","properties":{"type":"HDB"},"geometry":{"type":"Polygon","coordinates":[[[103.8889852,1.3252229],[103.8889773,1.3252116],[103.8889782,1.3252074],[103.8889363,1.325198],[103.8889413,1.3251757],[103.8889122,1.3251692],[103.8889153,1.325155],[103.8889082,1.3251534],[103.8889175,1.3251114],[103.888946,1.3251178],[103.8889466,1.325115],[103.8889987,1.3251267],[103.8889956,1.3251407],[103.8890553,1.3251541],[103.8890585,1.3251397],[103.8891113,1.3251516],[103.8891106,1.3251549],[103.8891386,1.3251612],[103.8891295,1.3252027],[103.8891222,1.3252011],[103.8891189,1.325216],[103.8890901,1.3252095],[103.8890853,1.325231],[103.8891267,1.3252384],[103.8891263,1.3252402],[103.8891436,1.3252441],[103.889144,1.325242],[103.8891845,1.3252531],[103.8891892,1.3252319],[103.8891601,1.3252254],[103.8891634,1.3252101],[103.889156,1.3252085],[103.8891651,1.3251672],[103.8891936,1.3251736],[103.8891944,1.3251701],[103.8892471,1.3251819],[103.889244,1.3251957],[103.8893033,1.325209],[103.8893063,1.3251952],[103.8893596,1.3252072],[103.8893587,1.3252112],[103.8893862,1.3252173],[103.8893771,1.3252583],[103.8893703,1.3252568],[103.8893671,1.3252715],[103.8893387,1.3252652],[103.8893337,1.3252878],[103.8893033,1.325281],[103.8893004,1.325294],[103.8893435,1.3253037],[103.8893386,1.3253262],[103.8893678,1.3253328],[103.8893646,1.3253472],[103.8893712,1.3253487],[103.8893619,1.3253907],[103.8893338,1.3253844],[103.8893331,1.3253875],[103.8892802,1.3253757],[103.889283,1.325363],[103.8892024,1.3253449],[103.8891995,1.3253581],[103.8891465,1.3253462],[103.8891472,1.3253428],[103.8891194,1.3253366],[103.8891286,1.3252952],[103.8891355,1.3252967],[103.8891388,1.325282],[103.8891674,1.3252884],[103.8891722,1.3252671],[103.8891223,1.3252557],[103.8891219,1.3252575],[103.8891116,1.3252552],[103.8891107,1.3252594],[103.8891016,1.3252573],[103.8890975,1.3252554],[103.8890986,1.3252504],[103.8890471,1.3252408],[103.8890111,1.3252309],[103.8890081,1.3252321],[103.8890025,1.3252485],[103.8889976,1.3252474],[103.888992,1.3252793],[103.8889961,1.3252802],[103.8889942,1.3252891],[103.8889885,1.3252878],[103.8889817,1.3253178],[103.8890044,1.3253229],[103.8890104,1.3252962],[103.8890633,1.3253081],[103.8890508,1.3253643],[103.8890417,1.3253623],[103.8890353,1.3253911],[103.8890515,1.3253948],[103.8890326,1.3254735],[103.8890011,1.3254665],[103.889,1.3254715],[103.8889949,1.3254704],[103.8889786,1.3255439],[103.8889833,1.3255449],[103.8889821,1.3255502],[103.8889787,1.3255494],[103.8889671,1.3255958],[103.8889728,1.3255971],[103.8889705,1.3256078],[103.8890407,1.325625],[103.8890454,1.3256035],[103.8890168,1.3255971],[103.8890201,1.3255825],[103.8890129,1.3255809],[103.8890221,1.3255395],[103.8890501,1.3255458],[103.8890509,1.3255422],[103.8891035,1.3255541],[103.8891005,1.3255676],[103.8891591,1.3255807],[103.8891615,1.3255696],[103.889216,1.3255818],[103.8892038,1.325637],[103.889178,1.3256312],[103.8891728,1.325655],[103.8891461,1.325649],[103.889144,1.3256651],[103.8891388,1.325664],[103.8891341,1.3256855],[103.8891611,1.3256915],[103.8891487,1.3257477],[103.8890932,1.3257353],[103.8890958,1.3257235],[103.8890418,1.3257114],[103.8890555,1.3256494],[103.8890426,1.3256477],[103.8890437,1.325643],[103.8890334,1.3256392],[103.8889941,1.3256304],[103.8889893,1.3256521],[103.8890178,1.3256585],[103.8890146,1.325673],[103.8890221,1.3256747],[103.8890128,1.3257166],[103.8889845,1.3257102],[103.8889838,1.3257134],[103.8889308,1.3257015],[103.8889339,1.3256876],[103.8888747,1.3256744],[103.8888718,1.3256878],[103.8888182,1.3256758],[103.8888189,1.3256724],[103.8887908,1.3256661],[103.8887999,1.3256247],[103.888807,1.3256263],[103.8888104,1.3256113],[103.8888392,1.3256178],[103.8888442,1.3255953],[103.8888883,1.3256052],[103.8888913,1.3255919],[103.8888827,1.3255899],[103.8888894,1.3255595],[103.8888777,1.3255568],[103.8888901,1.3255008],[103.8888862,1.3254999],[103.8888955,1.3254577],[103.8889325,1.3254659],[103.8889363,1.3254403],[103.8889381,1.3254407],[103.8889439,1.3254148],[103.8889229,1.3254101],[103.8889165,1.3254389],[103.8889015,1.3254355],[103.8889,1.3254425],[103.8888594,1.3254334],[103.8888656,1.3254054],[103.888862,1.3254046],[103.8888737,1.3253515],[103.8888875,1.3253546],[103.8889007,1.3252948],[103.8888865,1.3252916],[103.8888983,1.325238],[103.8889031,1.3252391],[103.8889093,1.3252113],[103.8889498,1.3252204],[103.8889482,1.3252278],[103.8889627,1.3252311],[103.8889564,1.3252598],[103.8889779,1.3252646],[103.8889852,1.3252229]]]}},{"type":"Feature","properties":{"type":"HDB"},"geometry":{"type":"Polygon","coordinates":[[[103.8877828,1.3254575],[103.8877869,1.3254569],[103.8877876,1.3254615],[103.888114,1.3254145],[103.8881128,1.325406],[103.8881654,1.3253985],[103.8881666,1.3254071],[103.8883538,1.3253801],[103.8883532,1.325376],[103.8883591,1.3253751],[103.8883729,1.3254723],[103.8883684,1.325473],[103.8883681,1.325471],[103.8880968,1.3255101],[103.8881039,1.3255596],[103.8880757,1.3255636],[103.8880689,1.3255152],[103.8878004,1.3255538],[103.887801,1.3255582],[103.8877955,1.325559],[103.8877828,1.3254575]]]}},{"type":"Feature","properties":{"type":"HDB"},"geometry":{"type":"Polygon","coordinates":[[[103.8856344,1.3250022],[103.8856363,1.3250179],[103.8856326,1.3250188],[103.8856413,1.3250841],[103.8859667,1.3250374],[103.8859739,1.3250877],[103.8859832,1.3250865],[103.8859901,1.3251396],[103.8859498,1.3251457],[103.8859491,1.3251404],[103.885925,1.3251439],[103.8859261,1.3251513],[103.8858677,1.3251598],[103.8858666,1.3251521],[103.8858146,1.3251591],[103.8858163,1.3251675],[103.8857596,1.3251754],[103.8857582,1.3251684],[103.885708,1.3251747],[103.885708,1.3251831],[103.8856509,1.3251913],[103.8856498,1.3251836],[103.8855705,1.3251942],[103.8855715,1.3252027],[103.8855133,1.3252111],[103.8855121,1.3252035],[103.8854623,1.3252105],[103.8854635,1.3252184],[103.8854008,1.3252274],[103.8853999,1.3252206],[103.8853514,1.3252274],[103.8853524,1.3252341],[103.8852968,1.3252427],[103.8852957,1.3252364],[103.8852689,1.3252409],[103.8852625,1.3251976],[103.8852336,1.325202],[103.8852255,1.3251453],[103.8855487,1.3250996],[103.8855371,1.3250178],[103.8856344,1.3250022]]]}},{"type":"Feature","properties":{"type":"HDB"},"geometry":{"type":"Polygon","coordinates":[[[103.8863949,1.3252977],[103.886387,1.3252989],[103.8863785,1.3252413],[103.8864165,1.3252359],[103.8864164,1.3252338],[103.8870985,1.3251366],[103.8871075,1.3251914],[103.8871354,1.3251873],[103.8871429,1.3252429],[103.8868153,1.3252895],[103.8868268,1.3253644],[103.8867424,1.3253769],[103.8867311,1.3253017],[103.8864021,1.3253486],[103.8863949,1.3252977]]]}},{"type":"Feature","properties":{"type":"HDB"},"geometry":{"type":"Polygon","coordinates":[[[103.885534,1.3253608],[103.8855345,1.3253657],[103.885594,1.3253577],[103.885593,1.3253526],[103.8856182,1.3253489],[103.8856199,1.3253627],[103.8856479,1.325359],[103.8856464,1.3253449],[103.8856724,1.3253411],[103.8856732,1.3253466],[103.8857312,1.3253376],[103.8857305,1.3253326],[103.8857795,1.3253254],[103.8857804,1.3253305],[103.8858406,1.3253207],[103.8858398,1.3253161],[103.8858887,1.3253094],[103.8858886,1.3253146],[103.8859485,1.3253066],[103.8859476,1.3253012],[103.8859725,1.3252973],[103.8859734,1.3253027],[103.8860061,1.3252968],[103.8860212,1.3254044],[103.8856703,1.3254558],[103.8856831,1.325467],[103.885698,1.3254655],[103.8857065,1.3255269],[103.8856772,1.3255314],[103.8856775,1.3255343],[103.8856421,1.325539],[103.8856412,1.3255344],[103.8856119,1.3255389],[103.8856026,1.3254774],[103.8856169,1.3254746],[103.8856259,1.3254601],[103.8853127,1.3255038],[103.8853123,1.3255074],[103.8852779,1.3255118],[103.8852696,1.3254551],[103.8852981,1.3254509],[103.8852911,1.3253963],[103.8853166,1.3253927],[103.8853171,1.3253971],[103.8853773,1.3253893],[103.8853765,1.3253842],[103.8854276,1.3253771],[103.8854286,1.3253826],[103.8854855,1.3253739],[103.8854849,1.3253683],[103.885534,1.3253608]]]}},{"type":"Feature","properties":{"type":"HDB"},"geometry":{"type":"Polygon","coordinates":[[[103.8861814,1.3256675],[103.8861641,1.3255562],[103.8864877,1.3255119],[103.886477,1.3254352],[103.8865701,1.3254213],[103.8865819,1.3254989],[103.8869055,1.3254548],[103.8869123,1.325506],[103.8868897,1.325509],[103.8868973,1.3255627],[103.8861814,1.3256675]]]}},{"type":"Feature","properties":{"type":"HDB"},"geometry":{"type":"Polygon","coordinates":[[[103.8867172,1.3258471],[103.886715,1.3258304],[103.8866972,1.3258328],[103.8866912,1.325788],[103.8866734,1.3257904],[103.8866684,1.3257476],[103.8870125,1.3256955],[103.8869995,1.3256837],[103.8869868,1.3256856],[103.8869798,1.3256329],[103.8870681,1.3256193],[103.8870759,1.3256726],[103.8870601,1.3256749],[103.8870518,1.3256903],[103.8874078,1.3256408],[103.8874149,1.3256886],[103.8874239,1.3256874],[103.887431,1.3257453],[103.8873915,1.3257508],[103.8873902,1.3257396],[103.8873738,1.325742],[103.8873755,1.3257584],[103.8873418,1.3257629],[103.8873407,1.3257539],[103.8873353,1.3257546],[103.8873365,1.3257636],[103.8873018,1.3257683],[103.8872998,1.3257533],[103.887266,1.3257578],[103.887268,1.3257728],[103.8872333,1.3257775],[103.8872322,1.3257686],[103.8872268,1.3257693],[103.887228,1.3257782],[103.8871933,1.3257829],[103.8871913,1.3257679],[103.8871575,1.3257725],[103.8871595,1.3257875],[103.8871248,1.3257921],[103.8871237,1.3257832],[103.8871183,1.325784],[103.8871195,1.3257929],[103.8870848,1.3257975],[103.8870828,1.3257826],[103.8870075,1.3257927],[103.8870095,1.3258077],[103.8869748,1.3258124],[103.8869736,1.3258035],[103.8869683,1.3258042],[103.8869695,1.3258131],[103.8869348,1.3258178],[103.8869328,1.3258028],[103.886899,1.3258074],[103.886901,1.3258223],[103.8868663,1.325827],[103.8868651,1.3258182],[103.8868598,1.3258189],[103.886861,1.3258277],[103.8868263,1.3258324],[103.8868243,1.3258175],[103.8867905,1.3258221],[103.8867925,1.3258369],[103.8867578,1.3258416],[103.8867566,1.3258328],[103.8867513,1.3258335],[103.8867525,1.3258423],[103.8867172,1.3258471]]]}},{"type":"Feature","properties":{"type":"HDB"},"geometry":{"type":"MultiPolygon","coordinates":[[[[103.8857322,1.325724],[103.8857323,1.325724],[103.8857322,1.325724],[103.8857322,1.325724]]],[[[103.8854455,1.3258755],[103.8853867,1.3258843],[103.8853854,1.3258775],[103.8853612,1.3258814],[103.8853542,1.3258389],[103.885325,1.3258433],[103.8853167,1.3257864],[103.8853518,1.3257815],[103.8853524,1.3257845],[103.8856398,1.3257426],[103.8856395,1.3257397],[103.8856626,1.3257371],[103.8856506,1.3257272],[103.8856367,1.3257288],[103.8856283,1.3256637],[103.8856893,1.3256529],[103.8856932,1.3256525],[103.8856934,1.3256551],[103.8857223,1.3256512],[103.8857307,1.325713],[103.8857185,1.3257147],[103.8857094,1.3257272],[103.8857322,1.325724],[103.8857326,1.3257268],[103.8860574,1.3256807],[103.8860648,1.3257311],[103.8860712,1.3257302],[103.8860802,1.3257871],[103.8860428,1.3257927],[103.8860408,1.3257822],[103.886016,1.3257853],[103.8860171,1.3257938],[103.8859593,1.3258027],[103.8859582,1.3257942],[103.8859081,1.3258007],[103.8859091,1.325809],[103.8858507,1.3258175],[103.8858498,1.3258101],[103.8857994,1.325816],[103.8858005,1.3258245],[103.8857427,1.3258328],[103.8857415,1.325825],[103.8856609,1.3258357],[103.885662,1.3258443],[103.8856053,1.3258524],[103.8856038,1.325845],[103.8855527,1.3258527],[103.8855536,1.3258601],[103.8854953,1.3258684],[103.8854938,1.3258584],[103.8854439,1.3258664],[103.8854455,1.3258755]]]]}},{"type":"Feature","properties":{"type":"HDB"},"geometry":{"type":"Polygon","coordinates":[[[103.8860093,1.326279],[103.8860069,1.3262632],[103.8860112,1.3262624],[103.8860103,1.3262576],[103.8860366,1.3262526],[103.8860309,1.3262081],[103.8860474,1.3262048],[103.8860572,1.3261923],[103.8857346,1.3262363],[103.8857343,1.3262335],[103.8856958,1.3262385],[103.8856866,1.3261781],[103.8857255,1.3261725],[103.8857217,1.3261455],[103.8857506,1.3261405],[103.8857498,1.3261349],[103.8858045,1.3261269],[103.8858059,1.326136],[103.8858591,1.326127],[103.8858582,1.3261191],[103.8859132,1.3261121],[103.8859146,1.3261218],[103.8859677,1.3261131],[103.8859664,1.3261036],[103.8860241,1.3260948],[103.8860259,1.3261058],[103.8860798,1.3260965],[103.8860781,1.3260871],[103.8861327,1.326079],[103.8861345,1.3260889],[103.8861859,1.3260821],[103.8861845,1.326072],[103.8862426,1.3260629],[103.8862441,1.3260736],[103.8862955,1.326067],[103.886294,1.3260564],[103.8863484,1.3260482],[103.8863498,1.3260588],[103.8863785,1.3260539],[103.8863916,1.3261414],[103.8861232,1.3261823],[103.8861326,1.3262406],[103.8861361,1.3262401],[103.8861384,1.3262577],[103.8860093,1.326279]]]}},{"type":"Feature","properties":{"type":"HDB"},"geometry":{"type":"Polygon","coordinates":[[[103.8868066,1.3263322],[103.8868042,1.3263155],[103.8867857,1.326318],[103.8867726,1.3262266],[103.8870638,1.3261853],[103.887049,1.3261719],[103.8870365,1.3261737],[103.887029,1.3261216],[103.8871258,1.3261076],[103.8871335,1.326161],[103.8871177,1.3261633],[103.8871097,1.326178],[103.8874298,1.3261315],[103.8874313,1.326142],[103.887469,1.3261365],[103.8874779,1.3261985],[103.8874402,1.3262039],[103.8874427,1.3262217],[103.8874236,1.3262245],[103.8874261,1.3262421],[103.8873912,1.3262469],[103.88739,1.3262383],[103.8873847,1.3262391],[103.8873859,1.326248],[103.8873513,1.326253],[103.8873492,1.326238],[103.8873154,1.326243],[103.8873176,1.3262579],[103.8872829,1.3262627],[103.8872816,1.326254],[103.8872763,1.3262548],[103.8872776,1.3262637],[103.887243,1.3262688],[103.8872408,1.3262538],[103.8872071,1.3262587],[103.8872092,1.3262737],[103.8871746,1.3262785],[103.8871733,1.3262698],[103.887168,1.3262705],[103.8871693,1.3262795],[103.8871348,1.3262845],[103.8871326,1.3262695],[103.8870958,1.3262749],[103.8870979,1.3262898],[103.8870633,1.3262948],[103.887062,1.3262859],[103.8870567,1.3262867],[103.8870579,1.3262956],[103.8870233,1.3263006],[103.8870212,1.3262857],[103.8869874,1.3262906],[103.8869895,1.3263056],[103.8869549,1.3263106],[103.8869536,1.3263017],[103.8869483,1.3263025],[103.8869496,1.3263114],[103.886915,1.3263164],[103.8869128,1.3263014],[103.8868791,1.3263063],[103.8868812,1.3263213],[103.8868466,1.3263264],[103.8868453,1.3263174],[103.88684,1.3263182],[103.8868412,1.3263271],[103.8868066,1.3263322]]]}},{"type":"Feature","properties":{"type":"HDB"},"geometry":{"type":"Polygon","coordinates":[[[103.8860093,1.326279],[103.8861384,1.3262577],[103.8861408,1.3262754],[103.8861365,1.326276],[103.8861373,1.3262823],[103.8861104,1.326286],[103.886118,1.3263422],[103.8864122,1.3263049],[103.886426,1.3263944],[103.8863982,1.3263986],[103.886399,1.3264044],[103.8863451,1.3264121],[103.8863434,1.3264037],[103.8862913,1.3264114],[103.8862926,1.3264196],[103.8862362,1.3264275],[103.886235,1.3264194],[103.8861817,1.3264275],[103.8861826,1.3264353],[103.8861281,1.326443],[103.8861268,1.3264351],[103.886072,1.3264431],[103.8860735,1.3264521],[103.8860174,1.3264602],[103.8860166,1.3264537],[103.8859674,1.3264597],[103.8859684,1.3264653],[103.8859089,1.3264735],[103.8859081,1.3264662],[103.8858549,1.3264747],[103.8858568,1.3264827],[103.8858013,1.3264911],[103.8858005,1.3264843],[103.8857664,1.3264896],[103.8857612,1.3264594],[103.8857298,1.3264633],[103.8857205,1.326405],[103.8857576,1.326399],[103.8857575,1.3263968],[103.88605,1.3263523],[103.8860498,1.3263493],[103.8860382,1.3263423],[103.886023,1.3263444],[103.8860159,1.3262942],[103.8860119,1.3262947],[103.8860093,1.326279]]]}},{"type":"Feature","properties":{"type":"HDB"},"geometry":{"type":"Polygon","coordinates":[[[103.8855101,1.3265128],[103.8854995,1.3265251],[103.8855015,1.3265397],[103.8854505,1.3265468],[103.8854464,1.3265176],[103.885443,1.3265179],[103.8854371,1.3264824],[103.8854411,1.3264817],[103.8854366,1.3264508],[103.8854843,1.3264432],[103.8854867,1.326459],[103.8855013,1.3264671],[103.8854554,1.3261434],[103.8855452,1.3261301],[103.885549,1.3261603],[103.8855572,1.3261593],[103.8855648,1.3262145],[103.8855573,1.3262156],[103.8855651,1.3262696],[103.8855726,1.3262684],[103.8855804,1.3263235],[103.8855728,1.3263247],[103.8855789,1.3263783],[103.885588,1.3263774],[103.8855961,1.3264329],[103.8855882,1.3264335],[103.8855959,1.3264902],[103.8856046,1.3264891],[103.885612,1.3265441],[103.8856044,1.3265456],[103.8856104,1.3265967],[103.8856193,1.3265953],[103.8856277,1.3266534],[103.8856201,1.3266546],[103.8856263,1.3267061],[103.8856353,1.326705],[103.8856433,1.3267624],[103.8856364,1.3267635],[103.8856412,1.3267927],[103.8856154,1.3267966],[103.8856212,1.3268381],[103.8855588,1.3268462],[103.8855101,1.3265128]]]}},{"type":"Feature","properties":{"type":"HDB"},"geometry":{"type":"Polygon","coordinates":[[[103.8896572,1.3258556],[103.8896815,1.3257461],[103.8895766,1.3257226],[103.8895816,1.3257003],[103.8896864,1.3257238],[103.8897718,1.3253383],[103.8897309,1.3253292],[103.8897342,1.3253147],[103.8897375,1.3253154],[103.889755,1.3252361],[103.8897655,1.3252384],[103.8898215,1.3249857],[103.8897113,1.324959],[103.8897142,1.3249458],[103.8897548,1.3249549],[103.8897554,1.3249522],[103.8897606,1.3249533],[103.889763,1.3249424],[103.8898547,1.324963],[103.8898621,1.3249294],[103.8898593,1.3249287],[103.8898624,1.3249148],[103.8899214,1.324928],[103.8899223,1.324924],[103.8899797,1.3249369],[103.8899788,1.3249409],[103.889995,1.3249446],[103.8899958,1.3249408],[103.8900539,1.3249538],[103.890053,1.324958],[103.8900691,1.3249616],[103.8900701,1.324957],[103.8901683,1.3249791],[103.8901672,1.3249838],[103.8901836,1.3249875],[103.8900959,1.3253836],[103.8901026,1.3253851],[103.8900865,1.3254578],[103.8900798,1.3254563],[103.8900489,1.3255959],[103.8900333,1.3255924],[103.8900324,1.3255967],[103.8900088,1.3255914],[103.8899956,1.3256507],[103.8900029,1.3256524],[103.8900023,1.3256553],[103.8899954,1.3256538],[103.8899811,1.3257186],[103.8899881,1.3257202],[103.8899874,1.3257232],[103.8899801,1.3257216],[103.889966,1.3257856],[103.8899737,1.3257874],[103.889973,1.3257905],[103.8899651,1.3257887],[103.8899509,1.3258527],[103.8899586,1.3258544],[103.889958,1.3258575],[103.8899501,1.3258557],[103.8899353,1.3259225],[103.8899428,1.3259242],[103.8899421,1.3259272],[103.8899346,1.3259255],[103.8899271,1.3259597],[103.89007,1.3259917],[103.8900338,1.3261549],[103.8899998,1.3261764],[103.8898764,1.3261487],[103.8898827,1.3261205],[103.8897493,1.3260906],[103.88975,1.3260874],[103.8897361,1.3260843],[103.8897533,1.3260067],[103.8897583,1.3260079],[103.8897629,1.3259871],[103.8896693,1.3259661],[103.8896684,1.3259704],[103.8896335,1.3259626],[103.8896378,1.3259432],[103.8896292,1.3259412],[103.8896299,1.325938],[103.8896385,1.32594],[103.8896453,1.325909],[103.8896269,1.3259049],[103.8896387,1.3258515],[103.8896572,1.3258556]]]}},{"type":"Feature","properties":{"type":"HDB"},"geometry":{"type":"Polygon","coordinates":[[[103.889216,1.3255818],[103.8892702,1.3255939],[103.8892676,1.3256056],[103.8893262,1.3256187],[103.8893293,1.3256046],[103.8893823,1.3256165],[103.8893815,1.3256202],[103.8894096,1.3256265],[103.8894004,1.3256679],[103.8893933,1.3256663],[103.88939,1.325681],[103.8893615,1.3256746],[103.8893567,1.3256964],[103.8894729,1.3257211],[103.8894741,1.3257158],[103.8894791,1.325717],[103.8894971,1.3256346],[103.8894981,1.3256235],[103.8894942,1.3256227],[103.8894989,1.3256131],[103.8895016,1.3256137],[103.8895074,1.3255877],[103.8894901,1.3255823],[103.8894884,1.3255898],[103.8894479,1.3255807],[103.8894596,1.325528],[103.8894763,1.3255317],[103.8894804,1.3255129],[103.8894564,1.3255075],[103.8894682,1.3254541],[103.8894563,1.3254514],[103.8894686,1.3253959],[103.8895233,1.3254082],[103.8895173,1.3254351],[103.8895416,1.3254405],[103.8895359,1.3254662],[103.8895489,1.3254691],[103.889555,1.3254413],[103.8895776,1.3254463],[103.889584,1.3254175],[103.889598,1.3254207],[103.8896004,1.3254099],[103.8896385,1.3254184],[103.8896322,1.3254469],[103.8896386,1.3254483],[103.8896269,1.3255011],[103.8896132,1.3254981],[103.8895999,1.3255581],[103.8896135,1.3255612],[103.8896017,1.3256147],[103.889595,1.3256132],[103.8895889,1.3256409],[103.889551,1.3256325],[103.8895533,1.3256218],[103.8895388,1.3256186],[103.8895453,1.3255895],[103.8895244,1.3255848],[103.8895169,1.3256187],[103.8895226,1.3256199],[103.8895206,1.3256288],[103.8895163,1.3256278],[103.8895095,1.3256516],[103.8895884,1.3256693],[103.8895766,1.3257226],[103.8895491,1.3257164],[103.8895439,1.3257397],[103.8894932,1.3257283],[103.8894902,1.3257419],[103.8895163,1.3257477],[103.889507,1.32579],[103.8894897,1.3257861],[103.8894879,1.3257944],[103.8895311,1.3258041],[103.8895261,1.3258267],[103.8895546,1.3258331],[103.8895514,1.3258475],[103.8895583,1.325849],[103.8895491,1.3258903],[103.889521,1.325884],[103.8895202,1.3258874],[103.8894676,1.3258756],[103.8894707,1.3258617],[103.889411,1.3258483],[103.889408,1.3258621],[103.8893551,1.3258502],[103.8893558,1.325847],[103.889328,1.3258408],[103.8893371,1.3257996],[103.8893442,1.3258012],[103.8893474,1.3257867],[103.8893763,1.3257932],[103.8893812,1.3257709],[103.8894253,1.3257807],[103.889434,1.3257412],[103.8894278,1.3257398],[103.8894298,1.325731],[103.8894271,1.3257284],[103.8893945,1.3257211],[103.8893834,1.3257203],[103.8893827,1.3257237],[103.8893695,1.3257214],[103.8893708,1.3257155],[103.8893335,1.3257071],[103.8893187,1.3257741],[103.8892655,1.3257622],[103.8892629,1.3257738],[103.8892078,1.3257614],[103.8892203,1.3257052],[103.8892466,1.3257111],[103.8892513,1.3256897],[103.8892463,1.3256886],[103.8892515,1.3256729],[103.8892242,1.3256668],[103.8892295,1.3256428],[103.8892038,1.325637],[103.889216,1.3255818]]]}},{"type":"Feature","properties":{"type":"HDB"},"geometry":{"type":"Polygon","coordinates":[[[103.887604,1.3259616],[103.8876013,1.3259422],[103.8875829,1.3259449],[103.8875763,1.3258998],[103.8875541,1.325903],[103.8875473,1.3258564],[103.8878624,1.3258102],[103.8878533,1.3257474],[103.887949,1.3257334],[103.8879581,1.3257965],[103.888272,1.3257506],[103.8882788,1.3257971],[103.8882964,1.3257945],[103.8883047,1.3258517],[103.8882652,1.3258575],[103.8882639,1.3258488],[103.8882474,1.3258513],[103.8882496,1.3258669],[103.8882145,1.3258721],[103.8882132,1.3258632],[103.8882078,1.3258639],[103.8882091,1.3258729],[103.8881745,1.325878],[103.8881723,1.325863],[103.8881386,1.3258679],[103.8881408,1.3258829],[103.8881061,1.325888],[103.8881048,1.3258791],[103.8880995,1.3258798],[103.8881008,1.3258888],[103.8880662,1.3258938],[103.888064,1.3258789],[103.8880303,1.3258838],[103.8880324,1.3258988],[103.8879978,1.3259039],[103.8879965,1.325895],[103.8879912,1.3258958],[103.8879925,1.3259046],[103.8879578,1.3259097],[103.8879557,1.3258948],[103.8878936,1.3259039],[103.8878958,1.3259188],[103.8878612,1.3259239],[103.8878599,1.3259151],[103.8878545,1.3259158],[103.8878558,1.3259247],[103.8878212,1.3259298],[103.887819,1.3259149],[103.8877853,1.3259198],[103.8877874,1.3259347],[103.8877528,1.3259398],[103.8877515,1.325931],[103.8877462,1.3259317],[103.8877475,1.3259406],[103.8877129,1.3259456],[103.8877107,1.3259308],[103.887677,1.3259357],[103.8876791,1.3259506],[103.8876445,1.3259557],[103.8876432,1.3259469],[103.8876379,1.3259477],[103.8876392,1.3259564],[103.887604,1.3259616]]]}},{"type":"Feature","properties":{"type":"HDB"},"geometry":{"type":"Polygon","coordinates":[[[103.8882463,1.3259873],[103.8881955,1.3261597],[103.8881569,1.3262772],[103.8881025,1.3264186],[103.8880716,1.3264883],[103.8880038,1.3266268],[103.8878469,1.326543],[103.8878458,1.3265335],[103.8879039,1.3264207],[103.8878087,1.3263698],[103.8878049,1.3263663],[103.8878034,1.3263589],[103.8878617,1.3262176],[103.8878075,1.3261988],[103.8878008,1.3261931],[103.8878479,1.3260487],[103.887855,1.3260436],[103.8882463,1.3259873]]]}},{"type":"Feature","properties":{"type":"HDB"},"geometry":{"type":"Polygon","coordinates":[[[103.8892809,1.326514],[103.889309,1.3264543],[103.8893602,1.3264788],[103.8893562,1.3264874],[103.8893846,1.326501],[103.8893804,1.3265094],[103.8894007,1.3265191],[103.8893741,1.3265755],[103.8893769,1.3265791],[103.8893917,1.3265678],[103.8893938,1.3265705],[103.8894175,1.3265523],[103.8894206,1.3265566],[103.8894252,1.3265531],[103.889431,1.3265611],[103.889448,1.326548],[103.8894879,1.3266007],[103.8894427,1.3266353],[103.8894372,1.3266276],[103.8893889,1.3266642],[103.8893946,1.3266717],[103.8893496,1.3267065],[103.8893096,1.3266541],[103.8893277,1.32664],[103.8893218,1.3266324],[103.8893254,1.3266294],[103.8893221,1.3266252],[103.8893458,1.3266071],[103.8893438,1.3266045],[103.8893629,1.3265898],[103.8893575,1.3265826],[103.8892964,1.3265532],[103.889294,1.3265583],[103.889299,1.3265608],[103.8892948,1.3265696],[103.8893141,1.3265789],[103.8892862,1.3266386],[103.8892347,1.3266141],[103.8892387,1.3266055],[103.8891844,1.3265796],[103.8891802,1.3265883],[103.8891292,1.3265634],[103.8891576,1.3265037],[103.8891775,1.3265134],[103.8891817,1.3265045],[103.8891865,1.3265067],[103.8891888,1.326502],[103.889115,1.3264668],[103.8890846,1.3265313],[103.8890403,1.3265102],[103.8890467,1.3264967],[103.8890162,1.3264822],[103.8890099,1.3264957],[103.8889656,1.3264746],[103.8889949,1.3264125],[103.888986,1.3264082],[103.8889407,1.3264088],[103.8889263,1.3264442],[103.888906,1.3264358],[103.8889101,1.3264391],[103.8889056,1.3264502],[103.8889282,1.3264594],[103.8889188,1.3264824],[103.8889253,1.3264851],[103.8889092,1.326525],[103.8887019,1.3264402],[103.8887181,1.3264002],[103.8887245,1.3264028],[103.8887337,1.3263801],[103.8887562,1.3263894],[103.8887608,1.3263782],[103.8887653,1.3263803],[103.8887661,1.3263785],[103.888841,1.3264091],[103.8888567,1.3264005],[103.8887747,1.3263669],[103.8887935,1.3263205],[103.8888181,1.3263305],[103.8888265,1.3263095],[103.8888579,1.3263223],[103.8888609,1.3263147],[103.8888549,1.3263005],[103.8887803,1.3262702],[103.8887764,1.3262668],[103.8887811,1.3262554],[103.8887583,1.3262461],[103.8887673,1.3262236],[103.8887609,1.326221],[103.8887769,1.326181],[103.8889844,1.3262653],[103.8889684,1.3263053],[103.8889619,1.3263026],[103.8889528,1.3263254],[103.8889303,1.3263162],[103.8889259,1.3263274],[103.8889037,1.3263203],[103.8888837,1.3263694],[103.8889463,1.3263952],[103.8889951,1.3263945],[103.8889878,1.326391],[103.8890168,1.3263288],[103.8890613,1.32635],[103.8890549,1.3263635],[103.8890854,1.3263781],[103.8890917,1.3263646],[103.889136,1.3263857],[103.8891067,1.3264478],[103.889131,1.3264594],[103.8891603,1.3263973],[103.8892046,1.3264184],[103.8891982,1.3264319],[103.8892287,1.3264465],[103.889235,1.326433],[103.8892793,1.3264541],[103.88925,1.3265162],[103.889299,1.3265396],[103.8893013,1.3265348],[103.8892971,1.3265327],[103.8893013,1.3265238],[103.8892809,1.326514]]]}},{"type":"Feature","properties":{"type":"HDB"},"geometry":{"type":"Polygon","coordinates":[[[103.8875628,1.3262243],[103.8875793,1.3262219],[103.8875766,1.3262031],[103.8876675,1.3261899],[103.8877092,1.326484],[103.8877219,1.3264697],[103.8877199,1.3264569],[103.8877832,1.3264478],[103.8877963,1.32654],[103.887733,1.326549],[103.8877312,1.3265365],[103.8877155,1.3265289],[103.8877613,1.3268509],[103.8877517,1.3268523],[103.8877571,1.3268902],[103.8876947,1.3268991],[103.8876893,1.3268614],[103.8876724,1.3268638],[103.8876697,1.3268446],[103.8876513,1.3268472],[103.8876466,1.3268127],[103.8876552,1.3268115],[103.8876544,1.3268061],[103.8876456,1.3268074],[103.8876407,1.3267725],[103.8876555,1.3267703],[103.8876507,1.3267363],[103.8876358,1.3267385],[103.8876311,1.3267035],[103.8876397,1.3267023],[103.887639,1.3266969],[103.8876301,1.3266982],[103.8876251,1.3266633],[103.88764,1.3266612],[103.8876352,1.3266272],[103.8876203,1.3266293],[103.8876155,1.3265944],[103.8876242,1.3265932],[103.8876235,1.3265878],[103.8876146,1.3265891],[103.8876096,1.3265543],[103.8876246,1.3265522],[103.8876193,1.326515],[103.8876045,1.3265172],[103.8875995,1.3264823],[103.8876083,1.326481],[103.8876076,1.3264756],[103.8875987,1.3264769],[103.8875938,1.326442],[103.8876086,1.3264399],[103.8876038,1.3264059],[103.8875889,1.326408],[103.887584,1.3263731],[103.8875928,1.3263719],[103.8875921,1.3263665],[103.8875832,1.3263678],[103.8875783,1.3263329],[103.8875932,1.3263307],[103.8875883,1.3262967],[103.8875734,1.3262989],[103.8875685,1.326264],[103.8875774,1.3262627],[103.8875766,1.3262573],[103.8875677,1.3262586],[103.8875628,1.3262243]]]}},{"type":"Feature","properties":{"type":"HDB"},"geometry":{"type":"Polygon","coordinates":[[[103.8891119,1.3266617],[103.8892344,1.326721],[103.8892423,1.3267289],[103.8892443,1.3267383],[103.8892396,1.3267495],[103.8891889,1.3268016],[103.88918,1.3268028],[103.8890906,1.3267921],[103.8890751,1.3267807],[103.8890719,1.3267648],[103.889094,1.3266754],[103.8891028,1.3266639],[103.8891119,1.3266617]]]}},{"type":"Feature","properties":{"type":"HDB"},"geometry":{"type":"Polygon","coordinates":[[[103.8885955,1.3267074],[103.8885923,1.3266924],[103.888525,1.3266488],[103.8885262,1.3266469],[103.888522,1.3266444],[103.8885285,1.326634],[103.888508,1.3266207],[103.8885209,1.3266006],[103.8885151,1.3265968],[103.8885383,1.3265605],[103.8887264,1.3266824],[103.8887032,1.3267187],[103.8886973,1.3267149],[103.8886844,1.3267351],[103.8886639,1.3267218],[103.8886576,1.3267321],[103.8886768,1.3267445],[103.8886565,1.3267762],[103.8886918,1.3267999],[103.8886965,1.3267928],[103.8887008,1.3267944],[103.8887206,1.326747],[103.8888391,1.3267973],[103.8888177,1.3268486],[103.8888486,1.3268618],[103.8888854,1.3268661],[103.8888934,1.3267978],[103.888942,1.3268035],[103.8889403,1.3268183],[103.8889737,1.3268223],[103.8889755,1.3268075],[103.8890241,1.3268132],[103.8890162,1.3268814],[103.8890408,1.3268843],[103.8890423,1.3268712],[103.8890458,1.3268716],[103.889049,1.3268425],[103.8890548,1.3268432],[103.8890554,1.3268373],[103.8890654,1.3268384],[103.8890675,1.3268169],[103.8891326,1.3268243],[103.889126,1.3268811],[103.8891166,1.32688],[103.889113,1.3269113],[103.889118,1.3269118],[103.8891157,1.3269324],[103.8891106,1.3269318],[103.889107,1.326963],[103.8891163,1.3269641],[103.8891096,1.327021],[103.8890449,1.3270132],[103.8890475,1.3269909],[103.8890375,1.3269898],[103.8890383,1.3269847],[103.8890326,1.326984],[103.889036,1.3269547],[103.8890327,1.3269543],[103.8890392,1.3268978],[103.8889847,1.3268914],[103.888984,1.3268964],[103.8889893,1.3268971],[103.8889882,1.326907],[103.8890098,1.3269097],[103.8890021,1.3269754],[103.8889462,1.3269686],[103.8889472,1.3269591],[103.8888871,1.3269524],[103.888886,1.3269617],[103.8888296,1.3269552],[103.8888373,1.3268894],[103.8888595,1.3268917],[103.8888607,1.3268821],[103.8888656,1.3268826],[103.8888662,1.3268775],[103.8888455,1.3268756],[103.8888184,1.3268637],[103.8887919,1.326927],[103.8887468,1.3269078],[103.8887525,1.3268941],[103.888737,1.3268875],[103.8887356,1.3268909],[103.8886763,1.3268657],[103.8886961,1.3268184],[103.8885864,1.3267488],[103.888553,1.3268015],[103.8885922,1.3268246],[103.8885959,1.3268287],[103.8885898,1.3268389],[103.8886107,1.3268513],[103.8885983,1.3268726],[103.8886043,1.3268762],[103.8885827,1.3269134],[103.8883896,1.3267996],[103.8884112,1.3267624],[103.8884172,1.3267659],[103.8884295,1.3267448],[103.8884509,1.326757],[103.888457,1.3267466],[103.8884618,1.3267478],[103.8885291,1.3267874],[103.8885498,1.326781],[103.8885528,1.3267765],[103.8884785,1.3267282],[103.8885055,1.3266861],[103.8885277,1.3267006],[103.8885401,1.3266812],[103.8885911,1.3267143],[103.8885955,1.3267074]]]}},{"type":"Feature","properties":{"type":"HDB"},"geometry":{"type":"Polygon","coordinates":[[[103.8895478,1.3267997],[103.8896734,1.3268798],[103.8896767,1.3268747],[103.8897015,1.3268909],[103.8896983,1.3268961],[103.8897189,1.326909],[103.889722,1.326904],[103.889747,1.32692],[103.8897438,1.3269251],[103.8897643,1.3269382],[103.8897675,1.3269332],[103.8897925,1.3269492],[103.8897893,1.3269543],[103.8898349,1.3269833],[103.8898209,1.3271044],[103.8895424,1.3270714],[103.8895278,1.3270033],[103.8894766,1.3269297],[103.8894911,1.3269066],[103.8894749,1.3268952],[103.8894487,1.3269225],[103.8894421,1.3269253],[103.8894342,1.3269238],[103.8894282,1.3269164],[103.8894222,1.3268708],[103.8894266,1.3268598],[103.8894362,1.3268563],[103.8894721,1.3268692],[103.8895017,1.3268221],[103.8895478,1.3267997]]]}},{"type":"Feature","properties":{"type":"HDB"},"geometry":{"type":"Polygon","coordinates":[[[103.8892641,1.3271371],[103.8892543,1.3271593],[103.8892654,1.3271644],[103.8892645,1.3271697],[103.8892302,1.3272466],[103.8893071,1.3272814],[103.8894268,1.3272594],[103.8894158,1.3271998],[103.8893417,1.3272135],[103.8893369,1.3272126],[103.8893348,1.3272002],[103.8893103,1.3272049],[103.8893059,1.327181],[103.8892991,1.3271823],[103.8892914,1.3271399],[103.8895114,1.3270994],[103.8895191,1.3271418],[103.8895123,1.3271431],[103.8895167,1.327167],[103.889493,1.3271711],[103.8894953,1.3271831],[103.8894899,1.3271841],[103.8894903,1.3271861],[103.889429,1.3271973],[103.88944,1.3272569],[103.8895433,1.3272379],[103.8896165,1.3272464],[103.8896228,1.3271916],[103.8895777,1.3271864],[103.889578,1.3271842],[103.8895734,1.3271837],[103.8895746,1.3271719],[103.8895502,1.3271688],[103.8895529,1.3271449],[103.889546,1.3271441],[103.8895509,1.3271012],[103.8897732,1.3271272],[103.8897683,1.32717],[103.8897613,1.3271692],[103.8897586,1.3271933],[103.8897345,1.3271902],[103.8897331,1.3272024],[103.889728,1.3272016],[103.8897278,1.3272039],[103.8896362,1.3271931],[103.889634,1.3272121],[103.8896956,1.3272193],[103.889693,1.3272421],[103.8897055,1.3272437],[103.8896997,1.3272935],[103.8896257,1.3272848],[103.889624,1.3272987],[103.8897093,1.3273087],[103.889714,1.3273108],[103.8897128,1.327323],[103.8897369,1.3273259],[103.8897341,1.3273502],[103.8897414,1.327351],[103.8897365,1.3273935],[103.8895138,1.3273679],[103.8895188,1.327325],[103.8895257,1.3273258],[103.8895285,1.3273014],[103.8895528,1.3273044],[103.8895543,1.3272922],[103.8895373,1.3272902],[103.8895419,1.327252],[103.8894744,1.3272644],[103.8894892,1.3273459],[103.8893557,1.3273691],[103.889348,1.3273267],[103.8893549,1.3273254],[103.8893505,1.3273015],[103.8893749,1.3272967],[103.8893729,1.3272848],[103.8893769,1.3272823],[103.8893036,1.3272959],[103.889308,1.3272983],[103.8893034,1.3273093],[103.8893254,1.3273193],[103.8893153,1.327342],[103.8893216,1.3273449],[103.8893041,1.3273842],[103.8890999,1.3272919],[103.8891176,1.3272526],[103.8891239,1.3272554],[103.889134,1.3272328],[103.8891566,1.3272432],[103.8891615,1.3272324],[103.8891501,1.3272272],[103.8892056,1.3271029],[103.8892447,1.3271205],[103.8892418,1.3271269],[103.8892641,1.3271371]]]}},{"type":"Feature","properties":{"type":"HDB"},"geometry":{"type":"Polygon","coordinates":[[[103.8866114,1.326181],[103.8866166,1.3262178],[103.8866356,1.3262151],[103.8866384,1.3262347],[103.8866588,1.3262317],[103.8867423,1.3268189],[103.8867214,1.3268219],[103.886724,1.3268404],[103.8867049,1.3268432],[103.8867102,1.3268807],[103.886648,1.3268896],[103.8866426,1.3268521],[103.8866315,1.3268537],[103.8865901,1.3265619],[103.8865806,1.3265739],[103.8865827,1.3265885],[103.8865167,1.326598],[103.8865027,1.3265],[103.8865688,1.3264904],[103.886571,1.3265061],[103.8865834,1.3265138],[103.8865374,1.3261917],[103.8866114,1.326181]]]}},{"type":"Feature","properties":{"type":"HDB"},"geometry":{"type":"Polygon","coordinates":[[[103.8858221,1.3266386],[103.8858762,1.3266306],[103.8858779,1.3266397],[103.8859301,1.3266315],[103.8859289,1.3266236],[103.8859846,1.3266145],[103.8859858,1.3266237],[103.8860397,1.3266153],[103.8860387,1.3266075],[103.8860929,1.3265996],[103.8860936,1.3266065],[103.8861504,1.3265988],[103.8861494,1.3265917],[103.8862037,1.3265835],[103.8862047,1.3265911],[103.886259,1.3265837],[103.8862577,1.3265758],[103.8863129,1.3265671],[103.886314,1.3265756],[103.8863671,1.3265678],[103.886366,1.3265602],[103.8864253,1.3265513],[103.8864261,1.3265589],[103.8864489,1.3265556],[103.8864614,1.3266461],[103.8861674,1.326691],[103.8861806,1.3267012],[103.8861957,1.3266983],[103.8862026,1.3267487],[103.8861735,1.3267529],[103.8861741,1.3267573],[103.8861413,1.3267618],[103.8861409,1.3267579],[103.8861127,1.3267618],[103.8861045,1.3267111],[103.8861187,1.3267097],[103.8861286,1.3266961],[103.8861017,1.3267004],[103.886101,1.3266976],[103.8858066,1.3267405],[103.8858062,1.3267376],[103.8857688,1.3267428],[103.8857599,1.326682],[103.8857972,1.3266763],[103.8857937,1.3266493],[103.8858229,1.3266452],[103.8858221,1.3266386]]]}},{"type":"Feature","properties":{"type":"HDB"},"geometry":{"type":"Polygon","coordinates":[[[103.8874525,1.3268736],[103.8874548,1.3268901],[103.8874736,1.3268875],[103.887472,1.326876],[103.8875092,1.3268708],[103.8875177,1.326928],[103.887502,1.3269303],[103.887509,1.3269785],[103.8871939,1.3270228],[103.8872045,1.3271025],[103.8871095,1.3271158],[103.8870986,1.3270362],[103.8867813,1.3270809],[103.8867747,1.3270328],[103.8867983,1.3270295],[103.8867919,1.3269831],[103.8868106,1.3269804],[103.8868083,1.3269638],[103.8868424,1.3269591],[103.8868437,1.326968],[103.886849,1.3269673],[103.8868477,1.3269583],[103.8868824,1.3269535],[103.8868845,1.3269685],[103.8869183,1.3269637],[103.8869162,1.3269487],[103.8869508,1.3269439],[103.8869521,1.3269528],[103.8869574,1.3269521],[103.8869562,1.3269431],[103.8869908,1.3269383],[103.8869929,1.3269533],[103.8870267,1.3269485],[103.8870246,1.3269335],[103.8870593,1.3269287],[103.8870605,1.3269376],[103.8870658,1.3269368],[103.8870646,1.3269279],[103.8870992,1.3269231],[103.8871013,1.326938],[103.8871636,1.3269294],[103.8871615,1.3269143],[103.8871961,1.3269095],[103.8871973,1.3269185],[103.8872026,1.3269177],[103.8872014,1.326909],[103.887236,1.3269039],[103.8872381,1.3269189],[103.8872719,1.3269142],[103.8872698,1.3268992],[103.8873045,1.3268943],[103.8873057,1.3269032],[103.887311,1.3269025],[103.8873098,1.3268938],[103.8873445,1.3268887],[103.8873465,1.3269037],[103.8873803,1.326899],[103.8873782,1.326884],[103.8874129,1.3268791],[103.8874141,1.326888],[103.8874195,1.3268873],[103.8874183,1.3268787],[103.8874525,1.3268736]]]}},{"type":"Feature","properties":{"type":"HDB"},"geometry":{"type":"Polygon","coordinates":[[[103.886225,1.3272455],[103.8862283,1.3272684],[103.8861139,1.327285],[103.8861005,1.3271907],[103.8861484,1.3271838],[103.8861452,1.3271608],[103.8860293,1.3271775],[103.886016,1.3270844],[103.886132,1.3270676],[103.8861288,1.327045],[103.8860954,1.3270498],[103.8860835,1.3269664],[103.8861119,1.3269623],[103.8861329,1.326934],[103.886161,1.3269552],[103.8861884,1.3269512],[103.886204,1.3270606],[103.8861828,1.3270636],[103.886189,1.3271066],[103.8861725,1.3271089],[103.88618,1.3271612],[103.8863353,1.3271388],[103.8863512,1.3272507],[103.8862524,1.327265],[103.8862492,1.327242],[103.886225,1.3272455]]]}},{"type":"Feature","properties":{"type":"HDB"},"geometry":{"type":"Polygon","coordinates":[[[103.886443,1.3272579],[103.8863913,1.3268949],[103.886214,1.3269206],[103.88621,1.3268929],[103.886182,1.3268718],[103.886203,1.3268436],[103.8861989,1.3268149],[103.8862789,1.3268034],[103.8862772,1.3267918],[103.8863674,1.3267787],[103.8863686,1.3267874],[103.8864221,1.3267796],[103.8864202,1.3267661],[103.8864559,1.3267609],[103.8864579,1.3267743],[103.8864922,1.3267693],[103.8865558,1.3272155],[103.8865172,1.3272211],[103.8865204,1.3272436],[103.886615,1.3272299],[103.8866282,1.327323],[103.8865123,1.3273398],[103.8865164,1.3273684],[103.8865643,1.3273615],[103.8865777,1.3274555],[103.8864634,1.327472],[103.8864603,1.3274505],[103.8864364,1.327454],[103.8864395,1.3274755],[103.8863404,1.3274898],[103.8863244,1.3273779],[103.8864753,1.3273561],[103.8864735,1.3273436],[103.8864615,1.3273454],[103.8864551,1.3273008],[103.8864667,1.3272991],[103.8864604,1.3272554],[103.886443,1.3272579]]]}},{"type":"Feature","properties":{"type":"HDB"},"geometry":{"type":"Polygon","coordinates":[[[103.8868845,1.3275149],[103.8868823,1.3274995],[103.886863,1.327502],[103.8868568,1.3274587],[103.8868285,1.3274626],[103.8868218,1.3274091],[103.8871431,1.327364],[103.8871322,1.3272835],[103.8872259,1.3272697],[103.8872382,1.3273501],[103.8875531,1.3273044],[103.8875614,1.3273527],[103.8875772,1.32735],[103.8875861,1.327406],[103.8875473,1.3274114],[103.8875459,1.3274018],[103.8875282,1.3274044],[103.8875304,1.3274209],[103.8874953,1.3274258],[103.887494,1.3274172],[103.8874887,1.3274179],[103.88749,1.3274268],[103.8874554,1.3274319],[103.8874532,1.3274169],[103.8874195,1.3274218],[103.8874216,1.3274368],[103.8873869,1.3274416],[103.8873857,1.3274329],[103.8873804,1.3274337],[103.8873816,1.3274426],[103.887347,1.3274477],[103.8873449,1.3274327],[103.8873111,1.3274376],[103.8873133,1.3274526],[103.8872786,1.3274574],[103.8872773,1.3274487],[103.887272,1.3274495],[103.8872733,1.3274584],[103.8872388,1.3274634],[103.8872367,1.3274484],[103.8871744,1.3274576],[103.8871766,1.3274725],[103.8871419,1.3274775],[103.8871407,1.3274687],[103.8871353,1.3274694],[103.8871366,1.3274783],[103.887102,1.3274834],[103.8870998,1.3274684],[103.8870661,1.3274733],[103.8870682,1.3274883],[103.8870336,1.3274933],[103.8870323,1.3274844],[103.887027,1.3274852],[103.8870283,1.3274941],[103.8869936,1.3274992],[103.8869915,1.3274842],[103.8869577,1.3274891],[103.8869599,1.3275041],[103.8869253,1.3275091],[103.886924,1.3275002],[103.8869186,1.327501],[103.8869199,1.3275099],[103.8868845,1.3275149]]]}},{"type":"Feature","properties":{"type":"HDB"},"geometry":{"type":"Polygon","coordinates":[[[103.8857842,1.3277219],[103.8857694,1.327724],[103.8857721,1.3277436],[103.8857571,1.3277457],[103.8857623,1.3277831],[103.8857005,1.3277918],[103.8856952,1.3277539],[103.8856838,1.3277555],[103.8856421,1.32746],[103.8856316,1.3274763],[103.8856333,1.3274886],[103.8855815,1.3274958],[103.8855679,1.3273973],[103.8856193,1.3273901],[103.885621,1.3274019],[103.8856358,1.3274147],[103.8855913,1.3270926],[103.8856814,1.3270801],[103.8856841,1.3270998],[103.8856979,1.3270978],[103.8857027,1.3271326],[103.8856938,1.3271338],[103.8856946,1.3271392],[103.8857034,1.327138],[103.8857083,1.3271729],[103.8856934,1.327175],[103.8856981,1.327209],[103.885713,1.3272069],[103.8857178,1.3272418],[103.8857089,1.327243],[103.8857097,1.3272484],[103.8857185,1.3272472],[103.8857234,1.3272821],[103.8857085,1.3272842],[103.8857132,1.3273182],[103.8857281,1.3273161],[103.8857329,1.327351],[103.8857241,1.3273522],[103.8857248,1.3273576],[103.8857336,1.3273564],[103.8857385,1.3273913],[103.8857236,1.3273934],[103.8857287,1.3274305],[103.8857437,1.3274284],[103.8857485,1.3274632],[103.8857396,1.3274644],[103.8857403,1.3274698],[103.885749,1.3274686],[103.885754,1.3275035],[103.8857391,1.3275056],[103.8857438,1.3275396],[103.8857588,1.3275375],[103.8857636,1.3275724],[103.8857547,1.3275736],[103.8857555,1.327579],[103.8857641,1.3275778],[103.8857691,1.3276127],[103.8857543,1.3276148],[103.885759,1.3276488],[103.8857738,1.3276467],[103.8857787,1.3276816],[103.8857698,1.3276829],[103.8857706,1.3276882],[103.8857791,1.327687],[103.8857842,1.3277219]]]}},{"type":"Feature","properties":{"type":"HDB"},"geometry":{"type":"Polygon","coordinates":[[[103.8865757,1.3275659],[103.8865782,1.3275827],[103.8865982,1.3275798],[103.8866107,1.3276669],[103.8863266,1.3277102],[103.8863374,1.3277242],[103.8863462,1.3277228],[103.8863567,1.3277865],[103.8862615,1.327801],[103.8862519,1.3277374],[103.8862607,1.327736],[103.8862647,1.3277197],[103.8859541,1.3277671],[103.8859524,1.3277558],[103.8859148,1.3277615],[103.8859055,1.3276999],[103.8859431,1.3276944],[103.8859404,1.3276752],[103.8859595,1.3276724],[103.8859571,1.3276556],[103.8859915,1.3276509],[103.8859927,1.3276595],[103.8859981,1.3276588],[103.8859968,1.3276499],[103.8860314,1.3276448],[103.8860336,1.3276598],[103.8860673,1.3276549],[103.8860652,1.3276399],[103.8860998,1.3276352],[103.8861011,1.3276438],[103.8861064,1.3276431],[103.8861051,1.3276341],[103.8861398,1.3276291],[103.8861419,1.3276441],[103.8861757,1.3276392],[103.8861735,1.3276242],[103.8862082,1.3276194],[103.8862094,1.3276281],[103.8862148,1.3276274],[103.8862135,1.3276184],[103.886248,1.3276134],[103.8862501,1.3276284],[103.886287,1.3276231],[103.8862849,1.3276081],[103.8863195,1.3276031],[103.8863208,1.327612],[103.8863261,1.3276112],[103.8863248,1.3276023],[103.8863594,1.3275973],[103.8863616,1.3276123],[103.8863953,1.3276074],[103.8863932,1.3275924],[103.8864278,1.3275874],[103.8864291,1.3275963],[103.8864344,1.3275955],[103.8864332,1.3275866],[103.8864678,1.3275816],[103.8864699,1.3275966],[103.8865037,1.3275917],[103.8865016,1.3275767],[103.8865362,1.3275716],[103.8865375,1.3275806],[103.8865428,1.3275798],[103.8865415,1.3275709],[103.8865757,1.3275659]]]}},{"type":"Feature","properties":{"type":"HDB"},"geometry":{"type":"Polygon","coordinates":[[[103.8852303,1.3275498],[103.8852942,1.3282108],[103.8852117,1.3282189],[103.8851457,1.3275372],[103.8851752,1.3275341],[103.8851772,1.3275551],[103.8852303,1.3275498]]]}},{"type":"Feature","properties":{"type":"HDB"},"geometry":{"type":"Polygon","coordinates":[[[103.8857749,1.3280693],[103.8857727,1.3280543],[103.8857559,1.3280568],[103.8857571,1.3280655],[103.8857176,1.3280712],[103.885709,1.3280113],[103.8857173,1.32801],[103.8857106,1.3279638],[103.8860562,1.3279134],[103.886041,1.3279026],[103.8860302,1.3279039],[103.8860224,1.3278496],[103.8861185,1.3278355],[103.8861263,1.3278903],[103.8861154,1.3278921],[103.8861046,1.3279042],[103.8864511,1.3278535],[103.8864591,1.3279093],[103.8864279,1.3279139],[103.8864343,1.3279582],[103.8864174,1.3279606],[103.8864195,1.3279754],[103.8863849,1.3279805],[103.8863836,1.3279717],[103.8863783,1.3279725],[103.8863795,1.3279812],[103.8863449,1.3279863],[103.8863428,1.3279714],[103.886309,1.3279763],[103.8863112,1.3279912],[103.8862765,1.3279963],[103.8862753,1.3279874],[103.8862699,1.3279882],[103.8862712,1.327997],[103.8862366,1.3280021],[103.8862344,1.3279872],[103.8862007,1.3279921],[103.8862028,1.328007],[103.8861682,1.328012],[103.8861669,1.3280032],[103.8861616,1.328004],[103.8861629,1.3280128],[103.8861282,1.3280179],[103.8861261,1.3280029],[103.886064,1.328012],[103.8860662,1.3280269],[103.8860315,1.328032],[103.8860302,1.3280231],[103.8860249,1.3280238],[103.8860262,1.3280327],[103.8859916,1.3280378],[103.8859894,1.3280228],[103.8859557,1.3280277],[103.8859578,1.3280427],[103.8859232,1.3280477],[103.8859219,1.3280388],[103.8859166,1.3280396],[103.8859179,1.3280485],[103.8858832,1.3280536],[103.8858811,1.3280386],[103.8858473,1.3280435],[103.8858495,1.3280585],[103.8858148,1.3280635],[103.8858136,1.3280546],[103.8858082,1.3280553],[103.8858095,1.3280643],[103.8857749,1.3280693]]]}},{"type":"Feature","properties":{"type":"HDB"},"geometry":{"type":"Polygon","coordinates":[[[103.8884565,1.3270656],[103.8884343,1.3270756],[103.8884395,1.3270867],[103.888435,1.3270886],[103.8884358,1.3270904],[103.8883693,1.3271206],[103.88852,1.3272112],[103.8885506,1.3271587],[103.8884966,1.3271268],[103.8884977,1.327125],[103.8884935,1.3271226],[103.8884997,1.3271119],[103.8884784,1.3270997],[103.8884906,1.3270787],[103.8884846,1.3270752],[103.8885063,1.327038],[103.8886992,1.3271521],[103.8886775,1.3271893],[103.8886715,1.3271857],[103.8886593,1.3272066],[103.8886384,1.3271942],[103.8886322,1.3272047],[103.8886269,1.3272038],[103.8885623,1.3271656],[103.8885318,1.3272179],[103.8887261,1.3273325],[103.8887565,1.3272803],[103.8887118,1.3272295],[103.8887099,1.3272245],[103.8887191,1.3272164],[103.8887029,1.327198],[103.8887208,1.3271819],[103.8887161,1.3271767],[103.8887482,1.327148],[103.8888968,1.3273164],[103.8888647,1.327345],[103.8888601,1.3273398],[103.888842,1.327356],[103.8888259,1.3273373],[103.8888168,1.3273455],[103.8888136,1.3273418],[103.8888119,1.3273433],[103.8887664,1.3272916],[103.8887379,1.3273391],[103.8888237,1.3273901],[103.8888293,1.3274173],[103.8888313,1.3274169],[103.8888301,1.3274121],[103.8888419,1.3274097],[103.8888369,1.3273856],[103.8888606,1.3273807],[103.8888592,1.3273738],[103.8889011,1.3273651],[103.8889463,1.3275856],[103.8889044,1.3275943],[103.8889029,1.3275875],[103.8888792,1.3275924],[103.8888743,1.3275683],[103.8888625,1.3275706],[103.8888446,1.3274923],[103.8888286,1.3274816],[103.888804,1.3274867],[103.888792,1.3274279],[103.8888166,1.3274228],[103.8888117,1.3273987],[103.8887462,1.32736],[103.8887496,1.3273642],[103.8887433,1.3273746],[103.8887646,1.3273869],[103.8887522,1.3274081],[103.8887582,1.3274117],[103.8887366,1.3274489],[103.8885435,1.327335],[103.8885652,1.3272978],[103.8885712,1.3273014],[103.8885836,1.3272801],[103.8886046,1.3272928],[103.8886107,1.3272823],[103.8886158,1.3272832],[103.8885299,1.3272325],[103.8885333,1.3272364],[103.8885273,1.3272471],[103.8885483,1.3272596],[103.888536,1.3272806],[103.8885421,1.3272841],[103.8885204,1.3273213],[103.8884229,1.3272638],[103.8884267,1.3272576],[103.8883823,1.3272314],[103.8883882,1.3272213],[103.8883696,1.3272103],[103.8883629,1.327221],[103.8883199,1.3271956],[103.8883576,1.3271309],[103.888352,1.3271278],[103.8882978,1.3271531],[103.8882926,1.3271534],[103.8882875,1.3271423],[103.8882653,1.3271525],[103.8882553,1.3271303],[103.888249,1.3271332],[103.8882314,1.3270939],[103.8884353,1.3270012],[103.8884529,1.3270405],[103.8884466,1.3270434],[103.8884565,1.3270656]]]}},{"type":"Feature","properties":{"type":"HDB"},"geometry":{"type":"Polygon","coordinates":[[[103.8895963,1.3276224],[103.8894789,1.3276117],[103.8894708,1.3276089],[103.8894626,1.3275955],[103.8894553,1.3275249],[103.8894595,1.3275112],[103.8894669,1.3275061],[103.8894747,1.327505],[103.8896014,1.3275157],[103.8896093,1.3275192],[103.8896163,1.3275333],[103.8896093,1.3276098],[103.8896048,1.327619],[103.8895963,1.3276224]]]}},{"type":"Feature","properties":{"type":"HDB"},"geometry":{"type":"Polygon","coordinates":[[[103.8890489,1.3278172],[103.8889004,1.3280527],[103.8889545,1.3280876],[103.8889199,1.328142],[103.888914,1.3281382],[103.8889086,1.3281474],[103.8888552,1.3281129],[103.8888607,1.3281041],[103.8880764,1.3276023],[103.8880565,1.3273851],[103.8881554,1.3272285],[103.8883677,1.3273653],[103.8883605,1.3273767],[103.8890489,1.3278172]]]}},{"type":"Feature","properties":{"type":"HDB"},"geometry":{"type":"Polygon","coordinates":[[[103.8893223,1.3276959],[103.8893206,1.3276972],[103.8892702,1.3276299],[103.8892395,1.3276531],[103.889352,1.3278036],[103.8894386,1.3278115],[103.8894423,1.3277714],[103.8894596,1.3277731],[103.8894606,1.3277608],[103.8894359,1.3277586],[103.8894381,1.3277344],[103.8894312,1.3277337],[103.8894351,1.3276908],[103.8896579,1.3277111],[103.889654,1.3277541],[103.8896471,1.3277534],[103.8896449,1.3277776],[103.8896209,1.3277754],[103.8896198,1.3277875],[103.8896144,1.327789],[103.8895226,1.3277806],[103.8895209,1.3277994],[103.8895952,1.3278063],[103.8895906,1.3278563],[103.8895781,1.3278551],[103.889576,1.3278781],[103.8895142,1.3278723],[103.8895124,1.3278927],[103.8895896,1.3278997],[103.8895946,1.3279022],[103.8895935,1.3279141],[103.8896176,1.3279162],[103.8896154,1.3279406],[103.8896223,1.3279412],[103.8896184,1.3279842],[103.8893956,1.3279639],[103.8893995,1.3279209],[103.8894064,1.3279215],[103.8894086,1.3278971],[103.8894332,1.3278994],[103.8894344,1.3278872],[103.8894391,1.327886],[103.8894989,1.3278915],[103.8895045,1.3278311],[103.8893629,1.3278182],[103.8893522,1.3278264],[103.8893742,1.3278559],[103.8893761,1.3278608],[103.8893667,1.3278681],[103.8893809,1.3278879],[103.8893614,1.3279026],[103.8893656,1.3279082],[103.8893314,1.3279341],[103.8891969,1.3277541],[103.8892311,1.3277282],[103.8892353,1.3277338],[103.8892549,1.327719],[103.8892698,1.3277389],[103.8892793,1.3277315],[103.8892834,1.3277344],[103.8892291,1.3276617],[103.8891928,1.3276892],[103.8891883,1.3276909],[103.8891808,1.327681],[103.8891611,1.3276959],[103.8891464,1.3276764],[103.8891407,1.3276803],[103.8891152,1.327646],[103.8892054,1.3275777],[103.8892033,1.3275749],[103.8892198,1.3275624],[103.88923,1.3275755],[103.8892316,1.3275744],[103.8892285,1.3275706],[103.8892381,1.3275633],[103.8892237,1.3275442],[103.889243,1.3275296],[103.8892384,1.3275235],[103.8892726,1.3274975],[103.8894071,1.3276775],[103.8893729,1.3277034],[103.8893687,1.3276978],[103.8893494,1.3277124],[103.889335,1.3276926],[103.889325,1.3277],[103.8893223,1.3276959]]]}},{"type":"Feature","properties":{"type":"HDB"},"geometry":{"type":"Polygon","coordinates":[[[103.8890772,1.3278893],[103.8890842,1.3278829],[103.8890929,1.327881],[103.889101,1.3278832],[103.8891073,1.3278889],[103.8891701,1.3279832],[103.8891716,1.3279917],[103.8891691,1.3279998],[103.8890056,1.3281129],[103.8889851,1.3281174],[103.88897,1.3281126],[103.8889479,1.3280983],[103.8890772,1.3278893]]]}},{"type":"Feature","properties":{"type":"HDB"},"geometry":{"type":"Polygon","coordinates":[[[103.8892212,1.3282324],[103.8892169,1.3282289],[103.8892955,1.3283451],[103.8893502,1.3283724],[103.8893767,1.3283185],[103.889336,1.3282982],[103.8893327,1.3282947],[103.8893381,1.3282836],[103.8893158,1.3282727],[103.8893266,1.3282507],[103.8893203,1.3282476],[103.8893394,1.328209],[103.8895399,1.3283089],[103.8895208,1.3283476],[103.8895146,1.3283445],[103.8895037,1.3283663],[103.8894824,1.3283555],[103.8894769,1.3283664],[103.8894722,1.328364],[103.8894713,1.3283657],[103.8893888,1.3283246],[103.8893803,1.3283417],[103.8894359,1.3283693],[103.8894258,1.32839],[103.8894371,1.3283955],[103.8894149,1.3284405],[103.8893481,1.3284072],[103.8893397,1.3284242],[103.8894223,1.3284654],[103.8894263,1.328469],[103.8894209,1.32848],[103.8894426,1.3284907],[103.8894317,1.3285129],[103.8894379,1.328516],[103.8894189,1.3285547],[103.8892184,1.3284546],[103.8892374,1.328416],[103.8892436,1.3284191],[103.8892546,1.3283972],[103.8892767,1.3284084],[103.8892821,1.3283975],[103.8892665,1.3283897],[103.8892839,1.3283543],[103.8891971,1.3282238],[103.8889914,1.3283449],[103.8889781,1.3283714],[103.8890314,1.3283992],[103.8891094,1.3283537],[103.8891106,1.3283556],[103.8891146,1.3283529],[103.8891207,1.3283632],[103.8891419,1.3283511],[103.889154,1.328372],[103.88916,1.3283685],[103.8891815,1.3284058],[103.8889879,1.3285187],[103.8889665,1.3284816],[103.8889724,1.3284779],[103.8889605,1.3284571],[103.8889816,1.3284449],[103.8889756,1.3284341],[103.8889798,1.3284318],[103.8889788,1.3284299],[103.8890126,1.3284103],[103.8890077,1.3284018],[103.888972,1.3283835],[103.888942,1.3284432],[103.888821,1.3283816],[103.8888404,1.3283431],[103.8888466,1.3283462],[103.8888575,1.3283246],[103.8888794,1.3283358],[103.8888849,1.3283249],[103.8888891,1.3283273],[103.8888901,1.3283254],[103.8889656,1.328364],[103.8889804,1.3283348],[103.8889864,1.3283295],[103.8889823,1.3283319],[103.8889761,1.3283214],[103.8889549,1.3283338],[103.8889426,1.3283125],[103.8889366,1.328316],[103.8889151,1.3282787],[103.8891284,1.3281541],[103.8891499,1.3281914],[103.8891439,1.3281949],[103.8891562,1.3282162],[103.8891352,1.3282286],[103.8891413,1.3282392],[103.8891376,1.3282429],[103.8891895,1.3282126],[103.8891787,1.3281965],[103.8891745,1.3281645],[103.8891322,1.328103],[103.8891311,1.3280981],[103.8891409,1.3280912],[103.8891273,1.3280706],[103.8891472,1.328057],[103.8891432,1.3280513],[103.8891787,1.3280271],[103.8893041,1.3282136],[103.8892688,1.3282377],[103.8892649,1.3282319],[103.889245,1.3282454],[103.8892311,1.3282254],[103.8892212,1.3282324]]]}},{"type":"Feature","properties":{"type":"HDB"},"geometry":{"type":"Polygon","coordinates":[[[103.8893928,1.3288649],[103.8893926,1.3288668],[103.8893014,1.3288535],[103.8892987,1.3288722],[103.88936,1.3288812],[103.8893567,1.328904],[103.8893691,1.3289059],[103.889362,1.3289555],[103.8893506,1.3289548],[103.8893558,1.3289556],[103.8893541,1.3289675],[103.889378,1.3289709],[103.8893745,1.3289952],[103.8893814,1.3289962],[103.8893752,1.3290389],[103.8891538,1.3290064],[103.88916,1.3289637],[103.8891669,1.3289647],[103.8891703,1.3289407],[103.8891946,1.3289443],[103.8891964,1.3289321],[103.8892014,1.3289311],[103.8892749,1.3289418],[103.8892806,1.3289029],[103.8891006,1.3288757],[103.889104,1.32888],[103.8890983,1.3288903],[103.8891192,1.3289026],[103.889107,1.3289237],[103.8891131,1.3289272],[103.8890916,1.3289646],[103.8888979,1.328852],[103.8889193,1.3288146],[103.8889253,1.3288181],[103.8889374,1.3287971],[103.8889587,1.3288095],[103.8889647,1.3287988],[103.8889698,1.3287997],[103.8889141,1.3287673],[103.8888831,1.3288214],[103.8888637,1.3288101],[103.8888706,1.3287948],[103.8888682,1.3287992],[103.8888575,1.328793],[103.8888454,1.3288143],[103.8888243,1.3288021],[103.8888208,1.3288081],[103.8887837,1.3287866],[103.8888956,1.3285915],[103.8889327,1.3286131],[103.8889292,1.3286192],[103.8889503,1.3286314],[103.8889382,1.3286529],[103.8889484,1.3286587],[103.8889475,1.328664],[103.8889019,1.3287435],[103.8890164,1.32881],[103.889046,1.3287584],[103.8889864,1.3287237],[103.8889831,1.3287195],[103.8889892,1.3287092],[103.8889678,1.3286969],[103.88898,1.3286757],[103.8889739,1.3286722],[103.8889954,1.3286348],[103.8891891,1.3287474],[103.8891677,1.3287848],[103.8891617,1.3287813],[103.8891494,1.3288026],[103.8891284,1.3287903],[103.8891226,1.3288009],[103.8891172,1.3287997],[103.8890577,1.3287651],[103.889028,1.3288168],[103.8891055,1.3288618],[103.889216,1.3288785],[103.8892216,1.3288399],[103.8892388,1.3288424],[103.8892404,1.3288307],[103.889216,1.328827],[103.8892195,1.3288027],[103.8892126,1.3288017],[103.8892188,1.328759],[103.8894402,1.3287915],[103.889434,1.3288342],[103.8894271,1.3288332],[103.8894236,1.3288572],[103.8893999,1.3288538],[103.8893982,1.3288658],[103.8893928,1.3288649]]]}},{"type":"Feature","properties":{"type":"HDB"},"geometry":{"type":"Polygon","coordinates":[[[103.887335,1.3286587],[103.8873376,1.3286778],[103.8873854,1.3286709],[103.8873884,1.3286938],[103.8874335,1.3286871],[103.8874366,1.3287084],[103.8874688,1.3287036],[103.8874721,1.3287258],[103.8874465,1.3287298],[103.88745,1.3287546],[103.8874758,1.3287508],[103.8874789,1.3287731],[103.8874458,1.328778],[103.8874514,1.3288174],[103.8874846,1.3288125],[103.8874877,1.3288348],[103.8874621,1.3288386],[103.8874657,1.3288636],[103.8874914,1.3288599],[103.8874944,1.3288823],[103.8874615,1.3288872],[103.8874671,1.3289264],[103.8875003,1.3289215],[103.8875034,1.328944],[103.8874778,1.3289478],[103.8874814,1.3289728],[103.8875069,1.3289691],[103.88751,1.3289915],[103.8874771,1.3289963],[103.8874868,1.3290641],[103.8875198,1.3290593],[103.8875229,1.3290815],[103.8874975,1.3290853],[103.887501,1.3291104],[103.8875266,1.3291067],[103.8875297,1.329129],[103.8874969,1.3291338],[103.8875025,1.3291732],[103.8875354,1.3291683],[103.8875387,1.3291908],[103.8875132,1.3291946],[103.8875168,1.3292198],[103.8875425,1.3292161],[103.8875456,1.3292384],[103.8875125,1.3292433],[103.8875181,1.3292825],[103.8875513,1.3292776],[103.8875544,1.3293],[103.8875288,1.3293038],[103.8875324,1.3293286],[103.8875579,1.3293249],[103.8875612,1.3293473],[103.8875301,1.3293518],[103.8875332,1.3293725],[103.8875366,1.329372],[103.8875413,1.3294043],[103.8874915,1.3294117],[103.88749,1.3294024],[103.887442,1.3294096],[103.8874447,1.3294284],[103.8874331,1.3294303],[103.8874261,1.3293782],[103.8874373,1.3293764],[103.8873962,1.3290892],[103.8873326,1.3290978],[103.8873199,1.3290091],[103.8873837,1.3290003],[103.8873413,1.3287106],[103.8873306,1.3287122],[103.8873233,1.3286602],[103.887335,1.3286587]]]}},{"type":"Feature","properties":{"type":"HDB"},"geometry":{"type":"Polygon","coordinates":[[[103.8878849,1.3292756],[103.8878839,1.3290904],[103.8883611,1.3290879],[103.8883615,1.3291656],[103.8884232,1.3291653],[103.8884235,1.3292293],[103.8884053,1.3292294],[103.8884054,1.3292403],[103.8884593,1.32924],[103.8884592,1.3292291],[103.8884422,1.3292292],[103.8884419,1.3291652],[103.8884974,1.3291649],[103.8884975,1.3291781],[103.8885562,1.3291778],[103.8885562,1.3291646],[103.8886126,1.3291643],[103.8886129,1.3292283],[103.8885953,1.3292284],[103.8885954,1.3292425],[103.8885515,1.3292428],[103.8885515,1.3292474],[103.8885457,1.3292474],[103.8885458,1.329257],[103.8885391,1.329257],[103.8885393,1.3292958],[103.8885496,1.3292957],[103.8885498,1.3293324],[103.888573,1.3293323],[103.8885732,1.3293541],[103.888577,1.329354],[103.8885772,1.3293967],[103.8885489,1.3293969],[103.8885489,1.329401],[103.8884971,1.3294013],[103.888497,1.3293925],[103.888437,1.3293929],[103.8884371,1.3294016],[103.8883858,1.3294019],[103.8883858,1.3293977],[103.8883579,1.3293979],[103.8883577,1.3293552],[103.8883611,1.3293552],[103.888361,1.3293334],[103.8883839,1.3293333],[103.8883838,1.329319],[103.8884269,1.3293188],[103.8884269,1.3293145],[103.8884312,1.3293145],[103.8884312,1.3293044],[103.8884426,1.3293043],[103.8884424,1.3292621],[103.88843,1.3292621],[103.88843,1.3292576],[103.888337,1.3292581],[103.8883371,1.329287],[103.8883415,1.329287],[103.8883401,1.3293618],[103.8883097,1.329362],[103.8883098,1.3293748],[103.8882577,1.3293751],[103.8882577,1.3293707],[103.8882311,1.3293708],[103.8882307,1.3293067],[103.8882528,1.3293066],[103.8882527,1.3292931],[103.8882667,1.329293],[103.8882666,1.3292707],[103.8882488,1.3292708],[103.8882488,1.3292736],[103.8881035,1.3292744],[103.8881036,1.3292836],[103.8880764,1.3292838],[103.8880763,1.3292795],[103.8880242,1.3292798],[103.8880242,1.3292892],[103.8879653,1.3292895],[103.8879652,1.3292751],[103.8878849,1.3292756]]]}},{"type":"Feature","properties":{"type":"HDB"},"geometry":{"type":"Polygon","coordinates":[[[103.8893137,1.3292076],[103.8893317,1.3291892],[103.8893563,1.329181],[103.8893823,1.3291807],[103.8894077,1.3291863],[103.8894317,1.3291964],[103.8894537,1.3292105],[103.8894727,1.3292283],[103.8894873,1.32925],[103.8894947,1.329275],[103.8894899,1.3293004],[103.8894719,1.3293188],[103.8894473,1.329327],[103.8894213,1.3293272],[103.8893958,1.3293217],[103.8893718,1.3293116],[103.8893499,1.3292975],[103.8893309,1.3292796],[103.8893163,1.329258],[103.8893089,1.329233],[103.8893137,1.3292076]]]}},{"type":"Feature","properties":{"type":"HDB"},"geometry":{"type":"Polygon","coordinates":[[[103.8867289,1.3279727],[103.8867188,1.3278992],[103.8867114,1.3278996],[103.88671,1.3278936],[103.8867165,1.3278922],[103.8867063,1.3278193],[103.8866965,1.3278209],[103.8866955,1.3278133],[103.8867049,1.3278109],[103.8866981,1.327759],[103.8868164,1.3277429],[103.8868332,1.3277516],[103.8868348,1.3277579],[103.8868308,1.327764],[103.8868239,1.3277695],[103.8867924,1.3277765],[103.8868384,1.3280745],[103.8869665,1.3280571],[103.886966,1.3280499],[103.8869743,1.3280467],[103.8869753,1.3280557],[103.8870487,1.328045],[103.8870473,1.3280374],[103.8870569,1.328036],[103.8870576,1.3280432],[103.8871092,1.3280381],[103.8871106,1.3280514],[103.8871422,1.328048],[103.8871469,1.3280807],[103.8871431,1.3280814],[103.8871482,1.3281299],[103.8862334,1.3282624],[103.8862742,1.3285494],[103.8863,1.3285463],[103.8863114,1.3285541],[103.8863111,1.3285611],[103.8863051,1.3285734],[103.8863004,1.3285756],[103.8861835,1.3285932],[103.8861762,1.3285402],[103.8861679,1.3285416],[103.8861658,1.3285323],[103.8861732,1.3285293],[103.8861644,1.3284576],[103.8861568,1.3284572],[103.886154,1.3284491],[103.8861623,1.3284481],[103.8861515,1.3283757],[103.8861434,1.3283778],[103.8861422,1.3283681],[103.8861485,1.3283662],[103.8861435,1.3283207],[103.8862093,1.3283107],[103.8862039,1.3282678],[103.8858278,1.3283205],[103.8858176,1.3282712],[103.8858126,1.3282712],[103.8858071,1.3282432],[103.8858366,1.328236],[103.8858356,1.3282221],[103.8858849,1.3282122],[103.8858842,1.3282059],[103.8858907,1.3282041],[103.8858921,1.3282124],[103.8859644,1.3282017],[103.8859637,1.3281943],[103.8859731,1.3281927],[103.8859727,1.3282006],[103.8860479,1.3281894],[103.8860463,1.3281827],[103.8860544,1.3281804],[103.8860553,1.3281887],[103.8861295,1.3281774],[103.8861281,1.3281708],[103.8861366,1.328169],[103.8861378,1.3281766],[103.8862117,1.3281662],[103.8862112,1.3281585],[103.8862192,1.3281562],[103.8862211,1.3281643],[103.8862948,1.3281545],[103.8862929,1.3281464],[103.8863008,1.3281459],[103.8863019,1.3281531],[103.8863736,1.3281423],[103.8863731,1.3281357],[103.886381,1.3281338],[103.8863826,1.3281422],[103.8864525,1.328132],[103.8864508,1.3281246],[103.8864656,1.3281215],[103.8864677,1.3281289],[103.8865374,1.3281194],[103.8865369,1.3281122],[103.8865452,1.328111],[103.8865461,1.3281176],[103.8866182,1.3281074],[103.8866182,1.3280999],[103.8866251,1.3280976],[103.8866265,1.3281055],[103.8866966,1.3280962],[103.8866961,1.3280874],[103.8867053,1.3280864],[103.8867062,1.328095],[103.8867808,1.3280841],[103.8867794,1.3280756],[103.8867866,1.3280737],[103.8867809,1.3280272],[103.8867385,1.3280311],[103.886731,1.3279813],[103.8867218,1.3279822],[103.8867202,1.3279748],[103.8867289,1.3279727]]]}},{"type":"Feature","properties":{"type":"HDB"},"geometry":{"type":"Polygon","coordinates":[[[103.8853024,1.3282928],[103.8854844,1.328815],[103.8854065,1.3288424],[103.8852127,1.3282878],[103.8852645,1.3282695],[103.8852759,1.3283021],[103.8853024,1.3282928]]]}},{"type":"Feature","properties":{"type":"HDB"},"geometry":{"type":"Polygon","coordinates":[[[103.8871986,1.3287864],[103.8872393,1.328878],[103.8872193,1.328887],[103.8872316,1.3289147],[103.8872108,1.3289243],[103.8872005,1.328901],[103.8871779,1.3289114],[103.8871881,1.3289348],[103.8871673,1.328944],[103.8871524,1.32891],[103.8871328,1.3289203],[103.8871265,1.3289064],[103.8871013,1.3289235],[103.8871143,1.3289371],[103.8870969,1.328949],[103.8871223,1.3289752],[103.8871063,1.328991],[103.8870891,1.3289733],[103.8870712,1.3289909],[103.8870883,1.3290087],[103.8870721,1.3290245],[103.8870488,1.3290003],[103.8870205,1.3290279],[103.8870438,1.3290519],[103.8870277,1.3290677],[103.8870099,1.3290492],[103.8870001,1.329059],[103.886996,1.3290547],[103.886949,1.3290868],[103.8869513,1.3290921],[103.8869386,1.3290975],[103.8869489,1.3291211],[103.8869279,1.3291304],[103.8869148,1.3291002],[103.886879,1.3291163],[103.8868924,1.3291465],[103.8868715,1.329156],[103.8868618,1.329134],[103.8868386,1.3291444],[103.8868487,1.3291659],[103.8868282,1.3291757],[103.8868141,1.3291457],[103.8867949,1.3291543],[103.8867876,1.329138],[103.886762,1.3291555],[103.8867741,1.329168],[103.8867593,1.3291825],[103.8867824,1.3292068],[103.8867662,1.3292225],[103.8867495,1.329205],[103.8867314,1.3292227],[103.8867484,1.32924],[103.8867321,1.329256],[103.8867084,1.329232],[103.8866948,1.3292457],[103.8866968,1.329248],[103.88667,1.329273],[103.8866309,1.3292348],[103.8866578,1.3292096],[103.8866252,1.3291778],[103.8867073,1.329099],[103.8867659,1.3290599],[103.8869068,1.3289987],[103.8868781,1.3289597],[103.8869068,1.3289407],[103.8869347,1.3289785],[103.8870474,1.3288676],[103.8870959,1.3288339],[103.8871986,1.3287864]]]}},{"type":"Feature","properties":{"type":"HDB"},"geometry":{"type":"Polygon","coordinates":[[[103.8856884,1.3290049],[103.8857986,1.3290217],[103.8858567,1.329042],[103.8860008,1.3291171],[103.8860134,1.3290718],[103.8860451,1.3290817],[103.8860313,1.3291265],[103.8861894,1.3291487],[103.8862463,1.3291672],[103.8863455,1.3292181],[103.8863248,1.3292589],[103.8863544,1.329274],[103.8863298,1.3293223],[103.8863002,1.3293072],[103.8863018,1.3293041],[103.8862811,1.3292931],[103.8862655,1.3293227],[103.886243,1.3293108],[103.8862544,1.3292894],[103.8862345,1.3292788],[103.8862232,1.3293002],[103.8862033,1.3292897],[103.8862189,1.3292601],[103.8862016,1.3292509],[103.8862096,1.3292355],[103.8861802,1.3292258],[103.8861778,1.3292438],[103.886156,1.3292407],[103.8861513,1.329273],[103.886129,1.3292698],[103.8861324,1.3292465],[103.8861076,1.3292431],[103.886104,1.3292668],[103.8860817,1.3292635],[103.8860865,1.3292311],[103.8860473,1.3292257],[103.8860428,1.3292585],[103.8860204,1.3292552],[103.8860239,1.32923],[103.8860101,1.3292285],[103.8860112,1.3292199],[103.8859581,1.3292024],[103.8859544,1.3292097],[103.8859423,1.3292028],[103.8859305,1.3292258],[103.8859105,1.3292153],[103.885926,1.329185],[103.8858914,1.3291668],[103.8858756,1.3291967],[103.8858557,1.3291861],[103.8858676,1.3291637],[103.885845,1.3291517],[103.8858334,1.3291743],[103.8858133,1.329164],[103.8858285,1.3291342],[103.8858102,1.3291246],[103.8858181,1.3291094],[103.8857884,1.3291005],[103.8857862,1.3291169],[103.8857656,1.3291138],[103.8857609,1.3291471],[103.8857385,1.3291441],[103.8857422,1.3291185],[103.8857174,1.3291151],[103.8857136,1.3291407],[103.8856914,1.3291377],[103.8856957,1.3291075],[103.8856736,1.3291036],[103.8856884,1.3290049]]]}},{"type":"Feature","properties":{"type":"HDB"},"geometry":{"type":"Polygon","coordinates":[[[103.8852916,1.3289251],[103.8855682,1.3288842],[103.885648,1.3294289],[103.885542,1.3294452],[103.8855452,1.32947],[103.8854816,1.32948],[103.8854779,1.329455],[103.885371,1.3294715],[103.8852916,1.3289251]]]}},{"type":"Feature","properties":{"type":"HDB"},"geometry":{"type":"Polygon","coordinates":[[[103.8872655,1.3294057],[103.887241,1.3294093],[103.8872439,1.3294306],[103.8872213,1.3294336],[103.8872177,1.3294065],[103.8871789,1.3294122],[103.8871826,1.3294394],[103.8871601,1.3294426],[103.8871571,1.3294215],[103.8871325,1.3294251],[103.8871354,1.3294462],[103.8871129,1.3294494],[103.8871092,1.3294224],[103.8870708,1.329428],[103.8870745,1.329455],[103.8870519,1.3294583],[103.887049,1.3294373],[103.8870242,1.329441],[103.8870272,1.329462],[103.8870046,1.329465],[103.8870009,1.3294382],[103.8869599,1.3294442],[103.8869635,1.3294711],[103.8869411,1.3294743],[103.8869382,1.3294535],[103.8869135,1.3294571],[103.8869164,1.3294779],[103.8868939,1.3294811],[103.8868902,1.3294547],[103.8868516,1.3294602],[103.8868552,1.3294866],[103.8868326,1.3294899],[103.8868297,1.3294693],[103.8868051,1.3294729],[103.886808,1.3294935],[103.8867855,1.3294968],[103.8867818,1.3294703],[103.8867431,1.3294759],[103.8867467,1.3295024],[103.8867241,1.3295057],[103.8867212,1.3294852],[103.8866967,1.3294888],[103.8866996,1.3295094],[103.8866769,1.3295126],[103.8866723,1.3294786],[103.8866451,1.3294824],[103.8866344,1.3294059],[103.8866166,1.3294084],[103.886615,1.3293971],[103.8869104,1.3293553],[103.8869001,1.3292872],[103.8869865,1.329274],[103.8869963,1.3293426],[103.8871568,1.3293192],[103.8871549,1.3293076],[103.8871845,1.3293035],[103.8871864,1.3293151],[103.8872955,1.3292989],[103.887301,1.3293366],[103.8873324,1.3293318],[103.8873397,1.3293826],[103.8872869,1.3293915],[103.887291,1.3294236],[103.8872684,1.3294267],[103.8872655,1.3294057]]]}},{"type":"Feature","properties":{"type":"HDB"},"geometry":{"type":"Polygon","coordinates":[[[103.8875316,1.3295629],[103.887539,1.3296136],[103.8875075,1.3296185],[103.8875127,1.3296552],[103.8874032,1.329671],[103.8874046,1.3296824],[103.8873957,1.3296837],[103.8873943,1.3296722],[103.8873818,1.329674],[103.8873832,1.3296856],[103.8873743,1.3296869],[103.8873729,1.3296754],[103.88724,1.3296946],[103.8872486,1.3297538],[103.8871629,1.3297662],[103.8871544,1.329707],[103.8868322,1.3297535],[103.8868306,1.3297422],[103.8868484,1.3297396],[103.8868383,1.3296698],[103.8868652,1.3296658],[103.8868592,1.3296265],[103.8868817,1.3296233],[103.8868854,1.3296475],[103.88691,1.329644],[103.8869063,1.3296196],[103.8869289,1.3296163],[103.8869336,1.3296469],[103.8869721,1.3296414],[103.8869674,1.3296109],[103.88699,1.3296075],[103.8869937,1.329632],[103.8870182,1.3296285],[103.8870145,1.329604],[103.8870371,1.3296006],[103.8870419,1.3296314],[103.8870807,1.3296258],[103.887076,1.3295951],[103.8870986,1.3295918],[103.8871023,1.3296164],[103.8871269,1.3296129],[103.8871232,1.3295882],[103.8871457,1.329585],[103.8871505,1.3296158],[103.8871913,1.32961],[103.8871865,1.3295792],[103.8872091,1.3295758],[103.8872128,1.3296005],[103.8872373,1.329597],[103.8872336,1.3295724],[103.8872561,1.3295688],[103.8872608,1.3295996],[103.8872998,1.3295941],[103.8872951,1.3295634],[103.8873176,1.3295599],[103.8873214,1.3295849],[103.8873461,1.3295814],[103.8873423,1.3295566],[103.8873647,1.329553],[103.8873695,1.3295842],[103.8874087,1.3295786],[103.8874038,1.3295474],[103.8874261,1.3295442],[103.88743,1.3295693],[103.8874548,1.3295658],[103.887451,1.3295406],[103.8874736,1.3295375],[103.8874787,1.3295711],[103.8875316,1.3295629]]]}},{"type":"Feature","properties":{"type":"HDB"},"geometry":{"type":"Polygon","coordinates":[[[103.8860248,1.329875],[103.8860228,1.3298621],[103.8861446,1.3298448],[103.8861353,1.3297842],[103.8861171,1.3297867],[103.8861111,1.3297455],[103.8861298,1.3297429],[103.8861255,1.3297149],[103.8860037,1.3297329],[103.8860017,1.3297201],[103.8859645,1.3297254],[103.885953,1.3296484],[103.8859895,1.3296428],[103.8859877,1.3296304],[103.8859904,1.3296298],[103.8859947,1.3296198],[103.886004,1.3296143],[103.8860156,1.3296167],[103.886024,1.329625],[103.8860538,1.3296209],[103.8860554,1.3296315],[103.8861137,1.3296229],[103.8861117,1.3296098],[103.8861992,1.329597],[103.8862064,1.3296453],[103.8862024,1.3296458],[103.8862052,1.3296653],[103.8862092,1.3296648],[103.8862124,1.3296876],[103.8861857,1.3296915],[103.8861901,1.329723],[103.8862874,1.3297088],[103.8862888,1.3297176],[103.8863003,1.3297159],[103.8863018,1.3297251],[103.8863144,1.3297374],[103.886321,1.3297537],[103.8863196,1.3297702],[103.8863113,1.3297844],[103.8863118,1.3297951],[103.8862997,1.3297968],[103.8863013,1.3298055],[103.8862038,1.3298197],[103.8862083,1.329851],[103.8862358,1.329847],[103.8862391,1.3298697],[103.8862343,1.3298704],[103.8862371,1.32989],[103.886242,1.3298893],[103.886249,1.3299372],[103.8861625,1.3299501],[103.8861604,1.3299368],[103.8861025,1.329945],[103.886104,1.3299555],[103.8860754,1.32996],[103.8860697,1.3299712],[103.8860585,1.3299767],[103.8860462,1.3299745],[103.8860377,1.3299654],[103.8860357,1.3299525],[103.8859984,1.3299578],[103.8859871,1.3298806],[103.8860248,1.329875]]]}},{"type":"Feature","properties":{"type":"HDB"},"geometry":{"type":"Polygon","coordinates":[[[103.8853302,1.3301616],[103.8853229,1.3301109],[103.8853324,1.3301096],[103.8853264,1.3300723],[103.8853174,1.3300736],[103.8853131,1.3300448],[103.8857339,1.3299824],[103.8856926,1.3297001],[103.885272,1.3297618],[103.885268,1.3297326],[103.8852769,1.3297313],[103.8852712,1.3296945],[103.8852623,1.3296958],[103.885255,1.3296453],[103.8853425,1.3296324],[103.8853484,1.3296731],[103.885343,1.3296739],[103.8853456,1.3296919],[103.8853785,1.3296871],[103.8853759,1.3296691],[103.8853706,1.3296699],[103.8853647,1.3296291],[103.8855312,1.3296047],[103.8855371,1.3296455],[103.8855318,1.3296463],[103.8855344,1.3296641],[103.8855679,1.3296591],[103.8855653,1.3296414],[103.88556,1.3296422],[103.8855543,1.3296027],[103.8856416,1.3295898],[103.8856434,1.3296024],[103.8856585,1.3296002],[103.8856593,1.3296055],[103.8856762,1.3296031],[103.8856754,1.3295977],[103.8856968,1.3295946],[103.8857032,1.3296392],[103.88572,1.3296368],[103.8857176,1.3296198],[103.8857123,1.3296206],[103.8857063,1.3295788],[103.8857921,1.3295658],[103.8857998,1.3296182],[103.8857924,1.3296193],[103.8857981,1.3296587],[103.8857643,1.3296637],[103.8857683,1.3296914],[103.8858092,1.3296854],[103.8858178,1.3297444],[103.8857777,1.3297504],[103.885777,1.329745],[103.8857601,1.3297475],[103.885765,1.3297815],[103.8857819,1.329779],[103.8857811,1.3297736],[103.8858216,1.3297677],[103.8858385,1.3298847],[103.8857979,1.3298906],[103.8857972,1.3298852],[103.8857803,1.3298877],[103.8857852,1.3299216],[103.885802,1.3299192],[103.8858013,1.3299138],[103.8858413,1.329908],[103.8858498,1.3299671],[103.8858089,1.329973],[103.8858129,1.3300008],[103.8858467,1.3299959],[103.8858524,1.3300353],[103.8858601,1.3300342],[103.8858671,1.330083],[103.8857809,1.3300956],[103.8857753,1.3300571],[103.8857806,1.3300563],[103.8857781,1.3300393],[103.8857613,1.3300418],[103.8857677,1.3300865],[103.8857464,1.3300896],[103.8857456,1.3300843],[103.8857287,1.3300867],[103.8857295,1.3300921],[103.8857143,1.3300943],[103.8857162,1.3301068],[103.8856308,1.3301192],[103.885625,1.3300789],[103.8856303,1.3300782],[103.8856278,1.3300612],[103.8855941,1.3300661],[103.8855965,1.3300831],[103.8856019,1.3300823],[103.8856077,1.3301225],[103.8854387,1.3301471],[103.8854329,1.3301068],[103.8854391,1.3301059],[103.8854367,1.3300889],[103.885401,1.3300941],[103.8854035,1.3301111],[103.8854097,1.3301101],[103.8854154,1.3301491],[103.8853302,1.3301616]]]}},{"type":"Feature","properties":{"type":"HDB"},"geometry":{"type":"Polygon","coordinates":[[[103.8869504,1.3300408],[103.8869442,1.3300417],[103.8869322,1.3299572],[103.8869633,1.3299527],[103.8869646,1.3299611],[103.8869894,1.3299575],[103.886988,1.329949],[103.8870178,1.3299447],[103.887019,1.3299536],[103.8870475,1.3299496],[103.8870488,1.3299587],[103.8870698,1.3299556],[103.8870685,1.3299464],[103.887097,1.3299423],[103.8870958,1.3299333],[103.8871538,1.3299249],[103.8871553,1.3299363],[103.8871834,1.3299322],[103.8871962,1.3300208],[103.8871642,1.3300255],[103.8871622,1.3300121],[103.8871378,1.3300157],[103.8871397,1.3300294],[103.8870062,1.3300488],[103.8870076,1.3300605],[103.8870493,1.3300545],[103.8870617,1.3301405],[103.8870203,1.3301468],[103.8870219,1.3301587],[103.887156,1.330139],[103.8871578,1.3301525],[103.8871815,1.330149],[103.8871795,1.3301355],[103.8872115,1.3301308],[103.8872251,1.3302246],[103.8871976,1.3302286],[103.8871991,1.3302399],[103.8871411,1.3302483],[103.887139,1.3302345],[103.8871107,1.3302387],[103.8871091,1.3302296],[103.8870881,1.3302327],[103.8870897,1.3302417],[103.8870609,1.330246],[103.8870624,1.3302549],[103.8870327,1.3302591],[103.8870315,1.3302507],[103.8870068,1.3302543],[103.8870082,1.330263],[103.8869769,1.3302676],[103.8869646,1.3301831],[103.8869708,1.3301822],[103.8869671,1.3301544],[103.8868833,1.3301666],[103.8868709,1.3300808],[103.8869547,1.3300685],[103.8869504,1.3300408]]]}},{"type":"Feature","properties":{"type":"HDB"},"geometry":{"type":"Polygon","coordinates":[[[103.8886991,1.3293934],[103.888707,1.3293516],[103.8887113,1.3293524],[103.8887152,1.3293317],[103.8887384,1.3293361],[103.8887455,1.3292987],[103.8887555,1.3293006],[103.8887626,1.3292629],[103.8887564,1.3292617],[103.8887583,1.3292516],[103.8887526,1.3292505],[103.8887534,1.3292464],[103.888711,1.3292383],[103.8887138,1.3292234],[103.8886962,1.32922],[103.8887078,1.3291585],[103.8887634,1.3291692],[103.888761,1.3291819],[103.8888182,1.3291928],[103.8888206,1.3291801],[103.8888753,1.3291905],[103.8888637,1.329252],[103.8888459,1.3292486],[103.8888435,1.3292612],[103.8888965,1.3292713],[103.8888988,1.3292587],[103.8888818,1.3292555],[103.8888934,1.329194],[103.8889481,1.3292044],[103.8889457,1.3292171],[103.8890035,1.3292282],[103.889005,1.3292204],[103.8890547,1.3292299],[103.8890542,1.3292328],[103.8890818,1.3292381],[103.8890739,1.32928],[103.889071,1.3292795],[103.889067,1.3293009],[103.8890438,1.3292965],[103.8890411,1.3293107],[103.8889939,1.3293017],[103.8889906,1.3293191],[103.8890278,1.3293262],[103.8890235,1.329349],[103.8890369,1.3293516],[103.8890342,1.3293659],[103.8890557,1.32937],[103.8890441,1.3294315],[103.8890162,1.3294261],[103.8890154,1.3294307],[103.8889665,1.3294213],[103.8889689,1.3294089],[103.888939,1.3294032],[103.8889518,1.3293291],[103.8889559,1.3293299],[103.8889614,1.3293008],[103.8888691,1.3292832],[103.8888683,1.3292878],[103.8888561,1.3292855],[103.8888483,1.3293268],[103.8888589,1.3293288],[103.8888569,1.3293392],[103.8888616,1.3293401],[103.8888608,1.3293443],[103.8889014,1.329352],[103.8888987,1.3293667],[103.8889228,1.3293713],[103.8889189,1.329392],[103.8889228,1.3293928],[103.8889149,1.3294346],[103.8888869,1.3294293],[103.8888862,1.3294331],[103.8888353,1.3294233],[103.8888369,1.3294144],[103.8887785,1.3294032],[103.8887768,1.3294122],[103.8887259,1.3294024],[103.8887266,1.3293987],[103.8886991,1.3293934]]]}},{"type":"Feature","properties":{"type":"HDB"},"geometry":{"type":"Polygon","coordinates":[[[103.8882331,1.329511],[103.8882044,1.3295111],[103.8882044,1.3295161],[103.8881529,1.3295164],[103.8881528,1.3295071],[103.8880945,1.3295074],[103.8880945,1.3295202],[103.8880383,1.3295205],[103.8880379,1.329457],[103.8880569,1.3294569],[103.8880569,1.3294457],[103.8880202,1.3294459],[103.8880205,1.3294987],[103.8879892,1.3294988],[103.8879892,1.3295115],[103.8879343,1.3295118],[103.8879339,1.329449],[103.8879521,1.3294489],[103.8879506,1.3294124],[103.887953,1.3294124],[103.8879528,1.3293712],[103.8879767,1.3293711],[103.8879767,1.3293636],[103.887971,1.3293636],[103.887971,1.3293529],[103.887928,1.3293531],[103.887928,1.3293396],[103.8879107,1.3293397],[103.8879104,1.3292754],[103.8879652,1.3292751],[103.8879653,1.3292895],[103.8880242,1.3292892],[103.8880242,1.3292798],[103.8880763,1.3292795],[103.8880764,1.3292838],[103.8881036,1.3292836],[103.8881038,1.3293254],[103.8881002,1.3293254],[103.8881003,1.3293482],[103.8880774,1.3293483],[103.8880775,1.3293621],[103.8880307,1.3293623],[103.8880308,1.3293732],[103.8880487,1.3293731],[103.888049,1.3294227],[103.8880543,1.3294227],[103.8880543,1.3294279],[103.8881263,1.3294275],[103.8881261,1.3293995],[103.8881203,1.3293995],[103.8881218,1.3293244],[103.8881522,1.3293243],[103.8881522,1.3293112],[103.8882029,1.3293109],[103.8882029,1.3293144],[103.8882308,1.3293142],[103.8882311,1.329379],[103.8882089,1.3293792],[103.888209,1.3293933],[103.8881958,1.3293934],[103.888196,1.3294165],[103.8881581,1.3294167],[103.8881582,1.3294329],[103.888206,1.3294326],[103.888206,1.3294476],[103.8882293,1.3294475],[103.8882294,1.3294692],[103.8882329,1.3294692],[103.8882331,1.329511]]]}},{"type":"Feature","properties":{"type":"HDB"},"geometry":{"type":"Polygon","coordinates":[[[103.8890161,1.3295688],[103.8890237,1.3295284],[103.8890275,1.3295291],[103.8890315,1.3295083],[103.8890545,1.3295127],[103.8890573,1.3294976],[103.8891033,1.3295064],[103.8891065,1.3294893],[103.8890705,1.3294825],[103.8890748,1.3294598],[103.889061,1.3294572],[103.8890638,1.3294423],[103.8890428,1.3294383],[103.8890544,1.3293771],[103.8890806,1.3293821],[103.8890815,1.3293777],[103.8891317,1.3293873],[103.8891293,1.3294004],[103.8891588,1.329406],[103.8891462,1.3294801],[103.8891414,1.3294791],[103.889136,1.3295078],[103.8892059,1.3295212],[103.8892068,1.3295165],[103.8892123,1.3295175],[103.8892216,1.3294683],[103.8892393,1.3294717],[103.8892415,1.3294602],[103.889196,1.3294515],[103.8891987,1.3294369],[103.8891755,1.3294325],[103.8891792,1.3294125],[103.8891755,1.3294118],[103.8891835,1.3293695],[103.8892117,1.3293749],[103.8892123,1.3293713],[103.8892627,1.3293809],[103.8892611,1.3293896],[103.88932,1.3294008],[103.8893225,1.3293879],[103.8893779,1.3293985],[103.8893664,1.3294592],[103.8893476,1.3294556],[103.8893449,1.3294702],[103.8893011,1.3294619],[103.8892992,1.3294718],[103.8892944,1.3294709],[103.8892928,1.3294791],[103.889316,1.3294836],[103.8893083,1.3295243],[103.8893109,1.3295248],[103.8893025,1.3295608],[103.8893209,1.3295643],[103.8893094,1.3296252],[103.8892538,1.3296146],[103.8892564,1.3296012],[103.8892264,1.3295955],[103.8892362,1.3295438],[103.8892004,1.329537],[103.8891981,1.3295494],[103.8892158,1.3295528],[103.8892042,1.3296143],[103.8891499,1.329604],[103.8891523,1.3295909],[103.8890953,1.32958],[103.8890937,1.3295886],[103.889042,1.3295787],[103.8890429,1.3295739],[103.8890161,1.3295688]]]}},{"type":"Feature","properties":{"type":"HDB"},"geometry":{"type":"Polygon","coordinates":[[[103.8882783,1.3296385],[103.8888738,1.3296354],[103.8888754,1.3299358],[103.8888539,1.3299359],[103.8888542,1.3300038],[103.8882802,1.3300068],[103.8882783,1.3296385]]]}},{"type":"Feature","properties":{"type":"HDB"},"geometry":{"type":"Polygon","coordinates":[[[103.8880078,1.3300089],[103.8880075,1.3299661],[103.888011,1.3299661],[103.8880109,1.3299441],[103.8880358,1.329944],[103.8880356,1.3299069],[103.8880468,1.3299068],[103.8880466,1.3298662],[103.8880818,1.329866],[103.8880818,1.3298584],[103.8880768,1.3298585],[103.8880768,1.3298539],[103.8880354,1.3298541],[103.8880353,1.3298396],[103.888011,1.3298397],[103.8880109,1.3298184],[103.8880074,1.3298184],[103.8880072,1.3297751],[103.8880356,1.329775],[103.8880356,1.3297715],[103.8880872,1.3297712],[103.8880872,1.3297803],[103.888146,1.32978],[103.888146,1.3297709],[103.8881982,1.3297706],[103.8881982,1.3297741],[103.8882249,1.329774],[103.8882251,1.3298173],[103.8882223,1.3298173],[103.8882224,1.3298386],[103.8881986,1.3298387],[103.8881986,1.3298533],[103.888151,1.3298535],[103.888151,1.3298678],[103.8881484,1.3298678],[103.8881485,1.3298729],[103.8881434,1.3298729],[103.8881436,1.3299101],[103.8881487,1.3299101],[103.8881487,1.3299165],[103.8881513,1.3299165],[103.8881514,1.3299291],[103.888199,1.3299289],[103.8881991,1.3299431],[103.8882223,1.329943],[103.8882224,1.329965],[103.8882252,1.329965],[103.8882254,1.3300078],[103.8881988,1.3300079],[103.8881988,1.3300115],[103.8881466,1.3300118],[103.8881465,1.3300029],[103.8880877,1.3300032],[103.8880878,1.3300121],[103.8880362,1.3300124],[103.8880362,1.3300088],[103.8880078,1.3300089]]]}},{"type":"Feature","properties":{"type":"HDB"},"geometry":{"type":"Polygon","coordinates":[[[103.8889072,1.3300088],[103.8889152,1.3299664],[103.8889187,1.3299671],[103.8889227,1.329946],[103.8889463,1.3299506],[103.8889489,1.3299367],[103.8889899,1.3299445],[103.8889907,1.3299399],[103.8889964,1.329941],[103.8889964,1.3299367],[103.8890226,1.3299366],[103.8890225,1.3299191],[103.8889695,1.3299193],[103.8889694,1.3298968],[103.8889555,1.3298968],[103.8889555,1.3298833],[103.8889324,1.3298835],[103.8889321,1.3298194],[103.8889601,1.3298193],[103.8889601,1.3298143],[103.889011,1.329814],[103.8890111,1.3298275],[103.8890426,1.3298274],[103.8890445,1.3298964],[103.8890386,1.3298964],[103.8890388,1.3299395],[103.8891277,1.3299565],[103.8891286,1.3299516],[103.8891325,1.3299523],[103.8891423,1.3299004],[103.8891246,1.329897],[103.8891259,1.32989],[103.8890799,1.3298812],[103.8890824,1.3298675],[103.8890601,1.3298633],[103.8890642,1.3298417],[103.8890603,1.3298409],[103.8890684,1.329798],[103.8890965,1.3298034],[103.8890971,1.3298],[103.8891464,1.3298094],[103.8891447,1.3298186],[103.889202,1.3298296],[103.8892038,1.3298204],[103.8892553,1.3298302],[103.8892547,1.3298336],[103.889283,1.3298391],[103.8892749,1.3298819],[103.8892706,1.3298811],[103.8892665,1.3299027],[103.8892425,1.3298981],[103.8892301,1.3299534],[103.889232,1.3299537],[103.8892277,1.3299765],[103.8892407,1.329979],[103.8892382,1.3299924],[103.8892615,1.3299969],[103.8892497,1.3300597],[103.8892214,1.3300543],[103.8892205,1.330059],[103.8891709,1.3300495],[103.8891733,1.3300364],[103.8891436,1.3300307],[103.8891534,1.3299788],[103.8891092,1.3299703],[103.8891071,1.3299813],[103.8891302,1.3299857],[103.8891263,1.3300067],[103.8891298,1.3300074],[103.8891218,1.3300498],[103.889094,1.3300444],[103.8890932,1.3300487],[103.8890427,1.3300391],[103.8890445,1.3300298],[103.8889864,1.3300187],[103.8889846,1.330028],[103.8889342,1.3300184],[103.888935,1.3300141],[103.8889072,1.3300088]]]}},{"type":"Feature","properties":{"type":"HDB"},"geometry":{"type":"Polygon","coordinates":[[[103.8877841,1.3297823],[103.887834,1.330132],[103.8878719,1.3301261],[103.8878767,1.3301586],[103.8878387,1.3301647],[103.8878838,1.3304822],[103.8878957,1.3304801],[103.8879034,1.3305359],[103.887797,1.330551],[103.8877877,1.330484],[103.8877567,1.3304883],[103.8877536,1.3304657],[103.8877801,1.3304619],[103.8877765,1.3304372],[103.88775,1.3304409],[103.8877468,1.3304184],[103.8877808,1.3304136],[103.8877751,1.3303744],[103.8877412,1.3303792],[103.8877379,1.3303566],[103.8877644,1.3303529],[103.8877609,1.3303278],[103.8877343,1.3303315],[103.8877311,1.330309],[103.8877651,1.3303042],[103.8877595,1.3302652],[103.8877256,1.33027],[103.8877223,1.3302475],[103.8877488,1.3302437],[103.8877453,1.330219],[103.8877188,1.3302227],[103.8877155,1.3301999],[103.8877495,1.3301951],[103.8877398,1.3301273],[103.8877059,1.3301321],[103.8877026,1.3301096],[103.8877291,1.3301058],[103.8877255,1.3300809],[103.8876991,1.3300846],[103.8876959,1.3300621],[103.8877297,1.3300573],[103.8877242,1.3300182],[103.8876903,1.330023],[103.8876871,1.3300005],[103.8877135,1.3299968],[103.8877099,1.3299719],[103.8876835,1.3299756],[103.8876803,1.3299531],[103.8877142,1.3299483],[103.8877085,1.3299092],[103.8876748,1.329914],[103.8876715,1.3298914],[103.8876979,1.3298877],[103.8876943,1.3298628],[103.8876679,1.3298666],[103.8876648,1.3298441],[103.8876959,1.3298397],[103.8876929,1.3298187],[103.8876894,1.3298192],[103.8876848,1.3297869],[103.8877346,1.3297799],[103.8877361,1.3297889],[103.8877841,1.3297823]]]}},{"type":"Feature","properties":{"type":"HDB"},"geometry":{"type":"Polygon","coordinates":[[[103.8875174,1.330587],[103.8875056,1.3305888],[103.887498,1.3305365],[103.8875093,1.3305347],[103.8874678,1.3302464],[103.8874078,1.330256],[103.8873953,1.3301685],[103.8874553,1.3301589],[103.8874138,1.3298699],[103.8874019,1.3298711],[103.8873948,1.3298192],[103.8874067,1.3298176],[103.8874095,1.3298365],[103.8874566,1.3298295],[103.8874552,1.3298207],[103.8875057,1.3298131],[103.8875105,1.3298451],[103.887507,1.3298456],[103.88751,1.3298664],[103.887541,1.3298618],[103.8875441,1.3298843],[103.8875186,1.3298881],[103.8875222,1.329913],[103.8875477,1.3299092],[103.887551,1.3299317],[103.8875179,1.3299366],[103.8875235,1.3299757],[103.8875566,1.3299708],[103.8875598,1.3299933],[103.8875343,1.3299971],[103.8875379,1.3300222],[103.8875633,1.3300184],[103.8875666,1.3300409],[103.8875336,1.3300458],[103.8875393,1.3300849],[103.8875722,1.33008],[103.8875755,1.3301024],[103.8875499,1.3301063],[103.8875535,1.3301313],[103.8875791,1.3301275],[103.8875823,1.3301499],[103.8875493,1.3301548],[103.8875591,1.3302229],[103.8875922,1.330218],[103.8875954,1.3302405],[103.8875697,1.3302443],[103.8875734,1.3302692],[103.887599,1.3302653],[103.8876022,1.3302879],[103.8875691,1.3302928],[103.8875747,1.3303319],[103.8876077,1.3303269],[103.887611,1.3303495],[103.8875854,1.3303533],[103.887589,1.3303783],[103.8876146,1.3303745],[103.8876179,1.3303969],[103.8875848,1.3304021],[103.8875904,1.330441],[103.8876234,1.3304361],[103.8876268,1.3304586],[103.8876011,1.3304627],[103.8876047,1.3304875],[103.8876302,1.3304835],[103.8876335,1.3305059],[103.887603,1.3305107],[103.8876058,1.3305314],[103.8875589,1.3305384],[103.8875624,1.3305612],[103.8875148,1.330568],[103.8875174,1.330587]]]}},{"type":"Feature","properties":{"type":"HDB"},"geometry":{"type":"Polygon","coordinates":[[[103.8871353,1.3308978],[103.8871266,1.3308243],[103.8871785,1.3308169],[103.8871801,1.3308285],[103.8874669,1.3307866],[103.8874587,1.3307247],[103.8875442,1.3307127],[103.8875521,1.3307742],[103.8878743,1.3307272],[103.8878805,1.3307767],[103.8878897,1.3307752],[103.8878967,1.3308254],[103.8878651,1.3308302],[103.8878644,1.3308249],[103.8878439,1.3308279],[103.8878484,1.330861],[103.8878261,1.3308642],[103.8878226,1.3308387],[103.8877977,1.3308423],[103.8878013,1.3308678],[103.8877789,1.330871],[103.8877743,1.3308381],[103.8877354,1.3308436],[103.88774,1.3308765],[103.8877177,1.3308796],[103.8877142,1.3308544],[103.8876851,1.3308586],[103.8876886,1.3308839],[103.8876705,1.3308865],[103.8876659,1.3308537],[103.887627,1.3308594],[103.8876316,1.3308921],[103.8876092,1.3308953],[103.8876057,1.3308701],[103.8875808,1.3308737],[103.8875843,1.3308988],[103.8875621,1.330902],[103.8875575,1.3308695],[103.8874901,1.3308792],[103.8874947,1.3309119],[103.8874724,1.3309151],[103.8874689,1.3308899],[103.887444,1.3308936],[103.8874475,1.3309188],[103.8874251,1.330922],[103.8874206,1.3308894],[103.8873815,1.330895],[103.887386,1.3309277],[103.8873638,1.3309309],[103.8873603,1.3309057],[103.8873355,1.3309093],[103.887339,1.3309344],[103.8873167,1.3309376],[103.8873121,1.330905],[103.8872733,1.3309107],[103.8872779,1.3309432],[103.8872555,1.3309464],[103.887252,1.3309215],[103.8872271,1.330925],[103.8872306,1.3309502],[103.8872083,1.3309533],[103.8872041,1.3309225],[103.8871333,1.3309329],[103.8871283,1.3308988],[103.8871353,1.3308978]]]}},{"type":"Feature","properties":{"type":"HDB"},"geometry":{"type":"Polygon","coordinates":[[[103.887688,1.3314636],[103.8876655,1.3314667],[103.8876611,1.3314346],[103.8876223,1.3314401],[103.8876267,1.3314723],[103.8876042,1.3314754],[103.8876009,1.3314509],[103.8875762,1.3314545],[103.8875797,1.331479],[103.8875574,1.3314823],[103.8875528,1.3314502],[103.8875139,1.3314559],[103.8875185,1.3314877],[103.8874963,1.331491],[103.8874927,1.3314665],[103.8874677,1.3314701],[103.8874712,1.3314948],[103.8874489,1.331498],[103.8874444,1.3314659],[103.8873762,1.3314757],[103.8873808,1.3315077],[103.8873586,1.331511],[103.887355,1.3314864],[103.8873302,1.33149],[103.8873338,1.3315145],[103.8873115,1.3315178],[103.8873069,1.3314857],[103.8872681,1.3314913],[103.8872727,1.3315233],[103.8872504,1.3315266],[103.8872469,1.331502],[103.887222,1.3315055],[103.8872255,1.3315302],[103.8872033,1.3315335],[103.8871986,1.3315012],[103.8871593,1.331507],[103.887164,1.331539],[103.8871418,1.3315424],[103.8871381,1.3315176],[103.8871137,1.3315212],[103.8871172,1.3315459],[103.8870948,1.3315491],[103.8870904,1.3315177],[103.88707,1.3315205],[103.8870635,1.3314735],[103.8870406,1.3314767],[103.8870341,1.3314288],[103.8870148,1.3314316],[103.8870132,1.3314201],[103.8870645,1.3314127],[103.8870659,1.3314242],[103.8873528,1.3313824],[103.887343,1.3313186],[103.8874299,1.3313057],[103.8874399,1.3313703],[103.8877283,1.331329],[103.8877265,1.3313172],[103.8877781,1.3313098],[103.8877797,1.3313221],[103.8877605,1.3313247],[103.8877671,1.331372],[103.887776,1.3313706],[103.8877829,1.3314208],[103.8877515,1.3314254],[103.8877509,1.3314206],[103.8877304,1.3314236],[103.8877351,1.3314567],[103.8877125,1.33146],[103.887709,1.3314353],[103.8876847,1.3314389],[103.887688,1.3314636]]]}},{"type":"Feature","properties":{"type":"HDB"},"geometry":{"type":"Polygon","coordinates":[[[103.8959875,1.3148683],[103.896006,1.31483],[103.8960803,1.3148662],[103.8960618,1.3149046],[103.8961353,1.3149405],[103.8961538,1.3149021],[103.8962275,1.3149381],[103.8962102,1.3149771],[103.8962236,1.3149836],[103.8961855,1.3150615],[103.8954939,1.3147237],[103.8955307,1.3146453],[103.8955443,1.3146519],[103.8955637,1.3146141],[103.8956377,1.3146502],[103.8956192,1.3146885],[103.895692,1.314724],[103.8957104,1.3146857],[103.8957847,1.3147219],[103.8957662,1.3147602],[103.8957905,1.3147721],[103.8958089,1.3147338],[103.8958834,1.3147701],[103.8958649,1.3148084],[103.8958891,1.3148203],[103.8959076,1.3147819],[103.8959826,1.3148185],[103.8959641,1.3148569],[103.8959875,1.3148683]]]}},{"type":"Feature","properties":{"type":"HDB"},"geometry":{"type":"Polygon","coordinates":[[[103.8955486,1.3149305],[103.8956731,1.3149543],[103.8956829,1.3149073],[103.8956887,1.3149017],[103.8956967,1.3149004],[103.8958056,1.3149533],[103.8957913,1.3150264],[103.8958676,1.3150402],[103.8958174,1.3153046],[103.8952947,1.3152044],[103.8953438,1.3149455],[103.8957904,1.3150263],[103.8957961,1.3149971],[103.8956696,1.314972],[103.8956729,1.3149552],[103.8955129,1.3149246],[103.8955206,1.3148839],[103.8954299,1.3148666],[103.8954378,1.3148434],[103.8954452,1.3148396],[103.8954535,1.3148408],[103.8955561,1.3148907],[103.8955486,1.3149305]]]}},{"type":"Feature","properties":{"type":"HDB"},"geometry":{"type":"Polygon","coordinates":[[[103.8963935,1.3157336],[103.8958145,1.3156232],[103.8959254,1.3150303],[103.8959363,1.3150143],[103.8959548,1.3150086],[103.8960561,1.3150551],[103.8960584,1.3150529],[103.8960485,1.3151047],[103.8960466,1.3151009],[103.8960261,1.3150969],[103.8960156,1.3151495],[103.896039,1.3151543],[103.8960232,1.3152383],[103.8959976,1.3152334],[103.8959933,1.3152565],[103.8960189,1.3152614],[103.8960032,1.3153446],[103.8959776,1.3153398],[103.8959733,1.3153629],[103.8959989,1.3153677],[103.8959831,1.3154517],[103.8959603,1.3154475],[103.8959579,1.3154595],[103.8959535,1.3154586],[103.8959484,1.3154847],[103.8959203,1.3154793],[103.8959154,1.3155051],[103.895956,1.3155129],[103.8959511,1.3155386],[103.895974,1.315543],[103.8959789,1.3155173],[103.8960618,1.3155332],[103.8960569,1.315559],[103.8960798,1.3155634],[103.8960847,1.3155376],[103.8961673,1.3155535],[103.8961624,1.3155792],[103.8961853,1.3155836],[103.8961902,1.3155579],[103.8963802,1.3155944],[103.8963758,1.3156171],[103.8964148,1.3156245],[103.8964139,1.3156287],[103.8964446,1.3156348],[103.8964291,1.3157186],[103.8963976,1.3157127],[103.8963935,1.3157336]]]}},{"type":"Feature","properties":{"type":"HDB"},"geometry":{"type":"Polygon","coordinates":[[[103.8957634,1.3153465],[103.895715,1.3156028],[103.8951951,1.3155037],[103.8952387,1.3152728],[103.8952129,1.3152678],[103.8952045,1.3153119],[103.8951983,1.3153107],[103.8951758,1.3154301],[103.8951557,1.3154262],[103.8951524,1.3154433],[103.8951011,1.3154334],[103.8951173,1.3153477],[103.8951219,1.3153486],[103.8951279,1.3153167],[103.895136,1.3153183],[103.8951399,1.3152979],[103.8951501,1.3152998],[103.8951582,1.3152573],[103.8952388,1.3152727],[103.8952436,1.3152473],[103.8957634,1.3153465]]]}},{"type":"Feature","properties":{"type":"LANDMARK"},"geometry":{"type":"Polygon","coordinates":[[[103.8919684,1.3171446],[103.89185,1.3169731],[103.8919292,1.3169184],[103.8920478,1.3170904],[103.892031,1.3171025],[103.892042,1.3171185],[103.89204,1.3171351],[103.8919877,1.317172],[103.8919808,1.3171622],[103.8919652,1.3171722],[103.8919534,1.3171551],[103.8919684,1.3171446]]]}},{"type":"Feature","properties":{"type":"LANDMARK"},"geometry":{"type":"Polygon","coordinates":[[[103.8918572,1.3175592],[103.8918156,1.3174346],[103.8919395,1.3173926],[103.8919556,1.3174408],[103.891982,1.3174318],[103.8919922,1.3174624],[103.8919662,1.3174712],[103.8919817,1.3175176],[103.8919692,1.3175218],[103.891974,1.3175496],[103.8919402,1.3175598],[103.8919316,1.3175341],[103.8918572,1.3175592]]]}},{"type":"Feature","properties":{"type":"HDB"},"geometry":{"type":"Polygon","coordinates":[[[103.8860929,1.3303953],[103.8860949,1.3304093],[103.8861186,1.3304062],[103.8861164,1.330391],[103.8862494,1.3303727],[103.8862476,1.3303605],[103.8862085,1.3303661],[103.8861949,1.3302811],[103.886234,1.3302755],[103.8862321,1.3302631],[103.886101,1.3302834],[103.8860988,1.3302687],[103.886075,1.3302718],[103.8860771,1.330286],[103.8860461,1.3302902],[103.8860324,1.3301957],[103.886059,1.3301918],[103.8860577,1.3301806],[103.8861165,1.3301719],[103.8861185,1.3301854],[103.8861471,1.3301816],[103.8861484,1.3301905],[103.8861698,1.3301877],[103.8861684,1.330178],[103.8861968,1.330174],[103.8861958,1.3301651],[103.8862251,1.330161],[103.886226,1.3301692],[103.8862509,1.3301658],[103.8862502,1.3301573],[103.8862795,1.330153],[103.8862913,1.3302378],[103.8862856,1.3302386],[103.8862894,1.3302671],[103.8863818,1.3302533],[103.8863854,1.3302757],[103.886394,1.3302745],[103.8864002,1.3303155],[103.8863914,1.3303168],[103.8863945,1.330339],[103.8863022,1.3303529],[103.886306,1.3303796],[103.8863124,1.3303787],[103.8863245,1.3304643],[103.886293,1.3304689],[103.8862917,1.3304603],[103.8862672,1.3304639],[103.8862684,1.3304722],[103.8862388,1.3304766],[103.8862374,1.3304676],[103.8862091,1.3304717],[103.8862076,1.3304626],[103.8861868,1.3304656],[103.8861879,1.3304749],[103.8861594,1.330479],[103.8861607,1.330488],[103.8861017,1.3304968],[103.8861008,1.3304908],[103.8860742,1.3304949],[103.8860607,1.3304002],[103.8860929,1.3303953]]]}},{"type":"Feature","properties":{"type":"HDB"},"geometry":{"type":"Polygon","coordinates":[[[103.8856564,1.3303013],[103.8858189,1.3302348],[103.885921,1.3304581],[103.8857611,1.330532],[103.8856564,1.3303013]]]}},{"type":"Feature","properties":{"type":"HDB"},"geometry":{"type":"Polygon","coordinates":[[[103.8868398,1.3304237],[103.8872453,1.3303645],[103.8872849,1.3306387],[103.886879,1.3306983],[103.8868398,1.3304237]]]}},{"type":"Feature","properties":{"type":"HDB"},"geometry":{"type":"Polygon","coordinates":[[[103.8864096,1.3306294],[103.8864007,1.3306306],[103.8863947,1.33059],[103.8864038,1.3305882],[103.8864007,1.3305659],[103.8864934,1.3305524],[103.8864894,1.3305247],[103.8864828,1.3305257],[103.8864704,1.3304411],[103.886502,1.3304364],[103.8865032,1.3304448],[103.8865291,1.330441],[103.8865282,1.330435],[103.8865554,1.330431],[103.8865564,1.3304375],[103.8865863,1.3304331],[103.8865875,1.3304425],[103.8866084,1.3304394],[103.8866071,1.33043],[103.8866365,1.3304259],[103.8866346,1.3304168],[103.8866936,1.3304085],[103.8866943,1.3304145],[103.8867209,1.3304107],[103.8867346,1.3305052],[103.8867023,1.3305101],[103.8867001,1.3304961],[103.8866766,1.3304997],[103.8866787,1.3305141],[103.8865453,1.3305325],[103.8865473,1.330545],[103.8865864,1.330539],[103.8866,1.3306245],[103.8865593,1.3306308],[103.8865611,1.3306421],[103.8866939,1.3306216],[103.8866961,1.3306367],[103.8867198,1.330633],[103.8867179,1.3306189],[103.8867502,1.3306142],[103.8867637,1.3307086],[103.8867369,1.3307125],[103.8867389,1.3307239],[103.8866801,1.3307326],[103.8866778,1.330719],[103.8866496,1.3307229],[103.8866481,1.3307138],[103.8866273,1.3307169],[103.8866285,1.3307262],[103.8866006,1.3307302],[103.8866018,1.3307388],[103.8865726,1.330743],[103.8865715,1.3307356],[103.8865459,1.3307393],[103.886547,1.3307471],[103.8865153,1.3307518],[103.886503,1.3306668],[103.8865099,1.3306658],[103.8865055,1.3306379],[103.8864128,1.3306517],[103.8864096,1.3306294]]]}},{"type":"Feature","properties":{"type":"HDB"},"geometry":{"type":"Polygon","coordinates":[[[103.886861,1.3309698],[103.8868658,1.3310029],[103.8868435,1.3310061],[103.8868399,1.3309813],[103.8868151,1.3309848],[103.8868186,1.3310095],[103.8867963,1.3310128],[103.8867917,1.3309805],[103.8867526,1.3309862],[103.8867573,1.3310182],[103.886735,1.3310216],[103.8867314,1.330997],[103.8867066,1.3310006],[103.8867101,1.3310253],[103.8866879,1.3310285],[103.8866833,1.330996],[103.8866444,1.3310017],[103.8866489,1.3310338],[103.8866267,1.3310371],[103.8866232,1.3310127],[103.8865984,1.3310163],[103.8866018,1.3310406],[103.8865796,1.3310438],[103.8865751,1.3310119],[103.8865074,1.3310219],[103.8865122,1.3310535],[103.8864899,1.3310569],[103.8864862,1.3310325],[103.8864611,1.3310361],[103.8864646,1.3310604],[103.8864424,1.3310637],[103.8864378,1.3310319],[103.886399,1.3310375],[103.8864036,1.3310692],[103.8863813,1.3310725],[103.8863779,1.3310483],[103.886353,1.3310518],[103.8863564,1.331076],[103.8863342,1.3310792],[103.8863298,1.3310481],[103.8862912,1.3310538],[103.8862954,1.3310848],[103.8862732,1.331088],[103.8862699,1.3310639],[103.8862446,1.3310675],[103.8862479,1.3310916],[103.8862255,1.3310947],[103.8862207,1.3310643],[103.8862008,1.331067],[103.8861941,1.3310193],[103.8861713,1.3310229],[103.886166,1.3309866],[103.8861436,1.3309897],[103.886142,1.330977],[103.8864959,1.3309268],[103.8864872,1.3308685],[103.8865716,1.3308556],[103.8865804,1.3309148],[103.8866546,1.3309043],[103.8866528,1.3308919],[103.8866584,1.3308911],[103.8866601,1.3309026],[103.8868909,1.3308699],[103.8868978,1.3309177],[103.8869067,1.3309163],[103.886914,1.3309673],[103.8868822,1.3309719],[103.8868815,1.3309669],[103.886861,1.3309698]]]}},{"type":"Feature","properties":{"type":"HDB"},"geometry":{"type":"Polygon","coordinates":[[[103.8872983,1.3311967],[103.8873025,1.3312291],[103.8872802,1.3312321],[103.887277,1.3312079],[103.8872522,1.3312115],[103.8872554,1.331236],[103.8872329,1.331239],[103.8872287,1.3312068],[103.8871898,1.3312125],[103.8871942,1.3312448],[103.8871719,1.3312479],[103.8871685,1.3312236],[103.8871436,1.3312272],[103.8871469,1.3312515],[103.8871245,1.3312547],[103.8871201,1.3312227],[103.8870811,1.3312283],[103.8870855,1.3312606],[103.8870632,1.3312637],[103.8870599,1.3312394],[103.887035,1.331243],[103.8870384,1.3312673],[103.8870161,1.3312705],[103.8870116,1.3312385],[103.8869441,1.3312483],[103.8869487,1.3312804],[103.8869266,1.3312836],[103.886923,1.3312592],[103.8868982,1.3312628],[103.8869015,1.3312873],[103.8868793,1.3312904],[103.886875,1.3312584],[103.8868356,1.3312641],[103.8868405,1.3312959],[103.8868182,1.3312994],[103.8868145,1.331275],[103.8867899,1.3312785],[103.8867931,1.3313031],[103.886771,1.3313061],[103.8867668,1.3312741],[103.8867275,1.3312799],[103.8867321,1.3313116],[103.8867098,1.3313149],[103.8867064,1.3312906],[103.8866813,1.3312942],[103.886685,1.3313185],[103.8866628,1.3313219],[103.8866582,1.33129],[103.8866378,1.3312935],[103.8866312,1.3312459],[103.8866082,1.3312495],[103.886603,1.3312131],[103.8865806,1.3312161],[103.8865786,1.3312043],[103.8869225,1.3311552],[103.8869134,1.3310907],[103.8869979,1.3310786],[103.887007,1.3311431],[103.8870837,1.3311321],[103.8870819,1.3311202],[103.8870875,1.3311195],[103.8870893,1.3311313],[103.887328,1.3310969],[103.8873344,1.3311446],[103.8873436,1.3311431],[103.8873507,1.3311934],[103.8873188,1.3311988],[103.8873181,1.3311938],[103.8872983,1.3311967]]]}}]}