{"type":"FeatureCollection","features":[{"type":"Feature","properties":{"type":"LANDMARK"},"geometry":{"type":"Polygon","coordinates":[[[103.8867214,1.2983471],[103.8868022,1.2983405],[103.8868062,1.2983906],[103.8868362,1.2983881],[103.8868274,1.2982792],[103.8868768,1.2982752],[103.8868919,1.2984692],[103.8868426,1.2984735],[103.8868375,1.2984216],[103.8868088,1.298424],[103.8868139,1.2984763],[103.886761,1.2984798],[103.8867623,1.2984915],[103.886756,1.2985014],[103.8867366,1.2985023],[103.8867252,1.2984941],[103.8867252,1.2984855],[103.8866991,1.2984864],[103.8866967,1.2984422],[103.8866554,1.2984445],[103.8866511,1.2983893],[103.8866818,1.2983868],[103.8866789,1.2983509],[103.886689,1.2983411],[103.8867123,1.2983393],[103.8867214,1.2983471]]]}},{"type":"Feature","properties":{"type":"LANDMARK"},"geometry":{"type":"Polygon","coordinates":[[[103.8901324,1.2997328],[103.8902447,1.2997064],[103.890278,1.2998504],[103.8902209,1.2998638],[103.8902114,1.299883],[103.8901841,1.2998894],[103.8901632,1.2998757],[103.8901612,1.2998671],[103.8901333,1.2998737],[103.8901203,1.2998176],[103.8901504,1.2998105],[103.8901324,1.2997328]]]}},{"type":"Feature","properties":{"type":"LANDMARK"},"geometry":{"type":"Polygon","coordinates":[[[103.8896139,1.2998604],[103.8897214,1.2998356],[103.8897516,1.2999723],[103.8897079,1.2999825],[103.8896948,1.300001],[103.8896616,1.3000085],[103.8896447,1.2999977],[103.8896412,1.2999825],[103.8896088,1.2999891],[103.889596,1.2999338],[103.8896287,1.2999268],[103.8896139,1.2998604]]]}},{"type":"Feature","properties":{"type":"LANDMARK"},"geometry":{"type":"Polygon","coordinates":[[[103.8888898,1.3000078],[103.8889986,1.2999834],[103.8890169,1.3000658],[103.8890462,1.3000592],[103.8890582,1.3001136],[103.889029,1.3001201],[103.8890316,1.3001319],[103.8890167,1.3001503],[103.8889914,1.3001559],[103.8889733,1.3001441],[103.8889225,1.3001555],[103.8888898,1.3000078]]]}},{"type":"Feature","properties":{"type":"LANDMARK"},"geometry":{"type":"Polygon","coordinates":[[[103.890263,1.3005958],[103.8902691,1.3006201],[103.8901259,1.3006562],[103.8901203,1.3006338],[103.8901134,1.3006332],[103.8901082,1.3006286],[103.8901021,1.3006051],[103.8900839,1.3006084],[103.890072,1.3006024],[103.8900579,1.3005412],[103.8900649,1.3005335],[103.8902307,1.3004928],[103.8902381,1.3004992],[103.8902428,1.3005176],[103.8902628,1.3005128],[103.8902716,1.3005162],[103.8902832,1.3005559],[103.8902886,1.3005588],[103.8902942,1.3005838],[103.8902922,1.3005884],[103.890263,1.3005958]]]}},{"type":"Feature","properties":{"type":"LANDMARK"},"geometry":{"type":"Polygon","coordinates":[[[103.8887364,1.3008494],[103.8888868,1.3008111],[103.888938,1.3010151],[103.8887869,1.3010516],[103.8887364,1.3008494]]]}},{"type":"Feature","properties":{"type":"LANDMARK"},"geometry":{"type":"Polygon","coordinates":[[[103.8885617,1.3009258],[103.8885998,1.3009161],[103.888644,1.3010938],[103.8885202,1.3011254],[103.888476,1.300948],[103.8885134,1.3009386],[103.8885012,1.3008896],[103.8885496,1.3008773],[103.8885617,1.3009258]]]}},{"type":"Feature","properties":{"type":"HIGHER EDUCATIONAL INSTITUTION"},"geometry":{"type":"MultiPolygon","coordinates":[[[[103.8914772,1.3045955],[103.8914725,1.3046504],[103.8913065,1.3046337],[103.8913113,1.3045812],[103.8914772,1.3045955]]],[[[103.8909039,1.3051453],[103.8907912,1.3051373],[103.8908019,1.304985],[103.890466,1.3049614],[103.8904633,1.305017],[103.8903028,1.3050056],[103.8903299,1.3046186],[103.8904904,1.30463],[103.8904866,1.304684],[103.8908213,1.3047077],[103.8908318,1.3045572],[103.8909445,1.3045652],[103.8909322,1.3047411],[103.8909458,1.3047421],[103.8909448,1.3047573],[103.8909471,1.3047593],[103.8909444,1.3047703],[103.890966,1.3047691],[103.8909678,1.3047712],[103.8909637,1.3047914],[103.8910026,1.3047914],[103.8910044,1.3047934],[103.8910006,1.3048109],[103.8909938,1.3049065],[103.890995,1.3049277],[103.8909929,1.3049295],[103.8909544,1.304924],[103.8909557,1.3049446],[103.8909536,1.3049464],[103.8909323,1.3049422],[103.8909335,1.3049534],[103.8909309,1.3049557],[103.8909299,1.3049703],[103.8909159,1.3049693],[103.8909039,1.3051453]]]]}},{"type":"Feature","properties":{"type":"LANDMARK"},"geometry":{"type":"Polygon","coordinates":[[[103.8919944,1.3000582],[103.8920123,1.3000081],[103.8919814,1.2999969],[103.8919993,1.2999471],[103.892025,1.2999564],[103.8920315,1.2999383],[103.8920498,1.2999449],[103.8920586,1.2999202],[103.8920836,1.2999293],[103.8920759,1.2999509],[103.8921335,1.2999718],[103.8921275,1.2999888],[103.8921432,1.2999945],[103.8921248,1.3000458],[103.8921121,1.3000412],[103.8920902,1.3001022],[103.8920428,1.300085],[103.8920457,1.3000768],[103.8919944,1.3000582]]]}},{"type":"Feature","properties":{"type":"LANDMARK"},"geometry":{"type":"Polygon","coordinates":[[[103.8911396,1.3007058],[103.8911509,1.3006638],[103.8911421,1.3006473],[103.8911477,1.3006252],[103.8911645,1.3006177],[103.8911836,1.3005427],[103.8912119,1.30055],[103.8912201,1.3005177],[103.8912514,1.3004991],[103.891286,1.3005081],[103.8913037,1.3005381],[103.8912948,1.3005731],[103.891321,1.3005798],[103.8913025,1.3006521],[103.8913123,1.3006699],[103.8913067,1.3006922],[103.8912901,1.3006997],[103.8912793,1.3007418],[103.8911396,1.3007058]]]}},{"type":"Feature","properties":{"type":"LANDMARK"},"geometry":{"type":"Polygon","coordinates":[[[103.8914403,1.3006228],[103.891474,1.300632],[103.891482,1.3006024],[103.8915026,1.3005759],[103.8915342,1.3005847],[103.8915425,1.3006108],[103.891533,1.3006471],[103.8915655,1.3006558],[103.8915452,1.3007334],[103.8915598,1.3007373],[103.8915523,1.3007661],[103.8915363,1.3007618],[103.8915236,1.3008104],[103.891483,1.3007996],[103.8914668,1.3008615],[103.8914933,1.3008686],[103.8914975,1.3008526],[103.8915463,1.3008655],[103.8915314,1.3009179],[103.8915057,1.3009109],[103.8915022,1.3009221],[103.8914692,1.3009131],[103.8914723,1.3009019],[103.8913394,1.3008657],[103.891345,1.3008447],[103.8913718,1.300852],[103.8913804,1.3008198],[103.8914287,1.3008329],[103.891441,1.3007872],[103.8913981,1.3007756],[103.891411,1.3007274],[103.891397,1.3007236],[103.8914054,1.3006924],[103.8914205,1.3006965],[103.8914403,1.3006228]]]}},{"type":"Feature","properties":{"type":"LANDMARK"},"geometry":{"type":"Polygon","coordinates":[[[103.8933316,1.3012164],[103.8933864,1.3012313],[103.8934018,1.3011738],[103.8934453,1.3011856],[103.8934246,1.3012628],[103.893482,1.3012784],[103.8934648,1.3013427],[103.8934446,1.3013372],[103.8934319,1.3013844],[103.8935274,1.3014104],[103.8935138,1.3014611],[103.893285,1.3013988],[103.8933123,1.3012962],[103.8933034,1.3012836],[103.8933027,1.3012633],[103.8933129,1.3012445],[103.8933245,1.301243],[103.8933316,1.3012164]]]}},{"type":"Feature","properties":{"type":"LANDMARK"},"geometry":{"type":"Polygon","coordinates":[[[103.8939537,1.3013632],[103.8939668,1.3013199],[103.8940134,1.3013343],[103.8939997,1.3013796],[103.8940328,1.3013898],[103.8940075,1.3014733],[103.8939847,1.3014663],[103.8939698,1.3015156],[103.8940174,1.3015302],[103.8940054,1.3015697],[103.8938182,1.3015122],[103.8938304,1.3014721],[103.8939404,1.3015059],[103.8939499,1.3014745],[103.8939183,1.3014648],[103.893926,1.3014394],[103.8938944,1.3014297],[103.8939179,1.3013522],[103.8939537,1.3013632]]]}},{"type":"Feature","properties":{"type":"LANDMARK"},"geometry":{"type":"Polygon","coordinates":[[[103.8942151,1.3014208],[103.8942186,1.3014112],[103.8942226,1.3014127],[103.8942158,1.3013998],[103.8942232,1.3013759],[103.894242,1.3013656],[103.8942648,1.3013728],[103.8942744,1.301394],[103.8943157,1.3014074],[103.894331,1.3013869],[103.8943547,1.3014324],[103.8943387,1.3014327],[103.8943213,1.3014875],[103.8943475,1.301496],[103.8943321,1.3015456],[103.894306,1.3015372],[103.8942994,1.301559],[103.8941871,1.3015231],[103.8942035,1.3014709],[103.8941781,1.3014628],[103.8941931,1.3014136],[103.8942151,1.3014208]]]}},{"type":"Feature","properties":{"type":"LANDMARK"},"geometry":{"type":"Polygon","coordinates":[[[103.8951982,1.3016626],[103.8952511,1.3016798],[103.8952571,1.3016609],[103.8952986,1.3016744],[103.8952871,1.3017103],[103.8953121,1.3017184],[103.8952976,1.3017636],[103.8952713,1.301755],[103.8952466,1.3018321],[103.8952733,1.3018408],[103.8952549,1.3018984],[103.8950689,1.301838],[103.8950868,1.3017822],[103.8951516,1.3018032],[103.8951744,1.3017321],[103.8951388,1.3017205],[103.8951521,1.301679],[103.8951891,1.301691],[103.8951982,1.3016626]]]}},{"type":"Feature","properties":{"type":"LANDMARK"},"geometry":{"type":"Polygon","coordinates":[[[103.8959402,1.3018404],[103.8959775,1.301851],[103.8959812,1.3018376],[103.8960054,1.3018444],[103.8960017,1.3018576],[103.8960392,1.3018682],[103.8960011,1.3020048],[103.8959022,1.3019765],[103.8959402,1.3018404]]]}},{"type":"Feature","properties":{"type":"LANDMARK"},"geometry":{"type":"Polygon","coordinates":[[[103.8961092,1.3019198],[103.8961214,1.3019371],[103.8961118,1.3019703],[103.8961487,1.3019806],[103.8961226,1.3020673],[103.8960318,1.3020419],[103.8960677,1.3019231],[103.8960863,1.3019144],[103.8961092,1.3019198]]]}},{"type":"Feature","properties":{"type":"LANDMARK"},"geometry":{"type":"Polygon","coordinates":[[[103.8971877,1.3029203],[103.8971851,1.3029389],[103.8970323,1.3029176],[103.8970362,1.3028892],[103.8970306,1.3028884],[103.8970335,1.3028668],[103.8970392,1.3028676],[103.8970417,1.3028474],[103.8971261,1.3028591],[103.8971277,1.3028475],[103.8971806,1.3028549],[103.8971877,1.3029203]]]}},{"type":"Feature","properties":{"type":"LANDMARK"},"geometry":{"type":"Polygon","coordinates":[[[103.8969947,1.3029552],[103.8971084,1.3029682],[103.8971099,1.3029552],[103.8971143,1.3029559],[103.8971013,1.3030723],[103.8972111,1.3030847],[103.8972069,1.3031258],[103.8971261,1.3031165],[103.8971196,1.3031739],[103.8969719,1.303157],[103.8969947,1.3029552]]]}},{"type":"Feature","properties":{"type":"LANDMARK"},"geometry":{"type":"Polygon","coordinates":[[[103.8974537,1.3037239],[103.8973081,1.3036596],[103.8972897,1.3037018],[103.8972301,1.3036755],[103.8972561,1.3036158],[103.8972165,1.3035984],[103.8972321,1.3035626],[103.8972735,1.3035808],[103.8972792,1.3035677],[103.8972979,1.3035759],[103.8974202,1.3032951],[103.8976526,1.3033935],[103.897632,1.3034402],[103.8975872,1.3034212],[103.8974537,1.3037239]]]}},{"type":"Feature","properties":{"type":"HDB"},"geometry":{"type":"Polygon","coordinates":[[[103.9069373,1.3010908],[103.9069069,1.3011362],[103.9067973,1.3010604],[103.9067018,1.3011975],[103.9067241,1.3012139],[103.9066458,1.3013276],[103.9066226,1.3013125],[103.9063153,1.3017524],[103.9060503,1.3015688],[103.9065117,1.3008996],[103.9067782,1.3010863],[103.9067966,1.3010599],[103.9066274,1.300943],[103.9066574,1.3008966],[103.9067181,1.3009],[103.9067766,1.3009166],[103.9068302,1.3009457],[103.9068762,1.3009857],[103.9069125,1.3010349],[103.9069373,1.3010908]]]}},{"type":"Feature","properties":{"type":"HDB"},"geometry":{"type":"Polygon","coordinates":[[[103.9078704,1.3015479],[103.907846,1.3015828],[103.9079015,1.3016229],[103.9078851,1.3016476],[103.9078775,1.3016413],[103.9078444,1.3016892],[103.9077607,1.3016309],[103.9077818,1.3015989],[103.9077606,1.301584],[103.9077378,1.3016139],[103.9076542,1.3015567],[103.9076875,1.3015089],[103.9076794,1.3015041],[103.9076978,1.3014783],[103.9077516,1.301517],[103.9077767,1.3014821],[103.9077217,1.3014442],[103.9077385,1.3014209],[103.9077455,1.3014249],[103.9077803,1.3013759],[103.9078639,1.3014331],[103.9078239,1.3014905],[103.9078471,1.3015068],[103.9078869,1.3014494],[103.907971,1.3015086],[103.9079376,1.3015586],[103.9079437,1.3015631],[103.907927,1.3015882],[103.9078704,1.3015479]]]}},{"type":"Feature","properties":{"type":"HDB"},"geometry":{"type":"Polygon","coordinates":[[[103.9084684,1.3015692],[103.9084454,1.3016022],[103.9084986,1.3016403],[103.908481,1.3016665],[103.9084759,1.3016633],[103.9084432,1.3017092],[103.9083569,1.3016489],[103.9083781,1.3016184],[103.9083572,1.3016027],[103.9083354,1.3016339],[103.9082498,1.3015749],[103.9082811,1.3015284],[103.9082748,1.3015225],[103.9082935,1.3014965],[103.9083497,1.3015346],[103.9083731,1.3015014],[103.9083165,1.3014619],[103.9083352,1.3014368],[103.9083406,1.3014411],[103.9083748,1.3013936],[103.9084593,1.3014533],[103.9084197,1.3015109],[103.9084417,1.3015266],[103.9084818,1.3014683],[103.9085678,1.3015286],[103.9085363,1.3015751],[103.9085419,1.3015792],[103.9085232,1.3016068],[103.9084684,1.3015692]]]}},{"type":"Feature","properties":{"type":"HDB"},"geometry":{"type":"Polygon","coordinates":[[[103.9069087,1.3020128],[103.9064187,1.3016723],[103.9065732,1.3014474],[103.9071059,1.3018198],[103.9071109,1.3018387],[103.9071026,1.3018563],[103.9070945,1.3018619],[103.9070751,1.3018633],[103.9070663,1.3018589],[103.9070555,1.3018427],[103.9070524,1.301843],[103.9070686,1.3019311],[103.9070422,1.3019363],[103.9070255,1.3018421],[103.9069709,1.3019217],[103.9069842,1.301931],[103.9069216,1.3020218],[103.9069196,1.3020204],[103.9069167,1.3020248],[103.9069057,1.3020171],[103.9069087,1.3020128]]]}},{"type":"Feature","properties":{"type":"HDB"},"geometry":{"type":"Polygon","coordinates":[[[103.908646,1.3020329],[103.9086235,1.3020654],[103.9086761,1.3021044],[103.9086603,1.3021288],[103.9086542,1.3021252],[103.9086215,1.3021734],[103.9085359,1.3021144],[103.9085551,1.3020846],[103.9085333,1.3020705],[103.9085139,1.3020981],[103.9084272,1.3020377],[103.9084588,1.3019903],[103.9084534,1.3019851],[103.9084719,1.3019604],[103.9085278,1.3019997],[103.9085508,1.3019662],[103.9084946,1.3019272],[103.9085117,1.3019021],[103.908518,1.3019064],[103.9085512,1.3018567],[103.9086378,1.3019175],[103.9086036,1.3019674],[103.908625,1.3019831],[103.9086606,1.3019322],[103.9087475,1.3019925],[103.9087128,1.3020411],[103.9087182,1.3020445],[103.9087006,1.302071],[103.908646,1.3020329]]]}},{"type":"Feature","properties":{"type":"HDB"},"geometry":{"type":"Polygon","coordinates":[[[103.9092082,1.3020064],[103.9091934,1.3020265],[103.909179,1.3020266],[103.9091747,1.3020132],[103.9092032,1.3019728],[103.9091574,1.3019405],[103.9091289,1.3019809],[103.9091149,1.3019812],[103.9091099,1.3019674],[103.9091243,1.301947],[103.9090975,1.301928],[103.9090829,1.3019483],[103.9090684,1.3019483],[103.9090636,1.3019346],[103.9090919,1.301894],[103.9090787,1.3018847],[103.9091298,1.3018117],[103.9092878,1.30192],[103.9092865,1.3019226],[103.9093768,1.3019866],[103.9093792,1.301984],[103.9094903,1.302062],[103.9095178,1.3020369],[103.9095439,1.3020425],[103.9095556,1.3020811],[103.9095869,1.3020771],[103.9095874,1.3020809],[103.9096991,1.3020668],[103.9096986,1.302063],[103.9098318,1.3020463],[103.9098322,1.3020501],[103.9098886,1.302043],[103.9098992,1.3021284],[103.9098867,1.30213],[103.9098929,1.3021801],[103.9098819,1.3021918],[103.9098691,1.3021831],[103.9098657,1.3021559],[103.909828,1.3021607],[103.9098313,1.3021878],[103.909821,1.3021995],[103.9098085,1.3021907],[103.9098023,1.3021406],[103.9097499,1.3021472],[103.9097561,1.3021973],[103.9097457,1.302209],[103.9097327,1.3022002],[103.9097293,1.3021732],[103.9096908,1.302178],[103.909694,1.3022042],[103.9096834,1.3022168],[103.9096705,1.3022072],[103.9096642,1.3021566],[103.90964,1.3021594],[103.9096463,1.3022102],[103.9096355,1.3022228],[103.9096226,1.3022132],[103.9096193,1.302187],[103.909586,1.3021912],[103.9095892,1.3022174],[103.9095788,1.30223],[103.9095658,1.3022204],[103.9095597,1.3021714],[103.9094951,1.3021795],[103.9094471,1.3021456],[103.9094184,1.3021858],[103.9094039,1.3021858],[103.9093992,1.3021722],[103.9094135,1.3021517],[103.9093853,1.3021318],[103.9093708,1.3021521],[103.9093561,1.3021519],[103.9093517,1.3021386],[103.9093799,1.3020979],[103.9093565,1.3020814],[103.9093278,1.3021217],[103.9093134,1.3021218],[103.9093087,1.3021081],[103.909323,1.3020877],[103.9092975,1.3020697],[103.9092829,1.3020899],[103.9092691,1.3020904],[103.9092648,1.302077],[103.9092927,1.3020362],[103.9092693,1.3020196],[103.9092403,1.3020597],[103.9092261,1.30206],[103.9092217,1.3020466],[103.9092358,1.302026],[103.9092082,1.3020064]]]}},{"type":"Feature","properties":{"type":"HDB"},"geometry":{"type":"Polygon","coordinates":[[[103.9067926,1.3019702],[103.9068906,1.3020369],[103.9067052,1.3023084],[103.9066087,1.3022404],[103.9067926,1.3019702]]]}},{"type":"Feature","properties":{"type":"HDB"},"geometry":{"type":"Polygon","coordinates":[[[103.9066898,1.3023318],[103.9064737,1.302646],[103.9059874,1.3023049],[103.9062321,1.3019447],[103.9065902,1.3021952],[103.9065609,1.3022396],[103.9066898,1.3023318]]]}},{"type":"Feature","properties":{"type":"HDB"},"geometry":{"type":"Polygon","coordinates":[[[103.9075976,1.3025361],[103.9080663,1.3018471],[103.9081625,1.3019131],[103.9078049,1.3024426],[103.9080441,1.3026101],[103.9079337,1.3027726],[103.9075976,1.3025361]]]}},{"type":"Feature","properties":{"type":"HDB"},"geometry":{"type":"Polygon","coordinates":[[[103.9083428,1.3026054],[103.9082171,1.3025183],[103.9082148,1.3025218],[103.9082059,1.3025156],[103.9081997,1.3025247],[103.9081525,1.302492],[103.9081587,1.3024829],[103.9081523,1.3024785],[103.9081546,1.3024751],[103.9079682,1.3023459],[103.908147,1.3020844],[103.908309,1.3021967],[103.908314,1.3021894],[103.9083291,1.3021982],[103.9083839,1.3022391],[103.9084156,1.3022578],[103.9084657,1.3022955],[103.9085008,1.3023165],[103.9085331,1.3023418],[103.9085031,1.3023857],[103.9084963,1.302381],[103.9083428,1.3026054]]]}},{"type":"Feature","properties":{"type":"HDB"},"geometry":{"type":"Polygon","coordinates":[[[103.9091804,1.3023915],[103.9091155,1.3023468],[103.909103,1.3023654],[103.909091,1.3023567],[103.909083,1.3023688],[103.9090773,1.3023699],[103.909063,1.3023599],[103.9090632,1.3023545],[103.9090586,1.3023515],[103.909054,1.3023538],[103.9090398,1.3023437],[103.9090392,1.3023382],[103.9090468,1.3023265],[103.909035,1.3023183],[103.9090474,1.3023],[103.9089815,1.3022547],[103.908969,1.3022726],[103.9089563,1.302264],[103.9089487,1.3022755],[103.9089435,1.3022773],[103.9089285,1.3022666],[103.9089288,1.3022617],[103.9089238,1.3022581],[103.9089195,1.3022602],[103.9089043,1.30225],[103.9089034,1.3022441],[103.9089109,1.3022329],[103.9088987,1.3022245],[103.9089111,1.3022063],[103.9088761,1.3021822],[103.9089302,1.3021025],[103.9089871,1.3021417],[103.9090012,1.3021202],[103.9090255,1.3021373],[103.9090113,1.3021584],[103.9091068,1.3022242],[103.9091246,1.3021981],[103.9091765,1.3022338],[103.9091591,1.3022603],[103.9093761,1.3024099],[103.9093938,1.3023836],[103.9094463,1.3024198],[103.9094292,1.3024464],[103.9095268,1.3025137],[103.9095405,1.3024926],[103.9095644,1.3025091],[103.9095505,1.3025301],[103.9096081,1.3025697],[103.9095545,1.3026487],[103.9095221,1.3026264],[103.9095089,1.3026452],[103.9094967,1.3026368],[103.9094892,1.3026486],[103.9094837,1.3026497],[103.909468,1.3026392],[103.909468,1.3026345],[103.9094635,1.3026313],[103.9094589,1.3026331],[103.9094439,1.3026226],[103.9094433,1.3026174],[103.9094512,1.3026057],[103.9094388,1.3025968],[103.9094514,1.3025778],[103.9093852,1.3025323],[103.9093727,1.3025508],[103.9093602,1.3025427],[103.9093526,1.3025546],[103.909347,1.302556],[103.9093316,1.3025456],[103.9093318,1.3025407],[103.9093279,1.3025378],[103.9093233,1.3025397],[103.9093078,1.3025291],[103.9093069,1.3025227],[103.9093145,1.3025115],[103.9093032,1.3025031],[103.9093156,1.3024844],[103.9092504,1.3024396],[103.9092381,1.3024574],[103.9092251,1.3024492],[103.9092172,1.302461],[103.9092115,1.3024624],[103.9091975,1.302453],[103.9091979,1.3024478],[103.9091927,1.3024443],[103.9091879,1.302446],[103.9091738,1.3024364],[103.9091724,1.30243],[103.9091802,1.3024181],[103.9091684,1.3024098],[103.9091804,1.3023915]]]}},{"type":"Feature","properties":{"type":"HDB"},"geometry":{"type":"Polygon","coordinates":[[[103.9069792,1.3020999],[103.9070788,1.3021678],[103.906603,1.3028629],[103.9065043,1.3027937],[103.9069792,1.3020999]]]}},{"type":"Feature","properties":{"type":"HDB"},"geometry":{"type":"Polygon","coordinates":[[[103.9072458,1.3022836],[103.9073431,1.3023511],[103.9068987,1.3030007],[103.9068036,1.3029324],[103.9072458,1.3022836]]]}},{"type":"Feature","properties":{"type":"HDB"},"geometry":{"type":"Polygon","coordinates":[[[103.9089819,1.302681],[103.9089169,1.3026364],[103.9089045,1.3026549],[103.9088925,1.3026462],[103.9088845,1.3026583],[103.9088788,1.3026594],[103.9088645,1.3026494],[103.9088647,1.3026441],[103.9088601,1.302641],[103.9088555,1.3026433],[103.9088412,1.3026332],[103.9088406,1.3026277],[103.9088483,1.302616],[103.9088365,1.3026078],[103.9088488,1.3025895],[103.9087829,1.3025442],[103.9087704,1.3025621],[103.9087578,1.3025535],[103.9087502,1.3025651],[103.908745,1.3025667],[103.9087299,1.3025562],[103.9087302,1.3025512],[103.9087253,1.3025476],[103.9087209,1.3025497],[103.9087058,1.3025395],[103.9087048,1.3025336],[103.9087124,1.3025224],[103.9087002,1.3025141],[103.9087126,1.3024958],[103.9086775,1.3024717],[103.9087317,1.302392],[103.9087886,1.3024312],[103.9088027,1.3024097],[103.908827,1.3024268],[103.9088128,1.3024479],[103.9089082,1.3025137],[103.9089261,1.3024876],[103.9089779,1.3025234],[103.9089606,1.3025498],[103.9091776,1.3026994],[103.9091952,1.3026732],[103.9092477,1.3027093],[103.9092307,1.302736],[103.9093283,1.3028033],[103.909342,1.3027822],[103.9093659,1.3027986],[103.909352,1.3028196],[103.9094095,1.3028593],[103.9093559,1.3029382],[103.9093235,1.3029159],[103.9093104,1.3029347],[103.9092982,1.3029264],[103.9092906,1.3029381],[103.9092851,1.3029392],[103.9092695,1.3029288],[103.9092695,1.302924],[103.9092649,1.3029209],[103.9092604,1.3029226],[103.9092453,1.3029121],[103.9092448,1.3029069],[103.9092527,1.3028953],[103.9092402,1.3028863],[103.9092528,1.3028673],[103.9091867,1.3028218],[103.9091741,1.3028403],[103.9091616,1.3028323],[103.9091541,1.3028442],[103.9091484,1.3028456],[103.9091331,1.3028351],[103.9091332,1.3028302],[103.9091293,1.3028274],[103.9091248,1.3028293],[103.9091093,1.3028186],[103.9091084,1.3028123],[103.9091159,1.302801],[103.9091047,1.3027926],[103.9091171,1.3027739],[103.9090519,1.3027291],[103.9090396,1.3027469],[103.9090265,1.3027387],[103.9090186,1.3027505],[103.9090129,1.3027519],[103.908999,1.3027425],[103.9089993,1.3027373],[103.9089941,1.3027338],[103.9089893,1.3027355],[103.9089753,1.3027259],[103.9089739,1.3027195],[103.9089817,1.3027076],[103.9089698,1.3026993],[103.9089819,1.302681]]]}},{"type":"Feature","properties":{"type":"HDB"},"geometry":{"type":"Polygon","coordinates":[[[103.9062169,1.3029771],[103.9062341,1.3029519],[103.9061544,1.3028966],[103.9063028,1.3026804],[103.9062695,1.3026573],[103.9062174,1.3027333],[103.9058611,1.3024855],[103.90593,1.302385],[103.9064195,1.3027253],[103.9061681,1.3030914],[103.9057297,1.3027866],[103.9057987,1.3026861],[103.9059332,1.3027798],[103.9059207,1.302798],[103.905942,1.3028128],[103.9059545,1.3027946],[103.9062169,1.3029771]]]}},{"type":"Feature","properties":{"type":"HDB"},"geometry":{"type":"Polygon","coordinates":[[[103.9098447,1.302507],[103.909871,1.3024958],[103.9098991,1.3024914],[103.9099275,1.302494],[103.9099544,1.3025036],[103.9099782,1.3025195],[103.9099973,1.3025407],[103.9100107,1.302566],[103.9100176,1.3025939],[103.910064,1.3025883],[103.9101367,1.3031984],[103.9096652,1.3032553],[103.9096539,1.3031606],[103.9095629,1.3031716],[103.9095343,1.3029316],[103.9096253,1.3029207],[103.9096165,1.3028472],[103.90963,1.3028456],[103.9096257,1.30281],[103.909822,1.3025243],[103.9098447,1.302507]]]}},{"type":"Feature","properties":{"type":"HDB"},"geometry":{"type":"Polygon","coordinates":[[[103.9078729,1.3031038],[103.9078863,1.3030841],[103.9078198,1.303037],[103.9078071,1.3030551],[103.9077374,1.3030085],[103.9077502,1.3029899],[103.9076842,1.3029444],[103.9076714,1.3029623],[103.9076027,1.3029137],[103.9076152,1.3028953],[103.907549,1.3028498],[103.9075362,1.3028668],[103.9074661,1.3028188],[103.9074775,1.3028009],[103.9074475,1.3027781],[103.9074912,1.3027126],[103.9075488,1.3027518],[103.9075732,1.3027162],[103.9075975,1.3027337],[103.9075734,1.3027685],[103.9079503,1.3030321],[103.9079723,1.3030006],[103.9079963,1.3030178],[103.907974,1.3030499],[103.9080317,1.3030916],[103.9079837,1.3031583],[103.907948,1.3031334],[103.9079376,1.3031493],[103.9078729,1.3031038]]]}},{"type":"Feature","properties":{"type":"HDB"},"geometry":{"type":"Polygon","coordinates":[[[103.9085909,1.3030762],[103.9085765,1.3030662],[103.9085767,1.3030611],[103.9085721,1.3030579],[103.9085675,1.3030601],[103.9085532,1.3030501],[103.9085523,1.3030442],[103.9085599,1.3030331],[103.908548,1.3030248],[103.9085604,1.3030066],[103.9084946,1.3029611],[103.9084822,1.3029793],[103.9084696,1.3029706],[103.908462,1.3029817],[103.9084568,1.3029835],[103.9084416,1.3029729],[103.9084419,1.3029678],[103.9084369,1.3029644],[103.9084325,1.3029666],[103.9084175,1.3029562],[103.9084165,1.3029502],[103.9084241,1.3029391],[103.908412,1.3029308],[103.9084243,1.3029125],[103.9083894,1.3028884],[103.9084437,1.3028087],[103.9085004,1.302848],[103.9085143,1.302827],[103.9085388,1.3028439],[103.9085247,1.3028648],[103.9086201,1.3029308],[103.9086379,1.3029047],[103.9086897,1.3029406],[103.9086723,1.3029669],[103.9088891,1.3031169],[103.9089068,1.3030907],[103.9089592,1.303127],[103.9089421,1.3031536],[103.9090396,1.303221],[103.9090533,1.3031999],[103.9090772,1.3032164],[103.9090633,1.3032374],[103.9091207,1.3032772],[103.9090664,1.3033567],[103.9090339,1.3033343],[103.9090215,1.3033524],[103.9090093,1.303344],[103.9090017,1.3033551],[103.9089964,1.3033568],[103.9089808,1.3033459],[103.9089813,1.3033409],[103.9089767,1.3033378],[103.9089721,1.3033399],[103.9089568,1.3033294],[103.9089565,1.3033238],[103.908964,1.3033127],[103.9089514,1.3033039],[103.9089638,1.3032857],[103.9088976,1.3032399],[103.9088852,1.3032581],[103.9088737,1.3032502],[103.9088661,1.3032613],[103.9088605,1.3032627],[103.9088451,1.3032521],[103.9088453,1.3032469],[103.9088415,1.3032443],[103.9088368,1.3032463],[103.9088214,1.3032357],[103.9088199,1.3032293],[103.9088275,1.3032182],[103.9088159,1.3032102],[103.9088283,1.303192],[103.9087629,1.3031467],[103.9087505,1.3031649],[103.9087378,1.3031562],[103.9087303,1.3031673],[103.9087249,1.3031689],[103.908711,1.3031593],[103.9087113,1.3031542],[103.9087064,1.3031507],[103.9087012,1.3031525],[103.9086873,1.3031429],[103.9086853,1.3031362],[103.9086929,1.3031251],[103.908681,1.3031169],[103.9086934,1.3030987],[103.9086283,1.3030537],[103.9086159,1.3030718],[103.9086039,1.3030635],[103.9085963,1.3030746],[103.9085909,1.3030762]]]}},{"type":"Feature","properties":{"type":"HDB"},"geometry":{"type":"Polygon","coordinates":[[[103.9076931,1.3035908],[103.9076602,1.3035692],[103.9076466,1.3035883],[103.9075761,1.3035398],[103.9075895,1.3035206],[103.9075244,1.3034753],[103.9075105,1.3034943],[103.9074411,1.303445],[103.9074538,1.3034259],[103.9073882,1.30338],[103.907376,1.3033988],[103.9073065,1.3033508],[103.9073186,1.3033322],[103.9072506,1.3032856],[103.9072378,1.3033042],[103.9071691,1.3032551],[103.907181,1.3032372],[103.9071476,1.3032131],[103.9071914,1.303148],[103.9072495,1.3031878],[103.9072728,1.3031529],[103.9072976,1.3031686],[103.9072734,1.303204],[103.907655,1.3034708],[103.9076796,1.3034327],[103.9077075,1.3034532],[103.9076833,1.3034917],[103.9077356,1.3035287],[103.9076931,1.3035908]]]}},{"type":"Feature","properties":{"type":"HDB"},"geometry":{"type":"Polygon","coordinates":[[[103.9094149,1.3032455],[103.9094626,1.3032789],[103.9094644,1.3032764],[103.909574,1.3033533],[103.9096015,1.303329],[103.9096278,1.3033357],[103.9096397,1.3033712],[103.9098053,1.303352],[103.9098058,1.3033565],[103.9099172,1.3033436],[103.9099167,1.303339],[103.9100478,1.3033237],[103.9100483,1.3033283],[103.9101052,1.3033217],[103.910115,1.3034078],[103.9100999,1.3034096],[103.910105,1.303454],[103.9100818,1.3034567],[103.9100795,1.3034356],[103.9100455,1.3034396],[103.9100479,1.3034606],[103.9100251,1.3034632],[103.91002,1.3034189],[103.9099677,1.3034249],[103.9099728,1.3034693],[103.9099496,1.303472],[103.9099472,1.303451],[103.9099096,1.3034554],[103.909912,1.3034764],[103.9098893,1.303479],[103.9098842,1.3034347],[103.9098579,1.3034377],[103.909863,1.3034821],[103.9098402,1.3034847],[103.9098378,1.3034637],[103.9098046,1.3034676],[103.909807,1.3034886],[103.9097832,1.3034913],[103.909778,1.3034457],[103.9097229,1.3034521],[103.9097281,1.3034978],[103.9097051,1.3035004],[103.9097027,1.3034793],[103.9096698,1.3034832],[103.9096723,1.3035043],[103.9096489,1.303507],[103.9096437,1.3034613],[103.9095815,1.3034685],[103.9095339,1.3034351],[103.9095081,1.3034724],[103.9094892,1.3034591],[103.909501,1.3034421],[103.9094715,1.3034214],[103.9094597,1.3034384],[103.9094408,1.3034252],[103.9094667,1.3033879],[103.9094423,1.3033707],[103.9094164,1.303408],[103.9093975,1.3033948],[103.9094094,1.3033777],[103.9093846,1.3033603],[103.9093728,1.3033774],[103.9093539,1.3033641],[103.9093798,1.3033268],[103.9093655,1.3033167],[103.9094149,1.3032455]]]}},{"type":"Feature","properties":{"type":"HDB"},"geometry":{"type":"Polygon","coordinates":[[[103.9124273,1.302567],[103.912438,1.3025657],[103.9124517,1.3025769],[103.9125008,1.302571],[103.9125013,1.3025753],[103.9125488,1.3025699],[103.9125584,1.3026561],[103.9125435,1.3026579],[103.9125479,1.3027058],[103.9125256,1.3027084],[103.9125229,1.3026851],[103.9124893,1.302689],[103.9124921,1.3027124],[103.9124697,1.302715],[103.912463,1.3026676],[103.9124055,1.3026744],[103.9124099,1.3027221],[103.9123876,1.3027248],[103.9123848,1.3027014],[103.9123513,1.3027054],[103.912354,1.3027287],[103.9123317,1.3027314],[103.912325,1.3026839],[103.9122945,1.3026875],[103.9122989,1.3027353],[103.9122766,1.3027379],[103.9122738,1.3027146],[103.9122403,1.3027185],[103.912243,1.3027419],[103.9122207,1.3027445],[103.9122141,1.3026984],[103.9121628,1.3027045],[103.9121672,1.3027516],[103.9121448,1.3027543],[103.9121421,1.3027309],[103.9121086,1.3027349],[103.9121113,1.3027582],[103.912089,1.3027609],[103.9120823,1.3027134],[103.9120517,1.302717],[103.9120561,1.3027648],[103.9120338,1.3027674],[103.9120311,1.3027441],[103.9119975,1.302748],[103.9120003,1.3027714],[103.911978,1.302774],[103.9119713,1.3027272],[103.9119178,1.3027335],[103.9119222,1.3027812],[103.9118999,1.3027839],[103.9118972,1.3027605],[103.9118636,1.3027645],[103.9118664,1.3027878],[103.911844,1.3027905],[103.9118372,1.3027436],[103.9118218,1.3027455],[103.9118112,1.302658],[103.9118688,1.3026511],[103.9118683,1.3026469],[103.9119173,1.302641],[103.9119281,1.3026268],[103.9119388,1.3026256],[103.9119525,1.3026368],[103.9120015,1.3026309],[103.912002,1.3026351],[103.9121184,1.3026212],[103.9121179,1.3026169],[103.912167,1.302611],[103.9121777,1.3025969],[103.9121884,1.3025956],[103.9122021,1.3026068],[103.9122512,1.302601],[103.9122517,1.3026052],[103.912368,1.3025912],[103.9123675,1.302587],[103.9124166,1.3025811],[103.9124273,1.302567]]]}},{"type":"Feature","properties":{"type":"HDB"},"geometry":{"type":"Polygon","coordinates":[[[103.9131964,1.3027397],[103.9132988,1.3027272],[103.9133058,1.3027836],[103.9133147,1.3027825],[103.9133187,1.3028155],[103.9132528,1.3028235],[103.9132574,1.302862],[103.9133233,1.302854],[103.9133273,1.3028869],[103.9133184,1.302888],[103.9133246,1.3029446],[103.9132219,1.302957],[103.9132187,1.3029281],[103.913194,1.3029311],[103.9131972,1.30296],[103.9130949,1.3029724],[103.9130887,1.3029161],[103.9130798,1.3029172],[103.9130758,1.3028842],[103.9131417,1.3028762],[103.9131371,1.3028376],[103.9130712,1.3028457],[103.9130672,1.3028127],[103.9130761,1.3028117],[103.9130693,1.3027552],[103.9131714,1.3027427],[103.9131748,1.3027719],[103.9131995,1.302769],[103.9131964,1.3027397]]]}},{"type":"Feature","properties":{"type":"HDB"},"geometry":{"type":"Polygon","coordinates":[[[103.9128647,1.3032761],[103.9128764,1.3033843],[103.9127693,1.303397],[103.91277,1.3034025],[103.9127624,1.3034034],[103.9127641,1.3034182],[103.9127565,1.3034191],[103.9127594,1.3034439],[103.9127275,1.3034477],[103.9127245,1.3034229],[103.9127174,1.3034237],[103.9127156,1.303409],[103.9127228,1.3034081],[103.9127221,1.3034026],[103.9126129,1.3034153],[103.9126124,1.3034246],[103.9126032,1.3034315],[103.9125926,1.303427],[103.9125899,1.303418],[103.9124651,1.3034325],[103.9124709,1.3034812],[103.9124486,1.3034839],[103.9124433,1.3034367],[103.9123968,1.3034424],[103.9123864,1.3033557],[103.9124021,1.3033538],[103.9123991,1.3033298],[103.9124794,1.30332],[103.9124823,1.3033443],[103.9125107,1.3033408],[103.9125078,1.3033166],[103.9125882,1.3033069],[103.9125911,1.3033311],[103.9126191,1.3033277],[103.9126162,1.3033035],[103.9126966,1.3032937],[103.9126995,1.303318],[103.9127547,1.3033113],[103.9127518,1.3032871],[103.912849,1.303278],[103.9128449,1.3032433],[103.9128122,1.3032472],[103.9128074,1.3032056],[103.9127855,1.3032082],[103.9127755,1.303125],[103.9127974,1.3031223],[103.9127914,1.3030769],[103.9127567,1.3030491],[103.912743,1.3030664],[103.9126767,1.3030151],[103.9126904,1.3029978],[103.9126802,1.3029896],[103.9126751,1.302996],[103.9126527,1.302978],[103.9126577,1.3029717],[103.912627,1.3029472],[103.9126133,1.3029645],[103.9125482,1.3029125],[103.9125614,1.302895],[103.9125288,1.3028689],[103.9125784,1.3028059],[103.9126323,1.3028489],[103.9126488,1.3028276],[103.9126718,1.3028459],[103.9126554,1.3028672],[103.9127607,1.3029513],[103.9127771,1.3029301],[103.9128011,1.3029485],[103.9127847,1.3029698],[103.9128526,1.3030241],[103.9128613,1.3030129],[103.9128809,1.303027],[103.9128942,1.3031374],[103.9129188,1.3031355],[103.9129242,1.3031392],[103.9129283,1.3031514],[103.912922,1.3031625],[103.9128957,1.3031672],[103.9129039,1.3032361],[103.9129166,1.3032345],[103.9129208,1.3032694],[103.9128647,1.3032761]]]}},{"type":"Feature","properties":{"type":"HDB"},"geometry":{"type":"Polygon","coordinates":[[[103.911443,1.3032742],[103.911433,1.3031877],[103.9114903,1.3031808],[103.9114898,1.3031766],[103.9115388,1.3031706],[103.9115496,1.3031565],[103.9115602,1.3031552],[103.911574,1.3031664],[103.911623,1.3031605],[103.9116235,1.3031647],[103.9117399,1.3031506],[103.9117394,1.3031464],[103.9117884,1.3031405],[103.9117992,1.3031263],[103.9118098,1.303125],[103.9118236,1.3031362],[103.9118726,1.3031303],[103.9118731,1.3031345],[103.9119895,1.3031205],[103.911989,1.3031163],[103.912038,1.3031103],[103.9120488,1.3030962],[103.9120594,1.3030949],[103.9120732,1.3031061],[103.9121222,1.3031002],[103.9121227,1.3031044],[103.9121702,1.3030989],[103.9121803,1.3031852],[103.9121648,1.303187],[103.912169,1.303235],[103.9121467,1.3032376],[103.912144,1.3032143],[103.9121104,1.3032182],[103.9121132,1.3032416],[103.9120908,1.3032442],[103.9120841,1.3031968],[103.9120266,1.3032036],[103.912031,1.3032513],[103.9120087,1.303254],[103.9120059,1.3032306],[103.9119724,1.3032346],[103.9119751,1.303258],[103.9119528,1.3032606],[103.9119461,1.3032131],[103.9119156,1.3032168],[103.91192,1.3032645],[103.9118976,1.3032671],[103.9118949,1.3032438],[103.9118614,1.3032478],[103.9118641,1.3032711],[103.9118418,1.3032738],[103.9118352,1.3032277],[103.9117884,1.3032333],[103.9117928,1.303281],[103.9117705,1.3032837],[103.9117677,1.3032603],[103.9117342,1.3032643],[103.9117369,1.3032876],[103.9117146,1.3032903],[103.9117079,1.3032428],[103.9116774,1.3032464],[103.9116818,1.3032942],[103.9116594,1.3032968],[103.9116567,1.3032735],[103.9116232,1.3032774],[103.9116259,1.3033008],[103.9116036,1.3033034],[103.9115969,1.303256],[103.9115393,1.3032628],[103.9115437,1.3033105],[103.9115214,1.3033132],[103.9115187,1.3032898],[103.9114851,1.3032938],[103.9114878,1.3033172],[103.9114655,1.3033198],[103.9114586,1.3032723],[103.911443,1.3032742]]]}},{"type":"Feature","properties":{"type":"HDB"},"geometry":{"type":"Polygon","coordinates":[[[103.9141281,1.3032914],[103.9141303,1.3033105],[103.9141282,1.303316],[103.9141096,1.3033182],[103.9141068,1.3032963],[103.914103,1.3032965],[103.9140997,1.3032726],[103.9140205,1.3032823],[103.9140238,1.3033061],[103.9140198,1.3033068],[103.9140225,1.3033288],[103.9140037,1.303331],[103.9140005,1.3033262],[103.9139981,1.3033071],[103.9139647,1.303311],[103.913967,1.3033302],[103.913965,1.3033356],[103.9139462,1.303338],[103.9139435,1.303316],[103.9139395,1.3033162],[103.9139378,1.3032919],[103.9138964,1.3032969],[103.913887,1.3032171],[103.913955,1.3032088],[103.91395,1.3031679],[103.9139795,1.3031645],[103.9139827,1.3031908],[103.9141174,1.3031745],[103.9141127,1.3031344],[103.9141404,1.3031311],[103.9141451,1.3031712],[103.9142793,1.3031555],[103.9142765,1.303129],[103.9143061,1.3031255],[103.9143091,1.3031519],[103.9144435,1.3031356],[103.9144389,1.3030954],[103.9144666,1.3030921],[103.9144711,1.3031323],[103.9146059,1.3031159],[103.9146027,1.3030895],[103.9146323,1.303086],[103.9146365,1.3031267],[103.9147047,1.3031183],[103.9147144,1.3031985],[103.9146729,1.3032034],[103.9146767,1.3032277],[103.9146728,1.3032284],[103.9146754,1.3032503],[103.9146565,1.3032524],[103.9146535,1.3032478],[103.914651,1.3032284],[103.9146176,1.3032329],[103.91462,1.3032517],[103.9146179,1.3032571],[103.9145992,1.3032594],[103.9145964,1.3032375],[103.9145925,1.3032377],[103.9145904,1.3032145],[103.9145098,1.3032235],[103.9145136,1.3032472],[103.9145098,1.3032478],[103.9145123,1.30327],[103.9144934,1.3032721],[103.9144903,1.3032673],[103.914488,1.3032483],[103.9144544,1.3032523],[103.9144566,1.3032713],[103.9144547,1.3032767],[103.9144359,1.3032792],[103.9144332,1.3032571],[103.9144293,1.3032573],[103.9144272,1.3032336],[103.9143467,1.3032426],[103.9143505,1.3032668],[103.9143465,1.3032674],[103.9143491,1.3032895],[103.9143304,1.3032918],[103.9143272,1.3032869],[103.9143248,1.3032679],[103.9142913,1.3032717],[103.9142935,1.303291],[103.9142916,1.3032964],[103.9142728,1.3032987],[103.91427,1.3032767],[103.9142661,1.3032769],[103.9142633,1.3032534],[103.9141839,1.3032627],[103.914187,1.3032865],[103.9141831,1.303287],[103.9141857,1.3033092],[103.914167,1.3033115],[103.9141638,1.3033067],[103.9141613,1.3032876],[103.9141281,1.3032914]]]}},{"type":"Feature","properties":{"type":"HDB"},"geometry":{"type":"Polygon","coordinates":[[[103.9133487,1.3033272],[103.9134507,1.303315],[103.9134527,1.3033334],[103.9134759,1.3033306],[103.9134784,1.3033532],[103.9134552,1.303356],[103.913457,1.3033716],[103.913466,1.3033705],[103.9134699,1.3034035],[103.9134034,1.3034115],[103.9134081,1.30345],[103.9134746,1.303442],[103.9134785,1.3034749],[103.9134696,1.303476],[103.9134714,1.3034916],[103.9134946,1.3034888],[103.9134973,1.3035113],[103.9134737,1.3035143],[103.913476,1.3035326],[103.9133737,1.3035447],[103.9133701,1.3035158],[103.9133457,1.3035187],[103.9133493,1.3035476],[103.913247,1.3035597],[103.9132447,1.3035417],[103.9132215,1.3035445],[103.9132188,1.3035214],[103.9132432,1.3035184],[103.9132414,1.3035028],[103.9132325,1.3035039],[103.9132285,1.3034709],[103.913295,1.3034629],[103.9132892,1.3034246],[103.9132227,1.3034327],[103.9132188,1.3033997],[103.9132277,1.3033986],[103.9132258,1.303383],[103.9132026,1.3033858],[103.9132,1.3033633],[103.9132232,1.3033609],[103.9132211,1.3033426],[103.9133237,1.3033303],[103.9133271,1.3033593],[103.9133518,1.3033564],[103.9133487,1.3033272]]]}},{"type":"Feature","properties":{"type":"HDB"},"geometry":{"type":"Polygon","coordinates":[[[103.9117833,1.3033969],[103.911806,1.3033947],[103.9118237,1.3033803],[103.9118287,1.3033698],[103.9118512,1.3033839],[103.9118776,1.3033855],[103.9118858,1.3034114],[103.9119055,1.3034301],[103.9118907,1.3034528],[103.9118886,1.3034799],[103.9118637,1.3034883],[103.9118457,1.3035075],[103.9118224,1.3034926],[103.9117948,1.3034913],[103.9117873,1.3034656],[103.9117684,1.3034466],[103.9117771,1.3034393],[103.9117865,1.3034191],[103.9117833,1.3033969]]]}},{"type":"Feature","properties":{"type":"HDB"},"geometry":{"type":"Polygon","coordinates":[[[103.9142546,1.3034528],[103.9143051,1.3034361],[103.9143987,1.3034163],[103.9144542,1.3034076],[103.914466,1.303454],[103.9144682,1.303477],[103.9144669,1.3035235],[103.9144122,1.3035297],[103.9143655,1.3035315],[103.9142625,1.3035272],[103.9142562,1.303502],[103.9142546,1.3034528]]]}},{"type":"Feature","properties":{"type":"HDB"},"geometry":{"type":"Polygon","coordinates":[[[103.9154183,1.3034315],[103.9154095,1.303365],[103.9155136,1.3033526],[103.9155203,1.3034092],[103.9155292,1.3034081],[103.9155331,1.303441],[103.9154667,1.3034489],[103.9154713,1.3034877],[103.9155377,1.3034798],[103.9155415,1.3035124],[103.9155325,1.3035135],[103.9155392,1.3035702],[103.9154368,1.3035824],[103.9154334,1.3035534],[103.9154085,1.3035564],[103.9154119,1.3035854],[103.9153096,1.3035976],[103.9153029,1.3035411],[103.9152939,1.303542],[103.91529,1.3035092],[103.9153564,1.3035013],[103.9153518,1.3034624],[103.9152854,1.3034703],[103.9152816,1.3034378],[103.9152907,1.3034366],[103.9152841,1.30338],[103.9153868,1.3033678],[103.9153955,1.3034346],[103.9154183,1.3034315]]]}},{"type":"Feature","properties":{"type":"HDB"},"geometry":{"type":"Polygon","coordinates":[[[103.9149374,1.3036312],[103.9149256,1.3036466],[103.91492,1.3036492],[103.9149053,1.3036375],[103.9149187,1.3036198],[103.9149157,1.3036173],[103.9149308,1.3035982],[103.9148676,1.3035482],[103.9148529,1.3035675],[103.9148501,1.3035653],[103.9148361,1.3035827],[103.9148214,1.3035708],[103.9148226,1.3035652],[103.9148343,1.3035504],[103.9148082,1.3035293],[103.9147962,1.3035446],[103.914791,1.3035472],[103.9147761,1.3035355],[103.9147896,1.3035176],[103.9147865,1.3035154],[103.9148021,1.3034964],[103.9147693,1.3034702],[103.9148186,1.303407],[103.9148733,1.3034505],[103.9149071,1.3034073],[103.9149291,1.3034246],[103.9149044,1.3034563],[103.9150112,1.303542],[103.9150363,1.3035095],[103.9150583,1.3035268],[103.9150332,1.3035591],[103.9151217,1.3036282],[103.9151335,1.3037401],[103.9151743,1.3037348],[103.9151776,1.3037626],[103.9151368,1.3037675],[103.9151453,1.3038369],[103.9151545,1.3038358],[103.9151584,1.3038687],[103.9151008,1.3038757],[103.9151139,1.303986],[103.9149933,1.3040006],[103.9149984,1.3040425],[103.914968,1.3040458],[103.914963,1.3040043],[103.9147454,1.3040307],[103.9147353,1.3039438],[103.9147488,1.3039423],[103.9147459,1.3039153],[103.9147497,1.3039146],[103.9147472,1.3038925],[103.9147662,1.3038907],[103.9147694,1.3038955],[103.9147715,1.303915],[103.9148051,1.3039107],[103.9148028,1.3038914],[103.9148049,1.303886],[103.9148237,1.3038837],[103.9148261,1.303906],[103.9148299,1.3039056],[103.9148303,1.3039092],[103.9148556,1.3039064],[103.914855,1.3039029],[103.9148588,1.3039022],[103.9148561,1.3038801],[103.914875,1.3038779],[103.9148807,1.3039015],[103.9149139,1.3038977],[103.9149116,1.3038783],[103.9149138,1.303873],[103.9149326,1.3038708],[103.9149344,1.3038929],[103.9149383,1.3038926],[103.9149386,1.3038962],[103.9149914,1.3038902],[103.914991,1.3038867],[103.9149949,1.3038859],[103.9149929,1.3038691],[103.9149948,1.3038637],[103.9150135,1.3038613],[103.9150167,1.3038855],[103.9150498,1.3038811],[103.915048,1.3038619],[103.9150502,1.3038566],[103.9150686,1.3038547],[103.9150715,1.3038767],[103.9150753,1.3038762],[103.9150788,1.3039024],[103.9150924,1.3039007],[103.9150856,1.3038438],[103.9150515,1.3038483],[103.9150488,1.3038459],[103.9150484,1.3038427],[103.9150514,1.3038424],[103.9150471,1.3038068],[103.9150231,1.3038102],[103.9150226,1.3038061],[103.9150006,1.3038088],[103.9149986,1.3037899],[103.9150033,1.3037867],[103.9150222,1.3037844],[103.9150196,1.3037512],[103.9149992,1.3037533],[103.9149939,1.3037512],[103.9149917,1.3037322],[103.9150136,1.3037296],[103.9150133,1.3037257],[103.9150373,1.3037233],[103.9150325,1.3036813],[103.9149975,1.303651],[103.9149823,1.30367],[103.9149795,1.3036677],[103.9149655,1.303685],[103.9149507,1.3036733],[103.9149518,1.3036676],[103.9149633,1.3036529],[103.9149374,1.3036312]]]}},{"type":"Feature","properties":{"type":"HDB"},"geometry":{"type":"Polygon","coordinates":[[[103.911071,1.3037149],[103.9111285,1.303708],[103.911128,1.3037038],[103.9111771,1.3036979],[103.9111878,1.3036837],[103.9111985,1.3036825],[103.9112122,1.3036936],[103.9112613,1.3036877],[103.9112618,1.303692],[103.9113781,1.303678],[103.9113776,1.3036737],[103.9114267,1.3036678],[103.9114374,1.3036537],[103.9114481,1.3036524],[103.9114618,1.3036636],[103.9115109,1.3036577],[103.9115114,1.3036619],[103.9116277,1.3036479],[103.9116272,1.3036437],[103.9116763,1.3036378],[103.9116871,1.3036237],[103.9116977,1.3036224],[103.9117115,1.3036336],[103.9117605,1.3036277],[103.911761,1.3036319],[103.9118085,1.3036265],[103.9118186,1.3037127],[103.9118031,1.3037145],[103.9118076,1.3037627],[103.9117853,1.3037654],[103.9117826,1.303742],[103.911749,1.303746],[103.9117518,1.3037693],[103.9117295,1.303772],[103.9117227,1.3037245],[103.9116652,1.3037313],[103.9116696,1.3037791],[103.9116473,1.3037817],[103.9116445,1.3037584],[103.911611,1.3037623],[103.9116137,1.3037857],[103.9115914,1.3037883],[103.9115847,1.3037409],[103.9115542,1.3037445],[103.9115586,1.3037922],[103.9115363,1.3037949],[103.9115335,1.3037715],[103.9115,1.3037755],[103.9115027,1.3037988],[103.9114804,1.3038015],[103.9114738,1.3037549],[103.9114264,1.3037605],[103.9114308,1.3038082],[103.9114085,1.3038109],[103.9114058,1.3037875],[103.9113722,1.3037915],[103.911375,1.3038149],[103.9113527,1.3038175],[103.9113459,1.30377],[103.9113154,1.3037736],[103.9113198,1.3038214],[103.9112975,1.303824],[103.9112948,1.3038007],[103.9112612,1.3038047],[103.911264,1.303828],[103.9112417,1.3038306],[103.9112349,1.3037832],[103.9111774,1.30379],[103.9111818,1.3038377],[103.9111595,1.3038404],[103.9111567,1.303817],[103.9111232,1.303821],[103.9111259,1.3038444],[103.9111036,1.303847],[103.9110967,1.3037997],[103.9110811,1.3038015],[103.911071,1.3037149]]]}},{"type":"Feature","properties":{"type":"HDB"},"geometry":{"type":"Polygon","coordinates":[[[103.9143476,1.3036956],[103.9144822,1.3036791],[103.9144791,1.3036529],[103.9145086,1.3036493],[103.9145132,1.3036902],[103.9145814,1.3036828],[103.9145894,1.3037616],[103.9145494,1.3037664],[103.9145522,1.3037885],[103.9144698,1.3037986],[103.9144669,1.3037765],[103.9143859,1.3037864],[103.9143888,1.3038085],[103.9143063,1.3038186],[103.9143035,1.3037968],[103.914223,1.3038066],[103.9142255,1.3038284],[103.914143,1.3038385],[103.9141405,1.3038169],[103.9140602,1.3038267],[103.9140627,1.3038483],[103.9139799,1.3038583],[103.9139774,1.3038364],[103.913897,1.3038459],[103.9138996,1.3038677],[103.913817,1.3038774],[103.9138144,1.3038556],[103.9137729,1.3038606],[103.9137631,1.3037809],[103.9138312,1.3037722],[103.9138264,1.3037316],[103.913856,1.3037283],[103.9138589,1.3037547],[103.9139937,1.3037393],[103.9139887,1.3036981],[103.9140163,1.3036948],[103.9140212,1.303735],[103.9141559,1.3037189],[103.9141528,1.3036924],[103.9141824,1.3036888],[103.9141854,1.3037153],[103.9143201,1.3036991],[103.9143152,1.3036586],[103.9143429,1.3036554],[103.9143476,1.3036956]]]}},{"type":"Feature","properties":{"type":"HDB"},"geometry":{"type":"Polygon","coordinates":[[[103.9131987,1.3036607],[103.9132087,1.3036741],[103.9132203,1.3037053],[103.9132215,1.303722],[103.9132143,1.3037546],[103.9132063,1.3037693],[103.9131865,1.3037895],[103.9131743,1.3037969],[103.9131471,1.3038048],[103.9131587,1.303895],[103.9131687,1.3038949],[103.9131916,1.3040903],[103.9127297,1.3041455],[103.9127182,1.3040489],[103.9126857,1.3040529],[103.912663,1.303862],[103.9126485,1.3038638],[103.9126315,1.3038612],[103.912601,1.3038458],[103.9125793,1.3038194],[103.9125695,1.3037869],[103.9125725,1.3037534],[103.9125878,1.3037235],[103.9126108,1.3037032],[103.9126396,1.3036924],[103.9126128,1.3034828],[103.9131099,1.3034226],[103.913141,1.3036331],[103.9131724,1.3036417],[103.9131987,1.3036607]]]}},{"type":"Feature","properties":{"type":"HDB"},"geometry":{"type":"Polygon","coordinates":[[[103.9166264,1.3038283],[103.9165951,1.3038323],[103.9165969,1.3038511],[103.9165739,1.3038539],[103.9165686,1.3038091],[103.9165391,1.3038128],[103.9165446,1.3038574],[103.9165201,1.3038603],[103.916518,1.303842],[103.9164867,1.3038461],[103.9164888,1.303864],[103.9164659,1.3038668],[103.9164606,1.3038226],[103.9164329,1.3038255],[103.9164377,1.3038702],[103.9164141,1.303873],[103.916412,1.3038546],[103.9163794,1.3038585],[103.9163818,1.3038769],[103.916358,1.3038797],[103.9163528,1.303835],[103.9163243,1.3038385],[103.9163297,1.3038831],[103.9163055,1.303886],[103.9163033,1.3038678],[103.916271,1.3038712],[103.9162733,1.3038898],[103.9162462,1.3038931],[103.9162406,1.3038478],[103.916187,1.303855],[103.916193,1.3038994],[103.9161676,1.3039025],[103.9161654,1.3038841],[103.9161337,1.3038877],[103.9161356,1.3039063],[103.9161106,1.3039093],[103.9161049,1.3038636],[103.9160891,1.3038656],[103.9160789,1.3037795],[103.9161359,1.3037728],[103.9161355,1.3037688],[103.9161896,1.3037619],[103.9161863,1.3037253],[103.9162094,1.3037224],[103.9162151,1.303759],[103.9163779,1.3037396],[103.9163785,1.3037437],[103.9164895,1.3037303],[103.916489,1.303726],[103.9166525,1.3037072],[103.9166486,1.3036693],[103.9166718,1.3036665],[103.9166772,1.3037033],[103.9168401,1.3036836],[103.9168407,1.3036877],[103.9168982,1.3036813],[103.9169087,1.3037677],[103.9168931,1.3037694],[103.9168978,1.3038151],[103.9168738,1.303818],[103.9168717,1.3038005],[103.9168396,1.3038041],[103.9168413,1.3038219],[103.9168175,1.3038247],[103.9168122,1.3037798],[103.9167838,1.3037832],[103.916789,1.3038281],[103.9167643,1.3038311],[103.9167621,1.3038128],[103.9167315,1.303817],[103.9167333,1.3038348],[103.9167083,1.3038378],[103.9167023,1.3037924],[103.9166483,1.3037996],[103.9166536,1.3038443],[103.9166287,1.3038473],[103.9166264,1.3038283]]]}},{"type":"Feature","properties":{"type":"HDB"},"geometry":{"type":"Polygon","coordinates":[[[103.9121823,1.3035844],[103.9122371,1.3036276],[103.912253,1.3036063],[103.912276,1.3036245],[103.9122602,1.3036459],[103.9123656,1.3037295],[103.9123821,1.3037085],[103.9124052,1.3037268],[103.9123885,1.3037475],[103.9124565,1.3038017],[103.9124657,1.3037906],[103.9124848,1.3038051],[103.9124878,1.3038292],[103.9124748,1.3038307],[103.9124848,1.3039182],[103.9125102,1.3039152],[103.9125137,1.3039444],[103.9124883,1.3039474],[103.9124958,1.3040135],[103.9125201,1.3040106],[103.9125244,1.3040478],[103.9124651,1.3040549],[103.9124802,1.3041628],[103.9123659,1.3041768],[103.9123706,1.3042176],[103.9123313,1.3042222],[103.9123265,1.3041816],[103.9120699,1.3042123],[103.9120754,1.3042595],[103.9120531,1.3042623],[103.9120473,1.304215],[103.9120007,1.3042202],[103.9119905,1.3041341],[103.9120061,1.3041321],[103.9120032,1.3041079],[103.9120835,1.3040983],[103.9120863,1.3041225],[103.9121149,1.304119],[103.9121121,1.3040948],[103.9121924,1.3040852],[103.9121952,1.3041095],[103.9122238,1.304106],[103.912221,1.3040818],[103.9123014,1.3040721],[103.9123041,1.3040964],[103.9123598,1.3040895],[103.912357,1.3040653],[103.9124372,1.3040559],[103.9124335,1.3040234],[103.912416,1.3040255],[103.9124111,1.3039836],[103.9123892,1.3039861],[103.9123793,1.3039034],[103.9124012,1.3039009],[103.9123959,1.3038558],[103.9123604,1.3038277],[103.9123468,1.303845],[103.9122815,1.3037933],[103.9122952,1.303776],[103.9122314,1.3037254],[103.9122178,1.3037427],[103.9121526,1.3036912],[103.912166,1.3036734],[103.9121331,1.3036473],[103.9121823,1.3035844]]]}},{"type":"Feature","properties":{"type":"HDB"},"geometry":{"type":"Polygon","coordinates":[[[103.913501,1.3039149],[103.9136035,1.3039026],[103.9136057,1.3039208],[103.9136287,1.3039185],[103.9136314,1.3039407],[103.9136082,1.3039435],[103.91361,1.3039591],[103.9136189,1.303958],[103.9136228,1.303991],[103.9135564,1.303999],[103.9135609,1.3040374],[103.9136274,1.3040294],[103.9136312,1.3040624],[103.9136223,1.3040635],[103.9136242,1.3040791],[103.9136474,1.3040763],[103.91365,1.3040988],[103.913627,1.3041016],[103.9136292,1.3041199],[103.9135261,1.3041323],[103.9135229,1.3041033],[103.9134986,1.3041063],[103.9135017,1.3041352],[103.9133994,1.3041475],[103.9133974,1.3041292],[103.9133742,1.304132],[103.9133716,1.3041092],[103.9133948,1.3041064],[103.9133929,1.3040908],[103.913384,1.3040918],[103.9133801,1.3040589],[103.9134466,1.3040509],[103.913442,1.3040125],[103.9133756,1.3040204],[103.9133717,1.3039875],[103.9133806,1.3039864],[103.9133787,1.3039708],[103.9133555,1.3039736],[103.9133529,1.3039511],[103.9133762,1.3039483],[103.913374,1.3039301],[103.9134759,1.3039179],[103.9134793,1.3039466],[103.913504,1.3039437],[103.913501,1.3039149]]]}},{"type":"Feature","properties":{"type":"HDB"},"geometry":{"type":"Polygon","coordinates":[[[103.9154538,1.3040747],[103.9155211,1.3040665],[103.9155165,1.3040279],[103.9154496,1.304036],[103.9154456,1.3040032],[103.9154545,1.3040022],[103.9154526,1.3039867],[103.9154325,1.3039897],[103.9154296,1.3039668],[103.9154348,1.3039633],[103.9154495,1.3039605],[103.9154477,1.3039459],[103.9155521,1.3039332],[103.9155594,1.3040021],[103.9155822,1.3039996],[103.9155753,1.3039304],[103.9156772,1.303918],[103.915679,1.3039327],[103.9156995,1.303934],[103.9157022,1.303957],[103.9156822,1.3039593],[103.915684,1.3039744],[103.9156928,1.3039734],[103.9156968,1.3040062],[103.9156299,1.3040143],[103.9156345,1.3040529],[103.9157014,1.3040448],[103.9157053,1.3040776],[103.915696,1.3040787],[103.9156979,1.3040942],[103.9157184,1.3040921],[103.915721,1.3041149],[103.9157012,1.304121],[103.9157029,1.3041352],[103.9156006,1.3041478],[103.9155971,1.3041188],[103.9155727,1.3041218],[103.9155761,1.3041508],[103.9154736,1.3041629],[103.9154718,1.3041483],[103.9154512,1.304147],[103.9154487,1.3041241],[103.9154684,1.3041216],[103.9154665,1.3041062],[103.9154577,1.3041074],[103.9154538,1.3040747]]]}},{"type":"Feature","properties":{"type":"HDB"},"geometry":{"type":"Polygon","coordinates":[[[103.9172494,1.3041741],[103.9172464,1.3041465],[103.9172189,1.3041498],[103.9172097,1.3040722],[103.9172369,1.3040693],[103.9172337,1.3040399],[103.9172063,1.3040432],[103.9171966,1.3039619],[103.9172232,1.3039589],[103.9172168,1.303902],[103.9171899,1.3039052],[103.9171796,1.3038185],[103.9172032,1.3038155],[103.9172018,1.3037999],[103.9172873,1.3037894],[103.9172944,1.3038469],[103.917298,1.3038464],[103.9173047,1.3039011],[103.9173413,1.3038977],[103.9173442,1.3039212],[103.9173078,1.3039267],[103.917314,1.3039809],[103.91731,1.3039815],[103.9173232,1.3040931],[103.9173274,1.3040929],[103.9173474,1.3042579],[103.9173837,1.3042534],[103.9173866,1.3042768],[103.9173503,1.3042824],[103.9173565,1.3043365],[103.9173525,1.3043371],[103.9173594,1.3043946],[103.9172735,1.3044051],[103.9172718,1.3043898],[103.9172477,1.3043922],[103.9172384,1.3043137],[103.9172656,1.3043104],[103.9172594,1.3042541],[103.9172317,1.3042574],[103.9172222,1.3041774],[103.9172494,1.3041741]]]}},{"type":"Feature","properties":{"type":"HDB"},"geometry":{"type":"Polygon","coordinates":[[[103.9178354,1.3039824],[103.9178422,1.3040398],[103.9178513,1.3040389],[103.9178545,1.3040701],[103.9177883,1.304078],[103.9177928,1.3041165],[103.9178591,1.3041086],[103.917863,1.3041426],[103.9178546,1.3041438],[103.9178612,1.3041998],[103.9177585,1.3042128],[103.917754,1.304175],[103.9177303,1.304178],[103.9177349,1.3042152],[103.9176315,1.3042278],[103.9176245,1.3041717],[103.917616,1.3041727],[103.9176118,1.3041385],[103.917678,1.3041303],[103.9176734,1.3040923],[103.9176077,1.3041006],[103.9176035,1.304068],[103.9176122,1.3040669],[103.9176055,1.3040105],[103.917709,1.3039976],[103.9177174,1.3040631],[103.9177397,1.3040608],[103.9177328,1.3039949],[103.9178354,1.3039824]]]}},{"type":"Feature","properties":{"type":"HDB"},"geometry":{"type":"Polygon","coordinates":[[[103.9138797,1.3040071],[103.9138756,1.303973],[103.9146214,1.3038834],[103.9146653,1.3042139],[103.9145747,1.3043327],[103.9145651,1.3043253],[103.9145193,1.3043307],[103.9144878,1.3043061],[103.9144792,1.3042336],[103.9144359,1.3042387],[103.91444,1.3042752],[103.9144175,1.304278],[103.9144088,1.3042052],[103.9139104,1.3042651],[103.9139063,1.3042311],[103.9138375,1.3042358],[103.9138065,1.3042276],[103.9137836,1.3042156],[103.9137681,1.3042005],[103.9137532,1.3041766],[103.9137437,1.3041501],[103.9137401,1.3041222],[103.9137426,1.3040941],[103.9137511,1.3040672],[103.913765,1.3040494],[103.9137847,1.3040325],[103.9138131,1.3040176],[103.9138797,1.3040071]]]}},{"type":"Feature","properties":{"type":"HDB"},"geometry":{"type":"Polygon","coordinates":[[[103.9116164,1.3042421],[103.9116006,1.3040846],[103.9118251,1.3040509],[103.9118442,1.3042401],[103.9116796,1.3042649],[103.9116527,1.3042376],[103.9116164,1.3042421]]]}},{"type":"Feature","properties":{"type":"HDB"},"geometry":{"type":"Polygon","coordinates":[[[103.9114063,1.3041409],[103.911417,1.3041396],[103.9114307,1.3041508],[103.9114798,1.3041449],[103.9114803,1.3041491],[103.9115277,1.3041437],[103.9115378,1.3042299],[103.9115223,1.3042318],[103.9115267,1.3042795],[103.9115044,1.3042822],[103.9115017,1.3042588],[103.9114681,1.3042628],[103.9114709,1.3042861],[103.9114485,1.3042888],[103.9114418,1.3042413],[103.9113843,1.3042481],[103.9113887,1.3042959],[103.9113664,1.3042985],[103.9113636,1.3042752],[103.9113301,1.3042791],[103.9113328,1.3043025],[103.9113105,1.3043051],[103.9113038,1.3042577],[103.9112733,1.3042613],[103.9112777,1.304309],[103.9112553,1.3043117],[103.9112526,1.3042883],[103.9112191,1.3042923],[103.9112218,1.3043156],[103.9111995,1.3043183],[103.9111929,1.3042721],[103.9111458,1.3042777],[103.9111502,1.3043254],[103.9111279,1.3043281],[103.9111251,1.3043047],[103.9110916,1.3043087],[103.9110943,1.3043321],[103.911072,1.3043347],[103.9110653,1.3042872],[103.9110347,1.3042908],[103.9110392,1.3043386],[103.9110168,1.3043412],[103.9110141,1.3043179],[103.9109806,1.3043219],[103.9109833,1.3043452],[103.910961,1.3043478],[103.9109543,1.3043004],[103.9108967,1.3043072],[103.9109011,1.3043549],[103.9108788,1.3043576],[103.9108761,1.3043342],[103.9108425,1.3043382],[103.9108452,1.3043616],[103.9108229,1.3043642],[103.910816,1.3043165],[103.9108004,1.3043184],[103.9107902,1.3042322],[103.9108478,1.3042252],[103.9108472,1.304221],[103.9108963,1.3042151],[103.9109071,1.304201],[103.9109177,1.3041997],[103.9109315,1.3042109],[103.9109805,1.304205],[103.910981,1.3042092],[103.9110974,1.3041952],[103.9110969,1.304191],[103.9111459,1.3041851],[103.9111567,1.3041709],[103.9111674,1.3041697],[103.9111811,1.3041808],[103.9112301,1.3041749],[103.9112306,1.3041792],[103.911347,1.3041652],[103.9113465,1.3041609],[103.9113955,1.304155],[103.9114063,1.3041409]]]}},{"type":"Feature","properties":{"type":"HDB"},"geometry":{"type":"Polygon","coordinates":[[[103.9162034,1.3045054],[103.9161576,1.3045109],[103.9161642,1.3045652],[103.9162099,1.3045599],[103.9162129,1.3045852],[103.9161959,1.3045872],[103.9161998,1.3046186],[103.9162166,1.3046167],[103.9162196,1.3046416],[103.916175,1.3046479],[103.9161764,1.3046637],[103.9160904,1.3046741],[103.9160837,1.3046166],[103.9160797,1.3046169],[103.9160731,1.3045624],[103.9160367,1.3045653],[103.916034,1.3045421],[103.9160699,1.3045367],[103.9160635,1.3044821],[103.9160674,1.3044815],[103.9160541,1.3043698],[103.9160501,1.3043702],[103.9160306,1.3042065],[103.9159939,1.3042096],[103.9159911,1.3041863],[103.9160277,1.304181],[103.9160212,1.3041264],[103.9160252,1.3041256],[103.9160186,1.3040683],[103.9161044,1.3040581],[103.9161063,1.3040737],[103.9161514,1.3040683],[103.9161548,1.3040966],[103.916135,1.304099],[103.9161389,1.3041299],[103.9161586,1.3041282],[103.9161613,1.3041511],[103.9161156,1.3041566],[103.9161228,1.3042123],[103.9161679,1.3042064],[103.9161707,1.3042307],[103.916152,1.304233],[103.9161557,1.3042641],[103.9161745,1.3042623],[103.9161775,1.3042874],[103.9161316,1.304293],[103.9161346,1.304321],[103.9161807,1.3043146],[103.9161838,1.3043402],[103.9161652,1.3043424],[103.9161692,1.3043739],[103.9161875,1.304372],[103.9161905,1.304397],[103.9161446,1.3044025],[103.9161478,1.3044307],[103.9161939,1.3044252],[103.9161967,1.3044493],[103.9161796,1.3044514],[103.9161833,1.3044826],[103.9162005,1.3044809],[103.9162034,1.3045054]]]}},{"type":"Feature","properties":{"type":"HDB"},"geometry":{"type":"Polygon","coordinates":[[[103.9138108,1.3044551],[103.9137413,1.3044633],[103.9137399,1.3044512],[103.9137277,1.3044526],[103.9137291,1.3044647],[103.9136594,1.3044731],[103.9136576,1.304459],[103.9136641,1.3044581],[103.9136599,1.3044231],[103.913633,1.304426],[103.9136264,1.304373],[103.9137897,1.3043533],[103.9137867,1.3043267],[103.9138298,1.3043217],[103.9138332,1.3043486],[103.9142381,1.3043006],[103.914235,1.3042729],[103.9142782,1.3042678],[103.9142816,1.3042946],[103.914445,1.3042746],[103.9144511,1.3043276],[103.9144244,1.3043309],[103.9144286,1.304366],[103.9144348,1.3043652],[103.9144364,1.3043803],[103.9143672,1.3043886],[103.9143657,1.3043765],[103.9143536,1.304378],[103.9143551,1.3043901],[103.9142854,1.3043984],[103.914284,1.3043863],[103.9142447,1.304391],[103.9142461,1.3044031],[103.9141768,1.3044113],[103.9141753,1.3043992],[103.9141634,1.3044007],[103.9141648,1.3044128],[103.9140952,1.3044211],[103.9140937,1.304409],[103.9140817,1.3044104],[103.9140831,1.3044225],[103.9140135,1.3044309],[103.9140121,1.3044187],[103.914,1.3044202],[103.9140015,1.3044323],[103.9139318,1.3044406],[103.9139303,1.3044285],[103.9139183,1.3044299],[103.9139197,1.3044421],[103.9138501,1.3044504],[103.9138486,1.3044383],[103.9138094,1.3044429],[103.9138108,1.3044551]]]}},{"type":"Feature","properties":{"type":"HDB"},"geometry":{"type":"Polygon","coordinates":[[[103.9152245,1.3045727],[103.9152034,1.3043958],[103.9151281,1.3043359],[103.9151136,1.3043547],[103.9150616,1.304314],[103.9150766,1.3042944],[103.9149426,1.3041885],[103.9149317,1.3040983],[103.915251,1.3040593],[103.9154785,1.3042386],[103.9154825,1.3042718],[103.9155066,1.3042688],[103.9155128,1.3043209],[103.9154888,1.3043238],[103.9155281,1.3046494],[103.9154788,1.3046867],[103.9154898,1.3047057],[103.9154967,1.3047266],[103.9154991,1.3047484],[103.9154932,1.3047844],[103.9154798,1.3048104],[103.9154706,1.3048218],[103.9154394,1.3048447],[103.9154212,1.3048515],[103.9153982,1.304855],[103.9153749,1.3048534],[103.9153526,1.3048466],[103.9153324,1.3048351],[103.9153151,1.3048193],[103.9153026,1.3048042],[103.9152942,1.3047864],[103.9152903,1.304767],[103.9152908,1.3047285],[103.9152963,1.30471],[103.9152339,1.304683],[103.9152273,1.3046241],[103.9152067,1.3046267],[103.9152007,1.3045753],[103.9152245,1.3045727]]]}},{"type":"Feature","properties":{"type":"HDB"},"geometry":{"type":"Polygon","coordinates":[[[103.9181946,1.3045364],[103.9181709,1.3045394],[103.9181755,1.3045766],[103.9180722,1.3045893],[103.9180654,1.3045324],[103.9180567,1.304534],[103.9180524,1.3045],[103.9181187,1.3044917],[103.918114,1.3044538],[103.9180483,1.304462],[103.9180442,1.3044295],[103.9180529,1.3044283],[103.9180463,1.3043718],[103.9181489,1.3043598],[103.9181568,1.3044247],[103.9181803,1.3044222],[103.9181734,1.3043563],[103.918276,1.3043439],[103.9182828,1.3044008],[103.9182914,1.3043996],[103.9182952,1.3044315],[103.9182289,1.3044394],[103.9182335,1.304478],[103.9182998,1.30447],[103.9183038,1.3045042],[103.9182952,1.3045052],[103.9183019,1.3045613],[103.9181994,1.3045738],[103.9181946,1.3045364]]]}},{"type":"Feature","properties":{"type":"HDB"},"geometry":{"type":"Polygon","coordinates":[[[103.9149503,1.30446],[103.9149239,1.3044389],[103.914912,1.3044539],[103.9149067,1.3044563],[103.914892,1.3044445],[103.9149056,1.3044271],[103.9149027,1.3044244],[103.9149178,1.3044059],[103.9148544,1.3043553],[103.9148396,1.3043751],[103.9148367,1.3043728],[103.9148232,1.3043901],[103.9148084,1.3043783],[103.9148095,1.3043727],[103.9148213,1.3043572],[103.9147949,1.3043363],[103.9147827,1.3043514],[103.9147776,1.3043539],[103.9147627,1.3043421],[103.9147763,1.3043247],[103.9147733,1.3043221],[103.9147878,1.3043024],[103.9147562,1.3042772],[103.9148053,1.3042138],[103.9148599,1.3042575],[103.914894,1.3042139],[103.9149159,1.3042313],[103.9148911,1.3042631],[103.9149987,1.304348],[103.915023,1.3043167],[103.9150449,1.3043341],[103.9150205,1.3043652],[103.9151087,1.3044347],[103.9151216,1.3045459],[103.9151616,1.3045413],[103.9151647,1.3045692],[103.9151244,1.3045733],[103.9151316,1.3046434],[103.9151412,1.3046422],[103.9151449,1.3046747],[103.9150873,1.3046816],[103.9151001,1.3047922],[103.91498,1.3048069],[103.914985,1.3048483],[103.9149547,1.304852],[103.9149498,1.3048106],[103.9147324,1.3048372],[103.9147218,1.3047506],[103.9147357,1.3047491],[103.9147323,1.3047224],[103.9147364,1.3047219],[103.9147338,1.3046998],[103.9147526,1.3046976],[103.9147558,1.3047023],[103.9147582,1.3047212],[103.9147918,1.3047171],[103.9147897,1.3046981],[103.9147915,1.3046929],[103.9148103,1.3046906],[103.914813,1.3047126],[103.914817,1.3047123],[103.9148202,1.3047387],[103.9148447,1.3047358],[103.9148414,1.3047095],[103.9148453,1.3047088],[103.9148427,1.3046867],[103.9148615,1.3046844],[103.9148647,1.3046892],[103.914867,1.304708],[103.9149007,1.3047039],[103.9148984,1.3046851],[103.9149004,1.3046797],[103.9149192,1.3046773],[103.9149217,1.3046994],[103.9149254,1.304699],[103.9149286,1.3047257],[103.9149806,1.3047194],[103.9149774,1.3046928],[103.9149813,1.304692],[103.9149792,1.3046752],[103.9149812,1.3046698],[103.9149999,1.3046674],[103.915003,1.3046915],[103.9150365,1.3046873],[103.9150342,1.3046686],[103.9150362,1.3046631],[103.915055,1.3046608],[103.9150577,1.3046828],[103.9150616,1.3046824],[103.915065,1.3047088],[103.9150785,1.3047072],[103.9150715,1.3046506],[103.9150378,1.3046545],[103.9150353,1.304652],[103.9150351,1.3046488],[103.9150381,1.3046486],[103.9150337,1.3046124],[103.91501,1.3046162],[103.9150095,1.3046123],[103.9149877,1.3046151],[103.9149854,1.3045962],[103.9149902,1.304593],[103.9150093,1.3045905],[103.9150052,1.3045568],[103.9149863,1.3045591],[103.9149809,1.3045571],[103.9149784,1.3045383],[103.9150004,1.3045355],[103.9149999,1.3045313],[103.9150243,1.3045284],[103.9150193,1.3044877],[103.9149835,1.3044586],[103.9149686,1.3044775],[103.9149658,1.3044753],[103.914952,1.3044926],[103.9149373,1.3044808],[103.9149386,1.3044752],[103.9149503,1.30446]]]}},{"type":"Feature","properties":{"type":"HDB"},"geometry":{"type":"Polygon","coordinates":[[[103.9122676,1.3044822],[103.912295,1.3044773],[103.9122982,1.3044983],[103.9123058,1.3044973],[103.9123095,1.3045292],[103.9124157,1.3045169],[103.9124096,1.304463],[103.9124852,1.3044542],[103.9124925,1.3045077],[103.9125945,1.3044957],[103.9125904,1.3044652],[103.9125967,1.3044644],[103.9125938,1.3044429],[103.9126213,1.3044377],[103.9126245,1.3044585],[103.9126324,1.3044576],[103.9126359,1.30449],[103.9127427,1.304478],[103.9127361,1.3044239],[103.9128119,1.3044146],[103.9128183,1.3044686],[103.9128603,1.3044637],[103.9128694,1.3045434],[103.9128277,1.3045485],[103.9128301,1.3045707],[103.9128269,1.3045711],[103.9128287,1.3045931],[103.9128064,1.3045958],[103.9128037,1.3045736],[103.9127732,1.3045773],[103.9127759,1.3045993],[103.9127536,1.3046021],[103.9127449,1.3045585],[103.9126642,1.3045685],[103.9126669,1.3045902],[103.9126633,1.3045905],[103.9126662,1.3046128],[103.9126432,1.3046156],[103.9126405,1.3045934],[103.9126102,1.3045971],[103.9126129,1.3046191],[103.9125904,1.304622],[103.9125815,1.3045783],[103.9125005,1.3045887],[103.9125026,1.3046326],[103.9124802,1.3046348],[103.9124778,1.3046134],[103.9124476,1.3046168],[103.9124503,1.3046389],[103.9124277,1.3046414],[103.9124245,1.3046189],[103.9124209,1.3046193],[103.9124182,1.3045969],[103.9123379,1.3046067],[103.9123398,1.3046521],[103.912317,1.3046549],[103.9123148,1.3046321],[103.9122845,1.304636],[103.9122873,1.3046584],[103.9122648,1.3046612],[103.9122616,1.3046392],[103.9122583,1.3046396],[103.9122555,1.3046175],[103.9121754,1.3046272],[103.912178,1.3046488],[103.9121739,1.3046504],[103.9121767,1.3046718],[103.912154,1.3046743],[103.912151,1.3046521],[103.912121,1.304656],[103.9121237,1.3046781],[103.9121012,1.3046809],[103.9120989,1.3046576],[103.9120945,1.304658],[103.9120924,1.3046372],[103.9120505,1.3046423],[103.9120411,1.3045623],[103.9120907,1.3045563],[103.9120833,1.3045022],[103.9121589,1.304493],[103.9121643,1.3045465],[103.9122677,1.3045351],[103.9122642,1.3045044],[103.9122694,1.3045038],[103.9122676,1.3044822]]]}},{"type":"Feature","properties":{"type":"HDB"},"geometry":{"type":"Polygon","coordinates":[[[103.9174792,1.3044557],[103.9174848,1.3044962],[103.9175348,1.3044897],[103.9175304,1.3044496],[103.9175564,1.3044464],[103.9175589,1.3044666],[103.9175916,1.3044626],[103.9175892,1.3044425],[103.9176125,1.3044397],[103.9176189,1.3044847],[103.9176343,1.3044831],[103.9176449,1.3045695],[103.9175875,1.3045764],[103.917588,1.3045807],[103.9175339,1.3045872],[103.9175371,1.3046244],[103.9175138,1.3046273],[103.9175086,1.3045902],[103.9173456,1.3046099],[103.9173451,1.3046059],[103.9172337,1.3046191],[103.9172341,1.3046232],[103.9170711,1.3046429],[103.9170747,1.3046798],[103.9170515,1.3046826],[103.9170462,1.3046459],[103.9168833,1.3046652],[103.9168828,1.3046617],[103.9168256,1.3046682],[103.9168151,1.3045817],[103.9168306,1.3045799],[103.916826,1.3045342],[103.9168514,1.3045314],[103.9168536,1.3045514],[103.9168852,1.3045476],[103.9168828,1.3045274],[103.916908,1.3045243],[103.9169129,1.3045658],[103.9169394,1.3045626],[103.9169341,1.3045212],[103.9169605,1.304518],[103.9169625,1.3045383],[103.9169938,1.3045342],[103.9169913,1.3045143],[103.9170176,1.3045112],[103.9170233,1.3045571],[103.9170751,1.304551],[103.91707,1.3045049],[103.9170964,1.3045017],[103.917099,1.3045219],[103.9171304,1.3045181],[103.9171281,1.3044979],[103.9171552,1.3044947],[103.91716,1.3045355],[103.9171869,1.3045322],[103.9171826,1.3044914],[103.9172058,1.3044886],[103.9172084,1.3045087],[103.9172401,1.3045049],[103.9172377,1.3044847],[103.9172628,1.3044817],[103.9172677,1.3045228],[103.9172934,1.3045195],[103.9172883,1.3044787],[103.917314,1.3044756],[103.9173166,1.3044957],[103.9173483,1.3044919],[103.9173459,1.3044717],[103.9173706,1.3044688],[103.9173764,1.3045096],[103.9174022,1.3045064],[103.9173973,1.3044656],[103.9174204,1.3044628],[103.917423,1.3044829],[103.9174544,1.3044791],[103.917452,1.304459],[103.9174792,1.3044557]]]}},{"type":"Feature","properties":{"type":"HDB"},"geometry":{"type":"Polygon","coordinates":[[[103.9157461,1.3045628],[103.9157374,1.304496],[103.9158416,1.3044834],[103.9158484,1.3045397],[103.9158572,1.3045387],[103.9158612,1.3045715],[103.9157942,1.3045796],[103.9157989,1.3046182],[103.9158658,1.3046101],[103.9158697,1.3046428],[103.9158604,1.3046441],[103.915867,1.3047009],[103.915765,1.3047131],[103.9157615,1.3046841],[103.915737,1.3046871],[103.9157406,1.3047161],[103.9156378,1.3047287],[103.9156309,1.3046715],[103.9156221,1.3046727],[103.9156181,1.3046399],[103.9156855,1.3046318],[103.9156809,1.3045932],[103.9156139,1.3046013],[103.91561,1.3045685],[103.9156189,1.3045675],[103.9156121,1.3045112],[103.9157146,1.3044988],[103.9157234,1.3045658],[103.9157461,1.3045628]]]}},{"type":"Feature","properties":{"type":"HDB"},"geometry":{"type":"Polygon","coordinates":[[[103.9087426,1.3034404],[103.908735,1.3034515],[103.9087466,1.3034594],[103.9087341,1.3034776],[103.9088004,1.3035233],[103.9088128,1.3035051],[103.9088255,1.3035139],[103.9088331,1.3035028],[103.9088384,1.3035011],[103.9088536,1.3035117],[103.9088533,1.3035168],[103.9088579,1.3035199],[103.9088624,1.3035177],[103.908878,1.3035285],[103.9088784,1.303534],[103.9088708,1.3035452],[103.908883,1.3035536],[103.9088706,1.3035717],[103.9089031,1.3035942],[103.9088489,1.3036738],[103.9087914,1.3036341],[103.9087769,1.3036548],[103.908753,1.3036383],[103.9087677,1.3036178],[103.9086701,1.3035505],[103.9086516,1.3035761],[103.9085991,1.3035399],[103.908617,1.3035139],[103.9084,1.3033642],[103.9083819,1.30339],[103.90833,1.3033543],[103.9083477,1.3033282],[103.9082523,1.3032623],[103.908238,1.303283],[103.9082135,1.3032662],[103.908228,1.3032456],[103.9081712,1.3032064],[103.9082255,1.3031268],[103.9082605,1.3031509],[103.9082729,1.3031328],[103.908285,1.3031411],[103.9082926,1.30313],[103.9082985,1.3031288],[103.9083135,1.3031391],[103.908313,1.3031441],[103.908318,1.3031475],[103.9083227,1.3031454],[103.9083379,1.3031559],[103.9083381,1.3031614],[103.9083305,1.3031725],[103.9083431,1.3031812],[103.9083308,1.3031994],[103.9083966,1.3032448],[103.908409,1.3032266],[103.9084209,1.3032348],[103.9084285,1.3032237],[103.9084344,1.3032225],[103.9084487,1.3032324],[103.9084483,1.3032374],[103.9084529,1.3032406],[103.9084577,1.3032385],[103.9084721,1.3032485],[103.9084726,1.3032541],[103.908465,1.3032652],[103.908477,1.3032736],[103.9084647,1.3032917],[103.9085298,1.3033367],[103.9085422,1.3033185],[103.9085541,1.3033267],[103.9085617,1.3033156],[103.9085686,1.303315],[103.9085825,1.3033246],[103.9085827,1.3033301],[103.9085877,1.3033335],[103.9085923,1.3033314],[103.9086062,1.303341],[103.9086066,1.3033466],[103.908599,1.3033577],[103.9086117,1.3033664],[103.9085993,1.3033846],[103.9086648,1.3034298],[103.9086772,1.3034116],[103.9086888,1.3034196],[103.9086964,1.3034085],[103.9087028,1.3034076],[103.9087182,1.3034183],[103.9087181,1.3034235],[103.9087218,1.303426],[103.9087266,1.303424],[103.9087419,1.3034346],[103.9087426,1.3034404]]]}},{"type":"Feature","properties":{"type":"HDB"},"geometry":{"type":"Polygon","coordinates":[[[103.9069724,1.3036433],[103.9069496,1.3036273],[103.9069742,1.3035919],[103.9069163,1.3035502],[103.9069604,1.3034851],[103.9069933,1.3035074],[103.9070056,1.3034901],[103.9070741,1.3035372],[103.9070629,1.3035551],[103.9071294,1.3036018],[103.9071419,1.3035848],[103.9072122,1.3036341],[103.9072008,1.3036516],[103.9072657,1.3036971],[103.9072782,1.3036794],[103.9073501,1.3037287],[103.907338,1.3037464],[103.9074018,1.3037912],[103.9074137,1.3037735],[103.9074842,1.3038222],[103.9074723,1.3038401],[103.9075041,1.3038633],[103.9074558,1.3039326],[103.9074019,1.303895],[103.9073787,1.3039273],[103.9073569,1.3039115],[103.9073826,1.3038757],[103.9069968,1.3036074],[103.9069724,1.3036433]]]}},{"type":"Feature","properties":{"type":"HDB"},"geometry":{"type":"Polygon","coordinates":[[[103.9082356,1.303783],[103.9082282,1.3037773],[103.908246,1.303752],[103.9083026,1.3037901],[103.9083258,1.3037578],[103.9082692,1.3037181],[103.9082861,1.3036928],[103.908293,1.303698],[103.908328,1.3036479],[103.9084124,1.3037088],[103.9083782,1.303759],[103.9084008,1.3037754],[103.9084353,1.3037231],[103.9085211,1.3037826],[103.9084876,1.3038323],[103.9084921,1.3038361],[103.9084747,1.3038612],[103.9084188,1.3038234],[103.908396,1.3038554],[103.9084546,1.3038951],[103.9084392,1.3039177],[103.9084309,1.3039123],[103.908398,1.3039613],[103.9083108,1.3039003],[103.9083329,1.3038677],[103.9083143,1.3038552],[103.9082924,1.3038869],[103.9082056,1.3038278],[103.9082356,1.303783]]]}},{"type":"Feature","properties":{"type":"HDB"},"geometry":{"type":"Polygon","coordinates":[[[103.9094204,1.3037533],[103.9094682,1.3037865],[103.90947,1.3037839],[103.9095798,1.3038604],[103.9096073,1.303836],[103.9096336,1.3038426],[103.9096456,1.3038781],[103.9098112,1.3038581],[103.9098117,1.3038627],[103.9099231,1.3038493],[103.9099225,1.3038447],[103.9100535,1.3038289],[103.9100541,1.3038335],[103.9101109,1.3038266],[103.9101211,1.3039127],[103.910106,1.3039145],[103.9101113,1.3039589],[103.9100882,1.3039617],[103.9100857,1.3039407],[103.9100517,1.3039448],[103.9100542,1.3039658],[103.9100314,1.3039685],[103.9100261,1.3039241],[103.9099739,1.3039304],[103.9099791,1.3039748],[103.909956,1.3039776],[103.9099535,1.3039566],[103.9099158,1.3039611],[103.9099183,1.3039821],[103.9098957,1.3039848],[103.9098904,1.3039405],[103.9098641,1.3039437],[103.9098694,1.303988],[103.9098466,1.3039907],[103.9098441,1.3039697],[103.909811,1.3039737],[103.9098135,1.3039947],[103.9097896,1.3039976],[103.9097842,1.3039519],[103.9097292,1.3039586],[103.9097346,1.3040042],[103.9097116,1.304007],[103.9097091,1.3039859],[103.9096763,1.3039899],[103.9096787,1.304011],[103.9096554,1.3040138],[103.90965,1.3039681],[103.9095878,1.3039756],[103.9095401,1.3039424],[103.9095144,1.3039798],[103.9094955,1.3039666],[103.9095072,1.3039495],[103.9094776,1.303929],[103.9094659,1.303946],[103.909447,1.3039328],[103.9094727,1.3038954],[103.9094483,1.3038784],[103.9094225,1.3039158],[103.9094036,1.3039026],[103.9094154,1.3038856],[103.9093905,1.3038682],[103.9093787,1.3038853],[103.9093598,1.3038722],[103.9093856,1.3038347],[103.9093712,1.3038247],[103.9094204,1.3037533]]]}},{"type":"Feature","properties":{"type":"HDB"},"geometry":{"type":"Polygon","coordinates":[[[103.9088154,1.3040811],[103.9089999,1.3038141],[103.9090956,1.3038828],[103.90891,1.3041494],[103.9088154,1.3040811]]]}},{"type":"Feature","properties":{"type":"HDB"},"geometry":{"type":"Polygon","coordinates":[[[103.9082066,1.3043057],[103.9082366,1.3042618],[103.90823,1.3042569],[103.9082519,1.3042266],[103.9083078,1.3042658],[103.908329,1.3042351],[103.9082729,1.3041965],[103.9082925,1.3041682],[103.9082992,1.3041732],[103.9083307,1.3041262],[103.9084175,1.304187],[103.9083839,1.3042351],[103.908403,1.3042497],[103.9084361,1.3041995],[103.9085232,1.3042596],[103.9084912,1.3043082],[103.9084984,1.3043121],[103.9084781,1.3043392],[103.9084234,1.3043015],[103.9084035,1.3043318],[103.9084568,1.3043693],[103.9084369,1.3043987],[103.9084309,1.304395],[103.9084002,1.3044398],[103.9083144,1.3043801],[103.9083354,1.3043482],[103.9083167,1.3043353],[103.9082946,1.3043663],[103.9082066,1.3043057]]]}},{"type":"Feature","properties":{"type":"HDB"},"geometry":{"type":"Polygon","coordinates":[[[103.9094263,1.3045379],[103.9094101,1.304495],[103.909277,1.3044061],[103.9092785,1.3044038],[103.9092301,1.3043715],[103.9092788,1.3042977],[103.9092941,1.304308],[103.9093179,1.304272],[103.9093365,1.3042844],[103.9093266,1.3042994],[103.9093524,1.3043167],[103.9093624,1.3043017],[103.9093829,1.3043154],[103.9093591,1.3043515],[103.9093828,1.3043674],[103.9094066,1.3043313],[103.9094251,1.3043436],[103.9094152,1.3043587],[103.909445,1.3043786],[103.9094549,1.3043636],[103.9094743,1.3043765],[103.9094505,1.3044125],[103.9094762,1.3044268],[103.9094923,1.304425],[103.9094872,1.3043804],[103.9095117,1.3043776],[103.9095139,1.3043974],[103.9095463,1.3043939],[103.9095442,1.304374],[103.9095676,1.3043714],[103.9095726,1.3044161],[103.9096277,1.30441],[103.9096231,1.3043653],[103.9096463,1.3043627],[103.9096485,1.3043826],[103.9096819,1.3043788],[103.90968,1.304359],[103.9097028,1.3043565],[103.9097075,1.3044012],[103.9097334,1.3043983],[103.9097288,1.3043536],[103.9097516,1.3043511],[103.9097539,1.3043709],[103.9097916,1.3043667],[103.9097892,1.3043469],[103.909812,1.3043444],[103.9098167,1.3043891],[103.9098705,1.3043831],[103.9098656,1.3043385],[103.9098885,1.304336],[103.909891,1.3043557],[103.909925,1.304352],[103.909923,1.3043321],[103.9099452,1.3043297],[103.9099509,1.3043742],[103.9099665,1.3043725],[103.9099758,1.3044573],[103.9099191,1.3044636],[103.9099195,1.3044675],[103.909787,1.304482],[103.9097866,1.3044783],[103.9096751,1.3044907],[103.9096755,1.3044942],[103.9094883,1.3045147],[103.9094887,1.3045183],[103.9094562,1.3045446],[103.9094263,1.3045379]]]}},{"type":"Feature","properties":{"type":"HDB"},"geometry":{"type":"Polygon","coordinates":[[[103.9088665,1.3046188],[103.9088511,1.3046141],[103.9088381,1.3045993],[103.908844,1.3045905],[103.9087874,1.3045515],[103.9088192,1.3045047],[103.9088119,1.3044996],[103.9088303,1.3044726],[103.9088854,1.3045106],[103.9089071,1.3044793],[103.9088517,1.3044411],[103.90887,1.3044142],[103.9088773,1.3044193],[103.9089093,1.3043722],[103.908966,1.3044112],[103.9089719,1.3044024],[103.9089873,1.3044068],[103.9089931,1.3044117],[103.9090003,1.304422],[103.9089733,1.3044616],[103.9089946,1.3044763],[103.9090216,1.3044366],[103.9090373,1.3044415],[103.9090429,1.3044465],[103.9090505,1.3044565],[103.9090445,1.3044653],[103.9091006,1.3045039],[103.9090686,1.3045511],[103.9090758,1.304556],[103.9090575,1.3045829],[103.9090013,1.3045442],[103.9089799,1.3045757],[103.909036,1.3046144],[103.9090177,1.3046414],[103.9090105,1.3046365],[103.9089787,1.3046833],[103.9089225,1.3046446],[103.9089166,1.3046533],[103.908901,1.304648],[103.9088955,1.3046433],[103.9088878,1.3046335],[103.9089143,1.3045944],[103.908893,1.3045798],[103.9088665,1.3046188]]]}},{"type":"Feature","properties":{"type":"LANDMARK"},"geometry":{"type":"Polygon","coordinates":[[[103.9081196,1.3058742],[103.9081265,1.3058641],[103.9081051,1.3058491],[103.9081117,1.3058395],[103.9081043,1.3058128],[103.908119,1.305791],[103.9081479,1.3057874],[103.9081533,1.3057791],[103.9081752,1.3057934],[103.9081785,1.3057882],[103.9082877,1.3058595],[103.9082268,1.3059478],[103.9081196,1.3058742]]]}},{"type":"Feature","properties":{"type":"LANDMARK"},"geometry":{"type":"Polygon","coordinates":[[[103.9092296,1.3061904],[103.9093654,1.3059334],[103.9093726,1.305937],[103.909387,1.3059353],[103.9093978,1.3059144],[103.9093933,1.3059081],[103.909396,1.3059054],[103.9094023,1.3059108],[103.9094131,1.3059009],[103.9094131,1.3058927],[103.9094175,1.3058936],[103.9094184,1.3059009],[103.9094319,1.3059063],[103.9094382,1.3059027],[103.9094409,1.3059073],[103.9094346,1.3059118],[103.9094346,1.3059254],[103.9094418,1.3059281],[103.9094409,1.3059326],[103.909431,1.3059317],[103.9094229,1.3059507],[103.909431,1.3059688],[103.9094373,1.3059725],[103.9094203,1.3060077],[103.9094283,1.3060123],[103.9093753,1.3061218],[103.9093654,1.3061172],[103.9093318,1.3061867],[103.9093447,1.3061933],[103.9093159,1.3062539],[103.9092844,1.3062385],[103.9092889,1.3062267],[103.9092547,1.3062094],[103.9092547,1.3062049],[103.9092296,1.3061904]]]}},{"type":"Feature","properties":{"type":"HDB"},"geometry":{"type":"Polygon","coordinates":[[[103.9139633,1.3045942],[103.914063,1.3045664],[103.9141634,1.3045505],[103.9141715,1.3045778],[103.9141793,1.3046372],[103.9141773,1.3046671],[103.9140811,1.3046733],[103.9139717,1.3046699],[103.9139636,1.304633],[103.9139633,1.3045942]]]}},{"type":"Feature","properties":{"type":"HDB"},"geometry":{"type":"Polygon","coordinates":[[[103.9130863,1.3046221],[103.9131898,1.3046095],[103.9131964,1.3046662],[103.9132054,1.3046652],[103.9132092,1.3046987],[103.9131426,1.3047046],[103.913147,1.3047441],[103.913214,1.3047366],[103.9132177,1.3047703],[103.9132083,1.3047714],[103.9132153,1.3048276],[103.9131121,1.30484],[103.9131097,1.3048112],[103.9130847,1.3048142],[103.9130881,1.304843],[103.9129858,1.3048553],[103.9129785,1.3047989],[103.9129697,1.3047996],[103.9129662,1.3047675],[103.9130327,1.3047597],[103.913028,1.3047199],[103.9129616,1.3047277],[103.9129578,1.3046953],[103.9129668,1.3046935],[103.9129601,1.3046374],[103.9130617,1.304625],[103.913069,1.3046819],[103.9130936,1.3046787],[103.9130863,1.3046221]]]}},{"type":"Feature","properties":{"type":"HDB"},"geometry":{"type":"Polygon","coordinates":[[[103.9187428,1.304923],[103.9186404,1.3049351],[103.9186356,1.3048977],[103.9186119,1.3049007],[103.9186165,1.3049379],[103.9185131,1.3049507],[103.9185063,1.3048936],[103.9184976,1.3048953],[103.9184934,1.3048613],[103.9185596,1.304853],[103.9185549,1.3048151],[103.9184893,1.3048233],[103.918485,1.3047909],[103.9184938,1.3047896],[103.918487,1.3047333],[103.9185896,1.3047208],[103.918598,1.304786],[103.9186213,1.3047835],[103.9186143,1.3047179],[103.9187168,1.3047055],[103.9187237,1.3047621],[103.9187324,1.3047609],[103.9187361,1.3047928],[103.9186698,1.3048007],[103.9186744,1.3048393],[103.9187407,1.3048313],[103.9187448,1.3048655],[103.9187359,1.3048668],[103.9187428,1.304923]]]}},{"type":"Feature","properties":{"type":"HDB"},"geometry":{"type":"Polygon","coordinates":[[[103.9136964,1.3048581],[103.9136979,1.3048707],[103.913737,1.304866],[103.9137355,1.3048534],[103.9138053,1.3048452],[103.9138069,1.3048575],[103.9138188,1.3048561],[103.9138173,1.3048437],[103.913887,1.3048355],[103.9138885,1.3048476],[103.9139005,1.3048462],[103.9138991,1.3048341],[103.9139686,1.3048256],[103.9139701,1.3048377],[103.9139821,1.3048363],[103.9139807,1.3048242],[103.9140503,1.3048157],[103.9140517,1.3048279],[103.9140638,1.3048264],[103.9140623,1.3048143],[103.9141319,1.3048058],[103.9141333,1.304818],[103.9141726,1.3048132],[103.9141711,1.3048011],[103.9142407,1.3047927],[103.9142422,1.3048048],[103.9142541,1.3048033],[103.9142527,1.3047912],[103.914322,1.3047828],[103.9143234,1.3047976],[103.9143172,1.3047984],[103.9143214,1.3048334],[103.9143489,1.30483],[103.9143552,1.3048821],[103.9141918,1.3049008],[103.9141954,1.3049298],[103.9141522,1.3049345],[103.9141493,1.3049077],[103.9137435,1.3049564],[103.9137465,1.3049827],[103.9137033,1.3049882],[103.9137001,1.3049613],[103.913537,1.3049802],[103.9135306,1.3049282],[103.9135576,1.3049247],[103.9135535,1.3048896],[103.9135472,1.3048903],[103.9135455,1.3048759],[103.9136147,1.3048677],[103.9136163,1.3048806],[103.9136282,1.3048791],[103.9136267,1.3048663],[103.9136964,1.3048581]]]}},{"type":"Feature","properties":{"type":"HDB"},"geometry":{"type":"Polygon","coordinates":[[[103.9126454,1.3052573],[103.912599,1.3052602],[103.9125964,1.3052378],[103.9126187,1.3052351],[103.9126151,1.3052046],[103.9125926,1.3052074],[103.9125899,1.3051847],[103.9126359,1.3051762],[103.9126325,1.3051481],[103.9125861,1.305151],[103.9125836,1.3051283],[103.9126059,1.3051258],[103.9126024,1.3050952],[103.9125797,1.3050977],[103.9125771,1.3050748],[103.9126231,1.3050664],[103.9126192,1.3050381],[103.9125728,1.305041],[103.9125702,1.3050182],[103.9125925,1.3050156],[103.9125891,1.3049851],[103.9125668,1.3049881],[103.9125639,1.3049655],[103.9126099,1.3049568],[103.9126031,1.3049015],[103.9125567,1.3049044],[103.9125539,1.3048816],[103.9125762,1.3048789],[103.9125725,1.3048484],[103.9125504,1.3048517],[103.9125477,1.304829],[103.9125935,1.3048203],[103.9125917,1.3048041],[103.9126778,1.3047939],[103.9126846,1.3048515],[103.9126888,1.3048514],[103.912695,1.3049038],[103.9127051,1.3049026],[103.9127036,1.3048903],[103.9127345,1.3048869],[103.912737,1.3049069],[103.9127476,1.3049063],[103.9127529,1.3049493],[103.9127015,1.3049555],[103.9127045,1.3049857],[103.9127007,1.3049862],[103.912714,1.3050976],[103.9127179,1.3050972],[103.9127346,1.3052365],[103.9127863,1.3052306],[103.9127915,1.3052738],[103.912781,1.3052755],[103.9127835,1.3052952],[103.9127525,1.3052996],[103.9127502,1.3052744],[103.9127393,1.3052749],[103.9127465,1.3053414],[103.9127426,1.3053421],[103.9127498,1.3053993],[103.912664,1.30541],[103.9126621,1.3053942],[103.9126155,1.3053969],[103.9126125,1.3053744],[103.9126348,1.3053715],[103.9126309,1.305341],[103.9126092,1.3053441],[103.9126064,1.3053215],[103.9126524,1.305313],[103.9126454,1.3052573]]]}},{"type":"Feature","properties":{"type":"HDB"},"geometry":{"type":"Polygon","coordinates":[[[103.9175101,1.3052045],[103.9174867,1.3052073],[103.9174819,1.3051625],[103.9174265,1.3051691],[103.9174302,1.3052103],[103.9174038,1.3052131],[103.9174018,1.3051967],[103.9173728,1.3052002],[103.9173754,1.3052222],[103.917351,1.3052245],[103.917345,1.3051786],[103.9173296,1.3051809],[103.9173195,1.3050937],[103.9173766,1.3050868],[103.9173762,1.3050826],[103.9174305,1.3050761],[103.9174268,1.3050394],[103.91745,1.3050364],[103.9174556,1.3050732],[103.9176182,1.3050537],[103.917619,1.3050576],[103.9177302,1.3050444],[103.9177299,1.3050404],[103.9178927,1.3050205],[103.917889,1.304984],[103.9179122,1.304981],[103.9179178,1.3050177],[103.918081,1.3049981],[103.9180815,1.3050021],[103.9181385,1.3049952],[103.9181486,1.3050816],[103.9181334,1.3050837],[103.9181382,1.3051287],[103.918112,1.3051319],[103.91811,1.3051115],[103.9180778,1.3051153],[103.9180803,1.3051358],[103.9180592,1.3051383],[103.9180539,1.3050939],[103.9180254,1.3050973],[103.9180307,1.3051418],[103.918003,1.3051447],[103.9180006,1.3051246],[103.9179696,1.3051284],[103.9179716,1.3051468],[103.9179494,1.3051486],[103.9179451,1.305107],[103.9178898,1.3051136],[103.9178945,1.3051562],[103.9178675,1.3051596],[103.9178653,1.3051409],[103.917834,1.3051447],[103.9178362,1.3051632],[103.9178138,1.3051657],[103.9178091,1.3051221],[103.9177809,1.3051255],[103.9177856,1.3051694],[103.9177587,1.3051724],[103.917757,1.305154],[103.9177253,1.3051578],[103.9177275,1.3051762],[103.917705,1.3051788],[103.9177003,1.3051352],[103.917671,1.3051388],[103.9176761,1.3051829],[103.9176512,1.3051856],[103.917649,1.305167],[103.9176179,1.3051707],[103.9176202,1.3051908],[103.9175955,1.3051933],[103.9175904,1.3051485],[103.9175621,1.3051519],[103.9175675,1.3051972],[103.9175422,1.3052],[103.9175398,1.3051801],[103.9175076,1.305184],[103.9175101,1.3052045]]]}},{"type":"Feature","properties":{"type":"HDB"},"geometry":{"type":"Polygon","coordinates":[[[103.9131,1.3050293],[103.9132531,1.30501],[103.9132206,1.3050803],[103.9132239,1.3050822],[103.9132206,1.305088],[103.9132173,1.3050865],[103.913189,1.305129],[103.9131913,1.305131],[103.9131874,1.3051366],[103.9131843,1.3051343],[103.913154,1.3051686],[103.9131567,1.3051715],[103.9131514,1.3051758],[103.913149,1.3051731],[103.9131187,1.3052008],[103.913121,1.3052041],[103.9131156,1.305208],[103.9131132,1.3052053],[103.9130822,1.3052263],[103.9130841,1.3052301],[103.9130775,1.3052344],[103.9130372,1.3051823],[103.9130508,1.3051715],[103.9130737,1.3051455],[103.9130898,1.3051148],[103.9131004,1.3050733],[103.9131,1.3050293]]]}},{"type":"Feature","properties":{"type":"HDB"},"geometry":{"type":"Polygon","coordinates":[[[103.916075,1.3052227],[103.9159727,1.305235],[103.9159668,1.3051856],[103.915979,1.3051842],[103.9159728,1.3051313],[103.9161361,1.3051118],[103.916133,1.305085],[103.9161759,1.3050799],[103.916179,1.3051066],[103.9165854,1.305058],[103.9165823,1.3050313],[103.9166251,1.3050262],[103.9166283,1.3050529],[103.9167917,1.3050333],[103.9167979,1.3050859],[103.9168099,1.3050844],[103.9168143,1.3051346],[103.9167135,1.3051463],[103.916712,1.3051334],[103.9166998,1.3051349],[103.9167013,1.3051478],[103.9166319,1.3051561],[103.9166304,1.3051435],[103.9165909,1.3051483],[103.9165924,1.3051608],[103.9165229,1.3051691],[103.9165214,1.3051562],[103.9165092,1.3051577],[103.9165107,1.3051706],[103.9164413,1.3051789],[103.9164397,1.305166],[103.9164275,1.3051675],[103.916429,1.3051804],[103.9163596,1.3051887],[103.916358,1.3051758],[103.9163458,1.3051772],[103.9163473,1.3051901],[103.9162779,1.3051984],[103.9162764,1.3051855],[103.9162641,1.305187],[103.9162656,1.3051999],[103.9161962,1.3052082],[103.9161947,1.3051956],[103.9161552,1.3052004],[103.9161567,1.3052129],[103.9160873,1.3052212],[103.9160858,1.3052083],[103.9160735,1.3052098],[103.916075,1.3052227]]]}},{"type":"Feature","properties":{"type":"HDB"},"geometry":{"type":"Polygon","coordinates":[[[103.9123904,1.3055641],[103.9123377,1.3051216],[103.9123005,1.3048244],[103.9122978,1.3048239],[103.9122946,1.3047756],[103.912328,1.3047712],[103.9123275,1.3047677],[103.9123423,1.3047566],[103.9123597,1.3047501],[103.912378,1.3047478],[103.9123963,1.3047498],[103.9124132,1.3047575],[103.9124133,1.3047611],[103.9124519,1.3047564],[103.9124585,1.3048081],[103.9124614,1.3048079],[103.9124635,1.3048236],[103.9124605,1.3048247],[103.9124616,1.3048337],[103.9124543,1.3048353],[103.9125287,1.3054625],[103.9127599,1.305435],[103.9127626,1.3054574],[103.9128155,1.3054506],[103.9128277,1.3055538],[103.9128534,1.3055512],[103.9128604,1.3056104],[103.9128476,1.3056111],[103.9128558,1.3056383],[103.9128683,1.3056365],[103.9128696,1.3056598],[103.9128647,1.3056838],[103.9128551,1.3057052],[103.9128405,1.305726],[103.9128229,1.3057405],[103.9127997,1.3057517],[103.9127806,1.3057566],[103.9127582,1.3057569],[103.9127359,1.3057535],[103.912717,1.3057467],[103.9126962,1.3057312],[103.9127108,1.3057122],[103.9126995,1.305699],[103.9126896,1.3056796],[103.9126854,1.3056643],[103.9126832,1.3056441],[103.9126855,1.3056313],[103.9126816,1.3055964],[103.9124752,1.3056207],[103.9124734,1.3056078],[103.9124144,1.305561],[103.9123904,1.3055641]]]}},{"type":"Feature","properties":{"type":"HDB"},"geometry":{"type":"Polygon","coordinates":[[[103.9146526,1.3054083],[103.9146508,1.3053852],[103.9146093,1.3053901],[103.9145984,1.3052977],[103.9146664,1.3052895],[103.9146631,1.3052615],[103.9146923,1.305258],[103.9146957,1.3052865],[103.914834,1.3052696],[103.9148301,1.3052365],[103.9148488,1.3052343],[103.9148485,1.3052316],[103.9148545,1.305267],[103.9149928,1.3052504],[103.9149895,1.3052224],[103.9150188,1.3052189],[103.9150221,1.3052468],[103.9151604,1.3052301],[103.9151565,1.3051974],[103.9151753,1.3051952],[103.9151749,1.3051925],[103.9151809,1.3052274],[103.9153193,1.3052117],[103.915316,1.3051833],[103.9153452,1.3051798],[103.9153485,1.3052078],[103.9154166,1.3051993],[103.9154275,1.3052922],[103.915386,1.3052971],[103.9153895,1.30532],[103.9153855,1.3053205],[103.9153884,1.3053448],[103.9153867,1.3053422],[103.9153656,1.3053448],[103.9153629,1.3053221],[103.9153319,1.3053258],[103.9153346,1.3053485],[103.9153135,1.305351],[103.9153125,1.3053539],[103.9153096,1.3053296],[103.9153056,1.3053301],[103.9153037,1.305307],[103.9152228,1.3053167],[103.9152263,1.3053396],[103.9152223,1.3053401],[103.9152252,1.3053643],[103.9152235,1.3053618],[103.9152023,1.3053643],[103.9151997,1.3053417],[103.9151687,1.3053454],[103.9151714,1.305368],[103.9151502,1.3053705],[103.9151492,1.3053734],[103.9151464,1.3053492],[103.9151423,1.3053496],[103.9151405,1.3053265],[103.9150595,1.3053362],[103.9150631,1.3053591],[103.9150591,1.3053596],[103.9150619,1.3053838],[103.9150603,1.3053813],[103.9150391,1.3053838],[103.9150364,1.3053612],[103.9150055,1.3053649],[103.9150082,1.3053875],[103.914987,1.3053901],[103.914986,1.3053929],[103.9149831,1.3053687],[103.9149791,1.3053692],[103.9149772,1.3053461],[103.9148963,1.3053558],[103.9148998,1.3053787],[103.9148958,1.3053792],[103.9148987,1.3054034],[103.914897,1.3054009],[103.9148759,1.3054034],[103.9148732,1.3053807],[103.9148423,1.3053845],[103.9148449,1.3054071],[103.9148238,1.3054096],[103.9148228,1.3054125],[103.9148199,1.3053882],[103.9148159,1.3053887],[103.914814,1.3053656],[103.9147331,1.3053753],[103.9147366,1.3053982],[103.9147326,1.3053987],[103.9147355,1.3054229],[103.9147338,1.3054204],[103.9147127,1.3054229],[103.91471,1.3054003],[103.914679,1.305404],[103.9146817,1.3054266],[103.9146605,1.3054292],[103.9146595,1.305432],[103.9146567,1.3054078],[103.9146526,1.3054083]]]}},{"type":"Feature","properties":{"type":"HDB"},"geometry":{"type":"Polygon","coordinates":[[[103.9159672,1.305508],[103.9157591,1.3055342],[103.9157109,1.3051474],[103.9157378,1.305144],[103.9157351,1.3051221],[103.9158406,1.3051088],[103.9158433,1.3051308],[103.9158984,1.3051238],[103.9159212,1.3051429],[103.9159672,1.305508]]]}},{"type":"Feature","properties":{"type":"HDB"},"geometry":{"type":"Polygon","coordinates":[[[103.9121183,1.305237],[103.9121082,1.305238],[103.9121046,1.3052065],[103.9121146,1.3052052],[103.912095,1.3050449],[103.912099,1.3050441],[103.9120927,1.3049866],[103.9121784,1.3049759],[103.9121799,1.3049921],[103.912204,1.304989],[103.9122046,1.3049919],[103.9122268,1.3049897],[103.9122293,1.3050124],[103.912207,1.3050149],[103.9122104,1.3050455],[103.912233,1.305042],[103.9122356,1.305065],[103.9121895,1.3050731],[103.9121927,1.3051009],[103.9122394,1.3050986],[103.9122423,1.3051213],[103.91222,1.3051242],[103.9122239,1.3051547],[103.9122458,1.3051516],[103.9122483,1.3051744],[103.9122024,1.3051826],[103.9122095,1.3052378],[103.9122562,1.3052355],[103.9122587,1.3052582],[103.9122364,1.3052608],[103.9122398,1.3052913],[103.912262,1.3052888],[103.9122646,1.3053113],[103.9122185,1.3053196],[103.9122219,1.3053483],[103.9122688,1.3053446],[103.9122716,1.3053675],[103.9122493,1.3053702],[103.9122529,1.3054007],[103.9122753,1.3053984],[103.912278,1.3054212],[103.912232,1.3054296],[103.9122355,1.3054583],[103.912282,1.3054547],[103.9122845,1.3054773],[103.9122621,1.3054798],[103.9122658,1.3055104],[103.9122882,1.3055081],[103.9122909,1.3055302],[103.9122471,1.3055544],[103.9122546,1.3055676],[103.9122687,1.3055788],[103.9122996,1.3055434],[103.9123175,1.3055574],[103.9123027,1.305576],[103.9123269,1.3055948],[103.9123412,1.3055762],[103.9123587,1.3055899],[103.9123313,1.305629],[103.9123538,1.3056471],[103.9123855,1.3056113],[103.9124038,1.3056259],[103.9123896,1.3056437],[103.9124137,1.3056625],[103.9124275,1.3056447],[103.9124458,1.3056589],[103.9124192,1.3056971],[103.9124312,1.3057074],[103.912446,1.3057116],[103.9124615,1.3057098],[103.9124588,1.3056628],[103.9124817,1.3056601],[103.9124836,1.3056822],[103.912514,1.3056786],[103.9125114,1.3056562],[103.9125341,1.3056535],[103.9125367,1.3056759],[103.9125693,1.3056721],[103.9125671,1.3056494],[103.9125902,1.3056467],[103.9125923,1.3056686],[103.9126227,1.3056653],[103.9126203,1.3056428],[103.9126428,1.3056403],[103.9126508,1.3056866],[103.9126665,1.3056849],[103.9126764,1.3057715],[103.9126193,1.3057781],[103.9126199,1.305782],[103.9124299,1.3058058],[103.912428,1.3058172],[103.9123924,1.305808],[103.9123958,1.3057969],[103.9122082,1.3056476],[103.9121884,1.3056738],[103.9121729,1.305662],[103.9121658,1.3056705],[103.9121318,1.3056436],[103.9121546,1.3056141],[103.9121534,1.305605],[103.9121592,1.3056036],[103.9121183,1.305237]]]}},{"type":"Feature","properties":{"type":"HDB"},"geometry":{"type":"Polygon","coordinates":[[[103.9135995,1.3055117],[103.9135891,1.3054192],[103.9136567,1.3054112],[103.9136533,1.3053829],[103.9136826,1.3053793],[103.9136859,1.3054074],[103.9138245,1.3053908],[103.9138206,1.3053578],[103.9138393,1.3053556],[103.913839,1.3053529],[103.9138408,1.3053527],[103.9138451,1.3053886],[103.9139836,1.3053716],[103.9139803,1.3053437],[103.9140095,1.3053402],[103.9140129,1.3053684],[103.9141514,1.3053516],[103.9141475,1.3053187],[103.9141663,1.3053164],[103.9141677,1.3053135],[103.914172,1.3053492],[103.9143105,1.3053323],[103.9143072,1.3053045],[103.9143365,1.305301],[103.9143398,1.3053287],[103.9144079,1.305321],[103.9144189,1.3054135],[103.9143773,1.3054185],[103.9143809,1.3054414],[103.9143768,1.3054419],[103.9143797,1.3054662],[103.9143781,1.3054636],[103.9143569,1.3054662],[103.9143542,1.3054435],[103.9143232,1.3054472],[103.9143259,1.3054699],[103.9143047,1.3054724],[103.9143037,1.3054753],[103.9143008,1.305451],[103.9142968,1.3054515],[103.9142949,1.3054284],[103.9142138,1.3054381],[103.9142174,1.305461],[103.9142134,1.3054615],[103.9142162,1.3054858],[103.9142146,1.3054832],[103.9141934,1.3054858],[103.9141907,1.3054631],[103.9141597,1.3054668],[103.9141624,1.3054895],[103.9141412,1.305492],[103.9141402,1.3054949],[103.9141373,1.3054706],[103.9141333,1.3054711],[103.9141314,1.3054479],[103.9140504,1.3054576],[103.9140539,1.3054806],[103.9140499,1.3054811],[103.9140514,1.3055055],[103.9140511,1.3055028],[103.9140299,1.3055053],[103.9140273,1.3054827],[103.9139963,1.3054864],[103.9139989,1.305509],[103.9139778,1.3055116],[103.9139767,1.3055144],[103.9139739,1.3054902],[103.9139698,1.3054907],[103.913968,1.3054675],[103.9138869,1.3054772],[103.9138905,1.3055002],[103.9138864,1.3055006],[103.913888,1.3055251],[103.9138877,1.3055224],[103.9138665,1.3055249],[103.9138638,1.3055022],[103.9138328,1.305506],[103.9138355,1.3055286],[103.9138143,1.3055312],[103.9138133,1.305534],[103.9138104,1.3055098],[103.9138064,1.3055102],[103.9138045,1.3054871],[103.9137234,1.3054968],[103.913727,1.3055197],[103.913723,1.3055202],[103.9137259,1.3055445],[103.9137242,1.305542],[103.913703,1.3055445],[103.9137003,1.3055218],[103.9136693,1.3055255],[103.913672,1.3055482],[103.9136508,1.3055507],[103.9136498,1.3055536],[103.9136469,1.3055293],[103.9136429,1.3055298],[103.913641,1.3055067],[103.9135995,1.3055117]]]}},{"type":"Feature","properties":{"type":"HDB"},"geometry":{"type":"Polygon","coordinates":[[[103.9130207,1.3054074],[103.9131234,1.3053951],[103.91313,1.3054513],[103.913139,1.3054506],[103.9131433,1.3054841],[103.913076,1.3054921],[103.9130809,1.3055306],[103.9131477,1.3055221],[103.9131519,1.3055553],[103.913143,1.3055566],[103.9131498,1.305613],[103.9130472,1.3056255],[103.9130445,1.3055965],[103.9130195,1.3055994],[103.9130228,1.3056281],[103.9129198,1.3056401],[103.9129131,1.3055837],[103.9129042,1.3055848],[103.9129002,1.305552],[103.9129672,1.3055437],[103.9129625,1.3055051],[103.9128956,1.3055132],[103.9128917,1.3054806],[103.9129006,1.3054789],[103.9128938,1.3054227],[103.9129962,1.3054104],[103.9130029,1.3054694],[103.9130274,1.3054664],[103.9130207,1.3054074]]]}},{"type":"Feature","properties":{"type":"HDB"},"geometry":{"type":"Polygon","coordinates":[[[103.9153574,1.3058339],[103.9153555,1.3058185],[103.9153315,1.3058214],[103.9153219,1.3057406],[103.9153459,1.3057377],[103.9153425,1.3057089],[103.9153184,1.3057118],[103.9153088,1.3056309],[103.9153329,1.305628],[103.9153295,1.3055992],[103.9153054,1.3056021],[103.9152958,1.3055213],[103.9153199,1.3055184],[103.9153165,1.3054896],[103.9152924,1.3054925],[103.9152828,1.3054116],[103.9153069,1.3054088],[103.915305,1.3053933],[103.9153249,1.3053909],[103.9153234,1.3053785],[103.9153736,1.3053725],[103.9153751,1.3053849],[103.915414,1.3053802],[103.9154663,1.3058208],[103.9153574,1.3058339]]]}},{"type":"Feature","properties":{"type":"HDB"},"geometry":{"type":"Polygon","coordinates":[[[103.9160195,1.3055336],[103.9160427,1.3057321],[103.9158247,1.3057582],[103.9158519,1.305983],[103.9155711,1.3060172],[103.9155107,1.30551],[103.9157064,1.3054832],[103.9157197,1.3055677],[103.9159884,1.3055336],[103.9159889,1.3055372],[103.9160195,1.3055336]]]}},{"type":"Feature","properties":{"type":"HDB"},"geometry":{"type":"Polygon","coordinates":[[[103.9167339,1.3058507],[103.9166321,1.305863],[103.9166305,1.3058501],[103.9166183,1.3058516],[103.9166198,1.3058645],[103.9165504,1.3058728],[103.9165489,1.3058603],[103.9165094,1.305865],[103.9165109,1.3058776],[103.9164415,1.3058859],[103.9164399,1.305873],[103.9164277,1.3058745],[103.9164292,1.3058874],[103.9163598,1.3058957],[103.9163582,1.3058828],[103.916346,1.3058843],[103.9163475,1.3058972],[103.9162781,1.3059055],[103.9162765,1.3058926],[103.9162643,1.3058941],[103.9162658,1.305907],[103.9161964,1.3059154],[103.9161948,1.3059025],[103.9161826,1.3059039],[103.9161841,1.3059168],[103.9161147,1.3059252],[103.9161132,1.3059126],[103.9160737,1.3059174],[103.9160752,1.3059299],[103.9160057,1.3059383],[103.9160042,1.3059254],[103.915992,1.3059268],[103.9159935,1.3059398],[103.9158917,1.305952],[103.9158858,1.3059023],[103.9158974,1.3059009],[103.9158913,1.3058495],[103.9160546,1.3058293],[103.9160514,1.305802],[103.9160943,1.3057969],[103.9160975,1.305824],[103.9165038,1.3057743],[103.9165007,1.305748],[103.9165436,1.3057429],[103.9165468,1.3057701],[103.9167102,1.3057503],[103.9167164,1.3058025],[103.916728,1.3058011],[103.9167339,1.3058507]]]}},{"type":"Feature","properties":{"type":"HDB"},"geometry":{"type":"Polygon","coordinates":[[[103.9146792,1.3059652],[103.9146728,1.3059254],[103.9144512,1.3059521],[103.9144554,1.3059886],[103.914434,1.3059911],[103.9144343,1.3059938],[103.914428,1.3059554],[103.9142069,1.3059807],[103.9142033,1.3059501],[103.9141406,1.3059574],[103.9141348,1.3059071],[103.9141975,1.3058998],[103.914196,1.3058863],[103.9142116,1.3058845],[103.9142077,1.3058593],[103.9142109,1.3058589],[103.9142081,1.3058347],[103.9142097,1.3058372],[103.9142309,1.3058347],[103.9142335,1.3058574],[103.9142645,1.3058538],[103.9142618,1.3058311],[103.914283,1.3058286],[103.914284,1.3058258],[103.9142868,1.30585],[103.91429,1.3058497],[103.9142919,1.3058751],[103.9143205,1.3058717],[103.9143166,1.3058465],[103.9143197,1.3058462],[103.9143169,1.3058219],[103.9143186,1.3058245],[103.9143397,1.305822],[103.9143424,1.3058446],[103.9143733,1.305841],[103.9143707,1.3058184],[103.9143919,1.3058159],[103.9143929,1.305813],[103.9143957,1.3058373],[103.9143988,1.3058369],[103.9144008,1.3058623],[103.9144566,1.3058558],[103.9144527,1.3058306],[103.9144558,1.3058303],[103.914453,1.305806],[103.9144547,1.3058086],[103.9144758,1.3058061],[103.9144784,1.3058287],[103.9145094,1.3058251],[103.9145068,1.3058025],[103.914528,1.3058],[103.914529,1.3057971],[103.9145318,1.3058214],[103.9145349,1.305821],[103.9145369,1.3058464],[103.9145654,1.3058431],[103.9145616,1.3058179],[103.9145647,1.3058175],[103.9145619,1.3057933],[103.9145635,1.3057958],[103.9145847,1.3057934],[103.9145873,1.305816],[103.9146183,1.3058124],[103.9146157,1.3057897],[103.9146368,1.3057873],[103.9146379,1.3057844],[103.9146407,1.3058087],[103.9146438,1.3058083],[103.9146457,1.3058337],[103.9147035,1.3058269],[103.9146996,1.3058018],[103.9147027,1.3058014],[103.9146999,1.3057772],[103.9147016,1.3057797],[103.9147227,1.3057772],[103.9147253,1.3057999],[103.9147563,1.3057962],[103.9147537,1.3057736],[103.9147748,1.3057711],[103.9147759,1.3057683],[103.9147787,1.3057925],[103.9147818,1.3057922],[103.9147837,1.3058176],[103.9148123,1.3058142],[103.9148084,1.305789],[103.9148116,1.3057887],[103.9148088,1.3057644],[103.9148104,1.305767],[103.9148316,1.3057645],[103.9148342,1.3057871],[103.9148652,1.3057835],[103.9148625,1.3057609],[103.9148837,1.3057584],[103.9148847,1.3057555],[103.9148875,1.3057798],[103.9148907,1.3057794],[103.9148926,1.3058048],[103.9149212,1.3058015],[103.9149173,1.3057763],[103.9149204,1.3057759],[103.9149176,1.3057517],[103.9149193,1.3057542],[103.9149404,1.3057518],[103.9149431,1.3057744],[103.914974,1.3057708],[103.9149714,1.3057481],[103.9149926,1.3057457],[103.9149936,1.3057428],[103.9149964,1.3057671],[103.9149995,1.3057667],[103.9150015,1.3057921],[103.9150573,1.3057856],[103.9150534,1.3057604],[103.9150565,1.30576],[103.9150537,1.3057358],[103.9150554,1.3057383],[103.9150765,1.3057358],[103.9150791,1.3057585],[103.9151101,1.3057549],[103.9151075,1.3057322],[103.9151287,1.3057298],[103.9151297,1.3057269],[103.9151325,1.3057511],[103.9151356,1.3057508],[103.9151376,1.3057762],[103.9151661,1.3057728],[103.9151623,1.3057477],[103.9151654,1.3057473],[103.9151626,1.3057231],[103.9151642,1.3057256],[103.9151854,1.3057231],[103.915188,1.3057458],[103.915219,1.3057421],[103.9152164,1.3057195],[103.9152375,1.305717],[103.9152372,1.3057143],[103.9152414,1.3057384],[103.9152445,1.3057381],[103.9152464,1.3057635],[103.9152621,1.3057616],[103.9152636,1.3057751],[103.9152817,1.305773],[103.9152875,1.3058233],[103.9152694,1.3058254],[103.9152728,1.3058543],[103.9150517,1.3058803],[103.9150561,1.3059184],[103.9150347,1.3059209],[103.915035,1.3059236],[103.9150286,1.3058839],[103.914696,1.3059227],[103.9147004,1.30596],[103.9146789,1.3059625],[103.9146792,1.3059652]]]}},{"type":"Feature","properties":{"type":"HDB"},"geometry":{"type":"Polygon","coordinates":[[[103.914167,1.3061626],[103.9139113,1.3061937],[103.9139024,1.3062258],[103.9138816,1.3062199],[103.9138791,1.3062221],[103.9138889,1.3061873],[103.9136474,1.3059956],[103.913603,1.3056174],[103.9136445,1.3056124],[103.9136426,1.3055965],[103.9136852,1.3055914],[103.913687,1.3056073],[103.9136988,1.3056059],[103.9137006,1.3056217],[103.9137256,1.3056177],[103.913726,1.3056208],[103.9137501,1.3056179],[103.9137476,1.3056196],[103.9137501,1.3056409],[103.9137276,1.3056436],[103.9137313,1.3056747],[103.9137537,1.305672],[103.9137563,1.3056933],[103.9137591,1.3056944],[103.913735,1.3056972],[103.9137354,1.3057004],[103.9137102,1.3057024],[103.9137136,1.3057312],[103.9137386,1.3057272],[103.9137389,1.3057303],[103.913763,1.3057275],[103.9137605,1.3057291],[103.913763,1.3057504],[103.9137405,1.3057531],[103.9137442,1.3057843],[103.9137667,1.3057816],[103.9137692,1.3058029],[103.913772,1.3058039],[103.913748,1.3058068],[103.9137483,1.3058099],[103.9137231,1.3058119],[103.9137265,1.3058407],[103.9137515,1.3058367],[103.9137519,1.3058399],[103.913776,1.305837],[103.9137734,1.3058386],[103.9137759,1.3058599],[103.9137535,1.3058626],[103.9137571,1.3058938],[103.9137796,1.3058911],[103.9137823,1.3059137],[103.9137609,1.3059163],[103.9137613,1.3059194],[103.913736,1.3059215],[103.9137379,1.3059372],[103.9137457,1.3059512],[103.9137581,1.305961],[103.913773,1.3059404],[103.9137755,1.3059424],[103.9137888,1.3059254],[103.9138066,1.3059395],[103.9137926,1.3059574],[103.9138171,1.3059768],[103.9138311,1.3059589],[103.9138478,1.3059721],[103.9138495,1.30597],[103.9138355,1.30599],[103.913838,1.305992],[103.9138216,1.3060114],[103.9138442,1.3060293],[103.9138591,1.3060087],[103.9138615,1.3060106],[103.9138765,1.3059914],[103.9138759,1.3059944],[103.9138927,1.3060077],[103.9138787,1.3060256],[103.9139031,1.306045],[103.9139172,1.3060271],[103.913935,1.3060412],[103.9139216,1.3060582],[103.9139241,1.3060602],[103.9139077,1.3060796],[103.9139201,1.3060894],[103.9139354,1.3060938],[103.9139511,1.3060919],[103.9139471,1.3060667],[103.9139503,1.3060663],[103.9139477,1.3060448],[103.9139702,1.3060421],[103.9139729,1.3060647],[103.9140038,1.306061],[103.9140012,1.3060384],[103.9140223,1.3060359],[103.9140233,1.306033],[103.9140262,1.3060573],[103.9140293,1.3060569],[103.9140313,1.3060823],[103.9140599,1.3060789],[103.9140559,1.3060537],[103.9140591,1.3060533],[103.9140562,1.3060291],[103.9140579,1.3060316],[103.914079,1.3060291],[103.9140817,1.3060517],[103.9141126,1.306048],[103.91411,1.3060254],[103.9141311,1.3060228],[103.9141321,1.30602],[103.914135,1.3060442],[103.9141381,1.3060439],[103.9141401,1.3060693],[103.9141558,1.3060674],[103.914167,1.3061626]]]}},{"type":"Feature","properties":{"type":"HDB"},"geometry":{"type":"Polygon","coordinates":[[[103.9152335,1.3063734],[103.9151898,1.3059966],[103.9152233,1.3059925],[103.9152211,1.305974],[103.9152713,1.3059679],[103.9152735,1.3059865],[103.9152845,1.3059852],[103.9152864,1.3060009],[103.9153114,1.3059969],[103.9153118,1.3060001],[103.9153359,1.3059972],[103.9153333,1.3059989],[103.9153359,1.3060202],[103.9153134,1.3060229],[103.9153171,1.306054],[103.9153396,1.3060513],[103.9153421,1.3060726],[103.9153449,1.3060736],[103.9153208,1.3060765],[103.9153212,1.3060797],[103.915296,1.3060817],[103.9152994,1.3061105],[103.9153244,1.3061065],[103.9153248,1.3061096],[103.9153489,1.3061068],[103.9153463,1.3061084],[103.9153489,1.3061297],[103.9153264,1.3061324],[103.9153301,1.3061636],[103.9153526,1.3061609],[103.9153551,1.3061822],[103.9153579,1.3061832],[103.9153338,1.3061861],[103.9153342,1.3061892],[103.915309,1.3061913],[103.9153124,1.30622],[103.9153374,1.3062161],[103.9153378,1.3062192],[103.9153618,1.3062163],[103.9153593,1.306218],[103.9153618,1.3062393],[103.9153394,1.306242],[103.915343,1.3062731],[103.9153655,1.3062704],[103.9153682,1.3062931],[103.9153468,1.3062956],[103.9153472,1.3062988],[103.915322,1.3063008],[103.9153238,1.3063166],[103.9153316,1.3063306],[103.915344,1.3063404],[103.9153589,1.3063198],[103.9153614,1.3063218],[103.9153747,1.3063047],[103.9153925,1.3063188],[103.9153785,1.3063367],[103.915403,1.3063561],[103.915417,1.3063382],[103.9154338,1.3063515],[103.9154365,1.3063502],[103.9154215,1.3063694],[103.915424,1.3063713],[103.9154076,1.3063908],[103.9154302,1.3064087],[103.9154451,1.306388],[103.9154475,1.30639],[103.9154636,1.3063716],[103.9154619,1.3063738],[103.9154787,1.306387],[103.9154647,1.306405],[103.9154892,1.3064244],[103.9155032,1.3064064],[103.915521,1.3064205],[103.9155077,1.3064376],[103.9155101,1.3064396],[103.9154937,1.306459],[103.9155061,1.3064688],[103.9155215,1.3064731],[103.9155372,1.3064713],[103.9155332,1.3064461],[103.9155363,1.3064457],[103.9155338,1.3064242],[103.9155563,1.3064215],[103.915559,1.3064441],[103.9155899,1.3064404],[103.9155872,1.3064177],[103.9156084,1.3064152],[103.9156094,1.3064123],[103.9156123,1.3064366],[103.9156154,1.3064362],[103.9156174,1.3064616],[103.915646,1.3064582],[103.915642,1.306433],[103.9156452,1.3064326],[103.9156423,1.3064084],[103.915644,1.3064109],[103.9156651,1.3064084],[103.9156678,1.306431],[103.9156988,1.3064273],[103.9156961,1.3064047],[103.9157172,1.3064021],[103.9157183,1.3063993],[103.9157211,1.3064235],[103.9157243,1.3064231],[103.9157262,1.3064482],[103.9157738,1.3064425],[103.9157797,1.3064928],[103.9157479,1.3064967],[103.9157532,1.3065416],[103.9154974,1.3065733],[103.9154885,1.3066053],[103.9154677,1.3065994],[103.915467,1.306602],[103.9154756,1.3065644],[103.9152335,1.3063734]]]}},{"type":"Feature","properties":{"type":"LANDMARK"},"geometry":{"type":"Polygon","coordinates":[[[103.9007659,1.3003917],[103.9007234,1.3003644],[103.9007436,1.3003318],[103.900712,1.3003118],[103.9007451,1.3002587],[103.9007484,1.3002608],[103.9007567,1.3002475],[103.9008609,1.3003084],[103.9008194,1.3003796],[103.9007864,1.3003588],[103.9007659,1.3003917]]]}},{"type":"Feature","properties":{"type":"LANDMARK"},"geometry":{"type":"Polygon","coordinates":[[[103.9021447,1.3012061],[103.9022491,1.3010141],[103.9023656,1.3010784],[103.9022612,1.3012704],[103.9021447,1.3012061]]]}},{"type":"Feature","properties":{"type":"HDB"},"geometry":{"type":"Polygon","coordinates":[[[103.9056264,1.302716],[103.9053991,1.3025572],[103.9056491,1.3021933],[103.9058779,1.302351],[103.9056264,1.302716]]]}},{"type":"Feature","properties":{"type":"LANDMARK"},"geometry":{"type":"Polygon","coordinates":[[[103.9037646,1.302687],[103.9038895,1.3024487],[103.9040089,1.3025119],[103.9038593,1.3027975],[103.9037397,1.3027342],[103.9037539,1.3027069],[103.9037419,1.3027006],[103.9037524,1.3026806],[103.9037646,1.302687]]]}},{"type":"Feature","properties":{"type":"LANDMARK"},"geometry":{"type":"Polygon","coordinates":[[[103.9042383,1.3050114],[103.9043906,1.3051055],[103.9044497,1.3050086],[103.9045276,1.3050568],[103.9043965,1.3052715],[103.9040868,1.3050801],[103.9042199,1.3048621],[103.9042317,1.3048694],[103.9042592,1.3048243],[103.9043086,1.3048549],[103.9042807,1.3049005],[103.9042991,1.3049119],[103.9042383,1.3050114]]]}},{"type":"Feature","properties":{"type":"LANDMARK"},"geometry":{"type":"Polygon","coordinates":[[[103.901794,1.3065946],[103.9018894,1.3064568],[103.9018668,1.306441],[103.9018877,1.3064107],[103.9019088,1.3064255],[103.9019265,1.3063999],[103.9019484,1.3064153],[103.9019553,1.3064053],[103.9019825,1.3064245],[103.9019742,1.3064365],[103.902,1.3064545],[103.9019828,1.3064793],[103.9020004,1.3064916],[103.9019795,1.3065217],[103.9019626,1.3065098],[103.9019039,1.3065946],[103.9019254,1.3066097],[103.9019035,1.3066413],[103.9018759,1.306622],[103.9018625,1.3066446],[103.901794,1.3065946]]]}},{"type":"Feature","properties":{"type":"LANDMARK"},"geometry":{"type":"Polygon","coordinates":[[[103.9032472,1.3079018],[103.9031444,1.3078278],[103.903208,1.3077383],[103.9033095,1.3078119],[103.9032977,1.3078295],[103.9033165,1.3078425],[103.9033205,1.3078684],[103.9033042,1.3078917],[103.9032788,1.3078969],[103.9032594,1.3078832],[103.9032472,1.3079018]]]}},{"type":"Feature","properties":{"type":"LANDMARK"},"geometry":{"type":"Polygon","coordinates":[[[103.9030662,1.3087122],[103.9031931,1.3088038],[103.9031125,1.3089132],[103.9029889,1.3088205],[103.9030662,1.3087122]]]}},{"type":"Feature","properties":{"type":"LANDMARK"},"geometry":{"type":"Polygon","coordinates":[[[103.9010071,1.3089869],[103.9009214,1.3091075],[103.9008086,1.3090264],[103.9008897,1.308912],[103.9009203,1.3089313],[103.9009398,1.3089039],[103.900998,1.3089457],[103.9009817,1.3089686],[103.9010071,1.3089869]]]}},{"type":"Feature","properties":{"type":"HDB"},"geometry":{"type":"Polygon","coordinates":[[[103.9158753,1.3063396],[103.9158875,1.3063381],[103.915886,1.3063252],[103.9159554,1.3063168],[103.9159569,1.3063294],[103.9159964,1.3063246],[103.9159949,1.3063121],[103.9160644,1.3063037],[103.9160659,1.3063166],[103.9160782,1.3063152],[103.9160766,1.3063023],[103.9161461,1.3062939],[103.9161476,1.3063068],[103.9161599,1.3063053],[103.9161583,1.3062924],[103.9162278,1.3062841],[103.9162293,1.306297],[103.9162416,1.3062955],[103.91624,1.3062826],[103.9163095,1.3062743],[103.916311,1.3062872],[103.9163233,1.3062857],[103.9163217,1.3062728],[103.9163912,1.3062644],[103.9163927,1.306277],[103.9164322,1.3062723],[103.9164307,1.3062597],[103.9165001,1.3062514],[103.9165017,1.3062643],[103.9165139,1.3062628],[103.9165124,1.3062499],[103.9166142,1.3062378],[103.9166201,1.3062873],[103.9166085,1.3062887],[103.9166147,1.3063411],[103.9164513,1.3063607],[103.9164545,1.3063876],[103.9164116,1.3063928],[103.9164084,1.3063658],[103.9160019,1.3064146],[103.9160051,1.3064416],[103.9159622,1.3064468],[103.915959,1.3064197],[103.9157956,1.3064393],[103.9157894,1.3063872],[103.9157778,1.3063886],[103.9157725,1.3063388],[103.9158737,1.3063267],[103.9158753,1.3063396]]]}}]}